año,mes,produccion_t_dulce,mes_sin,mes_cos,t_index,produccion_t_dulce_lag1,produccion_t_dulce_lag3,produccion_t_dulce_lag6,T2M_lag1,T2M_lag3,T2M_lag6,T2M_MAX_lag1,T2M_MAX_lag3,T2M_MAX_lag6,WS2M_lag1,WS2M_lag3,WS2M_lag6,PRECTOTCORR_lag1,PRECTOTCORR_lag3,PRECTOTCORR_lag6,RH2M_lag1,RH2M_lag3,RH2M_lag6,num_emergencias_lag1,num_emergencias_lag3,num_emergencias_lag6,personas_afectadas_lag1,personas_afectadas_lag3,personas_afectadas_lag6,personas_damnificadas_lag1,personas_damnificadas_lag3,personas_damnificadas_lag6,total_afectados_lag1,total_afectados_lag3,total_afectados_lag6,hectareas_cultivo_perdidas_lag1,hectareas_cultivo_perdidas_lag3,hectareas_cultivo_perdidas_lag6,hectareas_cultivo_afectadas_lag1,hectareas_cultivo_afectadas_lag3,hectareas_cultivo_afectadas_lag6,avg_sentiment_lag1,avg_sentiment_lag3,avg_sentiment_lag6,n_noticias_lag1,n_noticias_lag3,n_noticias_lag6
2016,7,0.4890101582575401,-0.4999999999999997,-0.8660254037844388,-1.7129115371395962,1.4017928446298868,0.9805082823046789,-1.1008687814425693,-1.769938202950023,1.130905282312899,2.4445356048346816,-1.1760133484790838,0.5261611201880688,1.83091753297367,0.29375531892498913,-0.8462904353781495,-0.535959987800493,-1.015068097403846,-0.15472037329201957,0.5319619238144213,-0.24817315326160333,0.5786051271344372,0.0011503362834622765,-0.8241285628386846,0.0930780493345195,-0.2830247644614575,0.5212263745375603,1.6052573596774615,-0.48891971946636464,-0.3222060051486931,-0.31513900466518097,-0.1499484418873127,0.3419669388338843,1.2355464594610073,-0.4397182975481668,-0.37767653585528915,-0.37365006000496165,-0.24780713865747717,1.104803060785718,-0.406702768791432,-0.08195532846766851,-1.7598060889942015,-0.3450693971376831,-0.7455587147723698,-0.10542061087399415,0.9600622435128109,-2.346283098757214
2016,8,-0.2883575134343604,-0.8660254037844385,-0.5000000000000004,-1.6744191430465716,0.45854037972942685,1.4134714061222993,-0.46374504689937235,-1.2053051355998996,0.5671612099114315,1.2229072846509814,-1.1594210832990017,-0.04738708763682736,0.26268709790719647,0.762759605907616,-0.10796063174926146,0.010973876512818326,-0.7397872857145422,-0.6291295385819476,2.6528542693454935,-1.2972149371259778,0.2014189457518848,1.4386123893026423,-0.92435859844316,-0.564754231205692,-0.09185019210678964,1.1043697989528967,-0.4852317914333082,1.1092166839080975,-0.33141218415656504,-0.3275868322459015,0.11210339395343742,0.8148867018936963,-0.48137152794308763,0.9396443170638187,0.07087784331549829,-0.37365006000496165,-0.3616134901120846,-0.41637388724777274,-0.4093168239445364,-0.17511297752939103,1.1762860636885226,-0.21889243144051052,-0.7455587147723698,-0.9461166216412906,0.24201015002677503,-2.346283098757214
2016,9,-0.3956227267344815,-1.0,-1.8369701987210294e-16,-1.635926748953547,-0.3160774533063066,1.3461100945030233,0.16441497413805678,-0.11551642671759563,-1.9027101058101026,1.3970126986896876,-0.17590026107288262,-1.1973083669311404,0.7972104207588393,1.602646361674968,0.3408999188439825,-1.1024604809904304,-1.1662832544732553,-1.0142152549251056,1.2530464474816572,-1.1677033301583,-0.2791250237172479,1.2313685377562438,-1.016206477223908,-0.806870290375088,0.03199963210677584,-0.418511712426557,0.49314032849224637,-0.1462253133743661,-0.29903536243333095,-0.3175941500813946,-0.27584619164130725,-0.4180019514395409,0.323228396784972,-0.19019919312903902,-0.37767653585528915,-0.37365006000496165,-0.3212821405726592,-0.41637388724777274,1.1093252944314516,-0.3854297011868285,1.2168581210718992,-1.7831525624677091,-2.0779610486917446,-0.22552004098360795,-0.11701589671624288,-1.6780379124023115
2016,10,-0.9130865369526778,-0.8660254037844386,0.5000000000000001,-1.5974343548605223,-0.4229632296414808,0.40486522604504177,0.980133493622743,0.42189082972360026,-1.2784275124328601,1.1567676302944774,1.0329511509263951,-1.1797538571401915,0.553542791895282,1.5459337511569156,0.8181577695768001,-0.8024388382154962,-0.9278868265898661,-0.7389995435818488,-0.23787995095144246,-1.1209978859630934,-1.3362812593750768,0.5074357913991285,-0.6250523382751606,-0.907851568755216,0.11285453544330554,-0.37452523172507857,1.0678806829174556,1.5782871018381652,0.5464587519319082,-0.3267914488556157,-0.31907680048867215,-0.16473246522989204,0.7920423881073636,1.2154130581379534,-0.37767653585528915,0.07444822701509374,-0.3657358121217422,-0.41637388724777274,-0.4093168239445364,-0.39673291182524717,0.7026693938254323,1.1799171088049651,-0.3517039368213596,1.0955736902221436,-0.954743339116618,0.9949428330172997
2016,11,-1.3595394999900334,-0.5000000000000004,0.8660254037844384,-1.5589419607674977,-0.9385965778526728,-0.36810392854695506,1.4110918175332798,0.7732550449537977,-0.0735102648349404,0.5836139674776014,1.209363165772072,-0.1391951560837335,-0.03218679376616704,0.30905872176319416,1.6728248995839365,-0.05145298704594059,-0.20036669322159234,-1.1653946515686706,-0.6978767235744124,-0.9527734490554162,-1.2057678661033675,0.12326471984060196,-0.4513202765607367,-1.000387864485803,-0.5601484250906924,-0.45604341835877205,-0.4330561757556379,-0.4994679814967961,-0.1461176562477031,-0.2944458576506594,-0.33152754461017697,-0.40926900253332005,-0.4301426326360852,-0.49451601965027636,-0.37639627190994357,-0.37365006000496165,-0.3657358121217422,-0.13295046277597303,-0.4093168239445364,-0.39934491702241687,1.1812540707150585,1.2208619519782198,-0.2251676145434818,0.4950765396740748,-0.2366912456305822,0.3266976466623969
2016,12,-1.7745784847335213,-2.4492935982947064e-16,1.0,-1.520449566674473,-1.3834702706674213,-0.47476221170049765,1.344042416891744,1.2418415015974344,0.5206703015377727,-1.9274825754302771,1.3646057388362696,1.1397618589727685,-1.2065308249656743,-0.3903968079594572,1.6151142573648054,0.405101686742002,-0.7095009881612986,-0.9270546013523492,-1.0712636639232604,-1.190497908802325,-1.158701150239822,-0.3661781622004743,-0.5407958468064676,-0.6063019524484823,-0.8078480735178233,-0.4047734349307399,-0.3897035382228867,0.47294445340553154,-0.27016595213251593,0.5502326973734499,-0.32153252114837233,-0.3993809058784848,-0.17907196910134976,0.30680868972555886,-0.3748769640681601,-0.37365006000496165,-0.3657358121217422,-0.41401149199565196,-0.4093168239445364,1.1181062741386307,-0.011895616824649902,0.7019487354355434,-1.7938828152334625,0.37497710956446095,1.0797375924271502,-0.007424946515054449
2017,1,-0.9399929907672933,0.4999999999999999,0.8660254037844387,-1.4819571725814484,-1.7970411081163606,-0.9892980979765107,0.407155904887284,0.0877696280690536,0.9091536833795418,-1.292779928353622,-0.1669366235618055,1.326404635485706,-1.1886034814467465,-0.8359958906012991,0.35647263182374844,0.8905404317287746,0.8354246830993399,-0.1997065170715068,-0.8044089143619522,0.6345418814372473,-0.989175479096517,-1.4429112555731063,-1.0202789402090207,-0.43126773658959355,-0.9111581440612221,-0.45035126916911244,-0.47004705152739373,1.0441838173458804,-0.3369348051949185,-0.1416756551100421,-0.3307319748606183,-0.4536983914196997,-0.42148550101982396,0.7737143204646013,2.4469580844156673,-0.37237109783786965,0.08169203131913166,6.8910499486533885,-0.12636568516107224,-0.39934491702241687,-2.4561550738803186,1.184930763071078,1.1776257860735204,0.014678819235619624,0.48136084785545363,-0.7870443305957744
2017,2,-0.20651473819722335,0.8660254037844386,0.5000000000000001,-1.4434647784884238,-0.9654078535302314,-1.4332249320484713,-0.36223408001552415,-0.676216876936428,1.4272430148241473,-0.06775111180197413,-0.38845289950045836,1.490650278817093,-0.12594473975595152,-0.6649578588801884,-0.35529195554554033,1.7598578003903067,1.6309808206140075,-0.7087204083456555,-1.2178502807746192,1.1249936969631797,-1.22873876328151,-1.3099809611435784,-0.14280155158175414,-0.521413942891065,-1.005828476949709,5.34760334480421,-0.4195158662081981,-0.44761018991590756,0.043767545549440255,-0.2656042946368257,-0.29837880504523134,4.36978296112834,-0.4116832503603424,-0.44349565737842644,1.174805542055982,-0.3708533348352704,-0.3657358121217422,-0.14839137295834864,-0.40695836529529117,-0.39934491702241687,-2.7641715095255455,-0.019181869840350103,1.2186872416471364,-0.7059177614220631,0.36168549894111435,-0.11879914424087158
2017,3,0.24464685425769017,1.0,6.123233995736766e-17,-1.404972384395399,-0.23452418641286654,-1.8459155350184444,-0.4683984908173743,-0.22638597891894527,0.15125153679886866,0.5363470679631882,-0.7831390235254664,-0.12971168527713073,1.1801755693786473,-1.2482875670658735,-0.8087327158387149,1.7011579137604287,1.6803042194864326,0.8358399080063028,-0.9867509220189717,1.2501964364692537,0.6104179073596057,-1.2620426443108628,0.14531531999608102,-1.004490851339118,-0.6026543042136765,3.434566259253743,-0.4644369259463908,-0.4045216319285149,1.3910007437716367,-0.3323087428016821,0.5464976591673997,3.1570151098734485,-0.4655291650043295,-0.19344700548752758,-0.2771332939140859,2.4481124588245304,-0.3657358121217422,-0.05250101263848093,6.885930207224518,-0.39934491702241687,-1.2696293957093252,-2.4858997687678555,0.6982961414182485,1.6960708407702125,0.0026594521980964196,1.106317030743117
2017,4,1.3417783125077687,0.8660254037844387,-0.4999999999999998,-1.3664799903023743,0.21504147964545497,-1.0160523091632023,-0.9805518612617807,-0.5334326241696138,-0.6934447876448604,0.9313147210998234,-1.6010232674883729,-0.36407447978499796,1.370782382654579,-1.2149801608886042,-0.6346847472413352,0.4209413386897473,1.6492607644943582,1.6312079067998795,-0.28149943064397853,1.7005065748140304,1.1046634207871002,-1.0893776264645478,2.2745413071251566,-0.12043660633312818,-0.42358351527178556,3.6442175396183156,5.249969428060448,-0.484375738367063,5.46791024845864,0.048026384383027476,-0.1455728082647399,4.376265477091242,4.316075922349943,-0.4348737655993866,0.9848736738410117,1.1772534470066196,-0.3644587635347682,2.7949533355593643,-0.141780865215786,-0.11661567002477777,-1.7440740667435046,-2.79674633326685,1.182653719409065,2.416667421427895,-0.7153926412879393,0.5494460421140311
2017,5,1.2476750706870645,0.4999999999999999,-0.8660254037844387,-1.3279875962093497,1.3082919757657003,-0.28672423771568306,-1.422423128873827,-0.29369423366601216,-0.19609240813671278,1.458051608494276,-1.0194357655728106,-0.7816498592374613,1.5385163783374012,-0.8999101024549785,-1.2282799243524012,-0.30302392974542075,0.07956522844910228,1.680519641327394,-0.7750496491842837,1.2935753456811474,1.2308346170408055,-1.3333772429247435,-0.1767651021080831,0.16983975483294447,-0.5158086393900149,0.06587867690328106,3.3644991191390865,-0.4341523602126664,-0.16954359505996258,1.3939600482846153,-0.2695304844189334,0.01009592392208899,3.1138370198865286,-0.42511141611421494,-0.3668322175534215,-0.2732090508934619,-0.3629432714055225,0.08545472389484761,-0.04605029283480449,-0.3969883078889705,-2.3940549860486198,-1.2884720082112444,-0.02488827001094693,1.3357725504413713,1.6781143369988467,0.43807184438821406
2017,6,1.6582689428287043,1.2246467991473532e-16,-1.0,-1.289495202116325,1.2145216121202178,0.16188458331394895,-1.8332028021664795,-0.41348780166528837,-0.5355763793544457,0.16076224412382806,-1.0035110053137681,-1.6469661263463653,-0.11625985302733713,-1.1807725545443817,-1.194386372572911,-0.7642373246944643,-0.01767541976649051,1.6494835277102962,0.722587438432283,1.1758294027148433,1.6846279530674153,0.5398376938854856,-0.8448862625200847,2.3150246871117064,-1.0100260853386518,-0.3380100334675073,3.571129334172793,-0.4787997864718414,-0.33176990908261267,5.466936986708891,-0.33625056151520816,-0.36080747155741677,4.322502158721872,-0.4787381448486879,-0.35844499468705543,0.9875147023866676,2.4518047924145585,-0.3364869121703094,2.796659169017288,6.890181142678769,0.35739290548118624,-1.7672759906250186,-2.4986314710989936,3.737761152633647,2.3961664304848824,0.10394925121076268
2017,7,0.5961713517619863,-0.4999999999999997,-0.8660254037844388,-1.2510028080233004,1.6236630609842815,1.2528082306970638,-1.0071821892881048,-1.1166699956408364,-0.27051130823123953,-0.6980331136003007,-1.086949120443483,-1.031650291777493,-0.3556001920759805,-0.4903190264912634,-0.873771693577737,-0.5872059205726097,-0.8189643207465934,0.0801592043258794,1.4937924219385386,0.35118361292599765,1.274549066812729,1.043235850759792,-1.0184601703321743,-0.1546547199932977,-0.10558411469973851,0.15403966284721235,0.044354170288683346,5.200797662752225,-0.33370907305266256,-0.16507899738035237,0.04417367864145937,0.039735869781338085,-0.0057613965329572974,4.283402876068255,-0.37639627190994357,-0.36281676825569764,1.1828472367931995,-0.4016157054141217,0.09167555966508571,-0.1320187614134206,0.4211489956550639,-2.4232290904414455,-2.810363337902772,0.8553748300029161,1.3190882902558287,-0.5642959351441401
2017,8,-0.007698235396959397,-0.8660254037844385,-0.5000000000000004,-1.2125104139302758,0.5653225042256415,1.1592374456961858,-0.28123121110658694,-2.0742622671097997,-0.4029602270511636,-0.1923793036871029,-0.806597053607648,-1.0148019978976763,-0.7820443002646782,1.300179105578688,-1.1595767788534346,-1.1909761830513588,-1.4397252552396835,-0.017058447736040958,1.5416060823707414,-0.8337326132768148,1.1558923462274864,1.1717435375656513,-0.859001498303437,-0.8277835728798483,0.19138649044809034,2.0391440870000093,-0.3537145222968223,3.326812563735121,-0.3224162946388425,-0.3271488287220112,1.390422696398833,1.5790814893894667,-0.3734447010003637,3.0860578235660125,-0.37767653585528915,-0.35443807355602314,-0.2654450826064738,-0.41478731966465715,-0.32956296939189844,-0.03636326145573799,-0.536848359295278,0.35349976394070254,-1.2977933927930414,1.0955736902221436,3.7125952685426147,1.6631880193722024
2017,9,-0.038418748386327035,-1.0,-1.8369701987210294e-16,-1.1740180198372512,-0.03641097154801956,1.5675080874881506,0.16530036391006614,-0.22774726946439378,-1.1804286911847819,-0.5375296850333671,0.4009193485495542,-1.1030789867889332,-1.6657386988958536,0.7366538010659717,-0.456972610884009,-1.1565016464592075,-1.0357276789490943,-0.8181578542707542,1.5115128355636316,-1.0055068425492362,0.3248678319580324,1.6339404068370806,-0.6636418904447733,-1.0026584494434627,2.3860428687136146,-0.38425158454257513,0.13124476047015152,3.532184105332818,-0.3065623294239208,-0.3290861221843155,5.464353938156555,-0.3920140204524877,0.0236212226896966,4.289802953715363,-0.3756262747435329,-0.37237109783786965,0.9933923788265493,-0.2588517769021336,-0.39458323456678024,2.804116932538363,-0.11456776203972538,0.41784166035581716,-1.7779610263375711,1.455871980550985,0.8403868945984715,2.331433205727105
2017,10,-0.3988820136656336,-0.8660254037844386,0.5000000000000001,-1.1355256257442266,-0.06702281465409815,0.51142007796977,1.2511725796432418,0.441402660874995,-2.239183874327384,-0.2680403478738446,0.9311089715452147,-0.8064683041143165,-1.0373543993445478,1.5972451606732492,1.3650348077485703,-0.8303911651821061,-0.771804228842257,-1.4387719868440152,-0.01013593678752868,-0.7741452181730877,-0.869213849562857,1.216267509652631,-0.25244174437513084,-0.8420046049830853,-0.14059135359393143,-0.41754833147768344,1.9891849163629811,0.026892044550714114,-0.2342149850527193,-0.31780423672736674,-0.1689816339659362,-0.40054802613788126,1.5496026265623333,-0.020841913283392743,-0.3738748185023241,-0.37365006000496165,-0.35491872911753497,-0.41637388724777274,-0.4077329001554702,0.10125458569914152,-0.13361178897477968,-0.5489580039596043,-2.4357823044046834,2.056369131099054,1.0797375924271502,1.329065426194751
2017,11,-0.9476211091167978,-0.5000000000000004,0.8660254037844384,-1.097033231651202,-0.4262109872622162,-0.08903268237484549,1.1580350664171546,0.7679611372770636,-0.19759750948694163,-0.4027000040444075,1.0727153726510685,0.4710762791199251,-1.0201482707947742,0.6349311822002592,0.7915925533171987,-1.1210953656348364,0.5703114141600538,-1.0348699507469374,-0.10440014891154265,-0.40711008310178537,-1.042316771099236,1.0954134546929126,-0.4661076664290104,-0.6451807404954272,-0.8292436502575803,-0.43685022576210325,-0.3992897347425462,-0.3687518405641965,-0.3310614430143231,-0.3019655641670067,-0.3310894384615409,-0.4411841245248377,-0.40438032240099697,-0.3870285211112173,-0.37767653585528915,-0.37160188360811053,-0.346552570600716,-0.3855211604206093,-0.2520572022709303,-0.3196536058661025,-0.2073038932017291,-0.12279739134001492,0.348854774597884,0.8553748300029161,1.4387636391701681,3.5565493807110937
2017,12,-1.3349214816802695,-2.4492935982947064e-16,1.0,-1.0585408375581773,-0.9730089883872713,-0.11957937195140327,1.5644152447961794,0.21920979295714801,0.5422434208910152,-1.1931453847728741,0.3777473920049595,1.0320134885317855,-1.1103001419387988,-1.2419861658972018,1.66732864794402,-0.4064475395218722,0.8450513991073353,-0.7710089151172532,-0.8811624218978569,0.2711458416832581,-0.8091655395055942,0.24899968373214,-0.896404896205541,-0.23089857278208092,-1.008151425281454,-0.4453911426064242,-0.4321066770820359,0.11325334680745766,-0.29811195101902144,-0.22968800567781833,-0.333027185834004,-0.4396723954967666,-0.4128402379719844,0.008421100651454136,-0.36149510286564346,-0.36985220825564363,-0.3644587635347682,-0.39483691115618896,-0.4093168239445364,-0.3846228818037028,0.7457254547220767,-0.142016399360114,0.4133799190707092,1.0955736902221436,2.0371403837418645,0.8835686352914826
2018,1,-0.7808427033844522,0.4999999999999999,0.8660254037844387,-1.0200484434651527,-1.3589393354469748,-0.47800305687001976,0.5132173633900634,0.20090799784614718,0.9033005114619964,-2.269572510045393,0.8487197927199888,1.1818321496786566,-0.8073898548948829,-1.0484431300022592,0.6880798140987578,1.4467917383642899,0.19205719078972158,0.5707893349209112,-1.4829225035215687,0.571404693968779,-0.4392913479201949,-0.9671944977111863,-0.3417196222429436,-0.4461659606977466,-0.8437926424406152,-0.4882830168981405,-0.4511304319554237,1.959875990788798,-0.23147423789697047,-0.3264410460365034,-0.3217426570178951,-0.4574954732142039,-0.45312354386154813,1.528190823951461,-0.3773938204777712,-0.37365006000496165,-0.3657358121217422,-0.41478731966465715,-0.3785155088923656,-0.3977622353547985,0.3665009183631689,-0.21638560430745415,-0.5561732258001819,1.0955736902221436,0.8403868945984715,1.106317030743117
2018,2,-0.0810668646131013,0.8660254037844386,0.5000000000000001,-0.9815560493721281,-0.8068205399219917,-1.0236372659429345,-0.08445505014918755,-1.002926607843546,0.2965774338373961,-0.19390952705267994,-0.451293719923864,0.4465604982049821,0.4972880243014113,-1.1501657488679715,-1.2218676307724985,0.8635198489943849,1.1404509655998651,0.8454643474206643,-1.09129087695517,1.2096752217396667,0.24421095988785746,-1.1435030109573143,-0.13402401000219052,-0.8796883483154723,-0.6424297002098727,-0.3357042846043583,-0.4595482745798911,-0.4140494348056488,-0.1849187830962046,-0.293523336954324,-0.30590027343774534,-0.32116529110721087,-0.4516249392888349,-0.4178382155523419,-0.3775822973961165,-0.3574850803706211,-0.36369070020148936,-0.4162943649116997,-0.38781573622596566,-0.24220861917935393,1.28889422295667,0.7454004057418543,-0.12879889227887298,1.0955736902221436,1.0797375924271502,1.4404396239205681
2018,3,0.5327886229306501,1.0,6.123233995736766e-17,-0.9430636552791035,-0.10952006862754787,-1.4087462078956996,-0.11486029580810908,-0.5207272457454509,0.2763421823510185,0.558280269536421,-0.7326947230641877,0.9448462675008767,1.0701387712280006,-1.5903636305080966,-1.0249186136754618,1.7542673349969855,1.7008556356832767,0.19262456377459733,-0.8354458518354875,1.3543013534301718,0.546792346909272,-0.9060341881382853,-0.9687207680479809,-0.32084560496445935,-0.2185935133651603,-0.48485744479226023,-0.5018220789310223,-0.4466664750467594,-0.28580807590533147,-0.2269499022328968,-0.2336057802307713,-0.46867520424056824,-0.4692932814792715,-0.42626369407641307,-0.37767653585528915,-0.3733676320937367,-0.3619436427090761,-0.4159045115080246,-0.4077329001554702,-0.39934491702241687,-0.5873564307317264,0.3626914634285762,-0.14807263673179472,0.4950765396740748,1.0797375924271502,1.9973106125496538
2018,4,1.556544517311541,0.8660254037844387,-0.4999999999999998,-0.9045712611860789,0.502163983686238,-0.8578025290769721,-0.47162432952159417,-0.6017996604520307,-1.0546691116991997,0.925363852455924,-1.7809635226309652,-0.4305596634185251,1.22313937539814,-0.6721594602158134,-1.1284313528939027,0.7582327507534932,1.1163300929056745,1.1407940557422493,0.46558901360919236,1.651925768614814,1.189999966327454,-0.5293105128372274,-0.5186938389552243,-0.11159327544540089,-0.4388253166063935,-0.384025122693094,-0.35144199916899926,-0.46557434805403974,-0.04378504811873116,-0.18043935458807464,-0.33038148994170935,-0.32425639384927113,-0.33414668409927467,-0.46638302219536937,-0.376934120676929,-0.3735559173678867,-0.3657358121217422,-0.38332362854815205,-0.40923743412136804,-0.3685677565250998,-0.305836032561358,1.2935599388368557,-0.22265364787570946,0.37497710956446095,1.0797375924271502,0.8835686352914826
2018,5,1.5029396492736602,0.4999999999999999,-0.8660254037844387,-0.8660788670930543,1.5222984726043571,-0.1619861757653602,-1.0147320245532998,-1.044370342227134,-0.5215287667523356,0.3085138113109731,-1.561068330071975,-0.7282801139534901,0.47225156180084255,-1.6020662326784871,-1.5763758615471626,-1.1844539734258175,0.47772187592585197,1.7010661973805252,0.7319194905780421,1.0269167293008783,1.3357447968073946,0.16684917424586793,-0.004851810270505836,-0.9525462410796751,-0.8823454340516823,0.09322327196316339,-0.4984458691620161,-0.47394091398163973,-0.07127477312993077,-0.2812313300962618,-0.29745606820120124,0.05765273216656759,-0.48037595286198076,-0.464890517862729,-0.3775110439269859,-0.37365006000496165,-0.34959501849104724,-0.4135343579792138,-0.40884823035412804,-0.3778606905710302,0.002180403083868575,-0.5999301556650846,0.7418715636596367,0.13477824934523341,0.48136084785545363,1.106317030743117
2018,6,1.4842230207051947,1.2246467991473532e-16,-1.0,-0.8275864730000296,1.4688832249271588,0.44839598254545,-1.3980577514270616,-0.8212699472789861,-0.6111659138324851,0.28794080828491453,-1.3299209117012054,-1.8373417583895637,0.9811202378926448,-1.1348623460297684,-0.642013082761224,-0.9841289634984539,-0.2549901941658353,1.1166788873219953,0.09891276244381143,0.7459249890327883,1.635671369071686,0.4750338889127747,0.2869421395366058,-0.49914627637647263,-0.3106148700858681,-0.36436015497864144,-0.39906653619792565,-0.5159572104239342,-0.2632512301888926,-0.03944175649665845,-0.23086703524496105,-0.3646642163639845,-0.3372109506562838,-0.4824869390601205,-0.37767653585528915,-0.37290839971776113,-0.36545380677847866,-0.41637388724777274,-0.37632163890090836,-0.3977622353547985,-0.5360203581241886,-0.3158230805853583,0.3580726523797163,0.4950765396740748,0.36168549894111435,1.106317030743117
2018,7,0.6872926927733384,-0.4999999999999997,-0.8660254037844388,-0.789094078907005,1.4502328040370225,1.4663592411227953,-0.8496651717097193,-2.305227896320524,-1.100491086139426,-1.0652867213382007,-1.6643408771410935,-1.604694059665869,-0.4234974298861634,0.4143821412967211,-1.5882844067669821,-1.0894160617393456,-1.154493231497171,0.47822169291312044,1.0182771805788011,0.1250685370134592,1.0058278171596875,1.130152693850845,0.36586093680151033,0.01854709396993576,-0.096536842249784,1.2813016264808215,0.07130473098837332,-0.36649316035132784,-0.3360338970839829,-0.06690496505832039,-0.18434559012359314,0.9579053271490411,0.0413825353327699,-0.3478904712500332,-0.37767653585528915,-0.37348473634961044,-0.36564181034065435,-0.39485436727874157,-0.40648202635628106,-0.3992655894571695,-0.0069276097981139624,-0.004976516086363732,1.291592275012536,-0.4657189012028355,0.12233480111243572,1.106317030743117
2018,8,0.15623002793388954,-0.8660254037844385,-0.5000000000000004,-0.7506016848139804,0.6561215151542806,1.4130576812070408,-0.1570707384271534,-2.058380544079592,-0.8538216981856525,-0.5232476002880075,-0.9575485236080314,-1.3601415784402668,-0.7275410547387481,0.9932108486476405,-1.112858639914139,-1.5450389912950702,-1.1288580439253186,-0.25431710026535537,1.5615284408841594,-0.6957149000766452,0.7226625753534939,1.278596487561323,-0.9976629321751904,0.3125280937511372,-0.9568835480650457,-0.49023719904144647,-0.37968493976597323,-0.5126015665995065,-0.33557219137682814,-0.25869624259897306,-0.2851611813113351,-0.48585675492193786,-0.3772679625079405,-0.4935244971705801,-0.37767653585528915,-0.37365006000496165,-0.3657358121217422,-0.41637388724777274,-0.4093168239445364,-0.3988766909055909,-2.10259857382518,-0.5481223949152522,-0.6072905480448875,-0.5858183313124493,0.48136084785545363,0.5494460421140311
2018,9,-0.008051902702254515,-1.0,-1.8369701987210294e-16,-0.7121092907209557,0.12693741652976617,1.3944469554356802,0.45048509582289814,-1.6619424863446142,-2.4945494034157965,-0.6143809029488924,-1.1659054168176555,-1.7139557499164162,-1.8601576484373064,1.5936443600054369,0.46364953880213583,-0.5946598744303712,-0.03909215875056998,-1.1536074167802954,0.9948946229551581,-0.35734601278098765,0.09700373144848823,1.5840772245101302,-0.34658285473972866,0.3920384020930449,-0.49302744434711154,-0.32349933744724396,1.2422629309286621,-0.4138275958592798,-0.30283454082363276,-0.3314087037021481,-0.04331495612750552,-0.3415397108722875,0.9338193612361428,-0.35094226436208864,-0.37767653585528915,-0.37365006000496165,-0.3649952615048794,-0.41637388724777274,-0.3878331632603197,-0.3663756069781419,0.17357664549935753,-0.01416821557423726,-0.32237432569734814,0.4950765396740748,-0.47604194345926076,0.43807184438821406
2018,10,-0.5525539251429213,-0.8660254037844386,0.5000000000000001,-0.673616896627931,-0.03676338780048223,0.6020258344112976,1.4637347597915025,0.21905853845209877,-2.2216243585747417,-1.1118735215790267,0.25464041299643386,-0.9661739880170102,-1.6225688314566036,1.0850312656768686,1.0526645062132713,-1.5571516663139326,-1.0474095365767742,-1.1279782915982315,0.3758335457803203,-1.283529259644304,-0.7301285544058657,0.9425699684241745,0.25278089663235864,-0.9817053321148838,0.0366047752907616,-0.3676718841007285,-0.5037481013993047,0.0536784378035826,-0.3327437589355189,-0.3309474433539804,-0.07078459935154678,-0.3852333889711147,-0.49740833759448794,0.02611011385469849,-0.37767653585528915,-0.37365006000496165,-0.3655707358232465,-0.41637388724777274,-0.4093168239445364,-0.39651234249748624,1.5488865906787161,-2.1290947068294934,-0.01064245889356991,-0.22552004098360795,-0.5957172923736,0.21532344893657981
2018,11,-1.3806901917772956,-0.5000000000000004,0.8660254037844384,-0.6351245025349064,-0.5793393040185817,0.07396803882159883,1.4106800083369961,0.3022485162293733,-1.78330539869214,-0.8610869144431921,0.40034720147438035,-1.1866142402768853,-1.3728223907101917,-0.21395757523662592,1.6636644801840754,-1.0735764097916025,0.09784517232945306,-0.03847012193877767,-0.33445096248227346,-0.08937017785028074,-0.38914234712677426,0.6541609552040344,0.12182946549941101,-0.32574528829414595,0.33736545403249013,0.021682872005795755,-0.3394129247404335,-0.3945640610601451,-0.2291959724243548,-0.298241371372725,-0.26262081381628477,-0.04126514962336291,-0.3543442182203754,-0.3908362195987138,-0.37767653585528915,-0.37365006000496165,-0.3657358121217422,-0.2046175437003265,-0.4093168239445364,-0.39934491702241687,1.2019540999922915,0.16799455609452837,-0.5553352369109245,0.014678819235619624,0.48136084785545363,0.5494460421140311
2018,12,-1.5720866158194053,-2.4492935982947064e-16,1.0,-0.5966321084418817,-1.4045461445892136,-0.08938434855281481,1.39215545799085,0.8659740565492011,0.296410200354038,-2.5292004077378785,0.12981699276238334,0.3163141065951409,-1.7341510902554336,-0.8080896854257503,1.1461007840918649,0.5299554138595219,0.02342741262719731,-1.046549045766612,-1.2064211382590269,0.3665883722446842,-1.3224897216961315,0.016915901283898124,-0.23907773962786755,0.2781108059718747,0.41870939912307154,-0.4333406791541991,-0.3829489470233593,1.2175038281462922,-0.2858197155450076,-0.32812173920428084,-0.33535031153544437,-0.42668980388848293,-0.3976585586753675,0.9149141743261369,-0.37247962960676806,-0.37365006000496165,-0.3657358121217422,-0.41300291602594524,-0.4093168239445364,-0.37787810393901133,0.49649710222419186,1.5559411787634265,-0.019860336675402095,-0.22552004098360795,-0.2366912456305822,-0.34154753969250584
2019,1,-0.8723801235785045,0.4999999999999999,0.8660254037844387,-0.5581397143488571,-1.59526552827494,-0.6308054589053512,0.6034035773761193,0.3686492439461448,0.3883886162012068,-2.2517199041136893,0.6577180274573452,0.4704709511961008,-0.9704874686331549,0.3891765366220297,-0.17574773530824192,1.1290669551771702,0.444515113965688,0.09843482523629621,-1.1815706173765004,0.1836066224244644,-0.11909369009517277,-0.8255335633613603,-0.4960778309213939,0.14617786948470138,-0.9867150950621927,-0.31837738247103464,0.0007952249119856068,-0.5178715006616829,0.14486790382469505,-0.22467383436361887,-0.3348889431134293,-0.22223862947604028,-0.05667656601467943,-0.5104875496470846,-0.37767653585528915,-0.37365006000496165,-0.3657358121217422,-0.41637388724777274,-0.197913342870113,-0.39934491702241687,0.7631134793149525,1.2058209891798812,-2.140810215386055,-0.22552004098360795,0.0026594521980964196,-0.452921737418323
2019,2,-0.14888777139324033,0.8660254037844386,0.5000000000000001,-0.5196473202558325,-0.8980341582064694,-1.4542559485740925,0.07779090969985196,0.13254096156373024,1.0116678086783006,-1.806084855094693,0.06649938310966619,0.1842517312138232,-1.1956095697185127,0.7069471955565167,-0.7803354156991433,1.750540358068105,0.773013277069977,0.02403466437022136,-0.12516134357289396,0.9189717853793629,0.3403917487581501,-0.47823283204367273,-0.903679975712927,-0.21743440233139724,-0.31562754806489673,-0.157154907412086,-0.44767145775311507,-0.35453736018442095,-0.3269394586170022,-0.2812429585084005,-0.30217520806066933,-0.21216036944161792,-0.4387550593112914,-0.3680057890151569,-0.3751160079645981,-0.36845843799455774,-0.3657358121217422,-0.4142132071895933,-0.4059514699770584,-0.39934491702241687,-0.023487633219900352,0.49388208339186146,0.16282124118272603,1.3357725504413713,-0.2366912456305822,0.5494460421140311
2019,3,0.8919343041314058,1.0,6.123233995736766e-17,-0.4811549261628079,-0.17710106762922936,-1.6445694095928267,-0.08480508796602833,0.24129295069439055,0.46180411539558497,0.3083437864925763,-0.8956612816432489,0.7427676289303827,0.3392389153472037,-0.9395189098009198,0.4380003644825206,1.2241048668636398,0.7934565279184164,0.4450227839220081,-1.1026151649522706,1.2730133408514226,0.1559946152889315,-1.4288643204782425,-0.3455943928501382,-0.4763607571522385,0.30215444774077566,0.12638830379014104,-0.3343647769004265,-0.39780818584666816,-0.011630931501301046,0.14902922176466274,-0.33206257689789187,0.10002125286367611,-0.23607887913498282,-0.41114381352918294,0.033467473522959486,-0.37365006000496165,-0.3657358121217422,-0.014483517288054602,-0.4093168239445364,-0.39934491702241687,-0.6958245841444272,0.7629481956732493,1.5547207862393815,1.0955736902221436,-0.2366912456305822,-0.11879914424087158
2019,4,1.5482298683105815,0.8660254037844387,-0.4999999999999998,-0.4426625320697833,0.8600392330008674,-0.948822010433758,-0.6237191926822485,0.21966355647229574,0.20075264787297908,0.4018574366110221,-0.7514802186991061,0.11726210764377579,0.49666984004213943,-0.6361514535376847,0.7613631692976549,-0.1204020602302429,1.0425613252938455,0.7734432614660044,0.0075844768375642165,1.2342112079588483,0.8970479074081443,-0.20318330195616804,0.6233750282776238,-0.8870179558980931,0.16717892362253653,0.890338868831171,-0.17546551030989224,-0.016401564570889992,3.0394134984946204,-0.32232303768445836,-0.22859043409027843,1.507248420116065,-0.2260881160470699,-0.07154982678655633,0.1367896007602539,-0.3710921356707777,-0.3657358121217422,1.5830193568221658,-0.4071597443589377,-0.188107219680644,-0.5600323920857788,-0.030880396461279994,1.2036034416405017,0.13477824934523341,1.3190882902558287,0.10394925121076268
2019,5,1.3178606941555495,0.4999999999999999,-0.8660254037844387,-0.40417013797675866,1.5140132356101839,-0.2294233369524337,-1.4433567630182311,0.61791666826787,0.3209935224077381,1.0355399347772964,0.3754588037042574,-0.9006976842565235,0.20437171611574564,-1.0043333218215502,-0.9140775389371301,-0.7353532534956364,0.37507296029003695,0.7938816777504348,-0.06455543188470685,0.6971655769284282,1.253828012649094,0.2648110788633893,0.02954666348724317,-0.3247494176986812,-0.20481883729270725,-0.42590587542983005,0.10399185622839716,-0.4621364439500397,-0.2810567749895189,-0.007318655577288885,-0.2851728124480246,-0.41940532924503504,0.08338322307295354,-0.45207302619294976,-0.3552546780692105,0.03707589625820073,-0.36055195780370225,-0.3914446046734638,-0.008096148348880035,-0.395982202183394,1.1050779629748413,-0.7093949404752143,0.4896369079931388,0.014678819235619624,1.0797375924271502,-0.11879914424087158
2019,6,0.9167603620325196,1.2246467991473532e-16,-1.0,-0.36567774388373403,1.2844589629275813,0.8055095385657491,-1.632788993308577,0.33219690822919234,0.2970791342874704,0.4764983318873831,0.22841700538423862,-0.7481550474524358,0.7747497260052439,-0.5056224293294684,-0.6053714051617755,0.5038665753573525,-0.7862983855284521,1.0429275650681247,0.34364320860337627,0.3247945904409439,1.214725741056915,0.07699920278264165,-0.26501497961072185,0.651482609623528,-0.4697164540706523,-0.3558405377893527,0.8569339286786495,-0.3495199627822734,-0.31023579970571996,3.040782752411965,0.14520018110783683,-0.36980221936607016,1.4783931941268735,-0.2502218624209964,0.10721481407307053,0.14029296508247288,-0.3657358121217422,-0.07473817320134188,1.586744709571524,-0.39934491702241687,0.06924849794210336,-0.5723550572014641,0.7594693303340436,0.13477824934523341,0.12233480111243572,-0.11879914424087158
2019,7,0.441736628449748,-0.4999999999999997,-0.8660254037844388,-0.32718534979070935,0.8847774718992328,1.4580916382328875,-0.9402631948920586,-0.6683516426738515,0.7374048959703752,0.21108959036938935,-0.1298424215212802,0.4441391865096776,0.13595932475616948,0.921194835291383,-0.9800325586161363,0.8327722893311167,-0.472943371200785,0.3755970524161655,0.6620863812625876,-0.5832601570502386,0.6735260039166041,0.8317756271783971,-1.097339429121495,0.05320339069210999,-0.8898440742804734,-0.4693828781758813,-0.4403437892092916,-0.19158861990912118,-0.33746091690828134,-0.276484612261252,-0.3262625167354172,-0.4693452657606662,-0.43153382666458207,-0.24027176786863805,-0.37432992130515785,-0.3512510008667526,-0.36318171494779417,-0.39978669168444203,-0.3844290825498327,-0.39718952903008575,0.2613447696348253,1.1080547309906814,-0.03662011446055148,-1.5466137721893596,0.0026594521980964196,1.329065426194751
2019,8,-0.1995800851522194,-0.8660254037844385,-0.5000000000000004,-0.2886929556976847,0.4114340739835719,1.2290259434849757,-0.22419563742134144,-1.151004768287094,0.4215008459061878,0.3333374347969632,0.08309164828974477,0.288569910086461,-0.9036205379217584,1.1084364700176517,-0.47254532386377496,-0.8713879113997985,-0.6059867497382481,-0.7854996441231457,0.6819038852575137,-0.5879262363221298,0.29827468752652714,1.1951627344122246,-0.8251170247282751,-0.2435660467563929,-0.3146087110772893,0.09489713106035494,-0.37128808986948636,0.0861664517169671,-0.31178231983069377,-0.3056354910379746,-0.01118432872744347,-0.0028293991762876063,-0.3823613586461128,0.06793983302645089,0.6260366063015934,0.11074825017408371,0.044375616953621536,-0.3502481554492887,-0.06825039826468682,0.0015611191885011029,1.5985666609440754,0.06270781650615925,-0.7170670925376158,-0.8260171915316769,0.12233480111243572,1.106317030743117
2019,9,-0.40630902707683264,-1.0,-1.8369701987210294e-16,-0.2502005616046601,-0.22761406381555763,0.8301951251761497,0.8059450670814859,-0.800548080087192,-0.6847486465102213,0.3090238857661634,0.10178178607880088,-0.0904662582157597,-0.7478381045848883,2.4011239097624726,0.9793811510143742,-0.5573901051415594,-1.2775853979814256,-0.47221873419724614,0.923383841343837,-2.006615266620538,-0.6168039617650122,1.155336350733804,-1.1250163620300289,-1.0821289229615516,0.6841368111345727,-0.47663945030411825,-0.4831942903405775,0.8345220304383499,-0.2860819954257106,-0.3328343470303505,3.037631253041408,-0.46204762135535815,-0.4810401970746485,1.4572712575962332,-0.22571127419187667,-0.37030684830785937,0.14743825264779767,-0.256210083689171,-0.3927572686339081,1.5951512944377122,2.2129435298923497,0.2565691147958548,-0.579636914699391,-0.9461166216412906,-1.5531200836883146,0.21532344893657981
2019,10,-0.6334813261781178,-0.8660254037844386,0.5000000000000001,-0.2117081675116355,-0.4336117285639338,0.3578591802564652,1.4555054393524403,1.0309927215583017,-1.2183906919071597,0.7566992326059269,1.0305672047798307,0.13481661743472098,0.4697788247637478,2.429930315104976,1.169917874531506,-0.9384734961196584,-0.7066886891027832,-0.6052306496990951,0.2763266077317226,-1.2125334123494906,-0.621506133665337,0.6041144523538237,-0.929854446549283,-0.8078661609705527,0.07206030245950204,-0.36299428399674416,0.07295446985277408,-0.45485341138427243,-0.3220011474903925,-0.3071805193974674,-0.28041335131469974,-0.3786584851333453,-0.01857450519155031,-0.4448811883936666,-0.37767653585528915,0.6290425020238869,-0.3433702664019369,-0.41637388724777274,-0.34330128147432454,-0.37447669272669704,1.2094061105320955,1.6060777214245547,1.105558741597378,-0.8260171915316769,-0.8350679902022787,0.10394925121076268
2019,11,-1.4569713752723394,-0.5000000000000004,0.8660254037844384,-0.17321577341861083,-0.659980434729177,-0.2798288224613811,1.2275004143435526,0.4702922713394694,-0.8309107109655393,0.4355223506536628,0.5928746922708243,0.1545906629463626,0.31090547013051106,1.1417438761949212,2.485354100351708,-0.42228719146961746,0.11125767553160378,-1.2766704735616807,-0.8494963573133717,-0.6419768483663907,-2.0511688772355394,0.2219140764203483,-0.6714309701347462,-1.1100132996345653,-0.2315531198475275,-0.48517228796894424,-0.4903462955973915,-0.38621835998479814,-0.13102647541955964,-0.28150498539525876,-0.3095710601769372,-0.42912980158584996,-0.47380590900267533,-0.395908882489574,-0.34976126544914615,-0.2218393173168332,0.11793774247078742,-0.3939854402894558,-0.24941991107202058,-0.058545957445034505,1.5041745274398928,2.226099632333839,0.057234641136285,-1.1863154818605182,-0.954743339116618,0.21532344893657981
2019,12,-1.5623781015563996,-2.4492935982947064e-16,1.0,-0.1347233793255862,-1.480557493159612,-0.48538804660737694,0.8305163491263926,0.6253281390152987,1.1941195390224093,-0.6891918230436501,0.45145900685669516,1.13723965929016,-0.07618090688444996,-0.20225497306623336,2.514667442431268,1.0545274165995466,1.7115640051753165,-0.7059087743594377,-0.5457328172429947,0.29132830896455164,-1.250944713834723,-0.7101103789032458,-1.0013004719288834,-0.9133886092660002,-1.0894546168925312,-0.4844662166458054,-0.3783387509222565,-0.4974428916988068,-0.3310723066780209,-0.3173894900277538,-0.3367762888935715,-0.47999601135231346,-0.39114073651711756,-0.49418603750175827,-0.37767653585528915,-0.37365006000496165,-0.3623976025299394,-0.41637388724777274,-0.4093168239445364,-0.38279834780301314,-0.6519405220766932,1.2133414705790506,0.2516480634440177,-1.6667132022989732,-0.8350679902022787,-1.34391531922486
2020,1,-0.9816009090373171,0.4999999999999999,0.8660254037844387,-0.09623098523256159,-1.5855913566387074,-0.7112749549230553,0.3603675167028894,-0.028847595324183226,0.5741850162124895,-1.2317410185490336,-0.9669889503484201,0.6741637975634632,0.1538866682750936,-0.06182374702153282,1.2038114263109962,1.2483302169013668,2.5242102677378857,0.11184415655518176,-0.6747038749877526,1.5624218843994326,-0.6759748330466191,-0.7148996275734351,-0.24975312803544467,-0.6530282007876895,-0.8088669105054308,-0.4804393577266002,-0.4987561754629697,0.05531812739960973,-0.2659919773446414,-0.12659903115850363,-0.3111164505384094,-0.45997857195038605,-0.44117387355563376,-0.03360286472832143,-0.37623767547865306,-0.3457631739738444,0.6354565237076806,-0.4049401269758089,-0.3869656842169191,-0.33338114429122756,-0.01106761565356056,1.510818290368411,1.6050001195948296,-0.4657189012028355,-1.1940940369452966,-0.6756701328699573
2020,2,-0.21158396957312123,0.8660254037844386,0.5000000000000001,-0.05773859113953695,-1.006868589114085,-1.5301055163714141,-0.27436772450186425,0.7343826371560576,0.7455993366549399,-0.837793514322779,0.8106720122208404,0.5245469123912003,0.17408068741135513,0.11281508536739224,-0.16383919008842043,2.586314934369706,0.0748059531193069,1.7117720344818936,-1.3257455803025509,0.6800194100345851,0.2645495407390259,-2.171037458899813,0.9532840685473445,-0.9853701359061943,-1.1179820525455408,-0.3356719678863784,-0.4980602785952014,-0.5045513310181344,-0.12716987480685535,-0.3264518992211662,-0.28543490072809363,-0.30628884783506466,-0.49159847554259234,-0.4869811974208022,-0.36355455797341657,-0.37365006000496165,-0.21415220830165738,-0.26084371444230436,-0.4093168239445364,-0.2395733961582094,0.8525376057925991,-0.6651076611245512,2.226787875423871,-0.5858183313124493,-1.6727954326026537,-0.7870443305957744
2020,3,0.9578828545893936,1.0,6.123233995736766e-17,-0.019246197046512314,-0.23957548603149934,-1.634915828236804,-0.4789751236752519,0.9449289081850863,0.02231452112947065,1.221037011648611,-0.031909913820464465,-0.9761618987601332,1.177599801631674,-0.2562669830834265,-0.020936647450572637,2.616130749800756,0.4543581606704923,2.5242261167301794,-0.7723234317035003,1.0295734921399005,1.5454751626199896,-1.3559944124820533,0.8339174107603974,-0.22818980476241668,-0.9168228777123195,-0.4002865524275619,-0.49409144652826226,-0.39322607243117985,-0.22445165529234798,-0.26143434604389454,-0.32132781314263786,-0.3839684932069987,-0.47175482256993195,-0.4046525229060969,-0.25856831745707337,-0.3722126626681581,-0.3657358121217422,-0.405999131744001,-0.39790211644264745,-0.39934491702241687,0.23153672747560988,-0.018346260795997944,1.2111453416438192,-0.8260171915316769,-0.47604194345926076,-0.6756701328699573
2020,4,1.1718793129051714,0.8660254037844387,-0.4999999999999998,0.019246197046512314,0.9257544989012751,-1.0574248006890141,-0.7038160813593624,0.818177632953529,0.8661746781564151,0.5907550098502842,0.23251739275632796,0.9045919605664652,0.7046888432876022,-0.858500894775129,0.15677548890675355,1.2828047534935179,0.8186590540966516,0.07540105450304908,0.020586437130531644,0.6534741073825313,0.6562472095651682,-0.770377000925253,0.051411440484984694,0.983864379565851,-0.6504581356722196,-0.4411272944220323,-0.3514101481334426,-0.5129099826914315,-0.2881142765131699,-0.12274615060322051,-0.13049265184230568,-0.43362627755186794,-0.319399394406892,-0.4544819943792653,-0.26486850322761585,-0.35954244141499175,-0.33789065038242544,-0.3463457422741927,-0.25404582052444,-0.37701130517728393,-0.44494022930436355,0.85319397246328,1.5094693862194781,-0.8260171915316769,-0.5957172923736,-1.0097927260474087
2020,5,1.262029802490223,0.4999999999999999,-0.8660254037844387,0.05773859113953695,1.1389939721316316,-0.29176478626657776,-1.5188551156701806,0.5174836769149392,1.0989636869914308,0.7650304487073871,0.28467813444313156,0.013145704745746115,0.55189430053722,-0.7297722709008191,-0.21880170648759328,-0.10828938521137836,-0.12313663446082093,0.4548635028737711,1.571909038214835,0.41445475482332544,1.0085051303469568,0.1875643933743451,-0.6976054409711023,0.8636030464575248,-0.9904644151765883,-0.4713179640767445,-0.4150936394760243,-0.5122183248305361,-0.3347830238067839,-0.2199340935758923,-0.3303923456692862,-0.4702340251443817,-0.396404644421615,-0.5047013372983545,3.4774142624865454,-0.254662951389688,-0.3657358121217422,1.4434751131365489,-0.3989593565267919,-0.39934491702241687,-1.002185017447475,0.22648718919917796,-0.67265368140697,-1.1863154818605182,-0.8350679902022787,-1.4552895169506772
2020,6,1.0372014161181489,1.2246467991473532e-16,-1.0,0.09623098523256159,1.2288255658966476,0.8710849376341608,-1.6231801120619653,0.0262090445138685,0.9588220279370163,0.029673109139603585,0.5963075747218741,0.29290809354054614,-0.9806875089111625,-0.388596407625551,-0.8316337643383698,0.0370627150149857,-0.1972298981178634,0.819078243857696,2.359681035642775,-0.34258869986844803,0.6294965761226484,1.4922107272910328,-0.8221911775350874,0.07523204826379076,-0.21582227675886792,-0.4852812344803162,-0.4553458682522031,-0.5082736686252628,-0.23314336222653323,-0.28353530615467254,-0.26535955880209494,-0.455477706063748,-0.44563131223587665,-0.48493846016827474,-0.2674382251143238,-0.2609567311024334,-0.3643005654153764,-0.3332090402687625,-0.33940537112762387,-0.387939160994776,0.4004489663778309,-0.45620540003651716,-0.02405028112168944,-0.7059177614220631,-0.8350679902022787,-0.34154753969250584
2020,7,0.23965390406528714,-0.4999999999999997,-0.8660254037844388,0.1347233793255862,1.0047924811692945,1.0838705569666656,-1.048363108916441,-0.24831788215113856,0.6263618630203355,0.8876183427717546,-0.18429175150878593,0.3480938225959939,0.9400109846509711,-0.2805723875911647,-0.7006397669203414,0.2178210960657232,0.613253057476617,-0.12249472221921384,-0.014749535601162253,0.03478325196307132,0.38862838298923796,0.5865156821207803,-1.147632370063859,-0.6793988541555968,1.0241838441184454,-0.4640726538350763,-0.4851014917423946,-0.36646150333411626,-0.3388103391347386,-0.3301590370109779,-0.12663886855253306,-0.4653642063838123,-0.481921240470486,-0.3332032120748303,-0.23344802184005103,3.4775208643257587,-0.3516493013167721,-0.24405868282337734,1.4474329969454167,-0.24419567794786745,-0.26691997752016,-1.0185702868855047,0.8499721303738503,-0.3456194710932217,-1.1940940369452966,-0.452921737418323
2020,8,-0.39375730506537543,-0.8660254037844385,-0.5000000000000004,0.17321577341861083,0.21006619137539237,1.173510955272591,-0.28624841981463917,-1.2851675142660801,0.0831875090719616,1.1242928899806202,-0.9817694164571115,0.6777957651064165,0.02963163216116133,-0.2913747895946021,-0.35345987166556814,-0.16419403914459596,-0.08073581788627995,-0.19657046377918666,0.35318496978611863,-0.04610289732909954,-0.3742708848008637,0.9452968612076823,-0.5491780036301949,-0.804918384007977,0.9011490894949661,0.11764246957499233,-0.49886355206011146,-0.42975707116390394,-0.31458669701667225,-0.22861741653358372,-0.22384958277565675,0.014987891827604991,-0.46729303208126777,-0.4098950034757765,-0.3528504481108058,-0.26352384008413693,-0.24692673173216653,-0.38164202207558334,-0.3262905596076419,-0.3889955719856313,0.7415854488666301,0.39695143424701373,0.22148046343074887,-1.0662160517509045,-0.7153926412879393,-0.6756701328699573
2020,9,-0.4793239889876794,-1.0,-1.8369701987210294e-16,0.2117081675116355,-0.4211044066628047,0.9499546973128666,0.8712168246923986,0.09185349970539378,-0.22034126322369668,0.9818120921637874,0.8162981251267301,-0.14807329896651197,0.3153357906553037,0.6538353857062766,-0.2435348388672224,-0.7875309304999711,-1.3183637343299,0.613720823095085,0.7063349880660738,-1.413420404160413,0.006020079941712951,0.5592696693511365,-0.7449725347202785,-1.1327988188587994,0.09459697662537948,-0.3307750058179237,-0.4779605860888806,-0.46976410631681487,-0.3382679319258291,-0.33418246761096165,-0.2874656971940724,-0.3565813747932251,-0.4770937002649598,-0.45892128854923864,-0.045856025611367465,-0.22956819820450228,-0.2532110947068448,-0.07512608703584446,-0.23728875882446604,-0.32948828913811246,-0.8962008675480423,-0.27654945550080795,-0.4631564590926029,-1.906912062518201,-0.3563665945449215,-0.6756701328699573
2020,10,-0.6937503957922472,-0.8660254037844386,0.5000000000000001,0.2502005616046601,-0.5063684093909995,0.15691988433085136,1.083017157827536,0.6900650671765232,-1.366726791646139,0.6438027531902,0.6512336939386913,-0.9917995367922977,0.371693588959053,1.481119339136283,-0.25452734214705575,-0.6542915052924695,-0.9619589113372652,-0.08010393288854338,-0.20663330444092384,-0.7239792845657149,-0.07549173247397209,0.31394097909729785,0.03630774281204214,-0.5298589255406062,-0.6774369391040657,-0.4232833248010286,0.09537204908301372,-0.49933847551729416,-0.26547750527095476,-0.3099821914954137,-0.33410035204588434,-0.41326163533726323,-0.0009118994758509345,-0.4950634945104146,-0.36400506377824193,-0.34884921554040027,3.4796729995356204,-0.40095431232629475,-0.37464283459147024,1.4559488307965496,-0.6237884822596564,0.7412223605200936,-1.0271229815628793,-1.0662160517509045,-1.0744186880309572,-1.0097927260474087
2020,11,-1.4519784250799366,-0.5000000000000004,0.8660254037844384,0.2886929556976847,-0.7200363102223887,-0.47290734499709036,1.172242483688931,1.4551103537173549,0.15576684084954923,0.09156214303617602,1.8246119872771065,0.9105443518174188,0.7083979488432407,1.542332950489103,0.7073166948384683,-0.3011604412809804,-0.5532020597168806,-1.317439166361841,-0.2784586496077199,-1.1893146446807468,-1.4533855882803073,-0.46308597380924327,0.17844856253515398,-0.7271209730902688,-0.8058511530221127,0.10547277701931075,-0.3465837510637127,-0.5130167052115766,-0.23074016462139335,-0.333640583605299,-0.23253494024622884,0.026629961312000006,-0.36925529415697744,-0.48049483190441045,-0.37199234781787527,-0.04216694637826603,-0.2557743627862648,-0.37593774913922273,-0.06863766569477635,-0.31638376232297893,1.0794099266710722,-0.9116123292084313,0.39243019683927244,-1.5466137721893596,-1.9121461304313323,-0.5642959351441401
2020,12,-1.4626577907692426,-2.4492935982947064e-16,1.0,0.32718534979070935,-1.4755822048895495,-0.5579898738199224,0.9497213844772165,1.1034436294770589,0.817175267532373,-0.21703290235469622,1.221473612196612,0.7359072457936889,-0.13501144222529404,-1.084451136680388,1.5491592376857972,-0.1893511334145452,-0.24384916328017783,-0.9611186284930666,0.5072162574503865,-0.600607255587366,-0.7586115669695611,-0.07575262322446619,-0.40557426031048893,0.06001514556508909,-1.1412930428219998,-0.4176203096222753,-0.4377590294147237,-0.49224106818881297,-0.27561485545292025,-0.26092037022736486,-0.33812472534043564,-0.4112528475698938,-0.42544347077898703,-0.49025560535543994,0.194396881302795,-0.35999248914344784,-0.22186952525633344,0.6755123971259094,-0.3939229435984775,-0.22745175722467756,0.7879535144476322,-0.6366969536165785,-0.28298884790224715,-1.306414911970132,-1.0744186880309572,-0.2301733419666887
2021,1,-0.8687047574646526,0.4999999999999999,0.8660254037844387,0.36567774388373403,-1.4862237936894052,-0.7712030088981935,0.16035865355466564,0.19213523655326986,1.6630422263596147,-1.3825530324673267,-0.24999330730806754,1.9773339295729924,-0.9966572689423887,-0.6802612617183935,1.611450089604861,-0.2005320642011875,1.5361198100633124,-0.5524584425731583,-0.16553033319218807,1.0090338130483163,-1.2275463464838219,-0.15877390519622364,-0.506357834573135,0.20322133719292357,-0.5244483770449263,-0.4301763338519905,0.08337772123869153,0.07759915152113916,-0.3153192183402926,-0.22621653704068395,-0.3139187790714553,-0.4316965083556596,0.010629096457409637,-0.01601215665469541,-0.27089057061864874,-0.3679716516760236,-0.34097207462101264,-0.295315677345377,-0.3689480670320037,-0.36469811919595957,0.7829855074210961,1.082150850615765,0.7376816192133493,-0.8260171915316769,-1.5531200836883146,-0.8984185283215915
2021,2,-0.08141359726535158,0.8660254037844386,0.5000000000000001,0.40417013797675866,-0.8943717932298958,-1.5251408173883167,-0.46655221292070387,-0.6458147214214612,1.2742243775511293,0.16535291422055318,-2.0316592994035516,1.3392174098733498,0.9460897965338257,-0.21845857607139152,-1.0615602912749105,0.7777993796301192,3.2600591329333013,-0.2431787040891843,-1.3652757337739114,1.6528634496168204,-0.6342852419877512,-1.5621841710196995,2.531264629089597,-0.38517884543148373,-0.7262596075502162,-0.36089002497372813,-0.4321776180248666,-0.3616645059230099,-0.2829307569773823,-0.2710479419726805,-0.337582714370707,-0.36689649099928423,-0.42345212280729955,-0.382856167724075,-0.266449870542513,0.1978416702778531,-0.03474866273230368,0.2386903863692331,0.680749983911421,-0.05893292117794852,-0.14603180654111947,0.7880164670038134,-0.9198604037379232,-1.0662160517509045,-1.313769385859636,-1.6780379124023115
2021,3,1.0469168650341991,1.0,6.123233995736766e-17,0.4426625320697833,-0.1098655747574134,-1.5357597568799417,-0.5512407741363771,0.18850512843208278,0.2666426403162249,0.8378010709813776,0.5707516720307184,-0.21758512221916795,0.767743637733478,-1.3068005779178322,-0.6502574602211011,1.6340723290405665,-0.013781467223930565,1.5363693296493741,-1.0197800953438487,0.7333555984582677,0.9878065746134643,-0.854544036167393,1.2690383345581298,-0.4867178113450722,0.07902914745473726,0.11770685818733126,-0.4445527105215253,-0.45228439647237506,0.4082838133601172,-0.3107140062326747,-0.2648454625604211,0.20092617235972215,-0.44371829681577246,-0.43881562399323576,0.6574547891901541,-0.2669726752277135,-0.3520986756848994,0.7080797031015744,-0.2884603406993461,-0.38396310863908434,-0.23297192950549797,0.7830028127377004,-0.644162059172216,-0.3456194710932217,-0.8350679902022787,-0.8984185283215915
2021,4,1.4471919734448735,0.8660254037844387,-0.4999999999999998,0.4811549261628079,1.014473562928124,-0.9451674403489781,-0.763466643441007,-0.8525796298242536,-0.6598308574898051,1.6977866024342898,-1.6660573183666183,-2.1025762770125436,2.03553652279313,-1.2158803610555573,-0.1803279450081725,1.6974309368315479,1.5521282816271693,3.259900963200975,-0.6235348699638162,1.4926539527024851,1.6366163031377794,-1.3321627444581423,2.067992310676328,2.573672198165817,0.225537906272693,0.13105855918549353,-0.37626481417521473,0.06567788628209943,0.07416485255174714,-0.2783567866155797,-0.23013349822441276,0.12588965828475598,-0.3794808570901664,-0.004518139655808152,0.2577802898429185,-0.26253649047578936,-0.36006589981368703,0.031542459175677634,0.24465587623620247,-0.35900781750345884,0.3756089312451513,-0.15455053502539606,1.0795810860303967,-0.10542061087399415,-1.0744186880309572,-1.34391531922486
2021,5,1.4177196980036064,0.4999999999999999,-0.8660254037844387,0.5196473202558325,1.4133327493673926,-0.1623309465280754,-1.5139134053147805,-0.6411258317649241,0.2626290367156246,1.3024788996608612,-1.02725510893354,0.6507577845088685,1.383867282809196,-0.7036664660591766,-1.2878226504515047,-1.0213987327872656,0.8117364717987672,-0.013165416062816059,-0.32365094707763115,1.3821192231563788,0.7099959591818057,-0.7279153847249548,1.2479247885964768,1.3019852825811187,-0.3764317394853113,-0.05559105233319064,0.0954355098584031,-0.44673698385782146,-0.2299610847390684,0.4121910416476867,-0.27497540720782343,-0.10444368993616579,0.18341211115945757,-0.4368323820295754,-0.20464323231927833,0.6604287387599381,0.20490085360889249,-0.4064665679145766,0.7132630210045876,0.6898670546533303,0.4021049687200096,-0.24228948468237038,0.7846089970117678,-0.3456194710932217,-0.3563665945449215,-1.1211669237732258
2021,6,1.0085058218179224,1.2246467991473532e-16,-1.0,0.5581397143488571,1.3839647283288297,0.9596151740841434,-1.5244831746860532,-0.5148283200485145,-0.8884390292408623,0.2780793688178772,-0.5805989589134531,-1.7157717336878928,-0.20599960133184356,-0.21125697473576655,-1.195302414512897,-0.603045572520355,-0.7627183395762838,1.552374015417076,1.4018350092213414,0.2951683359251522,1.4751675684165608,0.9242150010326811,-0.1871241827109915,2.1069275674833867,-0.48031235874177014,-0.4681511705383252,0.10859481345778259,-0.4590366943480724,-0.2945339257825668,0.07839437029693207,-0.31465076527377833,-0.45730271579061404,0.10902704543329848,-0.45701606027561603,-0.3724428536227007,0.2611606302773665,-0.25921803779099545,-0.41133876567592914,0.03785313223124272,-0.27858321007327236,-0.4109921812897015,0.3718831629164496,0.7795810636762228,0.13477824934523341,-0.11701589671624288,-0.6756701328699573
2021,7,0.14999577484643098,-0.4999999999999997,-0.8660254037844388,0.5966321084418817,0.97619839386163,1.3576254379777073,-0.9366255469915558,-1.1488872052163994,-0.654646619505692,-0.6638581251024697,-1.1433056073482346,-1.0399231067364472,-2.1310253847088876,-0.5137242308320465,-0.6740745506607421,-0.12506078139134386,-0.5090705975678683,0.8121572986608516,3.0730063249416273,0.22769995525693631,1.363777840768186,1.5850396572572492,-0.5603673922203591,1.2807134866619911,2.650655211135029,-0.22245524291586036,-0.07536518572274643,-0.39116476892410756,-0.3322285108858538,-0.22543820865486822,-0.28228596432170194,-0.2667428465548073,-0.11930660595704,-0.3930401063422787,-0.24781134211736575,-0.2007926975258722,-0.2547884904480263,-0.4010745656149906,-0.39942601378004977,0.25411493429350446,1.3890823646584773,0.39862265233571803,-0.16064247007065677,0.13477824934523341,-0.3563665945449215,-0.8984185283215915
2021,8,-0.26546622373280193,-0.8660254037844385,-0.5000000000000004,0.6351245025349064,0.12072521631478546,1.328319923146924,-0.1574139127573896,-1.4521524878408316,-0.5150066609013519,0.27399877317634846,-0.7550084589960182,-0.5673637742031442,0.6807857185957021,1.1498456776974992,-0.1729996094882836,-1.2515395581456772,-1.3553562834842192,-0.7619251745463952,-0.10062538624584237,-1.0857678711734038,0.2684192707239832,0.6412597733795533,-0.7719773135438905,-0.16509144383376861,1.3496411314397796,0.2292406655866785,-0.4819803315535656,0.07766222572967435,-0.2709209767595102,-0.2899487630628933,0.4084236601177714,0.11717386997732264,-0.4691021975276821,0.16756154216617888,-0.3776466553682344,-0.36842169940447966,0.666795800431824,-0.41633315629515,-0.4042900927019743,0.7223545948501274,1.3178742639447962,-0.4219454292180796,-0.24863130344269097,-1.306414911970132,0.12233480111243572,-0.2301733419666887
2021,9,-0.4052618944670369,-1.0,-1.8369701987210294e-16,0.673616896627931,-0.2932671386125896,0.9214214689905649,0.9593371292104327,-0.14682610926286319,-1.2160494231401404,-0.8962820518514099,0.6696377581901606,-1.1627037872857666,-1.7360056430332527,0.9067916326201311,-0.48078970132364995,-1.1574333906914278,-1.1854285211408413,-0.5083374169432766,1.4173534779581087,-1.3555520908936953,0.20042901482549963,1.4206011478922613,-0.21183572995075364,-0.5411321806812674,2.173146691783155,-0.19593594828257338,-0.23982487097515728,0.09074137035581643,-0.32459833909013525,-0.3276069881602752,0.07454877981052642,-0.24316657832293706,-0.280196721672124,0.09347926929614003,-0.34355531813777634,-0.24391691379185934,0.2681250759327624,-0.31959132510854915,-0.39404299650180535,0.0474743660987502,0.9833617908247112,1.394668633203464,0.3672905301615484,-0.3456194710932217,0.12233480111243572,-0.007424946515054449
2021,10,-0.747424610360578,-0.8660254037844386,0.5000000000000001,0.7121092907209557,-0.43256830005174013,0.06776906050798136,1.3555044395216305,0.47876252362224825,-1.5513525572739149,-0.6585873557321574,0.6483729585628154,-0.751887902982693,-1.0458029175546184,1.6656603733616944,1.212055803770871,-0.6272709225580819,-0.9812123433532558,-1.3544229672574768,0.6996242988826066,-1.2517150827904964,-1.1231986274708596,1.3071486590592014,0.9469974509295492,-0.7543281577583665,1.327878773384484,-0.2066783191274715,0.20536212021050293,-0.09209804941565046,-0.2748233599549407,-0.2663585909708882,-0.22935498747533195,-0.23912226418078503,0.10038692543177495,-0.1339249240399787,-0.33024471040439024,-0.37362020990052325,-0.19313707841260197,-0.2510993189195993,-0.409276160864377,-0.3894618632837927,-0.030111642588614863,1.3228062553891804,0.3941061746177874,-0.10542061087399415,-1.313769385859636,-0.2301733419666887
2021,11,-1.2320112304924105,-0.5000000000000004,0.8660254037844384,0.7506016848139804,-0.7735206591255598,-0.34534216279250396,1.3263346214515592,1.6056085862416962,-0.10812759589015025,-0.516616632370515,2.0217166546749548,0.7553786273434184,-0.5632070724819287,0.8005680129196511,0.9647244799745943,-0.11760682753358233,-0.41626472863685765,-1.1845353906286928,-0.8266380722821869,-0.7546771745123692,-1.3950696573442138,0.19150578462445406,0.5754148573946936,-0.189988208720388,-0.15126876522405794,-0.3878713017799565,-0.21368771816078172,-0.4962363276564472,0.004717330411868754,-0.3199841763896316,-0.29388065678286296,-0.31491883314856045,-0.25682513673611346,-0.48229663293745273,-0.3636419009355766,-0.339563536898174,-0.3605152741818143,-0.3879727758546656,-0.312695536474349,-0.39432212776919284,0.5246491420412286,0.9852202014709174,-0.42879891463304665,-1.306414911970132,-0.3563665945449215,0.21532344893657981
2021,12,-1.2875578013828923,-2.4492935982947064e-16,1.0,0.789094078907005,-1.2563931161029103,-0.4843468389039773,0.9213202769068738,0.37969082281476607,0.5835500912805668,-1.2293606710914726,-0.044497149474316024,0.7328806061745601,-1.1711912914772158,-0.8440976921038791,1.7369478353829726,-0.43067288955959915,0.49340585144449595,-0.9803675073217895,-0.5807542264192134,-0.011877540755844665,-1.2904294587393683,0.12225645696266635,-0.30917945683762477,0.9775306425786953,-0.535981611744643,-0.3911720138390959,-0.2242752919346847,-0.2555559400511031,-0.2901504374805212,-0.2702572099472501,-0.33154770524710536,-0.39343435931492293,-0.2528159343232634,-0.2941601182707122,-0.3757297071987224,-0.32626646345180094,-0.23619677232994316,-0.36864884818891913,-0.244317662680591,-0.3840830673962877,0.13714459397142748,-0.03756526881609704,1.3929889306126897,-0.9461166216412906,-0.11701589671624288,0.21532344893657981
2022,1,-0.6381968902487205,0.4999999999999999,0.8660254037844387,0.8275864730000296,-1.3117431981073548,-0.8245735229664908,0.07162063524220627,0.6859811955401884,1.8294395423013101,-1.5702604319778113,0.5420489604260964,2.185869399330964,-0.7516502408504054,-0.767580677912854,0.8566315310562208,1.2911904515834995,0.6148755377026836,-0.4155534953980845,-1.401135979098064,0.3150382428724425,-0.7895469084190673,-1.2258826710976602,0.2008668781910663,0.6031629683315772,-0.7540942340516527,-0.40135226965003884,-0.4028572920206162,0.1869192258588057,-0.06716675630022119,0.009013836885227163,-0.2702849574855227,-0.34439136339870824,-0.32795445633472664,0.08487431988412857,0.4572187499393057,-0.3596296955664271,-0.36570600667895825,0.4626039494899905,-0.38096303905053136,-0.39930428583046096,1.0785819254999829,0.522292790899834,1.3209218861365475,-0.7059177614220631,-1.313769385859636,-1.1211669237732258
2022,2,0.12003807369201386,0.8660254037844386,0.5000000000000001,0.8660788670930543,-0.6646793180953471,-1.3064182455218583,-0.33957771073333426,0.3896736201480373,0.47401215968075594,-0.1029462492101919,1.5384430918436607,-0.00017150957841797075,0.7876285647401036,-0.08342855102840967,-0.8169770932985919,1.0396195088840214,0.018127310555379538,0.4939019593747205,-1.2364095305476452,0.07680029114824295,-0.04100163906153773,-1.502788321483181,0.20928857349037727,-0.288061544961759,-0.17673968991424496,-0.43252100967088813,-0.40611044097042615,-0.22957799986656974,-0.17996262452209147,-0.2855695030514659,-0.32392310744261155,-0.39880083773109803,-0.40578833023475797,-0.2708836700249196,-0.3737346100630672,-0.37170521089270503,-0.331700289188835,-0.407946459193204,-0.36167131202062147,-0.3027994004790321,0.5056051151061743,0.1312277581430344,0.9823743748765301,-0.4657189012028355,-0.954743339116618,-0.2301733419666887
2022,3,1.2703583207972722,1.0,6.123233995736766e-17,0.9045712611860789,0.09087348669441095,-1.361650521708817,-0.4779387371979387,-0.43889855851361953,0.8126599634816983,0.600276399680528,-0.49363260348682636,0.6203905003302759,0.7646527164371113,-0.38679600729164276,-0.7391135283997622,1.8250798966457282,1.1180607384801455,0.6153429196255954,-1.0384441996353666,1.1194122624274259,0.2884428735531194,-1.3962103522724032,1.4701310213764183,0.22580768229806475,1.0177040408772622,-0.4145362664677746,-0.4161439997622224,-0.24010108017876466,-0.31245043514810594,-0.06280091080084173,-0.2741844899129405,-0.41821166992007186,-0.3571711134089505,-0.2668907875257175,-0.37208198927903946,0.4603963004324936,-0.3184231107917676,-0.405035165865262,0.46819631856963173,-0.23447514897706712,0.27956079539879036,1.0813152415714131,-0.04332402557461119,-0.5858183313124493,-0.7153926412879393,-0.007424946515054449
2022,4,1.6999600769352685,0.8660254037844387,-0.4999999999999998,0.9430636552791035,1.237124623136015,-0.7159638372959807,-0.8165900297615606,-0.6290254713609581,0.4850495695824143,1.8669612967394773,-1.0501409919405444,1.6745690796728174,2.2485010001127823,-1.366213788936744,-0.042921654010241374,0.9296736894820267,1.3084317516719628,0.018735815703887403,-0.49078904955335806,1.357114396436191,0.04836212547478792,-0.8860522511028498,2.0141804454070225,0.23429249977142466,0.6347028404958578,-0.05176470395963408,-0.44686359966945066,-0.4175952605592338,0.35844442821871453,-0.1754879766994241,0.005151990457451836,0.049983141759632685,-0.411108218220311,-0.3417234496516997,1.0756322055212886,-0.369712142380971,-0.35173642491875595,0.17979342887670496,-0.40090343902584136,-0.3710133673171165,-0.5840444260473691,0.5030737828797349,0.5181285302278926,0.4950765396740748,-0.47604194345926076,-1.1211669237732258
2022,5,1.5790197278303988,0.4999999999999999,-0.8660254037844387,0.9815560493721281,1.665206718039303,0.037980866609396896,-1.296203610212977,-0.2894591075246281,-0.4310554522553897,0.48891014363037816,-0.6337132790588832,-0.47535392978163,0.01603157845715121,-0.4381074168079765,-0.35162778778559384,-0.772623022784448,0.6047079949526663,1.1184091236212061,0.39103745096161285,0.9104433534087273,1.099038813250828,-0.12364510992636198,0.5423211533312039,1.5045851965224726,-0.27707475645382973,-0.08976279888996959,-0.4291380157907207,-0.4208285931807984,-0.23426387153935915,-0.3078479902542277,-0.28950037070561435,-0.13340140222268856,-0.43035053039293863,-0.41924049193034274,-0.2823347971606155,-0.3680612019893388,-0.3637938728880492,-0.3686081172362964,-0.3979969969630194,-0.35173676896200434,0.12803658108944507,0.27495251377160185,0.12594973005539742,-1.306414911970132,-0.5957172923736,-0.7870443305957744
2022,6,1.118974844824836,1.2246467991473532e-16,-1.0,1.0200484434651527,1.5446941799422351,1.1817923489930071,-1.3511801379168056,-0.8279251455011687,-0.6412679408370143,0.8332104008846585,-1.0708336444927158,-1.0641362236894745,0.6497734749221575,-0.7090676670608953,-1.3482814184905942,-0.6934247630457216,-0.4465510261901013,1.3087351165344212,0.5087890752277616,0.39029830615257194,1.338579599005675,0.21190019283722383,-0.05257475029993445,2.0527123722662846,0.24864512915163073,-0.42004651170698604,-0.07159397485369288,-0.43080103325422225,-0.1797267278246544,0.36239973132480446,-0.06667958350928192,-0.3885727217700546,0.03377953040182916,-0.37082117700588596,-0.11262742168369802,1.078180950375527,0.46706265015744586,-0.25979246795080235,0.18585706232570912,0.4774800750248029,-0.37456012976177144,-0.5965877194876761,1.0787430971411391,0.2548776794548472,0.48136084785545363,-0.5642959351441401
2022,7,0.19846899963100878,-0.4999999999999997,-0.8660254037844388,1.0585408375581773,1.0862766468367617,1.6089633239970145,-0.7084832522505738,-2.1436880849275615,-0.2658287706972068,0.5001317816445897,-1.0990595668680228,-0.6235583831316361,1.726341362446606,-0.721670469398241,-0.40384217836480835,0.014700853441699085,-0.771804228842257,0.6051777813677307,-0.06969330329079895,-0.20137840611382793,0.8884535070927164,-0.032626470127348026,-0.23425404560666596,0.5698212207954164,0.2573256202860465,1.1177726680878604,-0.10904451897950507,-0.4613335068771278,-0.3107557036112556,-0.22973684500880076,-0.17939305212122336,0.8311224242232896,-0.14801291458913077,-0.4245387247078018,-0.294353648453635,-0.27840526522762565,-0.3618037864006283,-0.2759704144187329,-0.3616306489404621,-0.3909381299248597,-0.2983840220215541,0.12203605865516098,0.49885478577497083,-0.4657189012028355,-1.313769385859636,-0.34154753969250584
2022,8,-0.2916722775898719,-0.8660254037844385,-0.5000000000000004,1.097033231651202,0.1690269732699749,1.4887072819619878,0.04197037310980433,-0.6694104242091962,-0.8611799714534266,-0.43126417353513274,-0.4295521310672073,-1.0860289169345083,-0.4692430650723869,0.15152369254638035,-0.6795708023006588,-0.29929695281653795,-0.9169621264010175,-0.44583263063427775,0.9965722952510246,-0.7923406947596495,0.3642850815722404,1.0375070844078922,-0.4988059857366637,-0.029533538379103483,1.5569133281986458,-0.25441158052566176,-0.43456885864885536,-0.4437158971471073,-0.3231030333797366,-0.1752523075467468,-0.3117840777843841,-0.29044203256403917,-0.4009689002176532,-0.44370270886385477,-0.3308285291514599,-0.10887044898871955,-0.3601553161420389,-0.3522497908353221,-0.25299632578889736,-0.38803396710933996,0.518025132672514,-0.3851786312665856,0.270083819007682,-0.7059177614220631,0.24201015002677503,-0.452921737418323
2022,9,-0.6268240592549141,-1.0,-1.8369701987210294e-16,1.1355256257442266,-0.31938049190782,1.0312654339915956,1.1804855311012021,-0.6744018228758317,-2.3159440431889298,-0.6449853702603849,0.1322962967548101,-1.115891761176577,-1.0705302879255476,1.1921550855443017,-0.6923953894604664,-1.313034677472216,-1.1023575335662301,-0.7710089151172532,1.1811162477963695,-1.5402752482890685,-0.23196831413312538,1.2814837858026795,-0.36310993753368176,-0.21257455382552914,2.117681206177804,-0.2964925989844253,1.081090417323133,-0.08834981061262169,-0.30136096244062965,-0.30615489344683566,0.358620683631752,-0.31914912029152587,0.8081371559345565,0.01853805781861537,-0.3499819213535504,-0.2904118956975073,1.0839229721932568,-0.38802320465315093,-0.26914731396078123,0.195362230725168,-0.27768399274432115,-0.3083025991861891,-0.6039385924878576,-0.7059177614220631,-0.47604194345926076,0.5494460421140311
2022,10,-0.7456146659158321,-0.8660254037844386,0.5000000000000001,1.1740180198372512,-0.6533467170357605,0.11596801313555219,1.6056785262637725,0.8069847995798585,-0.685919280893728,-0.26327965295872874,0.820875301728131,-0.4075572023131465,-0.620595177884468,0.7600590054067567,0.19616529232616045,-0.35240637405309494,-1.4448090266146922,-0.9161324847135796,0.49893275048954444,-1.3925235132585414,-0.8275017600738465,0.8230220721926905,-0.34081023730452037,-0.47910935999572135,0.6005921781507592,-0.4379915934834878,-0.27132071922621726,-0.1255722273803533,-0.23843319047136324,-0.31849031304354897,-0.23365463100486697,-0.41829527795369936,-0.30369015724393067,-0.16251438038331328,-0.3549282912106126,-0.32684968856929,-0.27063352237724975,0.3253154247520064,-0.3452995814135865,-0.3516961377700483,0.8740656362409213,0.515607918545017,0.11673185227356533,0.13477824934523341,-0.7153926412879393,-1.1211669237732258
2022,11,-1.288597999339643,-0.5000000000000004,0.8660254037844384,1.2125104139302758,-0.7717171171276624,-0.37139993703851104,1.4859793198774087,1.1020823389316103,-0.6914379858445572,-0.8685680064526685,1.7488024998163967,0.18687481888373583,-1.092887951969268,-0.043819743682468444,1.2551097749502245,-0.6328613879514031,-0.7113397990841741,-1.1014840482665627,-0.5201483147310265,-1.184514610979996,-1.5812216683647475,0.2891468783262648,-0.2687711347911657,-0.3423962446503171,-0.012584674470927528,-0.38794817639696955,-0.3127953521397449,-0.4491136584075697,0.19330820427702203,-0.29676921439596793,-0.17915732775098375,-0.26648543757299475,-0.3321480171770605,-0.4144406799503467,-0.3713280816056583,-0.3459836055143126,-0.10135236372260038,-0.4027522929492143,-0.38101338381644306,-0.24314700623167043,-1.0502090853706554,-0.28741237307738565,-0.39192740350571803,-0.4657189012028355,-0.7153926412879393,0.3266976466623969
2022,12,-1.164398363303622,-2.4492935982947064e-16,1.0,1.2510028080233004,-1.312779716496951,-0.7046553562789255,1.0306556185201066,0.9204256783670506,0.9464467501684872,-2.3476139016896957,1.5979463876618756,0.9153869752080243,-1.1233850420934157,0.10651368419872041,0.8154096437568417,-0.6459058072024878,-0.526377053312579,-1.4438545559729477,-0.8354458518354875,-1.7873095408416226,-1.4323270576644942,-0.3181481851061315,-0.040436438295763294,-0.3199294040166318,-0.19984691279318273,-0.37015194738207263,-0.4522553526203113,1.0573130855826074,-0.2389321430254817,-0.23390214223687647,-0.3100905842823995,-0.36313113635835226,-0.43043341256241685,0.7897435727118667,0.3758656761842604,-0.35092494587980994,-0.28262218855550314,0.6560430017722244,0.33113656604949554,-0.25928532871284987,0.8276975706599194,0.8749198076164355,-0.31483242569403097,-0.10542061087399415,0.12233480111243572,-0.34154753969250584
2023,1,-0.6596249681577826,0.4999999999999999,0.8660254037844387,1.289495202116325,-1.1890194207791482,-0.8227738195851182,0.11959640660921786,0.5140048232988014,1.2727192762009005,-0.6903819967724276,0.8349882629157862,1.8971279796660814,-0.40000642803377795,-0.14374196221427463,-0.002615808650848351,0.2578860980511955,-0.4651554661156651,-0.7105587844135673,-0.9761606156513127,-0.5513120257675715,-1.2227091840026254,-0.9247099664454829,-0.7460005350854526,-0.24735035501915906,-0.472528444156449,-0.4650409312563711,-0.40293305887792524,-0.28685993355559697,-0.30589111020259496,0.19742279694847537,-0.32242889408257297,-0.4576882306377938,-0.2799415474510575,-0.31755792114545234,-0.370813217828715,-0.3673080608927389,-0.31900546328923873,-0.4077156504616749,-0.3957179281369425,-0.3353778771530639,-2.4420790539718,-1.0670356114579285,0.5114246191138329,-0.22552004098360795,-0.47604194345926076,-0.5642959351441401
2023,2,0.20068115395236477,0.8660254037844386,0.5000000000000001,1.3279875962093497,-0.6860315969210316,-1.3626848339969624,-0.3655148266125813,-0.31759244546385096,1.0718718626873531,-0.6959928157795334,-0.17084629524216685,1.7375231837506917,0.20705051457259765,-0.926015907296621,0.15036319532685075,1.3349824304978548,1.420923714012582,-0.525639779935387,-1.1558812603460402,0.4813649920379662,-1.8301667979202505,-1.6923875726657194,0.13887054847595096,-0.01730424746679607,-0.33266250249769397,-0.43738932737567865,-0.38539327270660917,-0.3280819266569462,-0.27290281940837274,-0.23440061350388794,-0.30070270615578437,-0.4266678542853826,-0.3757481923215419,-0.34589994012846526,-0.37510451546957707,0.3791259468560946,-0.3381107521137531,-0.3138792938954985,0.6613130315952275,-0.3710636726023953,-0.04584366483931191,0.828125701132716,-0.2938827034625942,0.6151759697836885,-0.11701589671624288,-0.5642959351441401
2023,3,1.2922024778890353,1.0,6.123233995736766e-17,1.3664799903023743,0.17123130237851616,-1.239187946792414,-0.6972271342188288,0.13163343453343482,0.6225154929030932,0.9692302556023956,-0.5826968315224307,0.9303183973290604,0.9510352706080115,-0.03121694134512278,-0.10429646398931701,0.887745199032114,0.486807765191825,-0.46443267085079637,-1.4878506658906776,0.9813498977509686,-0.5846087082273772,-1.5407356697981773,2.796409646353349,-0.7281566785095522,-0.30967754005726916,-0.2869716531849986,-0.47891491067696085,-0.46669241634373965,-0.047702174857751495,-0.30129499240034274,-0.2378209041670296,-0.24616090326950965,-0.46948436543086086,-0.4437852536520512,0.11940605279140586,-0.3667937206316462,-0.34304469925768144,0.2740914029059395,-0.40067301490493806,0.3405278054905355,-0.020175628535542982,-2.4716944150138693,0.8717598414945444,1.3357725504413713,-0.2366912456305822,0.21532344893657981
2023,4,1.8831042638538231,0.8660254037844387,-0.4999999999999998,1.404972384395399,1.2588915093175388,-0.7372706704317735,-0.8147986597577282,-0.20899171083824525,-0.29693419860188464,1.3009486762952842,-0.5370204233542775,-0.1338480927566042,1.9536271084394188,-1.245586966565014,-0.9003369098373363,0.05569759965939157,1.524762448480846,1.4212004759831391,-0.7768321759986422,1.4357456461759208,0.4560561781340946,-1.3272360053955061,4.5535785782405656,0.16334667855051405,-0.23542470040043595,4.0304865388049915,-0.4516617651394826,-0.41767056588805523,6.363583625443826,-0.2683385219443677,0.19360509496378375,4.921413402280261,-0.43873330026918494,-0.2939059827652864,5.077787865649557,-0.3710806548613783,-0.359403301893336,2.5045804347424507,-0.3069930235662806,-0.38575668554114084,-0.8912328605215063,-0.05344184065878762,-1.0757263371398122,2.2965679913182817,0.6010361967697929,-0.34154753969250584
2023,5,1.4645286060573834,0.4999999999999999,-0.8660254037844387,1.4434647784884238,1.8477030558342318,0.11816765060167424,-1.352209660907514,0.15417035578582505,0.1997492469728305,1.0967488694002756,-0.2974815145476046,-0.5695833099238407,1.7906325254110254,-1.6335732385218504,0.010208778508959258,0.21129888644018185,0.5942159561574354,0.4873054334839784,-0.5975309493778811,1.0638435001894397,0.9599085212335449,-1.9459427714008917,1.202495080150898,2.840804526693288,-7.335626310767629e-05,0.6477091122388692,-0.3034116027324494,-0.400237622091769,1.4927956005475695,-0.04335510479506268,-0.2383194922264509,0.911782626154397,-0.25979346569838047,-0.38932263580942184,5.772598831133506,0.1229270927849562,0.38591389308857976,3.4547171852813694,0.2799979019061731,0.6704453448983755,0.5975132450970887,-0.027537960283871354,0.8248324636961263,0.7352753998933024,1.3190882902558287,-0.007424946515054449
2023,6,1.219381686263448,1.2246467991473532e-16,-1.0,1.4819571725814484,1.4306080558606649,1.203512907044059,-1.2292846158169308,0.6504363868535314,-0.1768605575504897,0.639892182367068,0.025972298618091073,-0.5212579640050831,0.9662838156700873,-0.6424528547063585,-1.2255317985324428,-0.04772601011705983,-0.37591905368200085,1.5250146539358018,-0.5381832919115942,0.37453633502359784,1.4178190699767097,-0.6773189203049594,1.136505364401837,4.611143766839109,-0.727319198017328,-0.25600685124049277,3.951832214803925,-0.4931895795757205,0.05833494259215611,6.361746401690332,-0.3052295445553201,-0.1936558563188398,4.862917245237639,-0.4826772451827882,-0.009167384506150995,5.076267200266476,-0.3588897311869048,-0.20540694835353926,2.5067701342237703,-0.3907078865037758,0.0005244007416898901,-0.9065986749423184,-2.484385659981617,0.6151759697836885,2.2764910815705433,-0.11879914424087158
2023,7,0.1609455920044923,-0.4999999999999997,-0.8660254037844388,1.520449566674473,1.186328311923197,1.7910712408631293,-0.7296914258591667,-0.4584103896650196,0.2246670359932468,-0.2949042691806021,-0.5855575668983066,-0.2678273398967026,-0.1204841121323688,0.0678050770197323,-1.6203458746665,-0.8574117479164937,-1.3008409478883804,0.5946882238037637,1.2901649470277095,-0.7560167188009507,1.0430402206196796,0.38261743012389593,-0.0783538363804543,1.23494327409443,0.1847436732888895,-0.32963486221464433,0.6178004557465412,-0.46610244465934203,-0.20878547626420174,1.495656714257192,-0.2722653523591805,-0.32235575776263214,0.8880970860578614,-0.45205135572349486,-0.1994509230687656,5.770371678772892,-0.3631702513159542,-0.18996409860199118,3.455323614113562,-0.29710135951187305,-0.3323320700362162,0.595826386802822,-0.059245814470503075,-0.10542061087399415,0.7207115456841322,0.6608202398398483
2023,8,-0.43889496173530634,-0.8660254037844385,-0.5000000000000004,1.5589419607674977,0.1316362998959363,1.3748639761134622,0.12178585883612413,0.8632514754583042,0.7733600948924498,0.21006944145900866,0.3152880029650031,0.07438471303945157,-0.5654737480992661,0.9662048436390429,-0.6117836987416804,0.0687420189104763,-0.7731022130231102,-0.3752173616727269,0.3846413253336208,-1.0771947877264838,0.348401189889802,0.8958003199272496,-0.5122095289595107,1.1684589531412017,2.9239480446908597,-0.4130293770801464,-0.2728930021632415,-0.31875533769981623,-0.22078516879435445,0.06257972978832531,-0.04722922132806328,-0.3934116115444372,-0.20774425450396497,-0.2738399160671056,-0.048343001533923805,-0.005515610451654771,0.13009836312664055,-0.0800875049791326,-0.1987014320903452,0.28942924455923846,-1.1777212657184108,-0.006647734175068053,-0.03326815890352151,0.6151759697836885,0.6010361967697929,1.329065426194751
2023,9,-0.5250996337377506,-1.0,-1.8369701987210294e-16,1.5974343548605223,-0.46608239464868856,1.1311041514586333,1.2021055139060792,1.5600809802217734,-0.45262857160863806,-0.17282644957143106,1.7637736816168161,-0.5726099495429695,-0.5161220380672792,0.6268293806976791,0.11097339190744385,-1.1881809503546983,-1.4029490367821733,-1.2999205238323293,1.3908252847797158,-1.5110062055835676,-0.7908968142277731,1.3621906461682733,-0.30368360873150163,-0.05550584350882477,4.735114180820927,-0.4078942016283998,-0.3454600368774448,3.910567961116666,-0.2877169768122233,-0.204283026064703,6.359373008046537,-0.40643770327522877,-0.335326815419339,4.828018219259821,-0.16567218170288026,-0.195605667839228,5.076027295054136,0.0695754710794841,-0.183284315698481,2.514455230265569,-0.9831409905124207,-0.34256257000462664,-0.9148324704023784,1.2156731203317575,-0.11701589671624288,2.220059008001288
2023,10,-0.9141960814398786,-0.8660254037844386,0.5000000000000001,1.635926748953547,-0.5519821286558357,0.07865692119452422,1.7869432074944984,2.4756244992869463,1.008657605977843,0.2354031394001891,1.7684462160640793,0.3804788665206712,-0.25730889485152475,1.6161493641792668,1.0251832480136838,-1.5897627144416433,-1.1329683271646873,-0.7723065923416615,0.4887618621958521,-1.6636472772674173,-1.1145592302951433,0.9804714866083574,1.9015353284692902,-0.4926133652702237,1.2810530254340438,-0.15936566471026342,-0.4276528406100294,0.5968452222538984,-0.1547441811997018,-0.21627114375220766,1.4921431900210147,-0.16968230027085426,-0.4057657799547567,0.8693780168605226,-0.08845640615541478,-0.04465139353229394,5.769093256109413,0.18900638244614143,-0.07359081612562145,3.4622648494785384,-1.8301861885367938,-1.1957194042881574,0.5918715524825499,0.8553748300029161,0.6010361967697929,0.7721944375656654
2023,11,-1.2844372075126407,-0.5000000000000004,0.8660254037844384,1.6744191430465716,-0.9397021974682425,-0.517789602887342,1.3726631560334372,3.249593801625699,1.7791022638104093,0.7932545685613188,2.4542598435073866,1.9129673936728577,0.09217127305764386,1.5612371539951204,0.6798354366388808,-0.5639123147671028,-0.6014438051052616,-1.4020044654857806,-0.4516783141559639,-1.169221480352025,-1.5517262264445275,0.2729688421484946,1.2279973969023328,-0.2825245044509748,1.2130354681413682,-0.2879032070631343,-0.42259166280093113,-0.2884226390415868,-0.16447569594495823,-0.28313838968700555,0.05873043391286817,-0.27694841428721134,-0.41867878239756573,-0.22200257709680538,-0.28262440803514605,-0.16186127285254212,0.0018478355536554949,-0.1887247139007554,0.07582276741437079,-0.18889469087712404,0.14294060216905277,-0.9993512788654055,-0.012318436672084895,-0.3456194710932217,1.1994129413414893,0.6608202398398483
2023,12,-1.1601682249461693,-2.4492935982947064e-16,1.0,1.7129115371395962,-1.3086336429385659,-0.6035065099135697,1.1300320410698859,2.600863229468006,2.7913665385793465,-0.45319737510837155,1.89975396981678,1.9179109050507672,-0.5685646693956328,1.1309414741914816,1.6865655286837304,0.17123388445470958,-0.12865306722944755,-1.1320876028088578,-1.3482893017782605,-0.5919671949260179,-1.7055479933465574,-0.8874271550273063,0.3507967776041513,1.9392229592071186,-0.039155943107730615,-0.41278553275357,-0.17764441069683656,-0.3605476367627499,-0.10001226751441578,-0.15029385895975686,-0.2081948482007635,-0.3621561748970065,-0.18397883090582767,-0.34906579871156074,-0.14457425934322715,-0.08472401065992337,-0.18795780954729802,-0.06775766374946779,0.19505466379033543,-0.1734896646698167,-1.3275894776855774,-1.8541793312376407,-0.34918997015358716,0.4950765396740748,0.8403868945984715,-0.007424946515054449
2024,1,-0.4798094147008296,0.4999999999999999,0.8660254037844387,1.7514039312326208,-1.1848042459947898,-0.9904013644171992,0.08245808059106344,1.6511361922616246,3.647100272924734,1.0324794880461423,0.6592437529911455,2.6434973097432306,0.4047664468301742,0.24874531057732918,1.6306869703445714,1.1011146282105602,1.1175199117381236,-0.6006887794136662,-0.8367041060573875,0.6566443621988411,-1.2072977593532337,-1.2170832859811402,-0.09563215021049613,1.2606367354574215,-0.4863438737084065,-0.3642516981145115,-0.30432973296194255,-0.4422397688066734,-0.18768280953130573,-0.16001598673517048,-0.22018577471847856,-0.34514323707581646,-0.29031368720425427,-0.4192180334438167,-0.27918125652683795,-0.2786945816244903,-0.03722939266247583,-0.12710072215167398,-0.18204699625934495,-0.06388218732191892,-1.1860012774293038,0.1370770214534994,-1.2047766260854624,0.7352753998933024,-0.3563665945449215,0.6608202398398483
2024,2,0.3679519200509058,0.8660254037844386,0.5000000000000001,1.7898963253256455,-0.506852117972811,-1.358547584844381,-0.5112266472308439,2.428886857226619,2.9298358628001737,1.8157838264019321,1.6610732816228715,2.056833663568775,1.969802929890406,0.8257736175943404,1.1928189230311608,0.7498470526635094,0.36988102356662333,-0.12800985042294916,-1.4472719672343999,0.4981316213833748,-0.6255783495216005,-1.6623459219163492,-0.20934480598898564,0.37686133421816176,-0.27141002280273213,-0.26920749606446065,-0.42741251006901093,-0.4372094208065756,-0.2814416590748109,-0.09561473940124895,-0.28706868772840566,-0.2917883414014725,-0.3747816952330682,-0.43207847204397026,-0.09598169189520173,-0.14078480295714269,-0.1542639028432223,0.005451374667033471,-0.06128152086022572,0.08541422529230588,-2.5257071722518214,-1.346964641315894,-1.0078492371099574,2.416667421427895,0.48136084785545363,1.217691228468934
2024,3,1.626868833840927,1.0,6.123233995736766e-17,1.82838871941867,0.337910369548205,-1.2349817434872898,-0.5965466492141515,2.17114918062212,1.879776820792217,2.8449440521600318,2.1033429707332787,0.7443818367272512,1.9748514346744706,0.9941110488145937,0.2950978218446728,1.7738339638736116,1.526493094055317,1.117868424777703,-1.185555089079184,0.4617853196865353,0.6326913532032528,-1.8190162241081578,1.7100900296934047,-0.07291366151754915,2.001574543070055,0.16324845852978684,-0.3795780457602793,-0.19375424767745883,-0.10578397684183923,-0.18320071485727354,-0.15419303136985102,0.10585226469819185,-0.35791645950583323,-0.19833389335387877,1.9030573695521973,-0.2752549311284332,-0.07724205323674976,2.0712108571128476,-0.1205256923153221,0.20455261938187608,-0.7993247305305919,-1.2040754947316787,-1.8651118708203474,1.5759714106605989,0.7207115456841322,0.8835686352914826
2024,4,1.9708137555670335,0.8660254037844387,-0.4999999999999998,1.8668811135116947,1.5923740258636674,-0.5584725528877235,-0.9816500191185366,2.019592166562429,2.7396913922215687,3.7149610478983726,1.281453697244145,1.8043110313461346,2.7158483001233966,0.2343421079060773,0.882280705375834,1.716997565708174,0.2022247335397392,0.3704063435185319,-0.6702999852111023,0.5418454166674155,0.4729524991730608,-1.3115391855912955,2.470454453641991,-0.18747861481981676,1.307339019714317,0.2306914903650838,-0.285903426300966,-0.31966787520352885,0.011500136439162137,-0.2768691250893044,-0.1639174370513477,0.19098080719497973,-0.3050247777629508,-0.30423590154590907,3.228319029903183,-0.09224164465464368,-0.2709224058996173,4.106701423052424,0.011805524883420923,-0.17225331554315637,0.7159174125628613,-2.5560909284934348,0.13181565228019973,0.9754742601125299,2.3961664304848824,-0.2301733419666887
2024,5,1.7955820077728282,0.4999999999999999,-0.8660254037844387,1.9053735076047194,1.9351022864449952,0.2844919619506923,-1.3480915689446804,2.014449513390744,2.454725536578707,2.985724601792891,0.9668681637436609,2.2722295164634367,2.116724722177691,-0.6973650648905048,1.0535805481532574,1.2716238227068735,-0.18619703258061038,1.5267448902350127,-0.21198088488399927,0.5352816496533644,0.4363250548968448,-0.7190472544122128,1.1240112061174132,1.7463427422775013,0.40318232343193355,0.040646664869530794,0.14032085782945666,-0.4420009022222587,-0.18709694766760518,-0.10138088136708313,-0.09950110042869756,-0.014983093954765768,0.0891636115132685,-0.3883600729570881,-0.18196394264472807,1.9047647847033786,-0.13321896751138293,-0.31224423708307003,2.0741227066763486,-0.05158254507124662,0.4757970729469589,-0.8138460710192313,-1.3564526150410643,1.3357725504413713,1.5584389880845073,0.5494460421140311
2024,6,1.558416873633692,1.2246467991473532e-16,-1.0,1.943865901697744,1.7604903985335958,1.536285647216672,-1.22509788898805,1.852758447492732,2.2871575862534987,1.9181387670770285,1.1798022335546894,1.4026759538877516,0.7763982173633058,-0.12573795887521025,0.28044115080489296,0.3585144751309884,0.0818367007655958,0.2027897020324623,0.9960480226585665,0.05960947277811551,0.5170044253971624,0.5625236086390173,0.3830997121559683,2.5124062391328246,-0.056965213651109514,-0.2844298943511472,0.20679203867041793,-0.3944578181917759,-0.19814063779235516,0.015790100252174786,-0.1871075973827823,-0.28277443757556797,0.17355308918102552,-0.3715634890868507,-0.37672036026953737,3.2286789129177493,-0.26748790180035864,-0.41419575106704065,4.10622141089939,-0.11078025693243425,0.4087289780887241,0.7153184801451775,-1.2131565149780372,1.6960708407702125,0.9600622435128109,0.7721944375656654
2024,7,0.43743020890880024,-0.4999999999999997,-0.8660254037844388,1.9823582957907686,1.5241642057056304,1.8782844529995408,-0.5517212181987076,0.4483603681072761,2.2814716478193118,2.7924063832753006,0.2939278454917956,1.0698464837708925,1.858838855350848,-0.46691382215048033,-0.6676622570808393,0.9557625279841941,-0.625564677799452,-0.18554020737171625,0.27129359084412186,-0.8525308847932394,0.5103898869345016,0.3998266442450068,0.3040622994643131,1.1558711488145268,-0.17417222070547414,-0.07625808312864442,0.01948575039064808,-0.30135381109485354,-0.22056944747235613,-0.1826154181129599,-0.2807979542345644,-0.11887295993060515,-0.03062268461536481,-0.31888710894010974,-0.21839285336246875,-0.17813646825711682,-0.08474843936557014,-0.16632656909657587,-0.30536069134845323,0.021447185422952864,0.8103095460670436,0.47299185728305804,-2.569022537796621,0.9754742601125299,1.3190882902558287,2.331433205727105
2024,8,-0.06588690909758785,-0.8660254037844385,-0.5000000000000004,2.020850689883793,0.4071428878506428,1.7040442049385842,0.28734001922864016,-0.41666414627133314,2.102699054109087,2.502684092726519,-0.026188443068712527,1.2951293594213769,2.3366952877691056,0.9986120496493592,-0.08597562518959273,1.1299986994093902,-1.2033839689759787,0.08243013946859414,1.3925029570755825,-1.1378091667847925,0.031038334263063485,0.36252091776142514,-0.7075691368181745,0.4094063852779504,1.8042461953102378,-0.14273161342454133,-0.30090647052677316,0.12227415775743042,-0.31080846997778755,-0.19364845555014087,-0.10526859340844179,-0.1962568842862244,-0.29608913040772694,0.07369669173928306,-0.35333543140069434,-0.3726948566629325,1.9092700737764563,-0.3380579632000449,-0.40714231732458367,2.082147087128678,1.283926215930134,0.4053075246905351,-0.8218157036947994,0.8553748300029161,1.6781143369988467,1.5518138216463853
2024,9,0.33279322911273534,-1.0,-1.8369701987210294e-16,2.0593430839768176,-0.09439381026203889,1.4682210032414567,1.5333373774499959,0.8812507615592065,0.5499361611255056,2.332319224692548,0.7707170748044392,0.35787995736450884,1.448673599323016,1.0787298645081949,-0.43315552044436806,0.34360656741546325,-1.2442704706728578,-0.6248039478339201,0.10876908718202878,-1.5804615769465118,-0.8881575277450279,0.4446943423131023,0.30402276098872943,0.32977657246458725,2.587976359657417,1.6965900591190555,-0.09573440555267929,0.1883404340708953,-0.26298972628416806,-0.21605563051390408,0.011929841510953339,1.3151666452180226,-0.13361060461887217,0.15774265245615662,-0.19783507826880523,-0.2145283378913019,3.231203364856742,-0.1517119153816908,-0.15968617484597544,4.112652208755122,-0.19157187095103204,0.8105779112013209,0.7117039636463679,1.8161702708798264,0.9600622435128109,0.9949428330172997
2024,10,-0.6758520562830922,-0.8660254037844386,0.5000000000000001,2.0978354780698423,0.3028760479798484,0.3535771273835434,1.873752586071031,2.0453054324208586,-0.40647213020169554,2.3265383808670457,1.585359152008024,0.019198983984003822,1.1087752874325796,1.3937999229418223,1.058160757853188,-0.6207487129325406,-1.2359417388457155,-1.2024865922330072,-0.26776348872156924,-1.3979933191035827,-1.175642468139083,0.4379573130832637,1.0695667252387695,-0.6894372297578818,1.2001573686180098,3.3788847989978197,-0.16125005532694073,0.002175108885108649,0.08810681295586344,-0.3062076089151977,-0.1865221635027464,2.776593967405963,-0.21032270099357914,-0.04560200066977596,1.097212812671826,-0.3493337056970546,-0.17051474733958108,5.7052613623616635,-0.33113140248376105,-0.2954703073776404,0.7788455015656495,1.2885462845707427,0.46868718576170204,1.2156731203317575,0.8403868945984715,1.329065426194751
2024,11,-1.1248014944166491,-0.5000000000000004,0.8660254037844384,2.136327872162867,-0.7022012837987346,-0.14689211177369346,1.7003191430562936,2.5223621413472688,1.0285583904975044,2.144781850000466,1.968888408067115,0.8623198938859652,1.3388428625921267,0.7717616075771473,1.1396884905119602,-0.029091125472653967,-0.518264652182246,-1.243363424801868,-0.00793399189920332,-1.1542185843199135,-1.621718842625924,-0.05027107049120488,1.229104474218674,0.32973673764076855,0.43647791618694587,-0.24151745487526174,1.65156707630678,-0.31626546533094785,0.006744179667479154,-0.25843499093959066,-0.19755778599370094,-0.19511291088100646,1.2879790254154437,-0.309987835152047,-0.19310476731813897,-0.19399146603767378,-0.3647820379526557,-0.3868691609955058,-0.1450958744173524,-0.39717211566210464,-0.1948838756353893,-0.2005090324647636,0.4008100857318471,0.7352753998933024,1.7977896859131859,1.6631880193722024
2024,12,-1.0259826885253425,-2.4492935982947064e-16,1.0,2.1748202662558915,-1.1495626207485143,0.24953220661138098,1.4655879011747774,1.4380185946467532,2.315587278424441,0.5661014111826909,1.6615500708521829,1.7242059694265277,0.38168756781730334,-0.3597900022830472,1.4603031695071362,-0.38222218948414516,0.18935305707961061,-1.2350366626119151,-0.6936825428347455,-0.5188280767694732,-1.437839173050044,-0.9864889827843902,0.22154550092129918,1.1010185964163273,0.35501171065785186,-0.13015379989255169,3.3096200261706827,-0.11234319157423214,-0.2407696541423597,0.09232288235664471,-0.21997021098516734,-0.16799477487613454,2.7367185991428182,-0.14817069665110466,-0.059780332578877916,1.0997396142657008,-0.2068521675459567,0.041564213090052045,5.702117572566787,-0.14991002960470054,0.569361205280052,0.7788247675159398,0.8072346970217192,2.656866281647123,1.1994129413414893,0.9949428330172997
2025,1,-0.37211425291191813,0.4999999999999999,0.8660254037844387,2.213312660348916,-1.0510933737368622,-0.7534059421268404,0.35610529152135634,1.4725046217980602,2.843041684937118,-0.4062705252307519,0.8897236664408754,2.1299774543643877,0.03581347475389453,0.22263950573568475,0.8273181889766612,1.1346574205704911,0.38037306236185425,-0.5175292972828354,-1.2538153806172632,0.18829502743449944,-1.1921788142957284,-1.2792976885627936,0.3125235332392077,1.2617521105243419,-0.6877068159391492,0.3981013927990976,-0.2586123973348332,-0.17745975737134964,-0.19976475551517006,0.011038731052309576,-0.31014331210205837,0.2731004581904102,-0.20918865928088579,-0.22457052772721287,0.7067001303553755,-0.18926596488888509,-0.3414558398846599,5.74239829330777,-0.3798612632119267,-0.32122080898440425,-0.20481988968846107,-0.2038514686421721,1.2865643416769914,2.176468561208668,0.7207115456841322,0.8835686352914826
2025,2,0.5755060856878743,0.8660254037844386,0.5000000000000001,2.251805054441941,-0.39953791403660366,-1.1998151256903498,-0.1420465662494157,0.7634235021255757,1.6441448427401077,1.0527124414354072,-0.010549756347257,1.804815471282655,0.8968411172117173,-0.003310736169572093,-0.3241465295860084,1.2175826572380963,0.38999977836984967,0.18992106955708013,-1.2934503886071156,0.37824240755534216,-0.5518734923662612,-1.7336346903994133,1.8723163950129955,0.24664129515518773,0.3549709571783475,-0.2576444764417673,-0.14885348751085373,1.6243147260825876,-0.015016514695109682,-0.23623635216684777,-0.26235950094532834,-0.21385308292434319,-0.18230595618678913,1.267632191379196,-0.37744438745586384,-0.056077095046566466,-0.1863460229105965,-0.4038500891008566,0.04785818628760574,-0.13533117096716463,-0.7123846075662135,0.5674156792948495,-0.20673185897981755,2.2965679913182817,2.635517128313561,1.7745622170980195
2025,3,1.8503033549509542,1.0,6.123233995736766e-17,2.2902974485349654,0.5447303388856608,-1.1015554583165468,0.2525421421426958,0.3951187823298206,1.6822740769458437,2.3612234438200668,0.06001504959101241,0.9882281020417212,1.7770324717070154,-0.6892632633879247,0.26853260558507147,1.5436931385152,3.6147333103514647,0.38089590108249893,-1.2853765906832566,1.3505952808984305,0.1607192856194021,-1.5463498608230417,5.514482150349269,0.33830122476176566,1.1440398273405898,3.958549524581506,0.37178957209143326,3.2722677629054555,1.6154828345662489,-0.19527100665722488,0.08848055533715517,3.6418096082105182,0.25495979779493566,2.7104745061740005,0.019547763553457487,0.7096240070363224,1.1054493800623755,0.06147776978424252,5.73919261998641,5.707296860176523,0.546177172489551,-0.21387877717439768,0.7753911192299354,2.056369131099054,2.1568157326562036,1.217691228468934
2025,4,2.34966772072169,0.8660254037844387,-0.4999999999999998,2.32878984262799,1.8150181759489603,-0.45138675398841405,-0.745751984514218,-0.2120168009392354,0.8982835069612416,2.897481721044757,-1.317810465276662,0.03574461390190846,2.1914219868398828,-1.5444534219934816,0.03860607864853282,0.8998578740509765,2.729183602964302,0.3905203404968605,-0.5896668604910058,2.0784813215754157,0.35213592929389065,-1.2961402616373836,4.661123231828011,1.90978502440518,1.3084801171404374,7.666216954769059,-0.27450702926050297,-0.2742290235140643,3.9379176358490513,-0.010700973054693384,0.007177359059642217,7.260932201993234,-0.2277661338124245,-0.22344110226007624,3.972196053630025,-0.37341814765509396,-0.18162759204525986,0.43086677912016114,-0.39681389496409586,-0.3699124554969761,1.1150139770279128,-0.7261071213622571,-0.2100838145368474,2.416667421427895,2.2764910815705433,0.7721944375656654
2025,5,2.0318525716691584,0.4999999999999999,-0.8660254037844387,2.3672822367210147,2.312616104181176,0.4908717405119499,-1.1900941073039641,-0.19462253285852998,0.4910699749833178,1.6785737979554116,-1.21892437911722,0.11040172450708205,1.8593540089002412,-1.2041777588851648,-0.6594178796209622,-0.2713446258499302,0.48821391472108233,3.6144912647705376,0.09629139948151966,1.9233174414814027,1.3320100574033091,-0.6439775001368919,2.8521984354018364,5.579249490102326,0.2699591989323792,2.690028493597474,3.880931809654796,-0.16513870237706973,2.909061949737173,1.6182256047912258,-0.24015566100515948,2.9405535117282184,3.5944226529885084,-0.19666782826133133,-0.09061469672036893,0.023170339913660083,-0.04863799906962614,-0.3532564272358563,0.06773855981125182,0.05747157413858405,-0.36131211102434235,0.5440186260529897,0.563379930247796,1.455871980550985,2.0371403837418645,2.5541816011787395
2025,6,1.8277657325546912,1.2246467991473532e-16,-1.0,2.4057746308140393,1.9959251855465083,1.7584559267102808,-1.092289423186666,-0.4320921057863877,-0.18020522721765764,1.7173394565499678,-1.3009321265589966,-1.3473288040526195,1.0254234431405636,-0.4606124209818065,-1.5296577226078647,0.33149389239659877,-0.16478029359653115,2.7291509784179873,0.2814644791378142,1.0234339141505684,2.0655263754239135,0.08181136651823928,0.0187131211773314,4.719494487625677,0.36373295527177185,0.07656302454998778,7.5351719222879785,0.3523328966106253,-0.14769909529170536,3.9384201972255335,-0.19918071726643616,0.02442163169826427,7.182124924719821,0.23881798581929667,-0.3729186429165723,3.9717995590739186,0.7159174628661477,-0.4023042524703638,0.4365120337768568,5.744342833147048,1.1108739711724662,1.118082039522907,-0.22013968120793698,0.7352753998933024,2.3961664304848824,2.108684810275471
2025,7,0.7172503939277555,-0.4999999999999997,-0.8660254037844388,2.444267024907064,1.7925602775077063,2.2549947791725655,-0.4451312712273645,-1.4433797265479542,-0.16097337663142863,0.9202631079040086,-1.4939364065847553,-1.2427079612180696,0.05271051117403219,-0.49301962699212276,-1.1833938692930757,0.09762609010930631,1.1810129712515307,0.48871125047708697,0.29079653128357325,1.264909097905506,1.9091622859154864,0.2767727430061599,-0.41174226250153356,2.89701146310132,1.9714577217163778,-0.33897586265259144,2.630690108525155,-0.2900268344061948,-0.27937445906832314,2.9105569400983473,-0.014567438685849522,-0.3481210000491406,2.8992546874885186,-0.24194295507214758,-0.37767653585528915,-0.08688010666512871,-0.36550424675857457,-0.41637388724777274,-0.34630454039466885,-0.38685179290528754,1.0197938423526414,-0.37180888655695143,-0.7338268703227652,3.137264002085578,1.4387636391701681,2.220059008001288
2025,8,0.1644891997104891,-0.8660254037844385,-0.5000000000000004,2.4827594190000886,0.6859732447746552,1.9389778980679069,0.49276417330798966,-2.0521791093725574,-0.4235299455042574,0.5062526751068859,-1.1659054168176555,-1.3294716302997622,0.1289532364844035,1.0886320663446811,-0.4267432268644632,-0.6123630148425568,-1.4277189015667906,-0.1641285331689798,3.416824291075823,-0.6932144174046261,1.0023180620570542,1.274792586703661,-0.724966066074967,0.04228864896581602,5.725545993213913,-0.41288786902717334,0.054884556976018635,3.840099440803688,-0.28178774436118237,-0.1432555687059509,1.6147407985916546,-0.40898305906747723,0.008439939012027197,3.5646871782801646,-0.3459388616051432,-0.3688970049136144,0.030490866069035095,-0.38135302626887896,-0.3952706342551891,0.0773363573677256,0.7970615273296145,1.1139039943011464,0.539916241348587,2.416667421427895,0.7207115456841322,1.9973106125496538
2025,9,-0.1204556939087239,-1.0,-1.8369701987210294e-16,2.521251813093113,0.13516737254316094,1.7360458271337995,1.75447891585416,-0.3248526617062305,-1.5416530152391212,-0.17622694593937266,-0.08235421428173978,-1.5336689166036486,-1.359737490555571,0.9923106484806874,-0.45972073670396735,-1.4975200354518343,-0.9919207128452955,1.1813464690050082,2.5583803481844956,-0.66354351141255,1.2456610825064243,2.0218924641878675,-0.297317914162539,-0.3913930779471839,4.845963645072622,0.44798836759175825,-0.35466643392766345,7.472080006555882,-0.32268245439943766,-0.27480391909347457,3.9354790153742663,0.28215227496712436,-0.3608683702817836,7.1377853005473115,-0.35982179559057786,-0.37365006000496165,3.9732121556896387,-0.3962353405295708,-0.4093168239445364,0.4458206372164419,1.4611184665432484,1.0219869994224116,1.1156146082684675,2.176468561208668,3.1142185239709184,2.331433205727105
2025,10,-0.6163527331569578,-0.8660254037844386,0.5000000000000001,2.559744207186138,-0.14876956498026261,0.6318140283098822,2.24871858626024,0.8841245971551474,-2.214767785757042,-0.1566740918236948,0.34875860686275056,-1.1866142402768853,-1.2528946444111697,1.9078142182721094,1.1497649518518094,-1.1453207156725633,-0.5436835090572897,-1.4267684725182388,0.3860044340740122,-0.7951760635038156,-0.7276087302296143,1.862632759604998,0.5896487086047963,-0.7069645522380618,2.981451204271426,-0.3158676955315422,-0.427513371681607,2.597473499148267,-0.2668176157856711,-0.2772148765435612,2.9073749286653188,-0.3260580571801124,-0.421202040044019,2.872348972916865,-0.373732311564063,-0.3419446567676074,-0.07939492329629842,-0.413867963876886,-0.3743543203560536,-0.3363820480399758,1.3319502838533144,0.7972081664916868,-0.37851958127759855,0.8553748300029161,2.3961664304848824,1.4404396239205681
2025,11,-1.1300024842004022,-0.5000000000000004,0.8660254037844384,2.5982366012791624,-0.6429124319138237,0.0821804783894723,1.9341649951658002,0.49313170160195813,-0.3049614058030913,-0.42361305670725957,0.4737727427885257,-0.040224040538221456,-1.341501054907011,0.43778734563750415,1.0517484642732853,-0.37569997985860176,0.08270202355283122,-0.9910733444231579,-0.24700229406021817,0.10013068750770253,-0.6977083165667819,0.9389952182205896,0.7919670881661772,-0.27611109781618176,0.060893849075324,-0.3435085271729079,0.4209576778662383,0.037358286127460935,-0.26142070285582036,-0.3180701397516046,-0.14715309203628044,-0.34719851809338925,0.2639330289501616,-0.00669838588724041,-0.37278992697233654,-0.35581347452207,-0.36098986853998954,-0.41637388724777274,-0.38921183531143844,-0.3853097424296252,1.1166699793700916,1.4673666200621,1.11142466382218,-0.10542061087399415,2.1568157326562036,0.7721944375656654
2025,12,-0.9368723968970415,-2.4492935982947064e-16,1.0,2.636728995372187,-1.1547452126964959,-0.20115213440979546,1.7321725843888112,0.9639869758213333,1.0317358266813141,-1.560398992510774,0.2788613058455173,0.41589055006447734,-1.5500352117018708,-0.5875406445222102,1.9833631172392634,-0.4092427722185327,0.1783201915423576,-0.5429421429274974,1.0575976250131787,0.3426105294790745,-0.8303590607022759,1.186844565669264,0.14543393542283178,0.6175035049062698,-0.382789282287982,-0.30655778769346975,-0.331891254434583,-0.36969795369222447,-0.29296490235421907,-0.26225918807826504,-0.2787322643585172,-0.3251934423598072,-0.33899697239427584,-0.3745033837748117,-0.37767653585528915,-0.36970984621909114,-0.3657358121217422,-0.40199004226441676,-0.406815076346158,-0.39934491702241687,0.7457254547220767,1.3370116091431665,1.019245886003859,-0.7059177614220631,0.8403868945984715,2.999678392082008
