anio,mes,departamento,provincia,num_emergencias,personas_afectadas,personas_damnificadas,total_afectados,hectareas_cultivo_perdidas,hectareas_cultivo_afectadas
2016,1,AMAZONAS,BAGUA,2,86,96,182,0.0,0.0
2016,2,AMAZONAS,BAGUA,1,0,0,0,0.0,0.0
2016,3,AMAZONAS,BAGUA,2,0,0,0,0.0,0.0
2016,4,AMAZONAS,BAGUA,0,0,0,0,0.0,0.0
2016,5,AMAZONAS,BAGUA,2,5,22,27,0.0,0.0
2016,6,AMAZONAS,BAGUA,0,0,0,0,0.0,0.0
2016,7,AMAZONAS,BAGUA,0,0,0,0,0.0,0.0
2016,8,AMAZONAS,BAGUA,2,0,94,94,0.0,0.0
2016,9,AMAZONAS,BAGUA,0,0,0,0,0.0,0.0
2016,10,AMAZONAS,BAGUA,4,0,32,32,0.0,0.0
2016,11,AMAZONAS,BAGUA,1,0,10,10,0.0,0.0
2016,12,AMAZONAS,BAGUA,4,0,0,0,1636.0,4456.0
2017,1,AMAZONAS,BAGUA,0,0,0,0,0.0,0.0
2017,2,AMAZONAS,BAGUA,0,0,0,0,0.0,0.0
2017,3,AMAZONAS,BAGUA,2,3,4,7,0.0,0.0
2017,4,AMAZONAS,BAGUA,6,15,5,20,0.0,0.0
2017,5,AMAZONAS,BAGUA,0,0,0,0,0.0,0.0
2017,6,AMAZONAS,BAGUA,0,0,0,0,0.0,0.0
2017,7,AMAZONAS,BAGUA,1,0,4,4,0.0,0.0
2017,8,AMAZONAS,BAGUA,0,0,0,0,0.0,0.0
2017,9,AMAZONAS,BAGUA,8,13,9,22,0.0,0.0
2017,10,AMAZONAS,BAGUA,0,0,0,0,0.0,0.0
2017,11,AMAZONAS,BAGUA,0,0,0,0,0.0,0.0
2017,12,AMAZONAS,BAGUA,3,86,102,188,0.0,0.0
2018,1,AMAZONAS,BAGUA,1,0,0,0,0.0,0.0
2018,2,AMAZONAS,BAGUA,2,42,111,153,0.0,0.0
2018,3,AMAZONAS,BAGUA,1,0,18,18,0.0,0.0
2018,4,AMAZONAS,BAGUA,1,0,2,2,0.0,0.0
2018,5,AMAZONAS,BAGUA,4,126,14,140,0.0,0.0
2018,6,AMAZONAS,BAGUA,0,0,0,0,0.0,0.0
2018,7,AMAZONAS,BAGUA,1,0,6,6,0.0,0.0
2018,8,AMAZONAS,BAGUA,0,0,0,0,0.0,0.0
2018,9,AMAZONAS,BAGUA,2,25,0,25,0.0,0.0
2018,10,AMAZONAS,BAGUA,3,183,0,183,0.0,0.0
2018,11,AMAZONAS,BAGUA,1,0,6,6,0.0,0.0
2018,12,AMAZONAS,BAGUA,0,0,0,0,0.0,0.0
2019,1,AMAZONAS,BAGUA,0,0,0,0,0.0,0.0
2019,2,AMAZONAS,BAGUA,0,0,0,0,0.0,0.0
2019,3,AMAZONAS,BAGUA,0,0,0,0,0.0,0.0
2019,4,AMAZONAS,BAGUA,5,76,15,91,0.0,9.0
2019,5,AMAZONAS,BAGUA,1,0,4,4,0.0,0.0
2019,6,AMAZONAS,BAGUA,0,0,0,0,0.0,0.0
2019,7,AMAZONAS,BAGUA,0,0,0,0,0.0,0.0
2019,8,AMAZONAS,BAGUA,0,0,0,0,0.0,0.0
2019,9,AMAZONAS,BAGUA,0,0,0,0,0.0,0.0
2019,10,AMAZONAS,BAGUA,0,0,0,0,0.0,0.0
2019,11,AMAZONAS,BAGUA,0,0,0,0,0.0,0.0
2019,12,AMAZONAS,BAGUA,1,18,7,25,0.0,0.0
2020,1,AMAZONAS,BAGUA,2,2,8,10,0.0,0.0
2020,2,AMAZONAS,BAGUA,4,52,8,60,0.0,0.0
2020,3,AMAZONAS,BAGUA,0,0,0,0,0.0,0.0
2020,4,AMAZONAS,BAGUA,0,0,0,0,0.0,0.0
2020,5,AMAZONAS,BAGUA,2,17,26,43,0.0,0.0
2020,6,AMAZONAS,BAGUA,0,0,0,0,0.0,0.0
2020,7,AMAZONAS,BAGUA,1,21,0,21,0.0,0.0
2020,8,AMAZONAS,BAGUA,1,9,0,9,0.0,0.0
2020,9,AMAZONAS,BAGUA,0,0,0,0,0.0,0.0
2020,10,AMAZONAS,BAGUA,1,3,6,9,0.0,0.0
2020,11,AMAZONAS,BAGUA,0,0,0,0,0.0,0.0
2020,12,AMAZONAS,BAGUA,3,9,0,9,0.0,0.0
2021,1,AMAZONAS,BAGUA,2,93,0,93,0.0,0.0
2021,2,AMAZONAS,BAGUA,2,5,34,39,0.0,0.0
2021,3,AMAZONAS,BAGUA,7,2,0,2,0.0,0.0
2021,4,AMAZONAS,BAGUA,1,7,0,7,0.0,0.0
2021,5,AMAZONAS,BAGUA,4,21,23,44,0.0,0.0
2021,6,AMAZONAS,BAGUA,8,11,10,21,5.0,4.0
2021,7,AMAZONAS,BAGUA,5,5,36,41,0.0,0.0
2021,8,AMAZONAS,BAGUA,3,0,8,8,0.0,0.0
2021,9,AMAZONAS,BAGUA,3,70,28,98,0.0,0.0
2021,10,AMAZONAS,BAGUA,6,37,5,42,0.0,0.0
2021,11,AMAZONAS,BAGUA,2,25,0,25,0.0,0.0
2021,12,AMAZONAS,BAGUA,3,6,201,207,1.0,1.25
2022,1,AMAZONAS,BAGUA,2,73,23,96,0.0,0.0
2022,2,AMAZONAS,BAGUA,2,20,6,26,0.0,0.0
2022,3,AMAZONAS,BAGUA,4,1167,106,1273,527.49,288.74
2022,4,AMAZONAS,BAGUA,3,60,16,76,2.0,18.0
2022,5,AMAZONAS,BAGUA,3,85,37,122,12.5,41.0
2022,6,AMAZONAS,BAGUA,2,13,2,15,5.0,10.0
2022,7,AMAZONAS,BAGUA,2,20,0,20,0.0,0.0
2022,8,AMAZONAS,BAGUA,0,0,0,0,0.0,0.0
2022,9,AMAZONAS,BAGUA,1,38,39,77,0.0,0.0
2022,10,AMAZONAS,BAGUA,3,81,66,147,0.0,0.0
2022,11,AMAZONAS,BAGUA,3,111,31,142,0.0,0.0
2022,12,AMAZONAS,BAGUA,0,0,0,0,0.0,0.0
2023,1,AMAZONAS,BAGUA,3,22,6,28,0.0,0.0
2023,2,AMAZONAS,BAGUA,4,0,15,15,0.0,0.0
2023,3,AMAZONAS,BAGUA,10,435,134,569,704.0,0.5
2023,4,AMAZONAS,BAGUA,14,190,63,253,11.5,12.0
2023,5,AMAZONAS,BAGUA,8,134,5,139,193.75,0.0
2023,6,AMAZONAS,BAGUA,5,14,45,59,0.0,0.0
2023,7,AMAZONAS,BAGUA,5,6,16,22,0.0,0.0
2023,8,AMAZONAS,BAGUA,4,100,8,108,0.0,0.0
2023,9,AMAZONAS,BAGUA,6,208,3,211,0.0,0.0
2023,10,AMAZONAS,BAGUA,6,80,0,80,0.0,0.0
2023,11,AMAZONAS,BAGUA,5,33,4,37,3.5,0.0
2023,12,AMAZONAS,BAGUA,2,50,17,67,0.0,0.0
2024,1,AMAZONAS,BAGUA,0,0,0,0,0.0,0.0
2024,2,AMAZONAS,BAGUA,7,35,49,84,0.0,0.0
2024,3,AMAZONAS,BAGUA,2,10,12,22,0.0,0.0
2024,4,AMAZONAS,BAGUA,6,5,19,24,0.0,0.0
2024,5,AMAZONAS,BAGUA,3,5,17,22,0.0,0.0
2024,6,AMAZONAS,BAGUA,2,2,5,7,0.0,0.0
2024,7,AMAZONAS,BAGUA,3,7,21,28,0.0,0.0
2024,8,AMAZONAS,BAGUA,9,38,129,167,0.0,0.0
2024,9,AMAZONAS,BAGUA,10,126,262,388,2.0,2.0
2024,10,AMAZONAS,BAGUA,7,87,29,116,0.75,0.5
2024,11,AMAZONAS,BAGUA,6,62,0,62,0.0,0.0
2024,12,AMAZONAS,BAGUA,3,2,15,17,0.0,0.0
2025,1,AMAZONAS,BAGUA,8,22,49,71,0.0,0.0
2025,2,AMAZONAS,BAGUA,25,714,269,983,0.0,0.0
2025,3,AMAZONAS,BAGUA,8,11,68,79,0.0,0.0
2025,4,AMAZONAS,BAGUA,12,60,51,111,0.0,0.0
2025,5,AMAZONAS,BAGUA,8,39,14,53,0.0,0.0
2025,6,AMAZONAS,BAGUA,4,13,29,42,0.0,0.0
2025,7,AMAZONAS,BAGUA,2,1,1,2,0.0,0.0
2025,8,AMAZONAS,BAGUA,2,0,0,0,0.0,0.0
2025,9,AMAZONAS,BAGUA,2,59,0,59,0.0,0.0
2025,10,AMAZONAS,BAGUA,7,260,17,277,0.0,0.0
2025,11,AMAZONAS,BAGUA,4,109,16,125,0.0,0.0
2025,12,AMAZONAS,BAGUA,0,0,0,0,0.0,0.0
2016,1,AMAZONAS,CHACHAPOYAS,3,9,23,32,0.0,0.0
2016,2,AMAZONAS,CHACHAPOYAS,3,16,6,22,0.0,0.0
2016,3,AMAZONAS,CHACHAPOYAS,4,0,13,13,0.0,0.0
2016,4,AMAZONAS,CHACHAPOYAS,4,1,24,25,0.0,0.0
2016,5,AMAZONAS,CHACHAPOYAS,1,0,1,1,0.0,0.0
2016,6,AMAZONAS,CHACHAPOYAS,1,0,0,0,0.0,0.0
2016,7,AMAZONAS,CHACHAPOYAS,2,710,0,710,2.0,15.0
2016,8,AMAZONAS,CHACHAPOYAS,3,609,0,609,3.0,12.0
2016,9,AMAZONAS,CHACHAPOYAS,1,0,3,3,0.0,0.0
2016,10,AMAZONAS,CHACHAPOYAS,2,2,2,4,0.0,0.0
2016,11,AMAZONAS,CHACHAPOYAS,2,0,0,0,0.0,30.0
2016,12,AMAZONAS,CHACHAPOYAS,0,0,0,0,0.0,0.0
2017,1,AMAZONAS,CHACHAPOYAS,3,0,59,59,0.0,0.0
2017,2,AMAZONAS,CHACHAPOYAS,4,4,19,23,0.0,0.0
2017,3,AMAZONAS,CHACHAPOYAS,3,0,13,13,0.0,0.0
2017,4,AMAZONAS,CHACHAPOYAS,2,0,12,12,0.0,0.0
2017,5,AMAZONAS,CHACHAPOYAS,3,0,18,18,0.0,0.0
2017,6,AMAZONAS,CHACHAPOYAS,1,0,0,0,0.0,0.0
2017,7,AMAZONAS,CHACHAPOYAS,2,0,11,11,0.0,0.0
2017,8,AMAZONAS,CHACHAPOYAS,5,0,194,194,0.0,0.0
2017,9,AMAZONAS,CHACHAPOYAS,3,59,0,59,0.0,0.0
2017,10,AMAZONAS,CHACHAPOYAS,3,8,14,22,0.0,0.0
2017,11,AMAZONAS,CHACHAPOYAS,1,6,0,6,0.0,0.0
2017,12,AMAZONAS,CHACHAPOYAS,2,459,5,464,0.0,0.0
2018,1,AMAZONAS,CHACHAPOYAS,2,0,4,4,0.0,0.0
2018,2,AMAZONAS,CHACHAPOYAS,7,14,27,41,0.0,60.0
2018,3,AMAZONAS,CHACHAPOYAS,2,0,8,8,0.0,0.0
2018,4,AMAZONAS,CHACHAPOYAS,10,74,7,81,0.0,0.0
2018,5,AMAZONAS,CHACHAPOYAS,4,105,0,105,0.0,0.0
2018,6,AMAZONAS,CHACHAPOYAS,1,0,3,3,0.0,0.0
2018,7,AMAZONAS,CHACHAPOYAS,3,128,5,133,0.0,0.0
2018,8,AMAZONAS,CHACHAPOYAS,3,80,0,80,0.0,0.0
2018,9,AMAZONAS,CHACHAPOYAS,3,6,2,8,0.0,0.0
2018,10,AMAZONAS,CHACHAPOYAS,3,26,8,34,0.0,0.0
2018,11,AMAZONAS,CHACHAPOYAS,2,19,0,19,0.0,0.0
2018,12,AMAZONAS,CHACHAPOYAS,0,0,0,0,0.0,0.0
2019,1,AMAZONAS,CHACHAPOYAS,4,11,3,14,0.0,0.0
2019,2,AMAZONAS,CHACHAPOYAS,2,0,44,44,0.0,1.0
2019,3,AMAZONAS,CHACHAPOYAS,8,12,16,28,2.5,2.5
2019,4,AMAZONAS,CHACHAPOYAS,16,198,0,198,3.0,6.0
2019,5,AMAZONAS,CHACHAPOYAS,4,0,40,40,65.0,0.0
2019,6,AMAZONAS,CHACHAPOYAS,3,16,5,21,0.0,0.0
2019,7,AMAZONAS,CHACHAPOYAS,0,0,0,0,0.0,0.0
2019,8,AMAZONAS,CHACHAPOYAS,0,0,0,0,0.0,0.0
2019,9,AMAZONAS,CHACHAPOYAS,1,0,0,0,0.0,0.0
2019,10,AMAZONAS,CHACHAPOYAS,4,18,12,30,0.0,0.0
2019,11,AMAZONAS,CHACHAPOYAS,7,67,39,106,10.0,10.0
2019,12,AMAZONAS,CHACHAPOYAS,0,0,0,0,0.0,0.0
2020,1,AMAZONAS,CHACHAPOYAS,7,71,42,113,0.0,0.0
2020,2,AMAZONAS,CHACHAPOYAS,2,0,0,0,0.0,0.0
2020,3,AMAZONAS,CHACHAPOYAS,0,0,0,0,0.0,0.0
2020,4,AMAZONAS,CHACHAPOYAS,0,0,0,0,0.0,0.0
2020,5,AMAZONAS,CHACHAPOYAS,0,0,0,0,0.0,0.0
2020,6,AMAZONAS,CHACHAPOYAS,0,0,0,0,0.0,0.0
2020,7,AMAZONAS,CHACHAPOYAS,2,109,0,109,0.0,0.0
2020,8,AMAZONAS,CHACHAPOYAS,2,100,6,106,0.0,0.0
2020,9,AMAZONAS,CHACHAPOYAS,1,117,0,117,19.5,19.5
2020,10,AMAZONAS,CHACHAPOYAS,2,196,0,196,0.0,0.0
2020,11,AMAZONAS,CHACHAPOYAS,8,37,6,43,0.0,0.0
2020,12,AMAZONAS,CHACHAPOYAS,1,9,0,9,0.0,0.0
2021,1,AMAZONAS,CHACHAPOYAS,2,3,5,8,0.0,0.0
2021,2,AMAZONAS,CHACHAPOYAS,7,69,0,69,0.0,0.0
2021,3,AMAZONAS,CHACHAPOYAS,8,199,4,203,6.45,3.5
2021,4,AMAZONAS,CHACHAPOYAS,0,0,0,0,0.0,0.0
2021,5,AMAZONAS,CHACHAPOYAS,1,0,3,3,0.0,0.0
2021,6,AMAZONAS,CHACHAPOYAS,1,0,0,0,0.0,0.0
2021,7,AMAZONAS,CHACHAPOYAS,4,52,3,55,0.0,0.0
2021,8,AMAZONAS,CHACHAPOYAS,2,151,0,151,0.0,0.0
2021,9,AMAZONAS,CHACHAPOYAS,3,6,0,6,0.0,0.0
2021,10,AMAZONAS,CHACHAPOYAS,2,7,0,7,0.0,0.0
2021,11,AMAZONAS,CHACHAPOYAS,2,1,7,8,0.0,0.0
2021,12,AMAZONAS,CHACHAPOYAS,3,14,3,17,44.75,113.25
2022,1,AMAZONAS,CHACHAPOYAS,2,15,7,22,0.0,0.0
2022,2,AMAZONAS,CHACHAPOYAS,1,0,0,0,0.0,0.0
2022,3,AMAZONAS,CHACHAPOYAS,11,194,11,205,13.0,34.0
2022,4,AMAZONAS,CHACHAPOYAS,11,57,26,83,0.0,0.0
2022,5,AMAZONAS,CHACHAPOYAS,3,56,5,61,0.0,0.0
2022,6,AMAZONAS,CHACHAPOYAS,1,6,6,12,0.0,0.0
2022,7,AMAZONAS,CHACHAPOYAS,2,32,0,32,0.0,0.0
2022,8,AMAZONAS,CHACHAPOYAS,0,0,0,0,0.0,0.0
2022,9,AMAZONAS,CHACHAPOYAS,3,355,0,355,2422.0,2798.0
2022,10,AMAZONAS,CHACHAPOYAS,4,78,0,78,43.0,44.5
2022,11,AMAZONAS,CHACHAPOYAS,7,135,29,164,8.0,11.0
2022,12,AMAZONAS,CHACHAPOYAS,1,6,0,6,0.0,0.0
2023,1,AMAZONAS,CHACHAPOYAS,5,5,8,13,44.5,55.0
2023,2,AMAZONAS,CHACHAPOYAS,10,43,22,65,0.0,0.0
2023,3,AMAZONAS,CHACHAPOYAS,13,266,84,350,31.3,51.9
2023,4,AMAZONAS,CHACHAPOYAS,8,53,3,56,0.5,5.0
2023,5,AMAZONAS,CHACHAPOYAS,6,52,2,54,0.0,2.0
2023,6,AMAZONAS,CHACHAPOYAS,4,8,7,15,0.0,0.0
2023,7,AMAZONAS,CHACHAPOYAS,3,38,0,38,0.0,0.0
2023,8,AMAZONAS,CHACHAPOYAS,0,0,0,0,0.0,0.0
2023,9,AMAZONAS,CHACHAPOYAS,1,3,0,3,0.0,0.0
2023,10,AMAZONAS,CHACHAPOYAS,8,103,11,114,0.0,0.0
2023,11,AMAZONAS,CHACHAPOYAS,2,11,0,11,0.0,0.0
2023,12,AMAZONAS,CHACHAPOYAS,3,9,4,13,0.0,0.0
2024,1,AMAZONAS,CHACHAPOYAS,1,4,0,4,0.0,0.0
2024,2,AMAZONAS,CHACHAPOYAS,9,100,0,100,0.0,0.0
2024,3,AMAZONAS,CHACHAPOYAS,6,29,0,29,9.0,17.5
2024,4,AMAZONAS,CHACHAPOYAS,2,33,7,40,0.0,0.0
2024,5,AMAZONAS,CHACHAPOYAS,0,0,0,0,0.0,0.0
2024,6,AMAZONAS,CHACHAPOYAS,2,0,15,15,0.0,0.0
2024,7,AMAZONAS,CHACHAPOYAS,0,0,0,0,0.0,0.0
2024,8,AMAZONAS,CHACHAPOYAS,4,64,0,64,0.0,0.0
2024,9,AMAZONAS,CHACHAPOYAS,1,0,1,1,0.0,0.0
2024,10,AMAZONAS,CHACHAPOYAS,2,0,41,41,0.0,0.0
2024,11,AMAZONAS,CHACHAPOYAS,2,2,6,8,0.0,0.0
2024,12,AMAZONAS,CHACHAPOYAS,4,37,0,37,0.0,0.0
2025,1,AMAZONAS,CHACHAPOYAS,14,163,0,163,0.0,0.0
2025,2,AMAZONAS,CHACHAPOYAS,44,249,44,293,0.0,2.0
2025,3,AMAZONAS,CHACHAPOYAS,13,61,34,95,0.0,0.0
2025,4,AMAZONAS,CHACHAPOYAS,20,204,32,236,0.0,0.0
2025,5,AMAZONAS,CHACHAPOYAS,5,0,0,0,0.0,0.0
2025,6,AMAZONAS,CHACHAPOYAS,2,18,0,18,0.0,0.0
2025,7,AMAZONAS,CHACHAPOYAS,3,38,4,42,0.0,0.0
2025,8,AMAZONAS,CHACHAPOYAS,3,6,7,13,0.0,0.0
2025,9,AMAZONAS,CHACHAPOYAS,8,112,0,112,16.5,0.0
2025,10,AMAZONAS,CHACHAPOYAS,7,183,0,183,0.0,0.0
2025,11,AMAZONAS,CHACHAPOYAS,5,144,127,271,0.0,0.0
2025,12,AMAZONAS,CHACHAPOYAS,0,0,0,0,0.0,0.0
2016,1,AMAZONAS,LUYA,0,0,0,0,0.0,0.0
2016,2,AMAZONAS,LUYA,2,24,22,46,0.0,0.0
2016,3,AMAZONAS,LUYA,0,0,0,0,0.0,0.0
2016,4,AMAZONAS,LUYA,2,0,14,14,0.0,0.0
2016,5,AMAZONAS,LUYA,0,0,0,0,0.0,0.0
2016,6,AMAZONAS,LUYA,1,0,1,1,0.0,0.0
2016,7,AMAZONAS,LUYA,2,2,16,18,0.0,0.0
2016,8,AMAZONAS,LUYA,0,0,0,0,0.0,0.0
2016,9,AMAZONAS,LUYA,0,0,0,0,0.0,0.0
2016,10,AMAZONAS,LUYA,1,0,11,11,0.0,0.0
2016,11,AMAZONAS,LUYA,1,0,0,0,15.0,15.0
2016,12,AMAZONAS,LUYA,6,85,1,86,182.0,118.0
2017,1,AMAZONAS,LUYA,0,0,0,0,0.0,0.0
2017,2,AMAZONAS,LUYA,2,0,15,15,0.0,50.0
2017,3,AMAZONAS,LUYA,4,0,17,17,0.0,0.0
2017,4,AMAZONAS,LUYA,2,0,5,5,0.0,0.0
2017,5,AMAZONAS,LUYA,3,0,13,13,0.0,0.0
2017,6,AMAZONAS,LUYA,0,0,0,0,0.0,0.0
2017,7,AMAZONAS,LUYA,0,0,0,0,0.0,0.0
2017,8,AMAZONAS,LUYA,0,0,0,0,0.0,0.0
2017,9,AMAZONAS,LUYA,0,0,0,0,0.0,0.0
2017,10,AMAZONAS,LUYA,3,0,6,6,0.0,0.0
2017,11,AMAZONAS,LUYA,3,0,10,10,0.0,0.0
2017,12,AMAZONAS,LUYA,2,0,3,3,0.0,0.0
2018,1,AMAZONAS,LUYA,9,16,60,76,0.0,0.0
2018,2,AMAZONAS,LUYA,7,0,60,60,0.0,0.0
2018,3,AMAZONAS,LUYA,3,0,5,5,0.0,0.0
2018,4,AMAZONAS,LUYA,11,88,24,112,0.0,0.0
2018,5,AMAZONAS,LUYA,0,0,0,0,0.0,0.0
2018,6,AMAZONAS,LUYA,4,8,0,8,0.0,0.0
2018,7,AMAZONAS,LUYA,5,263,0,263,0.0,0.0
2018,8,AMAZONAS,LUYA,1,0,0,0,0.0,0.0
2018,9,AMAZONAS,LUYA,3,52,4,56,0.0,0.0
2018,10,AMAZONAS,LUYA,2,0,36,36,0.0,0.0
2018,11,AMAZONAS,LUYA,2,0,0,0,0.0,0.0
2018,12,AMAZONAS,LUYA,1,0,3,3,0.0,0.0
2019,1,AMAZONAS,LUYA,1,0,2,2,0.0,0.0
2019,2,AMAZONAS,LUYA,0,0,0,0,0.0,0.0
2019,3,AMAZONAS,LUYA,15,320,156,476,31.2,53.5
2019,4,AMAZONAS,LUYA,3,60,10,70,0.0,2.0
2019,5,AMAZONAS,LUYA,0,0,0,0,0.0,0.0
2019,6,AMAZONAS,LUYA,1,0,0,0,0.0,0.0
2019,7,AMAZONAS,LUYA,0,0,0,0,0.0,0.0
2019,8,AMAZONAS,LUYA,0,0,0,0,0.0,0.0
2019,9,AMAZONAS,LUYA,0,0,0,0,0.0,0.0
2019,10,AMAZONAS,LUYA,0,0,0,0,0.0,0.0
2019,11,AMAZONAS,LUYA,1,0,2,2,0.0,0.0
2019,12,AMAZONAS,LUYA,0,0,0,0,0.0,0.0
2020,1,AMAZONAS,LUYA,3,18,0,18,0.0,0.0
2020,2,AMAZONAS,LUYA,1,0,0,0,0.0,0.0
2020,3,AMAZONAS,LUYA,0,0,0,0,0.0,0.0
2020,4,AMAZONAS,LUYA,0,0,0,0,0.0,0.0
2020,5,AMAZONAS,LUYA,0,0,0,0,0.0,0.0
2020,6,AMAZONAS,LUYA,0,0,0,0,0.0,0.0
2020,7,AMAZONAS,LUYA,0,0,0,0,0.0,0.0
2020,8,AMAZONAS,LUYA,0,0,0,0,0.0,0.0
2020,9,AMAZONAS,LUYA,1,217,0,217,0.0,0.0
2020,10,AMAZONAS,LUYA,0,0,0,0,0.0,0.0
2020,11,AMAZONAS,LUYA,1,8,0,8,0.0,0.0
2020,12,AMAZONAS,LUYA,4,44,0,44,0.0,0.0
2021,1,AMAZONAS,LUYA,3,3,0,3,0.0,0.0
2021,2,AMAZONAS,LUYA,0,0,0,0,0.0,0.0
2021,3,AMAZONAS,LUYA,5,95,24,119,0.0,0.0
2021,4,AMAZONAS,LUYA,2,8,3,11,0.0,0.0
2021,5,AMAZONAS,LUYA,0,0,0,0,0.0,0.0
2021,6,AMAZONAS,LUYA,0,0,0,0,0.0,0.0
2021,7,AMAZONAS,LUYA,0,0,0,0,0.0,0.0
2021,8,AMAZONAS,LUYA,1,0,0,0,0.0,0.0
2021,9,AMAZONAS,LUYA,1,0,0,0,0.0,0.0
2021,10,AMAZONAS,LUYA,0,0,0,0,0.0,0.0
2021,11,AMAZONAS,LUYA,4,0,0,0,0.0,0.0
2021,12,AMAZONAS,LUYA,1,0,3,3,0.0,0.0
2022,1,AMAZONAS,LUYA,3,0,17,17,0.0,0.0
2022,2,AMAZONAS,LUYA,0,0,0,0,0.0,0.0
2022,3,AMAZONAS,LUYA,6,371,63,434,14.86,45.5
2022,4,AMAZONAS,LUYA,10,47,46,93,0.0,0.0
2022,5,AMAZONAS,LUYA,1,0,0,0,0.0,0.0
2022,6,AMAZONAS,LUYA,1,16,0,16,0.0,0.0
2022,7,AMAZONAS,LUYA,1,20,0,20,0.0,0.0
2022,8,AMAZONAS,LUYA,0,0,0,0,0.0,0.0
2022,9,AMAZONAS,LUYA,1,6,0,6,0.0,0.0
2022,10,AMAZONAS,LUYA,3,2,19,21,0.0,3.0
2022,11,AMAZONAS,LUYA,3,20,0,20,0.0,0.0
2022,12,AMAZONAS,LUYA,0,0,0,0,0.0,0.0
2023,1,AMAZONAS,LUYA,2,8,0,8,0.0,0.0
2023,2,AMAZONAS,LUYA,3,0,1,1,0.0,0.0
2023,3,AMAZONAS,LUYA,15,147,201,348,7.25,0.0
2023,4,AMAZONAS,LUYA,5,31,3,34,0.0,0.0
2023,5,AMAZONAS,LUYA,6,45,10,55,0.0,0.0
2023,6,AMAZONAS,LUYA,1,5,2,7,0.0,0.0
2023,7,AMAZONAS,LUYA,3,0,0,0,0.0,0.0
2023,8,AMAZONAS,LUYA,1,0,5,5,0.0,0.0
2023,9,AMAZONAS,LUYA,3,23,4,27,0.0,0.0
2023,10,AMAZONAS,LUYA,2,0,8,8,0.0,1.0
2023,11,AMAZONAS,LUYA,1,2,0,2,0.0,0.0
2023,12,AMAZONAS,LUYA,5,20,0,20,9.25,9.25
2024,1,AMAZONAS,LUYA,1,9,0,9,0.0,0.0
2024,2,AMAZONAS,LUYA,5,12,9,21,0.0,0.0
2024,3,AMAZONAS,LUYA,2,3,0,3,0.0,0.0
2024,4,AMAZONAS,LUYA,4,0,17,17,0.0,0.0
2024,5,AMAZONAS,LUYA,3,0,14,14,0.0,0.0
2024,6,AMAZONAS,LUYA,8,180,47,227,0.0,0.0
2024,7,AMAZONAS,LUYA,2,1,8,9,0.0,0.0
2024,8,AMAZONAS,LUYA,1,0,0,0,0.0,0.0
2024,9,AMAZONAS,LUYA,2,2,3,5,0.0,0.0
2024,10,AMAZONAS,LUYA,3,16,0,16,0.0,0.0
2024,11,AMAZONAS,LUYA,4,38,17,55,0.0,0.0
2024,12,AMAZONAS,LUYA,1,0,25,25,0.0,0.0
2025,1,AMAZONAS,LUYA,15,23,12,35,0.0,0.0
2025,2,AMAZONAS,LUYA,49,188,69,257,0.0,0.0
2025,3,AMAZONAS,LUYA,38,300,171,471,0.0,0.0
2025,4,AMAZONAS,LUYA,12,39,38,77,0.0,0.0
2025,5,AMAZONAS,LUYA,6,80,12,92,0.0,0.0
2025,6,AMAZONAS,LUYA,2,0,0,0,0.0,0.0
2025,7,AMAZONAS,LUYA,4,86,11,97,0.0,0.0
2025,8,AMAZONAS,LUYA,1,4,20,24,0.0,0.0
2025,9,AMAZONAS,LUYA,1,11,11,22,0.0,0.0
2025,10,AMAZONAS,LUYA,7,33,0,33,0.0,0.0
2025,11,AMAZONAS,LUYA,7,55,44,99,0.0,0.0
2025,12,AMAZONAS,LUYA,1,6,0,6,0.0,0.0
2016,1,AMAZONAS,UTCUBAMBA,1,4,0,4,0.0,0.0
2016,2,AMAZONAS,UTCUBAMBA,4,0,20,20,0.0,0.0
2016,3,AMAZONAS,UTCUBAMBA,3,4,4,8,0.0,0.0
2016,4,AMAZONAS,UTCUBAMBA,1,0,5,5,0.0,0.0
2016,5,AMAZONAS,UTCUBAMBA,3,6,0,6,0.0,0.0
2016,6,AMAZONAS,UTCUBAMBA,1,0,15,15,0.0,0.0
2016,7,AMAZONAS,UTCUBAMBA,0,0,0,0,0.0,0.0
2016,8,AMAZONAS,UTCUBAMBA,1,0,7,7,0.0,0.0
2016,9,AMAZONAS,UTCUBAMBA,1,0,11,11,0.0,0.0
2016,10,AMAZONAS,UTCUBAMBA,4,238,331,569,0.0,0.0
2016,11,AMAZONAS,UTCUBAMBA,2,0,18,18,0.0,0.0
2016,12,AMAZONAS,UTCUBAMBA,4,0,0,0,1148.0,3873.0
2017,1,AMAZONAS,UTCUBAMBA,0,0,0,0,0.0,0.0
2017,2,AMAZONAS,UTCUBAMBA,2,0,1,1,0.0,0.0
2017,3,AMAZONAS,UTCUBAMBA,6,20,15,35,0.0,0.0
2017,4,AMAZONAS,UTCUBAMBA,3,19,10,29,0.0,0.0
2017,5,AMAZONAS,UTCUBAMBA,5,4,5,9,0.0,0.0
2017,6,AMAZONAS,UTCUBAMBA,1,0,0,0,0.0,0.0
2017,7,AMAZONAS,UTCUBAMBA,1,0,33,33,0.0,0.0
2017,8,AMAZONAS,UTCUBAMBA,4,0,67,67,0.0,0.0
2017,9,AMAZONAS,UTCUBAMBA,3,0,154,154,0.0,0.0
2017,10,AMAZONAS,UTCUBAMBA,0,0,0,0,0.0,0.0
2017,11,AMAZONAS,UTCUBAMBA,1,0,16,16,0.0,0.0
2017,12,AMAZONAS,UTCUBAMBA,0,0,0,0,0.0,0.0
2018,1,AMAZONAS,UTCUBAMBA,1,0,0,0,0.0,0.0
2018,2,AMAZONAS,UTCUBAMBA,0,0,0,0,0.0,0.0
2018,3,AMAZONAS,UTCUBAMBA,0,0,0,0,0.0,0.0
2018,4,AMAZONAS,UTCUBAMBA,4,11,6,17,0.0,0.0
2018,5,AMAZONAS,UTCUBAMBA,4,3,0,3,0.0,0.0
2018,6,AMAZONAS,UTCUBAMBA,0,0,0,0,0.0,0.0
2018,7,AMAZONAS,UTCUBAMBA,2,19,0,19,0.0,0.0
2018,8,AMAZONAS,UTCUBAMBA,2,7,6,13,0.0,0.0
2018,9,AMAZONAS,UTCUBAMBA,2,48,3,51,0.0,0.0
2018,10,AMAZONAS,UTCUBAMBA,2,7,18,25,0.0,0.0
2018,11,AMAZONAS,UTCUBAMBA,0,0,0,0,0.0,0.0
2018,12,AMAZONAS,UTCUBAMBA,0,0,0,0,0.0,0.0
2019,1,AMAZONAS,UTCUBAMBA,1,4,0,4,0.0,0.0
2019,2,AMAZONAS,UTCUBAMBA,0,0,0,0,0.0,0.0
2019,3,AMAZONAS,UTCUBAMBA,1,0,0,0,0.0,0.0
2019,4,AMAZONAS,UTCUBAMBA,5,126,3,129,2.0,0.0
2019,5,AMAZONAS,UTCUBAMBA,2,0,3,3,0.0,0.0
2019,6,AMAZONAS,UTCUBAMBA,0,0,0,0,0.0,0.0
2019,7,AMAZONAS,UTCUBAMBA,0,0,0,0,0.0,0.0
2019,8,AMAZONAS,UTCUBAMBA,0,0,0,0,0.0,0.0
2019,9,AMAZONAS,UTCUBAMBA,0,0,0,0,0.0,0.0
2019,10,AMAZONAS,UTCUBAMBA,2,0,12,12,0.0,7.25
2019,11,AMAZONAS,UTCUBAMBA,0,0,0,0,0.0,0.0
2019,12,AMAZONAS,UTCUBAMBA,0,0,0,0,0.0,0.0
2020,1,AMAZONAS,UTCUBAMBA,2,13,4,17,0.0,0.0
2020,2,AMAZONAS,UTCUBAMBA,0,0,0,0,0.0,0.0
2020,3,AMAZONAS,UTCUBAMBA,1,16,0,16,0.0,0.0
2020,4,AMAZONAS,UTCUBAMBA,1,5,0,5,0.0,0.0
2020,5,AMAZONAS,UTCUBAMBA,3,5,6,11,0.0,0.0
2020,6,AMAZONAS,UTCUBAMBA,1,3,0,3,0.0,0.0
2020,7,AMAZONAS,UTCUBAMBA,1,4,0,4,1.0,1.0
2020,8,AMAZONAS,UTCUBAMBA,0,0,0,0,0.0,0.0
2020,9,AMAZONAS,UTCUBAMBA,3,158,2,160,0.0,0.0
2020,10,AMAZONAS,UTCUBAMBA,2,9,1,10,0.0,0.0
2020,11,AMAZONAS,UTCUBAMBA,2,43,17,60,0.0,0.0
2020,12,AMAZONAS,UTCUBAMBA,4,36,11,47,0.0,0.0
2021,1,AMAZONAS,UTCUBAMBA,5,38,6,44,0.0,0.0
2021,2,AMAZONAS,UTCUBAMBA,5,5,91,96,0.0,0.0
2021,3,AMAZONAS,UTCUBAMBA,13,57,118,175,183.3,225.0
2021,4,AMAZONAS,UTCUBAMBA,4,0,13,13,0.0,0.0
2021,5,AMAZONAS,UTCUBAMBA,6,43,23,66,0.0,0.0
2021,6,AMAZONAS,UTCUBAMBA,1,3,0,3,0.0,0.0
2021,7,AMAZONAS,UTCUBAMBA,1,0,1,1,0.0,0.0
2021,8,AMAZONAS,UTCUBAMBA,4,2,3,5,2.08,0.0
2021,9,AMAZONAS,UTCUBAMBA,1,0,4,4,0.0,0.0
2021,10,AMAZONAS,UTCUBAMBA,10,81,76,157,0.0,0.0
2021,11,AMAZONAS,UTCUBAMBA,6,0,20,20,0.0,38.0
2021,12,AMAZONAS,UTCUBAMBA,7,186,425,611,96.9,103.1
2022,1,AMAZONAS,UTCUBAMBA,5,88,29,117,0.5,2.0
2022,2,AMAZONAS,UTCUBAMBA,1,0,0,0,0.0,0.0
2022,3,AMAZONAS,UTCUBAMBA,16,352,536,888,323.3,130.0
2022,4,AMAZONAS,UTCUBAMBA,6,59,66,125,0.0,0.0
2022,5,AMAZONAS,UTCUBAMBA,3,7,62,69,0.05,47.0
2022,6,AMAZONAS,UTCUBAMBA,2,11,19,30,0.0,0.0
2022,7,AMAZONAS,UTCUBAMBA,0,0,0,0,0.0,0.0
2022,8,AMAZONAS,UTCUBAMBA,1,0,0,0,0.0,0.0
2022,9,AMAZONAS,UTCUBAMBA,3,49,43,92,0.0,0.0
2022,10,AMAZONAS,UTCUBAMBA,2,48,13,61,0.0,0.0
2022,11,AMAZONAS,UTCUBAMBA,3,106,13,119,2.0,2.0
2022,12,AMAZONAS,UTCUBAMBA,2,14,13,27,0.0,0.0
2023,1,AMAZONAS,UTCUBAMBA,4,5,2,7,0.0,0.0
2023,2,AMAZONAS,UTCUBAMBA,7,96,28,124,1.0,21.0
2023,3,AMAZONAS,UTCUBAMBA,16,133,111,244,520.0,117.0
2023,4,AMAZONAS,UTCUBAMBA,8,85,70,155,0.0,145.0
2023,5,AMAZONAS,UTCUBAMBA,3,17,11,28,1.0,1.0
2023,6,AMAZONAS,UTCUBAMBA,4,17,6,23,0.0,0.0
2023,7,AMAZONAS,UTCUBAMBA,2,11,5,16,1.1,4.0
2023,8,AMAZONAS,UTCUBAMBA,5,23,27,50,4.5,4.5
2023,9,AMAZONAS,UTCUBAMBA,1,3,0,3,0.0,0.0
2023,10,AMAZONAS,UTCUBAMBA,7,25,66,91,0.0,0.0
2023,11,AMAZONAS,UTCUBAMBA,3,44,32,76,0.0,0.0
2023,12,AMAZONAS,UTCUBAMBA,2,3,0,3,30.0,105.0
2024,1,AMAZONAS,UTCUBAMBA,0,0,0,0,0.0,0.0
2024,2,AMAZONAS,UTCUBAMBA,2,7,27,34,0.0,0.0
2024,3,AMAZONAS,UTCUBAMBA,3,9,5,14,0.0,0.0
2024,4,AMAZONAS,UTCUBAMBA,3,10,7,17,0.0,56.0
2024,5,AMAZONAS,UTCUBAMBA,4,29,76,105,0.0,0.0
2024,6,AMAZONAS,UTCUBAMBA,5,77,35,112,0.0,0.0
2024,7,AMAZONAS,UTCUBAMBA,1,0,17,17,0.0,0.0
2024,8,AMAZONAS,UTCUBAMBA,6,27,24,51,0.0,0.0
2024,9,AMAZONAS,UTCUBAMBA,3,3,3,6,0.0,0.0
2024,10,AMAZONAS,UTCUBAMBA,7,216,83,299,0.0,0.0
2024,11,AMAZONAS,UTCUBAMBA,6,51,0,51,0.0,0.0
2024,12,AMAZONAS,UTCUBAMBA,7,55,26,81,0.0,0.0
2025,1,AMAZONAS,UTCUBAMBA,4,4,12,16,0.0,0.0
2025,2,AMAZONAS,UTCUBAMBA,32,166,126,292,0.0,0.0
2025,3,AMAZONAS,UTCUBAMBA,18,238,514,752,0.0,3.0
2025,4,AMAZONAS,UTCUBAMBA,13,79,88,167,0.0,0.0
2025,5,AMAZONAS,UTCUBAMBA,8,14,52,66,0.0,0.0
2025,6,AMAZONAS,UTCUBAMBA,4,12,15,27,0.0,0.0
2025,7,AMAZONAS,UTCUBAMBA,2,0,57,57,0.0,0.0
2025,8,AMAZONAS,UTCUBAMBA,1,1,0,1,0.0,0.0
2025,9,AMAZONAS,UTCUBAMBA,4,54,31,85,0.0,0.0
2025,10,AMAZONAS,UTCUBAMBA,7,99,56,155,3.52,0.0
2025,11,AMAZONAS,UTCUBAMBA,3,76,12,88,0.0,0.0
2025,12,AMAZONAS,UTCUBAMBA,2,35,0,35,0.0,0.0
2016,1,ANCASH,CASMA,0,0,0,0,0.0,0.0
2016,2,ANCASH,CASMA,0,0,0,0,0.0,0.0
2016,3,ANCASH,CASMA,0,0,0,0,0.0,0.0
2016,4,ANCASH,CASMA,0,0,0,0,0.0,0.0
2016,5,ANCASH,CASMA,0,0,0,0,0.0,0.0
2016,6,ANCASH,CASMA,0,0,0,0,0.0,0.0
2016,7,ANCASH,CASMA,0,0,0,0,0.0,0.0
2016,8,ANCASH,CASMA,0,0,0,0,0.0,0.0
2016,9,ANCASH,CASMA,0,0,0,0,0.0,0.0
2016,10,ANCASH,CASMA,0,0,0,0,0.0,0.0
2016,11,ANCASH,CASMA,0,0,0,0,0.0,0.0
2016,12,ANCASH,CASMA,0,0,0,0,0.0,0.0
2017,1,ANCASH,CASMA,5,0,0,0,0.0,0.0
2017,2,ANCASH,CASMA,2,1245,20,1265,0.0,8.0
2017,3,ANCASH,CASMA,8,12970,2486,15456,303.0,1780.0
2017,4,ANCASH,CASMA,0,0,0,0,0.0,0.0
2017,5,ANCASH,CASMA,0,0,0,0,0.0,0.0
2017,6,ANCASH,CASMA,0,0,0,0,0.0,0.0
2017,7,ANCASH,CASMA,0,0,0,0,0.0,0.0
2017,8,ANCASH,CASMA,0,0,0,0,0.0,0.0
2017,9,ANCASH,CASMA,0,0,0,0,0.0,0.0
2017,10,ANCASH,CASMA,0,0,0,0,0.0,0.0
2017,11,ANCASH,CASMA,0,0,0,0,0.0,0.0
2017,12,ANCASH,CASMA,0,0,0,0,0.0,0.0
2018,1,ANCASH,CASMA,2,0,0,0,0.0,0.0
2018,2,ANCASH,CASMA,0,0,0,0,0.0,0.0
2018,3,ANCASH,CASMA,1,0,0,0,0.0,350.0
2018,4,ANCASH,CASMA,0,0,0,0,0.0,0.0
2018,5,ANCASH,CASMA,0,0,0,0,0.0,0.0
2018,6,ANCASH,CASMA,0,0,0,0,0.0,0.0
2018,7,ANCASH,CASMA,0,0,0,0,0.0,0.0
2018,8,ANCASH,CASMA,0,0,0,0,0.0,0.0
2018,9,ANCASH,CASMA,0,0,0,0,0.0,0.0
2018,10,ANCASH,CASMA,0,0,0,0,0.0,0.0
2018,11,ANCASH,CASMA,0,0,0,0,0.0,0.0
2018,12,ANCASH,CASMA,0,0,0,0,0.0,0.0
2019,1,ANCASH,CASMA,0,0,0,0,0.0,0.0
2019,2,ANCASH,CASMA,2,0,0,0,0.0,0.0
2019,3,ANCASH,CASMA,1,0,0,0,0.0,0.0
2019,4,ANCASH,CASMA,0,0,0,0,0.0,0.0
2019,5,ANCASH,CASMA,0,0,0,0,0.0,0.0
2019,6,ANCASH,CASMA,0,0,0,0,0.0,0.0
2019,7,ANCASH,CASMA,0,0,0,0,0.0,0.0
2019,8,ANCASH,CASMA,0,0,0,0,0.0,0.0
2019,9,ANCASH,CASMA,0,0,0,0,0.0,0.0
2019,10,ANCASH,CASMA,0,0,0,0,0.0,0.0
2019,11,ANCASH,CASMA,0,0,0,0,0.0,0.0
2019,12,ANCASH,CASMA,0,0,0,0,0.0,0.0
2020,1,ANCASH,CASMA,0,0,0,0,0.0,0.0
2020,2,ANCASH,CASMA,0,0,0,0,0.0,0.0
2020,3,ANCASH,CASMA,0,0,0,0,0.0,0.0
2020,4,ANCASH,CASMA,0,0,0,0,0.0,0.0
2020,5,ANCASH,CASMA,0,0,0,0,0.0,0.0
2020,6,ANCASH,CASMA,0,0,0,0,0.0,0.0
2020,7,ANCASH,CASMA,0,0,0,0,0.0,0.0
2020,8,ANCASH,CASMA,0,0,0,0,0.0,0.0
2020,9,ANCASH,CASMA,0,0,0,0,0.0,0.0
2020,10,ANCASH,CASMA,0,0,0,0,0.0,0.0
2020,11,ANCASH,CASMA,0,0,0,0,0.0,0.0
2020,12,ANCASH,CASMA,0,0,0,0,0.0,0.0
2021,1,ANCASH,CASMA,0,0,0,0,0.0,0.0
2021,2,ANCASH,CASMA,0,0,0,0,0.0,0.0
2021,3,ANCASH,CASMA,1,0,0,0,0.0,0.0
2021,4,ANCASH,CASMA,0,0,0,0,0.0,0.0
2021,5,ANCASH,CASMA,0,0,0,0,0.0,0.0
2021,6,ANCASH,CASMA,0,0,0,0,0.0,0.0
2021,7,ANCASH,CASMA,0,0,0,0,0.0,0.0
2021,8,ANCASH,CASMA,0,0,0,0,0.0,0.0
2021,9,ANCASH,CASMA,0,0,0,0,0.0,0.0
2021,10,ANCASH,CASMA,0,0,0,0,0.0,0.0
2021,11,ANCASH,CASMA,0,0,0,0,0.0,0.0
2021,12,ANCASH,CASMA,0,0,0,0,0.0,0.0
2022,1,ANCASH,CASMA,0,0,0,0,0.0,0.0
2022,2,ANCASH,CASMA,1,8,0,8,0.0,0.0
2022,3,ANCASH,CASMA,0,0,0,0,0.0,0.0
2022,4,ANCASH,CASMA,1,0,0,0,15.0,13.5
2022,5,ANCASH,CASMA,0,0,0,0,0.0,0.0
2022,6,ANCASH,CASMA,0,0,0,0,0.0,0.0
2022,7,ANCASH,CASMA,0,0,0,0,0.0,0.0
2022,8,ANCASH,CASMA,0,0,0,0,0.0,0.0
2022,9,ANCASH,CASMA,0,0,0,0,0.0,0.0
2022,10,ANCASH,CASMA,0,0,0,0,0.0,0.0
2022,11,ANCASH,CASMA,0,0,0,0,0.0,0.0
2022,12,ANCASH,CASMA,0,0,0,0,0.0,0.0
2023,1,ANCASH,CASMA,0,0,0,0,0.0,0.0
2023,2,ANCASH,CASMA,0,0,0,0,0.0,0.0
2023,3,ANCASH,CASMA,8,4925,1386,6311,59.65,412.0
2023,4,ANCASH,CASMA,1,0,2,2,222.4,54.0
2023,5,ANCASH,CASMA,0,0,0,0,0.0,0.0
2023,6,ANCASH,CASMA,0,0,0,0,0.0,0.0
2023,7,ANCASH,CASMA,0,0,0,0,0.0,0.0
2023,8,ANCASH,CASMA,0,0,0,0,0.0,0.0
2023,9,ANCASH,CASMA,0,0,0,0,0.0,0.0
2023,10,ANCASH,CASMA,0,0,0,0,0.0,0.0
2023,11,ANCASH,CASMA,0,0,0,0,0.0,0.0
2023,12,ANCASH,CASMA,0,0,0,0,0.0,0.0
2024,1,ANCASH,CASMA,0,0,0,0,0.0,0.0
2024,2,ANCASH,CASMA,0,0,0,0,0.0,0.0
2024,3,ANCASH,CASMA,1,0,0,0,0.0,0.0
2024,4,ANCASH,CASMA,0,0,0,0,0.0,0.0
2024,5,ANCASH,CASMA,0,0,0,0,0.0,0.0
2024,6,ANCASH,CASMA,0,0,0,0,0.0,0.0
2024,7,ANCASH,CASMA,0,0,0,0,0.0,0.0
2024,8,ANCASH,CASMA,0,0,0,0,0.0,0.0
2024,9,ANCASH,CASMA,0,0,0,0,0.0,0.0
2024,10,ANCASH,CASMA,0,0,0,0,0.0,0.0
2024,11,ANCASH,CASMA,0,0,0,0,0.0,0.0
2024,12,ANCASH,CASMA,0,0,0,0,0.0,0.0
2025,1,ANCASH,CASMA,0,0,0,0,0.0,0.0
2025,2,ANCASH,CASMA,0,0,0,0,0.0,0.0
2025,3,ANCASH,CASMA,2,4,0,4,0.0,0.0
2025,4,ANCASH,CASMA,0,0,0,0,0.0,0.0
2025,5,ANCASH,CASMA,0,0,0,0,0.0,0.0
2025,6,ANCASH,CASMA,0,0,0,0,0.0,0.0
2025,7,ANCASH,CASMA,0,0,0,0,0.0,0.0
2025,8,ANCASH,CASMA,0,0,0,0,0.0,0.0
2025,9,ANCASH,CASMA,0,0,0,0,0.0,0.0
2025,10,ANCASH,CASMA,0,0,0,0,0.0,0.0
2025,11,ANCASH,CASMA,0,0,0,0,0.0,0.0
2025,12,ANCASH,CASMA,1,2,0,2,0.0,0.0
2016,1,ANCASH,HUARMEY,0,0,0,0,0.0,0.0
2016,2,ANCASH,HUARMEY,0,0,0,0,0.0,0.0
2016,3,ANCASH,HUARMEY,0,0,0,0,0.0,0.0
2016,4,ANCASH,HUARMEY,0,0,0,0,0.0,0.0
2016,5,ANCASH,HUARMEY,0,0,0,0,0.0,0.0
2016,6,ANCASH,HUARMEY,0,0,0,0,0.0,0.0
2016,7,ANCASH,HUARMEY,0,0,0,0,0.0,0.0
2016,8,ANCASH,HUARMEY,0,0,0,0,0.0,0.0
2016,9,ANCASH,HUARMEY,0,0,0,0,0.0,0.0
2016,10,ANCASH,HUARMEY,0,0,0,0,0.0,0.0
2016,11,ANCASH,HUARMEY,0,0,0,0,0.0,0.0
2016,12,ANCASH,HUARMEY,0,0,0,0,0.0,0.0
2017,1,ANCASH,HUARMEY,1,0,0,0,0.0,0.0
2017,2,ANCASH,HUARMEY,2,0,0,0,0.0,0.0
2017,3,ANCASH,HUARMEY,25,16246,5722,21968,309.0,1.0
2017,4,ANCASH,HUARMEY,0,0,0,0,0.0,0.0
2017,5,ANCASH,HUARMEY,0,0,0,0,0.0,0.0
2017,6,ANCASH,HUARMEY,0,0,0,0,0.0,0.0
2017,7,ANCASH,HUARMEY,0,0,0,0,0.0,0.0
2017,8,ANCASH,HUARMEY,0,0,0,0,0.0,0.0
2017,9,ANCASH,HUARMEY,0,0,0,0,0.0,0.0
2017,10,ANCASH,HUARMEY,0,0,0,0,0.0,0.0
2017,11,ANCASH,HUARMEY,0,0,0,0,0.0,0.0
2017,12,ANCASH,HUARMEY,0,0,0,0,0.0,0.0
2018,1,ANCASH,HUARMEY,3,0,0,0,0.0,0.0
2018,2,ANCASH,HUARMEY,0,0,0,0,0.0,0.0
2018,3,ANCASH,HUARMEY,0,0,0,0,0.0,0.0
2018,4,ANCASH,HUARMEY,0,0,0,0,0.0,0.0
2018,5,ANCASH,HUARMEY,0,0,0,0,0.0,0.0
2018,6,ANCASH,HUARMEY,0,0,0,0,0.0,0.0
2018,7,ANCASH,HUARMEY,0,0,0,0,0.0,0.0
2018,8,ANCASH,HUARMEY,0,0,0,0,0.0,0.0
2018,9,ANCASH,HUARMEY,0,0,0,0,0.0,0.0
2018,10,ANCASH,HUARMEY,0,0,0,0,0.0,0.0
2018,11,ANCASH,HUARMEY,0,0,0,0,0.0,0.0
2018,12,ANCASH,HUARMEY,0,0,0,0,0.0,0.0
2019,1,ANCASH,HUARMEY,0,0,0,0,0.0,0.0
2019,2,ANCASH,HUARMEY,0,0,0,0,0.0,0.0
2019,3,ANCASH,HUARMEY,0,0,0,0,0.0,0.0
2019,4,ANCASH,HUARMEY,0,0,0,0,0.0,0.0
2019,5,ANCASH,HUARMEY,0,0,0,0,0.0,0.0
2019,6,ANCASH,HUARMEY,0,0,0,0,0.0,0.0
2019,7,ANCASH,HUARMEY,0,0,0,0,0.0,0.0
2019,8,ANCASH,HUARMEY,0,0,0,0,0.0,0.0
2019,9,ANCASH,HUARMEY,0,0,0,0,0.0,0.0
2019,10,ANCASH,HUARMEY,0,0,0,0,0.0,0.0
2019,11,ANCASH,HUARMEY,0,0,0,0,0.0,0.0
2019,12,ANCASH,HUARMEY,0,0,0,0,0.0,0.0
2020,1,ANCASH,HUARMEY,0,0,0,0,0.0,0.0
2020,2,ANCASH,HUARMEY,0,0,0,0,0.0,0.0
2020,3,ANCASH,HUARMEY,0,0,0,0,0.0,0.0
2020,4,ANCASH,HUARMEY,0,0,0,0,0.0,0.0
2020,5,ANCASH,HUARMEY,1,74,0,74,0.0,0.0
2020,6,ANCASH,HUARMEY,0,0,0,0,0.0,0.0
2020,7,ANCASH,HUARMEY,0,0,0,0,0.0,0.0
2020,8,ANCASH,HUARMEY,0,0,0,0,0.0,0.0
2020,9,ANCASH,HUARMEY,0,0,0,0,0.0,0.0
2020,10,ANCASH,HUARMEY,0,0,0,0,0.0,0.0
2020,11,ANCASH,HUARMEY,0,0,0,0,0.0,0.0
2020,12,ANCASH,HUARMEY,2,4,0,4,0.0,0.0
2021,1,ANCASH,HUARMEY,0,0,0,0,0.0,0.0
2021,2,ANCASH,HUARMEY,0,0,0,0,0.0,0.0
2021,3,ANCASH,HUARMEY,0,0,0,0,0.0,0.0
2021,4,ANCASH,HUARMEY,0,0,0,0,0.0,0.0
2021,5,ANCASH,HUARMEY,1,3,0,3,0.0,0.0
2021,6,ANCASH,HUARMEY,1,1,0,1,0.0,0.0
2021,7,ANCASH,HUARMEY,0,0,0,0,0.0,0.0
2021,8,ANCASH,HUARMEY,0,0,0,0,0.0,0.0
2021,9,ANCASH,HUARMEY,0,0,0,0,0.0,0.0
2021,10,ANCASH,HUARMEY,0,0,0,0,0.0,0.0
2021,11,ANCASH,HUARMEY,0,0,0,0,0.0,0.0
2021,12,ANCASH,HUARMEY,0,0,0,0,0.0,0.0
2022,1,ANCASH,HUARMEY,1,9,0,9,0.0,0.0
2022,2,ANCASH,HUARMEY,0,0,0,0,0.0,0.0
2022,3,ANCASH,HUARMEY,0,0,0,0,0.0,0.0
2022,4,ANCASH,HUARMEY,0,0,0,0,0.0,0.0
2022,5,ANCASH,HUARMEY,0,0,0,0,0.0,0.0
2022,6,ANCASH,HUARMEY,1,55,0,55,4.0,4.0
2022,7,ANCASH,HUARMEY,0,0,0,0,0.0,0.0
2022,8,ANCASH,HUARMEY,0,0,0,0,0.0,0.0
2022,9,ANCASH,HUARMEY,0,0,0,0,0.0,0.0
2022,10,ANCASH,HUARMEY,0,0,0,0,0.0,0.0
2022,11,ANCASH,HUARMEY,0,0,0,0,0.0,0.0
2022,12,ANCASH,HUARMEY,0,0,0,0,0.0,0.0
2023,1,ANCASH,HUARMEY,0,0,0,0,0.0,0.0
2023,2,ANCASH,HUARMEY,1,61,2,63,0.0,0.0
2023,3,ANCASH,HUARMEY,6,1701,0,1701,113.06,133.26
2023,4,ANCASH,HUARMEY,4,0,0,0,0.0,0.0
2023,5,ANCASH,HUARMEY,1,0,0,0,0.0,0.0
2023,6,ANCASH,HUARMEY,0,0,0,0,0.0,0.0
2023,7,ANCASH,HUARMEY,0,0,0,0,0.0,0.0
2023,8,ANCASH,HUARMEY,0,0,0,0,0.0,0.0
2023,9,ANCASH,HUARMEY,0,0,0,0,0.0,0.0
2023,10,ANCASH,HUARMEY,0,0,0,0,0.0,0.0
2023,11,ANCASH,HUARMEY,0,0,0,0,0.0,0.0
2023,12,ANCASH,HUARMEY,0,0,0,0,0.0,0.0
2024,1,ANCASH,HUARMEY,0,0,0,0,0.0,0.0
2024,2,ANCASH,HUARMEY,0,0,0,0,0.0,0.0
2024,3,ANCASH,HUARMEY,0,0,0,0,0.0,0.0
2024,4,ANCASH,HUARMEY,0,0,0,0,0.0,0.0
2024,5,ANCASH,HUARMEY,0,0,0,0,0.0,0.0
2024,6,ANCASH,HUARMEY,0,0,0,0,0.0,0.0
2024,7,ANCASH,HUARMEY,1,13,0,13,4.0,4.0
2024,8,ANCASH,HUARMEY,0,0,0,0,0.0,0.0
2024,9,ANCASH,HUARMEY,0,0,0,0,0.0,0.0
2024,10,ANCASH,HUARMEY,0,0,0,0,0.0,0.0
2024,11,ANCASH,HUARMEY,0,0,0,0,0.0,0.0
2024,12,ANCASH,HUARMEY,0,0,0,0,0.0,0.0
2025,1,ANCASH,HUARMEY,0,0,0,0,0.0,0.0
2025,2,ANCASH,HUARMEY,5,61,0,61,0.0,0.0
2025,3,ANCASH,HUARMEY,6,320,41,361,0.0,0.0
2025,4,ANCASH,HUARMEY,4,161,0,161,0.0,0.0
2025,5,ANCASH,HUARMEY,1,48,0,48,0.0,0.0
2025,6,ANCASH,HUARMEY,0,0,0,0,0.0,0.0
2025,7,ANCASH,HUARMEY,0,0,0,0,0.0,0.0
2025,8,ANCASH,HUARMEY,0,0,0,0,0.0,0.0
2025,9,ANCASH,HUARMEY,0,0,0,0,0.0,0.0
2025,10,ANCASH,HUARMEY,0,0,0,0,0.0,0.0
2025,11,ANCASH,HUARMEY,0,0,0,0,0.0,0.0
2025,12,ANCASH,HUARMEY,0,0,0,0,0.0,0.0
2016,1,ANCASH,HUAYLAS,0,0,0,0,0.0,0.0
2016,2,ANCASH,HUAYLAS,0,0,0,0,0.0,0.0
2016,3,ANCASH,HUAYLAS,0,0,0,0,0.0,0.0
2016,4,ANCASH,HUAYLAS,0,0,0,0,0.0,0.0
2016,5,ANCASH,HUAYLAS,0,0,0,0,0.0,0.0
2016,6,ANCASH,HUAYLAS,0,0,0,0,0.0,0.0
2016,7,ANCASH,HUAYLAS,0,0,0,0,0.0,0.0
2016,8,ANCASH,HUAYLAS,0,0,0,0,0.0,0.0
2016,9,ANCASH,HUAYLAS,0,0,0,0,0.0,0.0
2016,10,ANCASH,HUAYLAS,0,0,0,0,0.0,0.0
2016,11,ANCASH,HUAYLAS,0,0,0,0,0.0,0.0
2016,12,ANCASH,HUAYLAS,0,0,0,0,0.0,0.0
2017,1,ANCASH,HUAYLAS,5,0,0,0,0.0,0.0
2017,2,ANCASH,HUAYLAS,9,10,63,73,0.0,0.0
2017,3,ANCASH,HUAYLAS,21,718,125,843,11.0,13.0
2017,4,ANCASH,HUAYLAS,21,121,0,121,8.0,13.0
2017,5,ANCASH,HUAYLAS,1,0,0,0,0.0,0.0
2017,6,ANCASH,HUAYLAS,0,0,0,0,0.0,0.0
2017,7,ANCASH,HUAYLAS,0,0,0,0,0.0,0.0
2017,8,ANCASH,HUAYLAS,0,0,0,0,0.0,0.0
2017,9,ANCASH,HUAYLAS,1,0,0,0,0.0,0.0
2017,10,ANCASH,HUAYLAS,0,0,0,0,0.0,0.0
2017,11,ANCASH,HUAYLAS,0,0,0,0,0.0,0.0
2017,12,ANCASH,HUAYLAS,0,0,0,0,0.0,0.0
2018,1,ANCASH,HUAYLAS,3,2,0,2,0.0,0.0
2018,2,ANCASH,HUAYLAS,2,0,0,0,0.0,0.0
2018,3,ANCASH,HUAYLAS,0,0,0,0,0.0,0.0
2018,4,ANCASH,HUAYLAS,2,0,0,0,0.0,0.0
2018,5,ANCASH,HUAYLAS,0,0,0,0,0.0,0.0
2018,6,ANCASH,HUAYLAS,0,0,0,0,0.0,0.0
2018,7,ANCASH,HUAYLAS,0,0,0,0,0.0,0.0
2018,8,ANCASH,HUAYLAS,0,0,0,0,0.0,0.0
2018,9,ANCASH,HUAYLAS,0,0,0,0,0.0,0.0
2018,10,ANCASH,HUAYLAS,0,0,0,0,0.0,0.0
2018,11,ANCASH,HUAYLAS,0,0,0,0,0.0,0.0
2018,12,ANCASH,HUAYLAS,0,0,0,0,0.0,0.0
2019,1,ANCASH,HUAYLAS,1,164,6,170,0.0,0.0
2019,2,ANCASH,HUAYLAS,1,0,0,0,24.25,84.5
2019,3,ANCASH,HUAYLAS,5,2,14,16,0.0,4.5
2019,4,ANCASH,HUAYLAS,1,0,0,0,0.0,11.0
2019,5,ANCASH,HUAYLAS,0,0,0,0,0.0,0.0
2019,6,ANCASH,HUAYLAS,0,0,0,0,0.0,0.0
2019,7,ANCASH,HUAYLAS,0,0,0,0,0.0,0.0
2019,8,ANCASH,HUAYLAS,0,0,0,0,0.0,0.0
2019,9,ANCASH,HUAYLAS,0,0,0,0,0.0,0.0
2019,10,ANCASH,HUAYLAS,0,0,0,0,0.0,0.0
2019,11,ANCASH,HUAYLAS,2,21,36,57,0.0,0.0
2019,12,ANCASH,HUAYLAS,0,0,0,0,0.0,0.0
2020,1,ANCASH,HUAYLAS,1,30,0,30,0.0,0.0
2020,2,ANCASH,HUAYLAS,0,0,0,0,0.0,0.0
2020,3,ANCASH,HUAYLAS,0,0,0,0,0.0,0.0
2020,4,ANCASH,HUAYLAS,0,0,0,0,0.0,0.0
2020,5,ANCASH,HUAYLAS,0,0,0,0,0.0,0.0
2020,6,ANCASH,HUAYLAS,0,0,0,0,0.0,0.0
2020,7,ANCASH,HUAYLAS,0,0,0,0,0.0,0.0
2020,8,ANCASH,HUAYLAS,0,0,0,0,0.0,0.0
2020,9,ANCASH,HUAYLAS,1,0,0,0,0.0,0.0
2020,10,ANCASH,HUAYLAS,0,0,0,0,0.0,0.0
2020,11,ANCASH,HUAYLAS,0,0,0,0,0.0,0.0
2020,12,ANCASH,HUAYLAS,1,3,0,3,0.0,0.0
2021,1,ANCASH,HUAYLAS,0,0,0,0,0.0,0.0
2021,2,ANCASH,HUAYLAS,1,0,0,0,0.0,0.0
2021,3,ANCASH,HUAYLAS,3,11,0,11,0.0,0.06
2021,4,ANCASH,HUAYLAS,1,0,0,0,0.0,0.0
2021,5,ANCASH,HUAYLAS,0,0,0,0,0.0,0.0
2021,6,ANCASH,HUAYLAS,0,0,0,0,0.0,0.0
2021,7,ANCASH,HUAYLAS,0,0,0,0,0.0,0.0
2021,8,ANCASH,HUAYLAS,0,0,0,0,0.0,0.0
2021,9,ANCASH,HUAYLAS,0,0,0,0,0.0,0.0
2021,10,ANCASH,HUAYLAS,1,38,0,38,0.0,0.0
2021,11,ANCASH,HUAYLAS,2,0,0,0,0.0,0.0
2021,12,ANCASH,HUAYLAS,1,0,5,5,0.0,0.01
2022,1,ANCASH,HUAYLAS,1,0,0,0,0.0,0.0
2022,2,ANCASH,HUAYLAS,0,0,0,0,0.0,0.0
2022,3,ANCASH,HUAYLAS,2,7,0,7,0.0,0.0
2022,4,ANCASH,HUAYLAS,2,0,0,0,0.0,0.0
2022,5,ANCASH,HUAYLAS,0,0,0,0,0.0,0.0
2022,6,ANCASH,HUAYLAS,0,0,0,0,0.0,0.0
2022,7,ANCASH,HUAYLAS,0,0,0,0,0.0,0.0
2022,8,ANCASH,HUAYLAS,0,0,0,0,0.0,0.0
2022,9,ANCASH,HUAYLAS,0,0,0,0,0.0,0.0
2022,10,ANCASH,HUAYLAS,0,0,0,0,0.0,0.0
2022,11,ANCASH,HUAYLAS,0,0,0,0,0.0,0.0
2022,12,ANCASH,HUAYLAS,0,0,0,0,0.0,0.0
2023,1,ANCASH,HUAYLAS,1,1,0,1,0.0,0.01
2023,2,ANCASH,HUAYLAS,1,1,0,1,0.0,0.0
2023,3,ANCASH,HUAYLAS,31,2013,148,2161,4.78,56.5
2023,4,ANCASH,HUAYLAS,11,15,0,15,0.15,0.0
2023,5,ANCASH,HUAYLAS,0,0,0,0,0.0,0.0
2023,6,ANCASH,HUAYLAS,0,0,0,0,0.0,0.0
2023,7,ANCASH,HUAYLAS,0,0,0,0,0.0,0.0
2023,8,ANCASH,HUAYLAS,1,0,0,0,0.0,0.0
2023,9,ANCASH,HUAYLAS,0,0,0,0,0.0,0.0
2023,10,ANCASH,HUAYLAS,1,21,0,21,0.0,0.0
2023,11,ANCASH,HUAYLAS,1,0,0,0,0.0,0.0
2023,12,ANCASH,HUAYLAS,2,9,2,11,0.0,0.0
2024,1,ANCASH,HUAYLAS,0,0,0,0,0.0,0.0
2024,2,ANCASH,HUAYLAS,2,40,12,52,0.0,0.0
2024,3,ANCASH,HUAYLAS,2,4,0,4,0.0,0.0
2024,4,ANCASH,HUAYLAS,2,11,3,14,0.0,0.0
2024,5,ANCASH,HUAYLAS,0,0,0,0,0.0,0.0
2024,6,ANCASH,HUAYLAS,0,0,0,0,0.0,0.0
2024,7,ANCASH,HUAYLAS,0,0,0,0,0.0,0.0
2024,8,ANCASH,HUAYLAS,0,0,0,0,0.0,0.0
2024,9,ANCASH,HUAYLAS,0,0,0,0,0.0,0.0
2024,10,ANCASH,HUAYLAS,0,0,0,0,0.0,0.0
2024,11,ANCASH,HUAYLAS,0,0,0,0,0.0,0.0
2024,12,ANCASH,HUAYLAS,0,0,0,0,0.0,0.0
2025,1,ANCASH,HUAYLAS,4,1,0,1,0.0,0.0
2025,2,ANCASH,HUAYLAS,5,13,25,38,0.0,0.0
2025,3,ANCASH,HUAYLAS,22,89,26,115,0.0,0.0
2025,4,ANCASH,HUAYLAS,14,155,36,191,0.0,0.0
2025,5,ANCASH,HUAYLAS,1,0,0,0,0.0,0.0
2025,6,ANCASH,HUAYLAS,0,0,0,0,0.0,0.0
2025,7,ANCASH,HUAYLAS,0,0,0,0,0.0,0.0
2025,8,ANCASH,HUAYLAS,0,0,0,0,0.0,0.0
2025,9,ANCASH,HUAYLAS,0,0,0,0,0.0,0.0
2025,10,ANCASH,HUAYLAS,0,0,0,0,0.0,0.0
2025,11,ANCASH,HUAYLAS,2,19,0,19,0.0,0.0
2025,12,ANCASH,HUAYLAS,0,0,0,0,0.0,0.0
2016,1,ANCASH,SANTA,0,0,0,0,0.0,0.0
2016,2,ANCASH,SANTA,0,0,0,0,0.0,0.0
2016,3,ANCASH,SANTA,0,0,0,0,0.0,0.0
2016,4,ANCASH,SANTA,1,53,47,100,0.0,0.0
2016,5,ANCASH,SANTA,0,0,0,0,0.0,0.0
2016,6,ANCASH,SANTA,0,0,0,0,0.0,0.0
2016,7,ANCASH,SANTA,0,0,0,0,0.0,0.0
2016,8,ANCASH,SANTA,0,0,0,0,0.0,0.0
2016,9,ANCASH,SANTA,0,0,0,0,0.0,0.0
2016,10,ANCASH,SANTA,0,0,0,0,0.0,0.0
2016,11,ANCASH,SANTA,0,0,0,0,0.0,0.0
2016,12,ANCASH,SANTA,0,0,0,0,0.0,0.0
2017,1,ANCASH,SANTA,0,0,0,0,0.0,0.0
2017,2,ANCASH,SANTA,16,3914,69,3983,15.0,301.0
2017,3,ANCASH,SANTA,31,29048,7181,36229,1088.0,5019.0
2017,4,ANCASH,SANTA,0,0,0,0,0.0,0.0
2017,5,ANCASH,SANTA,0,0,0,0,0.0,0.0
2017,6,ANCASH,SANTA,0,0,0,0,0.0,0.0
2017,7,ANCASH,SANTA,0,0,0,0,0.0,0.0
2017,8,ANCASH,SANTA,0,0,0,0,0.0,0.0
2017,9,ANCASH,SANTA,0,0,0,0,0.0,0.0
2017,10,ANCASH,SANTA,0,0,0,0,0.0,0.0
2017,11,ANCASH,SANTA,0,0,0,0,0.0,0.0
2017,12,ANCASH,SANTA,0,0,0,0,0.0,0.0
2018,1,ANCASH,SANTA,0,0,0,0,0.0,0.0
2018,2,ANCASH,SANTA,1,35,50,85,0.0,0.0
2018,3,ANCASH,SANTA,1,0,0,0,0.0,0.0
2018,4,ANCASH,SANTA,1,0,0,0,0.0,8.0
2018,5,ANCASH,SANTA,0,0,0,0,0.0,0.0
2018,6,ANCASH,SANTA,0,0,0,0,0.0,0.0
2018,7,ANCASH,SANTA,0,0,0,0,0.0,0.0
2018,8,ANCASH,SANTA,0,0,0,0,0.0,0.0
2018,9,ANCASH,SANTA,0,0,0,0,0.0,0.0
2018,10,ANCASH,SANTA,0,0,0,0,0.0,0.0
2018,11,ANCASH,SANTA,0,0,0,0,0.0,0.0
2018,12,ANCASH,SANTA,0,0,0,0,0.0,0.0
2019,1,ANCASH,SANTA,0,0,0,0,0.0,0.0
2019,2,ANCASH,SANTA,4,156,0,156,0.0,2.0
2019,3,ANCASH,SANTA,0,0,0,0,0.0,0.0
2019,4,ANCASH,SANTA,1,0,0,0,0.0,0.0
2019,5,ANCASH,SANTA,0,0,0,0,0.0,0.0
2019,6,ANCASH,SANTA,0,0,0,0,0.0,0.0
2019,7,ANCASH,SANTA,0,0,0,0,0.0,0.0
2019,8,ANCASH,SANTA,0,0,0,0,0.0,0.0
2019,9,ANCASH,SANTA,0,0,0,0,0.0,0.0
2019,10,ANCASH,SANTA,0,0,0,0,0.0,0.0
2019,11,ANCASH,SANTA,1,2,0,2,0.0,0.0
2019,12,ANCASH,SANTA,0,0,0,0,0.0,0.0
2020,1,ANCASH,SANTA,0,0,0,0,0.0,0.0
2020,2,ANCASH,SANTA,1,0,0,0,0.0,0.0
2020,3,ANCASH,SANTA,0,0,0,0,0.0,0.0
2020,4,ANCASH,SANTA,0,0,0,0,0.0,0.0
2020,5,ANCASH,SANTA,0,0,0,0,0.0,0.0
2020,6,ANCASH,SANTA,0,0,0,0,0.0,0.0
2020,7,ANCASH,SANTA,0,0,0,0,0.0,0.0
2020,8,ANCASH,SANTA,0,0,0,0,0.0,0.0
2020,9,ANCASH,SANTA,0,0,0,0,0.0,0.0
2020,10,ANCASH,SANTA,0,0,0,0,0.0,0.0
2020,11,ANCASH,SANTA,0,0,0,0,0.0,0.0
2020,12,ANCASH,SANTA,0,0,0,0,0.0,0.0
2021,1,ANCASH,SANTA,0,0,0,0,0.0,0.0
2021,2,ANCASH,SANTA,0,0,0,0,0.0,0.0
2021,3,ANCASH,SANTA,0,0,0,0,0.0,0.0
2021,4,ANCASH,SANTA,1,0,0,0,0.0,0.0
2021,5,ANCASH,SANTA,1,0,11,11,0.0,0.0
2021,6,ANCASH,SANTA,0,0,0,0,0.0,0.0
2021,7,ANCASH,SANTA,0,0,0,0,0.0,0.0
2021,8,ANCASH,SANTA,1,0,0,0,0.0,0.0
2021,9,ANCASH,SANTA,0,0,0,0,0.0,0.0
2021,10,ANCASH,SANTA,0,0,0,0,0.0,0.0
2021,11,ANCASH,SANTA,0,0,0,0,0.0,0.0
2021,12,ANCASH,SANTA,0,0,0,0,0.0,0.0
2022,1,ANCASH,SANTA,0,0,0,0,0.0,0.0
2022,2,ANCASH,SANTA,0,0,0,0,0.0,0.0
2022,3,ANCASH,SANTA,2,0,0,0,2.0,56.0
2022,4,ANCASH,SANTA,0,0,0,0,0.0,0.0
2022,5,ANCASH,SANTA,0,0,0,0,0.0,0.0
2022,6,ANCASH,SANTA,0,0,0,0,0.0,0.0
2022,7,ANCASH,SANTA,0,0,0,0,0.0,0.0
2022,8,ANCASH,SANTA,0,0,0,0,0.0,0.0
2022,9,ANCASH,SANTA,0,0,0,0,0.0,0.0
2022,10,ANCASH,SANTA,0,0,0,0,0.0,0.0
2022,11,ANCASH,SANTA,0,0,0,0,0.0,0.0
2022,12,ANCASH,SANTA,0,0,0,0,0.0,0.0
2023,1,ANCASH,SANTA,0,0,0,0,0.0,0.0
2023,2,ANCASH,SANTA,1,34,0,34,0.0,0.0
2023,3,ANCASH,SANTA,25,11393,2585,13978,1317.23,307.46
2023,4,ANCASH,SANTA,3,2273,715,2988,101.01,208.06
2023,5,ANCASH,SANTA,1,43,0,43,0.0,0.0
2023,6,ANCASH,SANTA,1,0,0,0,0.0,0.0
2023,7,ANCASH,SANTA,0,0,0,0,0.0,0.0
2023,8,ANCASH,SANTA,1,8,0,8,0.0,0.0
2023,9,ANCASH,SANTA,0,0,0,0,0.0,0.0
2023,10,ANCASH,SANTA,2,1,0,1,0.0,0.0
2023,11,ANCASH,SANTA,0,0,0,0,0.0,0.0
2023,12,ANCASH,SANTA,1,0,0,0,0.0,0.0
2024,1,ANCASH,SANTA,0,0,0,0,0.0,0.0
2024,2,ANCASH,SANTA,2,7,0,7,0.0,0.0
2024,3,ANCASH,SANTA,0,0,0,0,0.0,0.0
2024,4,ANCASH,SANTA,0,0,0,0,0.0,0.0
2024,5,ANCASH,SANTA,0,0,0,0,0.0,0.0
2024,6,ANCASH,SANTA,0,0,0,0,0.0,0.0
2024,7,ANCASH,SANTA,1,64,0,64,0.0,0.0
2024,8,ANCASH,SANTA,0,0,0,0,0.0,0.0
2024,9,ANCASH,SANTA,0,0,0,0,0.0,0.0
2024,10,ANCASH,SANTA,0,0,0,0,0.0,0.0
2024,11,ANCASH,SANTA,0,0,0,0,0.0,0.0
2024,12,ANCASH,SANTA,0,0,0,0,0.0,0.0
2025,1,ANCASH,SANTA,3,24,0,24,0.0,0.0
2025,2,ANCASH,SANTA,3,0,0,0,0.0,0.0
2025,3,ANCASH,SANTA,1,0,0,0,0.0,0.0
2025,4,ANCASH,SANTA,0,0,0,0,0.0,0.0
2025,5,ANCASH,SANTA,0,0,0,0,0.0,0.0
2025,6,ANCASH,SANTA,0,0,0,0,0.0,0.0
2025,7,ANCASH,SANTA,1,0,0,0,0.0,0.0
2025,8,ANCASH,SANTA,0,0,0,0,0.0,0.0
2025,9,ANCASH,SANTA,0,0,0,0,0.0,0.0
2025,10,ANCASH,SANTA,0,0,0,0,0.0,0.0
2025,11,ANCASH,SANTA,0,0,0,0,0.0,0.0
2025,12,ANCASH,SANTA,0,0,0,0,0.0,0.0
2016,1,APURIMAC,ABANCAY,24,349,1875,2224,0.0,467.0
2016,2,APURIMAC,ABANCAY,17,101,333,434,85.0,139.0
2016,3,APURIMAC,ABANCAY,4,0,5,5,49.0,0.0
2016,4,APURIMAC,ABANCAY,4,87,37,124,6.0,10.0
2016,5,APURIMAC,ABANCAY,4,3118,0,3118,30.0,122.0
2016,6,APURIMAC,ABANCAY,8,6400,0,6400,0.0,0.0
2016,7,APURIMAC,ABANCAY,3,4381,0,4381,0.0,0.0
2016,8,APURIMAC,ABANCAY,0,0,0,0,0.0,0.0
2016,9,APURIMAC,ABANCAY,0,0,0,0,0.0,0.0
2016,10,APURIMAC,ABANCAY,2,23,0,23,1.0,3.0
2016,11,APURIMAC,ABANCAY,23,7674,1,7675,318.0,2123.0
2016,12,APURIMAC,ABANCAY,3,5,0,5,0.0,40.0
2017,1,APURIMAC,ABANCAY,6,132,0,132,0.0,72.0
2017,2,APURIMAC,ABANCAY,13,80,15,95,0.0,5.0
2017,3,APURIMAC,ABANCAY,12,843,32,875,0.0,174.0
2017,4,APURIMAC,ABANCAY,7,60,13,73,35.0,36.0
2017,5,APURIMAC,ABANCAY,3,6,0,6,0.0,0.0
2017,6,APURIMAC,ABANCAY,1,155,0,155,0.0,0.0
2017,7,APURIMAC,ABANCAY,0,0,0,0,0.0,0.0
2017,8,APURIMAC,ABANCAY,2,0,0,0,0.0,0.0
2017,9,APURIMAC,ABANCAY,1,17,0,17,0.0,0.0
2017,10,APURIMAC,ABANCAY,9,350,13,363,39.0,171.0
2017,11,APURIMAC,ABANCAY,5,0,7,7,22.0,47.0
2017,12,APURIMAC,ABANCAY,4,42,32,74,0.0,0.0
2018,1,APURIMAC,ABANCAY,9,13,5,18,1.0,42.0
2018,2,APURIMAC,ABANCAY,7,0,5,5,0.0,13.0
2018,3,APURIMAC,ABANCAY,25,7087,204,7291,0.0,20.0
2018,4,APURIMAC,ABANCAY,11,0,0,0,30.0,162.0
2018,5,APURIMAC,ABANCAY,5,372,3,375,0.0,8.0
2018,6,APURIMAC,ABANCAY,8,3944,3,3947,46.0,166.0
2018,7,APURIMAC,ABANCAY,6,1450,13,1463,0.0,0.0
2018,8,APURIMAC,ABANCAY,10,1167,6,1173,0.0,0.0
2018,9,APURIMAC,ABANCAY,3,379,1,380,0.0,0.0
2018,10,APURIMAC,ABANCAY,4,3,5,8,0.0,0.0
2018,11,APURIMAC,ABANCAY,11,550,5,555,0.0,15.0
2018,12,APURIMAC,ABANCAY,21,3824,8,3832,10.0,42.0
2019,1,APURIMAC,ABANCAY,10,14,3,17,0.0,2.0
2019,2,APURIMAC,ABANCAY,31,113,42,155,0.0,185.91
2019,3,APURIMAC,ABANCAY,27,111,38,149,0.21,52.24
2019,4,APURIMAC,ABANCAY,12,20,7,27,25.0,79.0
2019,5,APURIMAC,ABANCAY,2,66,0,66,0.0,0.0
2019,6,APURIMAC,ABANCAY,3,63,0,63,0.0,0.0
2019,7,APURIMAC,ABANCAY,2,0,0,0,0.0,74.56
2019,8,APURIMAC,ABANCAY,3,14,1,15,0.5,1164.15
2019,9,APURIMAC,ABANCAY,2,5,0,5,0.0,0.0
2019,10,APURIMAC,ABANCAY,5,10,1,11,0.0,4.45
2019,11,APURIMAC,ABANCAY,7,34,3,37,0.0,40.05
2019,12,APURIMAC,ABANCAY,12,26,9,35,0.0,65.17
2020,1,APURIMAC,ABANCAY,13,40,7,47,0.5,158.5
2020,2,APURIMAC,ABANCAY,17,141,30,171,1.8,14.68
2020,3,APURIMAC,ABANCAY,11,12,19,31,2.45,70.45
2020,4,APURIMAC,ABANCAY,3,1,11,12,0.0,0.0
2020,5,APURIMAC,ABANCAY,1,0,5,5,0.0,0.0
2020,6,APURIMAC,ABANCAY,2,3,5,8,0.0,0.0
2020,7,APURIMAC,ABANCAY,6,505,3,508,0.0,104.8
2020,8,APURIMAC,ABANCAY,3,7,7,14,0.0,0.0
2020,9,APURIMAC,ABANCAY,5,95,16,111,0.05,77.2
2020,10,APURIMAC,ABANCAY,8,370,0,370,13.1,69.62
2020,11,APURIMAC,ABANCAY,7,1,0,1,220.9,1741.28
2020,12,APURIMAC,ABANCAY,15,56,1,57,5.41,489.36
2021,1,APURIMAC,ABANCAY,12,11,19,30,0.0,6.02
2021,2,APURIMAC,ABANCAY,7,177,5,182,0.1,1.88
2021,3,APURIMAC,ABANCAY,14,87,4,91,0.1,65.85
2021,4,APURIMAC,ABANCAY,19,94,9,103,0.0,53.25
2021,5,APURIMAC,ABANCAY,6,5,7,12,26.0,53.5
2021,6,APURIMAC,ABANCAY,3,3,3,6,0.0,0.0
2021,7,APURIMAC,ABANCAY,6,0,2,2,31.08,107.37
2021,8,APURIMAC,ABANCAY,1,327,0,327,0.0,0.0
2021,9,APURIMAC,ABANCAY,10,19,10,29,33.0,56.6
2021,10,APURIMAC,ABANCAY,14,15,7,22,32.82,84.85
2021,11,APURIMAC,ABANCAY,8,333,15,348,0.0,0.0
2021,12,APURIMAC,ABANCAY,9,43,28,71,1.6,0.35
2022,1,APURIMAC,ABANCAY,13,27,4,31,29.91,38.32
2022,2,APURIMAC,ABANCAY,23,51,32,83,3.5,76.36
2022,3,APURIMAC,ABANCAY,16,39,18,57,0.46,2.05
2022,4,APURIMAC,ABANCAY,2,3,9,12,0.0,0.0
2022,5,APURIMAC,ABANCAY,5,6,1,7,0.0,14.28
2022,6,APURIMAC,ABANCAY,3,12,0,12,0.0,181.22
2022,7,APURIMAC,ABANCAY,2,12,0,12,0.0,0.0
2022,8,APURIMAC,ABANCAY,1,313,0,313,0.0,0.0
2022,9,APURIMAC,ABANCAY,5,6,3,9,0.0,0.0
2022,10,APURIMAC,ABANCAY,3,10,2,12,0.0,0.0
2022,11,APURIMAC,ABANCAY,7,4,4,8,2806.97,1803.29
2022,12,APURIMAC,ABANCAY,1,1,0,1,0.0,0.0
2023,1,APURIMAC,ABANCAY,2,0,0,0,1.0,79.73
2023,2,APURIMAC,ABANCAY,13,41,27,68,11.79,12.93
2023,3,APURIMAC,ABANCAY,19,61,9,70,1.0,121.0
2023,4,APURIMAC,ABANCAY,8,12,15,27,1.64,3.0
2023,5,APURIMAC,ABANCAY,5,3,3,6,0.33,0.33
2023,6,APURIMAC,ABANCAY,10,2196,1,2197,0.0,0.0
2023,7,APURIMAC,ABANCAY,4,514,2,516,0.8,0.7
2023,8,APURIMAC,ABANCAY,5,400,6,406,8.0,0.0
2023,9,APURIMAC,ABANCAY,3,2,1,3,0.0,0.0
2023,10,APURIMAC,ABANCAY,11,13,15,28,0.9,460.81
2023,11,APURIMAC,ABANCAY,2,13,5,18,0.0,0.3
2023,12,APURIMAC,ABANCAY,8,79,14,93,0.0,21.68
2024,1,APURIMAC,ABANCAY,10,181,4,185,0.75,13.66
2024,2,APURIMAC,ABANCAY,27,679,34,713,48.52,86.12
2024,3,APURIMAC,ABANCAY,31,359,95,454,4.61,17.6
2024,4,APURIMAC,ABANCAY,18,15,44,59,0.32,0.7
2024,5,APURIMAC,ABANCAY,5,0,10,10,0.0,0.0
2024,6,APURIMAC,ABANCAY,2,2,0,2,0.0,0.0
2024,7,APURIMAC,ABANCAY,8,2380,5,2385,0.0,83.1
2024,8,APURIMAC,ABANCAY,4,246,0,246,0.0,0.0
2024,9,APURIMAC,ABANCAY,2,8,0,8,0.02,0.02
2024,10,APURIMAC,ABANCAY,4,8,2,10,0.0,0.0
2024,11,APURIMAC,ABANCAY,5,18,0,18,0.0,0.0
2024,12,APURIMAC,ABANCAY,5,71,14,85,0.5,0.0
2025,1,APURIMAC,ABANCAY,10,87,12,99,0.0,0.0
2025,2,APURIMAC,ABANCAY,42,434,37,471,0.48,16.53
2025,3,APURIMAC,ABANCAY,47,1005,52,1057,103.15,163.07
2025,4,APURIMAC,ABANCAY,19,350,12,362,8.6,67.37
2025,5,APURIMAC,ABANCAY,4,2,7,9,0.0,0.0
2025,6,APURIMAC,ABANCAY,1,69,0,69,0.0,0.0
2025,7,APURIMAC,ABANCAY,8,1877,0,1877,0.0,0.0
2025,8,APURIMAC,ABANCAY,3,344,6,350,0.0,0.0
2025,9,APURIMAC,ABANCAY,1,0,0,0,0.0,0.0
2025,10,APURIMAC,ABANCAY,3,8,0,8,0.0,0.0
2025,11,APURIMAC,ABANCAY,8,25,7,32,0.0,0.0
2025,12,APURIMAC,ABANCAY,4,27,1,28,0.0,3.05
2016,1,APURIMAC,ANDAHUAYLAS,31,4300,13434,17734,146.0,1320.0
2016,2,APURIMAC,ANDAHUAYLAS,4,0,0,0,0.0,8.0
2016,3,APURIMAC,ANDAHUAYLAS,5,60,0,60,0.0,0.0
2016,4,APURIMAC,ANDAHUAYLAS,2,0,13,13,0.0,0.0
2016,5,APURIMAC,ANDAHUAYLAS,5,2210,10,2220,0.0,35.0
2016,6,APURIMAC,ANDAHUAYLAS,12,7400,0,7400,0.0,0.0
2016,7,APURIMAC,ANDAHUAYLAS,5,2456,0,2456,0.0,0.0
2016,8,APURIMAC,ANDAHUAYLAS,9,321,9,330,0.0,0.0
2016,9,APURIMAC,ANDAHUAYLAS,4,920,0,920,0.0,0.0
2016,10,APURIMAC,ANDAHUAYLAS,6,348,0,348,6.0,45.0
2016,11,APURIMAC,ANDAHUAYLAS,44,4997,29,5026,3717.0,13526.0
2016,12,APURIMAC,ANDAHUAYLAS,10,98,11,109,0.0,6.0
2017,1,APURIMAC,ANDAHUAYLAS,15,91,34,125,0.0,90.0
2017,2,APURIMAC,ANDAHUAYLAS,17,120,14,134,268.0,701.0
2017,3,APURIMAC,ANDAHUAYLAS,19,28,75,103,0.0,0.0
2017,4,APURIMAC,ANDAHUAYLAS,11,13,46,59,48.0,26.0
2017,5,APURIMAC,ANDAHUAYLAS,26,256,4,260,13.0,3677.0
2017,6,APURIMAC,ANDAHUAYLAS,4,330,0,330,0.0,0.0
2017,7,APURIMAC,ANDAHUAYLAS,0,0,0,0,0.0,0.0
2017,8,APURIMAC,ANDAHUAYLAS,0,0,0,0,0.0,0.0
2017,9,APURIMAC,ANDAHUAYLAS,0,0,0,0,0.0,0.0
2017,10,APURIMAC,ANDAHUAYLAS,5,0,0,0,0.0,0.0
2017,11,APURIMAC,ANDAHUAYLAS,13,0,0,0,0.0,0.0
2017,12,APURIMAC,ANDAHUAYLAS,4,73,12,85,0.0,0.0
2018,1,APURIMAC,ANDAHUAYLAS,13,107,45,152,0.0,0.0
2018,2,APURIMAC,ANDAHUAYLAS,17,105,31,136,0.0,0.0
2018,3,APURIMAC,ANDAHUAYLAS,16,58,123,181,0.0,0.0
2018,4,APURIMAC,ANDAHUAYLAS,10,0,65,65,0.0,0.0
2018,5,APURIMAC,ANDAHUAYLAS,5,0,12,12,0.0,0.0
2018,6,APURIMAC,ANDAHUAYLAS,13,3863,13,3876,0.0,0.0
2018,7,APURIMAC,ANDAHUAYLAS,11,5330,15,5345,0.0,0.0
2018,8,APURIMAC,ANDAHUAYLAS,18,9891,13,9904,0.0,0.0
2018,9,APURIMAC,ANDAHUAYLAS,6,1877,52,1929,0.0,0.0
2018,10,APURIMAC,ANDAHUAYLAS,9,0,45,45,0.0,0.0
2018,11,APURIMAC,ANDAHUAYLAS,6,19,849,868,0.0,0.0
2018,12,APURIMAC,ANDAHUAYLAS,37,19006,159,19165,0.0,0.0
2019,1,APURIMAC,ANDAHUAYLAS,3,191,0,191,0.0,0.0
2019,2,APURIMAC,ANDAHUAYLAS,23,587,23,610,0.0,0.0
2019,3,APURIMAC,ANDAHUAYLAS,7,42,8,50,0.0,0.0
2019,4,APURIMAC,ANDAHUAYLAS,5,0,12,12,20.0,105.55
2019,5,APURIMAC,ANDAHUAYLAS,2,4,0,4,4.5,9.0
2019,6,APURIMAC,ANDAHUAYLAS,2,0,0,0,238.0,30.5
2019,7,APURIMAC,ANDAHUAYLAS,3,0,0,0,0.0,143.76
2019,8,APURIMAC,ANDAHUAYLAS,1,0,2,2,0.0,0.0
2019,9,APURIMAC,ANDAHUAYLAS,4,3,0,3,0.0,0.0
2019,10,APURIMAC,ANDAHUAYLAS,9,42,5,47,24.0,1.65
2019,11,APURIMAC,ANDAHUAYLAS,3,8,0,8,0.0,0.0
2019,12,APURIMAC,ANDAHUAYLAS,4,20,0,20,0.0,16.0
2020,1,APURIMAC,ANDAHUAYLAS,18,68,2,70,819.18,686.34
2020,2,APURIMAC,ANDAHUAYLAS,16,333,19,352,38.39,112.15
2020,3,APURIMAC,ANDAHUAYLAS,8,86,5,91,369.24,558.19
2020,4,APURIMAC,ANDAHUAYLAS,1,0,0,0,0.0,0.0
2020,5,APURIMAC,ANDAHUAYLAS,1,6,0,6,0.0,0.0
2020,6,APURIMAC,ANDAHUAYLAS,5,502,0,502,0.0,0.0
2020,7,APURIMAC,ANDAHUAYLAS,0,0,0,0,0.0,0.0
2020,8,APURIMAC,ANDAHUAYLAS,5,762,0,762,0.0,0.0
2020,9,APURIMAC,ANDAHUAYLAS,3,541,4,545,0.0,76.93
2020,10,APURIMAC,ANDAHUAYLAS,15,77,4,81,0.0,0.0
2020,11,APURIMAC,ANDAHUAYLAS,8,14,0,14,1195.18,1715.41
2020,12,APURIMAC,ANDAHUAYLAS,11,36,8,44,215.63,345.19
2021,1,APURIMAC,ANDAHUAYLAS,11,99,2,101,2.65,710.95
2021,2,APURIMAC,ANDAHUAYLAS,17,156,24,180,355.03,724.5
2021,3,APURIMAC,ANDAHUAYLAS,22,128,16,144,68.01,223.04
2021,4,APURIMAC,ANDAHUAYLAS,30,288,53,341,187.67,372.4
2021,5,APURIMAC,ANDAHUAYLAS,3,0,12,12,8.05,13.15
2021,6,APURIMAC,ANDAHUAYLAS,1,0,0,0,108.05,157.45
2021,7,APURIMAC,ANDAHUAYLAS,0,0,0,0,0.0,0.0
2021,8,APURIMAC,ANDAHUAYLAS,9,36,7,43,0.0,5.1
2021,9,APURIMAC,ANDAHUAYLAS,7,14,0,14,0.0,2.16
2021,10,APURIMAC,ANDAHUAYLAS,9,69,0,69,11.16,12.64
2021,11,APURIMAC,ANDAHUAYLAS,9,46,4,50,0.0,16.62
2021,12,APURIMAC,ANDAHUAYLAS,5,131,6,137,0.0,0.0
2022,1,APURIMAC,ANDAHUAYLAS,20,43,18,61,55.34,86.93
2022,2,APURIMAC,ANDAHUAYLAS,20,87,20,107,1.25,259.24
2022,3,APURIMAC,ANDAHUAYLAS,16,92,16,108,5.56,216.92
2022,4,APURIMAC,ANDAHUAYLAS,6,3,7,10,29.1,59.06
2022,5,APURIMAC,ANDAHUAYLAS,1,0,0,0,0.18,0.07
2022,6,APURIMAC,ANDAHUAYLAS,3,0,0,0,0.05,0.03
2022,7,APURIMAC,ANDAHUAYLAS,7,1014,11,1025,0.0,0.0
2022,8,APURIMAC,ANDAHUAYLAS,5,90,0,90,0.0,0.0
2022,9,APURIMAC,ANDAHUAYLAS,2,0,10,10,0.0,0.0
2022,10,APURIMAC,ANDAHUAYLAS,7,20,0,20,23.44,31.32
2022,11,APURIMAC,ANDAHUAYLAS,12,51,0,51,0.0,21.14
2022,12,APURIMAC,ANDAHUAYLAS,4,22,0,22,0.0,0.0
2023,1,APURIMAC,ANDAHUAYLAS,5,1,5,6,0.0,285.92
2023,2,APURIMAC,ANDAHUAYLAS,25,86,20,106,0.67,247.37
2023,3,APURIMAC,ANDAHUAYLAS,19,156,33,189,13.2,42.68
2023,4,APURIMAC,ANDAHUAYLAS,9,25,20,45,7.6,21.0
2023,5,APURIMAC,ANDAHUAYLAS,6,8,6,14,27.58,50.27
2023,6,APURIMAC,ANDAHUAYLAS,7,3552,0,3552,0.0,0.0
2023,7,APURIMAC,ANDAHUAYLAS,9,1751,20,1771,0.0,0.0
2023,8,APURIMAC,ANDAHUAYLAS,7,4367,4,4371,26.85,56.0
2023,9,APURIMAC,ANDAHUAYLAS,7,36,4,40,0.0,0.08
2023,10,APURIMAC,ANDAHUAYLAS,9,579,10,589,2.0,0.0
2023,11,APURIMAC,ANDAHUAYLAS,6,41,0,41,0.9,7.2
2023,12,APURIMAC,ANDAHUAYLAS,7,55,25,80,0.0,132.95
2024,1,APURIMAC,ANDAHUAYLAS,2,115,12,127,0.0,0.0
2024,2,APURIMAC,ANDAHUAYLAS,15,1662,51,1713,418.8,673.38
2024,3,APURIMAC,ANDAHUAYLAS,37,2283,300,2583,63.85,181.08
2024,4,APURIMAC,ANDAHUAYLAS,21,120,39,159,5.64,0.0
2024,5,APURIMAC,ANDAHUAYLAS,4,6,10,16,0.0,0.0
2024,6,APURIMAC,ANDAHUAYLAS,2,220,2,222,0.0,0.0
2024,7,APURIMAC,ANDAHUAYLAS,9,4910,0,4910,0.0,0.0
2024,8,APURIMAC,ANDAHUAYLAS,5,3342,0,3342,0.0,0.0
2024,9,APURIMAC,ANDAHUAYLAS,5,8,49,57,0.0,0.0
2024,10,APURIMAC,ANDAHUAYLAS,15,1611,19,1630,259.94,382.37
2024,11,APURIMAC,ANDAHUAYLAS,14,65,10,75,0.63,0.5
2024,12,APURIMAC,ANDAHUAYLAS,5,118,4,122,0.0,8.66
2025,1,APURIMAC,ANDAHUAYLAS,12,792,15,807,1.16,105.24
2025,2,APURIMAC,ANDAHUAYLAS,59,2618,68,2686,7.77,190.87
2025,3,APURIMAC,ANDAHUAYLAS,51,1891,81,1972,0.0,148.83
2025,4,APURIMAC,ANDAHUAYLAS,27,335,88,423,0.0,77.6
2025,5,APURIMAC,ANDAHUAYLAS,6,463,6,469,0.0,23.2
2025,6,APURIMAC,ANDAHUAYLAS,2,0,6,6,0.0,0.0
2025,7,APURIMAC,ANDAHUAYLAS,11,4905,1,4906,0.0,0.0
2025,8,APURIMAC,ANDAHUAYLAS,3,446,0,446,0.0,0.0
2025,9,APURIMAC,ANDAHUAYLAS,1,4,0,4,0.0,0.0
2025,10,APURIMAC,ANDAHUAYLAS,9,749,6,755,0.0,4.8
2025,11,APURIMAC,ANDAHUAYLAS,36,10652,37,10689,0.0,2577.28
2025,12,APURIMAC,ANDAHUAYLAS,13,10271,14,10285,0.25,643.94
2016,1,APURIMAC,AYMARAES,22,16,7899,7915,1180.0,3906.0
2016,2,APURIMAC,AYMARAES,3,143,12,155,0.0,13.0
2016,3,APURIMAC,AYMARAES,4,2,3,5,3.0,3.0
2016,4,APURIMAC,AYMARAES,1,4,0,4,0.0,0.0
2016,5,APURIMAC,AYMARAES,6,1166,0,1166,7.0,13.0
2016,6,APURIMAC,AYMARAES,11,6459,1,6460,3.0,5.0
2016,7,APURIMAC,AYMARAES,4,3245,0,3245,0.0,0.0
2016,8,APURIMAC,AYMARAES,0,0,0,0,0.0,0.0
2016,9,APURIMAC,AYMARAES,3,67,0,67,0.0,0.0
2016,10,APURIMAC,AYMARAES,5,14,9,23,0.0,0.0
2016,11,APURIMAC,AYMARAES,26,1394,0,1394,78.0,1382.0
2016,12,APURIMAC,AYMARAES,0,0,0,0,0.0,0.0
2017,1,APURIMAC,AYMARAES,14,115,1,116,0.0,5.0
2017,2,APURIMAC,AYMARAES,14,573,24,597,122.0,680.0
2017,3,APURIMAC,AYMARAES,14,102,13,115,0.0,37.0
2017,4,APURIMAC,AYMARAES,6,6,0,6,0.0,0.0
2017,5,APURIMAC,AYMARAES,0,0,0,0,0.0,0.0
2017,6,APURIMAC,AYMARAES,0,0,0,0,0.0,0.0
2017,7,APURIMAC,AYMARAES,0,0,0,0,0.0,0.0
2017,8,APURIMAC,AYMARAES,4,180,0,180,0.0,0.0
2017,9,APURIMAC,AYMARAES,1,1,0,1,0.0,0.0
2017,10,APURIMAC,AYMARAES,11,350,10,360,0.0,0.0
2017,11,APURIMAC,AYMARAES,9,128,2,130,0.0,0.0
2017,12,APURIMAC,AYMARAES,2,102,1,103,0.0,0.0
2018,1,APURIMAC,AYMARAES,10,663,0,663,0.0,0.0
2018,2,APURIMAC,AYMARAES,8,311,16,327,0.0,0.0
2018,3,APURIMAC,AYMARAES,13,866,0,866,0.0,0.0
2018,4,APURIMAC,AYMARAES,11,1019,32,1051,0.0,0.0
2018,5,APURIMAC,AYMARAES,7,1335,4,1339,0.0,5.0
2018,6,APURIMAC,AYMARAES,16,6262,0,6262,0.0,40.0
2018,7,APURIMAC,AYMARAES,9,2846,0,2846,0.0,0.0
2018,8,APURIMAC,AYMARAES,4,1497,0,1497,0.0,0.0
2018,9,APURIMAC,AYMARAES,15,56,2,58,0.0,0.0
2018,10,APURIMAC,AYMARAES,5,96,0,96,0.0,0.0
2018,11,APURIMAC,AYMARAES,9,313,5,318,0.0,149.0
2018,12,APURIMAC,AYMARAES,18,4008,0,4008,0.0,0.0
2019,1,APURIMAC,AYMARAES,1,529,44,573,0.0,0.0
2019,2,APURIMAC,AYMARAES,0,0,0,0,0.0,0.0
2019,3,APURIMAC,AYMARAES,4,11,12,23,10.0,5.0
2019,4,APURIMAC,AYMARAES,0,0,0,0,0.0,0.0
2019,5,APURIMAC,AYMARAES,2,0,0,0,0.0,380.79
2019,6,APURIMAC,AYMARAES,6,0,0,0,0.0,139.75
2019,7,APURIMAC,AYMARAES,1,0,0,0,0.0,43.46
2019,8,APURIMAC,AYMARAES,0,0,0,0,0.0,0.0
2019,9,APURIMAC,AYMARAES,2,46,8,54,0.0,0.0
2019,10,APURIMAC,AYMARAES,1,1,0,1,0.0,0.0
2019,11,APURIMAC,AYMARAES,4,33,0,33,185.0,34.45
2019,12,APURIMAC,AYMARAES,3,13,0,13,0.0,0.0
2020,1,APURIMAC,AYMARAES,6,9,0,9,56.01,173.17
2020,2,APURIMAC,AYMARAES,8,42,37,79,8.74,106.6
2020,3,APURIMAC,AYMARAES,5,10,8,18,0.0,0.0
2020,4,APURIMAC,AYMARAES,2,9,0,9,0.0,0.0
2020,5,APURIMAC,AYMARAES,2,0,0,0,36.85,135.98
2020,6,APURIMAC,AYMARAES,2,1204,0,1204,19.0,22.76
2020,7,APURIMAC,AYMARAES,2,1062,0,1062,0.45,649.14
2020,8,APURIMAC,AYMARAES,0,0,0,0,0.0,0.0
2020,9,APURIMAC,AYMARAES,3,236,0,236,0.0,10.9
2020,10,APURIMAC,AYMARAES,8,7,6,13,2.4,27.33
2020,11,APURIMAC,AYMARAES,10,91,0,91,339.5,913.6
2020,12,APURIMAC,AYMARAES,6,12,0,12,9.4,81.22
2021,1,APURIMAC,AYMARAES,10,63,12,75,28.63,34.69
2021,2,APURIMAC,AYMARAES,6,3,0,3,80.74,247.85
2021,3,APURIMAC,AYMARAES,5,48,3,51,0.5,12.35
2021,4,APURIMAC,AYMARAES,6,22,18,40,0.0,0.0
2021,5,APURIMAC,AYMARAES,1,0,0,0,0.0,0.0
2021,6,APURIMAC,AYMARAES,1,0,0,0,0.0,58.3
2021,7,APURIMAC,AYMARAES,1,0,0,0,0.0,0.0
2021,8,APURIMAC,AYMARAES,6,17,0,17,1.0,8.0
2021,9,APURIMAC,AYMARAES,6,9,0,9,0.0,0.0
2021,10,APURIMAC,AYMARAES,7,7,0,7,22.53,79.51
2021,11,APURIMAC,AYMARAES,6,10,0,10,0.02,27.34
2021,12,APURIMAC,AYMARAES,6,15,5,20,0.01,32.53
2022,1,APURIMAC,AYMARAES,5,3,0,3,25.09,311.2
2022,2,APURIMAC,AYMARAES,2,17,0,17,0.0,0.72
2022,3,APURIMAC,AYMARAES,6,33,7,40,0.01,11.81
2022,4,APURIMAC,AYMARAES,6,6,22,28,0.0,0.0
2022,5,APURIMAC,AYMARAES,2,0,2,2,0.0,6.59
2022,6,APURIMAC,AYMARAES,3,621,2,623,0.0,3.1
2022,7,APURIMAC,AYMARAES,2,0,0,0,0.0,0.0
2022,8,APURIMAC,AYMARAES,6,11,2,13,7.06,22.63
2022,9,APURIMAC,AYMARAES,1,2,0,2,0.0,0.0
2022,10,APURIMAC,AYMARAES,0,0,0,0,0.0,0.0
2022,11,APURIMAC,AYMARAES,4,3,0,3,816.52,1757.1
2022,12,APURIMAC,AYMARAES,0,0,0,0,0.0,0.0
2023,1,APURIMAC,AYMARAES,4,4,3,7,50.74,251.97
2023,2,APURIMAC,AYMARAES,6,2,6,8,3.38,3.03
2023,3,APURIMAC,AYMARAES,9,8,12,20,0.0,0.0
2023,4,APURIMAC,AYMARAES,0,0,0,0,0.0,0.0
2023,5,APURIMAC,AYMARAES,5,0,2,2,3.1,5.3
2023,6,APURIMAC,AYMARAES,5,1557,3,1560,0.0,0.0
2023,7,APURIMAC,AYMARAES,12,3658,0,3658,0.0,4.58
2023,8,APURIMAC,AYMARAES,5,1074,0,1074,0.0,0.0
2023,9,APURIMAC,AYMARAES,1,3,0,3,0.0,0.0
2023,10,APURIMAC,AYMARAES,18,209,27,236,689.96,363.33
2023,11,APURIMAC,AYMARAES,1,0,0,0,0.0,0.0
2023,12,APURIMAC,AYMARAES,2,0,0,0,30.65,85.3
2024,1,APURIMAC,AYMARAES,11,1452,61,1513,14.49,166.59
2024,2,APURIMAC,AYMARAES,13,533,75,608,6.62,7.24
2024,3,APURIMAC,AYMARAES,33,328,57,385,36.99,104.56
2024,4,APURIMAC,AYMARAES,10,5,11,16,0.0,0.0
2024,5,APURIMAC,AYMARAES,0,0,0,0,0.0,0.0
2024,6,APURIMAC,AYMARAES,0,0,0,0,0.0,0.0
2024,7,APURIMAC,AYMARAES,9,2855,0,2855,0.0,0.0
2024,8,APURIMAC,AYMARAES,9,766,0,766,0.0,0.0
2024,9,APURIMAC,AYMARAES,2,5,0,5,0.0,0.0
2024,10,APURIMAC,AYMARAES,3,11,0,11,0.0,0.0
2024,11,APURIMAC,AYMARAES,5,329,0,329,58.09,38.31
2024,12,APURIMAC,AYMARAES,3,16,7,23,0.0,0.0
2025,1,APURIMAC,AYMARAES,10,310,2,312,0.0,9.58
2025,2,APURIMAC,AYMARAES,34,416,41,457,3.2,21.66
2025,3,APURIMAC,AYMARAES,36,123,23,146,0.0,2.72
2025,4,APURIMAC,AYMARAES,7,0,8,8,0.0,0.0
2025,5,APURIMAC,AYMARAES,1,0,0,0,0.0,0.0
2025,6,APURIMAC,AYMARAES,4,1054,0,1054,0.0,0.0
2025,7,APURIMAC,AYMARAES,7,1943,0,1943,0.0,8.01
2025,8,APURIMAC,AYMARAES,9,2085,2,2087,0.0,0.0
2025,9,APURIMAC,AYMARAES,5,469,4,473,0.0,0.0
2025,10,APURIMAC,AYMARAES,5,448,0,448,0.0,21.52
2025,11,APURIMAC,AYMARAES,3,169,0,169,0.0,20.25
2025,12,APURIMAC,AYMARAES,6,1453,0,1453,0.0,192.2
2016,1,APURIMAC,CHINCHEROS,12,685,1510,2195,0.0,0.0
2016,2,APURIMAC,CHINCHEROS,14,208,28,236,0.0,80.0
2016,3,APURIMAC,CHINCHEROS,12,48,18,66,40.0,0.0
2016,4,APURIMAC,CHINCHEROS,0,0,0,0,0.0,0.0
2016,5,APURIMAC,CHINCHEROS,7,68,5,73,0.0,0.0
2016,6,APURIMAC,CHINCHEROS,2,1982,0,1982,0.0,0.0
2016,7,APURIMAC,CHINCHEROS,4,2157,6,2163,0.0,0.0
2016,8,APURIMAC,CHINCHEROS,2,1986,0,1986,0.0,0.0
2016,9,APURIMAC,CHINCHEROS,6,26,0,26,0.0,42.0
2016,10,APURIMAC,CHINCHEROS,7,4985,0,4985,0.0,0.0
2016,11,APURIMAC,CHINCHEROS,21,18448,0,18448,674.0,1487.0
2016,12,APURIMAC,CHINCHEROS,11,80,0,80,0.0,220.0
2017,1,APURIMAC,CHINCHEROS,12,99,7,106,0.0,126.0
2017,2,APURIMAC,CHINCHEROS,15,54,5,59,0.0,0.0
2017,3,APURIMAC,CHINCHEROS,16,63,33,96,0.0,10.0
2017,4,APURIMAC,CHINCHEROS,3,0,0,0,0.0,0.0
2017,5,APURIMAC,CHINCHEROS,1,179,0,179,0.0,0.0
2017,6,APURIMAC,CHINCHEROS,1,150,0,150,0.0,0.0
2017,7,APURIMAC,CHINCHEROS,0,0,0,0,0.0,0.0
2017,8,APURIMAC,CHINCHEROS,2,0,0,0,0.0,0.0
2017,9,APURIMAC,CHINCHEROS,2,1,0,1,0.0,0.0
2017,10,APURIMAC,CHINCHEROS,8,0,0,0,0.0,0.0
2017,11,APURIMAC,CHINCHEROS,8,30,0,30,0.0,0.0
2017,12,APURIMAC,CHINCHEROS,10,0,0,0,0.0,0.0
2018,1,APURIMAC,CHINCHEROS,3,0,8,8,0.0,0.0
2018,2,APURIMAC,CHINCHEROS,4,45,4,49,0.0,0.0
2018,3,APURIMAC,CHINCHEROS,13,464,18,482,0.0,0.0
2018,4,APURIMAC,CHINCHEROS,1,0,2,2,0.0,0.0
2018,5,APURIMAC,CHINCHEROS,0,0,0,0,0.0,0.0
2018,6,APURIMAC,CHINCHEROS,1,241,0,241,0.0,0.0
2018,7,APURIMAC,CHINCHEROS,3,456,0,456,0.0,0.0
2018,8,APURIMAC,CHINCHEROS,6,1935,0,1935,0.0,0.0
2018,9,APURIMAC,CHINCHEROS,5,1749,16,1765,0.0,0.0
2018,10,APURIMAC,CHINCHEROS,5,0,0,0,0.0,0.0
2018,11,APURIMAC,CHINCHEROS,3,0,0,0,0.0,0.0
2018,12,APURIMAC,CHINCHEROS,17,3433,0,3433,0.0,0.0
2019,1,APURIMAC,CHINCHEROS,9,259,15,274,0.0,0.0
2019,2,APURIMAC,CHINCHEROS,20,311,24,335,20.25,1.0
2019,3,APURIMAC,CHINCHEROS,10,42,29,71,0.5,6.12
2019,4,APURIMAC,CHINCHEROS,12,189,13,202,0.0,321.39
2019,5,APURIMAC,CHINCHEROS,2,0,0,0,26.81,79.96
2019,6,APURIMAC,CHINCHEROS,5,676,0,676,0.0,77.77
2019,7,APURIMAC,CHINCHEROS,2,3,0,3,0.0,34.44
2019,8,APURIMAC,CHINCHEROS,8,28,0,28,0.0,0.0
2019,9,APURIMAC,CHINCHEROS,11,39,3,42,0.0,0.0
2019,10,APURIMAC,CHINCHEROS,5,8,0,8,0.0,33.82
2019,11,APURIMAC,CHINCHEROS,15,85,2,87,136.69,152.28
2019,12,APURIMAC,CHINCHEROS,13,174,8,182,20.25,41.86
2020,1,APURIMAC,CHINCHEROS,8,10,5,15,1.0,147.72
2020,2,APURIMAC,CHINCHEROS,10,19,12,31,0.0,33.95
2020,3,APURIMAC,CHINCHEROS,9,14,28,42,0.0,0.24
2020,4,APURIMAC,CHINCHEROS,2,78,3,81,0.0,0.0
2020,5,APURIMAC,CHINCHEROS,2,0,6,6,0.0,0.0
2020,6,APURIMAC,CHINCHEROS,0,0,0,0,0.0,0.0
2020,7,APURIMAC,CHINCHEROS,5,3083,0,3083,19.45,108.7
2020,8,APURIMAC,CHINCHEROS,1,437,0,437,0.0,0.0
2020,9,APURIMAC,CHINCHEROS,3,23,0,23,0.0,0.0
2020,10,APURIMAC,CHINCHEROS,4,9,7,16,0.0,3.77
2020,11,APURIMAC,CHINCHEROS,12,17,7,24,504.3,1791.27
2020,12,APURIMAC,CHINCHEROS,6,41,6,47,0.0,7.5
2021,1,APURIMAC,CHINCHEROS,9,126,43,169,83.3,25.16
2021,2,APURIMAC,CHINCHEROS,16,42,19,61,1.25,188.97
2021,3,APURIMAC,CHINCHEROS,12,59,22,81,14.44,111.13
2021,4,APURIMAC,CHINCHEROS,20,303,42,345,71.48,284.08
2021,5,APURIMAC,CHINCHEROS,2,0,3,3,0.0,27.0
2021,6,APURIMAC,CHINCHEROS,1,0,0,0,4.9,15.57
2021,7,APURIMAC,CHINCHEROS,4,0,0,0,72.59,403.8
2021,8,APURIMAC,CHINCHEROS,2,3,9,12,0.0,0.0
2021,9,APURIMAC,CHINCHEROS,8,26,0,26,0.0,0.0
2021,10,APURIMAC,CHINCHEROS,6,30,0,30,23.86,228.64
2021,11,APURIMAC,CHINCHEROS,11,45,5,50,0.0,0.0
2021,12,APURIMAC,CHINCHEROS,7,146,9,155,26.85,45.45
2022,1,APURIMAC,CHINCHEROS,18,233,22,255,193.28,426.68
2022,2,APURIMAC,CHINCHEROS,22,83,35,118,58.56,245.3
2022,3,APURIMAC,CHINCHEROS,19,209,35,244,5.82,12.41
2022,4,APURIMAC,CHINCHEROS,4,3,14,17,0.3,9.86
2022,5,APURIMAC,CHINCHEROS,2,6,2,8,0.0,0.0
2022,6,APURIMAC,CHINCHEROS,2,240,0,240,1.29,4.94
2022,7,APURIMAC,CHINCHEROS,4,195,0,195,70.71,220.28
2022,8,APURIMAC,CHINCHEROS,3,7,3,10,0.0,0.0
2022,9,APURIMAC,CHINCHEROS,5,24,16,40,9.9,20.7
2022,10,APURIMAC,CHINCHEROS,5,19,7,26,0.0,4.43
2022,11,APURIMAC,CHINCHEROS,14,37,6,43,140.2,3773.99
2022,12,APURIMAC,CHINCHEROS,7,22,0,22,0.0,0.0
2023,1,APURIMAC,CHINCHEROS,23,141,7,148,676.61,1029.48
2023,2,APURIMAC,CHINCHEROS,26,42,21,63,101.03,303.42
2023,3,APURIMAC,CHINCHEROS,24,31,28,59,56.0,116.29
2023,4,APURIMAC,CHINCHEROS,15,35,22,57,27.46,34.21
2023,5,APURIMAC,CHINCHEROS,7,0,61,61,0.0,13.05
2023,6,APURIMAC,CHINCHEROS,7,4955,11,4966,0.0,31.0
2023,7,APURIMAC,CHINCHEROS,9,1270,25,1295,0.0,0.0
2023,8,APURIMAC,CHINCHEROS,3,2,4,6,0.0,21.58
2023,9,APURIMAC,CHINCHEROS,3,1871,0,1871,0.0,0.0
2023,10,APURIMAC,CHINCHEROS,8,28,1,29,0.0,66.52
2023,11,APURIMAC,CHINCHEROS,11,21,19,40,15.76,77.56
2023,12,APURIMAC,CHINCHEROS,13,57,8,65,58.17,122.4
2024,1,APURIMAC,CHINCHEROS,4,333,2,335,58.62,97.55
2024,2,APURIMAC,CHINCHEROS,33,540,154,694,33.66,29.85
2024,3,APURIMAC,CHINCHEROS,91,514,151,665,29.27,47.78
2024,4,APURIMAC,CHINCHEROS,39,158,82,240,9.44,11.59
2024,5,APURIMAC,CHINCHEROS,8,85,33,118,0.4,0.8
2024,6,APURIMAC,CHINCHEROS,2,5,0,5,0.0,0.0
2024,7,APURIMAC,CHINCHEROS,9,1499,26,1525,12.4,17.62
2024,8,APURIMAC,CHINCHEROS,3,403,2,405,60.2,86.1
2024,9,APURIMAC,CHINCHEROS,7,29,1,30,0.0,0.0
2024,10,APURIMAC,CHINCHEROS,13,217,30,247,16.6,32.2
2024,11,APURIMAC,CHINCHEROS,15,118,20,138,0.16,26.97
2024,12,APURIMAC,CHINCHEROS,11,37,36,73,0.0,0.0
2025,1,APURIMAC,CHINCHEROS,11,694,11,705,26.23,164.83
2025,2,APURIMAC,CHINCHEROS,74,669,153,822,10.75,66.01
2025,3,APURIMAC,CHINCHEROS,47,105,176,281,0.75,18.0
2025,4,APURIMAC,CHINCHEROS,39,84,184,268,4.5,18.75
2025,5,APURIMAC,CHINCHEROS,3,24,9,33,0.0,0.0
2025,6,APURIMAC,CHINCHEROS,1,4,0,4,0.0,0.0
2025,7,APURIMAC,CHINCHEROS,2,1951,7,1958,0.0,0.0
2025,8,APURIMAC,CHINCHEROS,7,4552,23,4575,0.0,9.0
2025,9,APURIMAC,CHINCHEROS,6,896,1,897,0.0,0.0
2025,10,APURIMAC,CHINCHEROS,7,11,42,53,13.7,0.0
2025,11,APURIMAC,CHINCHEROS,23,697,15,712,0.0,195.8
2025,12,APURIMAC,CHINCHEROS,12,6277,0,6277,965.58,1525.65
2016,1,APURIMAC,GRAU,16,5,6957,6962,0.0,0.0
2016,2,APURIMAC,GRAU,8,139,52,191,26.0,26.0
2016,3,APURIMAC,GRAU,1,0,0,0,0.0,0.0
2016,4,APURIMAC,GRAU,0,0,0,0,0.0,0.0
2016,5,APURIMAC,GRAU,1,223,0,223,0.0,0.0
2016,6,APURIMAC,GRAU,5,5333,0,5333,0.0,0.0
2016,7,APURIMAC,GRAU,5,4890,0,4890,0.0,100.0
2016,8,APURIMAC,GRAU,1,0,1,1,0.0,0.0
2016,9,APURIMAC,GRAU,0,0,0,0,0.0,0.0
2016,10,APURIMAC,GRAU,0,0,0,0,0.0,0.0
2016,11,APURIMAC,GRAU,15,2,0,2,30.0,871.0
2016,12,APURIMAC,GRAU,3,100,19,119,0.0,0.0
2017,1,APURIMAC,GRAU,5,2,0,2,12.0,0.0
2017,2,APURIMAC,GRAU,15,64,18,82,3.0,68.0
2017,3,APURIMAC,GRAU,7,31,10,41,0.0,0.0
2017,4,APURIMAC,GRAU,5,13,13,26,0.0,0.0
2017,5,APURIMAC,GRAU,2,21,0,21,0.0,0.0
2017,6,APURIMAC,GRAU,0,0,0,0,0.0,0.0
2017,7,APURIMAC,GRAU,1,39,0,39,0.0,0.0
2017,8,APURIMAC,GRAU,2,571,0,571,0.0,0.0
2017,9,APURIMAC,GRAU,0,0,0,0,0.0,0.0
2017,10,APURIMAC,GRAU,0,0,0,0,0.0,0.0
2017,11,APURIMAC,GRAU,0,0,0,0,0.0,0.0
2017,12,APURIMAC,GRAU,2,0,6,6,0.0,0.0
2018,1,APURIMAC,GRAU,15,248,7,255,0.0,0.0
2018,2,APURIMAC,GRAU,5,235,2,237,0.0,0.0
2018,3,APURIMAC,GRAU,16,421,50,471,0.0,0.0
2018,4,APURIMAC,GRAU,7,257,15,272,0.0,10.0
2018,5,APURIMAC,GRAU,2,76,0,76,0.0,0.0
2018,6,APURIMAC,GRAU,8,1876,0,1876,0.0,0.0
2018,7,APURIMAC,GRAU,8,1879,4,1883,0.0,0.0
2018,8,APURIMAC,GRAU,9,1041,0,1041,0.0,10.0
2018,9,APURIMAC,GRAU,2,3,0,3,0.0,0.0
2018,10,APURIMAC,GRAU,5,29,0,29,0.0,0.0
2018,11,APURIMAC,GRAU,4,14,10,24,0.0,0.0
2018,12,APURIMAC,GRAU,25,3317,0,3317,73.0,89.0
2019,1,APURIMAC,GRAU,2,1,1,2,0.0,0.0
2019,2,APURIMAC,GRAU,9,13,11,24,0.0,0.0
2019,3,APURIMAC,GRAU,6,13,26,39,11.92,21.9
2019,4,APURIMAC,GRAU,4,95,0,95,0.09,23.36
2019,5,APURIMAC,GRAU,0,0,0,0,0.0,0.0
2019,6,APURIMAC,GRAU,4,0,0,0,1.32,17.15
2019,7,APURIMAC,GRAU,5,8,0,8,0.0,9.2
2019,8,APURIMAC,GRAU,3,0,0,0,0.0,0.0
2019,9,APURIMAC,GRAU,0,0,0,0,0.0,0.0
2019,10,APURIMAC,GRAU,2,8,0,8,0.0,0.0
2019,11,APURIMAC,GRAU,6,15,0,15,0.0,9.15
2019,12,APURIMAC,GRAU,2,0,0,0,0.0,140.0
2020,1,APURIMAC,GRAU,8,37,0,37,3.37,59.8
2020,2,APURIMAC,GRAU,12,49,30,79,13.58,22.42
2020,3,APURIMAC,GRAU,14,135,36,171,10.65,44.72
2020,4,APURIMAC,GRAU,2,0,7,7,0.02,0.05
2020,5,APURIMAC,GRAU,3,16,19,35,5.36,16.89
2020,6,APURIMAC,GRAU,2,973,0,973,0.0,0.0
2020,7,APURIMAC,GRAU,3,250,0,250,0.0,1.33
2020,8,APURIMAC,GRAU,6,1826,0,1826,0.0,1.2
2020,9,APURIMAC,GRAU,1,0,1,1,0.0,0.0
2020,10,APURIMAC,GRAU,6,31,0,31,0.0,0.0
2020,11,APURIMAC,GRAU,12,20,0,20,315.09,3173.57
2020,12,APURIMAC,GRAU,12,33,1,34,26.22,416.03
2021,1,APURIMAC,GRAU,14,43,5,48,54.79,137.58
2021,2,APURIMAC,GRAU,4,5,23,28,0.0,4.29
2021,3,APURIMAC,GRAU,23,26,39,65,0.85,135.98
2021,4,APURIMAC,GRAU,13,10,48,58,0.0,21.6
2021,5,APURIMAC,GRAU,3,0,4,4,18.99,45.6
2021,6,APURIMAC,GRAU,1,0,2,2,0.0,0.0
2021,7,APURIMAC,GRAU,2,253,0,253,0.02,6.63
2021,8,APURIMAC,GRAU,7,24,9,33,0.0,300.26
2021,9,APURIMAC,GRAU,3,6,1,7,0.0,0.0
2021,10,APURIMAC,GRAU,12,18,22,40,0.0,3.44
2021,11,APURIMAC,GRAU,5,12,3,15,0.0,0.0
2021,12,APURIMAC,GRAU,3,2,7,9,0.26,0.81
2022,1,APURIMAC,GRAU,14,15,8,23,6.94,61.96
2022,2,APURIMAC,GRAU,14,8,44,52,16.65,0.0
2022,3,APURIMAC,GRAU,16,21,23,44,1.0,0.32
2022,4,APURIMAC,GRAU,4,0,9,9,0.0,0.0
2022,5,APURIMAC,GRAU,1,2,0,2,0.0,0.0
2022,6,APURIMAC,GRAU,4,1111,0,1111,0.0,0.0
2022,7,APURIMAC,GRAU,2,265,0,265,0.0,0.0
2022,8,APURIMAC,GRAU,5,688,4,692,0.0,0.0
2022,9,APURIMAC,GRAU,4,84,20,104,0.0,0.0
2022,10,APURIMAC,GRAU,6,17,0,17,0.0,0.0
2022,11,APURIMAC,GRAU,11,178,3,181,87.92,184.39
2022,12,APURIMAC,GRAU,1,0,0,0,0.0,0.0
2023,1,APURIMAC,GRAU,2,0,2,2,0.0,0.0
2023,2,APURIMAC,GRAU,4,26,0,26,0.2,0.5
2023,3,APURIMAC,GRAU,9,18,20,38,18.55,92.7
2023,4,APURIMAC,GRAU,8,10,4,14,8.45,26.7
2023,5,APURIMAC,GRAU,3,0,1,1,0.0,0.0
2023,6,APURIMAC,GRAU,2,428,6,434,0.0,0.0
2023,7,APURIMAC,GRAU,5,1412,0,1412,0.0,0.0
2023,8,APURIMAC,GRAU,5,1658,5,1663,0.0,0.0
2023,9,APURIMAC,GRAU,3,2,0,2,24.0,30.3
2023,10,APURIMAC,GRAU,7,9,36,45,0.0,0.0
2023,11,APURIMAC,GRAU,2,0,1,1,0.67,9.65
2023,12,APURIMAC,GRAU,7,10,13,23,0.0,9.74
2024,1,APURIMAC,GRAU,1,7,0,7,0.0,0.0
2024,2,APURIMAC,GRAU,8,366,18,384,1.05,5.9
2024,3,APURIMAC,GRAU,32,232,63,295,93.5,87.7
2024,4,APURIMAC,GRAU,15,29,38,67,3.4,3.4
2024,5,APURIMAC,GRAU,3,10,1,11,1.0,1.5
2024,6,APURIMAC,GRAU,1,0,2,2,0.0,0.0
2024,7,APURIMAC,GRAU,5,2744,0,2744,0.0,0.0
2024,8,APURIMAC,GRAU,5,210,5,215,0.0,0.0
2024,9,APURIMAC,GRAU,4,4,7,11,0.0,0.0
2024,10,APURIMAC,GRAU,6,23,14,37,0.0,0.0
2024,11,APURIMAC,GRAU,5,10,5,15,0.0,0.0
2024,12,APURIMAC,GRAU,2,0,9,9,0.0,0.0
2025,1,APURIMAC,GRAU,13,83,12,95,3.0,8.54
2025,2,APURIMAC,GRAU,58,1103,76,1179,10.53,28.92
2025,3,APURIMAC,GRAU,54,203,99,302,2.4,1.99
2025,4,APURIMAC,GRAU,17,30,31,61,0.79,0.83
2025,5,APURIMAC,GRAU,7,10,10,20,0.0,0.0
2025,6,APURIMAC,GRAU,4,1341,5,1346,0.0,0.0
2025,7,APURIMAC,GRAU,6,2108,0,2108,0.0,0.0
2025,8,APURIMAC,GRAU,6,366,0,366,0.0,0.0
2025,9,APURIMAC,GRAU,5,565,1,566,0.0,0.0
2025,10,APURIMAC,GRAU,2,7,0,7,0.0,0.0
2025,11,APURIMAC,GRAU,5,15,6,21,0.0,0.0
2025,12,APURIMAC,GRAU,12,2617,2,2619,88.99,178.95
2016,1,AREQUIPA,CARAVELI,0,0,0,0,0.0,0.0
2016,2,AREQUIPA,CARAVELI,2,0,0,0,0.0,0.0
2016,3,AREQUIPA,CARAVELI,0,0,0,0,0.0,0.0
2016,4,AREQUIPA,CARAVELI,1,0,0,0,0.0,0.0
2016,5,AREQUIPA,CARAVELI,0,0,0,0,0.0,0.0
2016,6,AREQUIPA,CARAVELI,2,1193,0,1193,0.0,17.0
2016,7,AREQUIPA,CARAVELI,0,0,0,0,0.0,0.0
2016,8,AREQUIPA,CARAVELI,0,0,0,0,0.0,0.0
2016,9,AREQUIPA,CARAVELI,0,0,0,0,0.0,0.0
2016,10,AREQUIPA,CARAVELI,0,0,0,0,0.0,0.0
2016,11,AREQUIPA,CARAVELI,0,0,0,0,0.0,0.0
2016,12,AREQUIPA,CARAVELI,0,0,0,0,0.0,0.0
2017,1,AREQUIPA,CARAVELI,10,2451,534,2985,12.0,24.0
2017,2,AREQUIPA,CARAVELI,0,0,0,0,0.0,0.0
2017,3,AREQUIPA,CARAVELI,6,994,75,1069,4.0,303.0
2017,4,AREQUIPA,CARAVELI,0,0,0,0,0.0,0.0
2017,5,AREQUIPA,CARAVELI,0,0,0,0,0.0,0.0
2017,6,AREQUIPA,CARAVELI,2,1108,0,1108,0.0,9.0
2017,7,AREQUIPA,CARAVELI,0,0,0,0,0.0,0.0
2017,8,AREQUIPA,CARAVELI,0,0,0,0,0.0,0.0
2017,9,AREQUIPA,CARAVELI,0,0,0,0,0.0,0.0
2017,10,AREQUIPA,CARAVELI,1,0,0,0,0.0,33.0
2017,11,AREQUIPA,CARAVELI,0,0,0,0,0.0,0.0
2017,12,AREQUIPA,CARAVELI,0,0,0,0,0.0,0.0
2018,1,AREQUIPA,CARAVELI,3,48,28,76,0.0,2.0
2018,2,AREQUIPA,CARAVELI,1,713,0,713,0.0,0.0
2018,3,AREQUIPA,CARAVELI,1,0,0,0,0.0,0.0
2018,4,AREQUIPA,CARAVELI,0,0,0,0,0.0,0.0
2018,5,AREQUIPA,CARAVELI,0,0,0,0,0.0,0.0
2018,6,AREQUIPA,CARAVELI,1,881,0,881,0.0,0.0
2018,7,AREQUIPA,CARAVELI,3,2834,0,2834,0.0,0.0
2018,8,AREQUIPA,CARAVELI,1,100,0,100,0.0,0.0
2018,9,AREQUIPA,CARAVELI,0,0,0,0,0.0,0.0
2018,10,AREQUIPA,CARAVELI,0,0,0,0,0.0,0.0
2018,11,AREQUIPA,CARAVELI,0,0,0,0,0.0,0.0
2018,12,AREQUIPA,CARAVELI,0,0,0,0,0.0,0.0
2019,1,AREQUIPA,CARAVELI,1,145,18,163,0.0,0.6
2019,2,AREQUIPA,CARAVELI,1,0,0,0,0.0,0.0
2019,3,AREQUIPA,CARAVELI,1,128,0,128,0.0,0.0
2019,4,AREQUIPA,CARAVELI,0,0,0,0,0.0,0.0
2019,5,AREQUIPA,CARAVELI,0,0,0,0,0.0,0.0
2019,6,AREQUIPA,CARAVELI,3,419,0,419,0.0,0.0
2019,7,AREQUIPA,CARAVELI,0,0,0,0,0.0,0.0
2019,8,AREQUIPA,CARAVELI,0,0,0,0,0.0,0.0
2019,9,AREQUIPA,CARAVELI,0,0,0,0,0.0,0.0
2019,10,AREQUIPA,CARAVELI,0,0,0,0,0.0,0.0
2019,11,AREQUIPA,CARAVELI,0,0,0,0,0.0,0.0
2019,12,AREQUIPA,CARAVELI,0,0,0,0,0.0,0.0
2020,1,AREQUIPA,CARAVELI,6,966,0,966,0.0,61.75
2020,2,AREQUIPA,CARAVELI,0,0,0,0,0.0,0.0
2020,3,AREQUIPA,CARAVELI,0,0,0,0,0.0,0.0
2020,4,AREQUIPA,CARAVELI,0,0,0,0,0.0,0.0
2020,5,AREQUIPA,CARAVELI,0,0,0,0,0.0,0.0
2020,6,AREQUIPA,CARAVELI,0,0,0,0,0.0,0.0
2020,7,AREQUIPA,CARAVELI,2,842,0,842,0.0,0.7
2020,8,AREQUIPA,CARAVELI,0,0,0,0,0.0,0.0
2020,9,AREQUIPA,CARAVELI,0,0,0,0,0.0,0.0
2020,10,AREQUIPA,CARAVELI,0,0,0,0,0.0,0.0
2020,11,AREQUIPA,CARAVELI,0,0,0,0,0.0,0.0
2020,12,AREQUIPA,CARAVELI,0,0,0,0,0.0,0.0
2021,1,AREQUIPA,CARAVELI,0,0,0,0,0.0,0.0
2021,2,AREQUIPA,CARAVELI,1,110,0,110,0.0,0.0
2021,3,AREQUIPA,CARAVELI,0,0,0,0,0.0,0.0
2021,4,AREQUIPA,CARAVELI,0,0,0,0,0.0,0.0
2021,5,AREQUIPA,CARAVELI,0,0,0,0,0.0,0.0
2021,6,AREQUIPA,CARAVELI,0,0,0,0,0.0,0.0
2021,7,AREQUIPA,CARAVELI,0,0,0,0,0.0,0.0
2021,8,AREQUIPA,CARAVELI,1,989,0,989,0.0,0.0
2021,9,AREQUIPA,CARAVELI,0,0,0,0,0.0,0.0
2021,10,AREQUIPA,CARAVELI,0,0,0,0,0.0,0.0
2021,11,AREQUIPA,CARAVELI,0,0,0,0,0.0,0.0
2021,12,AREQUIPA,CARAVELI,0,0,0,0,0.0,0.0
2022,1,AREQUIPA,CARAVELI,0,0,0,0,0.0,0.0
2022,2,AREQUIPA,CARAVELI,0,0,0,0,0.0,0.0
2022,3,AREQUIPA,CARAVELI,0,0,0,0,0.0,0.0
2022,4,AREQUIPA,CARAVELI,0,0,0,0,0.0,0.0
2022,5,AREQUIPA,CARAVELI,1,18,0,18,53.73,55.32
2022,6,AREQUIPA,CARAVELI,0,0,0,0,0.0,0.0
2022,7,AREQUIPA,CARAVELI,0,0,0,0,0.0,0.0
2022,8,AREQUIPA,CARAVELI,0,0,0,0,0.0,0.0
2022,9,AREQUIPA,CARAVELI,1,7,0,7,0.0,0.0
2022,10,AREQUIPA,CARAVELI,0,0,0,0,0.0,0.0
2022,11,AREQUIPA,CARAVELI,0,0,0,0,0.0,0.0
2022,12,AREQUIPA,CARAVELI,0,0,0,0,0.0,0.0
2023,1,AREQUIPA,CARAVELI,1,0,0,0,0.0,652.68
2023,2,AREQUIPA,CARAVELI,4,108,0,108,21.3,28.7
2023,3,AREQUIPA,CARAVELI,4,39,0,39,60.68,54.81
2023,4,AREQUIPA,CARAVELI,1,0,0,0,119.31,153.31
2023,5,AREQUIPA,CARAVELI,0,0,0,0,0.0,0.0
2023,6,AREQUIPA,CARAVELI,0,0,0,0,0.0,0.0
2023,7,AREQUIPA,CARAVELI,0,0,0,0,0.0,0.0
2023,8,AREQUIPA,CARAVELI,0,0,0,0,0.0,0.0
2023,9,AREQUIPA,CARAVELI,0,0,0,0,0.0,0.0
2023,10,AREQUIPA,CARAVELI,0,0,0,0,0.0,0.0
2023,11,AREQUIPA,CARAVELI,0,0,0,0,0.0,0.0
2023,12,AREQUIPA,CARAVELI,0,0,0,0,0.0,0.0
2024,1,AREQUIPA,CARAVELI,3,78,0,78,36.8,369.68
2024,2,AREQUIPA,CARAVELI,0,0,0,0,0.0,0.0
2024,3,AREQUIPA,CARAVELI,3,207,1,208,8.6,24.65
2024,4,AREQUIPA,CARAVELI,0,0,0,0,0.0,0.0
2024,5,AREQUIPA,CARAVELI,2,26,2,28,0.0,0.0
2024,6,AREQUIPA,CARAVELI,0,0,0,0,0.0,0.0
2024,7,AREQUIPA,CARAVELI,1,6,0,6,0.0,0.0
2024,8,AREQUIPA,CARAVELI,0,0,0,0,0.0,0.0
2024,9,AREQUIPA,CARAVELI,0,0,0,0,0.0,0.0
2024,10,AREQUIPA,CARAVELI,4,838,0,838,0.0,0.0
2024,11,AREQUIPA,CARAVELI,0,0,0,0,0.0,0.0
2024,12,AREQUIPA,CARAVELI,0,0,0,0,0.0,0.0
2025,1,AREQUIPA,CARAVELI,2,365,0,365,0.0,0.0
2025,2,AREQUIPA,CARAVELI,33,1526,58,1584,46.27,289.0
2025,3,AREQUIPA,CARAVELI,1,2,2,4,0.0,0.0
2025,4,AREQUIPA,CARAVELI,1,0,0,0,0.0,0.0
2025,5,AREQUIPA,CARAVELI,0,0,0,0,0.0,0.0
2025,6,AREQUIPA,CARAVELI,0,0,0,0,0.0,0.0
2025,7,AREQUIPA,CARAVELI,1,6,1,7,0.0,0.0
2025,8,AREQUIPA,CARAVELI,0,0,0,0,0.0,0.0
2025,9,AREQUIPA,CARAVELI,0,0,0,0,0.0,0.0
2025,10,AREQUIPA,CARAVELI,1,0,0,0,0.0,0.0
2025,11,AREQUIPA,CARAVELI,0,0,0,0,0.0,0.0
2025,12,AREQUIPA,CARAVELI,0,0,0,0,0.0,0.0
2016,1,AREQUIPA,LA UNION,1,0,0,0,0.0,45.0
2016,2,AREQUIPA,LA UNION,10,1583,64,1647,5.0,130.0
2016,3,AREQUIPA,LA UNION,0,0,0,0,0.0,0.0
2016,4,AREQUIPA,LA UNION,0,0,0,0,0.0,0.0
2016,5,AREQUIPA,LA UNION,1,90,0,90,0.0,0.0
2016,6,AREQUIPA,LA UNION,6,2584,0,2584,38.0,239.0
2016,7,AREQUIPA,LA UNION,0,0,0,0,0.0,0.0
2016,8,AREQUIPA,LA UNION,0,0,0,0,0.0,0.0
2016,9,AREQUIPA,LA UNION,0,0,0,0,0.0,0.0
2016,10,AREQUIPA,LA UNION,0,0,0,0,0.0,0.0
2016,11,AREQUIPA,LA UNION,0,0,0,0,0.0,0.0
2016,12,AREQUIPA,LA UNION,0,0,0,0,0.0,0.0
2017,1,AREQUIPA,LA UNION,14,4892,36,4928,36.0,142.0
2017,2,AREQUIPA,LA UNION,1,0,0,0,0.0,0.0
2017,3,AREQUIPA,LA UNION,7,2852,260,3112,34.0,58.0
2017,4,AREQUIPA,LA UNION,0,0,0,0,0.0,0.0
2017,5,AREQUIPA,LA UNION,3,1062,0,1062,0.0,5.0
2017,6,AREQUIPA,LA UNION,1,400,0,400,0.0,40.0
2017,7,AREQUIPA,LA UNION,1,156,0,156,0.0,0.0
2017,8,AREQUIPA,LA UNION,0,0,0,0,0.0,0.0
2017,9,AREQUIPA,LA UNION,0,0,0,0,0.0,0.0
2017,10,AREQUIPA,LA UNION,0,0,0,0,0.0,0.0
2017,11,AREQUIPA,LA UNION,0,0,0,0,0.0,0.0
2017,12,AREQUIPA,LA UNION,0,0,0,0,0.0,0.0
2018,1,AREQUIPA,LA UNION,3,210,0,210,0.0,0.0
2018,2,AREQUIPA,LA UNION,0,0,0,0,0.0,0.0
2018,3,AREQUIPA,LA UNION,10,670,0,670,0.0,0.0
2018,4,AREQUIPA,LA UNION,4,0,0,0,0.0,0.0
2018,5,AREQUIPA,LA UNION,3,3100,0,3100,1.0,2020.0
2018,6,AREQUIPA,LA UNION,2,1755,0,1755,0.0,75.0
2018,7,AREQUIPA,LA UNION,4,1439,0,1439,0.0,3.0
2018,8,AREQUIPA,LA UNION,0,0,0,0,0.0,0.0
2018,9,AREQUIPA,LA UNION,0,0,0,0,0.0,0.0
2018,10,AREQUIPA,LA UNION,0,0,0,0,0.0,0.0
2018,11,AREQUIPA,LA UNION,0,0,0,0,0.0,0.0
2018,12,AREQUIPA,LA UNION,0,0,0,0,0.0,0.0
2019,1,AREQUIPA,LA UNION,2,218,0,218,0.0,0.0
2019,2,AREQUIPA,LA UNION,1,0,0,0,0.0,0.0
2019,3,AREQUIPA,LA UNION,2,132,25,157,0.0,0.0
2019,4,AREQUIPA,LA UNION,0,0,0,0,0.0,0.0
2019,5,AREQUIPA,LA UNION,1,0,0,0,0.0,0.0
2019,6,AREQUIPA,LA UNION,1,48,0,48,0.0,0.0
2019,7,AREQUIPA,LA UNION,1,0,0,0,0.0,0.0
2019,8,AREQUIPA,LA UNION,0,0,0,0,0.0,0.0
2019,9,AREQUIPA,LA UNION,1,0,0,0,0.0,0.0
2019,10,AREQUIPA,LA UNION,0,0,0,0,0.0,0.0
2019,11,AREQUIPA,LA UNION,0,0,0,0,0.0,0.0
2019,12,AREQUIPA,LA UNION,0,0,0,0,0.0,0.0
2020,1,AREQUIPA,LA UNION,12,1026,24,1050,0.0,102.0
2020,2,AREQUIPA,LA UNION,9,624,191,815,2.76,0.0
2020,3,AREQUIPA,LA UNION,3,376,70,446,0.0,0.0
2020,4,AREQUIPA,LA UNION,0,0,0,0,0.0,0.0
2020,5,AREQUIPA,LA UNION,0,0,0,0,0.0,0.0
2020,6,AREQUIPA,LA UNION,10,2858,0,2858,0.0,0.0
2020,7,AREQUIPA,LA UNION,1,87,0,87,0.0,0.0
2020,8,AREQUIPA,LA UNION,0,0,0,0,0.0,0.0
2020,9,AREQUIPA,LA UNION,1,639,0,639,0.0,0.0
2020,10,AREQUIPA,LA UNION,1,5,0,5,0.0,0.0
2020,11,AREQUIPA,LA UNION,2,53,0,53,0.0,0.0
2020,12,AREQUIPA,LA UNION,0,0,0,0,0.0,0.0
2021,1,AREQUIPA,LA UNION,4,114,0,114,2.98,0.0
2021,2,AREQUIPA,LA UNION,2,443,24,467,0.3,0.0
2021,3,AREQUIPA,LA UNION,4,366,34,400,0.0,0.0
2021,4,AREQUIPA,LA UNION,0,0,0,0,0.0,0.0
2021,5,AREQUIPA,LA UNION,3,434,0,434,0.0,0.0
2021,6,AREQUIPA,LA UNION,1,66,0,66,0.0,0.0
2021,7,AREQUIPA,LA UNION,7,2357,0,2357,0.0,0.0
2021,8,AREQUIPA,LA UNION,1,184,0,184,0.0,0.0
2021,9,AREQUIPA,LA UNION,0,0,0,0,0.0,0.0
2021,10,AREQUIPA,LA UNION,0,0,0,0,0.0,0.0
2021,11,AREQUIPA,LA UNION,0,0,0,0,0.0,0.0
2021,12,AREQUIPA,LA UNION,0,0,0,0,0.0,0.0
2022,1,AREQUIPA,LA UNION,1,277,0,277,0.0,0.0
2022,2,AREQUIPA,LA UNION,0,0,0,0,0.0,0.0
2022,3,AREQUIPA,LA UNION,3,0,0,0,0.0,0.0
2022,4,AREQUIPA,LA UNION,0,0,0,0,0.0,0.0
2022,5,AREQUIPA,LA UNION,1,457,0,457,0.0,0.0
2022,6,AREQUIPA,LA UNION,1,259,0,259,0.0,0.0
2022,7,AREQUIPA,LA UNION,3,1128,0,1128,0.0,0.0
2022,8,AREQUIPA,LA UNION,2,464,0,464,0.0,0.0
2022,9,AREQUIPA,LA UNION,0,0,0,0,0.0,0.0
2022,10,AREQUIPA,LA UNION,0,0,0,0,0.0,0.0
2022,11,AREQUIPA,LA UNION,0,0,0,0,0.0,0.0
2022,12,AREQUIPA,LA UNION,0,0,0,0,0.0,0.0
2023,1,AREQUIPA,LA UNION,1,0,0,0,0.0,0.0
2023,2,AREQUIPA,LA UNION,19,539,26,565,28.2,42.0
2023,3,AREQUIPA,LA UNION,9,148,0,148,0.77,0.99
2023,4,AREQUIPA,LA UNION,2,0,0,0,0.0,0.0
2023,5,AREQUIPA,LA UNION,0,0,0,0,0.0,0.0
2023,6,AREQUIPA,LA UNION,0,0,0,0,0.0,0.0
2023,7,AREQUIPA,LA UNION,0,0,0,0,0.0,0.0
2023,8,AREQUIPA,LA UNION,0,0,0,0,0.0,0.0
2023,9,AREQUIPA,LA UNION,0,0,0,0,0.0,0.0
2023,10,AREQUIPA,LA UNION,1,13,0,13,0.0,0.0
2023,11,AREQUIPA,LA UNION,0,0,0,0,0.0,0.0
2023,12,AREQUIPA,LA UNION,0,0,0,0,0.0,0.0
2024,1,AREQUIPA,LA UNION,14,481,10,491,16.41,45.42
2024,2,AREQUIPA,LA UNION,20,319,105,424,30.06,15.9
2024,3,AREQUIPA,LA UNION,32,462,62,524,35.52,75.33
2024,4,AREQUIPA,LA UNION,3,3,0,3,4.0,0.83
2024,5,AREQUIPA,LA UNION,0,0,0,0,0.0,0.0
2024,6,AREQUIPA,LA UNION,1,220,0,220,0.1,3.85
2024,7,AREQUIPA,LA UNION,0,0,0,0,0.0,0.0
2024,8,AREQUIPA,LA UNION,0,0,0,0,0.0,0.0
2024,9,AREQUIPA,LA UNION,1,238,0,238,0.0,0.0
2024,10,AREQUIPA,LA UNION,2,119,0,119,0.0,203.0
2024,11,AREQUIPA,LA UNION,2,0,0,0,0.0,0.0
2024,12,AREQUIPA,LA UNION,3,3,0,3,0.0,0.0
2025,1,AREQUIPA,LA UNION,17,2,0,2,0.0,0.0
2025,2,AREQUIPA,LA UNION,57,973,82,1055,12.42,64.66
2025,3,AREQUIPA,LA UNION,13,27,3,30,0.0,0.0
2025,4,AREQUIPA,LA UNION,5,1,0,1,0.0,0.0
2025,5,AREQUIPA,LA UNION,0,0,0,0,0.0,0.0
2025,6,AREQUIPA,LA UNION,6,1427,0,1427,0.0,15.0
2025,7,AREQUIPA,LA UNION,0,0,0,0,0.0,0.0
2025,8,AREQUIPA,LA UNION,4,490,0,490,0.0,0.0
2025,9,AREQUIPA,LA UNION,1,0,0,0,0.0,0.0
2025,10,AREQUIPA,LA UNION,0,0,0,0,0.0,0.0
2025,11,AREQUIPA,LA UNION,0,0,0,0,0.0,0.0
2025,12,AREQUIPA,LA UNION,0,0,0,0,0.0,0.0
2016,1,AYACUCHO,HUAMANGA,16,15,0,15,221.0,18601.0
2016,2,AYACUCHO,HUAMANGA,7,35,15,50,326.0,1532.0
2016,3,AYACUCHO,HUAMANGA,2,2,0,2,0.0,0.0
2016,4,AYACUCHO,HUAMANGA,1,0,0,0,0.0,0.0
2016,5,AYACUCHO,HUAMANGA,5,1565,0,1565,21.0,0.0
2016,6,AYACUCHO,HUAMANGA,5,1586,0,1586,60.0,2807.0
2016,7,AYACUCHO,HUAMANGA,0,0,0,0,0.0,0.0
2016,8,AYACUCHO,HUAMANGA,0,0,0,0,0.0,0.0
2016,9,AYACUCHO,HUAMANGA,2,10,0,10,0.0,0.0
2016,10,AYACUCHO,HUAMANGA,0,0,0,0,0.0,0.0
2016,11,AYACUCHO,HUAMANGA,19,314,0,314,173.0,15673.0
2016,12,AYACUCHO,HUAMANGA,4,60,0,60,0.0,0.0
2017,1,AYACUCHO,HUAMANGA,11,211,0,211,10.0,157.0
2017,2,AYACUCHO,HUAMANGA,7,299,4,303,1.0,36.0
2017,3,AYACUCHO,HUAMANGA,5,83,0,83,8.0,37.0
2017,4,AYACUCHO,HUAMANGA,2,4,0,4,0.0,4.0
2017,5,AYACUCHO,HUAMANGA,2,21,0,21,80.0,540.0
2017,6,AYACUCHO,HUAMANGA,1,70,0,70,0.0,0.0
2017,7,AYACUCHO,HUAMANGA,7,122,0,122,1283.0,5743.0
2017,8,AYACUCHO,HUAMANGA,0,0,0,0,0.0,0.0
2017,9,AYACUCHO,HUAMANGA,2,11,0,11,0.0,0.0
2017,10,AYACUCHO,HUAMANGA,4,7,4,11,0.0,0.0
2017,11,AYACUCHO,HUAMANGA,1,1,0,1,0.0,0.0
2017,12,AYACUCHO,HUAMANGA,7,75,31,106,0.0,0.0
2018,1,AYACUCHO,HUAMANGA,5,55,1,56,0.0,0.0
2018,2,AYACUCHO,HUAMANGA,5,193,0,193,20.0,8.0
2018,3,AYACUCHO,HUAMANGA,7,58,44,102,5.0,286.0
2018,4,AYACUCHO,HUAMANGA,0,0,0,0,0.0,0.0
2018,5,AYACUCHO,HUAMANGA,0,0,0,0,0.0,0.0
2018,6,AYACUCHO,HUAMANGA,0,0,0,0,0.0,0.0
2018,7,AYACUCHO,HUAMANGA,0,0,0,0,0.0,0.0
2018,8,AYACUCHO,HUAMANGA,2,1003,2,1005,0.0,0.0
2018,9,AYACUCHO,HUAMANGA,2,9,5,14,0.0,0.0
2018,10,AYACUCHO,HUAMANGA,1,5,0,5,0.0,0.0
2018,11,AYACUCHO,HUAMANGA,10,4,0,4,4334.0,14503.0
2018,12,AYACUCHO,HUAMANGA,9,16,15,31,2066.0,2609.0
2019,1,AYACUCHO,HUAMANGA,1,84,0,84,0.0,6.0
2019,2,AYACUCHO,HUAMANGA,4,35,4,39,0.0,0.28
2019,3,AYACUCHO,HUAMANGA,7,23,30,53,15.15,2.01
2019,4,AYACUCHO,HUAMANGA,3,93,0,93,0.0,7.23
2019,5,AYACUCHO,HUAMANGA,0,0,0,0,0.0,0.0
2019,6,AYACUCHO,HUAMANGA,0,0,0,0,0.0,0.0
2019,7,AYACUCHO,HUAMANGA,0,0,0,0,0.0,0.0
2019,8,AYACUCHO,HUAMANGA,1,10,0,10,0.0,0.0
2019,9,AYACUCHO,HUAMANGA,0,0,0,0,0.0,0.0
2019,10,AYACUCHO,HUAMANGA,1,2,3,5,0.0,0.0
2019,11,AYACUCHO,HUAMANGA,0,0,0,0,0.0,0.0
2019,12,AYACUCHO,HUAMANGA,0,0,0,0,0.0,0.0
2020,1,AYACUCHO,HUAMANGA,7,3,7,10,199.95,86.25
2020,2,AYACUCHO,HUAMANGA,3,0,0,0,8.2,0.0
2020,3,AYACUCHO,HUAMANGA,1,0,0,0,0.0,0.0
2020,4,AYACUCHO,HUAMANGA,0,0,0,0,0.0,0.0
2020,5,AYACUCHO,HUAMANGA,0,0,0,0,0.0,0.0
2020,6,AYACUCHO,HUAMANGA,0,0,0,0,0.0,0.0
2020,7,AYACUCHO,HUAMANGA,1,0,0,0,4.95,4.95
2020,8,AYACUCHO,HUAMANGA,2,529,0,529,0.0,288.0
2020,9,AYACUCHO,HUAMANGA,3,10,0,10,0.0,10.0
2020,10,AYACUCHO,HUAMANGA,6,8,5,13,5.2,17.5
2020,11,AYACUCHO,HUAMANGA,6,8,2,10,1959.8,3944.2
2020,12,AYACUCHO,HUAMANGA,6,20,2,22,8.15,15.05
2021,1,AYACUCHO,HUAMANGA,6,15,0,15,52.06,489.05
2021,2,AYACUCHO,HUAMANGA,14,7,13,20,6121.06,9202.73
2021,3,AYACUCHO,HUAMANGA,8,5,1,6,107.79,314.28
2021,4,AYACUCHO,HUAMANGA,9,223,59,282,0.25,35.85
2021,5,AYACUCHO,HUAMANGA,7,0,0,0,0.0,0.0
2021,6,AYACUCHO,HUAMANGA,0,0,0,0,0.0,0.0
2021,7,AYACUCHO,HUAMANGA,0,0,0,0,0.0,0.0
2021,8,AYACUCHO,HUAMANGA,6,112,2,114,0.0,0.0
2021,9,AYACUCHO,HUAMANGA,7,135,62,197,0.0,0.0
2021,10,AYACUCHO,HUAMANGA,5,9,46,55,25.25,1.0
2021,11,AYACUCHO,HUAMANGA,6,19,43,62,10.32,26.91
2021,12,AYACUCHO,HUAMANGA,9,152,7,159,132.69,148.13
2022,1,AYACUCHO,HUAMANGA,14,19,19,38,108.59,1265.44
2022,2,AYACUCHO,HUAMANGA,14,300,75,375,161.64,396.55
2022,3,AYACUCHO,HUAMANGA,23,114,32,146,161.95,435.9
2022,4,AYACUCHO,HUAMANGA,14,458,30,488,55.44,63.74
2022,5,AYACUCHO,HUAMANGA,1,0,6,6,0.0,0.0
2022,6,AYACUCHO,HUAMANGA,1,1,0,1,0.0,0.0
2022,7,AYACUCHO,HUAMANGA,2,2,0,2,3.45,3.45
2022,8,AYACUCHO,HUAMANGA,1,11,0,11,0.0,0.0
2022,9,AYACUCHO,HUAMANGA,0,0,0,0,0.0,0.0
2022,10,AYACUCHO,HUAMANGA,3,12,15,27,46.3,96.74
2022,11,AYACUCHO,HUAMANGA,10,43,36,79,334.93,346.26
2022,12,AYACUCHO,HUAMANGA,6,8,8,16,606.58,679.37
2023,1,AYACUCHO,HUAMANGA,27,68,76,144,21.5,27.7
2023,2,AYACUCHO,HUAMANGA,71,785,182,967,212.65,1795.14
2023,3,AYACUCHO,HUAMANGA,34,181,74,255,98.65,653.13
2023,4,AYACUCHO,HUAMANGA,14,51,58,109,53.85,219.95
2023,5,AYACUCHO,HUAMANGA,6,0,22,22,19.65,122.6
2023,6,AYACUCHO,HUAMANGA,3,4,34,38,0.0,0.0
2023,7,AYACUCHO,HUAMANGA,2,0,3,3,0.0,0.0
2023,8,AYACUCHO,HUAMANGA,6,32,18,50,0.0,0.0
2023,9,AYACUCHO,HUAMANGA,8,0,60,60,94.33,167.51
2023,10,AYACUCHO,HUAMANGA,2,1,0,1,26.8,79.75
2023,11,AYACUCHO,HUAMANGA,7,7,3,10,41.25,76.3
2023,12,AYACUCHO,HUAMANGA,9,6,47,53,54.6,62.9
2024,1,AYACUCHO,HUAMANGA,8,1418,16,1434,449.29,980.7
2024,2,AYACUCHO,HUAMANGA,37,1333,374,1707,183.54,330.15
2024,3,AYACUCHO,HUAMANGA,53,1668,277,1945,109.61,374.6
2024,4,AYACUCHO,HUAMANGA,13,330,222,552,55.0,256.5
2024,5,AYACUCHO,HUAMANGA,3,4,26,30,0.0,0.0
2024,6,AYACUCHO,HUAMANGA,4,9,2,11,0.0,0.0
2024,7,AYACUCHO,HUAMANGA,6,160,17,177,48.25,16.5
2024,8,AYACUCHO,HUAMANGA,2,0,12,12,0.0,0.0
2024,9,AYACUCHO,HUAMANGA,5,35,7,42,0.0,0.0
2024,10,AYACUCHO,HUAMANGA,8,351,27,378,0.0,0.0
2024,11,AYACUCHO,HUAMANGA,5,27,7,34,0.0,0.0
2024,12,AYACUCHO,HUAMANGA,4,22,9,31,0.0,0.0
2025,1,AYACUCHO,HUAMANGA,29,2890,89,2979,253.9,715.24
2025,2,AYACUCHO,HUAMANGA,27,289,163,452,0.25,128.88
2025,3,AYACUCHO,HUAMANGA,32,532,222,754,0.0,0.0
2025,4,AYACUCHO,HUAMANGA,12,62,37,99,0.0,0.0
2025,5,AYACUCHO,HUAMANGA,1,3,18,21,0.0,0.0
2025,6,AYACUCHO,HUAMANGA,2,4,25,29,0.0,0.0
2025,7,AYACUCHO,HUAMANGA,1,11,0,11,0.0,0.0
2025,8,AYACUCHO,HUAMANGA,1,0,5,5,0.0,0.0
2025,9,AYACUCHO,HUAMANGA,1,57,0,57,0.0,0.0
2025,10,AYACUCHO,HUAMANGA,7,51,32,83,0.0,0.0
2025,11,AYACUCHO,HUAMANGA,2,16,2,18,0.0,0.0
2025,12,AYACUCHO,HUAMANGA,1,1,0,1,0.0,0.0
2016,1,AYACUCHO,HUANTA,9,489,124,613,236.0,1812.0
2016,2,AYACUCHO,HUANTA,4,0,0,0,0.0,0.0
2016,3,AYACUCHO,HUANTA,0,0,0,0,0.0,0.0
2016,4,AYACUCHO,HUANTA,0,0,0,0,0.0,0.0
2016,5,AYACUCHO,HUANTA,1,0,0,0,0.0,0.0
2016,6,AYACUCHO,HUANTA,4,1342,0,1342,0.0,0.0
2016,7,AYACUCHO,HUANTA,5,4350,0,4350,0.0,360.0
2016,8,AYACUCHO,HUANTA,1,102,0,102,0.0,0.0
2016,9,AYACUCHO,HUANTA,1,89,17,106,0.0,0.0
2016,10,AYACUCHO,HUANTA,2,19,0,19,0.0,0.0
2016,11,AYACUCHO,HUANTA,11,235,0,235,554.0,2114.0
2016,12,AYACUCHO,HUANTA,0,0,0,0,0.0,0.0
2017,1,AYACUCHO,HUANTA,4,30,0,30,40.0,0.0
2017,2,AYACUCHO,HUANTA,1,2,0,2,0.0,0.0
2017,3,AYACUCHO,HUANTA,8,391,215,606,1.0,2.0
2017,4,AYACUCHO,HUANTA,0,0,0,0,0.0,0.0
2017,5,AYACUCHO,HUANTA,1,1023,0,1023,0.0,0.0
2017,6,AYACUCHO,HUANTA,1,26,0,26,0.0,0.0
2017,7,AYACUCHO,HUANTA,0,0,0,0,0.0,0.0
2017,8,AYACUCHO,HUANTA,5,731,0,731,0.0,0.0
2017,9,AYACUCHO,HUANTA,0,0,0,0,0.0,0.0
2017,10,AYACUCHO,HUANTA,2,39,0,39,0.0,0.0
2017,11,AYACUCHO,HUANTA,3,80,0,80,0.0,0.0
2017,12,AYACUCHO,HUANTA,1,4,0,4,0.0,0.0
2018,1,AYACUCHO,HUANTA,4,74,0,74,0.0,10.0
2018,2,AYACUCHO,HUANTA,2,42,0,42,0.0,0.0
2018,3,AYACUCHO,HUANTA,2,0,0,0,60.0,36.0
2018,4,AYACUCHO,HUANTA,1,100,0,100,0.0,0.0
2018,5,AYACUCHO,HUANTA,0,0,0,0,0.0,0.0
2018,6,AYACUCHO,HUANTA,0,0,0,0,0.0,0.0
2018,7,AYACUCHO,HUANTA,0,0,0,0,0.0,0.0
2018,8,AYACUCHO,HUANTA,1,6,0,6,0.0,0.0
2018,9,AYACUCHO,HUANTA,1,14,0,14,0.0,0.0
2018,10,AYACUCHO,HUANTA,1,39,19,58,1.0,0.0
2018,11,AYACUCHO,HUANTA,9,0,0,0,176.0,1656.0
2018,12,AYACUCHO,HUANTA,3,117,132,249,0.0,0.0
2019,1,AYACUCHO,HUANTA,6,38,56,94,0.0,4.0
2019,2,AYACUCHO,HUANTA,8,42,31,73,0.5,12.0
2019,3,AYACUCHO,HUANTA,6,0,0,0,0.0,38.0
2019,4,AYACUCHO,HUANTA,1,25,0,25,0.0,3.4
2019,5,AYACUCHO,HUANTA,1,0,0,0,0.0,0.0
2019,6,AYACUCHO,HUANTA,1,18,2,20,0.0,4.0
2019,7,AYACUCHO,HUANTA,1,54,0,54,0.0,0.0
2019,8,AYACUCHO,HUANTA,0,0,0,0,0.0,0.0
2019,9,AYACUCHO,HUANTA,1,0,35,35,0.0,0.0
2019,10,AYACUCHO,HUANTA,1,0,3,3,0.0,0.0
2019,11,AYACUCHO,HUANTA,1,7,0,7,0.0,0.0
2019,12,AYACUCHO,HUANTA,6,0,0,0,1.13,133.46
2020,1,AYACUCHO,HUANTA,17,169,152,321,39.5,33.55
2020,2,AYACUCHO,HUANTA,1,0,0,0,20.0,0.0
2020,3,AYACUCHO,HUANTA,1,0,12,12,0.0,0.0
2020,4,AYACUCHO,HUANTA,0,0,0,0,0.0,0.0
2020,5,AYACUCHO,HUANTA,0,0,0,0,0.0,0.0
2020,6,AYACUCHO,HUANTA,0,0,0,0,0.0,0.0
2020,7,AYACUCHO,HUANTA,0,0,0,0,0.0,0.0
2020,8,AYACUCHO,HUANTA,4,111,6,117,106.16,119.28
2020,9,AYACUCHO,HUANTA,2,18,0,18,3.25,4.75
2020,10,AYACUCHO,HUANTA,0,0,0,0,0.0,0.0
2020,11,AYACUCHO,HUANTA,7,2162,0,2162,1444.35,2114.83
2020,12,AYACUCHO,HUANTA,5,20,0,20,70.56,72.83
2021,1,AYACUCHO,HUANTA,32,687,266,953,68.79,152.75
2021,2,AYACUCHO,HUANTA,29,101,4,105,40.96,158.19
2021,3,AYACUCHO,HUANTA,8,16,5,21,0.0,0.0
2021,4,AYACUCHO,HUANTA,5,9,3,12,0.0,0.0
2021,5,AYACUCHO,HUANTA,8,0,0,0,19.56,64.7
2021,6,AYACUCHO,HUANTA,4,25,0,25,1.02,4.6
2021,7,AYACUCHO,HUANTA,3,9,0,9,4.8,47.0
2021,8,AYACUCHO,HUANTA,3,103,6,109,0.0,0.0
2021,9,AYACUCHO,HUANTA,8,291,157,448,1.18,80.03
2021,10,AYACUCHO,HUANTA,5,6,6,12,42.8,44.42
2021,11,AYACUCHO,HUANTA,8,0,19,19,14.54,41.0
2021,12,AYACUCHO,HUANTA,3,16,20,36,0.0,0.0
2022,1,AYACUCHO,HUANTA,22,169,10,179,293.3,539.25
2022,2,AYACUCHO,HUANTA,21,378,29,407,270.0,350.8
2022,3,AYACUCHO,HUANTA,18,83,84,167,221.56,250.59
2022,4,AYACUCHO,HUANTA,8,14,9,23,15.36,601.89
2022,5,AYACUCHO,HUANTA,3,0,13,13,0.0,0.0
2022,6,AYACUCHO,HUANTA,0,0,0,0,0.0,0.0
2022,7,AYACUCHO,HUANTA,0,0,0,0,0.0,0.0
2022,8,AYACUCHO,HUANTA,0,0,0,0,0.0,0.0
2022,9,AYACUCHO,HUANTA,2,5,8,13,0.0,0.0
2022,10,AYACUCHO,HUANTA,2,0,0,0,0.0,0.0
2022,11,AYACUCHO,HUANTA,6,0,4,4,1121.92,2174.32
2022,12,AYACUCHO,HUANTA,1,0,6,6,0.0,0.0
2023,1,AYACUCHO,HUANTA,16,166,28,194,9.55,32.75
2023,2,AYACUCHO,HUANTA,38,189,44,233,133.06,169.55
2023,3,AYACUCHO,HUANTA,33,314,80,394,4.0,29.0
2023,4,AYACUCHO,HUANTA,9,3,49,52,0.0,0.1
2023,5,AYACUCHO,HUANTA,6,15,39,54,54.88,84.8
2023,6,AYACUCHO,HUANTA,4,0,0,0,169.3,80.0
2023,7,AYACUCHO,HUANTA,0,0,0,0,0.0,0.0
2023,8,AYACUCHO,HUANTA,2,0,7,7,15.73,40.45
2023,9,AYACUCHO,HUANTA,8,512,86,598,1.5,14.25
2023,10,AYACUCHO,HUANTA,7,20,0,20,50.84,366.71
2023,11,AYACUCHO,HUANTA,3,1,8,9,0.0,2.5
2023,12,AYACUCHO,HUANTA,5,1,1,2,2.45,21.2
2024,1,AYACUCHO,HUANTA,14,66,5,71,22.75,47.5
2024,2,AYACUCHO,HUANTA,46,538,92,630,37.48,130.12
2024,3,AYACUCHO,HUANTA,35,660,113,773,40.18,160.45
2024,4,AYACUCHO,HUANTA,7,126,29,155,0.0,0.0
2024,5,AYACUCHO,HUANTA,1,7,13,20,0.0,0.0
2024,6,AYACUCHO,HUANTA,1,0,0,0,0.0,0.0
2024,7,AYACUCHO,HUANTA,0,0,0,0,0.0,0.0
2024,8,AYACUCHO,HUANTA,2,11,0,11,0.0,0.0
2024,9,AYACUCHO,HUANTA,1,24,15,39,5.55,5.0
2024,10,AYACUCHO,HUANTA,3,202,13,215,0.0,49.6
2024,11,AYACUCHO,HUANTA,5,6,1,7,0.0,0.0
2024,12,AYACUCHO,HUANTA,8,26,9,35,0.0,0.0
2025,1,AYACUCHO,HUANTA,19,149,49,198,0.0,0.0
2025,2,AYACUCHO,HUANTA,32,551,119,670,53.25,110.0
2025,3,AYACUCHO,HUANTA,32,496,256,752,72.05,39.75
2025,4,AYACUCHO,HUANTA,12,78,151,229,0.0,12.75
2025,5,AYACUCHO,HUANTA,1,1,0,1,0.0,0.0
2025,6,AYACUCHO,HUANTA,2,3,4,7,0.0,0.0
2025,7,AYACUCHO,HUANTA,0,0,0,0,0.0,0.0
2025,8,AYACUCHO,HUANTA,1,4,0,4,0.0,0.0
2025,9,AYACUCHO,HUANTA,2,0,29,29,0.0,0.0
2025,10,AYACUCHO,HUANTA,2,0,0,0,0.0,0.0
2025,11,AYACUCHO,HUANTA,5,34,47,81,0.0,0.0
2025,12,AYACUCHO,HUANTA,1,4,0,4,0.0,0.0
2016,1,AYACUCHO,LA MAR,7,113,5,118,231.0,3226.0
2016,2,AYACUCHO,LA MAR,1,0,0,0,0.0,0.0
2016,3,AYACUCHO,LA MAR,2,15,0,15,0.0,0.0
2016,4,AYACUCHO,LA MAR,0,0,0,0,0.0,0.0
2016,5,AYACUCHO,LA MAR,0,0,0,0,0.0,0.0
2016,6,AYACUCHO,LA MAR,4,2185,0,2185,212.0,3778.0
2016,7,AYACUCHO,LA MAR,3,879,0,879,100.0,1688.0
2016,8,AYACUCHO,LA MAR,0,0,0,0,0.0,0.0
2016,9,AYACUCHO,LA MAR,0,0,0,0,0.0,0.0
2016,10,AYACUCHO,LA MAR,0,0,0,0,0.0,0.0
2016,11,AYACUCHO,LA MAR,8,0,0,0,591.0,8606.0
2016,12,AYACUCHO,LA MAR,0,0,0,0,0.0,0.0
2017,1,AYACUCHO,LA MAR,1,8,0,8,0.0,0.0
2017,2,AYACUCHO,LA MAR,1,0,0,0,0.0,0.0
2017,3,AYACUCHO,LA MAR,14,287,168,455,1.0,20.0
2017,4,AYACUCHO,LA MAR,5,0,0,0,0.0,0.0
2017,5,AYACUCHO,LA MAR,1,563,0,563,0.0,0.0
2017,6,AYACUCHO,LA MAR,1,632,0,632,0.0,0.0
2017,7,AYACUCHO,LA MAR,0,0,0,0,0.0,0.0
2017,8,AYACUCHO,LA MAR,2,94,0,94,0.0,0.0
2017,9,AYACUCHO,LA MAR,0,0,0,0,0.0,0.0
2017,10,AYACUCHO,LA MAR,4,315,7,322,0.0,0.0
2017,11,AYACUCHO,LA MAR,1,0,0,0,0.0,0.0
2017,12,AYACUCHO,LA MAR,0,0,0,0,0.0,0.0
2018,1,AYACUCHO,LA MAR,3,594,36,630,1.0,6.0
2018,2,AYACUCHO,LA MAR,9,94,23,117,3.0,122.0
2018,3,AYACUCHO,LA MAR,5,96,20,116,0.0,0.0
2018,4,AYACUCHO,LA MAR,0,0,0,0,0.0,0.0
2018,5,AYACUCHO,LA MAR,0,0,0,0,0.0,0.0
2018,6,AYACUCHO,LA MAR,1,452,0,452,0.0,0.0
2018,7,AYACUCHO,LA MAR,1,184,20,204,0.0,0.0
2018,8,AYACUCHO,LA MAR,3,3102,0,3102,0.0,0.0
2018,9,AYACUCHO,LA MAR,0,0,0,0,0.0,0.0
2018,10,AYACUCHO,LA MAR,2,87,0,87,0.0,0.0
2018,11,AYACUCHO,LA MAR,7,0,0,0,469.0,6018.0
2018,12,AYACUCHO,LA MAR,6,391,62,453,29.0,238.0
2019,1,AYACUCHO,LA MAR,10,216,27,243,84.88,18.78
2019,2,AYACUCHO,LA MAR,8,201,45,246,3.0,47.65
2019,3,AYACUCHO,LA MAR,12,216,248,464,71.2,8.8
2019,4,AYACUCHO,LA MAR,8,4,0,4,8.2,66.85
2019,5,AYACUCHO,LA MAR,0,0,0,0,0.0,0.0
2019,6,AYACUCHO,LA MAR,0,0,0,0,0.0,0.0
2019,7,AYACUCHO,LA MAR,1,28,0,28,0.0,0.0
2019,8,AYACUCHO,LA MAR,0,0,0,0,0.0,0.0
2019,9,AYACUCHO,LA MAR,1,62,71,133,37.25,12.0
2019,10,AYACUCHO,LA MAR,0,0,0,0,0.0,0.0
2019,11,AYACUCHO,LA MAR,2,18,4,22,0.0,0.0
2019,12,AYACUCHO,LA MAR,8,3,8,11,1.0,0.5
2020,1,AYACUCHO,LA MAR,27,27,20,47,55.3,1.05
2020,2,AYACUCHO,LA MAR,6,0,0,0,7.25,0.0
2020,3,AYACUCHO,LA MAR,17,12,3,15,0.54,0.54
2020,4,AYACUCHO,LA MAR,9,13,0,13,20.53,0.03
2020,5,AYACUCHO,LA MAR,3,36,0,36,0.0,0.0
2020,6,AYACUCHO,LA MAR,1,0,0,0,0.0,0.0
2020,7,AYACUCHO,LA MAR,3,3,7,10,0.51,0.98
2020,8,AYACUCHO,LA MAR,2,0,0,0,22.47,22.47
2020,9,AYACUCHO,LA MAR,2,3,0,3,34.6,0.0
2020,10,AYACUCHO,LA MAR,2,0,5,5,0.0,0.0
2020,11,AYACUCHO,LA MAR,2,13,7,20,0.0,0.0
2020,12,AYACUCHO,LA MAR,5,0,9,9,0.0,304.11
2021,1,AYACUCHO,LA MAR,43,63,36,99,369.07,808.1
2021,2,AYACUCHO,LA MAR,29,66,7,73,197.14,364.65
2021,3,AYACUCHO,LA MAR,23,152,23,175,50.0,146.4
2021,4,AYACUCHO,LA MAR,45,187,40,227,11.62,167.25
2021,5,AYACUCHO,LA MAR,18,32,13,45,4.81,6.01
2021,6,AYACUCHO,LA MAR,2,14,0,14,0.0,0.0
2021,7,AYACUCHO,LA MAR,2,163,0,163,43.85,56.4
2021,8,AYACUCHO,LA MAR,4,0,7,7,14.0,0.0
2021,9,AYACUCHO,LA MAR,11,258,83,341,96.2,0.2
2021,10,AYACUCHO,LA MAR,15,75,28,103,31.29,18.8
2021,11,AYACUCHO,LA MAR,14,40,14,54,90.75,93.55
2021,12,AYACUCHO,LA MAR,12,230,3,233,90.29,85.04
2022,1,AYACUCHO,LA MAR,26,86,50,136,128.58,220.79
2022,2,AYACUCHO,LA MAR,32,175,77,252,121.0,38.7
2022,3,AYACUCHO,LA MAR,34,255,57,312,64.7,113.35
2022,4,AYACUCHO,LA MAR,16,69,18,87,1.07,3.83
2022,5,AYACUCHO,LA MAR,5,23,8,31,0.0,0.0
2022,6,AYACUCHO,LA MAR,0,0,0,0,0.0,0.0
2022,7,AYACUCHO,LA MAR,3,279,0,279,0.0,0.0
2022,8,AYACUCHO,LA MAR,3,0,5,5,14.0,27.75
2022,9,AYACUCHO,LA MAR,2,23,1,24,0.0,0.0
2022,10,AYACUCHO,LA MAR,7,6,7,13,35.28,42.07
2022,11,AYACUCHO,LA MAR,17,18,25,43,1300.02,6210.89
2022,12,AYACUCHO,LA MAR,5,8,9,17,10.22,64.07
2023,1,AYACUCHO,LA MAR,22,47,80,127,32.15,73.05
2023,2,AYACUCHO,LA MAR,38,163,54,217,53.35,95.17
2023,3,AYACUCHO,LA MAR,41,308,199,507,21.57,46.8
2023,4,AYACUCHO,LA MAR,13,22,98,120,4.94,11.65
2023,5,AYACUCHO,LA MAR,5,0,11,11,5.03,14.75
2023,6,AYACUCHO,LA MAR,5,0,10,10,0.75,20.0
2023,7,AYACUCHO,LA MAR,3,307,0,307,755.69,1273.3
2023,8,AYACUCHO,LA MAR,7,24,0,24,413.78,1121.88
2023,9,AYACUCHO,LA MAR,8,25,0,25,1806.11,2417.28
2023,10,AYACUCHO,LA MAR,9,13,28,41,151.34,1300.47
2023,11,AYACUCHO,LA MAR,11,19,26,45,11.75,20.35
2023,12,AYACUCHO,LA MAR,10,39,22,61,14.17,16.1
2024,1,AYACUCHO,LA MAR,10,106,24,130,20.73,39.17
2024,2,AYACUCHO,LA MAR,49,657,82,739,44.11,91.89
2024,3,AYACUCHO,LA MAR,41,553,208,761,111.79,74.34
2024,4,AYACUCHO,LA MAR,15,104,103,207,7.63,9.42
2024,5,AYACUCHO,LA MAR,5,91,5,96,5.0,0.0
2024,6,AYACUCHO,LA MAR,4,51,0,51,0.22,0.18
2024,7,AYACUCHO,LA MAR,6,95,0,95,0.15,0.14
2024,8,AYACUCHO,LA MAR,1,1,0,1,0.0,0.0
2024,9,AYACUCHO,LA MAR,4,1,5,6,0.0,0.0
2024,10,AYACUCHO,LA MAR,11,189,51,240,8.91,9.07
2024,11,AYACUCHO,LA MAR,9,56,8,64,4.67,4.33
2024,12,AYACUCHO,LA MAR,18,492,59,551,9.0,10.25
2025,1,AYACUCHO,LA MAR,45,521,101,622,58.25,4.25
2025,2,AYACUCHO,LA MAR,33,2683,62,2745,710.85,266.15
2025,3,AYACUCHO,LA MAR,29,968,202,1170,549.4,0.0
2025,4,AYACUCHO,LA MAR,10,19,9,28,2.75,0.0
2025,5,AYACUCHO,LA MAR,4,358,5,363,8.25,107.0
2025,6,AYACUCHO,LA MAR,4,22,66,88,0.0,0.0
2025,7,AYACUCHO,LA MAR,3,23,1,24,0.0,0.0
2025,8,AYACUCHO,LA MAR,3,47,7,54,0.0,0.0
2025,9,AYACUCHO,LA MAR,0,0,0,0,0.0,0.0
2025,10,AYACUCHO,LA MAR,6,0,2,2,0.0,0.0
2025,11,AYACUCHO,LA MAR,10,149,19,168,11.25,0.0
2025,12,AYACUCHO,LA MAR,3,21,9,30,0.0,0.0
2016,1,AYACUCHO,LUCANAS,21,0,0,0,0.0,3877.0
2016,2,AYACUCHO,LUCANAS,3,200,5,205,0.0,0.0
2016,3,AYACUCHO,LUCANAS,0,0,0,0,0.0,0.0
2016,4,AYACUCHO,LUCANAS,0,0,0,0,0.0,0.0
2016,5,AYACUCHO,LUCANAS,3,1114,0,1114,0.0,0.0
2016,6,AYACUCHO,LUCANAS,10,4986,0,4986,22.0,12771.0
2016,7,AYACUCHO,LUCANAS,3,1135,0,1135,14.0,457.0
2016,8,AYACUCHO,LUCANAS,0,0,0,0,0.0,0.0
2016,9,AYACUCHO,LUCANAS,0,0,0,0,0.0,0.0
2016,10,AYACUCHO,LUCANAS,0,0,0,0,0.0,0.0
2016,11,AYACUCHO,LUCANAS,0,0,0,0,0.0,0.0
2016,12,AYACUCHO,LUCANAS,0,0,0,0,0.0,0.0
2017,1,AYACUCHO,LUCANAS,4,0,0,0,0.0,0.0
2017,2,AYACUCHO,LUCANAS,2,0,0,0,0.0,0.0
2017,3,AYACUCHO,LUCANAS,24,2106,295,2401,627.0,280.0
2017,4,AYACUCHO,LUCANAS,1,0,0,0,0.0,0.0
2017,5,AYACUCHO,LUCANAS,1,0,0,0,0.0,0.0
2017,6,AYACUCHO,LUCANAS,0,0,0,0,0.0,0.0
2017,7,AYACUCHO,LUCANAS,11,3604,0,3604,0.0,0.0
2017,8,AYACUCHO,LUCANAS,2,566,0,566,0.0,0.0
2017,9,AYACUCHO,LUCANAS,0,0,0,0,0.0,0.0
2017,10,AYACUCHO,LUCANAS,1,15,0,15,0.0,0.0
2017,11,AYACUCHO,LUCANAS,0,0,0,0,0.0,0.0
2017,12,AYACUCHO,LUCANAS,1,0,3,3,17.0,0.0
2018,1,AYACUCHO,LUCANAS,1,316,0,316,0.0,0.0
2018,2,AYACUCHO,LUCANAS,1,86,0,86,0.0,0.0
2018,3,AYACUCHO,LUCANAS,0,0,0,0,0.0,0.0
2018,4,AYACUCHO,LUCANAS,1,180,0,180,0.0,0.0
2018,5,AYACUCHO,LUCANAS,0,0,0,0,0.0,0.0
2018,6,AYACUCHO,LUCANAS,8,2181,125,2306,22.0,70.0
2018,7,AYACUCHO,LUCANAS,0,0,0,0,0.0,0.0
2018,8,AYACUCHO,LUCANAS,0,0,0,0,0.0,0.0
2018,9,AYACUCHO,LUCANAS,0,0,0,0,0.0,0.0
2018,10,AYACUCHO,LUCANAS,0,0,0,0,0.0,0.0
2018,11,AYACUCHO,LUCANAS,0,0,0,0,0.0,0.0
2018,12,AYACUCHO,LUCANAS,24,211,102,313,876.0,792.0
2019,1,AYACUCHO,LUCANAS,1,0,0,0,0.0,0.0
2019,2,AYACUCHO,LUCANAS,15,403,4,407,0.5,0.0
2019,3,AYACUCHO,LUCANAS,11,108,20,128,0.0,6.5
2019,4,AYACUCHO,LUCANAS,0,0,0,0,0.0,0.0
2019,5,AYACUCHO,LUCANAS,0,0,0,0,0.0,0.0
2019,6,AYACUCHO,LUCANAS,0,0,0,0,0.0,0.0
2019,7,AYACUCHO,LUCANAS,1,5,6,11,0.0,0.0
2019,8,AYACUCHO,LUCANAS,1,0,0,0,0.0,0.0
2019,9,AYACUCHO,LUCANAS,0,0,0,0,0.0,0.0
2019,10,AYACUCHO,LUCANAS,0,0,0,0,0.0,0.0
2019,11,AYACUCHO,LUCANAS,0,0,0,0,0.0,0.0
2019,12,AYACUCHO,LUCANAS,1,31,11,42,20.6,54.2
2020,1,AYACUCHO,LUCANAS,6,136,17,153,8.95,70.05
2020,2,AYACUCHO,LUCANAS,9,286,10,296,23.3,19.67
2020,3,AYACUCHO,LUCANAS,9,0,0,0,0.0,0.0
2020,4,AYACUCHO,LUCANAS,0,0,0,0,0.0,0.0
2020,5,AYACUCHO,LUCANAS,0,0,0,0,0.0,0.0
2020,6,AYACUCHO,LUCANAS,0,0,0,0,0.0,0.0
2020,7,AYACUCHO,LUCANAS,5,3122,0,3122,163.5,654.95
2020,8,AYACUCHO,LUCANAS,4,321,0,321,138.39,414.35
2020,9,AYACUCHO,LUCANAS,0,0,0,0,0.0,0.0
2020,10,AYACUCHO,LUCANAS,0,0,0,0,0.0,0.0
2020,11,AYACUCHO,LUCANAS,0,0,0,0,0.0,0.0
2020,12,AYACUCHO,LUCANAS,0,0,0,0,0.0,0.0
2021,1,AYACUCHO,LUCANAS,19,119,36,155,0.48,17.26
2021,2,AYACUCHO,LUCANAS,25,83,12,95,1136.37,855.64
2021,3,AYACUCHO,LUCANAS,26,102,28,130,323.96,130.35
2021,4,AYACUCHO,LUCANAS,6,10,18,28,0.0,18.0
2021,5,AYACUCHO,LUCANAS,9,133,13,146,77.7,112.7
2021,6,AYACUCHO,LUCANAS,0,0,0,0,0.0,0.0
2021,7,AYACUCHO,LUCANAS,0,0,0,0,0.0,0.0
2021,8,AYACUCHO,LUCANAS,0,0,0,0,0.0,0.0
2021,9,AYACUCHO,LUCANAS,4,61,15,76,0.0,20.5
2021,10,AYACUCHO,LUCANAS,0,0,0,0,0.0,0.0
2021,11,AYACUCHO,LUCANAS,2,3,0,3,1.0,1.0
2021,12,AYACUCHO,LUCANAS,0,0,0,0,0.0,0.0
2022,1,AYACUCHO,LUCANAS,13,127,6,133,178.36,426.3
2022,2,AYACUCHO,LUCANAS,24,160,11,171,515.15,1713.16
2022,3,AYACUCHO,LUCANAS,27,29,29,58,9.91,36.2
2022,4,AYACUCHO,LUCANAS,9,1,9,10,0.0,0.0
2022,5,AYACUCHO,LUCANAS,3,0,0,0,769.09,163.8
2022,6,AYACUCHO,LUCANAS,3,4,0,4,30.1,80.25
2022,7,AYACUCHO,LUCANAS,3,557,0,557,0.0,0.0
2022,8,AYACUCHO,LUCANAS,0,0,0,0,0.0,0.0
2022,9,AYACUCHO,LUCANAS,1,2,7,9,0.0,0.0
2022,10,AYACUCHO,LUCANAS,0,0,0,0,0.0,0.0
2022,11,AYACUCHO,LUCANAS,5,0,0,0,7.39,134.66
2022,12,AYACUCHO,LUCANAS,2,0,0,0,2940.5,3481.0
2023,1,AYACUCHO,LUCANAS,11,33,0,33,75.64,134.63
2023,2,AYACUCHO,LUCANAS,61,1205,207,1412,355.54,324.01
2023,3,AYACUCHO,LUCANAS,58,1248,129,1377,100.2,157.57
2023,4,AYACUCHO,LUCANAS,15,364,36,400,29.98,9.92
2023,5,AYACUCHO,LUCANAS,9,187,102,289,3.27,3.1
2023,6,AYACUCHO,LUCANAS,4,324,0,324,21.1,12.6
2023,7,AYACUCHO,LUCANAS,3,205,0,205,21.49,18.72
2023,8,AYACUCHO,LUCANAS,1,38,0,38,0.0,0.0
2023,9,AYACUCHO,LUCANAS,1,2,0,2,0.0,0.0
2023,10,AYACUCHO,LUCANAS,0,0,0,0,0.0,0.0
2023,11,AYACUCHO,LUCANAS,2,14,0,14,5.2,11.18
2023,12,AYACUCHO,LUCANAS,1,4,0,4,0.0,0.25
2024,1,AYACUCHO,LUCANAS,17,824,19,843,270.76,854.55
2024,2,AYACUCHO,LUCANAS,38,892,46,938,90.45,192.03
2024,3,AYACUCHO,LUCANAS,50,606,58,664,40.69,97.49
2024,4,AYACUCHO,LUCANAS,19,684,28,712,5.95,45.85
2024,5,AYACUCHO,LUCANAS,2,173,0,173,0.0,11.2
2024,6,AYACUCHO,LUCANAS,2,600,0,600,4.95,20.95
2024,7,AYACUCHO,LUCANAS,2,209,1,210,0.0,0.0
2024,8,AYACUCHO,LUCANAS,4,298,4,302,0.0,0.0
2024,9,AYACUCHO,LUCANAS,4,394,0,394,0.0,0.0
2024,10,AYACUCHO,LUCANAS,1,68,0,68,0.0,0.0
2024,11,AYACUCHO,LUCANAS,0,0,0,0,0.0,0.0
2024,12,AYACUCHO,LUCANAS,3,33,14,47,0.0,0.0
2025,1,AYACUCHO,LUCANAS,13,291,9,300,0.0,0.0
2025,2,AYACUCHO,LUCANAS,43,1813,660,2473,0.0,3.75
2025,3,AYACUCHO,LUCANAS,8,226,75,301,2.0,0.0
2025,4,AYACUCHO,LUCANAS,3,0,4,4,0.0,0.0
2025,5,AYACUCHO,LUCANAS,0,0,0,0,0.0,0.0
2025,6,AYACUCHO,LUCANAS,1,201,0,201,0.0,0.0
2025,7,AYACUCHO,LUCANAS,0,0,0,0,0.0,0.0
2025,8,AYACUCHO,LUCANAS,0,0,0,0,0.0,0.0
2025,9,AYACUCHO,LUCANAS,0,0,0,0,0.0,0.0
2025,10,AYACUCHO,LUCANAS,0,0,0,0,0.0,0.0
2025,11,AYACUCHO,LUCANAS,1,32,11,43,0.0,0.0
2025,12,AYACUCHO,LUCANAS,1,20,0,20,0.0,0.0
2016,1,AYACUCHO,PARINACOCHAS,9,0,0,0,0.0,2300.0
2016,2,AYACUCHO,PARINACOCHAS,1,10,0,10,0.0,0.0
2016,3,AYACUCHO,PARINACOCHAS,0,0,0,0,0.0,0.0
2016,4,AYACUCHO,PARINACOCHAS,2,0,0,0,0.0,0.0
2016,5,AYACUCHO,PARINACOCHAS,3,300,0,300,0.0,0.0
2016,6,AYACUCHO,PARINACOCHAS,2,572,0,572,0.0,0.0
2016,7,AYACUCHO,PARINACOCHAS,2,867,0,867,0.0,0.0
2016,8,AYACUCHO,PARINACOCHAS,0,0,0,0,0.0,0.0
2016,9,AYACUCHO,PARINACOCHAS,0,0,0,0,0.0,0.0
2016,10,AYACUCHO,PARINACOCHAS,0,0,0,0,0.0,0.0
2016,11,AYACUCHO,PARINACOCHAS,0,0,0,0,0.0,0.0
2016,12,AYACUCHO,PARINACOCHAS,0,0,0,0,0.0,0.0
2017,1,AYACUCHO,PARINACOCHAS,2,80,10,90,0.0,0.0
2017,2,AYACUCHO,PARINACOCHAS,0,0,0,0,0.0,0.0
2017,3,AYACUCHO,PARINACOCHAS,5,427,79,506,592.0,1243.0
2017,4,AYACUCHO,PARINACOCHAS,0,0,0,0,0.0,0.0
2017,5,AYACUCHO,PARINACOCHAS,0,0,0,0,0.0,0.0
2017,6,AYACUCHO,PARINACOCHAS,0,0,0,0,0.0,0.0
2017,7,AYACUCHO,PARINACOCHAS,8,4046,0,4046,0.0,0.0
2017,8,AYACUCHO,PARINACOCHAS,0,0,0,0,0.0,0.0
2017,9,AYACUCHO,PARINACOCHAS,0,0,0,0,0.0,0.0
2017,10,AYACUCHO,PARINACOCHAS,0,0,0,0,0.0,0.0
2017,11,AYACUCHO,PARINACOCHAS,0,0,0,0,0.0,0.0
2017,12,AYACUCHO,PARINACOCHAS,0,0,0,0,0.0,0.0
2018,1,AYACUCHO,PARINACOCHAS,2,22,0,22,0.0,0.0
2018,2,AYACUCHO,PARINACOCHAS,0,0,0,0,0.0,0.0
2018,3,AYACUCHO,PARINACOCHAS,0,0,0,0,0.0,0.0
2018,4,AYACUCHO,PARINACOCHAS,0,0,0,0,0.0,0.0
2018,5,AYACUCHO,PARINACOCHAS,0,0,0,0,0.0,0.0
2018,6,AYACUCHO,PARINACOCHAS,2,1101,0,1101,0.0,0.0
2018,7,AYACUCHO,PARINACOCHAS,0,0,0,0,0.0,0.0
2018,8,AYACUCHO,PARINACOCHAS,0,0,0,0,0.0,0.0
2018,9,AYACUCHO,PARINACOCHAS,0,0,0,0,0.0,0.0
2018,10,AYACUCHO,PARINACOCHAS,0,0,0,0,0.0,0.0
2018,11,AYACUCHO,PARINACOCHAS,8,0,0,0,0.0,311.0
2018,12,AYACUCHO,PARINACOCHAS,0,0,0,0,0.0,0.0
2019,1,AYACUCHO,PARINACOCHAS,2,6,0,6,2.0,52.0
2019,2,AYACUCHO,PARINACOCHAS,1,7,0,7,0.0,0.0
2019,3,AYACUCHO,PARINACOCHAS,0,0,0,0,0.0,0.0
2019,4,AYACUCHO,PARINACOCHAS,0,0,0,0,0.0,0.0
2019,5,AYACUCHO,PARINACOCHAS,1,0,0,0,0.0,0.0
2019,6,AYACUCHO,PARINACOCHAS,0,0,0,0,0.0,0.0
2019,7,AYACUCHO,PARINACOCHAS,0,0,0,0,0.0,0.0
2019,8,AYACUCHO,PARINACOCHAS,0,0,0,0,0.0,0.0
2019,9,AYACUCHO,PARINACOCHAS,0,0,0,0,0.0,0.0
2019,10,AYACUCHO,PARINACOCHAS,0,0,0,0,0.0,0.0
2019,11,AYACUCHO,PARINACOCHAS,0,0,0,0,0.0,0.0
2019,12,AYACUCHO,PARINACOCHAS,0,0,0,0,0.0,0.0
2020,1,AYACUCHO,PARINACOCHAS,3,3,0,3,0.0,0.0
2020,2,AYACUCHO,PARINACOCHAS,3,0,0,0,16.5,34.5
2020,3,AYACUCHO,PARINACOCHAS,1,0,0,0,0.0,0.0
2020,4,AYACUCHO,PARINACOCHAS,0,0,0,0,0.0,0.0
2020,5,AYACUCHO,PARINACOCHAS,0,0,0,0,0.0,0.0
2020,6,AYACUCHO,PARINACOCHAS,0,0,0,0,0.0,0.0
2020,7,AYACUCHO,PARINACOCHAS,2,276,0,276,0.08,42.01
2020,8,AYACUCHO,PARINACOCHAS,0,0,0,0,0.0,0.0
2020,9,AYACUCHO,PARINACOCHAS,1,0,1,1,0.0,0.0
2020,10,AYACUCHO,PARINACOCHAS,1,14,0,14,0.0,59.0
2020,11,AYACUCHO,PARINACOCHAS,3,2,3,5,41.75,41.75
2020,12,AYACUCHO,PARINACOCHAS,0,0,0,0,0.0,0.0
2021,1,AYACUCHO,PARINACOCHAS,5,40,16,56,24.32,45.51
2021,2,AYACUCHO,PARINACOCHAS,19,342,45,387,291.5,326.75
2021,3,AYACUCHO,PARINACOCHAS,9,141,58,199,103.14,197.58
2021,4,AYACUCHO,PARINACOCHAS,3,0,0,0,2.5,3.75
2021,5,AYACUCHO,PARINACOCHAS,8,0,0,0,0.0,0.0
2021,6,AYACUCHO,PARINACOCHAS,0,0,0,0,0.0,0.0
2021,7,AYACUCHO,PARINACOCHAS,0,0,0,0,0.0,0.0
2021,8,AYACUCHO,PARINACOCHAS,1,0,0,0,0.0,0.0
2021,9,AYACUCHO,PARINACOCHAS,1,49,0,49,5.76,9.29
2021,10,AYACUCHO,PARINACOCHAS,2,5,0,5,65.85,29.6
2021,11,AYACUCHO,PARINACOCHAS,1,0,0,0,0.0,0.0
2021,12,AYACUCHO,PARINACOCHAS,2,0,0,0,0.0,0.0
2022,1,AYACUCHO,PARINACOCHAS,10,54,2,56,11.1,14.7
2022,2,AYACUCHO,PARINACOCHAS,8,452,0,452,965.86,1243.6
2022,3,AYACUCHO,PARINACOCHAS,18,205,11,216,10.7,35.7
2022,4,AYACUCHO,PARINACOCHAS,8,1508,4,1512,649.15,731.1
2022,5,AYACUCHO,PARINACOCHAS,0,0,0,0,0.0,0.0
2022,6,AYACUCHO,PARINACOCHAS,0,0,0,0,0.0,0.0
2022,7,AYACUCHO,PARINACOCHAS,0,0,0,0,0.0,0.0
2022,8,AYACUCHO,PARINACOCHAS,0,0,0,0,0.0,0.0
2022,9,AYACUCHO,PARINACOCHAS,0,0,0,0,0.0,0.0
2022,10,AYACUCHO,PARINACOCHAS,2,2,5,7,0.0,0.0
2022,11,AYACUCHO,PARINACOCHAS,8,7,0,7,2025.31,2592.97
2022,12,AYACUCHO,PARINACOCHAS,1,0,0,0,257.81,281.91
2023,1,AYACUCHO,PARINACOCHAS,26,1140,44,1184,507.17,479.73
2023,2,AYACUCHO,PARINACOCHAS,35,752,214,966,202.65,403.15
2023,3,AYACUCHO,PARINACOCHAS,11,243,485,728,40.0,111.95
2023,4,AYACUCHO,PARINACOCHAS,9,404,63,467,78.0,136.5
2023,5,AYACUCHO,PARINACOCHAS,1,61,0,61,4.0,34.4
2023,6,AYACUCHO,PARINACOCHAS,2,845,0,845,176.7,198.1
2023,7,AYACUCHO,PARINACOCHAS,2,588,0,588,0.0,0.0
2023,8,AYACUCHO,PARINACOCHAS,0,0,0,0,0.0,0.0
2023,9,AYACUCHO,PARINACOCHAS,5,36,15,51,0.0,0.0
2023,10,AYACUCHO,PARINACOCHAS,3,132,3,135,114.7,148.1
2023,11,AYACUCHO,PARINACOCHAS,1,198,0,198,0.0,0.0
2023,12,AYACUCHO,PARINACOCHAS,1,88,0,88,0.0,0.0
2024,1,AYACUCHO,PARINACOCHAS,10,329,22,351,16.7,66.3
2024,2,AYACUCHO,PARINACOCHAS,24,1469,62,1531,101.85,355.12
2024,3,AYACUCHO,PARINACOCHAS,17,638,45,683,21.0,103.89
2024,4,AYACUCHO,PARINACOCHAS,7,0,0,0,0.0,0.0
2024,5,AYACUCHO,PARINACOCHAS,0,0,0,0,0.0,0.0
2024,6,AYACUCHO,PARINACOCHAS,1,35,0,35,16.0,19.0
2024,7,AYACUCHO,PARINACOCHAS,1,17,0,17,0.0,0.0
2024,8,AYACUCHO,PARINACOCHAS,3,7,0,7,0.0,0.0
2024,9,AYACUCHO,PARINACOCHAS,1,15,0,15,0.0,0.0
2024,10,AYACUCHO,PARINACOCHAS,1,2,0,2,0.0,0.0
2024,11,AYACUCHO,PARINACOCHAS,2,66,0,66,6.23,16.06
2024,12,AYACUCHO,PARINACOCHAS,1,2,11,13,0.0,0.0
2025,1,AYACUCHO,PARINACOCHAS,5,39,4,43,0.0,0.0
2025,2,AYACUCHO,PARINACOCHAS,31,1550,170,1720,0.0,19.71
2025,3,AYACUCHO,PARINACOCHAS,5,124,80,204,0.0,0.0
2025,4,AYACUCHO,PARINACOCHAS,0,0,0,0,0.0,0.0
2025,5,AYACUCHO,PARINACOCHAS,0,0,0,0,0.0,0.0
2025,6,AYACUCHO,PARINACOCHAS,0,0,0,0,0.0,0.0
2025,7,AYACUCHO,PARINACOCHAS,0,0,0,0,0.0,0.0
2025,8,AYACUCHO,PARINACOCHAS,0,0,0,0,0.0,0.0
2025,9,AYACUCHO,PARINACOCHAS,0,0,0,0,0.0,0.0
2025,10,AYACUCHO,PARINACOCHAS,0,0,0,0,0.0,0.0
2025,11,AYACUCHO,PARINACOCHAS,0,0,0,0,0.0,0.0
2025,12,AYACUCHO,PARINACOCHAS,0,0,0,0,0.0,0.0
2016,1,AYACUCHO,PAUCAR DEL SARA SARA,10,0,0,0,0.0,2283.0
2016,2,AYACUCHO,PAUCAR DEL SARA SARA,0,0,0,0,0.0,0.0
2016,3,AYACUCHO,PAUCAR DEL SARA SARA,1,0,0,0,0.0,0.0
2016,4,AYACUCHO,PAUCAR DEL SARA SARA,0,0,0,0,0.0,0.0
2016,5,AYACUCHO,PAUCAR DEL SARA SARA,2,520,0,520,0.0,0.0
2016,6,AYACUCHO,PAUCAR DEL SARA SARA,6,2600,0,2600,0.0,86.0
2016,7,AYACUCHO,PAUCAR DEL SARA SARA,1,147,0,147,0.0,0.0
2016,8,AYACUCHO,PAUCAR DEL SARA SARA,0,0,0,0,0.0,0.0
2016,9,AYACUCHO,PAUCAR DEL SARA SARA,0,0,0,0,0.0,0.0
2016,10,AYACUCHO,PAUCAR DEL SARA SARA,0,0,0,0,0.0,0.0
2016,11,AYACUCHO,PAUCAR DEL SARA SARA,10,0,0,0,0.0,771.0
2016,12,AYACUCHO,PAUCAR DEL SARA SARA,0,0,0,0,0.0,0.0
2017,1,AYACUCHO,PAUCAR DEL SARA SARA,2,0,0,0,0.0,0.0
2017,2,AYACUCHO,PAUCAR DEL SARA SARA,0,0,0,0,0.0,0.0
2017,3,AYACUCHO,PAUCAR DEL SARA SARA,10,443,170,613,0.0,0.0
2017,4,AYACUCHO,PAUCAR DEL SARA SARA,0,0,0,0,0.0,0.0
2017,5,AYACUCHO,PAUCAR DEL SARA SARA,0,0,0,0,0.0,0.0
2017,6,AYACUCHO,PAUCAR DEL SARA SARA,0,0,0,0,0.0,0.0
2017,7,AYACUCHO,PAUCAR DEL SARA SARA,0,0,0,0,0.0,0.0
2017,8,AYACUCHO,PAUCAR DEL SARA SARA,1,438,0,438,0.0,0.0
2017,9,AYACUCHO,PAUCAR DEL SARA SARA,6,1179,0,1179,0.0,0.0
2017,10,AYACUCHO,PAUCAR DEL SARA SARA,0,0,0,0,0.0,0.0
2017,11,AYACUCHO,PAUCAR DEL SARA SARA,0,0,0,0,0.0,0.0
2017,12,AYACUCHO,PAUCAR DEL SARA SARA,0,0,0,0,0.0,0.0
2018,1,AYACUCHO,PAUCAR DEL SARA SARA,2,20,3,23,0.0,0.0
2018,2,AYACUCHO,PAUCAR DEL SARA SARA,0,0,0,0,0.0,0.0
2018,3,AYACUCHO,PAUCAR DEL SARA SARA,0,0,0,0,0.0,0.0
2018,4,AYACUCHO,PAUCAR DEL SARA SARA,1,0,6,6,0.0,0.0
2018,5,AYACUCHO,PAUCAR DEL SARA SARA,0,0,0,0,0.0,0.0
2018,6,AYACUCHO,PAUCAR DEL SARA SARA,2,471,0,471,0.0,0.0
2018,7,AYACUCHO,PAUCAR DEL SARA SARA,0,0,0,0,0.0,0.0
2018,8,AYACUCHO,PAUCAR DEL SARA SARA,0,0,0,0,0.0,0.0
2018,9,AYACUCHO,PAUCAR DEL SARA SARA,0,0,0,0,0.0,0.0
2018,10,AYACUCHO,PAUCAR DEL SARA SARA,2,3,0,3,0.0,0.0
2018,11,AYACUCHO,PAUCAR DEL SARA SARA,10,0,0,0,0.0,400.0
2018,12,AYACUCHO,PAUCAR DEL SARA SARA,0,0,0,0,0.0,0.0
2019,1,AYACUCHO,PAUCAR DEL SARA SARA,6,214,0,214,0.0,0.0
2019,2,AYACUCHO,PAUCAR DEL SARA SARA,10,389,0,389,0.0,0.0
2019,3,AYACUCHO,PAUCAR DEL SARA SARA,14,795,0,795,0.0,0.0
2019,4,AYACUCHO,PAUCAR DEL SARA SARA,1,0,0,0,0.0,0.0
2019,5,AYACUCHO,PAUCAR DEL SARA SARA,0,0,0,0,0.0,0.0
2019,6,AYACUCHO,PAUCAR DEL SARA SARA,2,0,0,0,0.0,126.2
2019,7,AYACUCHO,PAUCAR DEL SARA SARA,1,0,0,0,20.75,44.55
2019,8,AYACUCHO,PAUCAR DEL SARA SARA,2,893,0,893,0.0,0.0
2019,9,AYACUCHO,PAUCAR DEL SARA SARA,0,0,0,0,0.0,0.0
2019,10,AYACUCHO,PAUCAR DEL SARA SARA,0,0,0,0,0.0,0.0
2019,11,AYACUCHO,PAUCAR DEL SARA SARA,0,0,0,0,0.0,0.0
2019,12,AYACUCHO,PAUCAR DEL SARA SARA,3,222,0,222,5.59,0.0
2020,1,AYACUCHO,PAUCAR DEL SARA SARA,22,2032,0,2032,29.13,69.1
2020,2,AYACUCHO,PAUCAR DEL SARA SARA,20,1041,4,1045,0.0,12.7
2020,3,AYACUCHO,PAUCAR DEL SARA SARA,21,674,146,820,0.0,15.17
2020,4,AYACUCHO,PAUCAR DEL SARA SARA,1,152,0,152,0.0,0.0
2020,5,AYACUCHO,PAUCAR DEL SARA SARA,0,0,0,0,0.0,0.0
2020,6,AYACUCHO,PAUCAR DEL SARA SARA,0,0,0,0,0.0,0.0
2020,7,AYACUCHO,PAUCAR DEL SARA SARA,3,0,0,0,833.0,1809.7
2020,8,AYACUCHO,PAUCAR DEL SARA SARA,1,0,0,0,2.57,46.53
2020,9,AYACUCHO,PAUCAR DEL SARA SARA,0,0,0,0,0.0,0.0
2020,10,AYACUCHO,PAUCAR DEL SARA SARA,1,148,0,148,0.0,0.0
2020,11,AYACUCHO,PAUCAR DEL SARA SARA,0,0,0,0,0.0,0.0
2020,12,AYACUCHO,PAUCAR DEL SARA SARA,4,103,0,103,0.0,14.74
2021,1,AYACUCHO,PAUCAR DEL SARA SARA,20,413,6,419,1.35,22.86
2021,2,AYACUCHO,PAUCAR DEL SARA SARA,24,649,47,696,553.88,337.3
2021,3,AYACUCHO,PAUCAR DEL SARA SARA,17,223,0,223,15.5,97.2
2021,4,AYACUCHO,PAUCAR DEL SARA SARA,5,2,6,8,1.0,1.5
2021,5,AYACUCHO,PAUCAR DEL SARA SARA,8,0,28,28,0.0,0.0
2021,6,AYACUCHO,PAUCAR DEL SARA SARA,3,17,0,17,0.2,0.69
2021,7,AYACUCHO,PAUCAR DEL SARA SARA,0,0,0,0,0.0,0.0
2021,8,AYACUCHO,PAUCAR DEL SARA SARA,0,0,0,0,0.0,0.0
2021,9,AYACUCHO,PAUCAR DEL SARA SARA,0,0,0,0,0.0,0.0
2021,10,AYACUCHO,PAUCAR DEL SARA SARA,2,118,0,118,4.12,1.39
2021,11,AYACUCHO,PAUCAR DEL SARA SARA,0,0,0,0,0.0,0.0
2021,12,AYACUCHO,PAUCAR DEL SARA SARA,0,0,0,0,0.0,0.0
2022,1,AYACUCHO,PAUCAR DEL SARA SARA,3,18,0,18,0.0,0.0
2022,2,AYACUCHO,PAUCAR DEL SARA SARA,8,72,89,161,6.5,120.1
2022,3,AYACUCHO,PAUCAR DEL SARA SARA,15,56,192,248,2.0,44.0
2022,4,AYACUCHO,PAUCAR DEL SARA SARA,4,10,0,10,0.0,63.73
2022,5,AYACUCHO,PAUCAR DEL SARA SARA,0,0,0,0,0.0,0.0
2022,6,AYACUCHO,PAUCAR DEL SARA SARA,1,37,0,37,48.0,48.0
2022,7,AYACUCHO,PAUCAR DEL SARA SARA,1,0,0,0,0.0,120.5
2022,8,AYACUCHO,PAUCAR DEL SARA SARA,0,0,0,0,0.0,0.0
2022,9,AYACUCHO,PAUCAR DEL SARA SARA,0,0,0,0,0.0,0.0
2022,10,AYACUCHO,PAUCAR DEL SARA SARA,0,0,0,0,0.0,0.0
2022,11,AYACUCHO,PAUCAR DEL SARA SARA,5,0,0,0,255.6,989.67
2022,12,AYACUCHO,PAUCAR DEL SARA SARA,0,0,0,0,0.0,0.0
2023,1,AYACUCHO,PAUCAR DEL SARA SARA,17,903,175,1078,20.78,121.55
2023,2,AYACUCHO,PAUCAR DEL SARA SARA,35,844,33,877,53.02,222.82
2023,3,AYACUCHO,PAUCAR DEL SARA SARA,20,439,51,490,0.44,4.75
2023,4,AYACUCHO,PAUCAR DEL SARA SARA,4,40,46,86,0.5,28.6
2023,5,AYACUCHO,PAUCAR DEL SARA SARA,5,79,10,89,0.45,36.3
2023,6,AYACUCHO,PAUCAR DEL SARA SARA,1,141,0,141,0.0,0.0
2023,7,AYACUCHO,PAUCAR DEL SARA SARA,4,68,0,68,20.74,55.98
2023,8,AYACUCHO,PAUCAR DEL SARA SARA,1,0,0,0,0.0,0.0
2023,9,AYACUCHO,PAUCAR DEL SARA SARA,2,13,6,19,0.0,137.0
2023,10,AYACUCHO,PAUCAR DEL SARA SARA,1,0,0,0,0.0,0.0
2023,11,AYACUCHO,PAUCAR DEL SARA SARA,1,60,0,60,0.0,110.0
2023,12,AYACUCHO,PAUCAR DEL SARA SARA,0,0,0,0,0.0,0.0
2024,1,AYACUCHO,PAUCAR DEL SARA SARA,15,903,91,994,84.51,178.24
2024,2,AYACUCHO,PAUCAR DEL SARA SARA,15,558,52,610,237.7,290.46
2024,3,AYACUCHO,PAUCAR DEL SARA SARA,21,506,100,606,84.45,169.5
2024,4,AYACUCHO,PAUCAR DEL SARA SARA,5,81,263,344,0.1,3.1
2024,5,AYACUCHO,PAUCAR DEL SARA SARA,1,0,0,0,0.0,0.0
2024,6,AYACUCHO,PAUCAR DEL SARA SARA,0,0,0,0,0.0,0.0
2024,7,AYACUCHO,PAUCAR DEL SARA SARA,2,43,0,43,0.0,0.0
2024,8,AYACUCHO,PAUCAR DEL SARA SARA,2,122,2,124,0.0,0.0
2024,9,AYACUCHO,PAUCAR DEL SARA SARA,2,9,0,9,13.0,13.0
2024,10,AYACUCHO,PAUCAR DEL SARA SARA,1,65,8,73,0.0,0.0
2024,11,AYACUCHO,PAUCAR DEL SARA SARA,0,0,0,0,0.0,0.0
2024,12,AYACUCHO,PAUCAR DEL SARA SARA,6,68,65,133,0.0,2.0
2025,1,AYACUCHO,PAUCAR DEL SARA SARA,19,788,251,1039,11.85,16.13
2025,2,AYACUCHO,PAUCAR DEL SARA SARA,26,1086,389,1475,1.65,7.46
2025,3,AYACUCHO,PAUCAR DEL SARA SARA,4,167,0,167,0.5,39.18
2025,4,AYACUCHO,PAUCAR DEL SARA SARA,7,185,0,185,0.0,0.0
2025,5,AYACUCHO,PAUCAR DEL SARA SARA,1,6,3,9,0.0,0.0
2025,6,AYACUCHO,PAUCAR DEL SARA SARA,0,0,0,0,0.0,0.0
2025,7,AYACUCHO,PAUCAR DEL SARA SARA,0,0,0,0,0.0,0.0
2025,8,AYACUCHO,PAUCAR DEL SARA SARA,0,0,0,0,0.0,0.0
2025,9,AYACUCHO,PAUCAR DEL SARA SARA,1,30,2,32,2.0,8.0
2025,10,AYACUCHO,PAUCAR DEL SARA SARA,0,0,0,0,0.0,0.0
2025,11,AYACUCHO,PAUCAR DEL SARA SARA,0,0,0,0,0.0,0.0
2025,12,AYACUCHO,PAUCAR DEL SARA SARA,0,0,0,0,0.0,0.0
2016,1,AYACUCHO,SUCRE,13,14,0,14,189.0,1999.0
2016,2,AYACUCHO,SUCRE,3,0,0,0,0.0,0.0
2016,3,AYACUCHO,SUCRE,1,0,0,0,0.0,0.0
2016,4,AYACUCHO,SUCRE,0,0,0,0,0.0,0.0
2016,5,AYACUCHO,SUCRE,4,1011,0,1011,32.0,327.0
2016,6,AYACUCHO,SUCRE,7,2877,0,2877,158.0,1383.0
2016,7,AYACUCHO,SUCRE,2,558,0,558,10.0,99.0
2016,8,AYACUCHO,SUCRE,0,0,0,0,0.0,0.0
2016,9,AYACUCHO,SUCRE,0,0,0,0,0.0,0.0
2016,10,AYACUCHO,SUCRE,1,2,0,2,0.0,0.0
2016,11,AYACUCHO,SUCRE,11,0,0,0,215.0,1940.0
2016,12,AYACUCHO,SUCRE,0,0,0,0,0.0,0.0
2017,1,AYACUCHO,SUCRE,2,52,39,91,0.0,0.0
2017,2,AYACUCHO,SUCRE,1,2,0,2,0.0,0.0
2017,3,AYACUCHO,SUCRE,9,245,22,267,0.0,2.0
2017,4,AYACUCHO,SUCRE,1,0,8,8,0.0,0.0
2017,5,AYACUCHO,SUCRE,0,0,0,0,0.0,0.0
2017,6,AYACUCHO,SUCRE,0,0,0,0,0.0,0.0
2017,7,AYACUCHO,SUCRE,0,0,0,0,0.0,0.0
2017,8,AYACUCHO,SUCRE,2,888,0,888,0.0,0.0
2017,9,AYACUCHO,SUCRE,0,0,0,0,0.0,0.0
2017,10,AYACUCHO,SUCRE,0,0,0,0,0.0,0.0
2017,11,AYACUCHO,SUCRE,0,0,0,0,0.0,0.0
2017,12,AYACUCHO,SUCRE,0,0,0,0,0.0,0.0
2018,1,AYACUCHO,SUCRE,2,0,0,0,0.0,1.0
2018,2,AYACUCHO,SUCRE,3,0,0,0,0.0,12.0
2018,3,AYACUCHO,SUCRE,1,0,0,0,0.0,0.0
2018,4,AYACUCHO,SUCRE,1,0,0,0,0.0,0.0
2018,5,AYACUCHO,SUCRE,0,0,0,0,0.0,0.0
2018,6,AYACUCHO,SUCRE,4,904,0,904,0.0,0.0
2018,7,AYACUCHO,SUCRE,1,0,0,0,0.0,0.0
2018,8,AYACUCHO,SUCRE,0,0,0,0,0.0,0.0
2018,9,AYACUCHO,SUCRE,0,0,0,0,0.0,0.0
2018,10,AYACUCHO,SUCRE,0,0,0,0,0.0,0.0
2018,11,AYACUCHO,SUCRE,0,0,0,0,0.0,0.0
2018,12,AYACUCHO,SUCRE,11,0,0,0,80.0,949.0
2019,1,AYACUCHO,SUCRE,2,21,0,21,0.0,0.47
2019,2,AYACUCHO,SUCRE,4,208,2,210,4.48,8.5
2019,3,AYACUCHO,SUCRE,3,0,0,0,22.36,0.0
2019,4,AYACUCHO,SUCRE,0,0,0,0,0.0,0.0
2019,5,AYACUCHO,SUCRE,1,0,0,0,0.0,0.0
2019,6,AYACUCHO,SUCRE,0,0,0,0,0.0,0.0
2019,7,AYACUCHO,SUCRE,0,0,0,0,0.0,0.0
2019,8,AYACUCHO,SUCRE,0,0,0,0,0.0,0.0
2019,9,AYACUCHO,SUCRE,0,0,0,0,0.0,0.0
2019,10,AYACUCHO,SUCRE,0,0,0,0,0.0,0.0
2019,11,AYACUCHO,SUCRE,0,0,0,0,0.0,0.0
2019,12,AYACUCHO,SUCRE,1,0,0,0,0.0,0.0
2020,1,AYACUCHO,SUCRE,6,11,0,11,25.25,4.75
2020,2,AYACUCHO,SUCRE,7,0,0,0,0.0,0.0
2020,3,AYACUCHO,SUCRE,0,0,0,0,0.0,0.0
2020,4,AYACUCHO,SUCRE,0,0,0,0,0.0,0.0
2020,5,AYACUCHO,SUCRE,0,0,0,0,0.0,0.0
2020,6,AYACUCHO,SUCRE,0,0,0,0,0.0,0.0
2020,7,AYACUCHO,SUCRE,0,0,0,0,0.0,0.0
2020,8,AYACUCHO,SUCRE,1,107,0,107,0.0,0.0
2020,9,AYACUCHO,SUCRE,0,0,0,0,0.0,0.0
2020,10,AYACUCHO,SUCRE,1,0,0,0,0.0,0.0
2020,11,AYACUCHO,SUCRE,0,0,0,0,0.0,0.0
2020,12,AYACUCHO,SUCRE,0,0,0,0,0.0,0.0
2021,1,AYACUCHO,SUCRE,0,0,0,0,0.0,0.0
2021,2,AYACUCHO,SUCRE,11,0,0,0,136.22,212.44
2021,3,AYACUCHO,SUCRE,1,0,0,0,0.0,0.05
2021,4,AYACUCHO,SUCRE,1,0,0,0,0.0,0.0
2021,5,AYACUCHO,SUCRE,3,0,0,0,0.0,0.0
2021,6,AYACUCHO,SUCRE,0,0,0,0,0.0,0.0
2021,7,AYACUCHO,SUCRE,0,0,0,0,0.0,0.0
2021,8,AYACUCHO,SUCRE,0,0,0,0,0.0,0.0
2021,9,AYACUCHO,SUCRE,1,9,3,12,0.0,0.0
2021,10,AYACUCHO,SUCRE,0,0,0,0,0.0,0.0
2021,11,AYACUCHO,SUCRE,0,0,0,0,0.0,0.0
2021,12,AYACUCHO,SUCRE,0,0,0,0,0.0,0.0
2022,1,AYACUCHO,SUCRE,2,0,0,0,11.35,14.2
2022,2,AYACUCHO,SUCRE,6,0,0,0,18.8,26.95
2022,3,AYACUCHO,SUCRE,2,0,0,0,0.0,0.0
2022,4,AYACUCHO,SUCRE,6,69,23,92,0.0,0.0
2022,5,AYACUCHO,SUCRE,1,0,0,0,0.0,0.0
2022,6,AYACUCHO,SUCRE,0,0,0,0,0.0,0.0
2022,7,AYACUCHO,SUCRE,0,0,0,0,0.0,0.0
2022,8,AYACUCHO,SUCRE,0,0,0,0,0.0,0.0
2022,9,AYACUCHO,SUCRE,0,0,0,0,0.0,0.0
2022,10,AYACUCHO,SUCRE,0,0,0,0,0.0,0.0
2022,11,AYACUCHO,SUCRE,2,0,0,0,382.45,774.75
2022,12,AYACUCHO,SUCRE,0,0,0,0,0.0,0.0
2023,1,AYACUCHO,SUCRE,14,59,0,59,122.85,274.88
2023,2,AYACUCHO,SUCRE,28,405,6,411,324.93,680.92
2023,3,AYACUCHO,SUCRE,25,530,135,665,323.07,797.83
2023,4,AYACUCHO,SUCRE,8,59,16,75,0.0,0.0
2023,5,AYACUCHO,SUCRE,1,0,0,0,0.0,0.0
2023,6,AYACUCHO,SUCRE,0,0,0,0,0.0,0.0
2023,7,AYACUCHO,SUCRE,3,814,0,814,0.1,28.57
2023,8,AYACUCHO,SUCRE,3,823,0,823,114.72,78.4
2023,9,AYACUCHO,SUCRE,3,10,4,14,0.0,0.0
2023,10,AYACUCHO,SUCRE,1,0,0,0,0.0,0.0
2023,11,AYACUCHO,SUCRE,1,0,0,0,0.0,0.0
2023,12,AYACUCHO,SUCRE,0,0,0,0,0.0,0.0
2024,1,AYACUCHO,SUCRE,15,338,4,342,17.18,10.86
2024,2,AYACUCHO,SUCRE,31,552,9,561,21.82,42.61
2024,3,AYACUCHO,SUCRE,13,424,50,474,11.01,55.05
2024,4,AYACUCHO,SUCRE,5,69,0,69,7.45,13.35
2024,5,AYACUCHO,SUCRE,3,0,0,0,0.0,0.0
2024,6,AYACUCHO,SUCRE,0,0,0,0,0.0,0.0
2024,7,AYACUCHO,SUCRE,3,34,0,34,0.0,0.0
2024,8,AYACUCHO,SUCRE,2,157,1,158,0.0,0.0
2024,9,AYACUCHO,SUCRE,3,366,0,366,0.0,0.0
2024,10,AYACUCHO,SUCRE,3,241,7,248,0.0,5.35
2024,11,AYACUCHO,SUCRE,1,28,0,28,1.15,2.95
2024,12,AYACUCHO,SUCRE,1,4,0,4,0.0,0.0
2025,1,AYACUCHO,SUCRE,17,149,14,163,0.0,0.0
2025,2,AYACUCHO,SUCRE,26,405,102,507,0.0,10.1
2025,3,AYACUCHO,SUCRE,8,166,90,256,0.0,0.0
2025,4,AYACUCHO,SUCRE,1,0,0,0,0.0,0.0
2025,5,AYACUCHO,SUCRE,3,0,0,0,0.0,0.0
2025,6,AYACUCHO,SUCRE,0,0,0,0,0.0,0.0
2025,7,AYACUCHO,SUCRE,0,0,0,0,0.0,0.0
2025,8,AYACUCHO,SUCRE,0,0,0,0,0.0,0.0
2025,9,AYACUCHO,SUCRE,0,0,0,0,0.0,0.0
2025,10,AYACUCHO,SUCRE,0,0,0,0,0.0,0.0
2025,11,AYACUCHO,SUCRE,0,0,0,0,0.0,0.0
2025,12,AYACUCHO,SUCRE,1,0,0,0,0.0,0.0
2016,1,AYACUCHO,VILCAS HUAMAN,11,140,0,140,1196.0,2733.0
2016,2,AYACUCHO,VILCAS HUAMAN,2,32,0,32,0.0,0.0
2016,3,AYACUCHO,VILCAS HUAMAN,1,0,0,0,10.0,15.0
2016,4,AYACUCHO,VILCAS HUAMAN,0,0,0,0,0.0,0.0
2016,5,AYACUCHO,VILCAS HUAMAN,1,1345,0,1345,0.0,0.0
2016,6,AYACUCHO,VILCAS HUAMAN,7,4293,0,4293,0.0,0.0
2016,7,AYACUCHO,VILCAS HUAMAN,0,0,0,0,0.0,0.0
2016,8,AYACUCHO,VILCAS HUAMAN,0,0,0,0,0.0,0.0
2016,9,AYACUCHO,VILCAS HUAMAN,1,40,0,40,0.0,0.0
2016,10,AYACUCHO,VILCAS HUAMAN,0,0,0,0,0.0,0.0
2016,11,AYACUCHO,VILCAS HUAMAN,11,217,0,217,665.0,1838.0
2016,12,AYACUCHO,VILCAS HUAMAN,0,0,0,0,0.0,0.0
2017,1,AYACUCHO,VILCAS HUAMAN,1,40,0,40,0.0,0.0
2017,2,AYACUCHO,VILCAS HUAMAN,0,0,0,0,0.0,0.0
2017,3,AYACUCHO,VILCAS HUAMAN,2,759,0,759,55.0,195.0
2017,4,AYACUCHO,VILCAS HUAMAN,2,0,0,0,0.0,0.0
2017,5,AYACUCHO,VILCAS HUAMAN,1,0,6,6,0.0,0.0
2017,6,AYACUCHO,VILCAS HUAMAN,0,0,0,0,0.0,0.0
2017,7,AYACUCHO,VILCAS HUAMAN,0,0,0,0,0.0,0.0
2017,8,AYACUCHO,VILCAS HUAMAN,2,1099,0,1099,0.0,0.0
2017,9,AYACUCHO,VILCAS HUAMAN,0,0,0,0,0.0,0.0
2017,10,AYACUCHO,VILCAS HUAMAN,0,0,0,0,0.0,0.0
2017,11,AYACUCHO,VILCAS HUAMAN,1,14,0,14,0.0,0.0
2017,12,AYACUCHO,VILCAS HUAMAN,0,0,0,0,0.0,0.0
2018,1,AYACUCHO,VILCAS HUAMAN,1,20,0,20,0.0,0.0
2018,2,AYACUCHO,VILCAS HUAMAN,1,0,0,0,0.0,0.0
2018,3,AYACUCHO,VILCAS HUAMAN,2,1,7,8,0.0,0.0
2018,4,AYACUCHO,VILCAS HUAMAN,2,22,53,75,0.0,0.0
2018,5,AYACUCHO,VILCAS HUAMAN,0,0,0,0,0.0,0.0
2018,6,AYACUCHO,VILCAS HUAMAN,0,0,0,0,0.0,0.0
2018,7,AYACUCHO,VILCAS HUAMAN,0,0,0,0,0.0,0.0
2018,8,AYACUCHO,VILCAS HUAMAN,0,0,0,0,0.0,0.0
2018,9,AYACUCHO,VILCAS HUAMAN,1,0,2,2,0.0,0.0
2018,10,AYACUCHO,VILCAS HUAMAN,1,13,0,13,0.0,0.0
2018,11,AYACUCHO,VILCAS HUAMAN,8,0,0,0,936.0,3409.0
2018,12,AYACUCHO,VILCAS HUAMAN,0,0,0,0,0.0,0.0
2019,1,AYACUCHO,VILCAS HUAMAN,0,0,0,0,0.0,0.0
2019,2,AYACUCHO,VILCAS HUAMAN,1,0,0,0,154.55,0.0
2019,3,AYACUCHO,VILCAS HUAMAN,0,0,0,0,0.0,0.0
2019,4,AYACUCHO,VILCAS HUAMAN,1,76,0,76,0.0,0.0
2019,5,AYACUCHO,VILCAS HUAMAN,0,0,0,0,0.0,0.0
2019,6,AYACUCHO,VILCAS HUAMAN,0,0,0,0,0.0,0.0
2019,7,AYACUCHO,VILCAS HUAMAN,0,0,0,0,0.0,0.0
2019,8,AYACUCHO,VILCAS HUAMAN,0,0,0,0,0.0,0.0
2019,9,AYACUCHO,VILCAS HUAMAN,0,0,0,0,0.0,0.0
2019,10,AYACUCHO,VILCAS HUAMAN,0,0,0,0,0.0,0.0
2019,11,AYACUCHO,VILCAS HUAMAN,0,0,0,0,0.0,0.0
2019,12,AYACUCHO,VILCAS HUAMAN,1,0,0,0,0.0,11.0
2020,1,AYACUCHO,VILCAS HUAMAN,1,0,0,0,0.0,21.0
2020,2,AYACUCHO,VILCAS HUAMAN,0,0,0,0,0.0,0.0
2020,3,AYACUCHO,VILCAS HUAMAN,0,0,0,0,0.0,0.0
2020,4,AYACUCHO,VILCAS HUAMAN,0,0,0,0,0.0,0.0
2020,5,AYACUCHO,VILCAS HUAMAN,0,0,0,0,0.0,0.0
2020,6,AYACUCHO,VILCAS HUAMAN,0,0,0,0,0.0,0.0
2020,7,AYACUCHO,VILCAS HUAMAN,0,0,0,0,0.0,0.0
2020,8,AYACUCHO,VILCAS HUAMAN,2,1,19,20,0.0,0.0
2020,9,AYACUCHO,VILCAS HUAMAN,1,6,0,6,0.0,0.0
2020,10,AYACUCHO,VILCAS HUAMAN,0,0,0,0,0.0,0.0
2020,11,AYACUCHO,VILCAS HUAMAN,2,0,10,10,0.0,0.0
2020,12,AYACUCHO,VILCAS HUAMAN,2,40,2,42,0.0,0.0
2021,1,AYACUCHO,VILCAS HUAMAN,4,75,98,173,0.0,0.0
2021,2,AYACUCHO,VILCAS HUAMAN,11,176,27,203,924.31,14.24
2021,3,AYACUCHO,VILCAS HUAMAN,10,69,40,109,994.5,61.08
2021,4,AYACUCHO,VILCAS HUAMAN,6,0,0,0,356.5,0.0
2021,5,AYACUCHO,VILCAS HUAMAN,0,0,0,0,0.0,0.0
2021,6,AYACUCHO,VILCAS HUAMAN,3,19,5,24,0.0,0.46
2021,7,AYACUCHO,VILCAS HUAMAN,0,0,0,0,0.0,0.0
2021,8,AYACUCHO,VILCAS HUAMAN,1,0,0,0,0.0,0.0
2021,9,AYACUCHO,VILCAS HUAMAN,3,29,62,91,0.0,0.0
2021,10,AYACUCHO,VILCAS HUAMAN,0,0,0,0,0.0,0.0
2021,11,AYACUCHO,VILCAS HUAMAN,2,0,6,6,0.0,0.0
2021,12,AYACUCHO,VILCAS HUAMAN,2,7,0,7,0.0,0.0
2022,1,AYACUCHO,VILCAS HUAMAN,8,79,0,79,14.5,45.5
2022,2,AYACUCHO,VILCAS HUAMAN,14,21,3,24,0.45,1.1
2022,3,AYACUCHO,VILCAS HUAMAN,20,8,8,16,48.26,48.41
2022,4,AYACUCHO,VILCAS HUAMAN,7,19,2,21,0.3,3.9
2022,5,AYACUCHO,VILCAS HUAMAN,2,3,0,3,0.0,0.0
2022,6,AYACUCHO,VILCAS HUAMAN,1,4,0,4,0.0,0.0
2022,7,AYACUCHO,VILCAS HUAMAN,1,75,0,75,0.0,0.75
2022,8,AYACUCHO,VILCAS HUAMAN,0,0,0,0,0.0,0.0
2022,9,AYACUCHO,VILCAS HUAMAN,2,19,0,19,2.47,7.18
2022,10,AYACUCHO,VILCAS HUAMAN,1,14,21,35,0.0,0.0
2022,11,AYACUCHO,VILCAS HUAMAN,5,80,23,103,1.32,3.65
2022,12,AYACUCHO,VILCAS HUAMAN,0,0,0,0,0.0,0.0
2023,1,AYACUCHO,VILCAS HUAMAN,1,6,0,6,0.0,0.0
2023,2,AYACUCHO,VILCAS HUAMAN,30,1001,15,1016,381.55,696.4
2023,3,AYACUCHO,VILCAS HUAMAN,22,262,111,373,0.0,0.0
2023,4,AYACUCHO,VILCAS HUAMAN,18,176,4,180,92.75,152.45
2023,5,AYACUCHO,VILCAS HUAMAN,4,17,54,71,8.5,25.0
2023,6,AYACUCHO,VILCAS HUAMAN,1,126,0,126,0.0,0.0
2023,7,AYACUCHO,VILCAS HUAMAN,1,1,0,1,0.0,0.0
2023,8,AYACUCHO,VILCAS HUAMAN,6,434,4,438,0.0,0.0
2023,9,AYACUCHO,VILCAS HUAMAN,4,0,5,5,2.0,12.0
2023,10,AYACUCHO,VILCAS HUAMAN,3,0,5,5,77.4,786.9
2023,11,AYACUCHO,VILCAS HUAMAN,2,0,2,2,0.0,10.0
2023,12,AYACUCHO,VILCAS HUAMAN,0,0,0,0,0.0,0.0
2024,1,AYACUCHO,VILCAS HUAMAN,9,223,8,231,0.0,2.4
2024,2,AYACUCHO,VILCAS HUAMAN,29,1014,119,1133,200.04,255.58
2024,3,AYACUCHO,VILCAS HUAMAN,26,680,66,746,54.1,154.4
2024,4,AYACUCHO,VILCAS HUAMAN,10,46,14,60,2.35,7.1
2024,5,AYACUCHO,VILCAS HUAMAN,1,0,0,0,0.0,0.0
2024,6,AYACUCHO,VILCAS HUAMAN,1,111,0,111,0.0,45.0
2024,7,AYACUCHO,VILCAS HUAMAN,1,2,0,2,0.0,0.0
2024,8,AYACUCHO,VILCAS HUAMAN,0,0,0,0,0.0,0.0
2024,9,AYACUCHO,VILCAS HUAMAN,0,0,0,0,0.0,0.0
2024,10,AYACUCHO,VILCAS HUAMAN,1,50,0,50,0.0,0.0
2024,11,AYACUCHO,VILCAS HUAMAN,5,179,2,181,30.8,45.34
2024,12,AYACUCHO,VILCAS HUAMAN,9,125,10,135,34.45,33.25
2025,1,AYACUCHO,VILCAS HUAMAN,21,642,75,717,56.35,71.45
2025,2,AYACUCHO,VILCAS HUAMAN,21,740,121,861,47.65,131.8
2025,3,AYACUCHO,VILCAS HUAMAN,15,522,56,578,0.0,0.0
2025,4,AYACUCHO,VILCAS HUAMAN,13,183,216,399,0.0,0.0
2025,5,AYACUCHO,VILCAS HUAMAN,4,123,129,252,0.0,0.0
2025,6,AYACUCHO,VILCAS HUAMAN,1,0,29,29,0.0,0.0
2025,7,AYACUCHO,VILCAS HUAMAN,0,0,0,0,0.0,0.0
2025,8,AYACUCHO,VILCAS HUAMAN,0,0,0,0,0.0,0.0
2025,9,AYACUCHO,VILCAS HUAMAN,0,0,0,0,0.0,0.0
2025,10,AYACUCHO,VILCAS HUAMAN,0,0,0,0,0.0,0.0
2025,11,AYACUCHO,VILCAS HUAMAN,0,0,0,0,0.0,0.0
2025,12,AYACUCHO,VILCAS HUAMAN,1,0,0,0,0.0,0.0
2016,1,CAJAMARCA,CAJABAMBA,0,0,0,0,0.0,0.0
2016,2,CAJAMARCA,CAJABAMBA,0,0,0,0,0.0,0.0
2016,3,CAJAMARCA,CAJABAMBA,0,0,0,0,0.0,0.0
2016,4,CAJAMARCA,CAJABAMBA,0,0,0,0,0.0,0.0
2016,5,CAJAMARCA,CAJABAMBA,0,0,0,0,0.0,0.0
2016,6,CAJAMARCA,CAJABAMBA,0,0,0,0,0.0,0.0
2016,7,CAJAMARCA,CAJABAMBA,0,0,0,0,0.0,0.0
2016,8,CAJAMARCA,CAJABAMBA,0,0,0,0,0.0,0.0
2016,9,CAJAMARCA,CAJABAMBA,0,0,0,0,0.0,0.0
2016,10,CAJAMARCA,CAJABAMBA,0,0,0,0,0.0,0.0
2016,11,CAJAMARCA,CAJABAMBA,0,0,0,0,0.0,0.0
2016,12,CAJAMARCA,CAJABAMBA,0,0,0,0,0.0,0.0
2017,1,CAJAMARCA,CAJABAMBA,0,0,0,0,0.0,0.0
2017,2,CAJAMARCA,CAJABAMBA,0,0,0,0,0.0,0.0
2017,3,CAJAMARCA,CAJABAMBA,6,250,0,250,0.0,10.0
2017,4,CAJAMARCA,CAJABAMBA,1,0,0,0,0.0,0.0
2017,5,CAJAMARCA,CAJABAMBA,0,0,0,0,0.0,0.0
2017,6,CAJAMARCA,CAJABAMBA,0,0,0,0,0.0,0.0
2017,7,CAJAMARCA,CAJABAMBA,0,0,0,0,0.0,0.0
2017,8,CAJAMARCA,CAJABAMBA,0,0,0,0,0.0,0.0
2017,9,CAJAMARCA,CAJABAMBA,0,0,0,0,0.0,0.0
2017,10,CAJAMARCA,CAJABAMBA,0,0,0,0,0.0,0.0
2017,11,CAJAMARCA,CAJABAMBA,0,0,0,0,0.0,0.0
2017,12,CAJAMARCA,CAJABAMBA,0,0,0,0,0.0,0.0
2018,1,CAJAMARCA,CAJABAMBA,1,180,0,180,0.0,150.0
2018,2,CAJAMARCA,CAJABAMBA,0,0,0,0,0.0,0.0
2018,3,CAJAMARCA,CAJABAMBA,0,0,0,0,0.0,0.0
2018,4,CAJAMARCA,CAJABAMBA,0,0,0,0,0.0,0.0
2018,5,CAJAMARCA,CAJABAMBA,0,0,0,0,0.0,0.0
2018,6,CAJAMARCA,CAJABAMBA,0,0,0,0,0.0,0.0
2018,7,CAJAMARCA,CAJABAMBA,0,0,0,0,0.0,0.0
2018,8,CAJAMARCA,CAJABAMBA,0,0,0,0,0.0,0.0
2018,9,CAJAMARCA,CAJABAMBA,0,0,0,0,0.0,0.0
2018,10,CAJAMARCA,CAJABAMBA,0,0,0,0,0.0,0.0
2018,11,CAJAMARCA,CAJABAMBA,0,0,0,0,0.0,0.0
2018,12,CAJAMARCA,CAJABAMBA,0,0,0,0,0.0,0.0
2019,1,CAJAMARCA,CAJABAMBA,0,0,0,0,0.0,0.0
2019,2,CAJAMARCA,CAJABAMBA,0,0,0,0,0.0,0.0
2019,3,CAJAMARCA,CAJABAMBA,2,8,9,17,0.0,0.0
2019,4,CAJAMARCA,CAJABAMBA,2,0,4,4,14.0,14.0
2019,5,CAJAMARCA,CAJABAMBA,0,0,0,0,0.0,0.0
2019,6,CAJAMARCA,CAJABAMBA,0,0,0,0,0.0,0.0
2019,7,CAJAMARCA,CAJABAMBA,0,0,0,0,0.0,0.0
2019,8,CAJAMARCA,CAJABAMBA,0,0,0,0,0.0,0.0
2019,9,CAJAMARCA,CAJABAMBA,0,0,0,0,0.0,0.0
2019,10,CAJAMARCA,CAJABAMBA,0,0,0,0,0.0,0.0
2019,11,CAJAMARCA,CAJABAMBA,0,0,0,0,0.0,0.0
2019,12,CAJAMARCA,CAJABAMBA,1,53,15,68,0.0,0.0
2020,1,CAJAMARCA,CAJABAMBA,1,39,0,39,0.0,0.0
2020,2,CAJAMARCA,CAJABAMBA,0,0,0,0,0.0,0.0
2020,3,CAJAMARCA,CAJABAMBA,1,29,0,29,0.0,0.0
2020,4,CAJAMARCA,CAJABAMBA,0,0,0,0,0.0,0.0
2020,5,CAJAMARCA,CAJABAMBA,0,0,0,0,0.0,0.0
2020,6,CAJAMARCA,CAJABAMBA,0,0,0,0,0.0,0.0
2020,7,CAJAMARCA,CAJABAMBA,0,0,0,0,0.0,0.0
2020,8,CAJAMARCA,CAJABAMBA,0,0,0,0,0.0,0.0
2020,9,CAJAMARCA,CAJABAMBA,1,6,0,6,0.0,0.0
2020,10,CAJAMARCA,CAJABAMBA,2,8,0,8,0.0,0.0
2020,11,CAJAMARCA,CAJABAMBA,4,33,0,33,0.0,0.0
2020,12,CAJAMARCA,CAJABAMBA,1,0,0,0,0.0,0.0
2021,1,CAJAMARCA,CAJABAMBA,1,5,0,5,0.0,0.0
2021,2,CAJAMARCA,CAJABAMBA,0,0,0,0,0.0,0.0
2021,3,CAJAMARCA,CAJABAMBA,6,9,7,16,0.13,4.4
2021,4,CAJAMARCA,CAJABAMBA,3,8,16,24,0.0,5.0
2021,5,CAJAMARCA,CAJABAMBA,0,0,0,0,0.0,0.0
2021,6,CAJAMARCA,CAJABAMBA,0,0,0,0,0.0,0.0
2021,7,CAJAMARCA,CAJABAMBA,0,0,0,0,0.0,0.0
2021,8,CAJAMARCA,CAJABAMBA,1,3,0,3,0.0,0.0
2021,9,CAJAMARCA,CAJABAMBA,1,114,0,114,0.0,0.04
2021,10,CAJAMARCA,CAJABAMBA,3,21,8,29,0.0,0.0
2021,11,CAJAMARCA,CAJABAMBA,5,32,0,32,0.5,1.0
2021,12,CAJAMARCA,CAJABAMBA,2,1,0,1,0.0,0.0
2022,1,CAJAMARCA,CAJABAMBA,2,2,0,2,0.0,0.05
2022,2,CAJAMARCA,CAJABAMBA,5,26,0,26,0.0,1.42
2022,3,CAJAMARCA,CAJABAMBA,11,26,6,32,0.28,14.82
2022,4,CAJAMARCA,CAJABAMBA,5,59,40,99,85.0,105.0
2022,5,CAJAMARCA,CAJABAMBA,1,38,51,89,20.42,0.35
2022,6,CAJAMARCA,CAJABAMBA,0,0,0,0,0.0,0.0
2022,7,CAJAMARCA,CAJABAMBA,0,0,0,0,0.0,0.0
2022,8,CAJAMARCA,CAJABAMBA,0,0,0,0,0.0,0.0
2022,9,CAJAMARCA,CAJABAMBA,0,0,0,0,0.0,0.0
2022,10,CAJAMARCA,CAJABAMBA,0,0,0,0,0.0,0.0
2022,11,CAJAMARCA,CAJABAMBA,0,0,0,0,0.0,0.0
2022,12,CAJAMARCA,CAJABAMBA,0,0,0,0,0.0,0.0
2023,1,CAJAMARCA,CAJABAMBA,0,0,0,0,0.0,0.0
2023,2,CAJAMARCA,CAJABAMBA,5,25,0,25,8.7,24.2
2023,3,CAJAMARCA,CAJABAMBA,8,679,8,687,158.25,183.05
2023,4,CAJAMARCA,CAJABAMBA,1,0,20,20,0.0,0.0
2023,5,CAJAMARCA,CAJABAMBA,2,0,17,17,0.0,0.0
2023,6,CAJAMARCA,CAJABAMBA,1,0,0,0,9.0,13.25
2023,7,CAJAMARCA,CAJABAMBA,0,0,0,0,0.0,0.0
2023,8,CAJAMARCA,CAJABAMBA,0,0,0,0,0.0,0.0
2023,9,CAJAMARCA,CAJABAMBA,1,0,0,0,0.0,0.0
2023,10,CAJAMARCA,CAJABAMBA,0,0,0,0,0.0,0.0
2023,11,CAJAMARCA,CAJABAMBA,3,12,0,12,0.0,0.0
2023,12,CAJAMARCA,CAJABAMBA,0,0,0,0,0.0,0.0
2024,1,CAJAMARCA,CAJABAMBA,0,0,0,0,0.0,0.0
2024,2,CAJAMARCA,CAJABAMBA,5,1,1,2,1.0,1.0
2024,3,CAJAMARCA,CAJABAMBA,1,0,0,0,0.0,0.0
2024,4,CAJAMARCA,CAJABAMBA,2,0,0,0,0.0,0.0
2024,5,CAJAMARCA,CAJABAMBA,0,0,0,0,0.0,0.0
2024,6,CAJAMARCA,CAJABAMBA,0,0,0,0,0.0,0.0
2024,7,CAJAMARCA,CAJABAMBA,0,0,0,0,0.0,0.0
2024,8,CAJAMARCA,CAJABAMBA,1,4,0,4,0.0,0.0
2024,9,CAJAMARCA,CAJABAMBA,6,20,1,21,0.0,0.0
2024,10,CAJAMARCA,CAJABAMBA,2,0,0,0,0.0,0.0
2024,11,CAJAMARCA,CAJABAMBA,1,23,0,23,0.0,0.0
2024,12,CAJAMARCA,CAJABAMBA,2,25,0,25,0.0,0.0
2025,1,CAJAMARCA,CAJABAMBA,10,3,0,3,0.0,0.0
2025,2,CAJAMARCA,CAJABAMBA,12,73,7,80,5.25,11.05
2025,3,CAJAMARCA,CAJABAMBA,16,40,23,63,5.63,0.75
2025,4,CAJAMARCA,CAJABAMBA,23,183,45,228,5.25,6.75
2025,5,CAJAMARCA,CAJABAMBA,6,5,2,7,0.0,0.0
2025,6,CAJAMARCA,CAJABAMBA,0,0,0,0,0.0,0.0
2025,7,CAJAMARCA,CAJABAMBA,2,195,3,198,0.0,106.0
2025,8,CAJAMARCA,CAJABAMBA,0,0,0,0,0.0,0.0
2025,9,CAJAMARCA,CAJABAMBA,5,12,0,12,0.0,0.5
2025,10,CAJAMARCA,CAJABAMBA,9,26,5,31,0.0,1.5
2025,11,CAJAMARCA,CAJABAMBA,14,46,29,75,0.0,0.26
2025,12,CAJAMARCA,CAJABAMBA,5,10,0,10,0.0,0.0
2016,1,CAJAMARCA,CHOTA,0,0,0,0,0.0,0.0
2016,2,CAJAMARCA,CHOTA,0,0,0,0,0.0,0.0
2016,3,CAJAMARCA,CHOTA,2,46,5,51,0.0,0.0
2016,4,CAJAMARCA,CHOTA,1,0,2,2,0.0,0.0
2016,5,CAJAMARCA,CHOTA,0,0,0,0,0.0,0.0
2016,6,CAJAMARCA,CHOTA,0,0,0,0,0.0,0.0
2016,7,CAJAMARCA,CHOTA,0,0,0,0,0.0,0.0
2016,8,CAJAMARCA,CHOTA,0,0,0,0,0.0,0.0
2016,9,CAJAMARCA,CHOTA,0,0,0,0,0.0,0.0
2016,10,CAJAMARCA,CHOTA,2,0,10,10,0.0,400.0
2016,11,CAJAMARCA,CHOTA,0,0,0,0,0.0,0.0
2016,12,CAJAMARCA,CHOTA,0,0,0,0,0.0,0.0
2017,1,CAJAMARCA,CHOTA,5,0,16,16,0.0,0.0
2017,2,CAJAMARCA,CHOTA,7,253,147,400,1.0,2.0
2017,3,CAJAMARCA,CHOTA,46,2410,282,2692,21.0,13.0
2017,4,CAJAMARCA,CHOTA,6,0,0,0,0.0,0.0
2017,5,CAJAMARCA,CHOTA,4,0,0,0,0.0,0.0
2017,6,CAJAMARCA,CHOTA,2,0,5,5,0.0,0.0
2017,7,CAJAMARCA,CHOTA,1,0,0,0,0.0,0.0
2017,8,CAJAMARCA,CHOTA,1,0,0,0,0.0,0.0
2017,9,CAJAMARCA,CHOTA,0,0,0,0,0.0,0.0
2017,10,CAJAMARCA,CHOTA,0,0,0,0,0.0,0.0
2017,11,CAJAMARCA,CHOTA,1,0,5,5,0.0,0.0
2017,12,CAJAMARCA,CHOTA,0,0,0,0,0.0,0.0
2018,1,CAJAMARCA,CHOTA,0,0,0,0,0.0,0.0
2018,2,CAJAMARCA,CHOTA,1,0,0,0,0.0,0.0
2018,3,CAJAMARCA,CHOTA,1,10,0,10,0.0,0.0
2018,4,CAJAMARCA,CHOTA,3,3,3,6,0.0,0.0
2018,5,CAJAMARCA,CHOTA,4,0,3,3,0.0,0.0
2018,6,CAJAMARCA,CHOTA,0,0,0,0,0.0,0.0
2018,7,CAJAMARCA,CHOTA,0,0,0,0,0.0,0.0
2018,8,CAJAMARCA,CHOTA,0,0,0,0,0.0,0.0
2018,9,CAJAMARCA,CHOTA,1,6,0,6,0.0,0.0
2018,10,CAJAMARCA,CHOTA,1,0,0,0,0.0,300.0
2018,11,CAJAMARCA,CHOTA,3,31,9,40,0.0,0.0
2018,12,CAJAMARCA,CHOTA,0,0,0,0,0.0,0.0
2019,1,CAJAMARCA,CHOTA,0,0,0,0,0.0,0.0
2019,2,CAJAMARCA,CHOTA,2,72,0,72,0.0,0.0
2019,3,CAJAMARCA,CHOTA,10,1,5,6,0.0,0.0
2019,4,CAJAMARCA,CHOTA,2,0,3,3,0.0,0.0
2019,5,CAJAMARCA,CHOTA,4,0,0,0,0.0,0.0
2019,6,CAJAMARCA,CHOTA,5,159,5,164,4.0,23.5
2019,7,CAJAMARCA,CHOTA,1,0,3,3,0.0,0.0
2019,8,CAJAMARCA,CHOTA,0,0,0,0,0.0,0.0
2019,9,CAJAMARCA,CHOTA,0,0,0,0,0.0,0.0
2019,10,CAJAMARCA,CHOTA,0,0,0,0,0.0,0.0
2019,11,CAJAMARCA,CHOTA,0,0,0,0,0.0,0.0
2019,12,CAJAMARCA,CHOTA,1,0,0,0,0.0,0.0
2020,1,CAJAMARCA,CHOTA,0,0,0,0,0.0,0.0
2020,2,CAJAMARCA,CHOTA,0,0,0,0,0.0,0.0
2020,3,CAJAMARCA,CHOTA,0,0,0,0,0.0,0.0
2020,4,CAJAMARCA,CHOTA,0,0,0,0,0.0,0.0
2020,5,CAJAMARCA,CHOTA,0,0,0,0,0.0,0.0
2020,6,CAJAMARCA,CHOTA,0,0,0,0,0.0,0.0
2020,7,CAJAMARCA,CHOTA,0,0,0,0,0.0,0.0
2020,8,CAJAMARCA,CHOTA,2,2,0,2,0.0,0.0
2020,9,CAJAMARCA,CHOTA,1,0,0,0,0.0,0.0
2020,10,CAJAMARCA,CHOTA,1,0,0,0,0.0,0.0
2020,11,CAJAMARCA,CHOTA,1,3,0,3,0.0,0.0
2020,12,CAJAMARCA,CHOTA,0,0,0,0,0.0,0.0
2021,1,CAJAMARCA,CHOTA,1,0,2,2,0.0,0.0
2021,2,CAJAMARCA,CHOTA,2,4,0,4,0.02,0.02
2021,3,CAJAMARCA,CHOTA,20,221,62,283,22.85,17.4
2021,4,CAJAMARCA,CHOTA,3,0,6,6,0.0,0.0
2021,5,CAJAMARCA,CHOTA,6,4,9,13,1.0,1.0
2021,6,CAJAMARCA,CHOTA,1,0,0,0,0.0,0.0
2021,7,CAJAMARCA,CHOTA,0,0,0,0,0.0,0.0
2021,8,CAJAMARCA,CHOTA,1,35,0,35,10.5,1.5
2021,9,CAJAMARCA,CHOTA,0,0,0,0,0.0,0.0
2021,10,CAJAMARCA,CHOTA,1,0,0,0,0.0,0.0
2021,11,CAJAMARCA,CHOTA,5,0,9,9,0.0,0.0
2021,12,CAJAMARCA,CHOTA,4,0,6,6,0.0,0.0
2022,1,CAJAMARCA,CHOTA,3,12,7,19,0.0,0.0
2022,2,CAJAMARCA,CHOTA,1,16,0,16,0.0,0.0
2022,3,CAJAMARCA,CHOTA,38,898,400,1298,141.5,178.0
2022,4,CAJAMARCA,CHOTA,10,7,55,62,0.0,0.01
2022,5,CAJAMARCA,CHOTA,4,32,5,37,11.09,11.09
2022,6,CAJAMARCA,CHOTA,4,12,2,14,10.0,10.0
2022,7,CAJAMARCA,CHOTA,1,2,0,2,0.0,0.0
2022,8,CAJAMARCA,CHOTA,1,2,0,2,2.0,4.0
2022,9,CAJAMARCA,CHOTA,0,0,0,0,0.0,0.0
2022,10,CAJAMARCA,CHOTA,2,0,2,2,1.0,1.0
2022,11,CAJAMARCA,CHOTA,1,15,0,15,0.0,0.0
2022,12,CAJAMARCA,CHOTA,0,0,0,0,0.0,0.0
2023,1,CAJAMARCA,CHOTA,3,2,38,40,0.0,0.0
2023,2,CAJAMARCA,CHOTA,10,0,33,33,0.0,0.0
2023,3,CAJAMARCA,CHOTA,53,1113,239,1352,446.28,434.39
2023,4,CAJAMARCA,CHOTA,19,241,6,247,0.0,0.0
2023,5,CAJAMARCA,CHOTA,20,39,116,155,8.5,8.6
2023,6,CAJAMARCA,CHOTA,7,6,9,15,0.0,0.0
2023,7,CAJAMARCA,CHOTA,4,57,3,60,0.0,0.0
2023,8,CAJAMARCA,CHOTA,3,19,39,58,0.0,0.0
2023,9,CAJAMARCA,CHOTA,1,3,0,3,0.0,0.0
2023,10,CAJAMARCA,CHOTA,4,134,3,137,0.0,0.0
2023,11,CAJAMARCA,CHOTA,5,26,1,27,0.0,0.0
2023,12,CAJAMARCA,CHOTA,3,7,0,7,0.0,0.0
2024,1,CAJAMARCA,CHOTA,1,0,0,0,0.0,0.0
2024,2,CAJAMARCA,CHOTA,10,23,0,23,173.5,176.5
2024,3,CAJAMARCA,CHOTA,8,5,2,7,0.0,0.0
2024,4,CAJAMARCA,CHOTA,12,11,10,21,0.0,0.0
2024,5,CAJAMARCA,CHOTA,10,89,17,106,0.0,0.0
2024,6,CAJAMARCA,CHOTA,6,3,0,3,0.0,0.0
2024,7,CAJAMARCA,CHOTA,1,0,0,0,0.0,0.0
2024,8,CAJAMARCA,CHOTA,3,12,0,12,2.2,2.2
2024,9,CAJAMARCA,CHOTA,3,2,0,2,0.0,0.0
2024,10,CAJAMARCA,CHOTA,4,1,0,1,0.0,0.0
2024,11,CAJAMARCA,CHOTA,8,23,32,55,0.0,0.0
2024,12,CAJAMARCA,CHOTA,2,0,0,0,0.0,0.0
2025,1,CAJAMARCA,CHOTA,15,0,0,0,0.0,0.0
2025,2,CAJAMARCA,CHOTA,26,91,71,162,0.0,0.0
2025,3,CAJAMARCA,CHOTA,38,374,153,527,6.18,0.0
2025,4,CAJAMARCA,CHOTA,41,115,166,281,1.4,7.4
2025,5,CAJAMARCA,CHOTA,5,4,13,17,2.5,0.0
2025,6,CAJAMARCA,CHOTA,2,1,0,1,0.0,0.0
2025,7,CAJAMARCA,CHOTA,5,0,0,0,0.0,0.0
2025,8,CAJAMARCA,CHOTA,3,0,9,9,0.0,0.0
2025,9,CAJAMARCA,CHOTA,5,4,0,4,0.0,0.0
2025,10,CAJAMARCA,CHOTA,7,0,16,16,0.0,0.0
2025,11,CAJAMARCA,CHOTA,9,7,3,10,0.0,0.0
2025,12,CAJAMARCA,CHOTA,6,0,0,0,0.0,0.0
2016,1,CAJAMARCA,CUTERVO,0,0,0,0,0.0,0.0
2016,2,CAJAMARCA,CUTERVO,0,0,0,0,0.0,0.0
2016,3,CAJAMARCA,CUTERVO,2,9,5,14,0.0,0.0
2016,4,CAJAMARCA,CUTERVO,2,32,19,51,0.0,0.0
2016,5,CAJAMARCA,CUTERVO,0,0,0,0,0.0,0.0
2016,6,CAJAMARCA,CUTERVO,0,0,0,0,0.0,0.0
2016,7,CAJAMARCA,CUTERVO,0,0,0,0,0.0,0.0
2016,8,CAJAMARCA,CUTERVO,0,0,0,0,0.0,0.0
2016,9,CAJAMARCA,CUTERVO,1,245,0,245,0.0,0.0
2016,10,CAJAMARCA,CUTERVO,1,0,0,0,5.0,5.0
2016,11,CAJAMARCA,CUTERVO,16,0,0,0,0.0,0.0
2016,12,CAJAMARCA,CUTERVO,0,0,0,0,0.0,0.0
2017,1,CAJAMARCA,CUTERVO,0,0,0,0,0.0,0.0
2017,2,CAJAMARCA,CUTERVO,8,69,17,86,0.0,0.0
2017,3,CAJAMARCA,CUTERVO,24,114,0,114,34.0,25.0
2017,4,CAJAMARCA,CUTERVO,15,0,12,12,0.0,10.0
2017,5,CAJAMARCA,CUTERVO,7,100,0,100,25.0,3.0
2017,6,CAJAMARCA,CUTERVO,0,0,0,0,0.0,0.0
2017,7,CAJAMARCA,CUTERVO,1,0,0,0,0.0,0.0
2017,8,CAJAMARCA,CUTERVO,4,0,0,0,8.0,6.0
2017,9,CAJAMARCA,CUTERVO,0,0,0,0,0.0,0.0
2017,10,CAJAMARCA,CUTERVO,2,0,0,0,0.0,0.0
2017,11,CAJAMARCA,CUTERVO,1,0,0,0,0.0,0.0
2017,12,CAJAMARCA,CUTERVO,0,0,0,0,0.0,0.0
2018,1,CAJAMARCA,CUTERVO,4,10,0,10,0.0,0.0
2018,2,CAJAMARCA,CUTERVO,1,0,0,0,0.0,0.0
2018,3,CAJAMARCA,CUTERVO,3,0,0,0,0.0,0.0
2018,4,CAJAMARCA,CUTERVO,2,0,0,0,0.0,0.0
2018,5,CAJAMARCA,CUTERVO,9,92,1,93,0.0,0.0
2018,6,CAJAMARCA,CUTERVO,3,0,0,0,0.0,0.0
2018,7,CAJAMARCA,CUTERVO,2,0,0,0,0.0,0.0
2018,8,CAJAMARCA,CUTERVO,1,0,0,0,0.0,0.0
2018,9,CAJAMARCA,CUTERVO,1,0,0,0,0.0,0.0
2018,10,CAJAMARCA,CUTERVO,0,0,0,0,0.0,0.0
2018,11,CAJAMARCA,CUTERVO,1,68,0,68,0.0,0.0
2018,12,CAJAMARCA,CUTERVO,0,0,0,0,0.0,0.0
2019,1,CAJAMARCA,CUTERVO,0,0,0,0,0.0,0.0
2019,2,CAJAMARCA,CUTERVO,3,0,0,0,0.0,0.0
2019,3,CAJAMARCA,CUTERVO,1,0,0,0,77.0,0.0
2019,4,CAJAMARCA,CUTERVO,3,18,3,21,0.0,0.0
2019,5,CAJAMARCA,CUTERVO,1,0,0,0,0.0,0.0
2019,6,CAJAMARCA,CUTERVO,0,0,0,0,0.0,0.0
2019,7,CAJAMARCA,CUTERVO,0,0,0,0,0.0,0.0
2019,8,CAJAMARCA,CUTERVO,0,0,0,0,0.0,0.0
2019,9,CAJAMARCA,CUTERVO,0,0,0,0,0.0,0.0
2019,10,CAJAMARCA,CUTERVO,0,0,0,0,0.0,0.0
2019,11,CAJAMARCA,CUTERVO,1,0,7,7,0.0,0.0
2019,12,CAJAMARCA,CUTERVO,1,5,0,5,0.0,0.0
2020,1,CAJAMARCA,CUTERVO,1,14,0,14,0.0,0.0
2020,2,CAJAMARCA,CUTERVO,2,51,10,61,0.0,0.0
2020,3,CAJAMARCA,CUTERVO,0,0,0,0,0.0,0.0
2020,4,CAJAMARCA,CUTERVO,0,0,0,0,0.0,0.0
2020,5,CAJAMARCA,CUTERVO,0,0,0,0,0.0,0.0
2020,6,CAJAMARCA,CUTERVO,0,0,0,0,0.0,0.0
2020,7,CAJAMARCA,CUTERVO,0,0,0,0,0.0,0.0
2020,8,CAJAMARCA,CUTERVO,0,0,0,0,0.0,0.0
2020,9,CAJAMARCA,CUTERVO,0,0,0,0,0.0,0.0
2020,10,CAJAMARCA,CUTERVO,0,0,0,0,0.0,0.0
2020,11,CAJAMARCA,CUTERVO,1,5,1,6,0.0,0.0
2020,12,CAJAMARCA,CUTERVO,0,0,0,0,0.0,0.0
2021,1,CAJAMARCA,CUTERVO,0,0,0,0,0.0,0.0
2021,2,CAJAMARCA,CUTERVO,0,0,0,0,0.0,0.0
2021,3,CAJAMARCA,CUTERVO,3,0,4,4,5.0,6.0
2021,4,CAJAMARCA,CUTERVO,0,0,0,0,0.0,0.0
2021,5,CAJAMARCA,CUTERVO,1,0,0,0,0.0,0.0
2021,6,CAJAMARCA,CUTERVO,2,3,21,24,10.0,26.0
2021,7,CAJAMARCA,CUTERVO,0,0,0,0,0.0,0.0
2021,8,CAJAMARCA,CUTERVO,0,0,0,0,0.0,0.0
2021,9,CAJAMARCA,CUTERVO,0,0,0,0,0.0,0.0
2021,10,CAJAMARCA,CUTERVO,0,0,0,0,0.0,0.0
2021,11,CAJAMARCA,CUTERVO,1,5,0,5,0.0,0.0
2021,12,CAJAMARCA,CUTERVO,0,0,0,0,0.0,0.0
2022,1,CAJAMARCA,CUTERVO,5,65,27,92,0.0,0.0
2022,2,CAJAMARCA,CUTERVO,0,0,0,0,0.0,0.0
2022,3,CAJAMARCA,CUTERVO,17,311,370,681,29.75,81.55
2022,4,CAJAMARCA,CUTERVO,2,12,41,53,0.9,0.2
2022,5,CAJAMARCA,CUTERVO,1,34,25,59,0.0,0.0
2022,6,CAJAMARCA,CUTERVO,0,0,0,0,0.0,0.0
2022,7,CAJAMARCA,CUTERVO,0,0,0,0,0.0,0.0
2022,8,CAJAMARCA,CUTERVO,0,0,0,0,0.0,0.0
2022,9,CAJAMARCA,CUTERVO,1,0,1,1,0.0,0.0
2022,10,CAJAMARCA,CUTERVO,2,0,2,2,0.0,0.0
2022,11,CAJAMARCA,CUTERVO,2,9,0,9,0.0,0.0
2022,12,CAJAMARCA,CUTERVO,0,0,0,0,0.0,0.0
2023,1,CAJAMARCA,CUTERVO,2,0,0,0,0.0,0.0
2023,2,CAJAMARCA,CUTERVO,3,3,3,6,0.0,0.0
2023,3,CAJAMARCA,CUTERVO,32,393,25,418,229.0,232.0
2023,4,CAJAMARCA,CUTERVO,22,58,195,253,0.0,1.0
2023,5,CAJAMARCA,CUTERVO,6,41,16,57,0.0,0.0
2023,6,CAJAMARCA,CUTERVO,4,15,11,26,0.0,0.0
2023,7,CAJAMARCA,CUTERVO,3,11,9,20,0.0,0.0
2023,8,CAJAMARCA,CUTERVO,6,11,8,19,0.0,2.5
2023,9,CAJAMARCA,CUTERVO,5,0,2,2,2.0,1.0
2023,10,CAJAMARCA,CUTERVO,4,19,5,24,0.0,0.0
2023,11,CAJAMARCA,CUTERVO,4,63,7,70,0.0,0.0
2023,12,CAJAMARCA,CUTERVO,1,0,2,2,0.0,0.0
2024,1,CAJAMARCA,CUTERVO,4,59,2,61,0.0,0.0
2024,2,CAJAMARCA,CUTERVO,11,62,20,82,0.5,0.5
2024,3,CAJAMARCA,CUTERVO,2,1,0,1,0.0,0.0
2024,4,CAJAMARCA,CUTERVO,9,15,3,18,7.3,8.0
2024,5,CAJAMARCA,CUTERVO,6,9,4,13,0.0,0.0
2024,6,CAJAMARCA,CUTERVO,3,0,0,0,0.0,0.0
2024,7,CAJAMARCA,CUTERVO,1,3,0,3,0.0,0.0
2024,8,CAJAMARCA,CUTERVO,0,0,0,0,0.0,0.0
2024,9,CAJAMARCA,CUTERVO,2,1,0,1,0.0,0.0
2024,10,CAJAMARCA,CUTERVO,2,240,0,240,0.0,0.0
2024,11,CAJAMARCA,CUTERVO,4,25,7,32,0.0,0.0
2024,12,CAJAMARCA,CUTERVO,0,0,0,0,0.0,0.0
2025,1,CAJAMARCA,CUTERVO,10,43,0,43,0.0,0.0
2025,2,CAJAMARCA,CUTERVO,19,119,7,126,99.0,0.0
2025,3,CAJAMARCA,CUTERVO,18,150,86,236,0.0,0.0
2025,4,CAJAMARCA,CUTERVO,16,46,175,221,0.0,0.0
2025,5,CAJAMARCA,CUTERVO,8,60,42,102,6.5,0.0
2025,6,CAJAMARCA,CUTERVO,2,0,1,1,0.0,0.0
2025,7,CAJAMARCA,CUTERVO,3,0,6,6,0.0,0.0
2025,8,CAJAMARCA,CUTERVO,0,0,0,0,0.0,0.0
2025,9,CAJAMARCA,CUTERVO,5,6,0,6,0.0,0.0
2025,10,CAJAMARCA,CUTERVO,13,42,6,48,0.0,0.0
2025,11,CAJAMARCA,CUTERVO,22,62,8,70,0.0,0.0
2025,12,CAJAMARCA,CUTERVO,6,8,21,29,0.0,0.0
2016,1,CAJAMARCA,JAEN,5,159,253,412,0.0,0.0
2016,2,CAJAMARCA,JAEN,0,0,0,0,0.0,0.0
2016,3,CAJAMARCA,JAEN,0,0,0,0,0.0,0.0
2016,4,CAJAMARCA,JAEN,0,0,0,0,0.0,0.0
2016,5,CAJAMARCA,JAEN,0,0,0,0,0.0,0.0
2016,6,CAJAMARCA,JAEN,0,0,0,0,0.0,0.0
2016,7,CAJAMARCA,JAEN,0,0,0,0,0.0,0.0
2016,8,CAJAMARCA,JAEN,0,0,0,0,0.0,0.0
2016,9,CAJAMARCA,JAEN,3,48,18,66,0.0,0.0
2016,10,CAJAMARCA,JAEN,9,58,46,104,0.0,0.0
2016,11,CAJAMARCA,JAEN,14,0,10,10,0.0,0.0
2016,12,CAJAMARCA,JAEN,0,0,0,0,0.0,0.0
2017,1,CAJAMARCA,JAEN,8,267,12,279,0.0,0.0
2017,2,CAJAMARCA,JAEN,10,0,130,130,0.0,70.0
2017,3,CAJAMARCA,JAEN,40,65,48,113,30.0,519.0
2017,4,CAJAMARCA,JAEN,11,6,25,31,0.0,763.0
2017,5,CAJAMARCA,JAEN,5,0,0,0,2.0,92.0
2017,6,CAJAMARCA,JAEN,6,0,0,0,0.0,23.0
2017,7,CAJAMARCA,JAEN,0,0,0,0,0.0,0.0
2017,8,CAJAMARCA,JAEN,0,0,0,0,0.0,0.0
2017,9,CAJAMARCA,JAEN,2,0,0,0,5.0,0.0
2017,10,CAJAMARCA,JAEN,1,0,0,0,0.0,0.0
2017,11,CAJAMARCA,JAEN,0,0,0,0,0.0,0.0
2017,12,CAJAMARCA,JAEN,1,0,0,0,0.0,0.0
2018,1,CAJAMARCA,JAEN,0,0,0,0,0.0,0.0
2018,2,CAJAMARCA,JAEN,2,0,0,0,0.0,0.0
2018,3,CAJAMARCA,JAEN,0,0,0,0,0.0,0.0
2018,4,CAJAMARCA,JAEN,0,0,0,0,0.0,0.0
2018,5,CAJAMARCA,JAEN,2,0,0,0,0.0,0.0
2018,6,CAJAMARCA,JAEN,0,0,0,0,0.0,0.0
2018,7,CAJAMARCA,JAEN,0,0,0,0,0.0,0.0
2018,8,CAJAMARCA,JAEN,0,0,0,0,0.0,0.0
2018,9,CAJAMARCA,JAEN,0,0,0,0,0.0,0.0
2018,10,CAJAMARCA,JAEN,0,0,0,0,0.0,0.0
2018,11,CAJAMARCA,JAEN,2,28,44,72,0.0,0.0
2018,12,CAJAMARCA,JAEN,0,0,0,0,0.0,0.0
2019,1,CAJAMARCA,JAEN,0,0,0,0,0.0,0.0
2019,2,CAJAMARCA,JAEN,4,16,2,18,0.0,0.0
2019,3,CAJAMARCA,JAEN,0,0,0,0,0.0,0.0
2019,4,CAJAMARCA,JAEN,1,14,14,28,0.0,0.0
2019,5,CAJAMARCA,JAEN,0,0,0,0,0.0,0.0
2019,6,CAJAMARCA,JAEN,0,0,0,0,0.0,0.0
2019,7,CAJAMARCA,JAEN,1,7,0,7,0.0,62.0
2019,8,CAJAMARCA,JAEN,0,0,0,0,0.0,0.0
2019,9,CAJAMARCA,JAEN,2,8,0,8,0.0,0.0
2019,10,CAJAMARCA,JAEN,0,0,0,0,0.0,0.0
2019,11,CAJAMARCA,JAEN,0,0,0,0,0.0,0.0
2019,12,CAJAMARCA,JAEN,2,11,0,11,0.0,0.0
2020,1,CAJAMARCA,JAEN,0,0,0,0,0.0,0.0
2020,2,CAJAMARCA,JAEN,0,0,0,0,0.0,0.0
2020,3,CAJAMARCA,JAEN,0,0,0,0,0.0,0.0
2020,4,CAJAMARCA,JAEN,3,6,0,6,0.0,0.0
2020,5,CAJAMARCA,JAEN,2,31,0,31,8.0,8.0
2020,6,CAJAMARCA,JAEN,0,0,0,0,0.0,0.0
2020,7,CAJAMARCA,JAEN,0,0,0,0,0.0,0.0
2020,8,CAJAMARCA,JAEN,1,8,0,8,8.0,8.0
2020,9,CAJAMARCA,JAEN,1,77,9,86,4.79,4.79
2020,10,CAJAMARCA,JAEN,1,0,6,6,0.0,0.0
2020,11,CAJAMARCA,JAEN,4,20,1,21,18.2,18.0
2020,12,CAJAMARCA,JAEN,2,58,36,94,46.0,46.0
2021,1,CAJAMARCA,JAEN,2,1,0,1,0.0,0.0
2021,2,CAJAMARCA,JAEN,1,0,6,6,0.0,0.0
2021,3,CAJAMARCA,JAEN,24,244,14,258,35.1,11.1
2021,4,CAJAMARCA,JAEN,7,5,5,10,0.0,0.0
2021,5,CAJAMARCA,JAEN,6,17,4,21,2.0,2.0
2021,6,CAJAMARCA,JAEN,4,3,1,4,0.0,0.0
2021,7,CAJAMARCA,JAEN,4,3,2,5,0.0,0.0
2021,8,CAJAMARCA,JAEN,2,7,0,7,0.0,0.0
2021,9,CAJAMARCA,JAEN,3,17,0,17,0.0,0.0
2021,10,CAJAMARCA,JAEN,5,19,8,27,5.0,29.75
2021,11,CAJAMARCA,JAEN,3,21,51,72,0.5,0.5
2021,12,CAJAMARCA,JAEN,0,0,0,0,0.0,0.0
2022,1,CAJAMARCA,JAEN,1,55,0,55,0.0,0.0
2022,2,CAJAMARCA,JAEN,0,0,0,0,0.0,0.0
2022,3,CAJAMARCA,JAEN,23,42,99,141,84.5,84.0
2022,4,CAJAMARCA,JAEN,5,6,32,38,0.0,0.0
2022,5,CAJAMARCA,JAEN,6,7,174,181,3.5,4.0
2022,6,CAJAMARCA,JAEN,2,0,9,9,0.5,0.5
2022,7,CAJAMARCA,JAEN,1,0,0,0,0.0,0.0
2022,8,CAJAMARCA,JAEN,1,0,0,0,1.0,0.0
2022,9,CAJAMARCA,JAEN,0,0,0,0,0.0,0.0
2022,10,CAJAMARCA,JAEN,0,0,0,0,0.0,0.0
2022,11,CAJAMARCA,JAEN,2,8,2,10,7.0,9.0
2022,12,CAJAMARCA,JAEN,0,0,0,0,0.0,0.0
2023,1,CAJAMARCA,JAEN,9,9,7,16,2.5,3.0
2023,2,CAJAMARCA,JAEN,16,226,5,231,9.64,10.66
2023,3,CAJAMARCA,JAEN,50,430,120,550,75.36,91.02
2023,4,CAJAMARCA,JAEN,20,78,40,118,0.5,0.5
2023,5,CAJAMARCA,JAEN,17,76,33,109,0.3,1.1
2023,6,CAJAMARCA,JAEN,7,64,3,67,0.0,0.0
2023,7,CAJAMARCA,JAEN,7,27,12,39,0.0,0.0
2023,8,CAJAMARCA,JAEN,6,17,3,20,0.0,0.0
2023,9,CAJAMARCA,JAEN,2,2,5,7,0.0,0.0
2023,10,CAJAMARCA,JAEN,9,148,13,161,2.98,8.12
2023,11,CAJAMARCA,JAEN,12,89,14,103,4.0,7.0
2023,12,CAJAMARCA,JAEN,3,7,28,35,0.0,0.0
2024,1,CAJAMARCA,JAEN,2,1,0,1,0.0,0.0
2024,2,CAJAMARCA,JAEN,8,21,0,21,0.2,0.5
2024,3,CAJAMARCA,JAEN,17,50,1,51,0.0,0.0
2024,4,CAJAMARCA,JAEN,14,55,28,83,0.0,0.0
2024,5,CAJAMARCA,JAEN,9,67,0,67,0.0,0.0
2024,6,CAJAMARCA,JAEN,8,12,1,13,0.0,0.0
2024,7,CAJAMARCA,JAEN,1,0,0,0,0.0,0.0
2024,8,CAJAMARCA,JAEN,3,173,5,178,0.0,0.0
2024,9,CAJAMARCA,JAEN,5,82,16,98,10.85,96.19
2024,10,CAJAMARCA,JAEN,10,163,18,181,155.5,4.0
2024,11,CAJAMARCA,JAEN,4,17,5,22,0.0,0.0
2024,12,CAJAMARCA,JAEN,2,0,0,0,0.0,0.0
2025,1,CAJAMARCA,JAEN,22,49,44,93,0.0,0.0
2025,2,CAJAMARCA,JAEN,27,307,67,374,480.42,0.0
2025,3,CAJAMARCA,JAEN,18,589,357,946,0.0,0.0
2025,4,CAJAMARCA,JAEN,24,166,67,233,0.0,0.0
2025,5,CAJAMARCA,JAEN,10,5,1,6,0.0,0.0
2025,6,CAJAMARCA,JAEN,4,12,0,12,0.0,0.0
2025,7,CAJAMARCA,JAEN,1,3,0,3,0.0,0.0
2025,8,CAJAMARCA,JAEN,0,0,0,0,0.0,0.0
2025,9,CAJAMARCA,JAEN,4,10,3,13,0.0,0.0
2025,10,CAJAMARCA,JAEN,5,5,30,35,0.0,0.0
2025,11,CAJAMARCA,JAEN,14,36,13,49,0.0,0.0
2025,12,CAJAMARCA,JAEN,1,0,0,0,0.0,0.0
2016,1,CAJAMARCA,SAN IGNACIO,5,78,0,78,0.0,0.0
2016,2,CAJAMARCA,SAN IGNACIO,3,200,35,235,0.0,4.0
2016,3,CAJAMARCA,SAN IGNACIO,2,17,11,28,0.0,0.0
2016,4,CAJAMARCA,SAN IGNACIO,0,0,0,0,0.0,0.0
2016,5,CAJAMARCA,SAN IGNACIO,0,0,0,0,0.0,0.0
2016,6,CAJAMARCA,SAN IGNACIO,0,0,0,0,0.0,0.0
2016,7,CAJAMARCA,SAN IGNACIO,0,0,0,0,0.0,0.0
2016,8,CAJAMARCA,SAN IGNACIO,2,342,0,342,0.0,0.0
2016,9,CAJAMARCA,SAN IGNACIO,2,161,35,196,0.0,0.0
2016,10,CAJAMARCA,SAN IGNACIO,0,0,0,0,0.0,0.0
2016,11,CAJAMARCA,SAN IGNACIO,0,0,0,0,0.0,0.0
2016,12,CAJAMARCA,SAN IGNACIO,0,0,0,0,0.0,0.0
2017,1,CAJAMARCA,SAN IGNACIO,1,0,0,0,0.0,0.0
2017,2,CAJAMARCA,SAN IGNACIO,1,0,0,0,0.0,0.0
2017,3,CAJAMARCA,SAN IGNACIO,9,139,35,174,1.0,6.0
2017,4,CAJAMARCA,SAN IGNACIO,4,8,0,8,0.0,0.0
2017,5,CAJAMARCA,SAN IGNACIO,3,90,0,90,0.0,0.0
2017,6,CAJAMARCA,SAN IGNACIO,1,0,0,0,0.0,0.0
2017,7,CAJAMARCA,SAN IGNACIO,0,0,0,0,0.0,0.0
2017,8,CAJAMARCA,SAN IGNACIO,0,0,0,0,0.0,0.0
2017,9,CAJAMARCA,SAN IGNACIO,3,0,0,0,0.0,0.0
2017,10,CAJAMARCA,SAN IGNACIO,0,0,0,0,0.0,0.0
2017,11,CAJAMARCA,SAN IGNACIO,5,70,4,74,0.0,0.0
2017,12,CAJAMARCA,SAN IGNACIO,2,0,6,6,0.0,0.0
2018,1,CAJAMARCA,SAN IGNACIO,1,3,0,3,0.0,0.0
2018,2,CAJAMARCA,SAN IGNACIO,3,0,0,0,0.0,0.0
2018,3,CAJAMARCA,SAN IGNACIO,1,50,0,50,0.0,0.0
2018,4,CAJAMARCA,SAN IGNACIO,3,0,0,0,0.0,1.0
2018,5,CAJAMARCA,SAN IGNACIO,0,0,0,0,0.0,0.0
2018,6,CAJAMARCA,SAN IGNACIO,2,21,0,21,0.0,0.0
2018,7,CAJAMARCA,SAN IGNACIO,0,0,0,0,0.0,0.0
2018,8,CAJAMARCA,SAN IGNACIO,2,723,0,723,0.0,0.0
2018,9,CAJAMARCA,SAN IGNACIO,0,0,0,0,0.0,0.0
2018,10,CAJAMARCA,SAN IGNACIO,0,0,0,0,0.0,0.0
2018,11,CAJAMARCA,SAN IGNACIO,2,0,0,0,0.0,0.0
2018,12,CAJAMARCA,SAN IGNACIO,5,0,8,8,0.0,0.0
2019,1,CAJAMARCA,SAN IGNACIO,0,0,0,0,0.0,0.0
2019,2,CAJAMARCA,SAN IGNACIO,4,0,0,0,0.0,0.0
2019,3,CAJAMARCA,SAN IGNACIO,1,1,1,2,0.0,0.0
2019,4,CAJAMARCA,SAN IGNACIO,3,0,0,0,21.3,6.3
2019,5,CAJAMARCA,SAN IGNACIO,1,0,0,0,0.0,0.0
2019,6,CAJAMARCA,SAN IGNACIO,0,0,0,0,0.0,0.0
2019,7,CAJAMARCA,SAN IGNACIO,0,0,0,0,0.0,0.0
2019,8,CAJAMARCA,SAN IGNACIO,0,0,0,0,0.0,0.0
2019,9,CAJAMARCA,SAN IGNACIO,2,0,3,3,0.0,0.0
2019,10,CAJAMARCA,SAN IGNACIO,1,0,0,0,5.0,1.0
2019,11,CAJAMARCA,SAN IGNACIO,0,0,0,0,0.0,0.0
2019,12,CAJAMARCA,SAN IGNACIO,3,45,34,79,0.0,0.0
2020,1,CAJAMARCA,SAN IGNACIO,4,10,20,30,0.0,0.0
2020,2,CAJAMARCA,SAN IGNACIO,2,0,0,0,0.0,0.0
2020,3,CAJAMARCA,SAN IGNACIO,1,5,9,14,0.0,0.0
2020,4,CAJAMARCA,SAN IGNACIO,0,0,0,0,0.0,0.0
2020,5,CAJAMARCA,SAN IGNACIO,1,0,0,0,0.0,0.0
2020,6,CAJAMARCA,SAN IGNACIO,1,0,0,0,4.0,4.0
2020,7,CAJAMARCA,SAN IGNACIO,0,0,0,0,0.0,0.0
2020,8,CAJAMARCA,SAN IGNACIO,0,0,0,0,0.0,0.0
2020,9,CAJAMARCA,SAN IGNACIO,2,5,118,123,0.0,0.0
2020,10,CAJAMARCA,SAN IGNACIO,3,1,5,6,0.0,0.0
2020,11,CAJAMARCA,SAN IGNACIO,3,63,26,89,0.0,23.0
2020,12,CAJAMARCA,SAN IGNACIO,6,16,20,36,0.0,0.0
2021,1,CAJAMARCA,SAN IGNACIO,15,145,33,178,1.6,682.1
2021,2,CAJAMARCA,SAN IGNACIO,6,0,44,44,0.0,0.0
2021,3,CAJAMARCA,SAN IGNACIO,21,190,86,276,0.0,0.0
2021,4,CAJAMARCA,SAN IGNACIO,7,29,4,33,0.0,0.0
2021,5,CAJAMARCA,SAN IGNACIO,3,2,2,4,0.0,0.0
2021,6,CAJAMARCA,SAN IGNACIO,2,0,3,3,0.0,0.0
2021,7,CAJAMARCA,SAN IGNACIO,3,0,65,65,0.0,0.0
2021,8,CAJAMARCA,SAN IGNACIO,1,8,0,8,0.0,0.0
2021,9,CAJAMARCA,SAN IGNACIO,6,161,17,178,0.0,0.0
2021,10,CAJAMARCA,SAN IGNACIO,4,28,8,36,7.5,7.3
2021,11,CAJAMARCA,SAN IGNACIO,10,97,41,138,0.0,0.0
2021,12,CAJAMARCA,SAN IGNACIO,3,26,0,26,0.0,0.0
2022,1,CAJAMARCA,SAN IGNACIO,3,5,2,7,0.0,0.0
2022,2,CAJAMARCA,SAN IGNACIO,3,7,3,10,0.0,0.0
2022,3,CAJAMARCA,SAN IGNACIO,18,117,154,271,153.0,0.0
2022,4,CAJAMARCA,SAN IGNACIO,9,30,51,81,0.0,0.0
2022,5,CAJAMARCA,SAN IGNACIO,5,17,229,246,0.0,0.0
2022,6,CAJAMARCA,SAN IGNACIO,5,96,7,103,0.0,1.0
2022,7,CAJAMARCA,SAN IGNACIO,10,95,22,117,1.5,5.0
2022,8,CAJAMARCA,SAN IGNACIO,3,17,5,22,0.0,0.0
2022,9,CAJAMARCA,SAN IGNACIO,4,12,2,14,2.0,2.0
2022,10,CAJAMARCA,SAN IGNACIO,7,138,1581,1719,6.0,16.0
2022,11,CAJAMARCA,SAN IGNACIO,3,78,141,219,0.0,0.0
2022,12,CAJAMARCA,SAN IGNACIO,1,21,0,21,0.0,0.0
2023,1,CAJAMARCA,SAN IGNACIO,2,7,0,7,0.0,0.0
2023,2,CAJAMARCA,SAN IGNACIO,7,17,16,33,0.0,0.0
2023,3,CAJAMARCA,SAN IGNACIO,13,44,16,60,2.8,2.8
2023,4,CAJAMARCA,SAN IGNACIO,10,114,29,143,87.0,93.5
2023,5,CAJAMARCA,SAN IGNACIO,7,75,71,146,0.0,0.0
2023,6,CAJAMARCA,SAN IGNACIO,4,9,65,74,0.0,0.0
2023,7,CAJAMARCA,SAN IGNACIO,6,65,62,127,0.0,0.0
2023,8,CAJAMARCA,SAN IGNACIO,7,45,3,48,3.0,3.0
2023,9,CAJAMARCA,SAN IGNACIO,9,161,12,173,0.0,6.0
2023,10,CAJAMARCA,SAN IGNACIO,12,73,4,77,0.0,0.0
2023,11,CAJAMARCA,SAN IGNACIO,12,55,273,328,0.0,0.0
2023,12,CAJAMARCA,SAN IGNACIO,12,46,51,97,0.0,0.0
2024,1,CAJAMARCA,SAN IGNACIO,3,9,1,10,0.5,0.5
2024,2,CAJAMARCA,SAN IGNACIO,13,205,11,216,1.0,9.0
2024,3,CAJAMARCA,SAN IGNACIO,17,77,282,359,0.0,0.0
2024,4,CAJAMARCA,SAN IGNACIO,13,159,97,256,0.0,0.0
2024,5,CAJAMARCA,SAN IGNACIO,7,82,3,85,0.0,0.0
2024,6,CAJAMARCA,SAN IGNACIO,14,26,10,36,0.0,0.0
2024,7,CAJAMARCA,SAN IGNACIO,6,42,0,42,0.0,0.0
2024,8,CAJAMARCA,SAN IGNACIO,11,63,0,63,0.0,0.0
2024,9,CAJAMARCA,SAN IGNACIO,17,153,29,182,0.0,0.0
2024,10,CAJAMARCA,SAN IGNACIO,23,304,189,493,0.0,0.0
2024,11,CAJAMARCA,SAN IGNACIO,10,181,47,228,19.5,20.0
2024,12,CAJAMARCA,SAN IGNACIO,5,20,6,26,0.0,0.0
2025,1,CAJAMARCA,SAN IGNACIO,41,56,67,123,0.0,0.0
2025,2,CAJAMARCA,SAN IGNACIO,33,248,250,498,0.0,0.0
2025,3,CAJAMARCA,SAN IGNACIO,24,265,27,292,0.0,0.0
2025,4,CAJAMARCA,SAN IGNACIO,18,57,52,109,0.0,0.0
2025,5,CAJAMARCA,SAN IGNACIO,3,11,6,17,0.0,0.0
2025,6,CAJAMARCA,SAN IGNACIO,8,82,113,195,0.0,0.0
2025,7,CAJAMARCA,SAN IGNACIO,7,61,15,76,0.0,2.7
2025,8,CAJAMARCA,SAN IGNACIO,9,99,4,103,0.0,0.0
2025,9,CAJAMARCA,SAN IGNACIO,10,31,3,34,0.0,0.0
2025,10,CAJAMARCA,SAN IGNACIO,4,3,0,3,0.0,0.0
2025,11,CAJAMARCA,SAN IGNACIO,12,50,28,78,0.0,0.0
2025,12,CAJAMARCA,SAN IGNACIO,5,35,41,76,0.0,0.0
2016,1,CAJAMARCA,SAN MARCOS,0,0,0,0,0.0,0.0
2016,2,CAJAMARCA,SAN MARCOS,3,133,12,145,0.0,0.0
2016,3,CAJAMARCA,SAN MARCOS,1,122,0,122,0.0,0.0
2016,4,CAJAMARCA,SAN MARCOS,0,0,0,0,0.0,0.0
2016,5,CAJAMARCA,SAN MARCOS,0,0,0,0,0.0,0.0
2016,6,CAJAMARCA,SAN MARCOS,0,0,0,0,0.0,0.0
2016,7,CAJAMARCA,SAN MARCOS,0,0,0,0,0.0,0.0
2016,8,CAJAMARCA,SAN MARCOS,3,0,19,19,0.0,0.0
2016,9,CAJAMARCA,SAN MARCOS,1,0,0,0,0.0,0.0
2016,10,CAJAMARCA,SAN MARCOS,0,0,0,0,0.0,0.0
2016,11,CAJAMARCA,SAN MARCOS,0,0,0,0,0.0,0.0
2016,12,CAJAMARCA,SAN MARCOS,1,9,0,9,0.0,0.0
2017,1,CAJAMARCA,SAN MARCOS,0,0,0,0,0.0,0.0
2017,2,CAJAMARCA,SAN MARCOS,5,37,0,37,0.0,0.0
2017,3,CAJAMARCA,SAN MARCOS,11,4,0,4,0.0,1.0
2017,4,CAJAMARCA,SAN MARCOS,3,3,0,3,0.0,0.0
2017,5,CAJAMARCA,SAN MARCOS,3,0,0,0,0.0,0.0
2017,6,CAJAMARCA,SAN MARCOS,1,0,0,0,0.0,0.0
2017,7,CAJAMARCA,SAN MARCOS,0,0,0,0,0.0,0.0
2017,8,CAJAMARCA,SAN MARCOS,0,0,0,0,0.0,0.0
2017,9,CAJAMARCA,SAN MARCOS,1,0,0,0,1.0,0.0
2017,10,CAJAMARCA,SAN MARCOS,0,0,0,0,0.0,0.0
2017,11,CAJAMARCA,SAN MARCOS,2,19,0,19,0.0,0.0
2017,12,CAJAMARCA,SAN MARCOS,2,101,20,121,50.0,30.0
2018,1,CAJAMARCA,SAN MARCOS,1,0,5,5,0.0,0.0
2018,2,CAJAMARCA,SAN MARCOS,2,0,0,0,0.0,0.0
2018,3,CAJAMARCA,SAN MARCOS,1,21,0,21,0.0,0.0
2018,4,CAJAMARCA,SAN MARCOS,4,6,12,18,2.0,21.0
2018,5,CAJAMARCA,SAN MARCOS,4,3,7,10,0.0,0.0
2018,6,CAJAMARCA,SAN MARCOS,1,178,0,178,0.0,0.0
2018,7,CAJAMARCA,SAN MARCOS,0,0,0,0,0.0,0.0
2018,8,CAJAMARCA,SAN MARCOS,1,2181,0,2181,0.0,0.0
2018,9,CAJAMARCA,SAN MARCOS,0,0,0,0,0.0,0.0
2018,10,CAJAMARCA,SAN MARCOS,1,0,0,0,0.0,0.0
2018,11,CAJAMARCA,SAN MARCOS,3,2,2,4,0.0,6.0
2018,12,CAJAMARCA,SAN MARCOS,0,0,0,0,0.0,0.0
2019,1,CAJAMARCA,SAN MARCOS,0,0,0,0,0.0,0.0
2019,2,CAJAMARCA,SAN MARCOS,4,0,0,0,0.0,0.0
2019,3,CAJAMARCA,SAN MARCOS,13,138,45,183,0.0,0.0
2019,4,CAJAMARCA,SAN MARCOS,2,0,4,4,0.0,0.0
2019,5,CAJAMARCA,SAN MARCOS,1,4,0,4,0.0,0.0
2019,6,CAJAMARCA,SAN MARCOS,0,0,0,0,0.0,0.0
2019,7,CAJAMARCA,SAN MARCOS,1,8,0,8,0.0,0.0
2019,8,CAJAMARCA,SAN MARCOS,2,0,11,11,0.0,0.0
2019,9,CAJAMARCA,SAN MARCOS,0,0,0,0,0.0,0.0
2019,10,CAJAMARCA,SAN MARCOS,0,0,0,0,0.0,0.0
2019,11,CAJAMARCA,SAN MARCOS,0,0,0,0,0.0,0.0
2019,12,CAJAMARCA,SAN MARCOS,0,0,0,0,0.0,0.0
2020,1,CAJAMARCA,SAN MARCOS,0,0,0,0,0.0,0.0
2020,2,CAJAMARCA,SAN MARCOS,0,0,0,0,0.0,0.0
2020,3,CAJAMARCA,SAN MARCOS,0,0,0,0,0.0,0.0
2020,4,CAJAMARCA,SAN MARCOS,0,0,0,0,0.0,0.0
2020,5,CAJAMARCA,SAN MARCOS,0,0,0,0,0.0,0.0
2020,6,CAJAMARCA,SAN MARCOS,0,0,0,0,0.0,0.0
2020,7,CAJAMARCA,SAN MARCOS,0,0,0,0,0.0,0.0
2020,8,CAJAMARCA,SAN MARCOS,0,0,0,0,0.0,0.0
2020,9,CAJAMARCA,SAN MARCOS,3,0,3,3,0.0,0.0
2020,10,CAJAMARCA,SAN MARCOS,4,4,7,11,1.0,1.0
2020,11,CAJAMARCA,SAN MARCOS,3,3,9,12,0.0,0.0
2020,12,CAJAMARCA,SAN MARCOS,2,3,0,3,0.0,0.0
2021,1,CAJAMARCA,SAN MARCOS,0,0,0,0,0.0,0.0
2021,2,CAJAMARCA,SAN MARCOS,0,0,0,0,0.0,0.0
2021,3,CAJAMARCA,SAN MARCOS,11,9,18,27,9.25,10.6
2021,4,CAJAMARCA,SAN MARCOS,0,0,0,0,0.0,0.0
2021,5,CAJAMARCA,SAN MARCOS,0,0,0,0,0.0,0.0
2021,6,CAJAMARCA,SAN MARCOS,0,0,0,0,0.0,0.0
2021,7,CAJAMARCA,SAN MARCOS,0,0,0,0,0.0,0.0
2021,8,CAJAMARCA,SAN MARCOS,2,2,14,16,0.0,0.0
2021,9,CAJAMARCA,SAN MARCOS,4,10,0,10,0.0,0.0
2021,10,CAJAMARCA,SAN MARCOS,0,0,0,0,0.0,0.0
2021,11,CAJAMARCA,SAN MARCOS,3,8,3,11,0.0,0.0
2021,12,CAJAMARCA,SAN MARCOS,2,82,61,143,600.0,1000.0
2022,1,CAJAMARCA,SAN MARCOS,3,0,25,25,0.0,0.0
2022,2,CAJAMARCA,SAN MARCOS,1,1,1,2,0.0,0.0
2022,3,CAJAMARCA,SAN MARCOS,15,321,51,372,0.8,5.8
2022,4,CAJAMARCA,SAN MARCOS,0,0,0,0,0.0,0.0
2022,5,CAJAMARCA,SAN MARCOS,0,0,0,0,0.0,0.0
2022,6,CAJAMARCA,SAN MARCOS,0,0,0,0,0.0,0.0
2022,7,CAJAMARCA,SAN MARCOS,0,0,0,0,0.0,0.0
2022,8,CAJAMARCA,SAN MARCOS,0,0,0,0,0.0,0.0
2022,9,CAJAMARCA,SAN MARCOS,0,0,0,0,0.0,0.0
2022,10,CAJAMARCA,SAN MARCOS,1,4,0,4,0.0,0.0
2022,11,CAJAMARCA,SAN MARCOS,0,0,0,0,0.0,0.0
2022,12,CAJAMARCA,SAN MARCOS,0,0,0,0,0.0,0.0
2023,1,CAJAMARCA,SAN MARCOS,0,0,0,0,0.0,0.0
2023,2,CAJAMARCA,SAN MARCOS,10,26,65,91,0.0,0.0
2023,3,CAJAMARCA,SAN MARCOS,29,154,77,231,5.6,10.1
2023,4,CAJAMARCA,SAN MARCOS,9,0,9,9,0.0,0.0
2023,5,CAJAMARCA,SAN MARCOS,5,28,1,29,0.0,0.0
2023,6,CAJAMARCA,SAN MARCOS,2,0,7,7,0.0,0.0
2023,7,CAJAMARCA,SAN MARCOS,0,0,0,0,0.0,0.0
2023,8,CAJAMARCA,SAN MARCOS,2,51,0,51,0.0,0.0
2023,9,CAJAMARCA,SAN MARCOS,1,0,1,1,0.0,0.0
2023,10,CAJAMARCA,SAN MARCOS,2,2,0,2,0.5,5.4
2023,11,CAJAMARCA,SAN MARCOS,2,84,0,84,0.0,80.1
2023,12,CAJAMARCA,SAN MARCOS,2,70,10,80,0.0,5.9
2024,1,CAJAMARCA,SAN MARCOS,2,59,28,87,0.0,0.0
2024,2,CAJAMARCA,SAN MARCOS,5,26,4,30,0.0,0.0
2024,3,CAJAMARCA,SAN MARCOS,8,7,2,9,0.0,0.0
2024,4,CAJAMARCA,SAN MARCOS,7,114,3,117,1.0,1.0
2024,5,CAJAMARCA,SAN MARCOS,11,0,99,99,0.0,0.0
2024,6,CAJAMARCA,SAN MARCOS,7,3,12,15,0.0,0.0
2024,7,CAJAMARCA,SAN MARCOS,1,0,0,0,0.0,0.0
2024,8,CAJAMARCA,SAN MARCOS,2,67,0,67,0.0,0.0
2024,9,CAJAMARCA,SAN MARCOS,1,0,0,0,0.0,0.0
2024,10,CAJAMARCA,SAN MARCOS,4,32,19,51,0.0,0.0
2024,11,CAJAMARCA,SAN MARCOS,4,0,0,0,0.0,0.0
2024,12,CAJAMARCA,SAN MARCOS,9,5,0,5,0.0,0.0
2025,1,CAJAMARCA,SAN MARCOS,18,134,51,185,19.2,11.7
2025,2,CAJAMARCA,SAN MARCOS,13,43,12,55,0.0,0.0
2025,3,CAJAMARCA,SAN MARCOS,13,391,107,498,22.02,98.9
2025,4,CAJAMARCA,SAN MARCOS,11,12,37,49,0.0,2.75
2025,5,CAJAMARCA,SAN MARCOS,5,0,2,2,0.0,0.0
2025,6,CAJAMARCA,SAN MARCOS,3,0,0,0,0.0,0.0
2025,7,CAJAMARCA,SAN MARCOS,0,0,0,0,0.0,0.0
2025,8,CAJAMARCA,SAN MARCOS,2,0,0,0,0.0,0.0
2025,9,CAJAMARCA,SAN MARCOS,1,3,0,3,0.0,0.0
2025,10,CAJAMARCA,SAN MARCOS,5,315,0,315,0.0,25.25
2025,11,CAJAMARCA,SAN MARCOS,7,91,6,97,0.0,0.0
2025,12,CAJAMARCA,SAN MARCOS,3,11,0,11,0.0,0.0
2016,1,CAJAMARCA,SAN MIGUEL,0,0,0,0,0.0,0.0
2016,2,CAJAMARCA,SAN MIGUEL,0,0,0,0,0.0,0.0
2016,3,CAJAMARCA,SAN MIGUEL,0,0,0,0,0.0,0.0
2016,4,CAJAMARCA,SAN MIGUEL,0,0,0,0,0.0,0.0
2016,5,CAJAMARCA,SAN MIGUEL,0,0,0,0,0.0,0.0
2016,6,CAJAMARCA,SAN MIGUEL,0,0,0,0,0.0,0.0
2016,7,CAJAMARCA,SAN MIGUEL,0,0,0,0,0.0,0.0
2016,8,CAJAMARCA,SAN MIGUEL,0,0,0,0,0.0,0.0
2016,9,CAJAMARCA,SAN MIGUEL,0,0,0,0,0.0,0.0
2016,10,CAJAMARCA,SAN MIGUEL,0,0,0,0,0.0,0.0
2016,11,CAJAMARCA,SAN MIGUEL,0,0,0,0,0.0,0.0
2016,12,CAJAMARCA,SAN MIGUEL,0,0,0,0,0.0,0.0
2017,1,CAJAMARCA,SAN MIGUEL,0,0,0,0,0.0,0.0
2017,2,CAJAMARCA,SAN MIGUEL,8,59,180,239,0.0,10.0
2017,3,CAJAMARCA,SAN MIGUEL,17,1752,68,1820,27.0,1052.0
2017,4,CAJAMARCA,SAN MIGUEL,3,0,0,0,0.0,0.0
2017,5,CAJAMARCA,SAN MIGUEL,0,0,0,0,0.0,0.0
2017,6,CAJAMARCA,SAN MIGUEL,0,0,0,0,0.0,0.0
2017,7,CAJAMARCA,SAN MIGUEL,0,0,0,0,0.0,0.0
2017,8,CAJAMARCA,SAN MIGUEL,0,0,0,0,0.0,0.0
2017,9,CAJAMARCA,SAN MIGUEL,0,0,0,0,0.0,0.0
2017,10,CAJAMARCA,SAN MIGUEL,0,0,0,0,0.0,0.0
2017,11,CAJAMARCA,SAN MIGUEL,0,0,0,0,0.0,0.0
2017,12,CAJAMARCA,SAN MIGUEL,1,20,0,20,0.0,0.0
2018,1,CAJAMARCA,SAN MIGUEL,0,0,0,0,0.0,0.0
2018,2,CAJAMARCA,SAN MIGUEL,0,0,0,0,0.0,0.0
2018,3,CAJAMARCA,SAN MIGUEL,0,0,0,0,0.0,0.0
2018,4,CAJAMARCA,SAN MIGUEL,1,41,0,41,0.0,0.0
2018,5,CAJAMARCA,SAN MIGUEL,1,0,0,0,0.0,0.0
2018,6,CAJAMARCA,SAN MIGUEL,0,0,0,0,0.0,0.0
2018,7,CAJAMARCA,SAN MIGUEL,2,161,0,161,0.0,0.0
2018,8,CAJAMARCA,SAN MIGUEL,8,487,0,487,0.0,0.0
2018,9,CAJAMARCA,SAN MIGUEL,0,0,0,0,0.0,0.0
2018,10,CAJAMARCA,SAN MIGUEL,0,0,0,0,0.0,0.0
2018,11,CAJAMARCA,SAN MIGUEL,1,0,0,0,0.0,0.0
2018,12,CAJAMARCA,SAN MIGUEL,0,0,0,0,0.0,0.0
2019,1,CAJAMARCA,SAN MIGUEL,0,0,0,0,0.0,0.0
2019,2,CAJAMARCA,SAN MIGUEL,2,0,3,3,0.0,0.0
2019,3,CAJAMARCA,SAN MIGUEL,3,0,0,0,0.0,1.0
2019,4,CAJAMARCA,SAN MIGUEL,0,0,0,0,0.0,0.0
2019,5,CAJAMARCA,SAN MIGUEL,0,0,0,0,0.0,0.0
2019,6,CAJAMARCA,SAN MIGUEL,0,0,0,0,0.0,0.0
2019,7,CAJAMARCA,SAN MIGUEL,0,0,0,0,0.0,0.0
2019,8,CAJAMARCA,SAN MIGUEL,0,0,0,0,0.0,0.0
2019,9,CAJAMARCA,SAN MIGUEL,0,0,0,0,0.0,0.0
2019,10,CAJAMARCA,SAN MIGUEL,0,0,0,0,0.0,0.0
2019,11,CAJAMARCA,SAN MIGUEL,0,0,0,0,0.0,0.0
2019,12,CAJAMARCA,SAN MIGUEL,0,0,0,0,0.0,0.0
2020,1,CAJAMARCA,SAN MIGUEL,0,0,0,0,0.0,0.0
2020,2,CAJAMARCA,SAN MIGUEL,0,0,0,0,0.0,0.0
2020,3,CAJAMARCA,SAN MIGUEL,0,0,0,0,0.0,0.0
2020,4,CAJAMARCA,SAN MIGUEL,0,0,0,0,0.0,0.0
2020,5,CAJAMARCA,SAN MIGUEL,0,0,0,0,0.0,0.0
2020,6,CAJAMARCA,SAN MIGUEL,0,0,0,0,0.0,0.0
2020,7,CAJAMARCA,SAN MIGUEL,0,0,0,0,0.0,0.0
2020,8,CAJAMARCA,SAN MIGUEL,0,0,0,0,0.0,0.0
2020,9,CAJAMARCA,SAN MIGUEL,0,0,0,0,0.0,0.0
2020,10,CAJAMARCA,SAN MIGUEL,0,0,0,0,0.0,0.0
2020,11,CAJAMARCA,SAN MIGUEL,0,0,0,0,0.0,0.0
2020,12,CAJAMARCA,SAN MIGUEL,0,0,0,0,0.0,0.0
2021,1,CAJAMARCA,SAN MIGUEL,0,0,0,0,0.0,0.0
2021,2,CAJAMARCA,SAN MIGUEL,1,0,0,0,0.0,0.0
2021,3,CAJAMARCA,SAN MIGUEL,2,51,0,51,11.75,25.75
2021,4,CAJAMARCA,SAN MIGUEL,0,0,0,0,0.0,0.0
2021,5,CAJAMARCA,SAN MIGUEL,3,3,1,4,0.0,0.0
2021,6,CAJAMARCA,SAN MIGUEL,0,0,0,0,0.0,0.0
2021,7,CAJAMARCA,SAN MIGUEL,0,0,0,0,0.0,0.0
2021,8,CAJAMARCA,SAN MIGUEL,0,0,0,0,0.0,0.0
2021,9,CAJAMARCA,SAN MIGUEL,0,0,0,0,0.0,0.0
2021,10,CAJAMARCA,SAN MIGUEL,0,0,0,0,0.0,0.0
2021,11,CAJAMARCA,SAN MIGUEL,1,6,1,7,0.0,0.0
2021,12,CAJAMARCA,SAN MIGUEL,1,17,0,17,0.0,0.0
2022,1,CAJAMARCA,SAN MIGUEL,2,18,10,28,0.0,0.0
2022,2,CAJAMARCA,SAN MIGUEL,2,5,0,5,0.0,0.0
2022,3,CAJAMARCA,SAN MIGUEL,0,0,0,0,0.0,0.0
2022,4,CAJAMARCA,SAN MIGUEL,1,0,1,1,0.0,0.0
2022,5,CAJAMARCA,SAN MIGUEL,0,0,0,0,0.0,0.0
2022,6,CAJAMARCA,SAN MIGUEL,0,0,0,0,0.0,0.0
2022,7,CAJAMARCA,SAN MIGUEL,0,0,0,0,0.0,0.0
2022,8,CAJAMARCA,SAN MIGUEL,0,0,0,0,0.0,0.0
2022,9,CAJAMARCA,SAN MIGUEL,0,0,0,0,0.0,0.0
2022,10,CAJAMARCA,SAN MIGUEL,0,0,0,0,0.0,0.0
2022,11,CAJAMARCA,SAN MIGUEL,1,4,6,10,0.0,0.0
2022,12,CAJAMARCA,SAN MIGUEL,0,0,0,0,0.0,0.0
2023,1,CAJAMARCA,SAN MIGUEL,0,0,0,0,0.0,0.0
2023,2,CAJAMARCA,SAN MIGUEL,8,137,8,145,42.6,93.2
2023,3,CAJAMARCA,SAN MIGUEL,49,1483,524,2007,966.28,1706.59
2023,4,CAJAMARCA,SAN MIGUEL,27,193,33,226,404.6,522.2
2023,5,CAJAMARCA,SAN MIGUEL,43,57,18,75,0.0,0.0
2023,6,CAJAMARCA,SAN MIGUEL,4,0,42,42,0.0,0.0
2023,7,CAJAMARCA,SAN MIGUEL,6,48,128,176,0.0,0.0
2023,8,CAJAMARCA,SAN MIGUEL,1,8,0,8,0.0,0.0
2023,9,CAJAMARCA,SAN MIGUEL,1,0,2,2,0.0,0.0
2023,10,CAJAMARCA,SAN MIGUEL,4,0,9,9,0.0,0.0
2023,11,CAJAMARCA,SAN MIGUEL,3,58,8,66,0.75,2.0
2023,12,CAJAMARCA,SAN MIGUEL,2,1,0,1,0.0,0.0
2024,1,CAJAMARCA,SAN MIGUEL,2,3,2,5,0.0,0.0
2024,2,CAJAMARCA,SAN MIGUEL,8,92,27,119,0.0,0.0
2024,3,CAJAMARCA,SAN MIGUEL,12,14,8,22,0.0,0.0
2024,4,CAJAMARCA,SAN MIGUEL,7,16,6,22,0.0,0.0
2024,5,CAJAMARCA,SAN MIGUEL,2,0,0,0,0.0,0.0
2024,6,CAJAMARCA,SAN MIGUEL,2,0,0,0,0.0,0.0
2024,7,CAJAMARCA,SAN MIGUEL,0,0,0,0,0.0,0.0
2024,8,CAJAMARCA,SAN MIGUEL,0,0,0,0,0.0,0.0
2024,9,CAJAMARCA,SAN MIGUEL,2,0,2,2,0.0,0.0
2024,10,CAJAMARCA,SAN MIGUEL,3,54,0,54,176.5,0.0
2024,11,CAJAMARCA,SAN MIGUEL,2,0,0,0,0.0,0.0
2024,12,CAJAMARCA,SAN MIGUEL,4,0,6,6,0.0,0.0
2025,1,CAJAMARCA,SAN MIGUEL,10,0,0,0,0.0,0.0
2025,2,CAJAMARCA,SAN MIGUEL,15,57,20,77,0.0,0.0
2025,3,CAJAMARCA,SAN MIGUEL,19,447,75,522,0.0,0.0
2025,4,CAJAMARCA,SAN MIGUEL,16,33,104,137,0.0,0.0
2025,5,CAJAMARCA,SAN MIGUEL,13,2,53,55,0.0,0.0
2025,6,CAJAMARCA,SAN MIGUEL,2,2,9,11,0.0,0.0
2025,7,CAJAMARCA,SAN MIGUEL,1,0,4,4,0.0,0.0
2025,8,CAJAMARCA,SAN MIGUEL,3,1,2,3,0.0,0.0
2025,9,CAJAMARCA,SAN MIGUEL,2,0,4,4,0.0,0.0
2025,10,CAJAMARCA,SAN MIGUEL,8,0,2,2,0.0,0.0
2025,11,CAJAMARCA,SAN MIGUEL,6,3,4,7,0.0,0.0
2025,12,CAJAMARCA,SAN MIGUEL,1,0,0,0,0.0,0.0
2016,1,CAJAMARCA,SANTA CRUZ,0,0,0,0,0.0,0.0
2016,2,CAJAMARCA,SANTA CRUZ,0,0,0,0,0.0,0.0
2016,3,CAJAMARCA,SANTA CRUZ,0,0,0,0,0.0,0.0
2016,4,CAJAMARCA,SANTA CRUZ,0,0,0,0,0.0,0.0
2016,5,CAJAMARCA,SANTA CRUZ,0,0,0,0,0.0,0.0
2016,6,CAJAMARCA,SANTA CRUZ,0,0,0,0,0.0,0.0
2016,7,CAJAMARCA,SANTA CRUZ,0,0,0,0,0.0,0.0
2016,8,CAJAMARCA,SANTA CRUZ,0,0,0,0,0.0,0.0
2016,9,CAJAMARCA,SANTA CRUZ,0,0,0,0,0.0,0.0
2016,10,CAJAMARCA,SANTA CRUZ,0,0,0,0,0.0,0.0
2016,11,CAJAMARCA,SANTA CRUZ,0,0,0,0,0.0,0.0
2016,12,CAJAMARCA,SANTA CRUZ,0,0,0,0,0.0,0.0
2017,1,CAJAMARCA,SANTA CRUZ,2,34,0,34,0.0,0.0
2017,2,CAJAMARCA,SANTA CRUZ,7,222,10,232,0.0,200.0
2017,3,CAJAMARCA,SANTA CRUZ,12,0,11,11,0.0,0.0
2017,4,CAJAMARCA,SANTA CRUZ,5,3,0,3,0.0,0.0
2017,5,CAJAMARCA,SANTA CRUZ,2,0,0,0,0.0,15.0
2017,6,CAJAMARCA,SANTA CRUZ,0,0,0,0,0.0,0.0
2017,7,CAJAMARCA,SANTA CRUZ,0,0,0,0,0.0,0.0
2017,8,CAJAMARCA,SANTA CRUZ,0,0,0,0,0.0,0.0
2017,9,CAJAMARCA,SANTA CRUZ,0,0,0,0,0.0,0.0
2017,10,CAJAMARCA,SANTA CRUZ,0,0,0,0,0.0,0.0
2017,11,CAJAMARCA,SANTA CRUZ,0,0,0,0,0.0,0.0
2017,12,CAJAMARCA,SANTA CRUZ,0,0,0,0,0.0,0.0
2018,1,CAJAMARCA,SANTA CRUZ,0,0,0,0,0.0,0.0
2018,2,CAJAMARCA,SANTA CRUZ,0,0,0,0,0.0,0.0
2018,3,CAJAMARCA,SANTA CRUZ,0,0,0,0,0.0,0.0
2018,4,CAJAMARCA,SANTA CRUZ,0,0,0,0,0.0,0.0
2018,5,CAJAMARCA,SANTA CRUZ,0,0,0,0,0.0,0.0
2018,6,CAJAMARCA,SANTA CRUZ,0,0,0,0,0.0,0.0
2018,7,CAJAMARCA,SANTA CRUZ,0,0,0,0,0.0,0.0
2018,8,CAJAMARCA,SANTA CRUZ,0,0,0,0,0.0,0.0
2018,9,CAJAMARCA,SANTA CRUZ,0,0,0,0,0.0,0.0
2018,10,CAJAMARCA,SANTA CRUZ,0,0,0,0,0.0,0.0
2018,11,CAJAMARCA,SANTA CRUZ,0,0,0,0,0.0,0.0
2018,12,CAJAMARCA,SANTA CRUZ,0,0,0,0,0.0,0.0
2019,1,CAJAMARCA,SANTA CRUZ,0,0,0,0,0.0,0.0
2019,2,CAJAMARCA,SANTA CRUZ,1,0,0,0,0.0,0.0
2019,3,CAJAMARCA,SANTA CRUZ,1,0,0,0,0.0,0.0
2019,4,CAJAMARCA,SANTA CRUZ,0,0,0,0,0.0,0.0
2019,5,CAJAMARCA,SANTA CRUZ,0,0,0,0,0.0,0.0
2019,6,CAJAMARCA,SANTA CRUZ,0,0,0,0,0.0,0.0
2019,7,CAJAMARCA,SANTA CRUZ,0,0,0,0,0.0,0.0
2019,8,CAJAMARCA,SANTA CRUZ,0,0,0,0,0.0,0.0
2019,9,CAJAMARCA,SANTA CRUZ,2,62,0,62,0.0,0.0
2019,10,CAJAMARCA,SANTA CRUZ,1,0,0,0,0.0,0.0
2019,11,CAJAMARCA,SANTA CRUZ,0,0,0,0,0.0,0.0
2019,12,CAJAMARCA,SANTA CRUZ,0,0,0,0,0.0,0.0
2020,1,CAJAMARCA,SANTA CRUZ,0,0,0,0,0.0,0.0
2020,2,CAJAMARCA,SANTA CRUZ,1,38,55,93,0.0,0.0
2020,3,CAJAMARCA,SANTA CRUZ,0,0,0,0,0.0,0.0
2020,4,CAJAMARCA,SANTA CRUZ,0,0,0,0,0.0,0.0
2020,5,CAJAMARCA,SANTA CRUZ,0,0,0,0,0.0,0.0
2020,6,CAJAMARCA,SANTA CRUZ,0,0,0,0,0.0,0.0
2020,7,CAJAMARCA,SANTA CRUZ,0,0,0,0,0.0,0.0
2020,8,CAJAMARCA,SANTA CRUZ,0,0,0,0,0.0,0.0
2020,9,CAJAMARCA,SANTA CRUZ,0,0,0,0,0.0,0.0
2020,10,CAJAMARCA,SANTA CRUZ,0,0,0,0,0.0,0.0
2020,11,CAJAMARCA,SANTA CRUZ,0,0,0,0,0.0,0.0
2020,12,CAJAMARCA,SANTA CRUZ,0,0,0,0,0.0,0.0
2021,1,CAJAMARCA,SANTA CRUZ,0,0,0,0,0.0,0.0
2021,2,CAJAMARCA,SANTA CRUZ,0,0,0,0,0.0,0.0
2021,3,CAJAMARCA,SANTA CRUZ,2,51,4,55,8.0,8.0
2021,4,CAJAMARCA,SANTA CRUZ,3,13,21,34,5.0,5.0
2021,5,CAJAMARCA,SANTA CRUZ,2,0,4,4,4.0,4.0
2021,6,CAJAMARCA,SANTA CRUZ,0,0,0,0,0.0,0.0
2021,7,CAJAMARCA,SANTA CRUZ,0,0,0,0,0.0,0.0
2021,8,CAJAMARCA,SANTA CRUZ,0,0,0,0,0.0,0.0
2021,9,CAJAMARCA,SANTA CRUZ,0,0,0,0,0.0,0.0
2021,10,CAJAMARCA,SANTA CRUZ,0,0,0,0,0.0,0.0
2021,11,CAJAMARCA,SANTA CRUZ,0,0,0,0,0.0,0.0
2021,12,CAJAMARCA,SANTA CRUZ,0,0,0,0,0.0,0.0
2022,1,CAJAMARCA,SANTA CRUZ,0,0,0,0,0.0,0.0
2022,2,CAJAMARCA,SANTA CRUZ,0,0,0,0,0.0,0.0
2022,3,CAJAMARCA,SANTA CRUZ,18,92,55,147,382.97,12.5
2022,4,CAJAMARCA,SANTA CRUZ,0,0,0,0,0.0,0.0
2022,5,CAJAMARCA,SANTA CRUZ,1,0,2,2,0.0,0.0
2022,6,CAJAMARCA,SANTA CRUZ,0,0,0,0,0.0,0.0
2022,7,CAJAMARCA,SANTA CRUZ,0,0,0,0,0.0,0.0
2022,8,CAJAMARCA,SANTA CRUZ,0,0,0,0,0.0,0.0
2022,9,CAJAMARCA,SANTA CRUZ,0,0,0,0,0.0,0.0
2022,10,CAJAMARCA,SANTA CRUZ,0,0,0,0,0.0,0.0
2022,11,CAJAMARCA,SANTA CRUZ,0,0,0,0,0.0,0.0
2022,12,CAJAMARCA,SANTA CRUZ,0,0,0,0,0.0,0.0
2023,1,CAJAMARCA,SANTA CRUZ,0,0,0,0,0.0,0.0
2023,2,CAJAMARCA,SANTA CRUZ,0,0,0,0,0.0,0.0
2023,3,CAJAMARCA,SANTA CRUZ,7,7,0,7,0.0,0.0
2023,4,CAJAMARCA,SANTA CRUZ,13,5439,262,5701,17.7,6.9
2023,5,CAJAMARCA,SANTA CRUZ,4,0,9,9,0.0,0.0
2023,6,CAJAMARCA,SANTA CRUZ,2,129,18,147,0.0,0.0
2023,7,CAJAMARCA,SANTA CRUZ,4,82,22,104,0.0,0.0
2023,8,CAJAMARCA,SANTA CRUZ,2,159,3,162,0.0,0.0
2023,9,CAJAMARCA,SANTA CRUZ,0,0,0,0,0.0,0.0
2023,10,CAJAMARCA,SANTA CRUZ,2,11,6,17,0.0,0.0
2023,11,CAJAMARCA,SANTA CRUZ,1,8,2,10,0.0,0.0
2023,12,CAJAMARCA,SANTA CRUZ,2,602,141,743,0.0,0.0
2024,1,CAJAMARCA,SANTA CRUZ,2,6,0,6,0.0,0.5
2024,2,CAJAMARCA,SANTA CRUZ,7,352,5,357,0.0,0.01
2024,3,CAJAMARCA,SANTA CRUZ,9,38,30,68,0.0,0.0
2024,4,CAJAMARCA,SANTA CRUZ,4,198,339,537,0.0,0.0
2024,5,CAJAMARCA,SANTA CRUZ,2,3,0,3,0.0,0.0
2024,6,CAJAMARCA,SANTA CRUZ,0,0,0,0,0.0,0.0
2024,7,CAJAMARCA,SANTA CRUZ,1,0,1,1,0.0,0.0
2024,8,CAJAMARCA,SANTA CRUZ,0,0,0,0,0.0,0.0
2024,9,CAJAMARCA,SANTA CRUZ,1,1,2,3,0.0,0.0
2024,10,CAJAMARCA,SANTA CRUZ,1,0,0,0,0.0,0.0
2024,11,CAJAMARCA,SANTA CRUZ,0,0,0,0,0.0,0.0
2024,12,CAJAMARCA,SANTA CRUZ,0,0,0,0,0.0,0.0
2025,1,CAJAMARCA,SANTA CRUZ,2,17,29,46,0.0,0.0
2025,2,CAJAMARCA,SANTA CRUZ,6,588,435,1023,0.0,0.0
2025,3,CAJAMARCA,SANTA CRUZ,3,351,211,562,0.0,0.0
2025,4,CAJAMARCA,SANTA CRUZ,8,6,102,108,0.5,0.0
2025,5,CAJAMARCA,SANTA CRUZ,5,579,292,871,6.5,0.0
2025,6,CAJAMARCA,SANTA CRUZ,1,83,83,166,0.0,0.0
2025,7,CAJAMARCA,SANTA CRUZ,0,0,0,0,0.0,0.0
2025,8,CAJAMARCA,SANTA CRUZ,0,0,0,0,0.0,0.0
2025,9,CAJAMARCA,SANTA CRUZ,1,75,2,77,0.7,65.9
2025,10,CAJAMARCA,SANTA CRUZ,1,0,0,0,0.0,0.0
2025,11,CAJAMARCA,SANTA CRUZ,2,0,0,0,0.0,0.0
2025,12,CAJAMARCA,SANTA CRUZ,0,0,0,0,0.0,0.0
2016,1,CUSCO,LA CONVENCION,9,1484,288,1772,45.0,0.0
2016,2,CUSCO,LA CONVENCION,7,858,48,906,26.0,7.0
2016,3,CUSCO,LA CONVENCION,2,0,7,7,0.0,0.0
2016,4,CUSCO,LA CONVENCION,1,0,0,0,0.0,0.0
2016,5,CUSCO,LA CONVENCION,3,3685,0,3685,0.0,0.0
2016,6,CUSCO,LA CONVENCION,1,75,0,75,0.0,0.0
2016,7,CUSCO,LA CONVENCION,3,9155,5820,14975,0.0,0.0
2016,8,CUSCO,LA CONVENCION,5,694,31,725,0.0,0.0
2016,9,CUSCO,LA CONVENCION,1,2436,84,2520,0.0,0.0
2016,10,CUSCO,LA CONVENCION,2,4,0,4,0.0,7.0
2016,11,CUSCO,LA CONVENCION,1,28,0,28,0.0,0.0
2016,12,CUSCO,LA CONVENCION,3,67,0,67,8.0,0.0
2017,1,CUSCO,LA CONVENCION,5,0,0,0,0.0,0.0
2017,2,CUSCO,LA CONVENCION,4,20,0,20,0.0,0.0
2017,3,CUSCO,LA CONVENCION,11,316,95,411,0.0,3.0
2017,4,CUSCO,LA CONVENCION,2,800,0,800,0.0,0.0
2017,5,CUSCO,LA CONVENCION,3,3859,0,3859,0.0,0.0
2017,6,CUSCO,LA CONVENCION,2,1244,0,1244,0.0,0.0
2017,7,CUSCO,LA CONVENCION,6,2022,0,2022,0.0,0.0
2017,8,CUSCO,LA CONVENCION,0,0,0,0,0.0,0.0
2017,9,CUSCO,LA CONVENCION,0,0,0,0,0.0,0.0
2017,10,CUSCO,LA CONVENCION,1,80,0,80,0.0,0.0
2017,11,CUSCO,LA CONVENCION,0,0,0,0,0.0,0.0
2017,12,CUSCO,LA CONVENCION,3,35,0,35,0.0,4.0
2018,1,CUSCO,LA CONVENCION,21,69,17,86,0.0,28.0
2018,2,CUSCO,LA CONVENCION,15,53,6,59,0.0,19.0
2018,3,CUSCO,LA CONVENCION,12,50,285,335,33.0,72.0
2018,4,CUSCO,LA CONVENCION,2,24,18,42,0.0,0.0
2018,5,CUSCO,LA CONVENCION,3,19,0,19,0.0,1.0
2018,6,CUSCO,LA CONVENCION,6,3378,0,3378,0.0,5000.0
2018,7,CUSCO,LA CONVENCION,1,30,0,30,0.0,0.0
2018,8,CUSCO,LA CONVENCION,6,321,0,321,0.0,0.0
2018,9,CUSCO,LA CONVENCION,1,100,0,100,0.0,0.0
2018,10,CUSCO,LA CONVENCION,1,112,0,112,0.0,0.0
2018,11,CUSCO,LA CONVENCION,3,0,25,25,40.0,0.0
2018,12,CUSCO,LA CONVENCION,4,102,15,117,91.0,143.0
2019,1,CUSCO,LA CONVENCION,4,130,118,248,0.0,0.0
2019,2,CUSCO,LA CONVENCION,7,197,54,251,85.5,340.05
2019,3,CUSCO,LA CONVENCION,2,0,17,17,4.0,0.0
2019,4,CUSCO,LA CONVENCION,1,21,0,21,0.0,4.8
2019,5,CUSCO,LA CONVENCION,3,70,0,70,0.0,8.8
2019,6,CUSCO,LA CONVENCION,0,0,0,0,0.0,0.0
2019,7,CUSCO,LA CONVENCION,0,0,0,0,0.0,0.0
2019,8,CUSCO,LA CONVENCION,0,0,0,0,0.0,0.0
2019,9,CUSCO,LA CONVENCION,0,0,0,0,0.0,0.0
2019,10,CUSCO,LA CONVENCION,0,0,0,0,0.0,0.0
2019,11,CUSCO,LA CONVENCION,1,178,0,178,0.0,0.0
2019,12,CUSCO,LA CONVENCION,0,0,0,0,0.0,0.0
2020,1,CUSCO,LA CONVENCION,2,34,8,42,12.5,15.45
2020,2,CUSCO,LA CONVENCION,3,10,0,10,0.0,83.25
2020,3,CUSCO,LA CONVENCION,0,0,0,0,0.0,0.0
2020,4,CUSCO,LA CONVENCION,0,0,0,0,0.0,0.0
2020,5,CUSCO,LA CONVENCION,0,0,0,0,0.0,0.0
2020,6,CUSCO,LA CONVENCION,0,0,0,0,0.0,0.0
2020,7,CUSCO,LA CONVENCION,1,6,0,6,0.5,2.0
2020,8,CUSCO,LA CONVENCION,3,17,1,18,0.0,0.0
2020,9,CUSCO,LA CONVENCION,6,30,1,31,0.0,0.0
2020,10,CUSCO,LA CONVENCION,5,37,10,47,0.0,0.45
2020,11,CUSCO,LA CONVENCION,1,19,6,25,0.0,0.0
2020,12,CUSCO,LA CONVENCION,3,5,0,5,0.1,14.54
2021,1,CUSCO,LA CONVENCION,13,112,10,122,76.75,61.5
2021,2,CUSCO,LA CONVENCION,22,533,173,706,385.9,95.86
2021,3,CUSCO,LA CONVENCION,22,203,10,213,32.23,29.87
2021,4,CUSCO,LA CONVENCION,24,161,44,205,81.85,125.19
2021,5,CUSCO,LA CONVENCION,4,54,12,66,2.25,1.5
2021,6,CUSCO,LA CONVENCION,3,35,14,49,6.5,10.7
2021,7,CUSCO,LA CONVENCION,4,285,7,292,0.0,57.5
2021,8,CUSCO,LA CONVENCION,1,32,0,32,0.0,0.0
2021,9,CUSCO,LA CONVENCION,7,185,39,224,4.0,3.5
2021,10,CUSCO,LA CONVENCION,3,105,64,169,10.0,7.5
2021,11,CUSCO,LA CONVENCION,7,194,11,205,0.0,0.25
2021,12,CUSCO,LA CONVENCION,8,65,10,75,3.3,15.3
2022,1,CUSCO,LA CONVENCION,12,358,18,376,271.1,48.36
2022,2,CUSCO,LA CONVENCION,9,35,3,38,64.05,154.98
2022,3,CUSCO,LA CONVENCION,31,55,7,62,604.2,5.96
2022,4,CUSCO,LA CONVENCION,10,22,2,24,2.75,6.0
2022,5,CUSCO,LA CONVENCION,8,20,3,23,35.25,1.5
2022,6,CUSCO,LA CONVENCION,4,667,1,668,0.0,0.0
2022,7,CUSCO,LA CONVENCION,5,164,0,164,0.0,0.0
2022,8,CUSCO,LA CONVENCION,4,329,0,329,0.25,9.5
2022,9,CUSCO,LA CONVENCION,1,176,0,176,0.0,0.0
2022,10,CUSCO,LA CONVENCION,3,61,0,61,0.0,0.0
2022,11,CUSCO,LA CONVENCION,2,0,4,4,0.0,0.0
2022,12,CUSCO,LA CONVENCION,1,49,0,49,0.0,0.0
2023,1,CUSCO,LA CONVENCION,13,36,52,88,68.85,92.3
2023,2,CUSCO,LA CONVENCION,38,231,79,310,33.81,96.42
2023,3,CUSCO,LA CONVENCION,22,194,9,203,38.21,515.03
2023,4,CUSCO,LA CONVENCION,12,127,9,136,0.5,0.5
2023,5,CUSCO,LA CONVENCION,13,925,7,932,38.5,50.31
2023,6,CUSCO,LA CONVENCION,8,2,1,3,3.0,23.0
2023,7,CUSCO,LA CONVENCION,8,551,0,551,152.1,347.58
2023,8,CUSCO,LA CONVENCION,7,34,19,53,63.16,346.86
2023,9,CUSCO,LA CONVENCION,22,578,29,607,191.71,610.9
2023,10,CUSCO,LA CONVENCION,9,66,57,123,20.11,58.2
2023,11,CUSCO,LA CONVENCION,13,387,394,781,291.18,259.43
2023,12,CUSCO,LA CONVENCION,9,134,13,147,0.0,0.0
2024,1,CUSCO,LA CONVENCION,13,392,4,396,31.5,165.05
2024,2,CUSCO,LA CONVENCION,38,944,397,1341,214.74,218.45
2024,3,CUSCO,LA CONVENCION,40,951,99,1050,100.86,415.91
2024,4,CUSCO,LA CONVENCION,22,171,85,256,10.69,21.85
2024,5,CUSCO,LA CONVENCION,7,56,9,65,0.0,2.0
2024,6,CUSCO,LA CONVENCION,10,79,0,79,0.0,0.0
2024,7,CUSCO,LA CONVENCION,6,375,8,383,1.0,4.0
2024,8,CUSCO,LA CONVENCION,5,722,5,727,0.0,0.0
2024,9,CUSCO,LA CONVENCION,11,115,6,121,0.21,9.86
2024,10,CUSCO,LA CONVENCION,19,335,37,372,2.44,8.92
2024,11,CUSCO,LA CONVENCION,23,289,35,324,0.44,0.0
2024,12,CUSCO,LA CONVENCION,41,318,12,330,0.0,1.69
2025,1,CUSCO,LA CONVENCION,65,142,77,219,0.5,2.5
2025,2,CUSCO,LA CONVENCION,115,4208,435,4643,2778.64,2222.01
2025,3,CUSCO,LA CONVENCION,131,3095,343,3438,409.67,71.2
2025,4,CUSCO,LA CONVENCION,51,698,149,847,115.47,178.76
2025,5,CUSCO,LA CONVENCION,14,61,8,69,23.3,0.0
2025,6,CUSCO,LA CONVENCION,30,1890,33,1923,1.94,4.5
2025,7,CUSCO,LA CONVENCION,7,2141,0,2141,0.0,0.0
2025,8,CUSCO,LA CONVENCION,6,39,9,48,0.0,0.0
2025,9,CUSCO,LA CONVENCION,10,418,9,427,0.0,16.5
2025,10,CUSCO,LA CONVENCION,16,130,39,169,0.0,5.75
2025,11,CUSCO,LA CONVENCION,35,180,43,223,49.5,34.25
2025,12,CUSCO,LA CONVENCION,15,85,27,112,9.87,5.25
2016,1,HUANCAVELICA,ACOBAMBA,2,228,0,228,0.0,0.0
2016,2,HUANCAVELICA,ACOBAMBA,6,132,0,132,0.0,0.0
2016,3,HUANCAVELICA,ACOBAMBA,0,0,0,0,0.0,0.0
2016,4,HUANCAVELICA,ACOBAMBA,0,0,0,0,0.0,0.0
2016,5,HUANCAVELICA,ACOBAMBA,2,107,6,113,0.0,0.0
2016,6,HUANCAVELICA,ACOBAMBA,7,5805,0,5805,0.0,347.0
2016,7,HUANCAVELICA,ACOBAMBA,11,6128,0,6128,80.0,100.0
2016,8,HUANCAVELICA,ACOBAMBA,3,374,0,374,0.0,0.0
2016,9,HUANCAVELICA,ACOBAMBA,2,244,0,244,0.0,0.0
2016,10,HUANCAVELICA,ACOBAMBA,2,0,0,0,0.0,0.0
2016,11,HUANCAVELICA,ACOBAMBA,4,76,0,76,0.0,0.0
2016,12,HUANCAVELICA,ACOBAMBA,9,5257,0,5257,0.0,0.0
2017,1,HUANCAVELICA,ACOBAMBA,10,400,46,446,0.0,5.0
2017,2,HUANCAVELICA,ACOBAMBA,10,3779,58,3837,2.0,0.0
2017,3,HUANCAVELICA,ACOBAMBA,5,438,225,663,67.0,1312.0
2017,4,HUANCAVELICA,ACOBAMBA,1,6,0,6,0.0,0.0
2017,5,HUANCAVELICA,ACOBAMBA,0,0,0,0,0.0,0.0
2017,6,HUANCAVELICA,ACOBAMBA,3,1605,0,1605,0.0,0.0
2017,7,HUANCAVELICA,ACOBAMBA,0,0,0,0,0.0,0.0
2017,8,HUANCAVELICA,ACOBAMBA,1,0,0,0,0.0,0.0
2017,9,HUANCAVELICA,ACOBAMBA,0,0,0,0,0.0,0.0
2017,10,HUANCAVELICA,ACOBAMBA,0,0,0,0,0.0,0.0
2017,11,HUANCAVELICA,ACOBAMBA,0,0,0,0,0.0,0.0
2017,12,HUANCAVELICA,ACOBAMBA,0,0,0,0,0.0,0.0
2018,1,HUANCAVELICA,ACOBAMBA,0,0,0,0,0.0,0.0
2018,2,HUANCAVELICA,ACOBAMBA,2,458,165,623,0.0,7.0
2018,3,HUANCAVELICA,ACOBAMBA,6,0,0,0,0.0,0.0
2018,4,HUANCAVELICA,ACOBAMBA,1,600,0,600,0.0,0.0
2018,5,HUANCAVELICA,ACOBAMBA,1,1250,0,1250,0.0,0.0
2018,6,HUANCAVELICA,ACOBAMBA,5,6720,0,6720,0.0,0.0
2018,7,HUANCAVELICA,ACOBAMBA,1,0,0,0,0.0,0.0
2018,8,HUANCAVELICA,ACOBAMBA,2,377,0,377,0.0,0.0
2018,9,HUANCAVELICA,ACOBAMBA,0,0,0,0,0.0,0.0
2018,10,HUANCAVELICA,ACOBAMBA,0,0,0,0,0.0,0.0
2018,11,HUANCAVELICA,ACOBAMBA,0,0,0,0,0.0,0.0
2018,12,HUANCAVELICA,ACOBAMBA,15,0,0,0,2446.0,2714.0
2019,1,HUANCAVELICA,ACOBAMBA,1,6,0,6,0.0,0.0
2019,2,HUANCAVELICA,ACOBAMBA,20,1194,131,1325,26.0,73.0
2019,3,HUANCAVELICA,ACOBAMBA,7,436,0,436,0.0,0.0
2019,4,HUANCAVELICA,ACOBAMBA,3,0,0,0,0.0,0.0
2019,5,HUANCAVELICA,ACOBAMBA,0,0,0,0,0.0,0.0
2019,6,HUANCAVELICA,ACOBAMBA,9,0,0,0,771.5,680.0
2019,7,HUANCAVELICA,ACOBAMBA,11,198,0,198,3.5,8.0
2019,8,HUANCAVELICA,ACOBAMBA,13,154,0,154,0.0,0.0
2019,9,HUANCAVELICA,ACOBAMBA,0,0,0,0,0.0,0.0
2019,10,HUANCAVELICA,ACOBAMBA,0,0,0,0,0.0,0.0
2019,11,HUANCAVELICA,ACOBAMBA,0,0,0,0,0.0,0.0
2019,12,HUANCAVELICA,ACOBAMBA,0,0,0,0,0.0,0.0
2020,1,HUANCAVELICA,ACOBAMBA,0,0,0,0,0.0,0.0
2020,2,HUANCAVELICA,ACOBAMBA,0,0,0,0,0.0,0.0
2020,3,HUANCAVELICA,ACOBAMBA,0,0,0,0,0.0,0.0
2020,4,HUANCAVELICA,ACOBAMBA,0,0,0,0,0.0,0.0
2020,5,HUANCAVELICA,ACOBAMBA,1,0,0,0,41.83,58.9
2020,6,HUANCAVELICA,ACOBAMBA,2,1,0,1,35.56,228.85
2020,7,HUANCAVELICA,ACOBAMBA,3,341,2,343,1934.4,6916.72
2020,8,HUANCAVELICA,ACOBAMBA,18,0,0,0,81.1,417.0
2020,9,HUANCAVELICA,ACOBAMBA,3,0,0,0,2.0,2.0
2020,10,HUANCAVELICA,ACOBAMBA,3,28,0,28,0.5,14.5
2020,11,HUANCAVELICA,ACOBAMBA,7,16,0,16,2990.62,5072.11
2020,12,HUANCAVELICA,ACOBAMBA,3,508,0,508,382.8,384.8
2021,1,HUANCAVELICA,ACOBAMBA,13,155,12,167,9.63,44.07
2021,2,HUANCAVELICA,ACOBAMBA,16,143,12,155,3570.71,5078.76
2021,3,HUANCAVELICA,ACOBAMBA,5,48,0,48,50.9,54.06
2021,4,HUANCAVELICA,ACOBAMBA,9,145,37,182,33.78,66.78
2021,5,HUANCAVELICA,ACOBAMBA,10,729,2,731,788.23,1256.44
2021,6,HUANCAVELICA,ACOBAMBA,1,0,0,0,0.0,44.75
2021,7,HUANCAVELICA,ACOBAMBA,3,2131,0,2131,114.91,292.19
2021,8,HUANCAVELICA,ACOBAMBA,9,4924,3,4927,0.0,36.13
2021,9,HUANCAVELICA,ACOBAMBA,1,1,0,1,0.0,0.0
2021,10,HUANCAVELICA,ACOBAMBA,3,7,9,16,3.0,11.5
2021,11,HUANCAVELICA,ACOBAMBA,3,79,0,79,17.0,28.13
2021,12,HUANCAVELICA,ACOBAMBA,1,9,0,9,0.0,0.0
2022,1,HUANCAVELICA,ACOBAMBA,3,411,2,413,57.11,144.75
2022,2,HUANCAVELICA,ACOBAMBA,6,2,12,14,0.5,1.0
2022,3,HUANCAVELICA,ACOBAMBA,11,162,21,183,0.82,5.87
2022,4,HUANCAVELICA,ACOBAMBA,4,16,10,26,0.2,0.04
2022,5,HUANCAVELICA,ACOBAMBA,0,0,0,0,0.0,0.0
2022,6,HUANCAVELICA,ACOBAMBA,6,2964,0,2964,363.55,403.12
2022,7,HUANCAVELICA,ACOBAMBA,5,159,1,160,0.3,2.0
2022,8,HUANCAVELICA,ACOBAMBA,0,0,0,0,0.0,0.0
2022,9,HUANCAVELICA,ACOBAMBA,2,8,6,14,0.0,0.0
2022,10,HUANCAVELICA,ACOBAMBA,1,1,0,1,0.0,0.0
2022,11,HUANCAVELICA,ACOBAMBA,12,52,7,59,671.4,601.55
2022,12,HUANCAVELICA,ACOBAMBA,2,0,3,3,5.35,0.0
2023,1,HUANCAVELICA,ACOBAMBA,3,10,0,10,1.47,205.23
2023,2,HUANCAVELICA,ACOBAMBA,8,90,92,182,6.93,13.52
2023,3,HUANCAVELICA,ACOBAMBA,17,3121,671,3792,0.45,160.87
2023,4,HUANCAVELICA,ACOBAMBA,20,771,4,775,818.17,2005.94
2023,5,HUANCAVELICA,ACOBAMBA,10,2868,0,2868,427.64,1516.8
2023,6,HUANCAVELICA,ACOBAMBA,7,6280,3,6283,2123.68,2021.14
2023,7,HUANCAVELICA,ACOBAMBA,5,3723,0,3723,611.82,1872.13
2023,8,HUANCAVELICA,ACOBAMBA,12,5793,5,5798,63.95,154.05
2023,9,HUANCAVELICA,ACOBAMBA,9,1147,19,1166,754.85,1731.9
2023,10,HUANCAVELICA,ACOBAMBA,13,2252,1,2253,121.73,477.77
2023,11,HUANCAVELICA,ACOBAMBA,8,1053,0,1053,55.56,125.85
2023,12,HUANCAVELICA,ACOBAMBA,21,2588,9,2597,115.06,372.66
2024,1,HUANCAVELICA,ACOBAMBA,14,2351,161,2512,372.17,2207.54
2024,2,HUANCAVELICA,ACOBAMBA,29,8331,551,8882,294.91,3090.0
2024,3,HUANCAVELICA,ACOBAMBA,32,3246,372,3618,35.61,90.75
2024,4,HUANCAVELICA,ACOBAMBA,15,1358,175,1533,8.38,57.76
2024,5,HUANCAVELICA,ACOBAMBA,4,828,65,893,0.0,0.0
2024,6,HUANCAVELICA,ACOBAMBA,5,710,0,710,0.0,0.0
2024,7,HUANCAVELICA,ACOBAMBA,10,5568,5,5573,1.2,2.0
2024,8,HUANCAVELICA,ACOBAMBA,9,3783,6,3789,1.6,2.2
2024,9,HUANCAVELICA,ACOBAMBA,5,840,9,849,0.0,0.0
2024,10,HUANCAVELICA,ACOBAMBA,6,7,13,20,0.0,0.72
2024,11,HUANCAVELICA,ACOBAMBA,8,1180,42,1222,0.0,7.9
2024,12,HUANCAVELICA,ACOBAMBA,2,35,48,83,0.0,0.0
2025,1,HUANCAVELICA,ACOBAMBA,26,7389,211,7600,0.0,340.28
2025,2,HUANCAVELICA,ACOBAMBA,37,2330,539,2869,0.0,0.0
2025,3,HUANCAVELICA,ACOBAMBA,39,12226,2629,14855,2.02,74.11
2025,4,HUANCAVELICA,ACOBAMBA,16,6,60,66,0.0,0.0
2025,5,HUANCAVELICA,ACOBAMBA,3,3,5,8,0.0,0.0
2025,6,HUANCAVELICA,ACOBAMBA,1,1,0,1,0.0,0.0
2025,7,HUANCAVELICA,ACOBAMBA,2,543,7,550,0.0,0.0
2025,8,HUANCAVELICA,ACOBAMBA,4,2075,0,2075,0.0,0.0
2025,9,HUANCAVELICA,ACOBAMBA,3,157,2,159,0.0,0.0
2025,10,HUANCAVELICA,ACOBAMBA,1,123,21,144,0.0,0.0
2025,11,HUANCAVELICA,ACOBAMBA,5,1814,4,1818,189.06,240.78
2025,12,HUANCAVELICA,ACOBAMBA,1,0,39,39,0.0,0.0
2016,1,HUANCAVELICA,ANGARAES,9,222,10,232,0.0,0.0
2016,2,HUANCAVELICA,ANGARAES,1,162,0,162,0.0,1.0
2016,3,HUANCAVELICA,ANGARAES,0,0,0,0,0.0,0.0
2016,4,HUANCAVELICA,ANGARAES,0,0,0,0,0.0,0.0
2016,5,HUANCAVELICA,ANGARAES,2,5275,0,5275,0.0,2.0
2016,6,HUANCAVELICA,ANGARAES,3,6291,0,6291,0.0,3.0
2016,7,HUANCAVELICA,ANGARAES,3,4078,0,4078,0.0,1.0
2016,8,HUANCAVELICA,ANGARAES,6,1625,0,1625,0.0,105.0
2016,9,HUANCAVELICA,ANGARAES,0,0,0,0,0.0,0.0
2016,10,HUANCAVELICA,ANGARAES,0,0,0,0,0.0,0.0
2016,11,HUANCAVELICA,ANGARAES,5,1379,0,1379,0.0,0.0
2016,12,HUANCAVELICA,ANGARAES,6,1731,0,1731,0.0,0.0
2017,1,HUANCAVELICA,ANGARAES,17,643,394,1037,45.0,108.0
2017,2,HUANCAVELICA,ANGARAES,7,165,85,250,1.0,17.0
2017,3,HUANCAVELICA,ANGARAES,15,123,173,296,120.0,1458.0
2017,4,HUANCAVELICA,ANGARAES,0,0,0,0,0.0,0.0
2017,5,HUANCAVELICA,ANGARAES,3,5060,0,5060,0.0,30.0
2017,6,HUANCAVELICA,ANGARAES,0,0,0,0,0.0,0.0
2017,7,HUANCAVELICA,ANGARAES,0,0,0,0,0.0,0.0
2017,8,HUANCAVELICA,ANGARAES,1,253,0,253,0.0,0.0
2017,9,HUANCAVELICA,ANGARAES,0,0,0,0,0.0,0.0
2017,10,HUANCAVELICA,ANGARAES,1,324,0,324,0.0,0.0
2017,11,HUANCAVELICA,ANGARAES,1,0,0,0,0.0,0.0
2017,12,HUANCAVELICA,ANGARAES,0,0,0,0,0.0,0.0
2018,1,HUANCAVELICA,ANGARAES,1,0,0,0,0.0,0.0
2018,2,HUANCAVELICA,ANGARAES,0,0,0,0,0.0,0.0
2018,3,HUANCAVELICA,ANGARAES,4,8,0,8,0.0,2.0
2018,4,HUANCAVELICA,ANGARAES,0,0,0,0,0.0,0.0
2018,5,HUANCAVELICA,ANGARAES,1,0,0,0,0.0,0.0
2018,6,HUANCAVELICA,ANGARAES,3,4586,0,4586,0.0,0.0
2018,7,HUANCAVELICA,ANGARAES,3,2190,0,2190,4.0,5.0
2018,8,HUANCAVELICA,ANGARAES,2,3337,0,3337,0.0,16.0
2018,9,HUANCAVELICA,ANGARAES,0,0,0,0,0.0,0.0
2018,10,HUANCAVELICA,ANGARAES,0,0,0,0,0.0,0.0
2018,11,HUANCAVELICA,ANGARAES,1,0,0,0,0.0,0.0
2018,12,HUANCAVELICA,ANGARAES,20,0,0,0,413.0,6953.0
2019,1,HUANCAVELICA,ANGARAES,1,2,0,2,0.0,0.0
2019,2,HUANCAVELICA,ANGARAES,10,717,78,795,197.75,313.25
2019,3,HUANCAVELICA,ANGARAES,22,2705,4,2709,5.0,12.5
2019,4,HUANCAVELICA,ANGARAES,5,106,8,114,36.08,80.74
2019,5,HUANCAVELICA,ANGARAES,3,186,0,186,38.37,45.73
2019,6,HUANCAVELICA,ANGARAES,1,1,0,1,0.0,0.0
2019,7,HUANCAVELICA,ANGARAES,3,20,0,20,8.87,9.02
2019,8,HUANCAVELICA,ANGARAES,4,195,0,195,0.0,0.0
2019,9,HUANCAVELICA,ANGARAES,4,80,1,81,0.25,0.25
2019,10,HUANCAVELICA,ANGARAES,0,0,0,0,0.0,0.0
2019,11,HUANCAVELICA,ANGARAES,3,3,1,4,94.59,100.85
2019,12,HUANCAVELICA,ANGARAES,1,13,0,13,3.7,4.0
2020,1,HUANCAVELICA,ANGARAES,10,863,0,863,0.0,20.49
2020,2,HUANCAVELICA,ANGARAES,17,1140,33,1173,9.13,16.69
2020,3,HUANCAVELICA,ANGARAES,6,106,11,117,0.0,0.0
2020,4,HUANCAVELICA,ANGARAES,0,0,0,0,0.0,0.0
2020,5,HUANCAVELICA,ANGARAES,7,40,0,40,906.72,670.34
2020,6,HUANCAVELICA,ANGARAES,1,0,0,0,60.5,137.1
2020,7,HUANCAVELICA,ANGARAES,15,0,0,0,0.0,0.0
2020,8,HUANCAVELICA,ANGARAES,4,0,0,0,310.44,561.14
2020,9,HUANCAVELICA,ANGARAES,0,0,0,0,0.0,0.0
2020,10,HUANCAVELICA,ANGARAES,0,0,0,0,0.0,0.0
2020,11,HUANCAVELICA,ANGARAES,1,0,0,0,863.0,853.9
2020,12,HUANCAVELICA,ANGARAES,3,122,8,130,55.85,61.74
2021,1,HUANCAVELICA,ANGARAES,2,71,0,71,0.0,0.0
2021,2,HUANCAVELICA,ANGARAES,8,3741,0,3741,4106.61,2830.12
2021,3,HUANCAVELICA,ANGARAES,2,23,1,24,0.04,0.07
2021,4,HUANCAVELICA,ANGARAES,5,80,12,92,161.59,161.87
2021,5,HUANCAVELICA,ANGARAES,3,83,0,83,67.4,55.4
2021,6,HUANCAVELICA,ANGARAES,0,0,0,0,0.0,0.0
2021,7,HUANCAVELICA,ANGARAES,1,61,0,61,0.0,0.5
2021,8,HUANCAVELICA,ANGARAES,7,4868,0,4868,277.93,356.33
2021,9,HUANCAVELICA,ANGARAES,0,0,0,0,0.0,0.0
2021,10,HUANCAVELICA,ANGARAES,1,9,0,9,0.0,0.0
2021,11,HUANCAVELICA,ANGARAES,0,0,0,0,0.0,0.0
2021,12,HUANCAVELICA,ANGARAES,1,236,0,236,0.0,0.0
2022,1,HUANCAVELICA,ANGARAES,4,0,5,5,45.9,737.5
2022,2,HUANCAVELICA,ANGARAES,10,12,10,22,0.0,0.0
2022,3,HUANCAVELICA,ANGARAES,6,268,29,297,0.0,0.95
2022,4,HUANCAVELICA,ANGARAES,4,10,10,20,0.0,0.0
2022,5,HUANCAVELICA,ANGARAES,4,1723,5,1728,0.0,15.0
2022,6,HUANCAVELICA,ANGARAES,8,15,0,15,5.87,19.0
2022,7,HUANCAVELICA,ANGARAES,4,2891,0,2891,0.0,0.0
2022,8,HUANCAVELICA,ANGARAES,6,121,0,121,0.0,0.0
2022,9,HUANCAVELICA,ANGARAES,1,0,2,2,0.05,2.46
2022,10,HUANCAVELICA,ANGARAES,0,0,0,0,0.0,0.0
2022,11,HUANCAVELICA,ANGARAES,8,6,2,8,211.95,4.44
2022,12,HUANCAVELICA,ANGARAES,1,0,0,0,12.55,12.55
2023,1,HUANCAVELICA,ANGARAES,2,6,0,6,41.7,84.0
2023,2,HUANCAVELICA,ANGARAES,19,2606,62,2668,474.03,863.74
2023,3,HUANCAVELICA,ANGARAES,16,1609,87,1696,5.76,32.11
2023,4,HUANCAVELICA,ANGARAES,23,2039,38,2077,804.67,1060.38
2023,5,HUANCAVELICA,ANGARAES,17,3035,34,3069,3389.42,1133.15
2023,6,HUANCAVELICA,ANGARAES,3,0,0,0,381.08,681.35
2023,7,HUANCAVELICA,ANGARAES,7,3146,0,3146,74.61,63.32
2023,8,HUANCAVELICA,ANGARAES,8,5055,1,5056,0.0,233.25
2023,9,HUANCAVELICA,ANGARAES,8,57,0,57,15.75,24.75
2023,10,HUANCAVELICA,ANGARAES,7,1370,3,1373,63.74,246.81
2023,11,HUANCAVELICA,ANGARAES,10,22,0,22,318.62,567.12
2023,12,HUANCAVELICA,ANGARAES,19,1536,69,1605,172.26,169.25
2024,1,HUANCAVELICA,ANGARAES,18,2026,7,2033,457.69,705.73
2024,2,HUANCAVELICA,ANGARAES,50,6135,74,6209,822.24,1318.39
2024,3,HUANCAVELICA,ANGARAES,66,9390,352,9742,600.18,730.26
2024,4,HUANCAVELICA,ANGARAES,38,2363,158,2521,40.15,120.23
2024,5,HUANCAVELICA,ANGARAES,13,1595,116,1711,0.0,0.0
2024,6,HUANCAVELICA,ANGARAES,13,7253,0,7253,0.0,0.0
2024,7,HUANCAVELICA,ANGARAES,4,2211,2,2213,0.0,0.5
2024,8,HUANCAVELICA,ANGARAES,8,2021,3,2024,0.0,0.0
2024,9,HUANCAVELICA,ANGARAES,3,15,8,23,0.0,0.0
2024,10,HUANCAVELICA,ANGARAES,8,1240,8,1248,3.2,91.53
2024,11,HUANCAVELICA,ANGARAES,6,701,20,721,68.85,70.4
2024,12,HUANCAVELICA,ANGARAES,4,35,10,45,0.0,8.5
2025,1,HUANCAVELICA,ANGARAES,24,5297,62,5359,1.67,510.25
2025,2,HUANCAVELICA,ANGARAES,40,4746,858,5604,0.0,0.0
2025,3,HUANCAVELICA,ANGARAES,41,11709,902,12611,65.0,101.37
2025,4,HUANCAVELICA,ANGARAES,13,883,285,1168,0.05,14.83
2025,5,HUANCAVELICA,ANGARAES,1,0,0,0,0.0,0.0
2025,6,HUANCAVELICA,ANGARAES,0,0,0,0,0.0,0.0
2025,7,HUANCAVELICA,ANGARAES,11,3489,0,3489,5.2,0.1
2025,8,HUANCAVELICA,ANGARAES,6,1740,0,1740,0.0,1.16
2025,9,HUANCAVELICA,ANGARAES,3,476,8,484,0.0,0.0
2025,10,HUANCAVELICA,ANGARAES,1,0,3,3,0.0,0.0
2025,11,HUANCAVELICA,ANGARAES,5,30,8,38,0.25,0.5
2025,12,HUANCAVELICA,ANGARAES,6,387,7,394,89.03,149.6
2016,1,HUANCAVELICA,CASTROVIRREYNA,4,156,0,156,257.0,616.0
2016,2,HUANCAVELICA,CASTROVIRREYNA,9,132,0,132,400.0,4879.0
2016,3,HUANCAVELICA,CASTROVIRREYNA,2,252,48,300,0.0,4.0
2016,4,HUANCAVELICA,CASTROVIRREYNA,1,22,0,22,0.0,0.0
2016,5,HUANCAVELICA,CASTROVIRREYNA,3,958,0,958,0.0,33.0
2016,6,HUANCAVELICA,CASTROVIRREYNA,6,4031,0,4031,0.0,7.0
2016,7,HUANCAVELICA,CASTROVIRREYNA,9,3260,0,3260,0.0,0.0
2016,8,HUANCAVELICA,CASTROVIRREYNA,5,2089,0,2089,0.0,0.0
2016,9,HUANCAVELICA,CASTROVIRREYNA,0,0,0,0,0.0,0.0
2016,10,HUANCAVELICA,CASTROVIRREYNA,4,0,0,0,0.0,0.0
2016,11,HUANCAVELICA,CASTROVIRREYNA,0,0,0,0,0.0,0.0
2016,12,HUANCAVELICA,CASTROVIRREYNA,7,1177,0,1177,0.0,0.0
2017,1,HUANCAVELICA,CASTROVIRREYNA,16,976,251,1227,0.0,30.0
2017,2,HUANCAVELICA,CASTROVIRREYNA,30,2075,443,2518,47.0,70.0
2017,3,HUANCAVELICA,CASTROVIRREYNA,58,2658,1268,3926,7.0,417.0
2017,4,HUANCAVELICA,CASTROVIRREYNA,15,5,0,5,0.0,0.0
2017,5,HUANCAVELICA,CASTROVIRREYNA,0,0,0,0,0.0,0.0
2017,6,HUANCAVELICA,CASTROVIRREYNA,2,798,0,798,0.0,0.0
2017,7,HUANCAVELICA,CASTROVIRREYNA,3,1492,0,1492,0.0,0.0
2017,8,HUANCAVELICA,CASTROVIRREYNA,1,150,0,150,0.0,0.0
2017,9,HUANCAVELICA,CASTROVIRREYNA,1,50,0,50,0.0,0.0
2017,10,HUANCAVELICA,CASTROVIRREYNA,2,5,0,5,0.0,5.0
2017,11,HUANCAVELICA,CASTROVIRREYNA,1,157,0,157,0.0,0.0
2017,12,HUANCAVELICA,CASTROVIRREYNA,3,50,0,50,0.0,0.0
2018,1,HUANCAVELICA,CASTROVIRREYNA,10,533,18,551,0.0,0.0
2018,2,HUANCAVELICA,CASTROVIRREYNA,4,43,0,43,0.0,0.0
2018,3,HUANCAVELICA,CASTROVIRREYNA,7,258,140,398,0.0,8.0
2018,4,HUANCAVELICA,CASTROVIRREYNA,12,1607,0,1607,0.0,0.0
2018,5,HUANCAVELICA,CASTROVIRREYNA,23,842,0,842,0.0,0.0
2018,6,HUANCAVELICA,CASTROVIRREYNA,17,2544,0,2544,0.0,0.0
2018,7,HUANCAVELICA,CASTROVIRREYNA,7,1790,0,1790,0.0,0.0
2018,8,HUANCAVELICA,CASTROVIRREYNA,4,2125,0,2125,0.0,0.0
2018,9,HUANCAVELICA,CASTROVIRREYNA,6,163,0,163,0.0,0.0
2018,10,HUANCAVELICA,CASTROVIRREYNA,0,0,0,0,0.0,0.0
2018,11,HUANCAVELICA,CASTROVIRREYNA,4,105,0,105,0.0,0.0
2018,12,HUANCAVELICA,CASTROVIRREYNA,9,0,0,0,155.0,96.0
2019,1,HUANCAVELICA,CASTROVIRREYNA,3,9,1,10,0.0,2.0
2019,2,HUANCAVELICA,CASTROVIRREYNA,8,663,2,665,0.0,0.0
2019,3,HUANCAVELICA,CASTROVIRREYNA,14,1098,0,1098,0.0,24.0
2019,4,HUANCAVELICA,CASTROVIRREYNA,0,0,0,0,0.0,0.0
2019,5,HUANCAVELICA,CASTROVIRREYNA,0,0,0,0,0.0,0.0
2019,6,HUANCAVELICA,CASTROVIRREYNA,1,1,0,1,0.0,0.0
2019,7,HUANCAVELICA,CASTROVIRREYNA,12,916,0,916,300.0,301.5
2019,8,HUANCAVELICA,CASTROVIRREYNA,4,342,0,342,0.0,0.0
2019,9,HUANCAVELICA,CASTROVIRREYNA,0,0,0,0,0.0,0.0
2019,10,HUANCAVELICA,CASTROVIRREYNA,0,0,0,0,0.0,0.0
2019,11,HUANCAVELICA,CASTROVIRREYNA,0,0,0,0,0.0,0.0
2019,12,HUANCAVELICA,CASTROVIRREYNA,0,0,0,0,0.0,0.0
2020,1,HUANCAVELICA,CASTROVIRREYNA,13,167,0,167,93.1,294.0
2020,2,HUANCAVELICA,CASTROVIRREYNA,22,125,5,130,12.5,37.5
2020,3,HUANCAVELICA,CASTROVIRREYNA,7,11,0,11,0.0,0.0
2020,4,HUANCAVELICA,CASTROVIRREYNA,4,7,0,7,0.0,0.0
2020,5,HUANCAVELICA,CASTROVIRREYNA,2,4,0,4,0.0,0.0
2020,6,HUANCAVELICA,CASTROVIRREYNA,3,204,0,204,0.0,0.0
2020,7,HUANCAVELICA,CASTROVIRREYNA,12,2353,0,2353,282.02,463.02
2020,8,HUANCAVELICA,CASTROVIRREYNA,5,6,6,12,29.8,199.48
2020,9,HUANCAVELICA,CASTROVIRREYNA,1,0,0,0,36.64,344.6
2020,10,HUANCAVELICA,CASTROVIRREYNA,3,1,4,5,54.8,54.8
2020,11,HUANCAVELICA,CASTROVIRREYNA,1,12,0,12,0.0,0.0
2020,12,HUANCAVELICA,CASTROVIRREYNA,8,533,6,539,28.0,42.31
2021,1,HUANCAVELICA,CASTROVIRREYNA,7,88,0,88,0.0,0.0
2021,2,HUANCAVELICA,CASTROVIRREYNA,11,2,0,2,157.5,93.97
2021,3,HUANCAVELICA,CASTROVIRREYNA,2,5,1,6,0.0,0.0
2021,4,HUANCAVELICA,CASTROVIRREYNA,1,0,6,6,0.0,0.0
2021,5,HUANCAVELICA,CASTROVIRREYNA,1,18,0,18,4.0,4.0
2021,6,HUANCAVELICA,CASTROVIRREYNA,0,0,0,0,0.0,0.0
2021,7,HUANCAVELICA,CASTROVIRREYNA,1,25,0,25,4.0,10.46
2021,8,HUANCAVELICA,CASTROVIRREYNA,7,1747,0,1747,57.41,87.27
2021,9,HUANCAVELICA,CASTROVIRREYNA,0,0,0,0,0.0,0.0
2021,10,HUANCAVELICA,CASTROVIRREYNA,1,38,0,38,0.0,0.0
2021,11,HUANCAVELICA,CASTROVIRREYNA,0,0,0,0,0.0,0.0
2021,12,HUANCAVELICA,CASTROVIRREYNA,0,0,0,0,0.0,0.0
2022,1,HUANCAVELICA,CASTROVIRREYNA,1,6,0,6,0.0,0.0
2022,2,HUANCAVELICA,CASTROVIRREYNA,1,0,0,0,1.0,27.9
2022,3,HUANCAVELICA,CASTROVIRREYNA,2,9,0,9,0.0,0.0
2022,4,HUANCAVELICA,CASTROVIRREYNA,0,0,0,0,0.0,0.0
2022,5,HUANCAVELICA,CASTROVIRREYNA,4,1050,0,1050,0.0,0.0
2022,6,HUANCAVELICA,CASTROVIRREYNA,6,639,10,649,0.6,33.85
2022,7,HUANCAVELICA,CASTROVIRREYNA,1,5,13,18,0.0,0.0
2022,8,HUANCAVELICA,CASTROVIRREYNA,2,176,0,176,0.0,0.0
2022,9,HUANCAVELICA,CASTROVIRREYNA,4,10,0,10,0.0,0.0
2022,10,HUANCAVELICA,CASTROVIRREYNA,5,223,0,223,0.0,0.0
2022,11,HUANCAVELICA,CASTROVIRREYNA,9,4,0,4,52.6,165.2
2022,12,HUANCAVELICA,CASTROVIRREYNA,2,6,5,11,0.0,0.0
2023,1,HUANCAVELICA,CASTROVIRREYNA,2,7,1,8,0.9,8.0
2023,2,HUANCAVELICA,CASTROVIRREYNA,13,1361,6,1367,13.0,106.05
2023,3,HUANCAVELICA,CASTROVIRREYNA,23,2793,139,2932,138.55,282.8
2023,4,HUANCAVELICA,CASTROVIRREYNA,18,351,5,356,20.5,22.25
2023,5,HUANCAVELICA,CASTROVIRREYNA,4,2,12,14,7.4,29.51
2023,6,HUANCAVELICA,CASTROVIRREYNA,3,760,0,760,0.04,3.05
2023,7,HUANCAVELICA,CASTROVIRREYNA,5,475,3,478,12.0,88.0
2023,8,HUANCAVELICA,CASTROVIRREYNA,10,2673,0,2673,8.03,77.62
2023,9,HUANCAVELICA,CASTROVIRREYNA,4,1185,0,1185,0.0,0.0
2023,10,HUANCAVELICA,CASTROVIRREYNA,5,1519,3,1522,430.8,527.95
2023,11,HUANCAVELICA,CASTROVIRREYNA,4,590,4,594,4.82,29.25
2023,12,HUANCAVELICA,CASTROVIRREYNA,1,543,0,543,0.0,0.0
2024,1,HUANCAVELICA,CASTROVIRREYNA,25,2209,82,2291,52.36,362.29
2024,2,HUANCAVELICA,CASTROVIRREYNA,29,4308,257,4565,59.13,189.83
2024,3,HUANCAVELICA,CASTROVIRREYNA,33,915,313,1228,18.3,254.6
2024,4,HUANCAVELICA,CASTROVIRREYNA,16,276,90,366,4.04,1.83
2024,5,HUANCAVELICA,CASTROVIRREYNA,6,60,3,63,0.0,0.0
2024,6,HUANCAVELICA,CASTROVIRREYNA,7,2502,0,2502,5.71,281.08
2024,7,HUANCAVELICA,CASTROVIRREYNA,5,1907,209,2116,0.4,61.9
2024,8,HUANCAVELICA,CASTROVIRREYNA,2,749,0,749,0.0,0.0
2024,9,HUANCAVELICA,CASTROVIRREYNA,2,153,18,171,0.0,0.0
2024,10,HUANCAVELICA,CASTROVIRREYNA,1,0,14,14,0.0,0.0
2024,11,HUANCAVELICA,CASTROVIRREYNA,2,944,52,996,0.0,0.0
2024,12,HUANCAVELICA,CASTROVIRREYNA,5,528,25,553,0.0,0.0
2025,1,HUANCAVELICA,CASTROVIRREYNA,10,2937,78,3015,65.65,693.59
2025,2,HUANCAVELICA,CASTROVIRREYNA,26,3380,291,3671,0.0,59.68
2025,3,HUANCAVELICA,CASTROVIRREYNA,26,3178,377,3555,0.0,0.0
2025,4,HUANCAVELICA,CASTROVIRREYNA,12,515,240,755,0.0,0.0
2025,5,HUANCAVELICA,CASTROVIRREYNA,1,0,18,18,0.0,0.0
2025,6,HUANCAVELICA,CASTROVIRREYNA,1,413,0,413,0.0,0.0
2025,7,HUANCAVELICA,CASTROVIRREYNA,3,1727,0,1727,0.0,0.0
2025,8,HUANCAVELICA,CASTROVIRREYNA,2,1343,0,1343,0.0,0.0
2025,9,HUANCAVELICA,CASTROVIRREYNA,1,2,0,2,0.0,0.0
2025,10,HUANCAVELICA,CASTROVIRREYNA,1,3,0,3,0.0,0.0
2025,11,HUANCAVELICA,CASTROVIRREYNA,1,6,0,6,0.0,0.0
2025,12,HUANCAVELICA,CASTROVIRREYNA,1,38,0,38,0.0,0.0
2016,1,HUANCAVELICA,CHURCAMPA,8,186,0,186,0.0,80.0
2016,2,HUANCAVELICA,CHURCAMPA,4,444,18,462,0.0,0.0
2016,3,HUANCAVELICA,CHURCAMPA,3,418,0,418,0.0,0.0
2016,4,HUANCAVELICA,CHURCAMPA,1,1425,25,1450,0.0,33.0
2016,5,HUANCAVELICA,CHURCAMPA,1,0,0,0,0.0,0.0
2016,6,HUANCAVELICA,CHURCAMPA,8,8799,0,8799,0.0,0.0
2016,7,HUANCAVELICA,CHURCAMPA,14,10639,12,10651,0.0,0.0
2016,8,HUANCAVELICA,CHURCAMPA,3,230,15,245,0.0,0.0
2016,9,HUANCAVELICA,CHURCAMPA,2,8,0,8,0.0,0.0
2016,10,HUANCAVELICA,CHURCAMPA,8,96,24,120,0.0,0.0
2016,11,HUANCAVELICA,CHURCAMPA,11,75,0,75,0.0,0.0
2016,12,HUANCAVELICA,CHURCAMPA,16,2560,0,2560,0.0,7.0
2017,1,HUANCAVELICA,CHURCAMPA,13,11,50,61,12.0,23.0
2017,2,HUANCAVELICA,CHURCAMPA,23,240,170,410,45.0,83.0
2017,3,HUANCAVELICA,CHURCAMPA,21,890,231,1121,93.0,1941.0
2017,4,HUANCAVELICA,CHURCAMPA,2,36,36,72,0.0,0.0
2017,5,HUANCAVELICA,CHURCAMPA,6,10120,0,10120,0.0,36.0
2017,6,HUANCAVELICA,CHURCAMPA,2,315,0,315,0.0,0.0
2017,7,HUANCAVELICA,CHURCAMPA,3,1129,0,1129,0.0,20.0
2017,8,HUANCAVELICA,CHURCAMPA,4,468,0,468,0.0,0.0
2017,9,HUANCAVELICA,CHURCAMPA,1,206,0,206,0.0,0.0
2017,10,HUANCAVELICA,CHURCAMPA,2,492,0,492,0.0,0.0
2017,11,HUANCAVELICA,CHURCAMPA,5,51,6,57,0.0,25.0
2017,12,HUANCAVELICA,CHURCAMPA,1,120,132,252,3.0,20.0
2018,1,HUANCAVELICA,CHURCAMPA,3,19,13,32,1.0,1.0
2018,2,HUANCAVELICA,CHURCAMPA,0,0,0,0,0.0,0.0
2018,3,HUANCAVELICA,CHURCAMPA,3,25,10,35,0.0,0.0
2018,4,HUANCAVELICA,CHURCAMPA,2,9,0,9,0.0,0.0
2018,5,HUANCAVELICA,CHURCAMPA,1,0,0,0,0.0,0.0
2018,6,HUANCAVELICA,CHURCAMPA,4,7773,0,7773,0.0,0.0
2018,7,HUANCAVELICA,CHURCAMPA,0,0,0,0,0.0,0.0
2018,8,HUANCAVELICA,CHURCAMPA,0,0,0,0,0.0,0.0
2018,9,HUANCAVELICA,CHURCAMPA,0,0,0,0,0.0,0.0
2018,10,HUANCAVELICA,CHURCAMPA,0,0,0,0,0.0,0.0
2018,11,HUANCAVELICA,CHURCAMPA,1,0,0,0,0.0,3.0
2018,12,HUANCAVELICA,CHURCAMPA,11,17080,13365,30445,0.0,0.0
2019,1,HUANCAVELICA,CHURCAMPA,3,44,0,44,0.0,0.0
2019,2,HUANCAVELICA,CHURCAMPA,6,86,1,87,0.0,0.0
2019,3,HUANCAVELICA,CHURCAMPA,10,493,6,499,1.7,19.8
2019,4,HUANCAVELICA,CHURCAMPA,2,11,3,14,0.8,1.0
2019,5,HUANCAVELICA,CHURCAMPA,0,0,0,0,0.0,0.0
2019,6,HUANCAVELICA,CHURCAMPA,1,0,0,0,0.0,0.0
2019,7,HUANCAVELICA,CHURCAMPA,21,1678,0,1678,250.58,298.32
2019,8,HUANCAVELICA,CHURCAMPA,13,855,0,855,71.57,57.5
2019,9,HUANCAVELICA,CHURCAMPA,2,4,3,7,0.0,0.0
2019,10,HUANCAVELICA,CHURCAMPA,2,2,1,3,0.0,0.0
2019,11,HUANCAVELICA,CHURCAMPA,0,0,0,0,0.0,0.0
2019,12,HUANCAVELICA,CHURCAMPA,1,0,6,6,0.0,0.0
2020,1,HUANCAVELICA,CHURCAMPA,3,297,4,301,132.55,143.3
2020,2,HUANCAVELICA,CHURCAMPA,2,0,4,4,0.0,0.0
2020,3,HUANCAVELICA,CHURCAMPA,5,16,0,16,1.25,5.0
2020,4,HUANCAVELICA,CHURCAMPA,3,15,8,23,14.8,23.2
2020,5,HUANCAVELICA,CHURCAMPA,3,21,0,21,234.0,273.0
2020,6,HUANCAVELICA,CHURCAMPA,10,2412,0,2412,1487.14,2121.13
2020,7,HUANCAVELICA,CHURCAMPA,4,58,0,58,239.43,389.48
2020,8,HUANCAVELICA,CHURCAMPA,3,8,0,8,46.45,98.2
2020,9,HUANCAVELICA,CHURCAMPA,3,0,0,0,100.7,143.6
2020,10,HUANCAVELICA,CHURCAMPA,1,0,3,3,0.25,1.0
2020,11,HUANCAVELICA,CHURCAMPA,1,0,0,0,5.84,5.93
2020,12,HUANCAVELICA,CHURCAMPA,2,4,5,9,0.5,2.0
2021,1,HUANCAVELICA,CHURCAMPA,4,57,28,85,221.23,436.76
2021,2,HUANCAVELICA,CHURCAMPA,15,143,5,148,1315.91,1886.28
2021,3,HUANCAVELICA,CHURCAMPA,6,27,13,40,0.4,0.55
2021,4,HUANCAVELICA,CHURCAMPA,4,25,15,40,1.55,3.1
2021,5,HUANCAVELICA,CHURCAMPA,3,8,0,8,30.6,38.4
2021,6,HUANCAVELICA,CHURCAMPA,0,0,0,0,0.0,0.0
2021,7,HUANCAVELICA,CHURCAMPA,1,5,0,5,0.33,0.52
2021,8,HUANCAVELICA,CHURCAMPA,9,489,0,489,185.98,1036.06
2021,9,HUANCAVELICA,CHURCAMPA,4,50,0,50,1.0,2.0
2021,10,HUANCAVELICA,CHURCAMPA,2,6,0,6,29.12,31.62
2021,11,HUANCAVELICA,CHURCAMPA,0,0,0,0,0.0,0.0
2021,12,HUANCAVELICA,CHURCAMPA,0,0,0,0,0.0,0.0
2022,1,HUANCAVELICA,CHURCAMPA,6,0,5,5,3.8,10.15
2022,2,HUANCAVELICA,CHURCAMPA,4,29,8,37,10.06,40.26
2022,3,HUANCAVELICA,CHURCAMPA,12,131,25,156,3.65,8.62
2022,4,HUANCAVELICA,CHURCAMPA,9,3,11,14,31.42,121.75
2022,5,HUANCAVELICA,CHURCAMPA,0,0,0,0,0.0,0.0
2022,6,HUANCAVELICA,CHURCAMPA,0,0,0,0,0.0,0.0
2022,7,HUANCAVELICA,CHURCAMPA,2,5,10,15,188.96,394.21
2022,8,HUANCAVELICA,CHURCAMPA,4,170,0,170,3.0,5.0
2022,9,HUANCAVELICA,CHURCAMPA,5,209,0,209,221.5,440.0
2022,10,HUANCAVELICA,CHURCAMPA,1,2,2,4,0.0,0.0
2022,11,HUANCAVELICA,CHURCAMPA,6,0,0,0,4736.94,8101.13
2022,12,HUANCAVELICA,CHURCAMPA,0,0,0,0,0.0,0.0
2023,1,HUANCAVELICA,CHURCAMPA,3,0,3,3,0.24,0.49
2023,2,HUANCAVELICA,CHURCAMPA,15,37,6,43,230.78,480.1
2023,3,HUANCAVELICA,CHURCAMPA,12,474,23,497,96.35,255.57
2023,4,HUANCAVELICA,CHURCAMPA,18,418,11,429,37.04,73.17
2023,5,HUANCAVELICA,CHURCAMPA,15,52,11,63,139.47,270.9
2023,6,HUANCAVELICA,CHURCAMPA,10,2441,2,2443,332.66,597.63
2023,7,HUANCAVELICA,CHURCAMPA,7,612,8,620,1293.01,1831.89
2023,8,HUANCAVELICA,CHURCAMPA,17,929,5,934,218.99,375.87
2023,9,HUANCAVELICA,CHURCAMPA,13,2191,6,2197,171.63,245.13
2023,10,HUANCAVELICA,CHURCAMPA,11,574,10,584,422.11,1512.48
2023,11,HUANCAVELICA,CHURCAMPA,9,844,4,848,769.34,1107.09
2023,12,HUANCAVELICA,CHURCAMPA,12,102,27,129,99.84,184.72
2024,1,HUANCAVELICA,CHURCAMPA,19,5786,143,5929,925.83,1952.96
2024,2,HUANCAVELICA,CHURCAMPA,22,1658,95,1753,113.6,613.19
2024,3,HUANCAVELICA,CHURCAMPA,37,2016,268,2284,195.43,461.99
2024,4,HUANCAVELICA,CHURCAMPA,31,1803,243,2046,37.17,94.78
2024,5,HUANCAVELICA,CHURCAMPA,13,866,381,1247,8.01,17.89
2024,6,HUANCAVELICA,CHURCAMPA,10,1421,2,1423,30.73,97.08
2024,7,HUANCAVELICA,CHURCAMPA,10,1180,25,1205,10.29,48.78
2024,8,HUANCAVELICA,CHURCAMPA,9,1658,0,1658,946.29,2041.6
2024,9,HUANCAVELICA,CHURCAMPA,6,1610,10,1620,0.0,0.26
2024,10,HUANCAVELICA,CHURCAMPA,8,302,6,308,54.09,73.45
2024,11,HUANCAVELICA,CHURCAMPA,14,1406,168,1574,32.33,63.38
2024,12,HUANCAVELICA,CHURCAMPA,3,383,93,476,0.0,0.0
2025,1,HUANCAVELICA,CHURCAMPA,19,1233,249,1482,0.33,9.59
2025,2,HUANCAVELICA,CHURCAMPA,40,3438,326,3764,0.2,11.5
2025,3,HUANCAVELICA,CHURCAMPA,59,3975,2354,6329,0.0,0.0
2025,4,HUANCAVELICA,CHURCAMPA,26,1668,991,2659,0.0,0.0
2025,5,HUANCAVELICA,CHURCAMPA,8,666,83,749,0.0,21.0
2025,6,HUANCAVELICA,CHURCAMPA,1,53,0,53,0.0,0.0
2025,7,HUANCAVELICA,CHURCAMPA,5,1971,0,1971,0.0,103.68
2025,8,HUANCAVELICA,CHURCAMPA,2,559,0,559,0.0,18.3
2025,9,HUANCAVELICA,CHURCAMPA,2,224,3,227,0.0,0.0
2025,10,HUANCAVELICA,CHURCAMPA,4,14,44,58,0.0,0.0
2025,11,HUANCAVELICA,CHURCAMPA,5,167,0,167,0.0,47.0
2025,12,HUANCAVELICA,CHURCAMPA,2,298,0,298,82.3,143.8
2016,1,HUANCAVELICA,HUAYTARA,0,0,0,0,0.0,0.0
2016,2,HUANCAVELICA,HUAYTARA,21,311,0,311,196.0,520.0
2016,3,HUANCAVELICA,HUAYTARA,0,0,0,0,0.0,0.0
2016,4,HUANCAVELICA,HUAYTARA,1,127,11,138,0.0,0.0
2016,5,HUANCAVELICA,HUAYTARA,3,3320,0,3320,0.0,0.0
2016,6,HUANCAVELICA,HUAYTARA,18,11150,0,11150,3.0,277.0
2016,7,HUANCAVELICA,HUAYTARA,14,9032,0,9032,694.0,0.0
2016,8,HUANCAVELICA,HUAYTARA,0,0,0,0,0.0,0.0
2016,9,HUANCAVELICA,HUAYTARA,16,21775,0,21775,818.0,1451.0
2016,10,HUANCAVELICA,HUAYTARA,0,0,0,0,0.0,0.0
2016,11,HUANCAVELICA,HUAYTARA,2,245,0,245,0.0,0.0
2016,12,HUANCAVELICA,HUAYTARA,7,759,0,759,0.0,0.0
2017,1,HUANCAVELICA,HUAYTARA,29,4245,1073,5318,0.0,22.0
2017,2,HUANCAVELICA,HUAYTARA,14,2100,436,2536,4.0,70.0
2017,3,HUANCAVELICA,HUAYTARA,29,6672,411,7083,4.0,234.0
2017,4,HUANCAVELICA,HUAYTARA,8,757,17,774,0.0,0.0
2017,5,HUANCAVELICA,HUAYTARA,1,216,64,280,0.0,0.0
2017,6,HUANCAVELICA,HUAYTARA,0,0,0,0,0.0,0.0
2017,7,HUANCAVELICA,HUAYTARA,1,250,0,250,0.0,0.0
2017,8,HUANCAVELICA,HUAYTARA,0,0,0,0,0.0,0.0
2017,9,HUANCAVELICA,HUAYTARA,1,22,0,22,0.0,0.0
2017,10,HUANCAVELICA,HUAYTARA,0,0,0,0,0.0,0.0
2017,11,HUANCAVELICA,HUAYTARA,0,0,0,0,0.0,0.0
2017,12,HUANCAVELICA,HUAYTARA,0,0,0,0,0.0,0.0
2018,1,HUANCAVELICA,HUAYTARA,0,0,0,0,0.0,0.0
2018,2,HUANCAVELICA,HUAYTARA,0,0,0,0,0.0,0.0
2018,3,HUANCAVELICA,HUAYTARA,1,67,58,125,0.0,4.0
2018,4,HUANCAVELICA,HUAYTARA,0,0,0,0,0.0,0.0
2018,5,HUANCAVELICA,HUAYTARA,1,0,0,0,0.0,0.0
2018,6,HUANCAVELICA,HUAYTARA,3,3077,0,3077,0.0,0.0
2018,7,HUANCAVELICA,HUAYTARA,4,855,0,855,0.0,0.0
2018,8,HUANCAVELICA,HUAYTARA,0,0,0,0,0.0,0.0
2018,9,HUANCAVELICA,HUAYTARA,0,0,0,0,0.0,0.0
2018,10,HUANCAVELICA,HUAYTARA,0,0,0,0,0.0,0.0
2018,11,HUANCAVELICA,HUAYTARA,0,0,0,0,0.0,0.0
2018,12,HUANCAVELICA,HUAYTARA,14,17838,0,17838,0.0,0.0
2019,1,HUANCAVELICA,HUAYTARA,2,116,0,116,0.0,0.0
2019,2,HUANCAVELICA,HUAYTARA,14,997,0,997,0.0,0.0
2019,3,HUANCAVELICA,HUAYTARA,10,438,2,440,0.0,0.0
2019,4,HUANCAVELICA,HUAYTARA,1,37,0,37,0.0,0.0
2019,5,HUANCAVELICA,HUAYTARA,1,630,1,631,0.0,0.0
2019,6,HUANCAVELICA,HUAYTARA,1,324,0,324,0.0,0.0
2019,7,HUANCAVELICA,HUAYTARA,12,4211,0,4211,0.0,0.0
2019,8,HUANCAVELICA,HUAYTARA,3,1136,0,1136,0.0,0.0
2019,9,HUANCAVELICA,HUAYTARA,0,0,0,0,0.0,0.0
2019,10,HUANCAVELICA,HUAYTARA,0,0,0,0,0.0,0.0
2019,11,HUANCAVELICA,HUAYTARA,0,0,0,0,0.0,0.0
2019,12,HUANCAVELICA,HUAYTARA,0,0,0,0,0.0,0.0
2020,1,HUANCAVELICA,HUAYTARA,4,327,0,327,40.48,55.3
2020,2,HUANCAVELICA,HUAYTARA,0,0,0,0,0.0,0.0
2020,3,HUANCAVELICA,HUAYTARA,1,124,0,124,85.0,141.0
2020,4,HUANCAVELICA,HUAYTARA,1,106,0,106,3.25,19.1
2020,5,HUANCAVELICA,HUAYTARA,0,0,0,0,0.0,0.0
2020,6,HUANCAVELICA,HUAYTARA,2,0,0,0,7.5,835.44
2020,7,HUANCAVELICA,HUAYTARA,4,596,0,596,0.0,0.0
2020,8,HUANCAVELICA,HUAYTARA,1,67,0,67,0.0,0.0
2020,9,HUANCAVELICA,HUAYTARA,0,0,0,0,0.0,0.0
2020,10,HUANCAVELICA,HUAYTARA,0,0,0,0,0.0,0.0
2020,11,HUANCAVELICA,HUAYTARA,0,0,0,0,0.0,0.0
2020,12,HUANCAVELICA,HUAYTARA,0,0,0,0,0.0,0.0
2021,1,HUANCAVELICA,HUAYTARA,0,0,0,0,0.0,0.0
2021,2,HUANCAVELICA,HUAYTARA,17,1551,5,1556,560.67,713.55
2021,3,HUANCAVELICA,HUAYTARA,1,110,0,110,0.0,0.0
2021,4,HUANCAVELICA,HUAYTARA,1,11,1,12,0.0,252.0
2021,5,HUANCAVELICA,HUAYTARA,0,0,0,0,0.0,0.0
2021,6,HUANCAVELICA,HUAYTARA,0,0,0,0,0.0,0.0
2021,7,HUANCAVELICA,HUAYTARA,0,0,0,0,0.0,0.0
2021,8,HUANCAVELICA,HUAYTARA,16,4889,0,4889,228.25,399.67
2021,9,HUANCAVELICA,HUAYTARA,0,0,0,0,0.0,0.0
2021,10,HUANCAVELICA,HUAYTARA,0,0,0,0,0.0,0.0
2021,11,HUANCAVELICA,HUAYTARA,0,0,0,0,0.0,0.0
2021,12,HUANCAVELICA,HUAYTARA,0,0,0,0,0.0,0.0
2022,1,HUANCAVELICA,HUAYTARA,0,0,0,0,0.0,0.0
2022,2,HUANCAVELICA,HUAYTARA,2,106,1,107,0.0,0.0
2022,3,HUANCAVELICA,HUAYTARA,2,0,1,1,0.8,21.8
2022,4,HUANCAVELICA,HUAYTARA,0,0,0,0,0.0,0.0
2022,5,HUANCAVELICA,HUAYTARA,0,0,0,0,0.0,0.0
2022,6,HUANCAVELICA,HUAYTARA,10,2714,0,2714,603.89,1156.9
2022,7,HUANCAVELICA,HUAYTARA,1,0,0,0,40.65,52.3
2022,8,HUANCAVELICA,HUAYTARA,0,0,0,0,0.0,0.0
2022,9,HUANCAVELICA,HUAYTARA,0,0,0,0,0.0,0.0
2022,10,HUANCAVELICA,HUAYTARA,1,0,0,0,0.0,0.0
2022,11,HUANCAVELICA,HUAYTARA,13,0,0,0,118.7,263.56
2022,12,HUANCAVELICA,HUAYTARA,0,0,0,0,0.0,0.0
2023,1,HUANCAVELICA,HUAYTARA,4,223,0,223,2.0,2.0
2023,2,HUANCAVELICA,HUAYTARA,21,348,9,357,45.95,429.32
2023,3,HUANCAVELICA,HUAYTARA,40,3038,147,3185,72.77,177.33
2023,4,HUANCAVELICA,HUAYTARA,21,1209,165,1374,12.25,17.27
2023,5,HUANCAVELICA,HUAYTARA,1,0,0,0,0.0,0.0
2023,6,HUANCAVELICA,HUAYTARA,8,769,5,774,12.92,102.98
2023,7,HUANCAVELICA,HUAYTARA,4,611,0,611,6.32,21.19
2023,8,HUANCAVELICA,HUAYTARA,9,1136,0,1136,431.4,1228.06
2023,9,HUANCAVELICA,HUAYTARA,5,1608,1,1609,0.37,1.55
2023,10,HUANCAVELICA,HUAYTARA,8,907,0,907,109.51,378.46
2023,11,HUANCAVELICA,HUAYTARA,4,161,2,163,48.3,65.6
2023,12,HUANCAVELICA,HUAYTARA,9,41,0,41,26.7,55.2
2024,1,HUANCAVELICA,HUAYTARA,24,864,160,1024,10.3,86.88
2024,2,HUANCAVELICA,HUAYTARA,30,3361,359,3720,49.96,399.04
2024,3,HUANCAVELICA,HUAYTARA,39,4359,763,5122,31.36,90.3
2024,4,HUANCAVELICA,HUAYTARA,27,5295,637,5932,71.5,266.12
2024,5,HUANCAVELICA,HUAYTARA,7,2194,157,2351,0.0,0.0
2024,6,HUANCAVELICA,HUAYTARA,17,6765,51,6816,0.0,0.0
2024,7,HUANCAVELICA,HUAYTARA,11,3073,1,3074,0.01,159.76
2024,8,HUANCAVELICA,HUAYTARA,10,1432,40,1472,0.3,8.7
2024,9,HUANCAVELICA,HUAYTARA,6,1225,10,1235,0.61,50.6
2024,10,HUANCAVELICA,HUAYTARA,4,689,17,706,0.0,0.0
2024,11,HUANCAVELICA,HUAYTARA,10,2927,118,3045,1.27,5.74
2024,12,HUANCAVELICA,HUAYTARA,6,1174,26,1200,0.0,0.0
2025,1,HUANCAVELICA,HUAYTARA,14,2637,129,2766,7.66,315.36
2025,2,HUANCAVELICA,HUAYTARA,55,5266,1595,6861,0.0,0.0
2025,3,HUANCAVELICA,HUAYTARA,50,8871,662,9533,0.0,0.28
2025,4,HUANCAVELICA,HUAYTARA,5,82,535,617,0.0,0.0
2025,5,HUANCAVELICA,HUAYTARA,2,42,0,42,0.0,0.0
2025,6,HUANCAVELICA,HUAYTARA,2,439,1,440,0.0,0.0
2025,7,HUANCAVELICA,HUAYTARA,7,881,0,881,0.0,112.65
2025,8,HUANCAVELICA,HUAYTARA,6,1333,28,1361,0.0,0.0
2025,9,HUANCAVELICA,HUAYTARA,3,830,0,830,0.0,0.0
2025,10,HUANCAVELICA,HUAYTARA,1,133,3,136,0.0,0.0
2025,11,HUANCAVELICA,HUAYTARA,2,117,10,127,0.0,2.05
2025,12,HUANCAVELICA,HUAYTARA,1,86,3,89,0.0,0.0
2016,1,HUANCAVELICA,TAYACAJA,12,221,0,221,637.0,1991.0
2016,2,HUANCAVELICA,TAYACAJA,4,212,16,228,0.0,0.0
2016,3,HUANCAVELICA,TAYACAJA,2,156,0,156,0.0,0.0
2016,4,HUANCAVELICA,TAYACAJA,0,0,0,0,0.0,0.0
2016,5,HUANCAVELICA,TAYACAJA,1,1460,0,1460,0.0,0.0
2016,6,HUANCAVELICA,TAYACAJA,2,1700,0,1700,0.0,0.0
2016,7,HUANCAVELICA,TAYACAJA,0,0,0,0,0.0,0.0
2016,8,HUANCAVELICA,TAYACAJA,9,1894,0,1894,0.0,0.0
2016,9,HUANCAVELICA,TAYACAJA,1,1616,0,1616,0.0,0.0
2016,10,HUANCAVELICA,TAYACAJA,0,0,0,0,0.0,0.0
2016,11,HUANCAVELICA,TAYACAJA,1,100,0,100,0.0,0.0
2016,12,HUANCAVELICA,TAYACAJA,3,1200,0,1200,0.0,0.0
2017,1,HUANCAVELICA,TAYACAJA,9,249,0,249,0.0,19.0
2017,2,HUANCAVELICA,TAYACAJA,10,71,25,96,0.0,132.0
2017,3,HUANCAVELICA,TAYACAJA,14,590,82,672,50.0,617.0
2017,4,HUANCAVELICA,TAYACAJA,1,0,0,0,0.0,0.0
2017,5,HUANCAVELICA,TAYACAJA,1,2200,0,2200,0.0,0.0
2017,6,HUANCAVELICA,TAYACAJA,1,1182,0,1182,0.0,0.0
2017,7,HUANCAVELICA,TAYACAJA,1,2300,0,2300,0.0,0.0
2017,8,HUANCAVELICA,TAYACAJA,5,2221,11,2232,0.0,0.0
2017,9,HUANCAVELICA,TAYACAJA,10,4,0,4,0.0,0.0
2017,10,HUANCAVELICA,TAYACAJA,4,4,16,20,0.0,197.0
2017,11,HUANCAVELICA,TAYACAJA,3,65,0,65,4.0,39.0
2017,12,HUANCAVELICA,TAYACAJA,0,0,0,0,0.0,0.0
2018,1,HUANCAVELICA,TAYACAJA,4,0,12,12,0.0,0.0
2018,2,HUANCAVELICA,TAYACAJA,5,618,68,686,0.0,3.0
2018,3,HUANCAVELICA,TAYACAJA,8,677,308,985,4.0,24.0
2018,4,HUANCAVELICA,TAYACAJA,0,0,0,0,0.0,0.0
2018,5,HUANCAVELICA,TAYACAJA,2,3185,0,3185,0.0,0.0
2018,6,HUANCAVELICA,TAYACAJA,3,5482,0,5482,0.0,0.0
2018,7,HUANCAVELICA,TAYACAJA,2,169,0,169,0.0,0.0
2018,8,HUANCAVELICA,TAYACAJA,0,0,0,0,0.0,0.0
2018,9,HUANCAVELICA,TAYACAJA,0,0,0,0,0.0,0.0
2018,10,HUANCAVELICA,TAYACAJA,0,0,0,0,0.0,0.0
2018,11,HUANCAVELICA,TAYACAJA,2,0,0,0,28.0,20.0
2018,12,HUANCAVELICA,TAYACAJA,1,50,0,50,0.0,0.0
2019,1,HUANCAVELICA,TAYACAJA,1,34,12,46,0.0,0.0
2019,2,HUANCAVELICA,TAYACAJA,5,0,0,0,0.0,15.5
2019,3,HUANCAVELICA,TAYACAJA,11,215,4,219,1.25,163.0
2019,4,HUANCAVELICA,TAYACAJA,3,149,0,149,0.0,90.0
2019,5,HUANCAVELICA,TAYACAJA,2,1,0,1,0.0,0.0
2019,6,HUANCAVELICA,TAYACAJA,2,178,0,178,0.0,0.0
2019,7,HUANCAVELICA,TAYACAJA,8,1150,0,1150,0.0,0.0
2019,8,HUANCAVELICA,TAYACAJA,8,273,0,273,782.53,993.53
2019,9,HUANCAVELICA,TAYACAJA,1,1,0,1,0.0,0.0
2019,10,HUANCAVELICA,TAYACAJA,10,435,0,435,0.0,0.0
2019,11,HUANCAVELICA,TAYACAJA,13,778,0,778,0.0,0.0
2019,12,HUANCAVELICA,TAYACAJA,19,470,6,476,7.75,73.0
2020,1,HUANCAVELICA,TAYACAJA,5,31,0,31,2.0,215.5
2020,2,HUANCAVELICA,TAYACAJA,12,235,4,239,641.48,65.98
2020,3,HUANCAVELICA,TAYACAJA,3,8,0,8,29.0,84.0
2020,4,HUANCAVELICA,TAYACAJA,4,4,8,12,0.0,3.7
2020,5,HUANCAVELICA,TAYACAJA,8,558,4,562,442.65,359.95
2020,6,HUANCAVELICA,TAYACAJA,9,655,1,656,4.0,6.0
2020,7,HUANCAVELICA,TAYACAJA,1,0,0,0,5.0,17.0
2020,8,HUANCAVELICA,TAYACAJA,4,1637,2,1639,301.41,427.56
2020,9,HUANCAVELICA,TAYACAJA,6,15,0,15,3.03,6.09
2020,10,HUANCAVELICA,TAYACAJA,7,17,8,25,11.25,7.0
2020,11,HUANCAVELICA,TAYACAJA,13,34,4,38,1016.69,1361.91
2020,12,HUANCAVELICA,TAYACAJA,7,16,0,16,332.73,470.3
2021,1,HUANCAVELICA,TAYACAJA,23,234,4,238,59.6,128.85
2021,2,HUANCAVELICA,TAYACAJA,26,53,11,64,2279.22,3665.68
2021,3,HUANCAVELICA,TAYACAJA,9,17,38,55,61.0,106.0
2021,4,HUANCAVELICA,TAYACAJA,22,147,12,159,20.54,36.7
2021,5,HUANCAVELICA,TAYACAJA,3,81,0,81,0.0,0.0
2021,6,HUANCAVELICA,TAYACAJA,1,0,0,0,36.0,43.0
2021,7,HUANCAVELICA,TAYACAJA,2,7,0,7,0.0,0.0
2021,8,HUANCAVELICA,TAYACAJA,2,366,0,366,19.0,70.9
2021,9,HUANCAVELICA,TAYACAJA,5,21,0,21,21.24,220.0
2021,10,HUANCAVELICA,TAYACAJA,5,117,8,125,3.25,7.3
2021,11,HUANCAVELICA,TAYACAJA,6,140,12,152,8.44,11.46
2021,12,HUANCAVELICA,TAYACAJA,0,0,0,0,0.0,0.0
2022,1,HUANCAVELICA,TAYACAJA,5,5,2,7,15.57,33.7
2022,2,HUANCAVELICA,TAYACAJA,11,24,23,47,25.05,52.0
2022,3,HUANCAVELICA,TAYACAJA,9,30,89,119,129.7,129.0
2022,4,HUANCAVELICA,TAYACAJA,4,49,16,65,0.0,0.0
2022,5,HUANCAVELICA,TAYACAJA,1,13,0,13,0.0,0.0
2022,6,HUANCAVELICA,TAYACAJA,4,1249,0,1249,369.4,495.33
2022,7,HUANCAVELICA,TAYACAJA,5,231,0,231,149.27,185.0
2022,8,HUANCAVELICA,TAYACAJA,6,23,0,23,131.85,158.05
2022,9,HUANCAVELICA,TAYACAJA,0,0,0,0,0.0,0.0
2022,10,HUANCAVELICA,TAYACAJA,0,0,0,0,0.0,0.0
2022,11,HUANCAVELICA,TAYACAJA,7,0,0,0,1616.96,2692.03
2022,12,HUANCAVELICA,TAYACAJA,1,0,0,0,36.5,54.8
2023,1,HUANCAVELICA,TAYACAJA,4,9,0,9,0.0,637.0
2023,2,HUANCAVELICA,TAYACAJA,28,763,946,1709,338.11,808.34
2023,3,HUANCAVELICA,TAYACAJA,24,598,28,626,232.6,357.9
2023,4,HUANCAVELICA,TAYACAJA,15,472,36,508,140.6,408.75
2023,5,HUANCAVELICA,TAYACAJA,30,250,84,334,242.21,855.26
2023,6,HUANCAVELICA,TAYACAJA,18,2442,0,2442,761.26,1109.91
2023,7,HUANCAVELICA,TAYACAJA,14,1993,5,1998,916.37,1070.99
2023,8,HUANCAVELICA,TAYACAJA,22,1686,39,1725,956.8,2376.27
2023,9,HUANCAVELICA,TAYACAJA,28,1597,49,1646,601.37,1536.29
2023,10,HUANCAVELICA,TAYACAJA,22,1114,44,1158,286.11,644.22
2023,11,HUANCAVELICA,TAYACAJA,25,1312,38,1350,169.47,407.76
2023,12,HUANCAVELICA,TAYACAJA,16,2050,501,2551,181.78,481.08
2024,1,HUANCAVELICA,TAYACAJA,22,3755,65,3820,897.78,1393.91
2024,2,HUANCAVELICA,TAYACAJA,61,5939,280,6219,1748.83,3277.32
2024,3,HUANCAVELICA,TAYACAJA,89,6698,783,7481,1498.7,2933.08
2024,4,HUANCAVELICA,TAYACAJA,55,2452,866,3318,65.94,164.15
2024,5,HUANCAVELICA,TAYACAJA,23,919,603,1522,1.1,4.85
2024,6,HUANCAVELICA,TAYACAJA,26,5351,336,5687,842.65,1547.39
2024,7,HUANCAVELICA,TAYACAJA,20,6383,2,6385,122.73,472.14
2024,8,HUANCAVELICA,TAYACAJA,19,3767,24,3791,164.89,311.12
2024,9,HUANCAVELICA,TAYACAJA,14,2777,17,2794,174.06,205.23
2024,10,HUANCAVELICA,TAYACAJA,9,544,17,561,137.88,95.75
2024,11,HUANCAVELICA,TAYACAJA,25,1217,124,1341,32.03,65.85
2024,12,HUANCAVELICA,TAYACAJA,15,2391,85,2476,0.8,662.6
2025,1,HUANCAVELICA,TAYACAJA,25,1358,1653,3011,1.08,63.18
2025,2,HUANCAVELICA,TAYACAJA,69,4067,3494,7561,32.4,476.45
2025,3,HUANCAVELICA,TAYACAJA,100,8008,3025,11033,281.75,230.95
2025,4,HUANCAVELICA,TAYACAJA,31,646,640,1286,27.2,26.7
2025,5,HUANCAVELICA,TAYACAJA,12,43,591,634,5.4,6.8
2025,6,HUANCAVELICA,TAYACAJA,10,601,124,725,0.0,0.0
2025,7,HUANCAVELICA,TAYACAJA,9,1993,0,1993,171.0,157.73
2025,8,HUANCAVELICA,TAYACAJA,8,1306,6,1312,96.2,118.69
2025,9,HUANCAVELICA,TAYACAJA,9,3024,0,3024,21.25,16.0
2025,10,HUANCAVELICA,TAYACAJA,5,505,62,567,0.0,0.0
2025,11,HUANCAVELICA,TAYACAJA,10,303,101,404,0.0,0.0
2025,12,HUANCAVELICA,TAYACAJA,7,476,2,478,0.0,190.47
2016,1,HUANUCO,HUACAYBAMBA,5,300,0,300,635.0,1222.0
2016,2,HUANUCO,HUACAYBAMBA,0,0,0,0,0.0,0.0
2016,3,HUANUCO,HUACAYBAMBA,4,300,0,300,0.0,0.0
2016,4,HUANUCO,HUACAYBAMBA,0,0,0,0,0.0,0.0
2016,5,HUANUCO,HUACAYBAMBA,0,0,0,0,0.0,0.0
2016,6,HUANUCO,HUACAYBAMBA,0,0,0,0,0.0,0.0
2016,7,HUANUCO,HUACAYBAMBA,0,0,0,0,0.0,0.0
2016,8,HUANUCO,HUACAYBAMBA,1,4747,0,4747,0.0,0.0
2016,9,HUANUCO,HUACAYBAMBA,0,0,0,0,0.0,0.0
2016,10,HUANUCO,HUACAYBAMBA,0,0,0,0,0.0,0.0
2016,11,HUANUCO,HUACAYBAMBA,4,0,0,0,101.0,401.0
2016,12,HUANUCO,HUACAYBAMBA,0,0,0,0,0.0,0.0
2017,1,HUANUCO,HUACAYBAMBA,2,0,0,0,0.0,0.0
2017,2,HUANUCO,HUACAYBAMBA,1,0,0,0,0.0,0.0
2017,3,HUANUCO,HUACAYBAMBA,0,0,0,0,0.0,0.0
2017,4,HUANUCO,HUACAYBAMBA,1,0,0,0,0.0,0.0
2017,5,HUANUCO,HUACAYBAMBA,0,0,0,0,0.0,0.0
2017,6,HUANUCO,HUACAYBAMBA,0,0,0,0,0.0,0.0
2017,7,HUANUCO,HUACAYBAMBA,0,0,0,0,0.0,0.0
2017,8,HUANUCO,HUACAYBAMBA,1,0,0,0,0.0,0.0
2017,9,HUANUCO,HUACAYBAMBA,0,0,0,0,0.0,0.0
2017,10,HUANUCO,HUACAYBAMBA,0,0,0,0,0.0,0.0
2017,11,HUANUCO,HUACAYBAMBA,0,0,0,0,0.0,0.0
2017,12,HUANUCO,HUACAYBAMBA,0,0,0,0,0.0,0.0
2018,1,HUANUCO,HUACAYBAMBA,1,0,0,0,0.0,0.0
2018,2,HUANUCO,HUACAYBAMBA,0,0,0,0,0.0,0.0
2018,3,HUANUCO,HUACAYBAMBA,0,0,0,0,0.0,0.0
2018,4,HUANUCO,HUACAYBAMBA,2,1500,0,1500,0.0,49.0
2018,5,HUANUCO,HUACAYBAMBA,0,0,0,0,0.0,0.0
2018,6,HUANUCO,HUACAYBAMBA,0,0,0,0,0.0,0.0
2018,7,HUANUCO,HUACAYBAMBA,0,0,0,0,0.0,0.0
2018,8,HUANUCO,HUACAYBAMBA,0,0,0,0,0.0,0.0
2018,9,HUANUCO,HUACAYBAMBA,0,0,0,0,0.0,0.0
2018,10,HUANUCO,HUACAYBAMBA,0,0,0,0,0.0,0.0
2018,11,HUANUCO,HUACAYBAMBA,0,0,0,0,0.0,0.0
2018,12,HUANUCO,HUACAYBAMBA,1,0,0,0,0.0,0.0
2019,1,HUANUCO,HUACAYBAMBA,1,2,0,2,0.0,0.0
2019,2,HUANUCO,HUACAYBAMBA,3,39,6,45,3.71,25.51
2019,3,HUANUCO,HUACAYBAMBA,2,44,32,76,0.0,2.31
2019,4,HUANUCO,HUACAYBAMBA,1,21,25,46,0.0,0.0
2019,5,HUANUCO,HUACAYBAMBA,0,0,0,0,0.0,0.0
2019,6,HUANUCO,HUACAYBAMBA,2,0,4,4,0.0,0.0
2019,7,HUANUCO,HUACAYBAMBA,2,0,0,0,0.0,0.0
2019,8,HUANUCO,HUACAYBAMBA,2,6,0,6,0.0,9.92
2019,9,HUANUCO,HUACAYBAMBA,0,0,0,0,0.0,0.0
2019,10,HUANUCO,HUACAYBAMBA,0,0,0,0,0.0,0.0
2019,11,HUANUCO,HUACAYBAMBA,0,0,0,0,0.0,0.0
2019,12,HUANUCO,HUACAYBAMBA,4,214,2,216,15.0,50.41
2020,1,HUANUCO,HUACAYBAMBA,4,0,6,6,0.0,5.0
2020,2,HUANUCO,HUACAYBAMBA,2,0,0,0,0.0,0.0
2020,3,HUANUCO,HUACAYBAMBA,0,0,0,0,0.0,0.0
2020,4,HUANUCO,HUACAYBAMBA,0,0,0,0,0.0,0.0
2020,5,HUANUCO,HUACAYBAMBA,0,0,0,0,0.0,0.0
2020,6,HUANUCO,HUACAYBAMBA,0,0,0,0,0.0,0.0
2020,7,HUANUCO,HUACAYBAMBA,0,0,0,0,0.0,0.0
2020,8,HUANUCO,HUACAYBAMBA,3,0,0,0,0.0,71.37
2020,9,HUANUCO,HUACAYBAMBA,1,178,0,178,0.0,0.0
2020,10,HUANUCO,HUACAYBAMBA,0,0,0,0,0.0,0.0
2020,11,HUANUCO,HUACAYBAMBA,0,0,0,0,0.0,0.0
2020,12,HUANUCO,HUACAYBAMBA,0,0,0,0,0.0,0.0
2021,1,HUANUCO,HUACAYBAMBA,1,14,0,14,0.0,0.0
2021,2,HUANUCO,HUACAYBAMBA,1,0,0,0,0.0,0.0
2021,3,HUANUCO,HUACAYBAMBA,3,1,10,11,0.0,0.0
2021,4,HUANUCO,HUACAYBAMBA,0,0,0,0,0.0,0.0
2021,5,HUANUCO,HUACAYBAMBA,0,0,0,0,0.0,0.0
2021,6,HUANUCO,HUACAYBAMBA,0,0,0,0,0.0,0.0
2021,7,HUANUCO,HUACAYBAMBA,0,0,0,0,0.0,0.0
2021,8,HUANUCO,HUACAYBAMBA,1,167,48,215,0.0,0.0
2021,9,HUANUCO,HUACAYBAMBA,1,12,0,12,0.0,0.0
2021,10,HUANUCO,HUACAYBAMBA,1,8,0,8,0.0,0.0
2021,11,HUANUCO,HUACAYBAMBA,4,57,9,66,0.0,0.0
2021,12,HUANUCO,HUACAYBAMBA,4,20,3,23,0.0,0.0
2022,1,HUANUCO,HUACAYBAMBA,1,0,0,0,0.0,9.77
2022,2,HUANUCO,HUACAYBAMBA,0,0,0,0,0.0,0.0
2022,3,HUANUCO,HUACAYBAMBA,2,0,4,4,0.0,0.0
2022,4,HUANUCO,HUACAYBAMBA,1,0,0,0,0.0,0.0
2022,5,HUANUCO,HUACAYBAMBA,1,28,7,35,0.0,2.5
2022,6,HUANUCO,HUACAYBAMBA,0,0,0,0,0.0,0.0
2022,7,HUANUCO,HUACAYBAMBA,1,137,0,137,0.0,0.0
2022,8,HUANUCO,HUACAYBAMBA,1,255,0,255,0.0,0.0
2022,9,HUANUCO,HUACAYBAMBA,0,0,0,0,0.0,0.0
2022,10,HUANUCO,HUACAYBAMBA,0,0,0,0,0.0,0.0
2022,11,HUANUCO,HUACAYBAMBA,0,0,0,0,0.0,0.0
2022,12,HUANUCO,HUACAYBAMBA,0,0,0,0,0.0,0.0
2023,1,HUANUCO,HUACAYBAMBA,0,0,0,0,0.0,0.0
2023,2,HUANUCO,HUACAYBAMBA,1,9,0,9,0.0,0.0
2023,3,HUANUCO,HUACAYBAMBA,6,2,3,5,0.2,0.3
2023,4,HUANUCO,HUACAYBAMBA,4,196,1,197,11.18,66.0
2023,5,HUANUCO,HUACAYBAMBA,2,59,0,59,11.05,25.75
2023,6,HUANUCO,HUACAYBAMBA,1,430,0,430,39.81,80.48
2023,7,HUANUCO,HUACAYBAMBA,0,0,0,0,0.0,0.0
2023,8,HUANUCO,HUACAYBAMBA,0,0,0,0,0.0,0.0
2023,9,HUANUCO,HUACAYBAMBA,0,0,0,0,0.0,0.0
2023,10,HUANUCO,HUACAYBAMBA,2,257,0,257,55.6,75.0
2023,11,HUANUCO,HUACAYBAMBA,1,8,0,8,0.3,0.5
2023,12,HUANUCO,HUACAYBAMBA,1,0,0,0,4.96,5.17
2024,1,HUANUCO,HUACAYBAMBA,1,0,0,0,0.0,0.0
2024,2,HUANUCO,HUACAYBAMBA,3,14,0,14,6.7,15.8
2024,3,HUANUCO,HUACAYBAMBA,2,18,0,18,6.5,1.4
2024,4,HUANUCO,HUACAYBAMBA,1,2,0,2,0.0,0.0
2024,5,HUANUCO,HUACAYBAMBA,0,0,0,0,0.0,0.0
2024,6,HUANUCO,HUACAYBAMBA,0,0,0,0,0.0,0.0
2024,7,HUANUCO,HUACAYBAMBA,0,0,0,0,0.0,0.0
2024,8,HUANUCO,HUACAYBAMBA,0,0,0,0,0.0,0.0
2024,9,HUANUCO,HUACAYBAMBA,0,0,0,0,0.0,0.0
2024,10,HUANUCO,HUACAYBAMBA,0,0,0,0,0.0,0.0
2024,11,HUANUCO,HUACAYBAMBA,0,0,0,0,0.0,0.0
2024,12,HUANUCO,HUACAYBAMBA,0,0,0,0,0.0,0.0
2025,1,HUANUCO,HUACAYBAMBA,6,261,3,264,0.0,4.01
2025,2,HUANUCO,HUACAYBAMBA,12,157,341,498,0.0,0.0
2025,3,HUANUCO,HUACAYBAMBA,16,56,201,257,0.0,0.0
2025,4,HUANUCO,HUACAYBAMBA,3,328,323,651,0.0,0.0
2025,5,HUANUCO,HUACAYBAMBA,3,468,16,484,0.0,0.0
2025,6,HUANUCO,HUACAYBAMBA,0,0,0,0,0.0,0.0
2025,7,HUANUCO,HUACAYBAMBA,3,431,0,431,49.3,49.25
2025,8,HUANUCO,HUACAYBAMBA,1,0,1,1,0.0,0.0
2025,9,HUANUCO,HUACAYBAMBA,0,0,0,0,0.0,0.0
2025,10,HUANUCO,HUACAYBAMBA,0,0,0,0,0.0,0.0
2025,11,HUANUCO,HUACAYBAMBA,2,73,0,73,5.45,3.75
2025,12,HUANUCO,HUACAYBAMBA,5,688,0,688,43.6,100.29
2016,1,HUANUCO,HUAMALIES,3,0,0,0,0.0,0.0
2016,2,HUANUCO,HUAMALIES,0,0,0,0,0.0,0.0
2016,3,HUANUCO,HUAMALIES,2,0,0,0,21.0,43.0
2016,4,HUANUCO,HUAMALIES,0,0,0,0,0.0,0.0
2016,5,HUANUCO,HUAMALIES,0,0,0,0,0.0,0.0
2016,6,HUANUCO,HUAMALIES,1,647,0,647,0.0,0.0
2016,7,HUANUCO,HUAMALIES,2,1869,0,1869,0.0,0.0
2016,8,HUANUCO,HUAMALIES,3,1558,0,1558,0.0,0.0
2016,9,HUANUCO,HUAMALIES,1,0,0,0,0.0,0.0
2016,10,HUANUCO,HUAMALIES,2,187,0,187,0.0,0.0
2016,11,HUANUCO,HUAMALIES,6,720,0,720,1055.0,0.0
2016,12,HUANUCO,HUAMALIES,0,0,0,0,0.0,0.0
2017,1,HUANUCO,HUAMALIES,3,0,33,33,0.0,0.0
2017,2,HUANUCO,HUAMALIES,0,0,0,0,0.0,0.0
2017,3,HUANUCO,HUAMALIES,1,0,0,0,0.0,0.0
2017,4,HUANUCO,HUAMALIES,0,0,0,0,0.0,0.0
2017,5,HUANUCO,HUAMALIES,0,0,0,0,0.0,0.0
2017,6,HUANUCO,HUAMALIES,0,0,0,0,0.0,0.0
2017,7,HUANUCO,HUAMALIES,1,5000,0,5000,0.0,0.0
2017,8,HUANUCO,HUAMALIES,1,1422,0,1422,0.0,0.0
2017,9,HUANUCO,HUAMALIES,0,0,0,0,0.0,0.0
2017,10,HUANUCO,HUAMALIES,0,0,0,0,0.0,0.0
2017,11,HUANUCO,HUAMALIES,0,0,0,0,0.0,0.0
2017,12,HUANUCO,HUAMALIES,0,0,0,0,0.0,0.0
2018,1,HUANUCO,HUAMALIES,1,0,6,6,0.0,0.0
2018,2,HUANUCO,HUAMALIES,1,0,0,0,0.0,0.0
2018,3,HUANUCO,HUAMALIES,0,0,0,0,0.0,0.0
2018,4,HUANUCO,HUAMALIES,7,2225,0,2225,0.0,311.0
2018,5,HUANUCO,HUAMALIES,0,0,0,0,0.0,0.0
2018,6,HUANUCO,HUAMALIES,10,2583,0,2583,0.0,1204.0
2018,7,HUANUCO,HUAMALIES,8,539,0,539,0.0,490.0
2018,8,HUANUCO,HUAMALIES,0,0,0,0,0.0,0.0
2018,9,HUANUCO,HUAMALIES,0,0,0,0,0.0,0.0
2018,10,HUANUCO,HUAMALIES,0,0,0,0,0.0,0.0
2018,11,HUANUCO,HUAMALIES,0,0,0,0,0.0,0.0
2018,12,HUANUCO,HUAMALIES,1,20,12,32,0.0,0.0
2019,1,HUANUCO,HUAMALIES,3,0,5,5,0.0,0.0
2019,2,HUANUCO,HUAMALIES,0,0,0,0,0.0,0.0
2019,3,HUANUCO,HUAMALIES,1,0,0,0,0.0,0.0
2019,4,HUANUCO,HUAMALIES,0,0,0,0,0.0,0.0
2019,5,HUANUCO,HUAMALIES,1,0,0,0,0.0,0.0
2019,6,HUANUCO,HUAMALIES,1,0,0,0,0.0,0.0
2019,7,HUANUCO,HUAMALIES,7,196,0,196,8.5,14.0
2019,8,HUANUCO,HUAMALIES,0,0,0,0,0.0,0.0
2019,9,HUANUCO,HUAMALIES,0,0,0,0,0.0,0.0
2019,10,HUANUCO,HUAMALIES,0,0,0,0,0.0,0.0
2019,11,HUANUCO,HUAMALIES,2,20,34,54,0.5,8.5
2019,12,HUANUCO,HUAMALIES,3,8,6,14,0.0,31.25
2020,1,HUANUCO,HUAMALIES,8,225,123,348,7.3,95.46
2020,2,HUANUCO,HUAMALIES,4,10,5,15,0.0,0.0
2020,3,HUANUCO,HUAMALIES,2,3,15,18,0.0,13.0
2020,4,HUANUCO,HUAMALIES,0,0,0,0,0.0,0.0
2020,5,HUANUCO,HUAMALIES,0,0,0,0,0.0,0.0
2020,6,HUANUCO,HUAMALIES,5,398,33,431,0.0,10.5
2020,7,HUANUCO,HUAMALIES,5,1589,0,1589,266.33,821.51
2020,8,HUANUCO,HUAMALIES,2,239,41,280,117.0,211.0
2020,9,HUANUCO,HUAMALIES,1,0,15,15,0.0,10.0
2020,10,HUANUCO,HUAMALIES,2,57,0,57,0.0,20.0
2020,11,HUANUCO,HUAMALIES,0,0,0,0,0.0,0.0
2020,12,HUANUCO,HUAMALIES,3,19,54,73,0.0,36.0
2021,1,HUANUCO,HUAMALIES,7,54,18,72,15.0,45.0
2021,2,HUANUCO,HUAMALIES,11,316,151,467,664.98,1511.76
2021,3,HUANUCO,HUAMALIES,7,22,0,22,12.55,117.79
2021,4,HUANUCO,HUAMALIES,5,57,42,99,53.0,150.0
2021,5,HUANUCO,HUAMALIES,1,9,0,9,0.0,0.0
2021,6,HUANUCO,HUAMALIES,3,93,0,93,0.0,8.0
2021,7,HUANUCO,HUAMALIES,2,185,0,185,0.0,0.0
2021,8,HUANUCO,HUAMALIES,4,343,21,364,0.0,0.0
2021,9,HUANUCO,HUAMALIES,3,130,0,130,0.0,12.0
2021,10,HUANUCO,HUAMALIES,4,52,6,58,16.0,29.0
2021,11,HUANUCO,HUAMALIES,4,48,7,55,0.0,44.0
2021,12,HUANUCO,HUAMALIES,4,24,2,26,0.0,0.0
2022,1,HUANUCO,HUAMALIES,1,28,0,28,0.0,0.0
2022,2,HUANUCO,HUAMALIES,6,36,49,85,0.0,0.0
2022,3,HUANUCO,HUAMALIES,3,32,3,35,0.0,0.0
2022,4,HUANUCO,HUAMALIES,3,52,5,57,0.0,2.0
2022,5,HUANUCO,HUAMALIES,2,16,6,22,0.0,0.0
2022,6,HUANUCO,HUAMALIES,0,0,0,0,0.0,0.0
2022,7,HUANUCO,HUAMALIES,3,822,0,822,0.0,0.0
2022,8,HUANUCO,HUAMALIES,2,21,0,21,0.0,0.0
2022,9,HUANUCO,HUAMALIES,1,15,0,15,0.0,0.0
2022,10,HUANUCO,HUAMALIES,0,0,0,0,0.0,0.0
2022,11,HUANUCO,HUAMALIES,3,14,5,19,0.0,0.0
2022,12,HUANUCO,HUAMALIES,1,5,0,5,0.0,0.0
2023,1,HUANUCO,HUAMALIES,2,3,0,3,0.0,0.0
2023,2,HUANUCO,HUAMALIES,4,221,5,226,3.0,6.0
2023,3,HUANUCO,HUAMALIES,13,363,99,462,619.8,366.3
2023,4,HUANUCO,HUAMALIES,3,32,16,48,2.0,37.4
2023,5,HUANUCO,HUAMALIES,4,22,1,23,1.47,8.46
2023,6,HUANUCO,HUAMALIES,2,970,0,970,0.0,0.0
2023,7,HUANUCO,HUAMALIES,3,657,0,657,4.0,353.5
2023,8,HUANUCO,HUAMALIES,3,326,0,326,15.5,14.3
2023,9,HUANUCO,HUAMALIES,0,0,0,0,0.0,0.0
2023,10,HUANUCO,HUAMALIES,0,0,0,0,0.0,0.0
2023,11,HUANUCO,HUAMALIES,3,18,4,22,1.0,2.0
2023,12,HUANUCO,HUAMALIES,1,0,4,4,0.0,0.0
2024,1,HUANUCO,HUAMALIES,9,288,64,352,122.0,213.0
2024,2,HUANUCO,HUAMALIES,7,1010,141,1151,1395.0,2041.0
2024,3,HUANUCO,HUAMALIES,8,185,94,279,1.5,97.0
2024,4,HUANUCO,HUAMALIES,8,467,128,595,5.0,28.0
2024,5,HUANUCO,HUAMALIES,1,1199,14,1213,0.0,0.0
2024,6,HUANUCO,HUAMALIES,3,138,0,138,0.0,0.0
2024,7,HUANUCO,HUAMALIES,11,2420,0,2420,1274.1,2180.2
2024,8,HUANUCO,HUAMALIES,3,126,12,138,0.0,0.0
2024,9,HUANUCO,HUAMALIES,7,796,12,808,0.3,1.8
2024,10,HUANUCO,HUAMALIES,3,107,156,263,0.0,28.0
2024,11,HUANUCO,HUAMALIES,9,364,226,590,341.0,350.0
2024,12,HUANUCO,HUAMALIES,8,30,10,40,2.0,50.0
2025,1,HUANUCO,HUAMALIES,16,128,71,199,0.0,0.0
2025,2,HUANUCO,HUAMALIES,27,451,265,716,0.0,58.0
2025,3,HUANUCO,HUAMALIES,46,4234,3135,7369,246.14,916.39
2025,4,HUANUCO,HUAMALIES,18,661,262,923,175.2,367.7
2025,5,HUANUCO,HUAMALIES,13,51,98,149,0.0,0.0
2025,6,HUANUCO,HUAMALIES,4,47,0,47,0.0,0.0
2025,7,HUANUCO,HUAMALIES,4,559,4,563,107.15,77.7
2025,8,HUANUCO,HUAMALIES,0,0,0,0,0.0,0.0
2025,9,HUANUCO,HUAMALIES,7,1863,103,1966,0.0,0.0
2025,10,HUANUCO,HUAMALIES,0,0,0,0,0.0,0.0
2025,11,HUANUCO,HUAMALIES,5,13,1,14,0.0,0.0
2025,12,HUANUCO,HUAMALIES,4,880,0,880,59.5,305.33
2016,1,HUANUCO,HUANUCO,2,0,0,0,0.0,0.0
2016,2,HUANUCO,HUANUCO,10,0,0,0,0.0,6406.0
2016,3,HUANUCO,HUANUCO,4,230,0,230,0.0,50.0
2016,4,HUANUCO,HUANUCO,1,0,0,0,0.0,0.0
2016,5,HUANUCO,HUANUCO,2,0,0,0,0.0,0.0
2016,6,HUANUCO,HUANUCO,0,0,0,0,0.0,0.0
2016,7,HUANUCO,HUANUCO,1,100,0,100,0.0,0.0
2016,8,HUANUCO,HUANUCO,4,1564,0,1564,0.0,0.0
2016,9,HUANUCO,HUANUCO,0,0,0,0,0.0,0.0
2016,10,HUANUCO,HUANUCO,0,0,0,0,0.0,0.0
2016,11,HUANUCO,HUANUCO,7,0,0,0,0.0,1416.0
2016,12,HUANUCO,HUANUCO,1,0,11,11,0.0,0.0
2017,1,HUANUCO,HUANUCO,2,0,5,5,6.0,0.0
2017,2,HUANUCO,HUANUCO,2,0,0,0,0.0,0.0
2017,3,HUANUCO,HUANUCO,2,0,0,0,0.0,0.0
2017,4,HUANUCO,HUANUCO,1,0,0,0,0.0,0.0
2017,5,HUANUCO,HUANUCO,1,0,0,0,0.0,0.0
2017,6,HUANUCO,HUANUCO,0,0,0,0,0.0,0.0
2017,7,HUANUCO,HUANUCO,0,0,0,0,0.0,0.0
2017,8,HUANUCO,HUANUCO,1,1680,0,1680,0.0,0.0
2017,9,HUANUCO,HUANUCO,0,0,0,0,0.0,0.0
2017,10,HUANUCO,HUANUCO,2,66,0,66,0.0,42.0
2017,11,HUANUCO,HUANUCO,1,0,0,0,0.0,2.0
2017,12,HUANUCO,HUANUCO,2,58,32,90,0.0,0.0
2018,1,HUANUCO,HUANUCO,3,0,5,5,0.0,220.0
2018,2,HUANUCO,HUANUCO,1,0,0,0,0.0,400.0
2018,3,HUANUCO,HUANUCO,6,4,0,4,5.0,29.0
2018,4,HUANUCO,HUANUCO,8,0,0,0,0.0,0.0
2018,5,HUANUCO,HUANUCO,0,0,0,0,0.0,0.0
2018,6,HUANUCO,HUANUCO,6,3380,0,3380,0.0,0.0
2018,7,HUANUCO,HUANUCO,4,2082,0,2082,0.0,0.0
2018,8,HUANUCO,HUANUCO,1,282,0,282,0.0,0.0
2018,9,HUANUCO,HUANUCO,1,0,1,1,0.0,0.0
2018,10,HUANUCO,HUANUCO,1,0,0,0,0.0,0.0
2018,11,HUANUCO,HUANUCO,5,368,65,433,0.0,0.0
2018,12,HUANUCO,HUANUCO,2,0,0,0,0.0,0.0
2019,1,HUANUCO,HUANUCO,0,0,0,0,0.0,0.0
2019,2,HUANUCO,HUANUCO,8,2210,223,2433,0.0,0.0
2019,3,HUANUCO,HUANUCO,8,637,29,666,1.0,201.75
2019,4,HUANUCO,HUANUCO,2,7,0,7,0.0,5.0
2019,5,HUANUCO,HUANUCO,3,167,0,167,183.0,362.0
2019,6,HUANUCO,HUANUCO,2,0,0,0,49.5,99.0
2019,7,HUANUCO,HUANUCO,7,180,0,180,12.75,401.35
2019,8,HUANUCO,HUANUCO,1,0,0,0,12.1,23.2
2019,9,HUANUCO,HUANUCO,0,0,0,0,0.0,0.0
2019,10,HUANUCO,HUANUCO,0,0,0,0,0.0,0.0
2019,11,HUANUCO,HUANUCO,2,0,0,0,0.0,0.0
2019,12,HUANUCO,HUANUCO,5,77,20,97,68.15,14.0
2020,1,HUANUCO,HUANUCO,11,285,19,304,4.62,0.0
2020,2,HUANUCO,HUANUCO,9,10,7,17,0.0,0.0
2020,3,HUANUCO,HUANUCO,10,102,88,190,24.5,1.0
2020,4,HUANUCO,HUANUCO,0,0,0,0,0.0,0.0
2020,5,HUANUCO,HUANUCO,2,0,0,0,169.5,159.5
2020,6,HUANUCO,HUANUCO,1,0,0,0,27.0,55.0
2020,7,HUANUCO,HUANUCO,1,199,0,199,0.0,0.0
2020,8,HUANUCO,HUANUCO,10,2171,0,2171,140.25,167.5
2020,9,HUANUCO,HUANUCO,0,0,0,0,0.0,0.0
2020,10,HUANUCO,HUANUCO,2,5,3,8,2.12,2.12
2020,11,HUANUCO,HUANUCO,0,0,0,0,0.0,0.0
2020,12,HUANUCO,HUANUCO,0,0,0,0,0.0,0.0
2021,1,HUANUCO,HUANUCO,6,28,11,39,0.0,0.0
2021,2,HUANUCO,HUANUCO,9,44,7,51,201.75,933.5
2021,3,HUANUCO,HUANUCO,9,25,0,25,13.25,13.25
2021,4,HUANUCO,HUANUCO,4,0,0,0,1.5,1.05
2021,5,HUANUCO,HUANUCO,1,0,0,0,0.0,0.0
2021,6,HUANUCO,HUANUCO,2,0,0,0,1.2,2.1
2021,7,HUANUCO,HUANUCO,1,0,0,0,0.0,6.93
2021,8,HUANUCO,HUANUCO,1,115,0,115,0.0,0.0
2021,9,HUANUCO,HUANUCO,4,75,26,101,7.0,7.0
2021,10,HUANUCO,HUANUCO,3,0,0,0,0.0,25.5
2021,11,HUANUCO,HUANUCO,10,686,44,730,0.5,16.05
2021,12,HUANUCO,HUANUCO,3,106,3,109,22.0,26.0
2022,1,HUANUCO,HUANUCO,2,4,4,8,0.0,0.0
2022,2,HUANUCO,HUANUCO,5,25,0,25,6.0,6.0
2022,3,HUANUCO,HUANUCO,13,162,20,182,0.0,5.0
2022,4,HUANUCO,HUANUCO,2,77,0,77,0.0,0.0
2022,5,HUANUCO,HUANUCO,3,3,4,7,0.0,0.0
2022,6,HUANUCO,HUANUCO,2,17,0,17,2.0,30.3
2022,7,HUANUCO,HUANUCO,4,95,0,95,64.8,50.7
2022,8,HUANUCO,HUANUCO,4,368,0,368,0.0,0.0
2022,9,HUANUCO,HUANUCO,4,14,0,14,6.3,6.3
2022,10,HUANUCO,HUANUCO,4,32,0,32,0.0,0.0
2022,11,HUANUCO,HUANUCO,4,30,0,30,199.03,162.9
2022,12,HUANUCO,HUANUCO,0,0,0,0,0.0,0.0
2023,1,HUANUCO,HUANUCO,5,44,12,56,101.0,133.5
2023,2,HUANUCO,HUANUCO,9,26,11,37,3.5,5.75
2023,3,HUANUCO,HUANUCO,26,101,32,133,63.4,455.03
2023,4,HUANUCO,HUANUCO,6,111,22,133,16.12,39.25
2023,5,HUANUCO,HUANUCO,8,47,11,58,196.08,337.35
2023,6,HUANUCO,HUANUCO,9,8,6,14,73.75,208.35
2023,7,HUANUCO,HUANUCO,4,334,0,334,7.87,146.75
2023,8,HUANUCO,HUANUCO,4,1079,0,1079,193.38,426.37
2023,9,HUANUCO,HUANUCO,2,263,2,265,0.0,0.0
2023,10,HUANUCO,HUANUCO,1,7,4,11,0.0,0.0
2023,11,HUANUCO,HUANUCO,3,31,7,38,27.5,63.15
2023,12,HUANUCO,HUANUCO,4,6,29,35,0.0,2.0
2024,1,HUANUCO,HUANUCO,8,423,14,437,0.0,206.0
2024,2,HUANUCO,HUANUCO,14,346,22,368,93.01,164.87
2024,3,HUANUCO,HUANUCO,30,500,174,674,41.35,45.4
2024,4,HUANUCO,HUANUCO,6,37,193,230,1.0,2.0
2024,5,HUANUCO,HUANUCO,7,0,147,147,0.0,0.0
2024,6,HUANUCO,HUANUCO,3,280,2,282,20.0,7.5
2024,7,HUANUCO,HUANUCO,20,3996,0,3996,232.43,1331.96
2024,8,HUANUCO,HUANUCO,5,617,0,617,22.9,223.59
2024,9,HUANUCO,HUANUCO,0,0,0,0,0.0,0.0
2024,10,HUANUCO,HUANUCO,7,318,16,334,62.9,108.54
2024,11,HUANUCO,HUANUCO,13,1205,383,1588,546.88,534.6
2024,12,HUANUCO,HUANUCO,6,117,74,191,0.0,0.0
2025,1,HUANUCO,HUANUCO,14,90,535,625,0.0,7.0
2025,2,HUANUCO,HUANUCO,51,1025,813,1838,6.5,481.41
2025,3,HUANUCO,HUANUCO,45,1348,2917,4265,28.63,54.34
2025,4,HUANUCO,HUANUCO,12,89,1133,1222,0.0,9.25
2025,5,HUANUCO,HUANUCO,11,113,194,307,40.75,132.77
2025,6,HUANUCO,HUANUCO,7,0,182,182,0.0,0.0
2025,7,HUANUCO,HUANUCO,19,2573,1,2574,526.64,404.25
2025,8,HUANUCO,HUANUCO,2,14,7,21,1.0,0.0
2025,9,HUANUCO,HUANUCO,2,25,0,25,21.5,0.0
2025,10,HUANUCO,HUANUCO,7,48,18,66,0.0,0.0
2025,11,HUANUCO,HUANUCO,3,43,0,43,51.75,5.0
2025,12,HUANUCO,HUANUCO,7,553,0,553,194.75,48.0
2016,1,HUANUCO,LEONCIO PRADO,0,0,0,0,0.0,0.0
2016,2,HUANUCO,LEONCIO PRADO,0,0,0,0,0.0,0.0
2016,3,HUANUCO,LEONCIO PRADO,0,0,0,0,0.0,0.0
2016,4,HUANUCO,LEONCIO PRADO,0,0,0,0,0.0,0.0
2016,5,HUANUCO,LEONCIO PRADO,2,0,0,0,0.0,0.0
2016,6,HUANUCO,LEONCIO PRADO,1,0,120,120,0.0,0.0
2016,7,HUANUCO,LEONCIO PRADO,3,0,0,0,0.0,0.0
2016,8,HUANUCO,LEONCIO PRADO,2,0,0,0,0.0,0.0
2016,9,HUANUCO,LEONCIO PRADO,6,53,0,53,26.0,1384.0
2016,10,HUANUCO,LEONCIO PRADO,0,0,0,0,0.0,0.0
2016,11,HUANUCO,LEONCIO PRADO,2,0,0,0,20.0,73.0
2016,12,HUANUCO,LEONCIO PRADO,0,0,0,0,0.0,0.0
2017,1,HUANUCO,LEONCIO PRADO,1,159,0,159,0.0,0.0
2017,2,HUANUCO,LEONCIO PRADO,2,0,0,0,0.0,0.0
2017,3,HUANUCO,LEONCIO PRADO,4,0,0,0,57.0,217.0
2017,4,HUANUCO,LEONCIO PRADO,0,0,0,0,0.0,0.0
2017,5,HUANUCO,LEONCIO PRADO,0,0,0,0,0.0,0.0
2017,6,HUANUCO,LEONCIO PRADO,0,0,0,0,0.0,0.0
2017,7,HUANUCO,LEONCIO PRADO,1,0,0,0,0.0,0.0
2017,8,HUANUCO,LEONCIO PRADO,1,0,0,0,0.0,0.0
2017,9,HUANUCO,LEONCIO PRADO,0,0,0,0,0.0,0.0
2017,10,HUANUCO,LEONCIO PRADO,2,0,0,0,0.0,6.0
2017,11,HUANUCO,LEONCIO PRADO,0,0,0,0,0.0,0.0
2017,12,HUANUCO,LEONCIO PRADO,1,0,0,0,0.0,159.0
2018,1,HUANUCO,LEONCIO PRADO,3,0,0,0,38.0,64.0
2018,2,HUANUCO,LEONCIO PRADO,2,0,0,0,81.0,30.0
2018,3,HUANUCO,LEONCIO PRADO,0,0,0,0,0.0,0.0
2018,4,HUANUCO,LEONCIO PRADO,2,0,0,0,0.0,44.0
2018,5,HUANUCO,LEONCIO PRADO,1,0,0,0,0.0,0.0
2018,6,HUANUCO,LEONCIO PRADO,3,881,0,881,0.0,0.0
2018,7,HUANUCO,LEONCIO PRADO,2,708,0,708,0.0,5.0
2018,8,HUANUCO,LEONCIO PRADO,4,5504,0,5504,0.0,0.0
2018,9,HUANUCO,LEONCIO PRADO,0,0,0,0,0.0,0.0
2018,10,HUANUCO,LEONCIO PRADO,1,0,0,0,0.0,0.0
2018,11,HUANUCO,LEONCIO PRADO,3,4,0,4,0.0,0.0
2018,12,HUANUCO,LEONCIO PRADO,0,0,0,0,0.0,0.0
2019,1,HUANUCO,LEONCIO PRADO,3,125,55,180,0.0,0.0
2019,2,HUANUCO,LEONCIO PRADO,1,39,0,39,12.75,28.25
2019,3,HUANUCO,LEONCIO PRADO,6,415,41,456,4.0,352.25
2019,4,HUANUCO,LEONCIO PRADO,2,250,153,403,281.5,126.0
2019,5,HUANUCO,LEONCIO PRADO,1,0,0,0,0.0,0.0
2019,6,HUANUCO,LEONCIO PRADO,0,0,0,0,0.0,0.0
2019,7,HUANUCO,LEONCIO PRADO,2,0,0,0,0.0,0.0
2019,8,HUANUCO,LEONCIO PRADO,1,0,0,0,0.0,0.0
2019,9,HUANUCO,LEONCIO PRADO,1,0,0,0,41.0,0.0
2019,10,HUANUCO,LEONCIO PRADO,0,0,0,0,0.0,0.0
2019,11,HUANUCO,LEONCIO PRADO,1,0,0,0,0.0,0.0
2019,12,HUANUCO,LEONCIO PRADO,6,313,45,358,55.0,3.0
2020,1,HUANUCO,LEONCIO PRADO,15,1677,117,1794,43.0,730.1
2020,2,HUANUCO,LEONCIO PRADO,14,1163,76,1239,86.5,603.5
2020,3,HUANUCO,LEONCIO PRADO,9,897,3,900,65.0,193.0
2020,4,HUANUCO,LEONCIO PRADO,0,0,0,0,0.0,0.0
2020,5,HUANUCO,LEONCIO PRADO,0,0,0,0,0.0,0.0
2020,6,HUANUCO,LEONCIO PRADO,5,1452,41,1493,235.15,301.7
2020,7,HUANUCO,LEONCIO PRADO,2,84,0,84,1.0,13.0
2020,8,HUANUCO,LEONCIO PRADO,1,363,0,363,0.0,0.0
2020,9,HUANUCO,LEONCIO PRADO,14,1848,79,1927,226.25,222.4
2020,10,HUANUCO,LEONCIO PRADO,11,171,3,174,167.5,278.5
2020,11,HUANUCO,LEONCIO PRADO,12,250,32,282,15.0,408.5
2020,12,HUANUCO,LEONCIO PRADO,5,396,17,413,24.0,465.0
2021,1,HUANUCO,LEONCIO PRADO,11,510,23,533,100.75,721.5
2021,2,HUANUCO,LEONCIO PRADO,2,0,4,4,0.0,0.0
2021,3,HUANUCO,LEONCIO PRADO,7,6,47,53,1.0,3.0
2021,4,HUANUCO,LEONCIO PRADO,4,7,0,7,0.0,2.0
2021,5,HUANUCO,LEONCIO PRADO,5,92,0,92,0.0,0.5
2021,6,HUANUCO,LEONCIO PRADO,2,563,6,569,0.0,0.0
2021,7,HUANUCO,LEONCIO PRADO,1,0,4,4,0.0,0.0
2021,8,HUANUCO,LEONCIO PRADO,1,0,0,0,0.0,0.0
2021,9,HUANUCO,LEONCIO PRADO,9,556,47,603,0.0,98.5
2021,10,HUANUCO,LEONCIO PRADO,8,395,94,489,19.0,108.5
2021,11,HUANUCO,LEONCIO PRADO,7,273,0,273,3.5,3.0
2021,12,HUANUCO,LEONCIO PRADO,4,467,230,697,141.0,272.5
2022,1,HUANUCO,LEONCIO PRADO,7,613,42,655,87.5,104.5
2022,2,HUANUCO,LEONCIO PRADO,7,219,22,241,23.5,3.5
2022,3,HUANUCO,LEONCIO PRADO,2,119,0,119,10.0,33.0
2022,4,HUANUCO,LEONCIO PRADO,1,0,4,4,0.0,0.0
2022,5,HUANUCO,LEONCIO PRADO,2,108,6,114,0.0,0.0
2022,6,HUANUCO,LEONCIO PRADO,5,755,0,755,0.0,2.0
2022,7,HUANUCO,LEONCIO PRADO,2,276,0,276,0.0,0.0
2022,8,HUANUCO,LEONCIO PRADO,3,208,2,210,11.0,0.0
2022,9,HUANUCO,LEONCIO PRADO,4,145,0,145,27.85,131.0
2022,10,HUANUCO,LEONCIO PRADO,6,244,12,256,45.0,122.0
2022,11,HUANUCO,LEONCIO PRADO,8,356,5,361,0.0,0.0
2022,12,HUANUCO,LEONCIO PRADO,5,346,0,346,44.0,44.0
2023,1,HUANUCO,LEONCIO PRADO,6,119,9,128,89.0,80.0
2023,2,HUANUCO,LEONCIO PRADO,15,386,7,393,12.0,94.0
2023,3,HUANUCO,LEONCIO PRADO,11,137,4,141,345.22,505.38
2023,4,HUANUCO,LEONCIO PRADO,8,55,6,61,47.5,77.5
2023,5,HUANUCO,LEONCIO PRADO,2,0,0,0,0.0,0.0
2023,6,HUANUCO,LEONCIO PRADO,2,4,0,4,20.0,22.0
2023,7,HUANUCO,LEONCIO PRADO,2,254,0,254,0.0,0.0
2023,8,HUANUCO,LEONCIO PRADO,0,0,0,0,0.0,0.0
2023,9,HUANUCO,LEONCIO PRADO,11,211,18,229,14.5,358.0
2023,10,HUANUCO,LEONCIO PRADO,8,216,0,216,1.0,0.0
2023,11,HUANUCO,LEONCIO PRADO,10,154,32,186,147.25,242.75
2023,12,HUANUCO,LEONCIO PRADO,5,252,0,252,11.4,40.0
2024,1,HUANUCO,LEONCIO PRADO,3,0,11,11,0.8,2.0
2024,2,HUANUCO,LEONCIO PRADO,17,235,54,289,5.0,13.01
2024,3,HUANUCO,LEONCIO PRADO,17,425,151,576,94.0,171.05
2024,4,HUANUCO,LEONCIO PRADO,6,250,0,250,184.0,199.75
2024,5,HUANUCO,LEONCIO PRADO,6,26,4,30,0.0,0.0
2024,6,HUANUCO,LEONCIO PRADO,0,0,0,0,0.0,0.0
2024,7,HUANUCO,LEONCIO PRADO,1,245,0,245,0.0,0.0
2024,8,HUANUCO,LEONCIO PRADO,5,828,0,828,0.0,0.0
2024,9,HUANUCO,LEONCIO PRADO,9,475,33,508,61.5,83.5
2024,10,HUANUCO,LEONCIO PRADO,19,456,87,543,313.92,638.13
2024,11,HUANUCO,LEONCIO PRADO,10,51,117,168,4.75,4.75
2024,12,HUANUCO,LEONCIO PRADO,14,258,70,328,0.5,21.5
2025,1,HUANUCO,LEONCIO PRADO,10,37,10,47,0.0,0.0
2025,2,HUANUCO,LEONCIO PRADO,26,833,139,972,43.25,407.05
2025,3,HUANUCO,LEONCIO PRADO,32,1865,412,2277,131.6,899.9
2025,4,HUANUCO,LEONCIO PRADO,15,833,26,859,43.2,91.75
2025,5,HUANUCO,LEONCIO PRADO,1,0,3,3,0.0,0.0
2025,6,HUANUCO,LEONCIO PRADO,3,2,0,2,0.0,0.0
2025,7,HUANUCO,LEONCIO PRADO,2,1069,2,1071,0.0,0.0
2025,8,HUANUCO,LEONCIO PRADO,3,312,20,332,0.0,0.0
2025,9,HUANUCO,LEONCIO PRADO,6,138,15,153,0.0,72.0
2025,10,HUANUCO,LEONCIO PRADO,8,105,12,117,0.0,0.0
2025,11,HUANUCO,LEONCIO PRADO,9,660,22,682,0.0,0.0
2025,12,HUANUCO,LEONCIO PRADO,9,131,0,131,0.0,0.0
2016,1,HUANUCO,MARAÑON,3,0,0,0,2.0,295.0
2016,2,HUANUCO,MARAÑON,0,0,0,0,0.0,0.0
2016,3,HUANUCO,MARAÑON,0,0,0,0,0.0,0.0
2016,4,HUANUCO,MARAÑON,0,0,0,0,0.0,0.0
2016,5,HUANUCO,MARAÑON,0,0,0,0,0.0,0.0
2016,6,HUANUCO,MARAÑON,0,0,0,0,0.0,0.0
2016,7,HUANUCO,MARAÑON,1,0,0,0,0.0,0.0
2016,8,HUANUCO,MARAÑON,2,535,0,535,0.0,0.0
2016,9,HUANUCO,MARAÑON,0,0,0,0,0.0,0.0
2016,10,HUANUCO,MARAÑON,0,0,0,0,0.0,0.0
2016,11,HUANUCO,MARAÑON,3,0,0,0,0.0,890.0
2016,12,HUANUCO,MARAÑON,0,0,0,0,0.0,0.0
2017,1,HUANUCO,MARAÑON,6,81,37,118,0.0,0.0
2017,2,HUANUCO,MARAÑON,1,0,0,0,0.0,0.0
2017,3,HUANUCO,MARAÑON,2,100,0,100,0.0,0.0
2017,4,HUANUCO,MARAÑON,1,0,0,0,0.0,0.0
2017,5,HUANUCO,MARAÑON,0,0,0,0,0.0,0.0
2017,6,HUANUCO,MARAÑON,0,0,0,0,0.0,0.0
2017,7,HUANUCO,MARAÑON,0,0,0,0,0.0,0.0
2017,8,HUANUCO,MARAÑON,0,0,0,0,0.0,0.0
2017,9,HUANUCO,MARAÑON,1,600,0,600,0.0,0.0
2017,10,HUANUCO,MARAÑON,0,0,0,0,0.0,0.0
2017,11,HUANUCO,MARAÑON,3,0,0,0,0.0,0.0
2017,12,HUANUCO,MARAÑON,1,0,0,0,5.0,66.0
2018,1,HUANUCO,MARAÑON,3,0,0,0,7.0,193.0
2018,2,HUANUCO,MARAÑON,3,50,0,50,0.0,0.0
2018,3,HUANUCO,MARAÑON,5,205,0,205,0.0,222.0
2018,4,HUANUCO,MARAÑON,1,0,0,0,13.0,20.0
2018,5,HUANUCO,MARAÑON,0,0,0,0,0.0,0.0
2018,6,HUANUCO,MARAÑON,1,0,0,0,0.0,0.0
2018,7,HUANUCO,MARAÑON,3,1659,0,1659,0.0,0.0
2018,8,HUANUCO,MARAÑON,0,0,0,0,0.0,0.0
2018,9,HUANUCO,MARAÑON,0,0,0,0,0.0,0.0
2018,10,HUANUCO,MARAÑON,0,0,0,0,0.0,0.0
2018,11,HUANUCO,MARAÑON,2,0,175,175,0.0,80.0
2018,12,HUANUCO,MARAÑON,0,0,0,0,0.0,0.0
2019,1,HUANUCO,MARAÑON,0,0,0,0,0.0,0.0
2019,2,HUANUCO,MARAÑON,1,0,0,0,0.0,0.0
2019,3,HUANUCO,MARAÑON,3,141,6,147,21.8,3.5
2019,4,HUANUCO,MARAÑON,0,0,0,0,0.0,0.0
2019,5,HUANUCO,MARAÑON,0,0,0,0,0.0,0.0
2019,6,HUANUCO,MARAÑON,0,0,0,0,0.0,0.0
2019,7,HUANUCO,MARAÑON,2,0,0,0,250.75,73.7
2019,8,HUANUCO,MARAÑON,0,0,0,0,0.0,0.0
2019,9,HUANUCO,MARAÑON,0,0,0,0,0.0,0.0
2019,10,HUANUCO,MARAÑON,0,0,0,0,0.0,0.0
2019,11,HUANUCO,MARAÑON,0,0,0,0,0.0,0.0
2019,12,HUANUCO,MARAÑON,4,243,7,250,5.87,0.0
2020,1,HUANUCO,MARAÑON,1,115,15,130,2.25,12.25
2020,2,HUANUCO,MARAÑON,3,382,2,384,0.0,40.0
2020,3,HUANUCO,MARAÑON,0,0,0,0,0.0,0.0
2020,4,HUANUCO,MARAÑON,0,0,0,0,0.0,0.0
2020,5,HUANUCO,MARAÑON,0,0,0,0,0.0,0.0
2020,6,HUANUCO,MARAÑON,0,0,0,0,0.0,0.0
2020,7,HUANUCO,MARAÑON,0,0,0,0,0.0,0.0
2020,8,HUANUCO,MARAÑON,0,0,0,0,0.0,0.0
2020,9,HUANUCO,MARAÑON,2,1052,0,1052,0.0,9.0
2020,10,HUANUCO,MARAÑON,1,60,2,62,22.5,2.0
2020,11,HUANUCO,MARAÑON,0,0,0,0,0.0,0.0
2020,12,HUANUCO,MARAÑON,3,769,12,781,202.0,406.5
2021,1,HUANUCO,MARAÑON,0,0,0,0,0.0,0.0
2021,2,HUANUCO,MARAÑON,2,1968,76,2044,648.1,1072.7
2021,3,HUANUCO,MARAÑON,0,0,0,0,0.0,0.0
2021,4,HUANUCO,MARAÑON,0,0,0,0,0.0,0.0
2021,5,HUANUCO,MARAÑON,0,0,0,0,0.0,0.0
2021,6,HUANUCO,MARAÑON,0,0,0,0,0.0,0.0
2021,7,HUANUCO,MARAÑON,0,0,0,0,0.0,0.0
2021,8,HUANUCO,MARAÑON,0,0,0,0,0.0,0.0
2021,9,HUANUCO,MARAÑON,0,0,0,0,0.0,0.0
2021,10,HUANUCO,MARAÑON,1,15,14,29,72.25,3.0
2021,11,HUANUCO,MARAÑON,0,0,0,0,0.0,0.0
2021,12,HUANUCO,MARAÑON,0,0,0,0,0.0,0.0
2022,1,HUANUCO,MARAÑON,1,78,8,86,0.0,10.65
2022,2,HUANUCO,MARAÑON,2,3,4,7,0.0,0.0
2022,3,HUANUCO,MARAÑON,0,0,0,0,0.0,0.0
2022,4,HUANUCO,MARAÑON,1,28,4,32,0.0,0.0
2022,5,HUANUCO,MARAÑON,1,151,3,154,0.0,0.0
2022,6,HUANUCO,MARAÑON,1,11,0,11,0.0,0.0
2022,7,HUANUCO,MARAÑON,0,0,0,0,0.0,0.0
2022,8,HUANUCO,MARAÑON,0,0,0,0,0.0,0.0
2022,9,HUANUCO,MARAÑON,1,125,0,125,0.0,0.0
2022,10,HUANUCO,MARAÑON,3,182,0,182,62.0,14.5
2022,11,HUANUCO,MARAÑON,0,0,0,0,0.0,0.0
2022,12,HUANUCO,MARAÑON,0,0,0,0,0.0,0.0
2023,1,HUANUCO,MARAÑON,3,261,0,261,100.0,100.0
2023,2,HUANUCO,MARAÑON,4,462,6,468,62.0,539.0
2023,3,HUANUCO,MARAÑON,6,6,6,12,6.0,7.0
2023,4,HUANUCO,MARAÑON,6,7,3,10,1.5,68.5
2023,5,HUANUCO,MARAÑON,3,99,0,99,9.25,90.75
2023,6,HUANUCO,MARAÑON,2,0,8,8,0.0,69.65
2023,7,HUANUCO,MARAÑON,1,252,0,252,0.0,16.0
2023,8,HUANUCO,MARAÑON,3,36,4,40,0.0,11.5
2023,9,HUANUCO,MARAÑON,1,30,0,30,0.0,0.0
2023,10,HUANUCO,MARAÑON,1,20,0,20,0.0,20.0
2023,11,HUANUCO,MARAÑON,4,456,5,461,26.2,298.2
2023,12,HUANUCO,MARAÑON,3,732,209,941,23.0,362.5
2024,1,HUANUCO,MARAÑON,1,0,4,4,0.0,0.0
2024,2,HUANUCO,MARAÑON,4,97,58,155,53.0,365.0
2024,3,HUANUCO,MARAÑON,3,213,35,248,3.5,48.0
2024,4,HUANUCO,MARAÑON,3,32,27,59,0.0,99.0
2024,5,HUANUCO,MARAÑON,1,32,5,37,0.0,0.0
2024,6,HUANUCO,MARAÑON,0,0,0,0,0.0,0.0
2024,7,HUANUCO,MARAÑON,0,0,0,0,0.0,0.0
2024,8,HUANUCO,MARAÑON,3,179,42,221,8.0,231.5
2024,9,HUANUCO,MARAÑON,0,0,0,0,0.0,0.0
2024,10,HUANUCO,MARAÑON,2,36,34,70,24.0,87.0
2024,11,HUANUCO,MARAÑON,4,417,61,478,897.0,1010.0
2024,12,HUANUCO,MARAÑON,3,48,11,59,0.0,0.0
2025,1,HUANUCO,MARAÑON,7,573,70,643,0.0,0.0
2025,2,HUANUCO,MARAÑON,13,686,158,844,0.0,34.5
2025,3,HUANUCO,MARAÑON,18,699,235,934,78.1,212.6
2025,4,HUANUCO,MARAÑON,8,56,53,109,0.0,0.0
2025,5,HUANUCO,MARAÑON,2,52,4,56,0.0,0.0
2025,6,HUANUCO,MARAÑON,1,0,7,7,0.0,0.0
2025,7,HUANUCO,MARAÑON,0,0,0,0,0.0,0.0
2025,8,HUANUCO,MARAÑON,1,91,0,91,0.0,0.0
2025,9,HUANUCO,MARAÑON,2,298,114,412,295.0,452.5
2025,10,HUANUCO,MARAÑON,3,12,0,12,0.0,0.0
2025,11,HUANUCO,MARAÑON,3,436,31,467,0.0,0.0
2025,12,HUANUCO,MARAÑON,6,619,0,619,72.24,115.39
2016,1,HUANUCO,PUERTO INCA,1,0,0,0,0.0,0.0
2016,2,HUANUCO,PUERTO INCA,1,0,0,0,0.0,314.0
2016,3,HUANUCO,PUERTO INCA,0,0,0,0,0.0,0.0
2016,4,HUANUCO,PUERTO INCA,2,64,55,119,0.0,0.0
2016,5,HUANUCO,PUERTO INCA,2,0,0,0,130.0,511.0
2016,6,HUANUCO,PUERTO INCA,0,0,0,0,0.0,0.0
2016,7,HUANUCO,PUERTO INCA,0,0,0,0,0.0,0.0
2016,8,HUANUCO,PUERTO INCA,1,1400,0,1400,0.0,0.0
2016,9,HUANUCO,PUERTO INCA,3,583,0,583,0.0,0.0
2016,10,HUANUCO,PUERTO INCA,1,0,0,0,0.0,0.0
2016,11,HUANUCO,PUERTO INCA,0,0,0,0,0.0,0.0
2016,12,HUANUCO,PUERTO INCA,0,0,0,0,0.0,0.0
2017,1,HUANUCO,PUERTO INCA,6,1356,847,2203,0.0,0.0
2017,2,HUANUCO,PUERTO INCA,0,0,0,0,0.0,0.0
2017,3,HUANUCO,PUERTO INCA,0,0,0,0,0.0,0.0
2017,4,HUANUCO,PUERTO INCA,0,0,0,0,0.0,0.0
2017,5,HUANUCO,PUERTO INCA,0,0,0,0,0.0,0.0
2017,6,HUANUCO,PUERTO INCA,0,0,0,0,0.0,0.0
2017,7,HUANUCO,PUERTO INCA,1,0,104,104,0.0,140.0
2017,8,HUANUCO,PUERTO INCA,1,4200,0,4200,0.0,0.0
2017,9,HUANUCO,PUERTO INCA,1,241,0,241,0.0,0.0
2017,10,HUANUCO,PUERTO INCA,0,0,0,0,0.0,0.0
2017,11,HUANUCO,PUERTO INCA,0,0,0,0,0.0,0.0
2017,12,HUANUCO,PUERTO INCA,0,0,0,0,0.0,0.0
2018,1,HUANUCO,PUERTO INCA,0,0,0,0,0.0,0.0
2018,2,HUANUCO,PUERTO INCA,0,0,0,0,0.0,0.0
2018,3,HUANUCO,PUERTO INCA,0,0,0,0,0.0,0.0
2018,4,HUANUCO,PUERTO INCA,2,7,61,68,0.0,0.0
2018,5,HUANUCO,PUERTO INCA,0,0,0,0,0.0,0.0
2018,6,HUANUCO,PUERTO INCA,0,0,0,0,0.0,0.0
2018,7,HUANUCO,PUERTO INCA,2,7056,0,7056,0.0,0.0
2018,8,HUANUCO,PUERTO INCA,0,0,0,0,0.0,0.0
2018,9,HUANUCO,PUERTO INCA,1,12,18,30,0.0,0.0
2018,10,HUANUCO,PUERTO INCA,0,0,0,0,0.0,0.0
2018,11,HUANUCO,PUERTO INCA,1,0,0,0,0.0,0.0
2018,12,HUANUCO,PUERTO INCA,1,66,0,66,40.0,60.0
2019,1,HUANUCO,PUERTO INCA,5,255,78,333,0.0,43.0
2019,2,HUANUCO,PUERTO INCA,2,386,17,403,42.0,221.0
2019,3,HUANUCO,PUERTO INCA,2,132,0,132,0.0,33.0
2019,4,HUANUCO,PUERTO INCA,1,0,0,0,0.0,0.0
2019,5,HUANUCO,PUERTO INCA,0,0,0,0,0.0,0.0
2019,6,HUANUCO,PUERTO INCA,0,0,0,0,0.0,0.0
2019,7,HUANUCO,PUERTO INCA,0,0,0,0,0.0,0.0
2019,8,HUANUCO,PUERTO INCA,0,0,0,0,0.0,0.0
2019,9,HUANUCO,PUERTO INCA,1,50,27,77,0.0,0.0
2019,10,HUANUCO,PUERTO INCA,0,0,0,0,0.0,0.0
2019,11,HUANUCO,PUERTO INCA,0,0,0,0,0.0,0.0
2019,12,HUANUCO,PUERTO INCA,1,133,0,133,0.0,0.0
2020,1,HUANUCO,PUERTO INCA,2,1669,18,1687,33.0,918.0
2020,2,HUANUCO,PUERTO INCA,0,0,0,0,0.0,0.0
2020,3,HUANUCO,PUERTO INCA,0,0,0,0,0.0,0.0
2020,4,HUANUCO,PUERTO INCA,0,0,0,0,0.0,0.0
2020,5,HUANUCO,PUERTO INCA,1,138,0,138,0.0,35.5
2020,6,HUANUCO,PUERTO INCA,0,0,0,0,0.0,0.0
2020,7,HUANUCO,PUERTO INCA,0,0,0,0,0.0,0.0
2020,8,HUANUCO,PUERTO INCA,0,0,0,0,0.0,0.0
2020,9,HUANUCO,PUERTO INCA,0,0,0,0,0.0,0.0
2020,10,HUANUCO,PUERTO INCA,2,156,41,197,3.75,1.75
2020,11,HUANUCO,PUERTO INCA,1,8,0,8,0.0,0.0
2020,12,HUANUCO,PUERTO INCA,0,0,0,0,0.0,0.0
2021,1,HUANUCO,PUERTO INCA,4,481,10,491,0.0,0.0
2021,2,HUANUCO,PUERTO INCA,3,5,6,11,0.0,0.0
2021,3,HUANUCO,PUERTO INCA,0,0,0,0,0.0,0.0
2021,4,HUANUCO,PUERTO INCA,1,0,1,1,0.0,0.0
2021,5,HUANUCO,PUERTO INCA,1,0,0,0,0.0,0.0
2021,6,HUANUCO,PUERTO INCA,0,0,0,0,0.0,0.0
2021,7,HUANUCO,PUERTO INCA,0,0,0,0,0.0,0.0
2021,8,HUANUCO,PUERTO INCA,1,49,0,49,0.0,0.0
2021,9,HUANUCO,PUERTO INCA,5,95,14,109,0.0,0.0
2021,10,HUANUCO,PUERTO INCA,0,0,0,0,0.0,0.0
2021,11,HUANUCO,PUERTO INCA,1,6,0,6,0.0,0.0
2021,12,HUANUCO,PUERTO INCA,1,0,0,0,0.0,0.0
2022,1,HUANUCO,PUERTO INCA,3,389,8,397,0.0,0.0
2022,2,HUANUCO,PUERTO INCA,0,0,0,0,0.0,0.0
2022,3,HUANUCO,PUERTO INCA,0,0,0,0,0.0,0.0
2022,4,HUANUCO,PUERTO INCA,0,0,0,0,0.0,0.0
2022,5,HUANUCO,PUERTO INCA,0,0,0,0,0.0,0.0
2022,6,HUANUCO,PUERTO INCA,0,0,0,0,0.0,0.0
2022,7,HUANUCO,PUERTO INCA,0,0,0,0,0.0,0.0
2022,8,HUANUCO,PUERTO INCA,1,0,0,0,0.01,0.03
2022,9,HUANUCO,PUERTO INCA,3,40,0,40,0.0,0.0
2022,10,HUANUCO,PUERTO INCA,0,0,0,0,0.0,0.0
2022,11,HUANUCO,PUERTO INCA,0,0,0,0,0.0,0.0
2022,12,HUANUCO,PUERTO INCA,0,0,0,0,0.0,0.0
2023,1,HUANUCO,PUERTO INCA,1,0,0,0,0.0,0.0
2023,2,HUANUCO,PUERTO INCA,2,0,4,4,0.0,0.0
2023,3,HUANUCO,PUERTO INCA,7,125,0,125,2.0,3.0
2023,4,HUANUCO,PUERTO INCA,3,6,0,6,0.0,0.0
2023,5,HUANUCO,PUERTO INCA,1,2,0,2,0.0,0.0
2023,6,HUANUCO,PUERTO INCA,0,0,0,0,0.0,0.0
2023,7,HUANUCO,PUERTO INCA,0,0,0,0,0.0,0.0
2023,8,HUANUCO,PUERTO INCA,1,0,3,3,0.0,0.0
2023,9,HUANUCO,PUERTO INCA,5,407,88,495,1.5,1.0
2023,10,HUANUCO,PUERTO INCA,1,625,0,625,0.0,0.0
2023,11,HUANUCO,PUERTO INCA,0,0,0,0,0.0,0.0
2023,12,HUANUCO,PUERTO INCA,3,151,9,160,0.0,0.0
2024,1,HUANUCO,PUERTO INCA,1,23,0,23,0.0,0.0
2024,2,HUANUCO,PUERTO INCA,5,53,2,55,0.0,0.0
2024,3,HUANUCO,PUERTO INCA,2,15,8,23,1.0,5.0
2024,4,HUANUCO,PUERTO INCA,0,0,0,0,0.0,0.0
2024,5,HUANUCO,PUERTO INCA,0,0,0,0,0.0,0.0
2024,6,HUANUCO,PUERTO INCA,0,0,0,0,0.0,0.0
2024,7,HUANUCO,PUERTO INCA,0,0,0,0,0.0,0.0
2024,8,HUANUCO,PUERTO INCA,0,0,0,0,0.0,0.0
2024,9,HUANUCO,PUERTO INCA,3,112,3,115,3.0,13.0
2024,10,HUANUCO,PUERTO INCA,6,1665,4,1669,0.0,0.0
2024,11,HUANUCO,PUERTO INCA,2,35,0,35,13.5,0.0
2024,12,HUANUCO,PUERTO INCA,0,0,0,0,0.0,0.0
2025,1,HUANUCO,PUERTO INCA,3,428,0,428,0.0,0.0
2025,2,HUANUCO,PUERTO INCA,6,647,138,785,0.0,0.0
2025,3,HUANUCO,PUERTO INCA,7,273,86,359,0.0,0.0
2025,4,HUANUCO,PUERTO INCA,4,965,274,1239,0.0,0.0
2025,5,HUANUCO,PUERTO INCA,0,0,0,0,0.0,0.0
2025,6,HUANUCO,PUERTO INCA,0,0,0,0,0.0,0.0
2025,7,HUANUCO,PUERTO INCA,1,72,0,72,0.0,0.0
2025,8,HUANUCO,PUERTO INCA,0,0,0,0,0.0,0.0
2025,9,HUANUCO,PUERTO INCA,3,48,0,48,0.0,0.0
2025,10,HUANUCO,PUERTO INCA,0,0,0,0,0.0,0.0
2025,11,HUANUCO,PUERTO INCA,2,282,0,282,0.0,0.0
2025,12,HUANUCO,PUERTO INCA,1,7,0,7,0.0,0.0
2016,1,ICA,CHINCHA,0,0,0,0,0.0,0.0
2016,2,ICA,CHINCHA,3,1220,23,1243,0.0,0.0
2016,3,ICA,CHINCHA,0,0,0,0,0.0,0.0
2016,4,ICA,CHINCHA,0,0,0,0,0.0,0.0
2016,5,ICA,CHINCHA,1,446,0,446,0.0,20.0
2016,6,ICA,CHINCHA,0,0,0,0,0.0,0.0
2016,7,ICA,CHINCHA,0,0,0,0,0.0,0.0
2016,8,ICA,CHINCHA,1,0,0,0,0.0,27.0
2016,9,ICA,CHINCHA,0,0,0,0,0.0,0.0
2016,10,ICA,CHINCHA,5,0,0,0,15.0,2808.0
2016,11,ICA,CHINCHA,0,0,0,0,0.0,0.0
2016,12,ICA,CHINCHA,1,0,0,0,0.0,0.0
2017,1,ICA,CHINCHA,9,2119,255,2374,2650.0,66.0
2017,2,ICA,CHINCHA,9,3298,20,3318,3.0,70.0
2017,3,ICA,CHINCHA,16,2803,893,3696,63.0,37.0
2017,4,ICA,CHINCHA,0,0,0,0,0.0,0.0
2017,5,ICA,CHINCHA,0,0,0,0,0.0,0.0
2017,6,ICA,CHINCHA,0,0,0,0,0.0,0.0
2017,7,ICA,CHINCHA,2,1350,351,1701,0.0,0.0
2017,8,ICA,CHINCHA,1,800,0,800,0.0,0.0
2017,9,ICA,CHINCHA,0,0,0,0,0.0,0.0
2017,10,ICA,CHINCHA,0,0,0,0,0.0,0.0
2017,11,ICA,CHINCHA,0,0,0,0,0.0,0.0
2017,12,ICA,CHINCHA,0,0,0,0,0.0,0.0
2018,1,ICA,CHINCHA,2,122,30,152,0.0,0.0
2018,2,ICA,CHINCHA,1,860,0,860,0.0,6.0
2018,3,ICA,CHINCHA,1,0,0,0,0.0,0.0
2018,4,ICA,CHINCHA,2,10,5,15,0.0,0.0
2018,5,ICA,CHINCHA,1,0,0,0,0.0,0.0
2018,6,ICA,CHINCHA,4,4395,0,4395,0.0,14.0
2018,7,ICA,CHINCHA,2,728,0,728,0.0,6.0
2018,8,ICA,CHINCHA,0,0,0,0,0.0,0.0
2018,9,ICA,CHINCHA,0,0,0,0,0.0,0.0
2018,10,ICA,CHINCHA,0,0,0,0,0.0,0.0
2018,11,ICA,CHINCHA,0,0,0,0,0.0,0.0
2018,12,ICA,CHINCHA,0,0,0,0,0.0,0.0
2019,1,ICA,CHINCHA,0,0,0,0,0.0,0.0
2019,2,ICA,CHINCHA,1,45,0,45,0.0,0.0
2019,3,ICA,CHINCHA,1,60,0,60,0.0,0.0
2019,4,ICA,CHINCHA,0,0,0,0,0.0,0.0
2019,5,ICA,CHINCHA,0,0,0,0,0.0,0.0
2019,6,ICA,CHINCHA,0,0,0,0,0.0,0.0
2019,7,ICA,CHINCHA,0,0,0,0,0.0,0.0
2019,8,ICA,CHINCHA,0,0,0,0,0.0,0.0
2019,9,ICA,CHINCHA,0,0,0,0,0.0,0.0
2019,10,ICA,CHINCHA,0,0,0,0,0.0,0.0
2019,11,ICA,CHINCHA,0,0,0,0,0.0,0.0
2019,12,ICA,CHINCHA,0,0,0,0,0.0,0.0
2020,1,ICA,CHINCHA,0,0,0,0,0.0,0.0
2020,2,ICA,CHINCHA,3,145,0,145,0.0,0.0
2020,3,ICA,CHINCHA,0,0,0,0,0.0,0.0
2020,4,ICA,CHINCHA,0,0,0,0,0.0,0.0
2020,5,ICA,CHINCHA,0,0,0,0,0.0,0.0
2020,6,ICA,CHINCHA,0,0,0,0,0.0,0.0
2020,7,ICA,CHINCHA,1,726,0,726,0.0,2.0
2020,8,ICA,CHINCHA,4,255,0,255,1.0,178.0
2020,9,ICA,CHINCHA,0,0,0,0,0.0,0.0
2020,10,ICA,CHINCHA,0,0,0,0,0.0,0.0
2020,11,ICA,CHINCHA,0,0,0,0,0.0,0.0
2020,12,ICA,CHINCHA,0,0,0,0,0.0,0.0
2021,1,ICA,CHINCHA,1,95,0,95,0.0,0.0
2021,2,ICA,CHINCHA,0,0,0,0,0.0,0.0
2021,3,ICA,CHINCHA,1,225,0,225,0.0,250.0
2021,4,ICA,CHINCHA,1,0,9,9,0.0,0.0
2021,5,ICA,CHINCHA,0,0,0,0,0.0,0.0
2021,6,ICA,CHINCHA,0,0,0,0,0.0,0.0
2021,7,ICA,CHINCHA,1,0,0,0,0.0,403.0
2021,8,ICA,CHINCHA,1,0,0,0,3620.0,3630.0
2021,9,ICA,CHINCHA,0,0,0,0,0.0,0.0
2021,10,ICA,CHINCHA,0,0,0,0,0.0,0.0
2021,11,ICA,CHINCHA,0,0,0,0,0.0,0.0
2021,12,ICA,CHINCHA,0,0,0,0,0.0,0.0
2022,1,ICA,CHINCHA,4,96,15,111,0.0,0.0
2022,2,ICA,CHINCHA,1,0,0,0,0.0,0.0
2022,3,ICA,CHINCHA,1,0,0,0,0.0,0.0
2022,4,ICA,CHINCHA,0,0,0,0,0.0,0.0
2022,5,ICA,CHINCHA,0,0,0,0,0.0,0.0
2022,6,ICA,CHINCHA,1,1,0,1,0.0,1.0
2022,7,ICA,CHINCHA,0,0,0,0,0.0,0.0
2022,8,ICA,CHINCHA,0,0,0,0,0.0,0.0
2022,9,ICA,CHINCHA,0,0,0,0,0.0,0.0
2022,10,ICA,CHINCHA,0,0,0,0,0.0,0.0
2022,11,ICA,CHINCHA,0,0,0,0,0.0,0.0
2022,12,ICA,CHINCHA,0,0,0,0,0.0,0.0
2023,1,ICA,CHINCHA,0,0,0,0,0.0,0.0
2023,2,ICA,CHINCHA,4,884,16,900,0.0,0.0
2023,3,ICA,CHINCHA,16,1545,84,1629,56.25,249.6
2023,4,ICA,CHINCHA,1,0,0,0,2.0,24.0
2023,5,ICA,CHINCHA,0,0,0,0,0.0,0.0
2023,6,ICA,CHINCHA,0,0,0,0,0.0,0.0
2023,7,ICA,CHINCHA,1,315,0,315,0.0,0.0
2023,8,ICA,CHINCHA,0,0,0,0,0.0,0.0
2023,9,ICA,CHINCHA,2,458,0,458,0.0,0.0
2023,10,ICA,CHINCHA,1,94,14,108,0.0,0.0
2023,11,ICA,CHINCHA,0,0,0,0,0.0,0.0
2023,12,ICA,CHINCHA,0,0,0,0,0.0,0.0
2024,1,ICA,CHINCHA,1,313,0,313,0.0,0.0
2024,2,ICA,CHINCHA,3,198,25,223,0.3,3.6
2024,3,ICA,CHINCHA,5,39,9,48,0.0,28.0
2024,4,ICA,CHINCHA,1,6,3,9,0.0,0.0
2024,5,ICA,CHINCHA,0,0,0,0,0.0,0.0
2024,6,ICA,CHINCHA,0,0,0,0,0.0,0.0
2024,7,ICA,CHINCHA,2,505,0,505,0.0,0.0
2024,8,ICA,CHINCHA,1,137,0,137,0.0,0.0
2024,9,ICA,CHINCHA,1,183,0,183,0.0,0.0
2024,10,ICA,CHINCHA,0,0,0,0,0.0,0.0
2024,11,ICA,CHINCHA,0,0,0,0,0.0,0.0
2024,12,ICA,CHINCHA,0,0,0,0,0.0,0.0
2025,1,ICA,CHINCHA,0,0,0,0,0.0,0.0
2025,2,ICA,CHINCHA,8,730,346,1076,0.0,0.0
2025,3,ICA,CHINCHA,1,0,15,15,0.0,0.0
2025,4,ICA,CHINCHA,0,0,0,0,0.0,0.0
2025,5,ICA,CHINCHA,0,0,0,0,0.0,0.0
2025,6,ICA,CHINCHA,1,0,5,5,0.0,0.0
2025,7,ICA,CHINCHA,1,33,0,33,0.0,0.0
2025,8,ICA,CHINCHA,2,959,0,959,0.0,0.0
2025,9,ICA,CHINCHA,0,0,0,0,0.0,0.0
2025,10,ICA,CHINCHA,0,0,0,0,0.0,0.0
2025,11,ICA,CHINCHA,0,0,0,0,0.0,0.0
2025,12,ICA,CHINCHA,0,0,0,0,0.0,0.0
2016,1,ICA,ICA,1,150,0,150,0.0,0.0
2016,2,ICA,ICA,0,0,0,0,0.0,0.0
2016,3,ICA,ICA,0,0,0,0,0.0,0.0
2016,4,ICA,ICA,0,0,0,0,0.0,0.0
2016,5,ICA,ICA,0,0,0,0,0.0,0.0
2016,6,ICA,ICA,0,0,0,0,0.0,0.0
2016,7,ICA,ICA,2,368,0,368,0.0,19.0
2016,8,ICA,ICA,0,0,0,0,0.0,0.0
2016,9,ICA,ICA,1,0,0,0,0.0,140.0
2016,10,ICA,ICA,0,0,0,0,0.0,0.0
2016,11,ICA,ICA,0,0,0,0,0.0,0.0
2016,12,ICA,ICA,0,0,0,0,0.0,0.0
2017,1,ICA,ICA,17,57295,2592,59887,15.0,740.0
2017,2,ICA,ICA,6,5070,34,5104,0.0,0.0
2017,3,ICA,ICA,3,2250,0,2250,262.0,0.0
2017,4,ICA,ICA,0,0,0,0,0.0,0.0
2017,5,ICA,ICA,0,0,0,0,0.0,0.0
2017,6,ICA,ICA,0,0,0,0,0.0,0.0
2017,7,ICA,ICA,0,0,0,0,0.0,0.0
2017,8,ICA,ICA,1,720,0,720,0.0,7.0
2017,9,ICA,ICA,0,0,0,0,0.0,0.0
2017,10,ICA,ICA,0,0,0,0,0.0,0.0
2017,11,ICA,ICA,0,0,0,0,0.0,0.0
2017,12,ICA,ICA,0,0,0,0,0.0,0.0
2018,1,ICA,ICA,0,0,0,0,0.0,0.0
2018,2,ICA,ICA,3,8000,0,8000,0.0,0.0
2018,3,ICA,ICA,1,12,0,12,0.0,0.0
2018,4,ICA,ICA,0,0,0,0,0.0,0.0
2018,5,ICA,ICA,0,0,0,0,0.0,0.0
2018,6,ICA,ICA,0,0,0,0,0.0,0.0
2018,7,ICA,ICA,0,0,0,0,0.0,0.0
2018,8,ICA,ICA,0,0,0,0,0.0,0.0
2018,9,ICA,ICA,0,0,0,0,0.0,0.0
2018,10,ICA,ICA,0,0,0,0,0.0,0.0
2018,11,ICA,ICA,0,0,0,0,0.0,0.0
2018,12,ICA,ICA,0,0,0,0,0.0,0.0
2019,1,ICA,ICA,2,160,1,161,0.0,0.0
2019,2,ICA,ICA,0,0,0,0,0.0,0.0
2019,3,ICA,ICA,0,0,0,0,0.0,0.0
2019,4,ICA,ICA,0,0,0,0,0.0,0.0
2019,5,ICA,ICA,0,0,0,0,0.0,0.0
2019,6,ICA,ICA,2,7,6,13,0.0,0.0
2019,7,ICA,ICA,0,0,0,0,0.0,0.0
2019,8,ICA,ICA,0,0,0,0,0.0,0.0
2019,9,ICA,ICA,1,0,3,3,0.0,0.0
2019,10,ICA,ICA,0,0,0,0,0.0,0.0
2019,11,ICA,ICA,0,0,0,0,0.0,0.0
2019,12,ICA,ICA,0,0,0,0,0.0,0.0
2020,1,ICA,ICA,9,5216,69,5285,578.0,577.0
2020,2,ICA,ICA,0,0,0,0,0.0,0.0
2020,3,ICA,ICA,0,0,0,0,0.0,0.0
2020,4,ICA,ICA,0,0,0,0,0.0,0.0
2020,5,ICA,ICA,0,0,0,0,0.0,0.0
2020,6,ICA,ICA,0,0,0,0,0.0,0.0
2020,7,ICA,ICA,0,0,0,0,0.0,0.0
2020,8,ICA,ICA,1,274,0,274,27.01,316.0
2020,9,ICA,ICA,1,32,21,53,0.0,0.0
2020,10,ICA,ICA,0,0,0,0,0.0,0.0
2020,11,ICA,ICA,2,0,0,0,8.5,17.0
2020,12,ICA,ICA,1,459,0,459,0.0,0.0
2021,1,ICA,ICA,5,548,0,548,0.0,6.0
2021,2,ICA,ICA,0,0,0,0,0.0,0.0
2021,3,ICA,ICA,3,0,0,0,0.0,0.0
2021,4,ICA,ICA,2,779,0,779,0.0,0.0
2021,5,ICA,ICA,1,5,0,5,0.0,0.0
2021,6,ICA,ICA,0,0,0,0,0.0,0.0
2021,7,ICA,ICA,0,0,0,0,0.0,0.0
2021,8,ICA,ICA,1,325,0,325,0.0,0.0
2021,9,ICA,ICA,0,0,0,0,0.0,0.0
2021,10,ICA,ICA,1,10,0,10,0.0,0.0
2021,11,ICA,ICA,0,0,0,0,0.0,0.0
2021,12,ICA,ICA,0,0,0,0,0.0,0.0
2022,1,ICA,ICA,0,0,0,0,0.0,0.0
2022,2,ICA,ICA,2,49,5,54,0.0,0.0
2022,3,ICA,ICA,1,7,0,7,0.0,0.0
2022,4,ICA,ICA,4,13,20,33,0.0,0.0
2022,5,ICA,ICA,1,0,6,6,0.0,0.0
2022,6,ICA,ICA,0,0,0,0,0.0,0.0
2022,7,ICA,ICA,0,0,0,0,0.0,0.0
2022,8,ICA,ICA,0,0,0,0,0.0,0.0
2022,9,ICA,ICA,0,0,0,0,0.0,0.0
2022,10,ICA,ICA,0,0,0,0,0.0,0.0
2022,11,ICA,ICA,1,1,0,1,0.0,0.0
2022,12,ICA,ICA,0,0,0,0,0.0,0.0
2023,1,ICA,ICA,0,0,0,0,0.0,0.0
2023,2,ICA,ICA,3,446,12,458,0.0,0.0
2023,3,ICA,ICA,18,12006,115,12121,387.06,292.81
2023,4,ICA,ICA,2,813,122,935,0.0,0.0
2023,5,ICA,ICA,0,0,0,0,0.0,0.0
2023,6,ICA,ICA,0,0,0,0,0.0,0.0
2023,7,ICA,ICA,0,0,0,0,0.0,0.0
2023,8,ICA,ICA,1,5,0,5,0.0,0.0
2023,9,ICA,ICA,0,0,0,0,0.0,0.0
2023,10,ICA,ICA,0,0,0,0,0.0,0.0
2023,11,ICA,ICA,0,0,0,0,0.0,0.0
2023,12,ICA,ICA,1,27,16,43,0.0,0.0
2024,1,ICA,ICA,1,45,0,45,0.0,0.0
2024,2,ICA,ICA,8,3887,48,3935,55.05,8.82
2024,3,ICA,ICA,1,0,3,3,0.0,0.0
2024,4,ICA,ICA,2,2,35,37,1.0,1.0
2024,5,ICA,ICA,0,0,0,0,0.0,0.0
2024,6,ICA,ICA,0,0,0,0,0.0,0.0
2024,7,ICA,ICA,0,0,0,0,0.0,0.0
2024,8,ICA,ICA,0,0,0,0,0.0,0.0
2024,9,ICA,ICA,0,0,0,0,0.0,0.0
2024,10,ICA,ICA,0,0,0,0,0.0,0.0
2024,11,ICA,ICA,1,4,0,4,0.0,0.0
2024,12,ICA,ICA,1,96,0,96,0.0,0.0
2025,1,ICA,ICA,0,0,0,0,0.0,0.0
2025,2,ICA,ICA,26,25980,1665,27645,0.0,0.0
2025,3,ICA,ICA,3,222,3,225,0.0,0.0
2025,4,ICA,ICA,1,0,1,1,0.0,0.0
2025,5,ICA,ICA,0,0,0,0,0.0,0.0
2025,6,ICA,ICA,0,0,0,0,0.0,0.0
2025,7,ICA,ICA,0,0,0,0,0.0,0.0
2025,8,ICA,ICA,0,0,0,0,0.0,0.0
2025,9,ICA,ICA,0,0,0,0,0.0,0.0
2025,10,ICA,ICA,0,0,0,0,0.0,0.0
2025,11,ICA,ICA,0,0,0,0,0.0,0.0
2025,12,ICA,ICA,0,0,0,0,0.0,0.0
2016,1,ICA,NASCA,1,0,0,0,0.0,350.0
2016,2,ICA,NASCA,1,0,0,0,0.0,400.0
2016,3,ICA,NASCA,1,0,0,0,0.0,2000.0
2016,4,ICA,NASCA,1,0,0,0,0.0,800.0
2016,5,ICA,NASCA,0,0,0,0,0.0,0.0
2016,6,ICA,NASCA,0,0,0,0,0.0,0.0
2016,7,ICA,NASCA,0,0,0,0,0.0,0.0
2016,8,ICA,NASCA,0,0,0,0,0.0,0.0
2016,9,ICA,NASCA,0,0,0,0,0.0,0.0
2016,10,ICA,NASCA,0,0,0,0,0.0,0.0
2016,11,ICA,NASCA,0,0,0,0,0.0,0.0
2016,12,ICA,NASCA,0,0,0,0,0.0,0.0
2017,1,ICA,NASCA,10,8395,2029,10424,42.0,300.0
2017,2,ICA,NASCA,3,0,0,0,0.0,0.0
2017,3,ICA,NASCA,8,5871,496,6367,520.0,1447.0
2017,4,ICA,NASCA,0,0,0,0,0.0,0.0
2017,5,ICA,NASCA,0,0,0,0,0.0,0.0
2017,6,ICA,NASCA,0,0,0,0,0.0,0.0
2017,7,ICA,NASCA,0,0,0,0,0.0,0.0
2017,8,ICA,NASCA,0,0,0,0,0.0,0.0
2017,9,ICA,NASCA,0,0,0,0,0.0,0.0
2017,10,ICA,NASCA,0,0,0,0,0.0,0.0
2017,11,ICA,NASCA,0,0,0,0,0.0,0.0
2017,12,ICA,NASCA,0,0,0,0,0.0,0.0
2018,1,ICA,NASCA,0,0,0,0,0.0,0.0
2018,2,ICA,NASCA,1,0,0,0,0.0,0.0
2018,3,ICA,NASCA,0,0,0,0,0.0,0.0
2018,4,ICA,NASCA,1,0,0,0,0.0,0.0
2018,5,ICA,NASCA,0,0,0,0,0.0,0.0
2018,6,ICA,NASCA,0,0,0,0,0.0,0.0
2018,7,ICA,NASCA,0,0,0,0,0.0,0.0
2018,8,ICA,NASCA,0,0,0,0,0.0,0.0
2018,9,ICA,NASCA,0,0,0,0,0.0,0.0
2018,10,ICA,NASCA,1,2155,0,2155,0.0,0.0
2018,11,ICA,NASCA,0,0,0,0,0.0,0.0
2018,12,ICA,NASCA,0,0,0,0,0.0,0.0
2019,1,ICA,NASCA,0,0,0,0,0.0,0.0
2019,2,ICA,NASCA,0,0,0,0,0.0,0.0
2019,3,ICA,NASCA,0,0,0,0,0.0,0.0
2019,4,ICA,NASCA,0,0,0,0,0.0,0.0
2019,5,ICA,NASCA,0,0,0,0,0.0,0.0
2019,6,ICA,NASCA,0,0,0,0,0.0,0.0
2019,7,ICA,NASCA,0,0,0,0,0.0,0.0
2019,8,ICA,NASCA,0,0,0,0,0.0,0.0
2019,9,ICA,NASCA,0,0,0,0,0.0,0.0
2019,10,ICA,NASCA,0,0,0,0,0.0,0.0
2019,11,ICA,NASCA,0,0,0,0,0.0,0.0
2019,12,ICA,NASCA,0,0,0,0,0.0,0.0
2020,1,ICA,NASCA,2,111,2,113,44.0,27.0
2020,2,ICA,NASCA,0,0,0,0,0.0,0.0
2020,3,ICA,NASCA,0,0,0,0,0.0,0.0
2020,4,ICA,NASCA,0,0,0,0,0.0,0.0
2020,5,ICA,NASCA,0,0,0,0,0.0,0.0
2020,6,ICA,NASCA,0,0,0,0,0.0,0.0
2020,7,ICA,NASCA,0,0,0,0,0.0,0.0
2020,8,ICA,NASCA,0,0,0,0,0.0,0.0
2020,9,ICA,NASCA,0,0,0,0,0.0,0.0
2020,10,ICA,NASCA,0,0,0,0,0.0,0.0
2020,11,ICA,NASCA,0,0,0,0,0.0,0.0
2020,12,ICA,NASCA,2,110,0,110,0.0,0.0
2021,1,ICA,NASCA,3,391,0,391,0.0,0.0
2021,2,ICA,NASCA,1,0,3,3,0.0,0.0
2021,3,ICA,NASCA,1,0,0,0,0.0,0.0
2021,4,ICA,NASCA,0,0,0,0,0.0,0.0
2021,5,ICA,NASCA,1,5,5,10,0.0,0.0
2021,6,ICA,NASCA,0,0,0,0,0.0,0.0
2021,7,ICA,NASCA,0,0,0,0,0.0,0.0
2021,8,ICA,NASCA,0,0,0,0,0.0,0.0
2021,9,ICA,NASCA,0,0,0,0,0.0,0.0
2021,10,ICA,NASCA,1,0,4,4,0.0,0.0
2021,11,ICA,NASCA,0,0,0,0,0.0,0.0
2021,12,ICA,NASCA,0,0,0,0,0.0,0.0
2022,1,ICA,NASCA,0,0,0,0,0.0,0.0
2022,2,ICA,NASCA,5,599,23,622,0.0,0.0
2022,3,ICA,NASCA,0,0,0,0,0.0,0.0
2022,4,ICA,NASCA,1,62,0,62,0.0,0.0
2022,5,ICA,NASCA,0,0,0,0,0.0,0.0
2022,6,ICA,NASCA,0,0,0,0,0.0,0.0
2022,7,ICA,NASCA,0,0,0,0,0.0,0.0
2022,8,ICA,NASCA,0,0,0,0,0.0,0.0
2022,9,ICA,NASCA,0,0,0,0,0.0,0.0
2022,10,ICA,NASCA,0,0,0,0,0.0,0.0
2022,11,ICA,NASCA,0,0,0,0,0.0,0.0
2022,12,ICA,NASCA,0,0,0,0,0.0,0.0
2023,1,ICA,NASCA,0,0,0,0,0.0,0.0
2023,2,ICA,NASCA,1,308,10,318,0.0,0.0
2023,3,ICA,NASCA,6,362,223,585,309.95,353.05
2023,4,ICA,NASCA,4,83,10,93,87.6,180.15
2023,5,ICA,NASCA,0,0,0,0,0.0,0.0
2023,6,ICA,NASCA,0,0,0,0,0.0,0.0
2023,7,ICA,NASCA,0,0,0,0,0.0,0.0
2023,8,ICA,NASCA,0,0,0,0,0.0,0.0
2023,9,ICA,NASCA,0,0,0,0,0.0,0.0
2023,10,ICA,NASCA,0,0,0,0,0.0,0.0
2023,11,ICA,NASCA,0,0,0,0,0.0,0.0
2023,12,ICA,NASCA,2,272,0,272,12.0,12.0
2024,1,ICA,NASCA,4,6,3,9,9.0,30.0
2024,2,ICA,NASCA,4,81,0,81,11.0,36.45
2024,3,ICA,NASCA,7,66,6,72,12.75,32.55
2024,4,ICA,NASCA,2,1,0,1,0.25,0.5
2024,5,ICA,NASCA,0,0,0,0,0.0,0.0
2024,6,ICA,NASCA,0,0,0,0,0.0,0.0
2024,7,ICA,NASCA,0,0,0,0,0.0,0.0
2024,8,ICA,NASCA,1,124,0,124,0.0,0.0
2024,9,ICA,NASCA,0,0,0,0,0.0,0.0
2024,10,ICA,NASCA,1,44,0,44,0.0,0.0
2024,11,ICA,NASCA,0,0,0,0,0.0,0.0
2024,12,ICA,NASCA,0,0,0,0,0.0,0.0
2025,1,ICA,NASCA,0,0,0,0,0.0,0.0
2025,2,ICA,NASCA,14,3846,4975,8821,169.84,74.11
2025,3,ICA,NASCA,1,0,0,0,0.0,0.0
2025,4,ICA,NASCA,0,0,0,0,0.0,0.0
2025,5,ICA,NASCA,0,0,0,0,0.0,0.0
2025,6,ICA,NASCA,0,0,0,0,0.0,0.0
2025,7,ICA,NASCA,1,0,5,5,0.0,0.0
2025,8,ICA,NASCA,0,0,0,0,0.0,0.0
2025,9,ICA,NASCA,0,0,0,0,0.0,0.0
2025,10,ICA,NASCA,0,0,0,0,0.0,0.0
2025,11,ICA,NASCA,0,0,0,0,0.0,0.0
2025,12,ICA,NASCA,0,0,0,0,0.0,0.0
2016,1,ICA,PALPA,0,0,0,0,0.0,0.0
2016,2,ICA,PALPA,0,0,0,0,0.0,0.0
2016,3,ICA,PALPA,0,0,0,0,0.0,0.0
2016,4,ICA,PALPA,1,0,0,0,0.0,163.0
2016,5,ICA,PALPA,1,521,0,521,0.0,15.0
2016,6,ICA,PALPA,0,0,0,0,0.0,0.0
2016,7,ICA,PALPA,0,0,0,0,0.0,0.0
2016,8,ICA,PALPA,0,0,0,0,0.0,0.0
2016,9,ICA,PALPA,0,0,0,0,0.0,0.0
2016,10,ICA,PALPA,4,0,0,0,0.0,346.0
2016,11,ICA,PALPA,0,0,0,0,0.0,0.0
2016,12,ICA,PALPA,0,0,0,0,0.0,0.0
2017,1,ICA,PALPA,13,16391,446,16837,8.0,24.0
2017,2,ICA,PALPA,0,0,0,0,0.0,0.0
2017,3,ICA,PALPA,6,6444,46,6490,13.0,43.0
2017,4,ICA,PALPA,0,0,0,0,0.0,0.0
2017,5,ICA,PALPA,1,625,0,625,0.0,0.0
2017,6,ICA,PALPA,0,0,0,0,0.0,0.0
2017,7,ICA,PALPA,0,0,0,0,0.0,0.0
2017,8,ICA,PALPA,0,0,0,0,0.0,0.0
2017,9,ICA,PALPA,0,0,0,0,0.0,0.0
2017,10,ICA,PALPA,0,0,0,0,0.0,0.0
2017,11,ICA,PALPA,0,0,0,0,0.0,0.0
2017,12,ICA,PALPA,0,0,0,0,0.0,0.0
2018,1,ICA,PALPA,0,0,0,0,0.0,0.0
2018,2,ICA,PALPA,0,0,0,0,0.0,0.0
2018,3,ICA,PALPA,0,0,0,0,0.0,0.0
2018,4,ICA,PALPA,0,0,0,0,0.0,0.0
2018,5,ICA,PALPA,0,0,0,0,0.0,0.0
2018,6,ICA,PALPA,0,0,0,0,0.0,0.0
2018,7,ICA,PALPA,0,0,0,0,0.0,0.0
2018,8,ICA,PALPA,0,0,0,0,0.0,0.0
2018,9,ICA,PALPA,0,0,0,0,0.0,0.0
2018,10,ICA,PALPA,0,0,0,0,0.0,0.0
2018,11,ICA,PALPA,0,0,0,0,0.0,0.0
2018,12,ICA,PALPA,1,0,0,0,0.0,0.0
2019,1,ICA,PALPA,0,0,0,0,0.0,0.0
2019,2,ICA,PALPA,2,134,0,134,0.0,0.0
2019,3,ICA,PALPA,0,0,0,0,0.0,0.0
2019,4,ICA,PALPA,0,0,0,0,0.0,0.0
2019,5,ICA,PALPA,0,0,0,0,0.0,0.0
2019,6,ICA,PALPA,0,0,0,0,0.0,0.0
2019,7,ICA,PALPA,0,0,0,0,0.0,0.0
2019,8,ICA,PALPA,0,0,0,0,0.0,0.0
2019,9,ICA,PALPA,0,0,0,0,0.0,0.0
2019,10,ICA,PALPA,0,0,0,0,0.0,0.0
2019,11,ICA,PALPA,0,0,0,0,0.0,0.0
2019,12,ICA,PALPA,0,0,0,0,0.0,0.0
2020,1,ICA,PALPA,5,582,48,630,0.0,0.0
2020,2,ICA,PALPA,0,0,0,0,0.0,0.0
2020,3,ICA,PALPA,0,0,0,0,0.0,0.0
2020,4,ICA,PALPA,0,0,0,0,0.0,0.0
2020,5,ICA,PALPA,0,0,0,0,0.0,0.0
2020,6,ICA,PALPA,0,0,0,0,0.0,0.0
2020,7,ICA,PALPA,0,0,0,0,0.0,0.0
2020,8,ICA,PALPA,0,0,0,0,0.0,0.0
2020,9,ICA,PALPA,0,0,0,0,0.0,0.0
2020,10,ICA,PALPA,0,0,0,0,0.0,0.0
2020,11,ICA,PALPA,0,0,0,0,0.0,0.0
2020,12,ICA,PALPA,1,31,0,31,0.0,0.0
2021,1,ICA,PALPA,1,0,0,0,0.0,0.0
2021,2,ICA,PALPA,0,0,0,0,0.0,0.0
2021,3,ICA,PALPA,1,5,7,12,0.0,0.0
2021,4,ICA,PALPA,0,0,0,0,0.0,0.0
2021,5,ICA,PALPA,0,0,0,0,0.0,0.0
2021,6,ICA,PALPA,0,0,0,0,0.0,0.0
2021,7,ICA,PALPA,0,0,0,0,0.0,0.0
2021,8,ICA,PALPA,0,0,0,0,0.0,0.0
2021,9,ICA,PALPA,0,0,0,0,0.0,0.0
2021,10,ICA,PALPA,0,0,0,0,0.0,0.0
2021,11,ICA,PALPA,0,0,0,0,0.0,0.0
2021,12,ICA,PALPA,0,0,0,0,0.0,0.0
2022,1,ICA,PALPA,0,0,0,0,0.0,0.0
2022,2,ICA,PALPA,0,0,0,0,0.0,0.0
2022,3,ICA,PALPA,0,0,0,0,0.0,0.0
2022,4,ICA,PALPA,0,0,0,0,0.0,0.0
2022,5,ICA,PALPA,0,0,0,0,0.0,0.0
2022,6,ICA,PALPA,0,0,0,0,0.0,0.0
2022,7,ICA,PALPA,0,0,0,0,0.0,0.0
2022,8,ICA,PALPA,0,0,0,0,0.0,0.0
2022,9,ICA,PALPA,0,0,0,0,0.0,0.0
2022,10,ICA,PALPA,0,0,0,0,0.0,0.0
2022,11,ICA,PALPA,0,0,0,0,0.0,0.0
2022,12,ICA,PALPA,0,0,0,0,0.0,0.0
2023,1,ICA,PALPA,0,0,0,0,0.0,0.0
2023,2,ICA,PALPA,1,0,5,5,0.0,0.0
2023,3,ICA,PALPA,10,1631,58,1689,196.45,357.64
2023,4,ICA,PALPA,0,0,0,0,0.0,0.0
2023,5,ICA,PALPA,0,0,0,0,0.0,0.0
2023,6,ICA,PALPA,0,0,0,0,0.0,0.0
2023,7,ICA,PALPA,0,0,0,0,0.0,0.0
2023,8,ICA,PALPA,0,0,0,0,0.0,0.0
2023,9,ICA,PALPA,0,0,0,0,0.0,0.0
2023,10,ICA,PALPA,0,0,0,0,0.0,0.0
2023,11,ICA,PALPA,0,0,0,0,0.0,0.0
2023,12,ICA,PALPA,0,0,0,0,0.0,0.0
2024,1,ICA,PALPA,1,22,0,22,0.05,1.95
2024,2,ICA,PALPA,3,189,2,191,9.55,30.95
2024,3,ICA,PALPA,0,0,0,0,0.0,0.0
2024,4,ICA,PALPA,0,0,0,0,0.0,0.0
2024,5,ICA,PALPA,0,0,0,0,0.0,0.0
2024,6,ICA,PALPA,0,0,0,0,0.0,0.0
2024,7,ICA,PALPA,0,0,0,0,0.0,0.0
2024,8,ICA,PALPA,1,120,0,120,0.0,0.0
2024,9,ICA,PALPA,0,0,0,0,0.0,0.0
2024,10,ICA,PALPA,0,0,0,0,0.0,0.0
2024,11,ICA,PALPA,0,0,0,0,0.0,0.0
2024,12,ICA,PALPA,1,35,0,35,0.0,0.0
2025,1,ICA,PALPA,0,0,0,0,0.0,0.0
2025,2,ICA,PALPA,10,1971,900,2871,124.96,38.66
2025,3,ICA,PALPA,1,83,0,83,146.51,71.72
2025,4,ICA,PALPA,1,9,0,9,0.0,0.0
2025,5,ICA,PALPA,0,0,0,0,0.0,0.0
2025,6,ICA,PALPA,0,0,0,0,0.0,0.0
2025,7,ICA,PALPA,1,14,0,14,0.0,0.0
2025,8,ICA,PALPA,0,0,0,0,0.0,0.0
2025,9,ICA,PALPA,0,0,0,0,0.0,0.0
2025,10,ICA,PALPA,0,0,0,0,0.0,0.0
2025,11,ICA,PALPA,0,0,0,0,0.0,0.0
2025,12,ICA,PALPA,0,0,0,0,0.0,0.0
2016,1,ICA,PISCO,0,0,0,0,0.0,0.0
2016,2,ICA,PISCO,0,0,0,0,0.0,0.0
2016,3,ICA,PISCO,0,0,0,0,0.0,0.0
2016,4,ICA,PISCO,0,0,0,0,0.0,0.0
2016,5,ICA,PISCO,0,0,0,0,0.0,0.0
2016,6,ICA,PISCO,0,0,0,0,0.0,0.0
2016,7,ICA,PISCO,0,0,0,0,0.0,0.0
2016,8,ICA,PISCO,0,0,0,0,0.0,0.0
2016,9,ICA,PISCO,0,0,0,0,0.0,0.0
2016,10,ICA,PISCO,4,0,0,0,45.0,2136.0
2016,11,ICA,PISCO,0,0,0,0,0.0,0.0
2016,12,ICA,PISCO,0,0,0,0,0.0,0.0
2017,1,ICA,PISCO,8,2748,373,3121,98.0,318.0
2017,2,ICA,PISCO,1,0,0,0,0.0,0.0
2017,3,ICA,PISCO,4,64,36,100,18.0,253.0
2017,4,ICA,PISCO,0,0,0,0,0.0,0.0
2017,5,ICA,PISCO,0,0,0,0,0.0,0.0
2017,6,ICA,PISCO,0,0,0,0,0.0,0.0
2017,7,ICA,PISCO,0,0,0,0,0.0,0.0
2017,8,ICA,PISCO,0,0,0,0,0.0,0.0
2017,9,ICA,PISCO,0,0,0,0,0.0,0.0
2017,10,ICA,PISCO,0,0,0,0,0.0,0.0
2017,11,ICA,PISCO,0,0,0,0,0.0,0.0
2017,12,ICA,PISCO,0,0,0,0,0.0,0.0
2018,1,ICA,PISCO,1,0,0,0,0.0,0.0
2018,2,ICA,PISCO,0,0,0,0,0.0,0.0
2018,3,ICA,PISCO,2,3,6,9,0.0,14.0
2018,4,ICA,PISCO,0,0,0,0,0.0,0.0
2018,5,ICA,PISCO,0,0,0,0,0.0,0.0
2018,6,ICA,PISCO,2,222,0,222,0.0,0.0
2018,7,ICA,PISCO,0,0,0,0,0.0,0.0
2018,8,ICA,PISCO,0,0,0,0,0.0,0.0
2018,9,ICA,PISCO,0,0,0,0,0.0,0.0
2018,10,ICA,PISCO,0,0,0,0,0.0,0.0
2018,11,ICA,PISCO,0,0,0,0,0.0,0.0
2018,12,ICA,PISCO,0,0,0,0,0.0,0.0
2019,1,ICA,PISCO,0,0,0,0,0.0,0.0
2019,2,ICA,PISCO,0,0,0,0,0.0,0.0
2019,3,ICA,PISCO,4,293,0,293,0.0,0.0
2019,4,ICA,PISCO,0,0,0,0,0.0,0.0
2019,5,ICA,PISCO,0,0,0,0,0.0,0.0
2019,6,ICA,PISCO,1,156,0,156,0.0,0.0
2019,7,ICA,PISCO,0,0,0,0,0.0,0.0
2019,8,ICA,PISCO,1,48,0,48,0.0,0.0
2019,9,ICA,PISCO,0,0,0,0,0.0,0.0
2019,10,ICA,PISCO,0,0,0,0,0.0,0.0
2019,11,ICA,PISCO,0,0,0,0,0.0,0.0
2019,12,ICA,PISCO,0,0,0,0,0.0,0.0
2020,1,ICA,PISCO,0,0,0,0,0.0,0.0
2020,2,ICA,PISCO,0,0,0,0,0.0,0.0
2020,3,ICA,PISCO,0,0,0,0,0.0,0.0
2020,4,ICA,PISCO,0,0,0,0,0.0,0.0
2020,5,ICA,PISCO,0,0,0,0,0.0,0.0
2020,6,ICA,PISCO,0,0,0,0,0.0,0.0
2020,7,ICA,PISCO,0,0,0,0,0.0,0.0
2020,8,ICA,PISCO,0,0,0,0,0.0,0.0
2020,9,ICA,PISCO,0,0,0,0,0.0,0.0
2020,10,ICA,PISCO,0,0,0,0,0.0,0.0
2020,11,ICA,PISCO,0,0,0,0,0.0,0.0
2020,12,ICA,PISCO,1,1,5,6,3.0,5.0
2021,1,ICA,PISCO,3,73,0,73,0.0,0.0
2021,2,ICA,PISCO,0,0,0,0,0.0,0.0
2021,3,ICA,PISCO,0,0,0,0,0.0,0.0
2021,4,ICA,PISCO,0,0,0,0,0.0,0.0
2021,5,ICA,PISCO,1,33,0,33,0.0,0.0
2021,6,ICA,PISCO,1,0,0,0,0.0,0.0
2021,7,ICA,PISCO,0,0,0,0,0.0,0.0
2021,8,ICA,PISCO,0,0,0,0,0.0,0.0
2021,9,ICA,PISCO,0,0,0,0,0.0,0.0
2021,10,ICA,PISCO,0,0,0,0,0.0,0.0
2021,11,ICA,PISCO,0,0,0,0,0.0,0.0
2021,12,ICA,PISCO,0,0,0,0,0.0,0.0
2022,1,ICA,PISCO,3,14,22,36,0.0,0.0
2022,2,ICA,PISCO,0,0,0,0,0.0,0.0
2022,3,ICA,PISCO,1,97,0,97,0.0,0.0
2022,4,ICA,PISCO,2,3,0,3,0.0,0.0
2022,5,ICA,PISCO,0,0,0,0,0.0,0.0
2022,6,ICA,PISCO,0,0,0,0,0.0,0.0
2022,7,ICA,PISCO,1,72,0,72,0.0,0.0
2022,8,ICA,PISCO,0,0,0,0,0.0,0.0
2022,9,ICA,PISCO,0,0,0,0,0.0,0.0
2022,10,ICA,PISCO,0,0,0,0,0.0,0.0
2022,11,ICA,PISCO,1,4,61,65,0.0,0.0
2022,12,ICA,PISCO,0,0,0,0,0.0,0.0
2023,1,ICA,PISCO,2,0,0,0,0.0,0.0
2023,2,ICA,PISCO,2,145,0,145,0.0,0.0
2023,3,ICA,PISCO,3,558,52,610,0.0,0.0
2023,4,ICA,PISCO,0,0,0,0,0.0,0.0
2023,5,ICA,PISCO,0,0,0,0,0.0,0.0
2023,6,ICA,PISCO,1,1,0,1,0.0,0.0
2023,7,ICA,PISCO,0,0,0,0,0.0,0.0
2023,8,ICA,PISCO,0,0,0,0,0.0,0.0
2023,9,ICA,PISCO,0,0,0,0,0.0,0.0
2023,10,ICA,PISCO,0,0,0,0,0.0,0.0
2023,11,ICA,PISCO,0,0,0,0,0.0,0.0
2023,12,ICA,PISCO,0,0,0,0,0.0,0.0
2024,1,ICA,PISCO,2,2,3,5,0.0,0.0
2024,2,ICA,PISCO,2,3,0,3,0.0,0.0
2024,3,ICA,PISCO,4,55,4,59,0.0,0.0
2024,4,ICA,PISCO,1,0,4,4,0.0,0.0
2024,5,ICA,PISCO,1,18,4,22,0.0,0.0
2024,6,ICA,PISCO,0,0,0,0,0.0,0.0
2024,7,ICA,PISCO,0,0,0,0,0.0,0.0
2024,8,ICA,PISCO,0,0,0,0,0.0,0.0
2024,9,ICA,PISCO,0,0,0,0,0.0,0.0
2024,10,ICA,PISCO,1,0,4,4,0.0,0.0
2024,11,ICA,PISCO,0,0,0,0,0.0,0.0
2024,12,ICA,PISCO,0,0,0,0,0.0,0.0
2025,1,ICA,PISCO,0,0,0,0,0.0,0.0
2025,2,ICA,PISCO,12,1198,215,1413,0.0,0.0
2025,3,ICA,PISCO,0,0,0,0,0.0,0.0
2025,4,ICA,PISCO,0,0,0,0,0.0,0.0
2025,5,ICA,PISCO,1,88,0,88,0.0,0.0
2025,6,ICA,PISCO,0,0,0,0,0.0,0.0
2025,7,ICA,PISCO,0,0,0,0,0.0,0.0
2025,8,ICA,PISCO,0,0,0,0,0.0,0.0
2025,9,ICA,PISCO,0,0,0,0,0.0,0.0
2025,10,ICA,PISCO,0,0,0,0,0.0,0.0
2025,11,ICA,PISCO,0,0,0,0,0.0,0.0
2025,12,ICA,PISCO,0,0,0,0,0.0,0.0
2016,1,JUNIN,CHANCHAMAYO,5,0,38,38,0.0,0.0
2016,2,JUNIN,CHANCHAMAYO,5,0,0,0,0.0,0.0
2016,3,JUNIN,CHANCHAMAYO,7,0,0,0,0.0,0.0
2016,4,JUNIN,CHANCHAMAYO,8,0,0,0,0.0,0.0
2016,5,JUNIN,CHANCHAMAYO,4,0,0,0,0.0,0.0
2016,6,JUNIN,CHANCHAMAYO,1,0,0,0,0.0,0.0
2016,7,JUNIN,CHANCHAMAYO,1,0,0,0,0.0,0.0
2016,8,JUNIN,CHANCHAMAYO,0,0,0,0,0.0,0.0
2016,9,JUNIN,CHANCHAMAYO,2,0,0,0,0.0,0.0
2016,10,JUNIN,CHANCHAMAYO,3,0,0,0,0.0,0.0
2016,11,JUNIN,CHANCHAMAYO,2,83,0,83,0.0,0.0
2016,12,JUNIN,CHANCHAMAYO,0,0,0,0,0.0,0.0
2017,1,JUNIN,CHANCHAMAYO,2,0,5,5,0.0,0.0
2017,2,JUNIN,CHANCHAMAYO,1,9,0,9,0.0,0.0
2017,3,JUNIN,CHANCHAMAYO,4,12,0,12,0.0,0.0
2017,4,JUNIN,CHANCHAMAYO,2,5,0,5,0.0,0.0
2017,5,JUNIN,CHANCHAMAYO,0,0,0,0,0.0,0.0
2017,6,JUNIN,CHANCHAMAYO,0,0,0,0,0.0,0.0
2017,7,JUNIN,CHANCHAMAYO,1,3000,0,3000,0.0,0.0
2017,8,JUNIN,CHANCHAMAYO,1,15,0,15,0.0,0.0
2017,9,JUNIN,CHANCHAMAYO,1,4,0,4,0.0,0.0
2017,10,JUNIN,CHANCHAMAYO,3,61,0,61,0.0,0.0
2017,11,JUNIN,CHANCHAMAYO,1,0,0,0,0.0,0.0
2017,12,JUNIN,CHANCHAMAYO,5,0,25,25,0.0,0.0
2018,1,JUNIN,CHANCHAMAYO,1,28,0,28,0.0,0.0
2018,2,JUNIN,CHANCHAMAYO,0,0,0,0,0.0,0.0
2018,3,JUNIN,CHANCHAMAYO,3,10,16,26,0.0,0.0
2018,4,JUNIN,CHANCHAMAYO,2,0,0,0,0.0,0.0
2018,5,JUNIN,CHANCHAMAYO,8,7,10,17,0.0,0.0
2018,6,JUNIN,CHANCHAMAYO,9,1171,0,1171,0.0,3.0
2018,7,JUNIN,CHANCHAMAYO,1,0,0,0,0.0,0.0
2018,8,JUNIN,CHANCHAMAYO,4,51,0,51,0.0,0.0
2018,9,JUNIN,CHANCHAMAYO,5,54,0,54,0.0,0.0
2018,10,JUNIN,CHANCHAMAYO,5,424,0,424,0.0,0.0
2018,11,JUNIN,CHANCHAMAYO,5,68,0,68,0.0,0.0
2018,12,JUNIN,CHANCHAMAYO,2,0,0,0,0.0,0.0
2019,1,JUNIN,CHANCHAMAYO,2,0,4,4,0.0,0.0
2019,2,JUNIN,CHANCHAMAYO,3,4,55,59,0.0,0.0
2019,3,JUNIN,CHANCHAMAYO,11,1552,1264,2816,17.0,297.75
2019,4,JUNIN,CHANCHAMAYO,7,38,17,55,0.0,0.0
2019,5,JUNIN,CHANCHAMAYO,6,13,10,23,1.0,2.0
2019,6,JUNIN,CHANCHAMAYO,0,0,0,0,0.0,0.0
2019,7,JUNIN,CHANCHAMAYO,2,20,10,30,0.0,0.0
2019,8,JUNIN,CHANCHAMAYO,0,0,0,0,0.0,0.0
2019,9,JUNIN,CHANCHAMAYO,1,160,0,160,0.0,0.0
2019,10,JUNIN,CHANCHAMAYO,3,0,68,68,3.0,2.0
2019,11,JUNIN,CHANCHAMAYO,1,0,0,0,0.0,0.0
2019,12,JUNIN,CHANCHAMAYO,6,5,21,26,0.0,0.0
2020,1,JUNIN,CHANCHAMAYO,11,170,69,239,0.1,12.88
2020,2,JUNIN,CHANCHAMAYO,10,97,41,138,0.0,0.0
2020,3,JUNIN,CHANCHAMAYO,5,7,17,24,0.0,0.0
2020,4,JUNIN,CHANCHAMAYO,2,2,0,2,0.0,0.0
2020,5,JUNIN,CHANCHAMAYO,1,0,33,33,0.0,0.0
2020,6,JUNIN,CHANCHAMAYO,0,0,0,0,0.0,0.0
2020,7,JUNIN,CHANCHAMAYO,2,729,0,729,0.0,0.0
2020,8,JUNIN,CHANCHAMAYO,2,77,0,77,0.0,0.0
2020,9,JUNIN,CHANCHAMAYO,6,45,10,55,0.0,0.0
2020,10,JUNIN,CHANCHAMAYO,6,623,6,629,0.0,5.0
2020,11,JUNIN,CHANCHAMAYO,2,44,0,44,0.0,0.0
2020,12,JUNIN,CHANCHAMAYO,2,36,0,36,0.0,0.0
2021,1,JUNIN,CHANCHAMAYO,21,67,5,72,0.0,0.2
2021,2,JUNIN,CHANCHAMAYO,8,409,213,622,8.75,7.0
2021,3,JUNIN,CHANCHAMAYO,6,127,71,198,9.75,0.0
2021,4,JUNIN,CHANCHAMAYO,11,329,13,342,0.0,0.0
2021,5,JUNIN,CHANCHAMAYO,3,13,0,13,0.0,0.0
2021,6,JUNIN,CHANCHAMAYO,1,116,0,116,0.0,0.0
2021,7,JUNIN,CHANCHAMAYO,1,881,0,881,0.0,0.0
2021,8,JUNIN,CHANCHAMAYO,4,37,2,39,0.0,0.0
2021,9,JUNIN,CHANCHAMAYO,9,210,0,210,0.0,3.5
2021,10,JUNIN,CHANCHAMAYO,6,63,63,126,0.0,0.0
2021,11,JUNIN,CHANCHAMAYO,2,17,2,19,0.0,0.0
2021,12,JUNIN,CHANCHAMAYO,6,40,7,47,90.0,110.0
2022,1,JUNIN,CHANCHAMAYO,6,30,6,36,0.0,0.0
2022,2,JUNIN,CHANCHAMAYO,16,82,3,85,0.0,0.0
2022,3,JUNIN,CHANCHAMAYO,8,8,42,50,4.0,1.0
2022,4,JUNIN,CHANCHAMAYO,6,58,4,62,0.0,0.0
2022,5,JUNIN,CHANCHAMAYO,6,20,0,20,0.0,10.0
2022,6,JUNIN,CHANCHAMAYO,5,1892,0,1892,0.0,0.0
2022,7,JUNIN,CHANCHAMAYO,3,274,0,274,0.0,0.0
2022,8,JUNIN,CHANCHAMAYO,4,177,5,182,0.0,0.0
2022,9,JUNIN,CHANCHAMAYO,3,48,16,64,0.0,107.5
2022,10,JUNIN,CHANCHAMAYO,4,16,4,20,0.0,0.0
2022,11,JUNIN,CHANCHAMAYO,5,89,12,101,0.0,0.0
2022,12,JUNIN,CHANCHAMAYO,2,17,0,17,0.0,0.0
2023,1,JUNIN,CHANCHAMAYO,6,18,9,27,0.0,0.0
2023,2,JUNIN,CHANCHAMAYO,17,26,39,65,45.25,67.0
2023,3,JUNIN,CHANCHAMAYO,17,11,4,15,4.0,0.0
2023,4,JUNIN,CHANCHAMAYO,5,1,7,8,0.0,0.0
2023,5,JUNIN,CHANCHAMAYO,9,188,4,192,0.0,0.0
2023,6,JUNIN,CHANCHAMAYO,4,4,4,8,0.0,0.0
2023,7,JUNIN,CHANCHAMAYO,1,3,0,3,0.0,0.0
2023,8,JUNIN,CHANCHAMAYO,0,0,0,0,0.0,0.0
2023,9,JUNIN,CHANCHAMAYO,10,161,23,184,0.0,0.0
2023,10,JUNIN,CHANCHAMAYO,7,123,3,126,0.0,0.0
2023,11,JUNIN,CHANCHAMAYO,3,19,0,19,0.0,0.0
2023,12,JUNIN,CHANCHAMAYO,3,19,6,25,0.0,0.0
2024,1,JUNIN,CHANCHAMAYO,5,15,14,29,0.0,0.0
2024,2,JUNIN,CHANCHAMAYO,10,54,0,54,0.0,0.0
2024,3,JUNIN,CHANCHAMAYO,14,50,6,56,0.0,0.0
2024,4,JUNIN,CHANCHAMAYO,8,82,2,84,0.0,0.0
2024,5,JUNIN,CHANCHAMAYO,5,9,0,9,0.0,0.0
2024,6,JUNIN,CHANCHAMAYO,6,319,0,319,0.0,0.0
2024,7,JUNIN,CHANCHAMAYO,1,203,0,203,0.0,0.0
2024,8,JUNIN,CHANCHAMAYO,3,3,0,3,0.0,0.0
2024,9,JUNIN,CHANCHAMAYO,5,179,83,262,0.0,0.0
2024,10,JUNIN,CHANCHAMAYO,7,100,37,137,0.0,0.0
2024,11,JUNIN,CHANCHAMAYO,3,8,3,11,0.0,0.0
2024,12,JUNIN,CHANCHAMAYO,6,62,10,72,0.0,0.0
2025,1,JUNIN,CHANCHAMAYO,9,54,12,66,0.0,0.0
2025,2,JUNIN,CHANCHAMAYO,13,1750,88,1838,0.0,0.0
2025,3,JUNIN,CHANCHAMAYO,13,1402,14,1416,0.0,0.0
2025,4,JUNIN,CHANCHAMAYO,10,47,55,102,0.0,0.0
2025,5,JUNIN,CHANCHAMAYO,2,0,4,4,0.0,0.0
2025,6,JUNIN,CHANCHAMAYO,2,0,0,0,0.0,0.0
2025,7,JUNIN,CHANCHAMAYO,0,0,0,0,0.0,0.0
2025,8,JUNIN,CHANCHAMAYO,4,811,0,811,0.0,0.0
2025,9,JUNIN,CHANCHAMAYO,5,63,2,65,0.0,0.0
2025,10,JUNIN,CHANCHAMAYO,7,127,1,128,0.0,0.0
2025,11,JUNIN,CHANCHAMAYO,1,1,0,1,0.0,0.0
2025,12,JUNIN,CHANCHAMAYO,2,0,0,0,0.0,0.0
2016,1,JUNIN,HUANCAYO,12,2047,313,2360,42.0,423.0
2016,2,JUNIN,HUANCAYO,7,236,58,294,5.0,20.0
2016,3,JUNIN,HUANCAYO,2,119,86,205,0.0,0.0
2016,4,JUNIN,HUANCAYO,0,0,0,0,0.0,0.0
2016,5,JUNIN,HUANCAYO,2,502,0,502,0.0,0.0
2016,6,JUNIN,HUANCAYO,2,687,0,687,0.0,0.0
2016,7,JUNIN,HUANCAYO,5,1112,0,1112,0.0,8.0
2016,8,JUNIN,HUANCAYO,5,1816,0,1816,0.0,0.0
2016,9,JUNIN,HUANCAYO,1,0,4,4,0.0,0.0
2016,10,JUNIN,HUANCAYO,1,119,0,119,0.0,0.0
2016,11,JUNIN,HUANCAYO,24,12785,158,12943,0.0,0.0
2016,12,JUNIN,HUANCAYO,0,0,0,0,0.0,0.0
2017,1,JUNIN,HUANCAYO,0,0,0,0,0.0,0.0
2017,2,JUNIN,HUANCAYO,3,278,276,554,0.0,0.0
2017,3,JUNIN,HUANCAYO,2,0,151,151,0.0,0.0
2017,4,JUNIN,HUANCAYO,0,0,0,0,0.0,0.0
2017,5,JUNIN,HUANCAYO,0,0,0,0,0.0,0.0
2017,6,JUNIN,HUANCAYO,1,450,0,450,0.0,0.0
2017,7,JUNIN,HUANCAYO,1,172,0,172,0.0,0.0
2017,8,JUNIN,HUANCAYO,1,73,0,73,0.0,0.0
2017,9,JUNIN,HUANCAYO,0,0,0,0,0.0,0.0
2017,10,JUNIN,HUANCAYO,0,0,0,0,0.0,0.0
2017,11,JUNIN,HUANCAYO,2,22,39,61,0.0,0.0
2017,12,JUNIN,HUANCAYO,0,0,0,0,0.0,0.0
2018,1,JUNIN,HUANCAYO,2,228,64,292,0.0,0.0
2018,2,JUNIN,HUANCAYO,3,38,85,123,0.0,0.0
2018,3,JUNIN,HUANCAYO,3,1,70,71,5.0,4.0
2018,4,JUNIN,HUANCAYO,2,350,23,373,0.0,0.0
2018,5,JUNIN,HUANCAYO,2,779,0,779,0.0,0.0
2018,6,JUNIN,HUANCAYO,4,725,0,725,0.0,0.0
2018,7,JUNIN,HUANCAYO,0,0,0,0,0.0,0.0
2018,8,JUNIN,HUANCAYO,0,0,0,0,0.0,0.0
2018,9,JUNIN,HUANCAYO,1,0,0,0,0.0,0.0
2018,10,JUNIN,HUANCAYO,0,0,0,0,0.0,0.0
2018,11,JUNIN,HUANCAYO,1,0,0,0,163.0,202.0
2018,12,JUNIN,HUANCAYO,20,0,0,0,660.0,1778.0
2019,1,JUNIN,HUANCAYO,3,47,35,82,0.0,0.0
2019,2,JUNIN,HUANCAYO,9,171,47,218,84.5,5.75
2019,3,JUNIN,HUANCAYO,10,90,35,125,0.75,1.0
2019,4,JUNIN,HUANCAYO,2,18,3,21,0.0,0.0
2019,5,JUNIN,HUANCAYO,0,0,0,0,0.0,0.0
2019,6,JUNIN,HUANCAYO,0,0,0,0,0.0,0.0
2019,7,JUNIN,HUANCAYO,3,0,0,0,0.0,0.0
2019,8,JUNIN,HUANCAYO,2,0,0,0,0.0,0.0
2019,9,JUNIN,HUANCAYO,0,0,0,0,0.0,0.0
2019,10,JUNIN,HUANCAYO,0,0,0,0,0.0,0.0
2019,11,JUNIN,HUANCAYO,0,0,0,0,0.0,0.0
2019,12,JUNIN,HUANCAYO,0,0,0,0,0.0,0.0
2020,1,JUNIN,HUANCAYO,1,5,0,5,0.0,0.0
2020,2,JUNIN,HUANCAYO,3,5,6,11,0.0,0.0
2020,3,JUNIN,HUANCAYO,1,1,0,1,0.0,0.0
2020,4,JUNIN,HUANCAYO,0,0,0,0,0.0,0.0
2020,5,JUNIN,HUANCAYO,0,0,0,0,0.0,0.0
2020,6,JUNIN,HUANCAYO,0,0,0,0,0.0,0.0
2020,7,JUNIN,HUANCAYO,2,279,0,279,0.0,0.0
2020,8,JUNIN,HUANCAYO,3,1074,0,1074,0.0,0.0
2020,9,JUNIN,HUANCAYO,0,0,0,0,0.0,0.0
2020,10,JUNIN,HUANCAYO,1,398,0,398,0.0,0.0
2020,11,JUNIN,HUANCAYO,1,0,7,7,0.0,0.0
2020,12,JUNIN,HUANCAYO,1,5,0,5,0.0,0.0
2021,1,JUNIN,HUANCAYO,5,9,6,15,0.0,3.0
2021,2,JUNIN,HUANCAYO,11,342,12,354,1133.86,1834.12
2021,3,JUNIN,HUANCAYO,6,4,18,22,93.39,137.0
2021,4,JUNIN,HUANCAYO,3,1,5,6,1.0,1.0
2021,5,JUNIN,HUANCAYO,3,471,0,471,0.2,22.24
2021,6,JUNIN,HUANCAYO,3,904,0,904,0.0,0.0
2021,7,JUNIN,HUANCAYO,3,9,0,9,0.0,0.0
2021,8,JUNIN,HUANCAYO,4,1580,0,1580,0.0,0.0
2021,9,JUNIN,HUANCAYO,3,12,0,12,0.0,0.0
2021,10,JUNIN,HUANCAYO,5,44,4,48,0.0,5.86
2021,11,JUNIN,HUANCAYO,1,31,0,31,0.0,0.0
2021,12,JUNIN,HUANCAYO,4,7,2,9,60.31,69.85
2022,1,JUNIN,HUANCAYO,3,9,7,16,0.0,0.0
2022,2,JUNIN,HUANCAYO,2,7,0,7,0.0,0.0
2022,3,JUNIN,HUANCAYO,6,45,49,94,0.0,0.0
2022,4,JUNIN,HUANCAYO,5,22,4,26,0.0,0.0
2022,5,JUNIN,HUANCAYO,2,306,0,306,0.0,0.0
2022,6,JUNIN,HUANCAYO,10,8478,0,8478,0.0,0.0
2022,7,JUNIN,HUANCAYO,2,295,0,295,0.0,0.0
2022,8,JUNIN,HUANCAYO,3,88,0,88,0.0,0.0
2022,9,JUNIN,HUANCAYO,2,4,0,4,34.23,70.87
2022,10,JUNIN,HUANCAYO,4,71,0,71,0.0,193.0
2022,11,JUNIN,HUANCAYO,4,36,1,37,0.0,0.0
2022,12,JUNIN,HUANCAYO,2,11,0,11,0.0,0.0
2023,1,JUNIN,HUANCAYO,3,4,0,4,0.0,0.0
2023,2,JUNIN,HUANCAYO,7,35,10,45,0.0,9.93
2023,3,JUNIN,HUANCAYO,11,848,40,888,85.3,97.7
2023,4,JUNIN,HUANCAYO,2,3,0,3,0.0,16.74
2023,5,JUNIN,HUANCAYO,3,1,13,14,0.0,0.0
2023,6,JUNIN,HUANCAYO,8,4366,2,4368,0.0,0.0
2023,7,JUNIN,HUANCAYO,7,1025,0,1025,117.7,170.9
2023,8,JUNIN,HUANCAYO,6,1608,0,1608,0.0,0.0
2023,9,JUNIN,HUANCAYO,4,308,17,325,0.0,0.0
2023,10,JUNIN,HUANCAYO,3,7,0,7,0.0,0.0
2023,11,JUNIN,HUANCAYO,13,651,212,863,1.75,2.25
2023,12,JUNIN,HUANCAYO,4,406,6,412,0.0,14.18
2024,1,JUNIN,HUANCAYO,3,237,0,237,0.0,11.41
2024,2,JUNIN,HUANCAYO,23,613,39,652,246.75,364.83
2024,3,JUNIN,HUANCAYO,36,421,103,524,62.8,107.2
2024,4,JUNIN,HUANCAYO,9,30,43,73,1.5,0.3
2024,5,JUNIN,HUANCAYO,1,28,5,33,0.0,0.0
2024,6,JUNIN,HUANCAYO,16,4974,0,4974,0.0,0.0
2024,7,JUNIN,HUANCAYO,11,2378,0,2378,0.0,0.0
2024,8,JUNIN,HUANCAYO,3,113,1,114,0.0,0.0
2024,9,JUNIN,HUANCAYO,9,982,20,1002,0.0,0.0
2024,10,JUNIN,HUANCAYO,6,33,13,46,0.0,0.0
2024,11,JUNIN,HUANCAYO,3,46,19,65,0.0,0.0
2024,12,JUNIN,HUANCAYO,3,70,12,82,0.0,3.26
2025,1,JUNIN,HUANCAYO,4,7,0,7,0.0,0.0
2025,2,JUNIN,HUANCAYO,12,4,25,29,0.0,0.0
2025,3,JUNIN,HUANCAYO,12,196,37,233,0.0,0.0
2025,4,JUNIN,HUANCAYO,4,11,2,13,0.0,0.0
2025,5,JUNIN,HUANCAYO,1,8,0,8,0.0,0.0
2025,6,JUNIN,HUANCAYO,4,643,4,647,0.0,0.0
2025,7,JUNIN,HUANCAYO,8,3689,0,3689,0.0,0.0
2025,8,JUNIN,HUANCAYO,2,64,5,69,0.0,0.0
2025,9,JUNIN,HUANCAYO,6,345,1,346,0.0,0.0
2025,10,JUNIN,HUANCAYO,4,49,12,61,0.0,0.0
2025,11,JUNIN,HUANCAYO,5,46,1,47,0.0,0.0
2025,12,JUNIN,HUANCAYO,0,0,0,0,0.0,0.0
2016,1,JUNIN,SATIPO,0,0,0,0,0.0,0.0
2016,2,JUNIN,SATIPO,2,1571,226,1797,0.0,50.0
2016,3,JUNIN,SATIPO,0,0,0,0,0.0,0.0
2016,4,JUNIN,SATIPO,1,0,0,0,0.0,0.0
2016,5,JUNIN,SATIPO,0,0,0,0,0.0,0.0
2016,6,JUNIN,SATIPO,2,0,4,4,0.0,0.0
2016,7,JUNIN,SATIPO,0,0,0,0,0.0,0.0
2016,8,JUNIN,SATIPO,0,0,0,0,0.0,0.0
2016,9,JUNIN,SATIPO,1,0,74,74,0.0,0.0
2016,10,JUNIN,SATIPO,0,0,0,0,0.0,0.0
2016,11,JUNIN,SATIPO,0,0,0,0,0.0,0.0
2016,12,JUNIN,SATIPO,0,0,0,0,0.0,0.0
2017,1,JUNIN,SATIPO,2,0,0,0,0.0,0.0
2017,2,JUNIN,SATIPO,5,0,0,0,0.0,0.0
2017,3,JUNIN,SATIPO,8,92,128,220,0.0,35.0
2017,4,JUNIN,SATIPO,2,0,69,69,0.0,0.0
2017,5,JUNIN,SATIPO,0,0,0,0,0.0,0.0
2017,6,JUNIN,SATIPO,0,0,0,0,0.0,0.0
2017,7,JUNIN,SATIPO,2,0,0,0,0.0,0.0
2017,8,JUNIN,SATIPO,3,97,0,97,0.0,0.0
2017,9,JUNIN,SATIPO,5,0,0,0,0.0,0.0
2017,10,JUNIN,SATIPO,3,5,0,5,0.0,0.0
2017,11,JUNIN,SATIPO,0,0,0,0,0.0,0.0
2017,12,JUNIN,SATIPO,1,0,0,0,0.0,0.0
2018,1,JUNIN,SATIPO,9,245,55,300,0.0,0.0
2018,2,JUNIN,SATIPO,1,0,0,0,0.0,0.0
2018,3,JUNIN,SATIPO,2,156,126,282,0.0,0.0
2018,4,JUNIN,SATIPO,7,1060,119,1179,0.0,0.0
2018,5,JUNIN,SATIPO,1,0,5,5,0.0,0.0
2018,6,JUNIN,SATIPO,3,115,1,116,0.0,0.0
2018,7,JUNIN,SATIPO,0,0,0,0,0.0,0.0
2018,8,JUNIN,SATIPO,2,29,0,29,0.0,0.0
2018,9,JUNIN,SATIPO,7,112,0,112,0.0,0.0
2018,10,JUNIN,SATIPO,6,284,57,341,0.0,0.0
2018,11,JUNIN,SATIPO,1,0,14,14,0.0,0.0
2018,12,JUNIN,SATIPO,4,17,33,50,0.0,0.0
2019,1,JUNIN,SATIPO,0,0,0,0,0.0,0.0
2019,2,JUNIN,SATIPO,0,0,0,0,0.0,0.0
2019,3,JUNIN,SATIPO,0,0,0,0,0.0,0.0
2019,4,JUNIN,SATIPO,0,0,0,0,0.0,0.0
2019,5,JUNIN,SATIPO,0,0,0,0,0.0,0.0
2019,6,JUNIN,SATIPO,0,0,0,0,0.0,0.0
2019,7,JUNIN,SATIPO,0,0,0,0,0.0,0.0
2019,8,JUNIN,SATIPO,0,0,0,0,0.0,0.0
2019,9,JUNIN,SATIPO,0,0,0,0,0.0,0.0
2019,10,JUNIN,SATIPO,0,0,0,0,0.0,0.0
2019,11,JUNIN,SATIPO,0,0,0,0,0.0,0.0
2019,12,JUNIN,SATIPO,0,0,0,0,0.0,0.0
2020,1,JUNIN,SATIPO,5,0,5,5,0.0,0.0
2020,2,JUNIN,SATIPO,6,0,0,0,0.0,0.0
2020,3,JUNIN,SATIPO,6,4,1,5,21.0,12.75
2020,4,JUNIN,SATIPO,2,50,0,50,754.84,431.15
2020,5,JUNIN,SATIPO,1,0,0,0,0.0,0.0
2020,6,JUNIN,SATIPO,0,0,0,0,0.0,0.0
2020,7,JUNIN,SATIPO,4,0,0,0,0.0,0.0
2020,8,JUNIN,SATIPO,1,7,0,7,0.0,0.0
2020,9,JUNIN,SATIPO,3,7,0,7,0.0,0.0
2020,10,JUNIN,SATIPO,3,88,5,93,0.7,1.5
2020,11,JUNIN,SATIPO,3,30,0,30,0.0,0.0
2020,12,JUNIN,SATIPO,1,9,0,9,0.0,0.0
2021,1,JUNIN,SATIPO,5,87,16,103,15.25,16.25
2021,2,JUNIN,SATIPO,11,154,69,223,0.0,0.0
2021,3,JUNIN,SATIPO,10,152,12,164,37.3,23.25
2021,4,JUNIN,SATIPO,5,41,5,46,0.0,0.75
2021,5,JUNIN,SATIPO,2,11,13,24,0.0,0.0
2021,6,JUNIN,SATIPO,3,19,0,19,0.0,0.0
2021,7,JUNIN,SATIPO,1,0,22,22,0.0,0.0
2021,8,JUNIN,SATIPO,2,347,0,347,0.0,0.0
2021,9,JUNIN,SATIPO,8,177,23,200,8.5,25.0
2021,10,JUNIN,SATIPO,5,60,55,115,0.0,0.0
2021,11,JUNIN,SATIPO,1,6,0,6,0.0,0.0
2021,12,JUNIN,SATIPO,3,55,0,55,0.0,0.0
2022,1,JUNIN,SATIPO,3,23,0,23,0.0,0.0
2022,2,JUNIN,SATIPO,4,6,7,13,0.0,0.0
2022,3,JUNIN,SATIPO,2,125,7,132,42.0,0.0
2022,4,JUNIN,SATIPO,3,42,0,42,0.6,4.02
2022,5,JUNIN,SATIPO,0,0,0,0,0.0,0.0
2022,6,JUNIN,SATIPO,0,0,0,0,0.0,0.0
2022,7,JUNIN,SATIPO,1,7,5,12,0.0,0.0
2022,8,JUNIN,SATIPO,1,22,0,22,0.0,0.0
2022,9,JUNIN,SATIPO,3,10,7,17,0.0,0.0
2022,10,JUNIN,SATIPO,2,133,4,137,0.0,0.0
2022,11,JUNIN,SATIPO,2,19,0,19,0.0,0.0
2022,12,JUNIN,SATIPO,1,24,4,28,0.0,0.0
2023,1,JUNIN,SATIPO,1,44,0,44,0.0,0.0
2023,2,JUNIN,SATIPO,8,41,27,68,0.0,0.0
2023,3,JUNIN,SATIPO,4,11,0,11,0.0,0.0
2023,4,JUNIN,SATIPO,1,0,6,6,0.0,0.0
2023,5,JUNIN,SATIPO,1,4,0,4,0.0,0.0
2023,6,JUNIN,SATIPO,0,0,0,0,0.0,0.0
2023,7,JUNIN,SATIPO,0,0,0,0,0.0,0.0
2023,8,JUNIN,SATIPO,3,23,0,23,0.0,15.75
2023,9,JUNIN,SATIPO,14,186,62,248,31.0,78.5
2023,10,JUNIN,SATIPO,7,50,50,100,0.0,0.0
2023,11,JUNIN,SATIPO,4,6,62,68,24.0,44.5
2023,12,JUNIN,SATIPO,2,11,10,21,0.0,0.0
2024,1,JUNIN,SATIPO,1,0,0,0,0.0,0.0
2024,2,JUNIN,SATIPO,6,505,73,578,344.52,413.5
2024,3,JUNIN,SATIPO,7,547,65,612,603.57,934.5
2024,4,JUNIN,SATIPO,2,0,0,0,0.0,0.0
2024,5,JUNIN,SATIPO,2,6,0,6,0.0,0.0
2024,6,JUNIN,SATIPO,0,0,0,0,0.0,0.0
2024,7,JUNIN,SATIPO,0,0,0,0,0.0,0.0
2024,8,JUNIN,SATIPO,3,1482,0,1482,0.0,0.0
2024,9,JUNIN,SATIPO,5,134,16,150,0.0,0.0
2024,10,JUNIN,SATIPO,5,31,0,31,0.0,0.0
2024,11,JUNIN,SATIPO,2,18,0,18,0.0,0.0
2024,12,JUNIN,SATIPO,1,0,47,47,0.0,0.0
2025,1,JUNIN,SATIPO,3,175,64,239,0.0,0.0
2025,2,JUNIN,SATIPO,19,4278,513,4791,0.0,83.8
2025,3,JUNIN,SATIPO,13,3107,296,3403,538.95,4.5
2025,4,JUNIN,SATIPO,6,27,180,207,0.0,0.0
2025,5,JUNIN,SATIPO,2,1,0,1,0.0,0.0
2025,6,JUNIN,SATIPO,1,0,0,0,0.0,0.0
2025,7,JUNIN,SATIPO,1,0,12,12,0.0,0.0
2025,8,JUNIN,SATIPO,0,0,0,0,0.0,0.0
2025,9,JUNIN,SATIPO,6,50,24,74,0.0,0.0
2025,10,JUNIN,SATIPO,5,6,14,20,0.0,0.0
2025,11,JUNIN,SATIPO,4,243,0,243,0.0,0.0
2025,12,JUNIN,SATIPO,3,2,17,19,0.0,0.0
2016,1,LA LIBERTAD,ASCOPE,0,0,0,0,0.0,0.0
2016,2,LA LIBERTAD,ASCOPE,1,0,0,0,0.0,0.0
2016,3,LA LIBERTAD,ASCOPE,0,0,0,0,0.0,0.0
2016,4,LA LIBERTAD,ASCOPE,0,0,0,0,0.0,0.0
2016,5,LA LIBERTAD,ASCOPE,0,0,0,0,0.0,0.0
2016,6,LA LIBERTAD,ASCOPE,0,0,0,0,0.0,0.0
2016,7,LA LIBERTAD,ASCOPE,0,0,0,0,0.0,0.0
2016,8,LA LIBERTAD,ASCOPE,0,0,0,0,0.0,0.0
2016,9,LA LIBERTAD,ASCOPE,0,0,0,0,0.0,0.0
2016,10,LA LIBERTAD,ASCOPE,0,0,0,0,0.0,0.0
2016,11,LA LIBERTAD,ASCOPE,0,0,0,0,0.0,0.0
2016,12,LA LIBERTAD,ASCOPE,0,0,0,0,0.0,0.0
2017,1,LA LIBERTAD,ASCOPE,0,0,0,0,0.0,0.0
2017,2,LA LIBERTAD,ASCOPE,2,2870,570,3440,195.0,1250.0
2017,3,LA LIBERTAD,ASCOPE,10,23453,6467,29920,7466.0,11597.0
2017,4,LA LIBERTAD,ASCOPE,1,15,13,28,0.0,1.0
2017,5,LA LIBERTAD,ASCOPE,0,0,0,0,0.0,0.0
2017,6,LA LIBERTAD,ASCOPE,0,0,0,0,0.0,0.0
2017,7,LA LIBERTAD,ASCOPE,0,0,0,0,0.0,0.0
2017,8,LA LIBERTAD,ASCOPE,0,0,0,0,0.0,0.0
2017,9,LA LIBERTAD,ASCOPE,0,0,0,0,0.0,0.0
2017,10,LA LIBERTAD,ASCOPE,0,0,0,0,0.0,0.0
2017,11,LA LIBERTAD,ASCOPE,0,0,0,0,0.0,0.0
2017,12,LA LIBERTAD,ASCOPE,0,0,0,0,0.0,0.0
2018,1,LA LIBERTAD,ASCOPE,2,700,30,730,0.0,0.0
2018,2,LA LIBERTAD,ASCOPE,0,0,0,0,0.0,0.0
2018,3,LA LIBERTAD,ASCOPE,0,0,0,0,0.0,0.0
2018,4,LA LIBERTAD,ASCOPE,1,0,0,0,0.0,0.0
2018,5,LA LIBERTAD,ASCOPE,0,0,0,0,0.0,0.0
2018,6,LA LIBERTAD,ASCOPE,0,0,0,0,0.0,0.0
2018,7,LA LIBERTAD,ASCOPE,0,0,0,0,0.0,0.0
2018,8,LA LIBERTAD,ASCOPE,0,0,0,0,0.0,0.0
2018,9,LA LIBERTAD,ASCOPE,0,0,0,0,0.0,0.0
2018,10,LA LIBERTAD,ASCOPE,0,0,0,0,0.0,0.0
2018,11,LA LIBERTAD,ASCOPE,0,0,0,0,0.0,0.0
2018,12,LA LIBERTAD,ASCOPE,0,0,0,0,0.0,0.0
2019,1,LA LIBERTAD,ASCOPE,0,0,0,0,0.0,0.0
2019,2,LA LIBERTAD,ASCOPE,0,0,0,0,0.0,0.0
2019,3,LA LIBERTAD,ASCOPE,0,0,0,0,0.0,0.0
2019,4,LA LIBERTAD,ASCOPE,0,0,0,0,0.0,0.0
2019,5,LA LIBERTAD,ASCOPE,0,0,0,0,0.0,0.0
2019,6,LA LIBERTAD,ASCOPE,0,0,0,0,0.0,0.0
2019,7,LA LIBERTAD,ASCOPE,0,0,0,0,0.0,0.0
2019,8,LA LIBERTAD,ASCOPE,0,0,0,0,0.0,0.0
2019,9,LA LIBERTAD,ASCOPE,0,0,0,0,0.0,0.0
2019,10,LA LIBERTAD,ASCOPE,0,0,0,0,0.0,0.0
2019,11,LA LIBERTAD,ASCOPE,0,0,0,0,0.0,0.0
2019,12,LA LIBERTAD,ASCOPE,0,0,0,0,0.0,0.0
2020,1,LA LIBERTAD,ASCOPE,0,0,0,0,0.0,0.0
2020,2,LA LIBERTAD,ASCOPE,0,0,0,0,0.0,0.0
2020,3,LA LIBERTAD,ASCOPE,0,0,0,0,0.0,0.0
2020,4,LA LIBERTAD,ASCOPE,0,0,0,0,0.0,0.0
2020,5,LA LIBERTAD,ASCOPE,0,0,0,0,0.0,0.0
2020,6,LA LIBERTAD,ASCOPE,0,0,0,0,0.0,0.0
2020,7,LA LIBERTAD,ASCOPE,0,0,0,0,0.0,0.0
2020,8,LA LIBERTAD,ASCOPE,0,0,0,0,0.0,0.0
2020,9,LA LIBERTAD,ASCOPE,0,0,0,0,0.0,0.0
2020,10,LA LIBERTAD,ASCOPE,0,0,0,0,0.0,0.0
2020,11,LA LIBERTAD,ASCOPE,0,0,0,0,0.0,0.0
2020,12,LA LIBERTAD,ASCOPE,0,0,0,0,0.0,0.0
2021,1,LA LIBERTAD,ASCOPE,0,0,0,0,0.0,0.0
2021,2,LA LIBERTAD,ASCOPE,0,0,0,0,0.0,0.0
2021,3,LA LIBERTAD,ASCOPE,0,0,0,0,0.0,0.0
2021,4,LA LIBERTAD,ASCOPE,0,0,0,0,0.0,0.0
2021,5,LA LIBERTAD,ASCOPE,0,0,0,0,0.0,0.0
2021,6,LA LIBERTAD,ASCOPE,0,0,0,0,0.0,0.0
2021,7,LA LIBERTAD,ASCOPE,0,0,0,0,0.0,0.0
2021,8,LA LIBERTAD,ASCOPE,0,0,0,0,0.0,0.0
2021,9,LA LIBERTAD,ASCOPE,1,0,4,4,0.0,0.0
2021,10,LA LIBERTAD,ASCOPE,1,28,0,28,0.0,0.0
2021,11,LA LIBERTAD,ASCOPE,0,0,0,0,0.0,0.0
2021,12,LA LIBERTAD,ASCOPE,0,0,0,0,0.0,0.0
2022,1,LA LIBERTAD,ASCOPE,0,0,0,0,0.0,0.0
2022,2,LA LIBERTAD,ASCOPE,0,0,0,0,0.0,0.0
2022,3,LA LIBERTAD,ASCOPE,0,0,0,0,0.0,0.0
2022,4,LA LIBERTAD,ASCOPE,0,0,0,0,0.0,0.0
2022,5,LA LIBERTAD,ASCOPE,0,0,0,0,0.0,0.0
2022,6,LA LIBERTAD,ASCOPE,0,0,0,0,0.0,0.0
2022,7,LA LIBERTAD,ASCOPE,0,0,0,0,0.0,0.0
2022,8,LA LIBERTAD,ASCOPE,0,0,0,0,0.0,0.0
2022,9,LA LIBERTAD,ASCOPE,0,0,0,0,0.0,0.0
2022,10,LA LIBERTAD,ASCOPE,0,0,0,0,0.0,0.0
2022,11,LA LIBERTAD,ASCOPE,0,0,0,0,0.0,0.0
2022,12,LA LIBERTAD,ASCOPE,0,0,0,0,0.0,0.0
2023,1,LA LIBERTAD,ASCOPE,0,0,0,0,0.0,0.0
2023,2,LA LIBERTAD,ASCOPE,0,0,0,0,0.0,0.0
2023,3,LA LIBERTAD,ASCOPE,9,8031,1690,9721,574.5,227.5
2023,4,LA LIBERTAD,ASCOPE,2,0,0,0,0.0,0.0
2023,5,LA LIBERTAD,ASCOPE,0,0,0,0,0.0,0.0
2023,6,LA LIBERTAD,ASCOPE,0,0,0,0,0.0,0.0
2023,7,LA LIBERTAD,ASCOPE,0,0,0,0,0.0,0.0
2023,8,LA LIBERTAD,ASCOPE,0,0,0,0,0.0,0.0
2023,9,LA LIBERTAD,ASCOPE,0,0,0,0,0.0,0.0
2023,10,LA LIBERTAD,ASCOPE,0,0,0,0,0.0,0.0
2023,11,LA LIBERTAD,ASCOPE,1,183,1,184,0.0,0.0
2023,12,LA LIBERTAD,ASCOPE,0,0,0,0,0.0,0.0
2024,1,LA LIBERTAD,ASCOPE,0,0,0,0,0.0,0.0
2024,2,LA LIBERTAD,ASCOPE,0,0,0,0,0.0,0.0
2024,3,LA LIBERTAD,ASCOPE,0,0,0,0,0.0,0.0
2024,4,LA LIBERTAD,ASCOPE,1,26,1,27,0.0,0.0
2024,5,LA LIBERTAD,ASCOPE,0,0,0,0,0.0,0.0
2024,6,LA LIBERTAD,ASCOPE,0,0,0,0,0.0,0.0
2024,7,LA LIBERTAD,ASCOPE,1,2,0,2,0.0,0.0
2024,8,LA LIBERTAD,ASCOPE,0,0,0,0,0.0,0.0
2024,9,LA LIBERTAD,ASCOPE,0,0,0,0,0.0,0.0
2024,10,LA LIBERTAD,ASCOPE,0,0,0,0,0.0,0.0
2024,11,LA LIBERTAD,ASCOPE,0,0,0,0,0.0,0.0
2024,12,LA LIBERTAD,ASCOPE,0,0,0,0,0.0,0.0
2025,1,LA LIBERTAD,ASCOPE,0,0,0,0,0.0,0.0
2025,2,LA LIBERTAD,ASCOPE,1,12,0,12,0.0,0.0
2025,3,LA LIBERTAD,ASCOPE,3,17,0,17,0.0,0.0
2025,4,LA LIBERTAD,ASCOPE,2,22,0,22,0.0,0.0
2025,5,LA LIBERTAD,ASCOPE,3,24,3,27,0.0,0.0
2025,6,LA LIBERTAD,ASCOPE,0,0,0,0,0.0,0.0
2025,7,LA LIBERTAD,ASCOPE,0,0,0,0,0.0,0.0
2025,8,LA LIBERTAD,ASCOPE,0,0,0,0,0.0,0.0
2025,9,LA LIBERTAD,ASCOPE,0,0,0,0,0.0,0.0
2025,10,LA LIBERTAD,ASCOPE,0,0,0,0,0.0,0.0
2025,11,LA LIBERTAD,ASCOPE,0,0,0,0,0.0,0.0
2025,12,LA LIBERTAD,ASCOPE,0,0,0,0,0.0,0.0
2016,1,LA LIBERTAD,BOLIVAR,0,0,0,0,0.0,0.0
2016,2,LA LIBERTAD,BOLIVAR,0,0,0,0,0.0,0.0
2016,3,LA LIBERTAD,BOLIVAR,0,0,0,0,0.0,0.0
2016,4,LA LIBERTAD,BOLIVAR,0,0,0,0,0.0,0.0
2016,5,LA LIBERTAD,BOLIVAR,0,0,0,0,0.0,0.0
2016,6,LA LIBERTAD,BOLIVAR,0,0,0,0,0.0,0.0
2016,7,LA LIBERTAD,BOLIVAR,0,0,0,0,0.0,0.0
2016,8,LA LIBERTAD,BOLIVAR,0,0,0,0,0.0,0.0
2016,9,LA LIBERTAD,BOLIVAR,0,0,0,0,0.0,0.0
2016,10,LA LIBERTAD,BOLIVAR,0,0,0,0,0.0,0.0
2016,11,LA LIBERTAD,BOLIVAR,0,0,0,0,0.0,0.0
2016,12,LA LIBERTAD,BOLIVAR,0,0,0,0,0.0,0.0
2017,1,LA LIBERTAD,BOLIVAR,0,0,0,0,0.0,0.0
2017,2,LA LIBERTAD,BOLIVAR,2,8,0,8,0.0,0.0
2017,3,LA LIBERTAD,BOLIVAR,6,40,25,65,0.0,0.0
2017,4,LA LIBERTAD,BOLIVAR,1,40,0,40,0.0,0.0
2017,5,LA LIBERTAD,BOLIVAR,3,0,0,0,0.0,0.0
2017,6,LA LIBERTAD,BOLIVAR,0,0,0,0,0.0,0.0
2017,7,LA LIBERTAD,BOLIVAR,0,0,0,0,0.0,0.0
2017,8,LA LIBERTAD,BOLIVAR,0,0,0,0,0.0,0.0
2017,9,LA LIBERTAD,BOLIVAR,0,0,0,0,0.0,0.0
2017,10,LA LIBERTAD,BOLIVAR,0,0,0,0,0.0,0.0
2017,11,LA LIBERTAD,BOLIVAR,0,0,0,0,0.0,0.0
2017,12,LA LIBERTAD,BOLIVAR,0,0,0,0,0.0,0.0
2018,1,LA LIBERTAD,BOLIVAR,0,0,0,0,0.0,0.0
2018,2,LA LIBERTAD,BOLIVAR,0,0,0,0,0.0,0.0
2018,3,LA LIBERTAD,BOLIVAR,0,0,0,0,0.0,0.0
2018,4,LA LIBERTAD,BOLIVAR,0,0,0,0,0.0,0.0
2018,5,LA LIBERTAD,BOLIVAR,0,0,0,0,0.0,0.0
2018,6,LA LIBERTAD,BOLIVAR,0,0,0,0,0.0,0.0
2018,7,LA LIBERTAD,BOLIVAR,0,0,0,0,0.0,0.0
2018,8,LA LIBERTAD,BOLIVAR,4,90,0,90,0.0,0.0
2018,9,LA LIBERTAD,BOLIVAR,1,0,0,0,0.0,0.0
2018,10,LA LIBERTAD,BOLIVAR,0,0,0,0,0.0,0.0
2018,11,LA LIBERTAD,BOLIVAR,2,5,0,5,0.0,0.0
2018,12,LA LIBERTAD,BOLIVAR,1,0,0,0,0.0,0.0
2019,1,LA LIBERTAD,BOLIVAR,0,0,0,0,0.0,0.0
2019,2,LA LIBERTAD,BOLIVAR,0,0,0,0,0.0,0.0
2019,3,LA LIBERTAD,BOLIVAR,1,0,56,56,4.95,0.0
2019,4,LA LIBERTAD,BOLIVAR,0,0,0,0,0.0,0.0
2019,5,LA LIBERTAD,BOLIVAR,0,0,0,0,0.0,0.0
2019,6,LA LIBERTAD,BOLIVAR,0,0,0,0,0.0,0.0
2019,7,LA LIBERTAD,BOLIVAR,0,0,0,0,0.0,0.0
2019,8,LA LIBERTAD,BOLIVAR,1,3,0,3,0.0,0.0
2019,9,LA LIBERTAD,BOLIVAR,0,0,0,0,0.0,0.0
2019,10,LA LIBERTAD,BOLIVAR,1,120,0,120,0.0,0.0
2019,11,LA LIBERTAD,BOLIVAR,1,94,0,94,0.0,0.0
2019,12,LA LIBERTAD,BOLIVAR,0,0,0,0,0.0,0.0
2020,1,LA LIBERTAD,BOLIVAR,0,0,0,0,0.0,0.0
2020,2,LA LIBERTAD,BOLIVAR,0,0,0,0,0.0,0.0
2020,3,LA LIBERTAD,BOLIVAR,0,0,0,0,0.0,0.0
2020,4,LA LIBERTAD,BOLIVAR,0,0,0,0,0.0,0.0
2020,5,LA LIBERTAD,BOLIVAR,0,0,0,0,0.0,0.0
2020,6,LA LIBERTAD,BOLIVAR,0,0,0,0,0.0,0.0
2020,7,LA LIBERTAD,BOLIVAR,0,0,0,0,0.0,0.0
2020,8,LA LIBERTAD,BOLIVAR,0,0,0,0,0.0,0.0
2020,9,LA LIBERTAD,BOLIVAR,0,0,0,0,0.0,0.0
2020,10,LA LIBERTAD,BOLIVAR,3,131,0,131,130.0,130.0
2020,11,LA LIBERTAD,BOLIVAR,2,105,0,105,105.0,105.0
2020,12,LA LIBERTAD,BOLIVAR,0,0,0,0,0.0,0.0
2021,1,LA LIBERTAD,BOLIVAR,0,0,0,0,0.0,0.0
2021,2,LA LIBERTAD,BOLIVAR,0,0,0,0,0.0,0.0
2021,3,LA LIBERTAD,BOLIVAR,0,0,0,0,0.0,0.0
2021,4,LA LIBERTAD,BOLIVAR,0,0,0,0,0.0,0.0
2021,5,LA LIBERTAD,BOLIVAR,1,105,0,105,105.0,105.0
2021,6,LA LIBERTAD,BOLIVAR,1,219,0,219,219.0,219.0
2021,7,LA LIBERTAD,BOLIVAR,0,0,0,0,0.0,0.0
2021,8,LA LIBERTAD,BOLIVAR,0,0,0,0,0.0,0.0
2021,9,LA LIBERTAD,BOLIVAR,0,0,0,0,0.0,0.0
2021,10,LA LIBERTAD,BOLIVAR,0,0,0,0,0.0,0.0
2021,11,LA LIBERTAD,BOLIVAR,1,11,0,11,19.0,19.0
2021,12,LA LIBERTAD,BOLIVAR,1,0,0,0,4.7,11.0
2022,1,LA LIBERTAD,BOLIVAR,0,0,0,0,0.0,0.0
2022,2,LA LIBERTAD,BOLIVAR,1,19,0,19,16.3,93.3
2022,3,LA LIBERTAD,BOLIVAR,0,0,0,0,0.0,0.0
2022,4,LA LIBERTAD,BOLIVAR,0,0,0,0,0.0,0.0
2022,5,LA LIBERTAD,BOLIVAR,2,7,0,7,0.3,1.0
2022,6,LA LIBERTAD,BOLIVAR,1,0,0,0,0.0,0.0
2022,7,LA LIBERTAD,BOLIVAR,0,0,0,0,0.0,0.0
2022,8,LA LIBERTAD,BOLIVAR,1,0,0,0,4.46,46.5
2022,9,LA LIBERTAD,BOLIVAR,0,0,0,0,0.0,0.0
2022,10,LA LIBERTAD,BOLIVAR,0,0,0,0,0.0,0.0
2022,11,LA LIBERTAD,BOLIVAR,0,0,0,0,0.0,0.0
2022,12,LA LIBERTAD,BOLIVAR,0,0,0,0,0.0,0.0
2023,1,LA LIBERTAD,BOLIVAR,0,0,0,0,0.0,0.0
2023,2,LA LIBERTAD,BOLIVAR,1,36,0,36,3.57,3.09
2023,3,LA LIBERTAD,BOLIVAR,6,332,467,799,18.42,141.5
2023,4,LA LIBERTAD,BOLIVAR,2,38,12,50,162.5,162.5
2023,5,LA LIBERTAD,BOLIVAR,0,0,0,0,0.0,0.0
2023,6,LA LIBERTAD,BOLIVAR,0,0,0,0,0.0,0.0
2023,7,LA LIBERTAD,BOLIVAR,1,65,0,65,0.0,0.0
2023,8,LA LIBERTAD,BOLIVAR,0,0,0,0,0.0,0.0
2023,9,LA LIBERTAD,BOLIVAR,0,0,0,0,0.0,0.0
2023,10,LA LIBERTAD,BOLIVAR,0,0,0,0,0.0,0.0
2023,11,LA LIBERTAD,BOLIVAR,1,0,0,0,0.0,0.0
2023,12,LA LIBERTAD,BOLIVAR,1,0,120,120,0.0,0.0
2024,1,LA LIBERTAD,BOLIVAR,0,0,0,0,0.0,0.0
2024,2,LA LIBERTAD,BOLIVAR,2,401,340,741,0.0,0.0
2024,3,LA LIBERTAD,BOLIVAR,4,7,2,9,0.0,0.0
2024,4,LA LIBERTAD,BOLIVAR,3,17,99,116,0.0,0.0
2024,5,LA LIBERTAD,BOLIVAR,0,0,0,0,0.0,0.0
2024,6,LA LIBERTAD,BOLIVAR,0,0,0,0,0.0,0.0
2024,7,LA LIBERTAD,BOLIVAR,1,659,0,659,0.0,0.0
2024,8,LA LIBERTAD,BOLIVAR,0,0,0,0,0.0,0.0
2024,9,LA LIBERTAD,BOLIVAR,0,0,0,0,0.0,0.0
2024,10,LA LIBERTAD,BOLIVAR,1,75,0,75,0.0,0.0
2024,11,LA LIBERTAD,BOLIVAR,0,0,0,0,0.0,0.0
2024,12,LA LIBERTAD,BOLIVAR,0,0,0,0,0.0,0.0
2025,1,LA LIBERTAD,BOLIVAR,7,51,78,129,0.0,0.0
2025,2,LA LIBERTAD,BOLIVAR,29,340,502,842,0.0,0.0
2025,3,LA LIBERTAD,BOLIVAR,35,691,1494,2185,0.0,23.75
2025,4,LA LIBERTAD,BOLIVAR,4,156,32,188,0.0,0.0
2025,5,LA LIBERTAD,BOLIVAR,0,0,0,0,0.0,0.0
2025,6,LA LIBERTAD,BOLIVAR,2,0,0,0,0.0,0.0
2025,7,LA LIBERTAD,BOLIVAR,0,0,0,0,0.0,0.0
2025,8,LA LIBERTAD,BOLIVAR,0,0,0,0,0.0,0.0
2025,9,LA LIBERTAD,BOLIVAR,0,0,0,0,0.0,0.0
2025,10,LA LIBERTAD,BOLIVAR,0,0,0,0,0.0,0.0
2025,11,LA LIBERTAD,BOLIVAR,0,0,0,0,0.0,0.0
2025,12,LA LIBERTAD,BOLIVAR,0,0,0,0,0.0,0.0
2016,1,LA LIBERTAD,CHEPEN,0,0,0,0,0.0,0.0
2016,2,LA LIBERTAD,CHEPEN,0,0,0,0,0.0,0.0
2016,3,LA LIBERTAD,CHEPEN,0,0,0,0,0.0,0.0
2016,4,LA LIBERTAD,CHEPEN,0,0,0,0,0.0,0.0
2016,5,LA LIBERTAD,CHEPEN,0,0,0,0,0.0,0.0
2016,6,LA LIBERTAD,CHEPEN,0,0,0,0,0.0,0.0
2016,7,LA LIBERTAD,CHEPEN,0,0,0,0,0.0,0.0
2016,8,LA LIBERTAD,CHEPEN,0,0,0,0,0.0,0.0
2016,9,LA LIBERTAD,CHEPEN,0,0,0,0,0.0,0.0
2016,10,LA LIBERTAD,CHEPEN,0,0,0,0,0.0,0.0
2016,11,LA LIBERTAD,CHEPEN,0,0,0,0,0.0,0.0
2016,12,LA LIBERTAD,CHEPEN,0,0,0,0,0.0,0.0
2017,1,LA LIBERTAD,CHEPEN,1,75,0,75,0.0,0.0
2017,2,LA LIBERTAD,CHEPEN,3,70,0,70,0.0,0.0
2017,3,LA LIBERTAD,CHEPEN,17,130,410,540,0.0,0.0
2017,4,LA LIBERTAD,CHEPEN,1,595,0,595,0.0,0.0
2017,5,LA LIBERTAD,CHEPEN,4,6550,5,6555,0.0,0.0
2017,6,LA LIBERTAD,CHEPEN,0,0,0,0,0.0,0.0
2017,7,LA LIBERTAD,CHEPEN,0,0,0,0,0.0,0.0
2017,8,LA LIBERTAD,CHEPEN,0,0,0,0,0.0,0.0
2017,9,LA LIBERTAD,CHEPEN,0,0,0,0,0.0,0.0
2017,10,LA LIBERTAD,CHEPEN,0,0,0,0,0.0,0.0
2017,11,LA LIBERTAD,CHEPEN,0,0,0,0,0.0,0.0
2017,12,LA LIBERTAD,CHEPEN,0,0,0,0,0.0,0.0
2018,1,LA LIBERTAD,CHEPEN,0,0,0,0,0.0,0.0
2018,2,LA LIBERTAD,CHEPEN,0,0,0,0,0.0,0.0
2018,3,LA LIBERTAD,CHEPEN,0,0,0,0,0.0,0.0
2018,4,LA LIBERTAD,CHEPEN,0,0,0,0,0.0,0.0
2018,5,LA LIBERTAD,CHEPEN,0,0,0,0,0.0,0.0
2018,6,LA LIBERTAD,CHEPEN,0,0,0,0,0.0,0.0
2018,7,LA LIBERTAD,CHEPEN,0,0,0,0,0.0,0.0
2018,8,LA LIBERTAD,CHEPEN,0,0,0,0,0.0,0.0
2018,9,LA LIBERTAD,CHEPEN,0,0,0,0,0.0,0.0
2018,10,LA LIBERTAD,CHEPEN,0,0,0,0,0.0,0.0
2018,11,LA LIBERTAD,CHEPEN,0,0,0,0,0.0,0.0
2018,12,LA LIBERTAD,CHEPEN,3,0,0,0,0.0,0.0
2019,1,LA LIBERTAD,CHEPEN,0,0,0,0,0.0,0.0
2019,2,LA LIBERTAD,CHEPEN,4,89,20,109,0.0,0.0
2019,3,LA LIBERTAD,CHEPEN,0,0,0,0,0.0,0.0
2019,4,LA LIBERTAD,CHEPEN,0,0,0,0,0.0,0.0
2019,5,LA LIBERTAD,CHEPEN,0,0,0,0,0.0,0.0
2019,6,LA LIBERTAD,CHEPEN,0,0,0,0,0.0,0.0
2019,7,LA LIBERTAD,CHEPEN,0,0,0,0,0.0,0.0
2019,8,LA LIBERTAD,CHEPEN,0,0,0,0,0.0,0.0
2019,9,LA LIBERTAD,CHEPEN,0,0,0,0,0.0,0.0
2019,10,LA LIBERTAD,CHEPEN,0,0,0,0,0.0,0.0
2019,11,LA LIBERTAD,CHEPEN,0,0,0,0,0.0,0.0
2019,12,LA LIBERTAD,CHEPEN,0,0,0,0,0.0,0.0
2020,1,LA LIBERTAD,CHEPEN,0,0,0,0,0.0,0.0
2020,2,LA LIBERTAD,CHEPEN,0,0,0,0,0.0,0.0
2020,3,LA LIBERTAD,CHEPEN,0,0,0,0,0.0,0.0
2020,4,LA LIBERTAD,CHEPEN,0,0,0,0,0.0,0.0
2020,5,LA LIBERTAD,CHEPEN,0,0,0,0,0.0,0.0
2020,6,LA LIBERTAD,CHEPEN,0,0,0,0,0.0,0.0
2020,7,LA LIBERTAD,CHEPEN,0,0,0,0,0.0,0.0
2020,8,LA LIBERTAD,CHEPEN,0,0,0,0,0.0,0.0
2020,9,LA LIBERTAD,CHEPEN,0,0,0,0,0.0,0.0
2020,10,LA LIBERTAD,CHEPEN,0,0,0,0,0.0,0.0
2020,11,LA LIBERTAD,CHEPEN,0,0,0,0,0.0,0.0
2020,12,LA LIBERTAD,CHEPEN,0,0,0,0,0.0,0.0
2021,1,LA LIBERTAD,CHEPEN,0,0,0,0,0.0,0.0
2021,2,LA LIBERTAD,CHEPEN,1,11,0,11,0.0,0.0
2021,3,LA LIBERTAD,CHEPEN,0,0,0,0,0.0,0.0
2021,4,LA LIBERTAD,CHEPEN,1,0,24,24,0.0,1.5
2021,5,LA LIBERTAD,CHEPEN,2,90,11,101,250.0,5500.0
2021,6,LA LIBERTAD,CHEPEN,0,0,0,0,0.0,0.0
2021,7,LA LIBERTAD,CHEPEN,0,0,0,0,0.0,0.0
2021,8,LA LIBERTAD,CHEPEN,0,0,0,0,0.0,0.0
2021,9,LA LIBERTAD,CHEPEN,0,0,0,0,0.0,0.0
2021,10,LA LIBERTAD,CHEPEN,1,173,0,173,0.0,0.0
2021,11,LA LIBERTAD,CHEPEN,0,0,0,0,0.0,0.0
2021,12,LA LIBERTAD,CHEPEN,0,0,0,0,0.0,0.0
2022,1,LA LIBERTAD,CHEPEN,1,90,17,107,0.0,2.0
2022,2,LA LIBERTAD,CHEPEN,0,0,0,0,0.0,0.0
2022,3,LA LIBERTAD,CHEPEN,1,165,9,174,0.0,2.0
2022,4,LA LIBERTAD,CHEPEN,0,0,0,0,0.0,0.0
2022,5,LA LIBERTAD,CHEPEN,0,0,0,0,0.0,0.0
2022,6,LA LIBERTAD,CHEPEN,1,152,0,152,0.0,1.5
2022,7,LA LIBERTAD,CHEPEN,0,0,0,0,0.0,0.0
2022,8,LA LIBERTAD,CHEPEN,0,0,0,0,0.0,0.0
2022,9,LA LIBERTAD,CHEPEN,0,0,0,0,0.0,0.0
2022,10,LA LIBERTAD,CHEPEN,1,143,0,143,0.0,0.0
2022,11,LA LIBERTAD,CHEPEN,0,0,0,0,0.0,0.0
2022,12,LA LIBERTAD,CHEPEN,0,0,0,0,0.0,0.0
2023,1,LA LIBERTAD,CHEPEN,0,0,0,0,0.0,0.0
2023,2,LA LIBERTAD,CHEPEN,0,0,0,0,0.0,0.0
2023,3,LA LIBERTAD,CHEPEN,3,10143,4285,14428,279.5,77.3
2023,4,LA LIBERTAD,CHEPEN,2,120,51,171,0.0,0.0
2023,5,LA LIBERTAD,CHEPEN,0,0,0,0,0.0,0.0
2023,6,LA LIBERTAD,CHEPEN,0,0,0,0,0.0,0.0
2023,7,LA LIBERTAD,CHEPEN,0,0,0,0,0.0,0.0
2023,8,LA LIBERTAD,CHEPEN,0,0,0,0,0.0,0.0
2023,9,LA LIBERTAD,CHEPEN,0,0,0,0,0.0,0.0
2023,10,LA LIBERTAD,CHEPEN,1,86,5,91,0.0,0.0
2023,11,LA LIBERTAD,CHEPEN,0,0,0,0,0.0,0.0
2023,12,LA LIBERTAD,CHEPEN,0,0,0,0,0.0,0.0
2024,1,LA LIBERTAD,CHEPEN,0,0,0,0,0.0,0.0
2024,2,LA LIBERTAD,CHEPEN,0,0,0,0,0.0,0.0
2024,3,LA LIBERTAD,CHEPEN,0,0,0,0,0.0,0.0
2024,4,LA LIBERTAD,CHEPEN,0,0,0,0,0.0,0.0
2024,5,LA LIBERTAD,CHEPEN,0,0,0,0,0.0,0.0
2024,6,LA LIBERTAD,CHEPEN,0,0,0,0,0.0,0.0
2024,7,LA LIBERTAD,CHEPEN,0,0,0,0,0.0,0.0
2024,8,LA LIBERTAD,CHEPEN,0,0,0,0,0.0,0.0
2024,9,LA LIBERTAD,CHEPEN,0,0,0,0,0.0,0.0
2024,10,LA LIBERTAD,CHEPEN,0,0,0,0,0.0,0.0
2024,11,LA LIBERTAD,CHEPEN,0,0,0,0,0.0,0.0
2024,12,LA LIBERTAD,CHEPEN,0,0,0,0,0.0,0.0
2025,1,LA LIBERTAD,CHEPEN,0,0,0,0,0.0,0.0
2025,2,LA LIBERTAD,CHEPEN,1,0,0,0,0.0,0.0
2025,3,LA LIBERTAD,CHEPEN,1,10,18,28,0.0,0.0
2025,4,LA LIBERTAD,CHEPEN,2,17,55,72,0.0,0.0
2025,5,LA LIBERTAD,CHEPEN,0,0,0,0,0.0,0.0
2025,6,LA LIBERTAD,CHEPEN,0,0,0,0,0.0,0.0
2025,7,LA LIBERTAD,CHEPEN,0,0,0,0,0.0,0.0
2025,8,LA LIBERTAD,CHEPEN,0,0,0,0,0.0,0.0
2025,9,LA LIBERTAD,CHEPEN,0,0,0,0,0.0,0.0
2025,10,LA LIBERTAD,CHEPEN,0,0,0,0,0.0,0.0
2025,11,LA LIBERTAD,CHEPEN,0,0,0,0,0.0,0.0
2025,12,LA LIBERTAD,CHEPEN,0,0,0,0,0.0,0.0
2016,1,LA LIBERTAD,GRAN CHIMU,0,0,0,0,0.0,0.0
2016,2,LA LIBERTAD,GRAN CHIMU,0,0,0,0,0.0,0.0
2016,3,LA LIBERTAD,GRAN CHIMU,0,0,0,0,0.0,0.0
2016,4,LA LIBERTAD,GRAN CHIMU,0,0,0,0,0.0,0.0
2016,5,LA LIBERTAD,GRAN CHIMU,0,0,0,0,0.0,0.0
2016,6,LA LIBERTAD,GRAN CHIMU,0,0,0,0,0.0,0.0
2016,7,LA LIBERTAD,GRAN CHIMU,0,0,0,0,0.0,0.0
2016,8,LA LIBERTAD,GRAN CHIMU,0,0,0,0,0.0,0.0
2016,9,LA LIBERTAD,GRAN CHIMU,0,0,0,0,0.0,0.0
2016,10,LA LIBERTAD,GRAN CHIMU,0,0,0,0,0.0,0.0
2016,11,LA LIBERTAD,GRAN CHIMU,0,0,0,0,0.0,0.0
2016,12,LA LIBERTAD,GRAN CHIMU,0,0,0,0,0.0,0.0
2017,1,LA LIBERTAD,GRAN CHIMU,1,0,0,0,0.0,0.0
2017,2,LA LIBERTAD,GRAN CHIMU,4,5,4,9,0.0,0.0
2017,3,LA LIBERTAD,GRAN CHIMU,36,15940,814,16754,31.0,12.0
2017,4,LA LIBERTAD,GRAN CHIMU,1,0,0,0,8.0,138.0
2017,5,LA LIBERTAD,GRAN CHIMU,0,0,0,0,0.0,0.0
2017,6,LA LIBERTAD,GRAN CHIMU,0,0,0,0,0.0,0.0
2017,7,LA LIBERTAD,GRAN CHIMU,0,0,0,0,0.0,0.0
2017,8,LA LIBERTAD,GRAN CHIMU,0,0,0,0,0.0,0.0
2017,9,LA LIBERTAD,GRAN CHIMU,0,0,0,0,0.0,0.0
2017,10,LA LIBERTAD,GRAN CHIMU,0,0,0,0,0.0,0.0
2017,11,LA LIBERTAD,GRAN CHIMU,0,0,0,0,0.0,0.0
2017,12,LA LIBERTAD,GRAN CHIMU,0,0,0,0,0.0,0.0
2018,1,LA LIBERTAD,GRAN CHIMU,0,0,0,0,0.0,0.0
2018,2,LA LIBERTAD,GRAN CHIMU,0,0,0,0,0.0,0.0
2018,3,LA LIBERTAD,GRAN CHIMU,0,0,0,0,0.0,0.0
2018,4,LA LIBERTAD,GRAN CHIMU,0,0,0,0,0.0,0.0
2018,5,LA LIBERTAD,GRAN CHIMU,0,0,0,0,0.0,0.0
2018,6,LA LIBERTAD,GRAN CHIMU,0,0,0,0,0.0,0.0
2018,7,LA LIBERTAD,GRAN CHIMU,0,0,0,0,0.0,0.0
2018,8,LA LIBERTAD,GRAN CHIMU,1,0,0,0,0.0,0.0
2018,9,LA LIBERTAD,GRAN CHIMU,0,0,0,0,0.0,0.0
2018,10,LA LIBERTAD,GRAN CHIMU,0,0,0,0,0.0,0.0
2018,11,LA LIBERTAD,GRAN CHIMU,0,0,0,0,0.0,0.0
2018,12,LA LIBERTAD,GRAN CHIMU,0,0,0,0,0.0,0.0
2019,1,LA LIBERTAD,GRAN CHIMU,0,0,0,0,0.0,0.0
2019,2,LA LIBERTAD,GRAN CHIMU,0,0,0,0,0.0,0.0
2019,3,LA LIBERTAD,GRAN CHIMU,0,0,0,0,0.0,0.0
2019,4,LA LIBERTAD,GRAN CHIMU,0,0,0,0,0.0,0.0
2019,5,LA LIBERTAD,GRAN CHIMU,0,0,0,0,0.0,0.0
2019,6,LA LIBERTAD,GRAN CHIMU,0,0,0,0,0.0,0.0
2019,7,LA LIBERTAD,GRAN CHIMU,0,0,0,0,0.0,0.0
2019,8,LA LIBERTAD,GRAN CHIMU,0,0,0,0,0.0,0.0
2019,9,LA LIBERTAD,GRAN CHIMU,0,0,0,0,0.0,0.0
2019,10,LA LIBERTAD,GRAN CHIMU,0,0,0,0,0.0,0.0
2019,11,LA LIBERTAD,GRAN CHIMU,0,0,0,0,0.0,0.0
2019,12,LA LIBERTAD,GRAN CHIMU,0,0,0,0,0.0,0.0
2020,1,LA LIBERTAD,GRAN CHIMU,0,0,0,0,0.0,0.0
2020,2,LA LIBERTAD,GRAN CHIMU,0,0,0,0,0.0,0.0
2020,3,LA LIBERTAD,GRAN CHIMU,0,0,0,0,0.0,0.0
2020,4,LA LIBERTAD,GRAN CHIMU,0,0,0,0,0.0,0.0
2020,5,LA LIBERTAD,GRAN CHIMU,0,0,0,0,0.0,0.0
2020,6,LA LIBERTAD,GRAN CHIMU,0,0,0,0,0.0,0.0
2020,7,LA LIBERTAD,GRAN CHIMU,0,0,0,0,0.0,0.0
2020,8,LA LIBERTAD,GRAN CHIMU,0,0,0,0,0.0,0.0
2020,9,LA LIBERTAD,GRAN CHIMU,0,0,0,0,0.0,0.0
2020,10,LA LIBERTAD,GRAN CHIMU,0,0,0,0,0.0,0.0
2020,11,LA LIBERTAD,GRAN CHIMU,0,0,0,0,0.0,0.0
2020,12,LA LIBERTAD,GRAN CHIMU,0,0,0,0,0.0,0.0
2021,1,LA LIBERTAD,GRAN CHIMU,0,0,0,0,0.0,0.0
2021,2,LA LIBERTAD,GRAN CHIMU,0,0,0,0,0.0,0.0
2021,3,LA LIBERTAD,GRAN CHIMU,0,0,0,0,0.0,0.0
2021,4,LA LIBERTAD,GRAN CHIMU,0,0,0,0,0.0,0.0
2021,5,LA LIBERTAD,GRAN CHIMU,0,0,0,0,0.0,0.0
2021,6,LA LIBERTAD,GRAN CHIMU,0,0,0,0,0.0,0.0
2021,7,LA LIBERTAD,GRAN CHIMU,0,0,0,0,0.0,0.0
2021,8,LA LIBERTAD,GRAN CHIMU,0,0,0,0,0.0,0.0
2021,9,LA LIBERTAD,GRAN CHIMU,0,0,0,0,0.0,0.0
2021,10,LA LIBERTAD,GRAN CHIMU,0,0,0,0,0.0,0.0
2021,11,LA LIBERTAD,GRAN CHIMU,0,0,0,0,0.0,0.0
2021,12,LA LIBERTAD,GRAN CHIMU,0,0,0,0,0.0,0.0
2022,1,LA LIBERTAD,GRAN CHIMU,0,0,0,0,0.0,0.0
2022,2,LA LIBERTAD,GRAN CHIMU,0,0,0,0,0.0,0.0
2022,3,LA LIBERTAD,GRAN CHIMU,0,0,0,0,0.0,0.0
2022,4,LA LIBERTAD,GRAN CHIMU,0,0,0,0,0.0,0.0
2022,5,LA LIBERTAD,GRAN CHIMU,0,0,0,0,0.0,0.0
2022,6,LA LIBERTAD,GRAN CHIMU,0,0,0,0,0.0,0.0
2022,7,LA LIBERTAD,GRAN CHIMU,0,0,0,0,0.0,0.0
2022,8,LA LIBERTAD,GRAN CHIMU,0,0,0,0,0.0,0.0
2022,9,LA LIBERTAD,GRAN CHIMU,0,0,0,0,0.0,0.0
2022,10,LA LIBERTAD,GRAN CHIMU,0,0,0,0,0.0,0.0
2022,11,LA LIBERTAD,GRAN CHIMU,0,0,0,0,0.0,0.0
2022,12,LA LIBERTAD,GRAN CHIMU,0,0,0,0,0.0,0.0
2023,1,LA LIBERTAD,GRAN CHIMU,0,0,0,0,0.0,0.0
2023,2,LA LIBERTAD,GRAN CHIMU,0,0,0,0,0.0,0.0
2023,3,LA LIBERTAD,GRAN CHIMU,7,781,275,1056,5375.62,10655.97
2023,4,LA LIBERTAD,GRAN CHIMU,8,438,1,439,263.87,75.75
2023,5,LA LIBERTAD,GRAN CHIMU,2,164,10,174,0.0,0.0
2023,6,LA LIBERTAD,GRAN CHIMU,1,0,0,0,0.0,0.0
2023,7,LA LIBERTAD,GRAN CHIMU,0,0,0,0,0.0,0.0
2023,8,LA LIBERTAD,GRAN CHIMU,0,0,0,0,0.0,0.0
2023,9,LA LIBERTAD,GRAN CHIMU,1,1,0,1,0.0,0.0
2023,10,LA LIBERTAD,GRAN CHIMU,0,0,0,0,0.0,0.0
2023,11,LA LIBERTAD,GRAN CHIMU,0,0,0,0,0.0,0.0
2023,12,LA LIBERTAD,GRAN CHIMU,0,0,0,0,0.0,0.0
2024,1,LA LIBERTAD,GRAN CHIMU,0,0,0,0,0.0,0.0
2024,2,LA LIBERTAD,GRAN CHIMU,6,6,81,87,0.0,0.0
2024,3,LA LIBERTAD,GRAN CHIMU,4,41,0,41,0.0,0.0
2024,4,LA LIBERTAD,GRAN CHIMU,2,41,25,66,0.0,0.0
2024,5,LA LIBERTAD,GRAN CHIMU,1,41,9,50,0.0,0.0
2024,6,LA LIBERTAD,GRAN CHIMU,0,0,0,0,0.0,0.0
2024,7,LA LIBERTAD,GRAN CHIMU,0,0,0,0,0.0,0.0
2024,8,LA LIBERTAD,GRAN CHIMU,5,52,16,68,0.0,0.0
2024,9,LA LIBERTAD,GRAN CHIMU,4,870,30,900,0.0,0.0
2024,10,LA LIBERTAD,GRAN CHIMU,0,0,0,0,0.0,0.0
2024,11,LA LIBERTAD,GRAN CHIMU,1,0,0,0,0.0,0.0
2024,12,LA LIBERTAD,GRAN CHIMU,0,0,0,0,0.0,0.0
2025,1,LA LIBERTAD,GRAN CHIMU,2,4,1,5,0.0,0.0
2025,2,LA LIBERTAD,GRAN CHIMU,3,7,0,7,0.0,0.0
2025,3,LA LIBERTAD,GRAN CHIMU,1,0,0,0,0.0,0.0
2025,4,LA LIBERTAD,GRAN CHIMU,5,83,47,130,0.0,0.0
2025,5,LA LIBERTAD,GRAN CHIMU,1,0,3,3,0.0,0.0
2025,6,LA LIBERTAD,GRAN CHIMU,1,10,0,10,0.0,0.0
2025,7,LA LIBERTAD,GRAN CHIMU,1,4,0,4,0.0,0.0
2025,8,LA LIBERTAD,GRAN CHIMU,1,105,44,149,0.0,0.0
2025,9,LA LIBERTAD,GRAN CHIMU,0,0,0,0,0.0,0.0
2025,10,LA LIBERTAD,GRAN CHIMU,0,0,0,0,0.0,0.0
2025,11,LA LIBERTAD,GRAN CHIMU,2,9,0,9,0.0,0.0
2025,12,LA LIBERTAD,GRAN CHIMU,0,0,0,0,0.0,0.0
2016,1,LA LIBERTAD,OTUZCO,0,0,0,0,0.0,0.0
2016,2,LA LIBERTAD,OTUZCO,0,0,0,0,0.0,0.0
2016,3,LA LIBERTAD,OTUZCO,1,299,20,319,0.0,0.0
2016,4,LA LIBERTAD,OTUZCO,0,0,0,0,0.0,0.0
2016,5,LA LIBERTAD,OTUZCO,0,0,0,0,0.0,0.0
2016,6,LA LIBERTAD,OTUZCO,0,0,0,0,0.0,0.0
2016,7,LA LIBERTAD,OTUZCO,2,7,12,19,0.0,0.0
2016,8,LA LIBERTAD,OTUZCO,2,8,9,17,0.0,0.0
2016,9,LA LIBERTAD,OTUZCO,1,0,0,0,0.0,0.0
2016,10,LA LIBERTAD,OTUZCO,0,0,0,0,0.0,0.0
2016,11,LA LIBERTAD,OTUZCO,1,0,4,4,0.0,0.0
2016,12,LA LIBERTAD,OTUZCO,0,0,0,0,0.0,0.0
2017,1,LA LIBERTAD,OTUZCO,0,0,0,0,0.0,0.0
2017,2,LA LIBERTAD,OTUZCO,13,5,5,10,0.0,0.0
2017,3,LA LIBERTAD,OTUZCO,21,2891,2332,5223,65.0,108.0
2017,4,LA LIBERTAD,OTUZCO,0,0,0,0,0.0,0.0
2017,5,LA LIBERTAD,OTUZCO,7,0,2,2,0.0,0.0
2017,6,LA LIBERTAD,OTUZCO,1,0,125,125,0.0,0.0
2017,7,LA LIBERTAD,OTUZCO,0,0,0,0,0.0,0.0
2017,8,LA LIBERTAD,OTUZCO,2,0,6,6,0.0,0.0
2017,9,LA LIBERTAD,OTUZCO,0,0,0,0,0.0,0.0
2017,10,LA LIBERTAD,OTUZCO,0,0,0,0,0.0,0.0
2017,11,LA LIBERTAD,OTUZCO,0,0,0,0,0.0,0.0
2017,12,LA LIBERTAD,OTUZCO,0,0,0,0,0.0,0.0
2018,1,LA LIBERTAD,OTUZCO,0,0,0,0,0.0,0.0
2018,2,LA LIBERTAD,OTUZCO,0,0,0,0,0.0,0.0
2018,3,LA LIBERTAD,OTUZCO,0,0,0,0,0.0,0.0
2018,4,LA LIBERTAD,OTUZCO,1,0,0,0,0.0,0.0
2018,5,LA LIBERTAD,OTUZCO,0,0,0,0,0.0,0.0
2018,6,LA LIBERTAD,OTUZCO,0,0,0,0,0.0,0.0
2018,7,LA LIBERTAD,OTUZCO,3,10,0,10,0.0,0.0
2018,8,LA LIBERTAD,OTUZCO,0,0,0,0,0.0,0.0
2018,9,LA LIBERTAD,OTUZCO,0,0,0,0,0.0,0.0
2018,10,LA LIBERTAD,OTUZCO,0,0,0,0,0.0,0.0
2018,11,LA LIBERTAD,OTUZCO,0,0,0,0,0.0,0.0
2018,12,LA LIBERTAD,OTUZCO,0,0,0,0,0.0,0.0
2019,1,LA LIBERTAD,OTUZCO,0,0,0,0,0.0,0.0
2019,2,LA LIBERTAD,OTUZCO,4,88,21,109,19.5,37.5
2019,3,LA LIBERTAD,OTUZCO,5,12,2,14,0.0,0.0
2019,4,LA LIBERTAD,OTUZCO,0,0,0,0,0.0,0.0
2019,5,LA LIBERTAD,OTUZCO,0,0,0,0,0.0,0.0
2019,6,LA LIBERTAD,OTUZCO,0,0,0,0,0.0,0.0
2019,7,LA LIBERTAD,OTUZCO,0,0,0,0,0.0,0.0
2019,8,LA LIBERTAD,OTUZCO,0,0,0,0,0.0,0.0
2019,9,LA LIBERTAD,OTUZCO,0,0,0,0,0.0,0.0
2019,10,LA LIBERTAD,OTUZCO,0,0,0,0,0.0,0.0
2019,11,LA LIBERTAD,OTUZCO,0,0,0,0,0.0,0.0
2019,12,LA LIBERTAD,OTUZCO,0,0,0,0,0.0,0.0
2020,1,LA LIBERTAD,OTUZCO,0,0,0,0,0.0,0.0
2020,2,LA LIBERTAD,OTUZCO,0,0,0,0,0.0,0.0
2020,3,LA LIBERTAD,OTUZCO,2,615,0,615,135.75,66.4
2020,4,LA LIBERTAD,OTUZCO,1,1,0,1,0.0,0.0
2020,5,LA LIBERTAD,OTUZCO,0,0,0,0,0.0,0.0
2020,6,LA LIBERTAD,OTUZCO,0,0,0,0,0.0,0.0
2020,7,LA LIBERTAD,OTUZCO,0,0,0,0,0.0,0.0
2020,8,LA LIBERTAD,OTUZCO,4,499,0,499,0.0,0.0
2020,9,LA LIBERTAD,OTUZCO,2,145,8,153,0.0,0.0
2020,10,LA LIBERTAD,OTUZCO,1,1,0,1,0.0,0.0
2020,11,LA LIBERTAD,OTUZCO,2,46,8,54,0.0,0.0
2020,12,LA LIBERTAD,OTUZCO,0,0,0,0,0.0,0.0
2021,1,LA LIBERTAD,OTUZCO,1,10,0,10,0.0,0.0
2021,2,LA LIBERTAD,OTUZCO,0,0,0,0,0.0,0.0
2021,3,LA LIBERTAD,OTUZCO,5,70,9,79,0.0,0.0
2021,4,LA LIBERTAD,OTUZCO,1,76,0,76,0.0,0.0
2021,5,LA LIBERTAD,OTUZCO,1,64,7,71,0.0,0.0
2021,6,LA LIBERTAD,OTUZCO,0,0,0,0,0.0,0.0
2021,7,LA LIBERTAD,OTUZCO,1,51,0,51,0.0,0.0
2021,8,LA LIBERTAD,OTUZCO,1,92,0,92,0.0,0.0
2021,9,LA LIBERTAD,OTUZCO,0,0,0,0,0.0,0.0
2021,10,LA LIBERTAD,OTUZCO,1,82,0,82,0.0,0.0
2021,11,LA LIBERTAD,OTUZCO,0,0,0,0,0.0,0.0
2021,12,LA LIBERTAD,OTUZCO,0,0,0,0,0.0,0.0
2022,1,LA LIBERTAD,OTUZCO,0,0,0,0,0.0,0.0
2022,2,LA LIBERTAD,OTUZCO,1,102,0,102,0.0,0.0
2022,3,LA LIBERTAD,OTUZCO,0,0,0,0,0.0,0.0
2022,4,LA LIBERTAD,OTUZCO,3,125,1,126,0.0,0.0
2022,5,LA LIBERTAD,OTUZCO,1,1,0,1,0.0,0.0
2022,6,LA LIBERTAD,OTUZCO,0,0,0,0,0.0,0.0
2022,7,LA LIBERTAD,OTUZCO,1,50,0,50,0.0,0.0
2022,8,LA LIBERTAD,OTUZCO,0,0,0,0,0.0,0.0
2022,9,LA LIBERTAD,OTUZCO,2,278,0,278,0.0,0.0
2022,10,LA LIBERTAD,OTUZCO,1,103,0,103,0.0,0.0
2022,11,LA LIBERTAD,OTUZCO,0,0,0,0,0.0,0.0
2022,12,LA LIBERTAD,OTUZCO,0,0,0,0,0.0,0.0
2023,1,LA LIBERTAD,OTUZCO,0,0,0,0,0.0,0.0
2023,2,LA LIBERTAD,OTUZCO,1,0,0,0,2.7,3.2
2023,3,LA LIBERTAD,OTUZCO,22,1791,119,1910,86.04,116.29
2023,4,LA LIBERTAD,OTUZCO,12,771,44,815,59.43,56.68
2023,5,LA LIBERTAD,OTUZCO,2,0,3,3,0.0,0.0
2023,6,LA LIBERTAD,OTUZCO,2,89,0,89,0.0,0.0
2023,7,LA LIBERTAD,OTUZCO,3,29,5,34,0.0,0.0
2023,8,LA LIBERTAD,OTUZCO,3,64,0,64,0.0,0.0
2023,9,LA LIBERTAD,OTUZCO,1,4,0,4,0.0,0.0
2023,10,LA LIBERTAD,OTUZCO,3,340,10,350,28.5,43.5
2023,11,LA LIBERTAD,OTUZCO,2,71,13,84,1.0,5.0
2023,12,LA LIBERTAD,OTUZCO,1,16,3,19,0.0,0.0
2024,1,LA LIBERTAD,OTUZCO,2,74,0,74,0.0,0.0
2024,2,LA LIBERTAD,OTUZCO,6,841,10,851,0.0,0.0
2024,3,LA LIBERTAD,OTUZCO,4,171,20,191,0.0,0.0
2024,4,LA LIBERTAD,OTUZCO,1,142,0,142,0.0,1.0
2024,5,LA LIBERTAD,OTUZCO,1,8,0,8,0.0,0.0
2024,6,LA LIBERTAD,OTUZCO,0,0,0,0,0.0,0.0
2024,7,LA LIBERTAD,OTUZCO,1,45,0,45,0.0,0.0
2024,8,LA LIBERTAD,OTUZCO,1,271,0,271,0.0,0.0
2024,9,LA LIBERTAD,OTUZCO,4,102,0,102,0.0,0.0
2024,10,LA LIBERTAD,OTUZCO,3,28,0,28,0.0,0.0
2024,11,LA LIBERTAD,OTUZCO,2,264,0,264,0.0,0.0
2024,12,LA LIBERTAD,OTUZCO,2,48,9,57,0.0,0.0
2025,1,LA LIBERTAD,OTUZCO,7,321,5,326,0.0,0.0
2025,2,LA LIBERTAD,OTUZCO,10,228,3,231,0.0,0.0
2025,3,LA LIBERTAD,OTUZCO,17,274,105,379,0.0,0.0
2025,4,LA LIBERTAD,OTUZCO,10,242,36,278,0.0,0.0
2025,5,LA LIBERTAD,OTUZCO,2,0,31,31,0.0,0.0
2025,6,LA LIBERTAD,OTUZCO,0,0,0,0,0.0,0.0
2025,7,LA LIBERTAD,OTUZCO,0,0,0,0,0.0,0.0
2025,8,LA LIBERTAD,OTUZCO,1,9,6,15,0.0,0.0
2025,9,LA LIBERTAD,OTUZCO,1,268,0,268,0.0,0.0
2025,10,LA LIBERTAD,OTUZCO,1,0,5,5,0.0,0.0
2025,11,LA LIBERTAD,OTUZCO,1,0,12,12,0.0,0.0
2025,12,LA LIBERTAD,OTUZCO,0,0,0,0,0.0,0.0
2016,1,LA LIBERTAD,PATAZ,0,0,0,0,0.0,0.0
2016,2,LA LIBERTAD,PATAZ,0,0,0,0,0.0,0.0
2016,3,LA LIBERTAD,PATAZ,0,0,0,0,0.0,0.0
2016,4,LA LIBERTAD,PATAZ,0,0,0,0,0.0,0.0
2016,5,LA LIBERTAD,PATAZ,0,0,0,0,0.0,0.0
2016,6,LA LIBERTAD,PATAZ,0,0,0,0,0.0,0.0
2016,7,LA LIBERTAD,PATAZ,0,0,0,0,0.0,0.0
2016,8,LA LIBERTAD,PATAZ,0,0,0,0,0.0,0.0
2016,9,LA LIBERTAD,PATAZ,0,0,0,0,0.0,0.0
2016,10,LA LIBERTAD,PATAZ,1,0,0,0,0.0,0.0
2016,11,LA LIBERTAD,PATAZ,1,0,0,0,0.0,0.0
2016,12,LA LIBERTAD,PATAZ,0,0,0,0,0.0,0.0
2017,1,LA LIBERTAD,PATAZ,1,20,5,25,0.0,0.0
2017,2,LA LIBERTAD,PATAZ,2,5,0,5,0.0,0.0
2017,3,LA LIBERTAD,PATAZ,12,10,50,60,0.0,7.0
2017,4,LA LIBERTAD,PATAZ,0,0,0,0,0.0,0.0
2017,5,LA LIBERTAD,PATAZ,0,0,0,0,0.0,0.0
2017,6,LA LIBERTAD,PATAZ,0,0,0,0,0.0,0.0
2017,7,LA LIBERTAD,PATAZ,0,0,0,0,0.0,0.0
2017,8,LA LIBERTAD,PATAZ,0,0,0,0,0.0,0.0
2017,9,LA LIBERTAD,PATAZ,0,0,0,0,0.0,0.0
2017,10,LA LIBERTAD,PATAZ,0,0,0,0,0.0,0.0
2017,11,LA LIBERTAD,PATAZ,0,0,0,0,0.0,0.0
2017,12,LA LIBERTAD,PATAZ,0,0,0,0,0.0,0.0
2018,1,LA LIBERTAD,PATAZ,0,0,0,0,0.0,0.0
2018,2,LA LIBERTAD,PATAZ,0,0,0,0,0.0,0.0
2018,3,LA LIBERTAD,PATAZ,0,0,0,0,0.0,0.0
2018,4,LA LIBERTAD,PATAZ,2,0,0,0,0.0,1.0
2018,5,LA LIBERTAD,PATAZ,0,0,0,0,0.0,0.0
2018,6,LA LIBERTAD,PATAZ,0,0,0,0,0.0,0.0
2018,7,LA LIBERTAD,PATAZ,0,0,0,0,0.0,0.0
2018,8,LA LIBERTAD,PATAZ,0,0,0,0,0.0,0.0
2018,9,LA LIBERTAD,PATAZ,0,0,0,0,0.0,0.0
2018,10,LA LIBERTAD,PATAZ,0,0,0,0,0.0,0.0
2018,11,LA LIBERTAD,PATAZ,0,0,0,0,0.0,0.0
2018,12,LA LIBERTAD,PATAZ,0,0,0,0,0.0,0.0
2019,1,LA LIBERTAD,PATAZ,0,0,0,0,0.0,0.0
2019,2,LA LIBERTAD,PATAZ,3,74,73,147,0.75,19.75
2019,3,LA LIBERTAD,PATAZ,5,197,80,277,7.25,70.0
2019,4,LA LIBERTAD,PATAZ,1,0,4,4,0.0,0.0
2019,5,LA LIBERTAD,PATAZ,0,0,0,0,0.0,0.0
2019,6,LA LIBERTAD,PATAZ,0,0,0,0,0.0,0.0
2019,7,LA LIBERTAD,PATAZ,0,0,0,0,0.0,0.0
2019,8,LA LIBERTAD,PATAZ,0,0,0,0,0.0,0.0
2019,9,LA LIBERTAD,PATAZ,0,0,0,0,0.0,0.0
2019,10,LA LIBERTAD,PATAZ,1,0,0,0,0.0,0.0
2019,11,LA LIBERTAD,PATAZ,0,0,0,0,0.0,0.0
2019,12,LA LIBERTAD,PATAZ,5,274,19,293,0.0,0.0
2020,1,LA LIBERTAD,PATAZ,0,0,0,0,0.0,0.0
2020,2,LA LIBERTAD,PATAZ,1,0,45,45,0.0,0.0
2020,3,LA LIBERTAD,PATAZ,1,20,67,87,0.0,0.0
2020,4,LA LIBERTAD,PATAZ,0,0,0,0,0.0,0.0
2020,5,LA LIBERTAD,PATAZ,0,0,0,0,0.0,0.0
2020,6,LA LIBERTAD,PATAZ,0,0,0,0,0.0,0.0
2020,7,LA LIBERTAD,PATAZ,0,0,0,0,0.0,0.0
2020,8,LA LIBERTAD,PATAZ,0,0,0,0,0.0,0.0
2020,9,LA LIBERTAD,PATAZ,0,0,0,0,0.0,0.0
2020,10,LA LIBERTAD,PATAZ,0,0,0,0,0.0,0.0
2020,11,LA LIBERTAD,PATAZ,0,0,0,0,0.0,0.0
2020,12,LA LIBERTAD,PATAZ,0,0,0,0,0.0,0.0
2021,1,LA LIBERTAD,PATAZ,1,3,22,25,0.0,0.0
2021,2,LA LIBERTAD,PATAZ,0,0,0,0,0.0,0.0
2021,3,LA LIBERTAD,PATAZ,0,0,0,0,0.0,0.0
2021,4,LA LIBERTAD,PATAZ,0,0,0,0,0.0,0.0
2021,5,LA LIBERTAD,PATAZ,0,0,0,0,0.0,0.0
2021,6,LA LIBERTAD,PATAZ,0,0,0,0,0.0,0.0
2021,7,LA LIBERTAD,PATAZ,1,0,207,207,26.0,0.0
2021,8,LA LIBERTAD,PATAZ,0,0,0,0,0.0,0.0
2021,9,LA LIBERTAD,PATAZ,0,0,0,0,0.0,0.0
2021,10,LA LIBERTAD,PATAZ,1,129,18,147,0.0,0.0
2021,11,LA LIBERTAD,PATAZ,0,0,0,0,0.0,0.0
2021,12,LA LIBERTAD,PATAZ,3,40,16,56,0.0,5.5
2022,1,LA LIBERTAD,PATAZ,1,0,171,171,0.0,0.0
2022,2,LA LIBERTAD,PATAZ,6,0,162,162,0.0,0.0
2022,3,LA LIBERTAD,PATAZ,2,52,45,97,0.0,0.0
2022,4,LA LIBERTAD,PATAZ,1,0,125,125,0.0,0.0
2022,5,LA LIBERTAD,PATAZ,0,0,0,0,0.0,0.0
2022,6,LA LIBERTAD,PATAZ,0,0,0,0,0.0,0.0
2022,7,LA LIBERTAD,PATAZ,0,0,0,0,0.0,0.0
2022,8,LA LIBERTAD,PATAZ,0,0,0,0,0.0,0.0
2022,9,LA LIBERTAD,PATAZ,0,0,0,0,0.0,0.0
2022,10,LA LIBERTAD,PATAZ,0,0,0,0,0.0,0.0
2022,11,LA LIBERTAD,PATAZ,2,0,261,261,0.0,0.0
2022,12,LA LIBERTAD,PATAZ,0,0,0,0,0.0,0.0
2023,1,LA LIBERTAD,PATAZ,2,0,116,116,0.0,0.0
2023,2,LA LIBERTAD,PATAZ,7,0,292,292,0.0,0.0
2023,3,LA LIBERTAD,PATAZ,21,1061,592,1653,48.5,30.5
2023,4,LA LIBERTAD,PATAZ,17,837,612,1449,2.0,8.5
2023,5,LA LIBERTAD,PATAZ,6,81,139,220,0.0,0.0
2023,6,LA LIBERTAD,PATAZ,0,0,0,0,0.0,0.0
2023,7,LA LIBERTAD,PATAZ,1,0,0,0,0.0,0.0
2023,8,LA LIBERTAD,PATAZ,0,0,0,0,0.0,0.0
2023,9,LA LIBERTAD,PATAZ,1,55,0,55,0.0,0.0
2023,10,LA LIBERTAD,PATAZ,2,0,0,0,0.0,0.0
2023,11,LA LIBERTAD,PATAZ,1,32,0,32,0.0,0.0
2023,12,LA LIBERTAD,PATAZ,2,2,4,6,0.0,0.0
2024,1,LA LIBERTAD,PATAZ,0,0,0,0,0.0,0.0
2024,2,LA LIBERTAD,PATAZ,8,938,4,942,2.0,3.0
2024,3,LA LIBERTAD,PATAZ,6,13,160,173,0.0,0.0
2024,4,LA LIBERTAD,PATAZ,10,1190,19,1209,43.6,56.6
2024,5,LA LIBERTAD,PATAZ,6,395,0,395,38.25,0.0
2024,6,LA LIBERTAD,PATAZ,0,0,0,0,0.0,0.0
2024,7,LA LIBERTAD,PATAZ,1,100,0,100,0.0,0.0
2024,8,LA LIBERTAD,PATAZ,3,156,14,170,0.0,0.0
2024,9,LA LIBERTAD,PATAZ,4,324,0,324,0.0,1.75
2024,10,LA LIBERTAD,PATAZ,2,33,0,33,0.0,0.0
2024,11,LA LIBERTAD,PATAZ,4,8,2,10,0.0,0.0
2024,12,LA LIBERTAD,PATAZ,2,60,26,86,0.0,0.0
2025,1,LA LIBERTAD,PATAZ,30,2049,76,2125,63.1,0.0
2025,2,LA LIBERTAD,PATAZ,74,2341,252,2593,0.0,0.0
2025,3,LA LIBERTAD,PATAZ,35,726,160,886,163.5,163.0
2025,4,LA LIBERTAD,PATAZ,31,646,376,1022,0.0,0.0
2025,5,LA LIBERTAD,PATAZ,4,11,0,11,0.0,0.0
2025,6,LA LIBERTAD,PATAZ,2,2,3,5,0.0,0.0
2025,7,LA LIBERTAD,PATAZ,2,0,10,10,0.0,0.0
2025,8,LA LIBERTAD,PATAZ,5,201,4,205,0.0,0.0
2025,9,LA LIBERTAD,PATAZ,7,376,59,435,0.0,0.0
2025,10,LA LIBERTAD,PATAZ,6,48,25,73,0.0,0.0
2025,11,LA LIBERTAD,PATAZ,6,534,356,890,0.0,0.0
2025,12,LA LIBERTAD,PATAZ,4,402,3,405,0.0,0.0
2016,1,LA LIBERTAD,SANCHEZ CARRION,0,0,0,0,0.0,0.0
2016,2,LA LIBERTAD,SANCHEZ CARRION,0,0,0,0,0.0,0.0
2016,3,LA LIBERTAD,SANCHEZ CARRION,0,0,0,0,0.0,0.0
2016,4,LA LIBERTAD,SANCHEZ CARRION,0,0,0,0,0.0,0.0
2016,5,LA LIBERTAD,SANCHEZ CARRION,0,0,0,0,0.0,0.0
2016,6,LA LIBERTAD,SANCHEZ CARRION,0,0,0,0,0.0,0.0
2016,7,LA LIBERTAD,SANCHEZ CARRION,0,0,0,0,0.0,0.0
2016,8,LA LIBERTAD,SANCHEZ CARRION,0,0,0,0,0.0,0.0
2016,9,LA LIBERTAD,SANCHEZ CARRION,0,0,0,0,0.0,0.0
2016,10,LA LIBERTAD,SANCHEZ CARRION,0,0,0,0,0.0,0.0
2016,11,LA LIBERTAD,SANCHEZ CARRION,0,0,0,0,0.0,0.0
2016,12,LA LIBERTAD,SANCHEZ CARRION,0,0,0,0,0.0,0.0
2017,1,LA LIBERTAD,SANCHEZ CARRION,0,0,0,0,0.0,0.0
2017,2,LA LIBERTAD,SANCHEZ CARRION,4,140,8,148,0.0,0.0
2017,3,LA LIBERTAD,SANCHEZ CARRION,20,276,5,281,1.0,1.0
2017,4,LA LIBERTAD,SANCHEZ CARRION,19,489,21,510,0.0,0.0
2017,5,LA LIBERTAD,SANCHEZ CARRION,1,0,0,0,0.0,0.0
2017,6,LA LIBERTAD,SANCHEZ CARRION,0,0,0,0,0.0,0.0
2017,7,LA LIBERTAD,SANCHEZ CARRION,0,0,0,0,0.0,0.0
2017,8,LA LIBERTAD,SANCHEZ CARRION,7,35,78,113,0.0,0.0
2017,9,LA LIBERTAD,SANCHEZ CARRION,1,75,0,75,0.0,0.0
2017,10,LA LIBERTAD,SANCHEZ CARRION,2,0,0,0,0.0,0.0
2017,11,LA LIBERTAD,SANCHEZ CARRION,0,0,0,0,0.0,0.0
2017,12,LA LIBERTAD,SANCHEZ CARRION,0,0,0,0,0.0,0.0
2018,1,LA LIBERTAD,SANCHEZ CARRION,0,0,0,0,0.0,0.0
2018,2,LA LIBERTAD,SANCHEZ CARRION,2,0,0,0,0.0,0.0
2018,3,LA LIBERTAD,SANCHEZ CARRION,0,0,0,0,0.0,0.0
2018,4,LA LIBERTAD,SANCHEZ CARRION,1,0,0,0,0.0,0.0
2018,5,LA LIBERTAD,SANCHEZ CARRION,2,0,0,0,0.0,0.0
2018,6,LA LIBERTAD,SANCHEZ CARRION,0,0,0,0,0.0,0.0
2018,7,LA LIBERTAD,SANCHEZ CARRION,0,0,0,0,0.0,0.0
2018,8,LA LIBERTAD,SANCHEZ CARRION,0,0,0,0,0.0,0.0
2018,9,LA LIBERTAD,SANCHEZ CARRION,1,0,0,0,0.0,0.0
2018,10,LA LIBERTAD,SANCHEZ CARRION,0,0,0,0,0.0,0.0
2018,11,LA LIBERTAD,SANCHEZ CARRION,0,0,0,0,0.0,0.0
2018,12,LA LIBERTAD,SANCHEZ CARRION,1,0,0,0,0.0,0.0
2019,1,LA LIBERTAD,SANCHEZ CARRION,0,0,0,0,0.0,0.0
2019,2,LA LIBERTAD,SANCHEZ CARRION,2,0,0,0,0.0,0.0
2019,3,LA LIBERTAD,SANCHEZ CARRION,0,0,0,0,0.0,0.0
2019,4,LA LIBERTAD,SANCHEZ CARRION,0,0,0,0,0.0,0.0
2019,5,LA LIBERTAD,SANCHEZ CARRION,0,0,0,0,0.0,0.0
2019,6,LA LIBERTAD,SANCHEZ CARRION,0,0,0,0,0.0,0.0
2019,7,LA LIBERTAD,SANCHEZ CARRION,0,0,0,0,0.0,0.0
2019,8,LA LIBERTAD,SANCHEZ CARRION,0,0,0,0,0.0,0.0
2019,9,LA LIBERTAD,SANCHEZ CARRION,0,0,0,0,0.0,0.0
2019,10,LA LIBERTAD,SANCHEZ CARRION,0,0,0,0,0.0,0.0
2019,11,LA LIBERTAD,SANCHEZ CARRION,0,0,0,0,0.0,0.0
2019,12,LA LIBERTAD,SANCHEZ CARRION,1,0,1,1,0.0,0.0
2020,1,LA LIBERTAD,SANCHEZ CARRION,0,0,0,0,0.0,0.0
2020,2,LA LIBERTAD,SANCHEZ CARRION,0,0,0,0,0.0,0.0
2020,3,LA LIBERTAD,SANCHEZ CARRION,0,0,0,0,0.0,0.0
2020,4,LA LIBERTAD,SANCHEZ CARRION,0,0,0,0,0.0,0.0
2020,5,LA LIBERTAD,SANCHEZ CARRION,0,0,0,0,0.0,0.0
2020,6,LA LIBERTAD,SANCHEZ CARRION,0,0,0,0,0.0,0.0
2020,7,LA LIBERTAD,SANCHEZ CARRION,0,0,0,0,0.0,0.0
2020,8,LA LIBERTAD,SANCHEZ CARRION,2,3,0,3,0.0,0.0
2020,9,LA LIBERTAD,SANCHEZ CARRION,1,1,0,1,0.0,0.0
2020,10,LA LIBERTAD,SANCHEZ CARRION,5,43,0,43,0.0,0.0
2020,11,LA LIBERTAD,SANCHEZ CARRION,0,0,0,0,0.0,0.0
2020,12,LA LIBERTAD,SANCHEZ CARRION,0,0,0,0,0.0,0.0
2021,1,LA LIBERTAD,SANCHEZ CARRION,0,0,0,0,0.0,0.0
2021,2,LA LIBERTAD,SANCHEZ CARRION,0,0,0,0,0.0,0.0
2021,3,LA LIBERTAD,SANCHEZ CARRION,0,0,0,0,0.0,0.0
2021,4,LA LIBERTAD,SANCHEZ CARRION,0,0,0,0,0.0,0.0
2021,5,LA LIBERTAD,SANCHEZ CARRION,0,0,0,0,0.0,0.0
2021,6,LA LIBERTAD,SANCHEZ CARRION,0,0,0,0,0.0,0.0
2021,7,LA LIBERTAD,SANCHEZ CARRION,2,3,0,3,1.0,2.0
2021,8,LA LIBERTAD,SANCHEZ CARRION,1,2,0,2,0.0,0.0
2021,9,LA LIBERTAD,SANCHEZ CARRION,1,2,0,2,0.0,0.0
2021,10,LA LIBERTAD,SANCHEZ CARRION,0,0,0,0,0.0,0.0
2021,11,LA LIBERTAD,SANCHEZ CARRION,2,2,0,2,0.0,0.0
2021,12,LA LIBERTAD,SANCHEZ CARRION,0,0,0,0,0.0,0.0
2022,1,LA LIBERTAD,SANCHEZ CARRION,2,4,0,4,0.0,0.0
2022,2,LA LIBERTAD,SANCHEZ CARRION,1,2,0,2,0.0,0.0
2022,3,LA LIBERTAD,SANCHEZ CARRION,1,5,15,20,0.0,0.0
2022,4,LA LIBERTAD,SANCHEZ CARRION,8,14,98,112,0.0,0.0
2022,5,LA LIBERTAD,SANCHEZ CARRION,2,17,0,17,0.0,0.0
2022,6,LA LIBERTAD,SANCHEZ CARRION,0,0,0,0,0.0,0.0
2022,7,LA LIBERTAD,SANCHEZ CARRION,0,0,0,0,0.0,0.0
2022,8,LA LIBERTAD,SANCHEZ CARRION,3,12,0,12,0.0,0.0
2022,9,LA LIBERTAD,SANCHEZ CARRION,2,6,0,6,0.0,0.0
2022,10,LA LIBERTAD,SANCHEZ CARRION,3,34,160,194,0.0,0.0
2022,11,LA LIBERTAD,SANCHEZ CARRION,6,21,0,21,0.0,0.0
2022,12,LA LIBERTAD,SANCHEZ CARRION,3,26,0,26,0.0,0.0
2023,1,LA LIBERTAD,SANCHEZ CARRION,3,59,0,59,0.0,0.0
2023,2,LA LIBERTAD,SANCHEZ CARRION,3,9,40,49,0.0,0.0
2023,3,LA LIBERTAD,SANCHEZ CARRION,14,376,322,698,22.95,27.65
2023,4,LA LIBERTAD,SANCHEZ CARRION,9,27,18,45,8.5,16.0
2023,5,LA LIBERTAD,SANCHEZ CARRION,3,53,0,53,0.0,0.0
2023,6,LA LIBERTAD,SANCHEZ CARRION,6,13,4,17,0.0,0.0
2023,7,LA LIBERTAD,SANCHEZ CARRION,4,19,0,19,0.0,0.0
2023,8,LA LIBERTAD,SANCHEZ CARRION,3,10,0,10,0.0,0.0
2023,9,LA LIBERTAD,SANCHEZ CARRION,4,143,0,143,0.0,0.0
2023,10,LA LIBERTAD,SANCHEZ CARRION,3,18,0,18,0.0,0.0
2023,11,LA LIBERTAD,SANCHEZ CARRION,3,24,0,24,0.0,0.0
2023,12,LA LIBERTAD,SANCHEZ CARRION,4,27,2,29,16.45,0.55
2024,1,LA LIBERTAD,SANCHEZ CARRION,2,2,6,8,0.0,0.0
2024,2,LA LIBERTAD,SANCHEZ CARRION,7,389,4,393,94.38,0.0
2024,3,LA LIBERTAD,SANCHEZ CARRION,15,17,56,73,0.0,0.5
2024,4,LA LIBERTAD,SANCHEZ CARRION,6,15,12,27,0.0,5.0
2024,5,LA LIBERTAD,SANCHEZ CARRION,10,812,122,934,2.5,0.0
2024,6,LA LIBERTAD,SANCHEZ CARRION,2,2,0,2,0.0,0.0
2024,7,LA LIBERTAD,SANCHEZ CARRION,6,393,11,404,0.0,0.0
2024,8,LA LIBERTAD,SANCHEZ CARRION,3,30,7,37,0.0,0.0
2024,9,LA LIBERTAD,SANCHEZ CARRION,8,41,0,41,0.0,0.0
2024,10,LA LIBERTAD,SANCHEZ CARRION,3,13,0,13,0.0,0.0
2024,11,LA LIBERTAD,SANCHEZ CARRION,4,31,0,31,2.4,4.6
2024,12,LA LIBERTAD,SANCHEZ CARRION,6,11,2,13,0.0,0.0
2025,1,LA LIBERTAD,SANCHEZ CARRION,6,37,2,39,0.0,0.0
2025,2,LA LIBERTAD,SANCHEZ CARRION,27,58,56,114,0.0,0.0
2025,3,LA LIBERTAD,SANCHEZ CARRION,43,182,356,538,9.0,32.0
2025,4,LA LIBERTAD,SANCHEZ CARRION,17,37,221,258,0.0,0.0
2025,5,LA LIBERTAD,SANCHEZ CARRION,16,21,48,69,0.0,0.0
2025,6,LA LIBERTAD,SANCHEZ CARRION,4,1,11,12,0.0,0.0
2025,7,LA LIBERTAD,SANCHEZ CARRION,8,193,0,193,0.0,0.0
2025,8,LA LIBERTAD,SANCHEZ CARRION,10,19,2,21,0.0,0.0
2025,9,LA LIBERTAD,SANCHEZ CARRION,10,94,12,106,0.0,0.0
2025,10,LA LIBERTAD,SANCHEZ CARRION,6,47,2,49,0.0,0.0
2025,11,LA LIBERTAD,SANCHEZ CARRION,3,138,6,144,0.0,17.9
2025,12,LA LIBERTAD,SANCHEZ CARRION,3,20,0,20,0.0,0.0
2016,1,LA LIBERTAD,VIRU,0,0,0,0,0.0,0.0
2016,2,LA LIBERTAD,VIRU,0,0,0,0,0.0,0.0
2016,3,LA LIBERTAD,VIRU,0,0,0,0,0.0,0.0
2016,4,LA LIBERTAD,VIRU,0,0,0,0,0.0,0.0
2016,5,LA LIBERTAD,VIRU,0,0,0,0,0.0,0.0
2016,6,LA LIBERTAD,VIRU,0,0,0,0,0.0,0.0
2016,7,LA LIBERTAD,VIRU,0,0,0,0,0.0,0.0
2016,8,LA LIBERTAD,VIRU,0,0,0,0,0.0,0.0
2016,9,LA LIBERTAD,VIRU,0,0,0,0,0.0,0.0
2016,10,LA LIBERTAD,VIRU,0,0,0,0,0.0,0.0
2016,11,LA LIBERTAD,VIRU,0,0,0,0,0.0,0.0
2016,12,LA LIBERTAD,VIRU,0,0,0,0,0.0,0.0
2017,1,LA LIBERTAD,VIRU,0,0,0,0,0.0,0.0
2017,2,LA LIBERTAD,VIRU,1,256,50,306,0.0,0.0
2017,3,LA LIBERTAD,VIRU,10,11484,6813,18297,302.0,810.0
2017,4,LA LIBERTAD,VIRU,1,575,1095,1670,0.0,0.0
2017,5,LA LIBERTAD,VIRU,0,0,0,0,0.0,0.0
2017,6,LA LIBERTAD,VIRU,0,0,0,0,0.0,0.0
2017,7,LA LIBERTAD,VIRU,0,0,0,0,0.0,0.0
2017,8,LA LIBERTAD,VIRU,0,0,0,0,0.0,0.0
2017,9,LA LIBERTAD,VIRU,0,0,0,0,0.0,0.0
2017,10,LA LIBERTAD,VIRU,0,0,0,0,0.0,0.0
2017,11,LA LIBERTAD,VIRU,0,0,0,0,0.0,0.0
2017,12,LA LIBERTAD,VIRU,0,0,0,0,0.0,0.0
2018,1,LA LIBERTAD,VIRU,0,0,0,0,0.0,0.0
2018,2,LA LIBERTAD,VIRU,0,0,0,0,0.0,0.0
2018,3,LA LIBERTAD,VIRU,0,0,0,0,0.0,0.0
2018,4,LA LIBERTAD,VIRU,0,0,0,0,0.0,0.0
2018,5,LA LIBERTAD,VIRU,0,0,0,0,0.0,0.0
2018,6,LA LIBERTAD,VIRU,0,0,0,0,0.0,0.0
2018,7,LA LIBERTAD,VIRU,1,0,0,0,0.0,0.0
2018,8,LA LIBERTAD,VIRU,0,0,0,0,0.0,0.0
2018,9,LA LIBERTAD,VIRU,0,0,0,0,0.0,0.0
2018,10,LA LIBERTAD,VIRU,0,0,0,0,0.0,0.0
2018,11,LA LIBERTAD,VIRU,0,0,0,0,0.0,0.0
2018,12,LA LIBERTAD,VIRU,0,0,0,0,0.0,0.0
2019,1,LA LIBERTAD,VIRU,0,0,0,0,0.0,0.0
2019,2,LA LIBERTAD,VIRU,0,0,0,0,0.0,0.0
2019,3,LA LIBERTAD,VIRU,1,0,0,0,2.35,0.0
2019,4,LA LIBERTAD,VIRU,0,0,0,0,0.0,0.0
2019,5,LA LIBERTAD,VIRU,0,0,0,0,0.0,0.0
2019,6,LA LIBERTAD,VIRU,0,0,0,0,0.0,0.0
2019,7,LA LIBERTAD,VIRU,0,0,0,0,0.0,0.0
2019,8,LA LIBERTAD,VIRU,0,0,0,0,0.0,0.0
2019,9,LA LIBERTAD,VIRU,0,0,0,0,0.0,0.0
2019,10,LA LIBERTAD,VIRU,0,0,0,0,0.0,0.0
2019,11,LA LIBERTAD,VIRU,0,0,0,0,0.0,0.0
2019,12,LA LIBERTAD,VIRU,0,0,0,0,0.0,0.0
2020,1,LA LIBERTAD,VIRU,0,0,0,0,0.0,0.0
2020,2,LA LIBERTAD,VIRU,0,0,0,0,0.0,0.0
2020,3,LA LIBERTAD,VIRU,0,0,0,0,0.0,0.0
2020,4,LA LIBERTAD,VIRU,0,0,0,0,0.0,0.0
2020,5,LA LIBERTAD,VIRU,0,0,0,0,0.0,0.0
2020,6,LA LIBERTAD,VIRU,0,0,0,0,0.0,0.0
2020,7,LA LIBERTAD,VIRU,0,0,0,0,0.0,0.0
2020,8,LA LIBERTAD,VIRU,0,0,0,0,0.0,0.0
2020,9,LA LIBERTAD,VIRU,0,0,0,0,0.0,0.0
2020,10,LA LIBERTAD,VIRU,0,0,0,0,0.0,0.0
2020,11,LA LIBERTAD,VIRU,0,0,0,0,0.0,0.0
2020,12,LA LIBERTAD,VIRU,0,0,0,0,0.0,0.0
2021,1,LA LIBERTAD,VIRU,1,0,0,0,4.3,34.95
2021,2,LA LIBERTAD,VIRU,0,0,0,0,0.0,0.0
2021,3,LA LIBERTAD,VIRU,0,0,0,0,0.0,0.0
2021,4,LA LIBERTAD,VIRU,0,0,0,0,0.0,0.0
2021,5,LA LIBERTAD,VIRU,0,0,0,0,0.0,0.0
2021,6,LA LIBERTAD,VIRU,0,0,0,0,0.0,0.0
2021,7,LA LIBERTAD,VIRU,0,0,0,0,0.0,0.0
2021,8,LA LIBERTAD,VIRU,0,0,0,0,0.0,0.0
2021,9,LA LIBERTAD,VIRU,0,0,0,0,0.0,0.0
2021,10,LA LIBERTAD,VIRU,0,0,0,0,0.0,0.0
2021,11,LA LIBERTAD,VIRU,0,0,0,0,0.0,0.0
2021,12,LA LIBERTAD,VIRU,0,0,0,0,0.0,0.0
2022,1,LA LIBERTAD,VIRU,0,0,0,0,0.0,0.0
2022,2,LA LIBERTAD,VIRU,0,0,0,0,0.0,0.0
2022,3,LA LIBERTAD,VIRU,0,0,0,0,0.0,0.0
2022,4,LA LIBERTAD,VIRU,0,0,0,0,0.0,0.0
2022,5,LA LIBERTAD,VIRU,0,0,0,0,0.0,0.0
2022,6,LA LIBERTAD,VIRU,0,0,0,0,0.0,0.0
2022,7,LA LIBERTAD,VIRU,0,0,0,0,0.0,0.0
2022,8,LA LIBERTAD,VIRU,0,0,0,0,0.0,0.0
2022,9,LA LIBERTAD,VIRU,0,0,0,0,0.0,0.0
2022,10,LA LIBERTAD,VIRU,0,0,0,0,0.0,0.0
2022,11,LA LIBERTAD,VIRU,0,0,0,0,0.0,0.0
2022,12,LA LIBERTAD,VIRU,0,0,0,0,0.0,0.0
2023,1,LA LIBERTAD,VIRU,0,0,0,0,0.0,0.0
2023,2,LA LIBERTAD,VIRU,0,0,0,0,0.0,0.0
2023,3,LA LIBERTAD,VIRU,5,8080,1836,9916,49.5,49.5
2023,4,LA LIBERTAD,VIRU,0,0,0,0,0.0,0.0
2023,5,LA LIBERTAD,VIRU,0,0,0,0,0.0,0.0
2023,6,LA LIBERTAD,VIRU,0,0,0,0,0.0,0.0
2023,7,LA LIBERTAD,VIRU,0,0,0,0,0.0,0.0
2023,8,LA LIBERTAD,VIRU,0,0,0,0,0.0,0.0
2023,9,LA LIBERTAD,VIRU,0,0,0,0,0.0,0.0
2023,10,LA LIBERTAD,VIRU,0,0,0,0,0.0,0.0
2023,11,LA LIBERTAD,VIRU,0,0,0,0,0.0,0.0
2023,12,LA LIBERTAD,VIRU,0,0,0,0,0.0,0.0
2024,1,LA LIBERTAD,VIRU,0,0,0,0,0.0,0.0
2024,2,LA LIBERTAD,VIRU,0,0,0,0,0.0,0.0
2024,3,LA LIBERTAD,VIRU,0,0,0,0,0.0,0.0
2024,4,LA LIBERTAD,VIRU,0,0,0,0,0.0,0.0
2024,5,LA LIBERTAD,VIRU,0,0,0,0,0.0,0.0
2024,6,LA LIBERTAD,VIRU,0,0,0,0,0.0,0.0
2024,7,LA LIBERTAD,VIRU,0,0,0,0,0.0,0.0
2024,8,LA LIBERTAD,VIRU,0,0,0,0,0.0,0.0
2024,9,LA LIBERTAD,VIRU,0,0,0,0,0.0,0.0
2024,10,LA LIBERTAD,VIRU,0,0,0,0,0.0,0.0
2024,11,LA LIBERTAD,VIRU,0,0,0,0,0.0,0.0
2024,12,LA LIBERTAD,VIRU,0,0,0,0,0.0,0.0
2025,1,LA LIBERTAD,VIRU,2,3,4,7,0.0,0.0
2025,2,LA LIBERTAD,VIRU,0,0,0,0,0.0,0.0
2025,3,LA LIBERTAD,VIRU,0,0,0,0,0.0,0.0
2025,4,LA LIBERTAD,VIRU,0,0,0,0,0.0,0.0
2025,5,LA LIBERTAD,VIRU,0,0,0,0,0.0,0.0
2025,6,LA LIBERTAD,VIRU,0,0,0,0,0.0,0.0
2025,7,LA LIBERTAD,VIRU,0,0,0,0,0.0,0.0
2025,8,LA LIBERTAD,VIRU,0,0,0,0,0.0,0.0
2025,9,LA LIBERTAD,VIRU,0,0,0,0,0.0,0.0
2025,10,LA LIBERTAD,VIRU,0,0,0,0,0.0,0.0
2025,11,LA LIBERTAD,VIRU,0,0,0,0,0.0,0.0
2025,12,LA LIBERTAD,VIRU,0,0,0,0,0.0,0.0
2016,1,LAMBAYEQUE,CHICLAYO,1,280,0,280,0.0,0.0
2016,2,LAMBAYEQUE,CHICLAYO,5,8533,23,8556,0.0,0.0
2016,3,LAMBAYEQUE,CHICLAYO,2,5,0,5,0.0,0.0
2016,4,LAMBAYEQUE,CHICLAYO,2,0,7,7,0.0,0.0
2016,5,LAMBAYEQUE,CHICLAYO,0,0,0,0,0.0,0.0
2016,6,LAMBAYEQUE,CHICLAYO,0,0,0,0,0.0,0.0
2016,7,LAMBAYEQUE,CHICLAYO,0,0,0,0,0.0,0.0
2016,8,LAMBAYEQUE,CHICLAYO,0,0,0,0,0.0,0.0
2016,9,LAMBAYEQUE,CHICLAYO,0,0,0,0,0.0,0.0
2016,10,LAMBAYEQUE,CHICLAYO,0,0,0,0,0.0,0.0
2016,11,LAMBAYEQUE,CHICLAYO,0,0,0,0,0.0,0.0
2016,12,LAMBAYEQUE,CHICLAYO,0,0,0,0,0.0,0.0
2017,1,LAMBAYEQUE,CHICLAYO,4,2925,1772,4697,210.0,150.0
2017,2,LAMBAYEQUE,CHICLAYO,16,10898,4035,14933,20.0,263.0
2017,3,LAMBAYEQUE,CHICLAYO,19,25097,6776,31873,431.0,555.0
2017,4,LAMBAYEQUE,CHICLAYO,1,119,20,139,0.0,11.0
2017,5,LAMBAYEQUE,CHICLAYO,0,0,0,0,0.0,0.0
2017,6,LAMBAYEQUE,CHICLAYO,0,0,0,0,0.0,0.0
2017,7,LAMBAYEQUE,CHICLAYO,0,0,0,0,0.0,0.0
2017,8,LAMBAYEQUE,CHICLAYO,0,0,0,0,0.0,0.0
2017,9,LAMBAYEQUE,CHICLAYO,2,793,3,796,0.0,0.0
2017,10,LAMBAYEQUE,CHICLAYO,1,0,2,2,0.0,0.0
2017,11,LAMBAYEQUE,CHICLAYO,2,0,5,5,0.0,0.0
2017,12,LAMBAYEQUE,CHICLAYO,0,0,0,0,0.0,0.0
2018,1,LAMBAYEQUE,CHICLAYO,0,0,0,0,0.0,0.0
2018,2,LAMBAYEQUE,CHICLAYO,2,0,149,149,0.0,0.0
2018,3,LAMBAYEQUE,CHICLAYO,0,0,0,0,0.0,0.0
2018,4,LAMBAYEQUE,CHICLAYO,2,0,5,5,0.0,0.0
2018,5,LAMBAYEQUE,CHICLAYO,0,0,0,0,0.0,0.0
2018,6,LAMBAYEQUE,CHICLAYO,0,0,0,0,0.0,0.0
2018,7,LAMBAYEQUE,CHICLAYO,0,0,0,0,0.0,0.0
2018,8,LAMBAYEQUE,CHICLAYO,1,0,5,5,0.0,0.0
2018,9,LAMBAYEQUE,CHICLAYO,0,0,0,0,0.0,0.0
2018,10,LAMBAYEQUE,CHICLAYO,0,0,0,0,0.0,0.0
2018,11,LAMBAYEQUE,CHICLAYO,1,0,6,6,0.0,0.0
2018,12,LAMBAYEQUE,CHICLAYO,0,0,0,0,0.0,0.0
2019,1,LAMBAYEQUE,CHICLAYO,0,0,0,0,0.0,0.0
2019,2,LAMBAYEQUE,CHICLAYO,15,1258,308,1566,0.0,0.0
2019,3,LAMBAYEQUE,CHICLAYO,1,358,64,422,0.0,0.0
2019,4,LAMBAYEQUE,CHICLAYO,0,0,0,0,0.0,0.0
2019,5,LAMBAYEQUE,CHICLAYO,0,0,0,0,0.0,0.0
2019,6,LAMBAYEQUE,CHICLAYO,0,0,0,0,0.0,0.0
2019,7,LAMBAYEQUE,CHICLAYO,0,0,0,0,0.0,0.0
2019,8,LAMBAYEQUE,CHICLAYO,0,0,0,0,0.0,0.0
2019,9,LAMBAYEQUE,CHICLAYO,0,0,0,0,0.0,0.0
2019,10,LAMBAYEQUE,CHICLAYO,0,0,0,0,0.0,0.0
2019,11,LAMBAYEQUE,CHICLAYO,0,0,0,0,0.0,0.0
2019,12,LAMBAYEQUE,CHICLAYO,1,14,0,14,0.0,0.0
2020,1,LAMBAYEQUE,CHICLAYO,1,4,0,4,0.0,0.0
2020,2,LAMBAYEQUE,CHICLAYO,2,6,0,6,0.0,0.0
2020,3,LAMBAYEQUE,CHICLAYO,0,0,0,0,0.0,0.0
2020,4,LAMBAYEQUE,CHICLAYO,0,0,0,0,0.0,0.0
2020,5,LAMBAYEQUE,CHICLAYO,0,0,0,0,0.0,0.0
2020,6,LAMBAYEQUE,CHICLAYO,0,0,0,0,0.0,0.0
2020,7,LAMBAYEQUE,CHICLAYO,0,0,0,0,0.0,0.0
2020,8,LAMBAYEQUE,CHICLAYO,0,0,0,0,0.0,0.0
2020,9,LAMBAYEQUE,CHICLAYO,0,0,0,0,0.0,0.0
2020,10,LAMBAYEQUE,CHICLAYO,1,5,0,5,0.0,0.0
2020,11,LAMBAYEQUE,CHICLAYO,0,0,0,0,0.0,0.0
2020,12,LAMBAYEQUE,CHICLAYO,3,75,0,75,0.0,0.0
2021,1,LAMBAYEQUE,CHICLAYO,0,0,0,0,0.0,0.0
2021,2,LAMBAYEQUE,CHICLAYO,1,14,0,14,0.0,0.0
2021,3,LAMBAYEQUE,CHICLAYO,5,95,4,99,0.0,0.0
2021,4,LAMBAYEQUE,CHICLAYO,3,63,0,63,0.0,0.0
2021,5,LAMBAYEQUE,CHICLAYO,0,0,0,0,0.0,0.0
2021,6,LAMBAYEQUE,CHICLAYO,1,0,5,5,0.0,0.0
2021,7,LAMBAYEQUE,CHICLAYO,2,5,0,5,0.0,0.0
2021,8,LAMBAYEQUE,CHICLAYO,1,3,0,3,0.0,0.0
2021,9,LAMBAYEQUE,CHICLAYO,1,6,0,6,0.0,0.0
2021,10,LAMBAYEQUE,CHICLAYO,2,13,0,13,0.0,0.0
2021,11,LAMBAYEQUE,CHICLAYO,1,3,0,3,0.0,0.0
2021,12,LAMBAYEQUE,CHICLAYO,1,7,0,7,0.0,0.0
2022,1,LAMBAYEQUE,CHICLAYO,1,3,0,3,0.0,0.0
2022,2,LAMBAYEQUE,CHICLAYO,4,251,0,251,0.0,0.0
2022,3,LAMBAYEQUE,CHICLAYO,6,166,0,166,0.0,0.0
2022,4,LAMBAYEQUE,CHICLAYO,3,8,0,8,0.0,0.0
2022,5,LAMBAYEQUE,CHICLAYO,2,16,0,16,0.0,0.0
2022,6,LAMBAYEQUE,CHICLAYO,1,0,1,1,0.0,0.0
2022,7,LAMBAYEQUE,CHICLAYO,2,6,0,6,0.0,0.0
2022,8,LAMBAYEQUE,CHICLAYO,1,2,0,2,0.0,0.0
2022,9,LAMBAYEQUE,CHICLAYO,0,0,0,0,0.0,0.0
2022,10,LAMBAYEQUE,CHICLAYO,0,0,0,0,0.0,0.0
2022,11,LAMBAYEQUE,CHICLAYO,2,5,0,5,0.0,0.0
2022,12,LAMBAYEQUE,CHICLAYO,1,0,1,1,0.0,0.0
2023,1,LAMBAYEQUE,CHICLAYO,0,0,0,0,0.0,0.0
2023,2,LAMBAYEQUE,CHICLAYO,9,1403,177,1580,0.0,0.0
2023,3,LAMBAYEQUE,CHICLAYO,23,32787,8720,41507,2592.76,2135.01
2023,4,LAMBAYEQUE,CHICLAYO,3,408,379,787,123.75,5.5
2023,5,LAMBAYEQUE,CHICLAYO,3,35,0,35,557.4,0.0
2023,6,LAMBAYEQUE,CHICLAYO,3,2436,881,3317,23.75,25.75
2023,7,LAMBAYEQUE,CHICLAYO,1,0,0,0,4.23,83.5
2023,8,LAMBAYEQUE,CHICLAYO,0,0,0,0,0.0,0.0
2023,9,LAMBAYEQUE,CHICLAYO,0,0,0,0,0.0,0.0
2023,10,LAMBAYEQUE,CHICLAYO,4,26,21,47,0.0,0.0
2023,11,LAMBAYEQUE,CHICLAYO,1,7,0,7,0.0,0.0
2023,12,LAMBAYEQUE,CHICLAYO,1,1,0,1,0.0,0.0
2024,1,LAMBAYEQUE,CHICLAYO,0,0,0,0,0.0,0.0
2024,2,LAMBAYEQUE,CHICLAYO,1,34,0,34,0.0,0.0
2024,3,LAMBAYEQUE,CHICLAYO,0,0,0,0,0.0,0.0
2024,4,LAMBAYEQUE,CHICLAYO,0,0,0,0,0.0,0.0
2024,5,LAMBAYEQUE,CHICLAYO,2,244,0,244,0.0,0.0
2024,6,LAMBAYEQUE,CHICLAYO,0,0,0,0,0.0,0.0
2024,7,LAMBAYEQUE,CHICLAYO,0,0,0,0,0.0,0.0
2024,8,LAMBAYEQUE,CHICLAYO,0,0,0,0,0.0,0.0
2024,9,LAMBAYEQUE,CHICLAYO,0,0,0,0,0.0,0.0
2024,10,LAMBAYEQUE,CHICLAYO,1,90,0,90,0.0,0.0
2024,11,LAMBAYEQUE,CHICLAYO,0,0,0,0,0.0,0.0
2024,12,LAMBAYEQUE,CHICLAYO,14,2283,0,2283,250.55,1011.3
2025,1,LAMBAYEQUE,CHICLAYO,3,38,5,43,0.0,0.0
2025,2,LAMBAYEQUE,CHICLAYO,13,2791,44,2835,0.0,153.0
2025,3,LAMBAYEQUE,CHICLAYO,15,840,131,971,0.0,0.0
2025,4,LAMBAYEQUE,CHICLAYO,3,6,2,8,0.0,0.0
2025,5,LAMBAYEQUE,CHICLAYO,2,176,0,176,0.0,0.0
2025,6,LAMBAYEQUE,CHICLAYO,1,6,0,6,0.0,0.0
2025,7,LAMBAYEQUE,CHICLAYO,0,0,0,0,0.0,0.0
2025,8,LAMBAYEQUE,CHICLAYO,3,1242,0,1242,0.0,0.0
2025,9,LAMBAYEQUE,CHICLAYO,0,0,0,0,0.0,0.0
2025,10,LAMBAYEQUE,CHICLAYO,0,0,0,0,0.0,0.0
2025,11,LAMBAYEQUE,CHICLAYO,1,2,0,2,0.0,0.0
2025,12,LAMBAYEQUE,CHICLAYO,0,0,0,0,0.0,0.0
2016,1,LAMBAYEQUE,FERREÑAFE,0,0,0,0,0.0,0.0
2016,2,LAMBAYEQUE,FERREÑAFE,1,7,0,7,0.0,0.0
2016,3,LAMBAYEQUE,FERREÑAFE,1,0,36,36,0.0,55.0
2016,4,LAMBAYEQUE,FERREÑAFE,0,0,0,0,0.0,0.0
2016,5,LAMBAYEQUE,FERREÑAFE,0,0,0,0,0.0,0.0
2016,6,LAMBAYEQUE,FERREÑAFE,1,0,0,0,0.0,0.0
2016,7,LAMBAYEQUE,FERREÑAFE,0,0,0,0,0.0,0.0
2016,8,LAMBAYEQUE,FERREÑAFE,1,54,0,54,0.0,0.0
2016,9,LAMBAYEQUE,FERREÑAFE,0,0,0,0,0.0,0.0
2016,10,LAMBAYEQUE,FERREÑAFE,0,0,0,0,0.0,0.0
2016,11,LAMBAYEQUE,FERREÑAFE,0,0,0,0,0.0,0.0
2016,12,LAMBAYEQUE,FERREÑAFE,0,0,0,0,0.0,0.0
2017,1,LAMBAYEQUE,FERREÑAFE,0,0,0,0,0.0,0.0
2017,2,LAMBAYEQUE,FERREÑAFE,6,3111,712,3823,164.0,170.0
2017,3,LAMBAYEQUE,FERREÑAFE,6,14269,1802,16071,1091.0,626.0
2017,4,LAMBAYEQUE,FERREÑAFE,0,0,0,0,0.0,0.0
2017,5,LAMBAYEQUE,FERREÑAFE,0,0,0,0,0.0,0.0
2017,6,LAMBAYEQUE,FERREÑAFE,0,0,0,0,0.0,0.0
2017,7,LAMBAYEQUE,FERREÑAFE,0,0,0,0,0.0,0.0
2017,8,LAMBAYEQUE,FERREÑAFE,0,0,0,0,0.0,0.0
2017,9,LAMBAYEQUE,FERREÑAFE,0,0,0,0,0.0,0.0
2017,10,LAMBAYEQUE,FERREÑAFE,0,0,0,0,0.0,0.0
2017,11,LAMBAYEQUE,FERREÑAFE,1,600,0,600,0.0,0.0
2017,12,LAMBAYEQUE,FERREÑAFE,2,11,2,13,0.0,0.0
2018,1,LAMBAYEQUE,FERREÑAFE,1,0,4,4,0.0,0.0
2018,2,LAMBAYEQUE,FERREÑAFE,0,0,0,0,0.0,0.0
2018,3,LAMBAYEQUE,FERREÑAFE,0,0,0,0,0.0,0.0
2018,4,LAMBAYEQUE,FERREÑAFE,0,0,0,0,0.0,0.0
2018,5,LAMBAYEQUE,FERREÑAFE,2,57,17,74,0.0,0.0
2018,6,LAMBAYEQUE,FERREÑAFE,0,0,0,0,0.0,0.0
2018,7,LAMBAYEQUE,FERREÑAFE,0,0,0,0,0.0,0.0
2018,8,LAMBAYEQUE,FERREÑAFE,0,0,0,0,0.0,0.0
2018,9,LAMBAYEQUE,FERREÑAFE,0,0,0,0,0.0,0.0
2018,10,LAMBAYEQUE,FERREÑAFE,0,0,0,0,0.0,0.0
2018,11,LAMBAYEQUE,FERREÑAFE,0,0,0,0,0.0,0.0
2018,12,LAMBAYEQUE,FERREÑAFE,0,0,0,0,0.0,0.0
2019,1,LAMBAYEQUE,FERREÑAFE,0,0,0,0,0.0,0.0
2019,2,LAMBAYEQUE,FERREÑAFE,5,811,61,872,0.0,0.0
2019,3,LAMBAYEQUE,FERREÑAFE,1,241,0,241,55.0,10.5
2019,4,LAMBAYEQUE,FERREÑAFE,1,248,9,257,0.0,0.0
2019,5,LAMBAYEQUE,FERREÑAFE,0,0,0,0,0.0,0.0
2019,6,LAMBAYEQUE,FERREÑAFE,1,13,0,13,0.0,0.0
2019,7,LAMBAYEQUE,FERREÑAFE,0,0,0,0,0.0,0.0
2019,8,LAMBAYEQUE,FERREÑAFE,0,0,0,0,0.0,0.0
2019,9,LAMBAYEQUE,FERREÑAFE,0,0,0,0,0.0,0.0
2019,10,LAMBAYEQUE,FERREÑAFE,0,0,0,0,0.0,0.0
2019,11,LAMBAYEQUE,FERREÑAFE,0,0,0,0,0.0,0.0
2019,12,LAMBAYEQUE,FERREÑAFE,0,0,0,0,0.0,0.0
2020,1,LAMBAYEQUE,FERREÑAFE,0,0,0,0,0.0,0.0
2020,2,LAMBAYEQUE,FERREÑAFE,0,0,0,0,0.0,0.0
2020,3,LAMBAYEQUE,FERREÑAFE,0,0,0,0,0.0,0.0
2020,4,LAMBAYEQUE,FERREÑAFE,0,0,0,0,0.0,0.0
2020,5,LAMBAYEQUE,FERREÑAFE,0,0,0,0,0.0,0.0
2020,6,LAMBAYEQUE,FERREÑAFE,0,0,0,0,0.0,0.0
2020,7,LAMBAYEQUE,FERREÑAFE,0,0,0,0,0.0,0.0
2020,8,LAMBAYEQUE,FERREÑAFE,0,0,0,0,0.0,0.0
2020,9,LAMBAYEQUE,FERREÑAFE,0,0,0,0,0.0,0.0
2020,10,LAMBAYEQUE,FERREÑAFE,2,653,4,657,0.0,0.0
2020,11,LAMBAYEQUE,FERREÑAFE,2,0,0,0,1955.64,2136.89
2020,12,LAMBAYEQUE,FERREÑAFE,1,4,0,4,0.0,0.0
2021,1,LAMBAYEQUE,FERREÑAFE,0,0,0,0,0.0,0.0
2021,2,LAMBAYEQUE,FERREÑAFE,0,0,0,0,0.0,0.0
2021,3,LAMBAYEQUE,FERREÑAFE,2,223,50,273,40.0,43.5
2021,4,LAMBAYEQUE,FERREÑAFE,1,59,43,102,0.0,0.0
2021,5,LAMBAYEQUE,FERREÑAFE,0,0,0,0,0.0,0.0
2021,6,LAMBAYEQUE,FERREÑAFE,0,0,0,0,0.0,0.0
2021,7,LAMBAYEQUE,FERREÑAFE,0,0,0,0,0.0,0.0
2021,8,LAMBAYEQUE,FERREÑAFE,2,1061,0,1061,0.0,0.0
2021,9,LAMBAYEQUE,FERREÑAFE,0,0,0,0,0.0,0.0
2021,10,LAMBAYEQUE,FERREÑAFE,0,0,0,0,0.0,0.0
2021,11,LAMBAYEQUE,FERREÑAFE,0,0,0,0,0.0,0.0
2021,12,LAMBAYEQUE,FERREÑAFE,0,0,0,0,0.0,0.0
2022,1,LAMBAYEQUE,FERREÑAFE,1,5,3,8,0.0,0.0
2022,2,LAMBAYEQUE,FERREÑAFE,1,0,8,8,0.0,0.0
2022,3,LAMBAYEQUE,FERREÑAFE,3,312,112,424,6.6,9.1
2022,4,LAMBAYEQUE,FERREÑAFE,1,46,34,80,0.0,0.0
2022,5,LAMBAYEQUE,FERREÑAFE,0,0,0,0,0.0,0.0
2022,6,LAMBAYEQUE,FERREÑAFE,0,0,0,0,0.0,0.0
2022,7,LAMBAYEQUE,FERREÑAFE,0,0,0,0,0.0,0.0
2022,8,LAMBAYEQUE,FERREÑAFE,0,0,0,0,0.0,0.0
2022,9,LAMBAYEQUE,FERREÑAFE,0,0,0,0,0.0,0.0
2022,10,LAMBAYEQUE,FERREÑAFE,0,0,0,0,0.0,0.0
2022,11,LAMBAYEQUE,FERREÑAFE,1,9,0,9,0.0,0.0
2022,12,LAMBAYEQUE,FERREÑAFE,1,7,0,7,0.0,0.0
2023,1,LAMBAYEQUE,FERREÑAFE,0,0,0,0,0.0,0.0
2023,2,LAMBAYEQUE,FERREÑAFE,1,22,7,29,0.0,0.0
2023,3,LAMBAYEQUE,FERREÑAFE,7,16030,3312,19342,2680.12,3210.8
2023,4,LAMBAYEQUE,FERREÑAFE,2,1002,238,1240,246.35,268.05
2023,5,LAMBAYEQUE,FERREÑAFE,0,0,0,0,0.0,0.0
2023,6,LAMBAYEQUE,FERREÑAFE,1,20,0,20,0.0,0.0
2023,7,LAMBAYEQUE,FERREÑAFE,2,75,0,75,1.0,1.1
2023,8,LAMBAYEQUE,FERREÑAFE,0,0,0,0,0.0,0.0
2023,9,LAMBAYEQUE,FERREÑAFE,1,0,5,5,0.0,0.0
2023,10,LAMBAYEQUE,FERREÑAFE,1,33,0,33,0.0,25.04
2023,11,LAMBAYEQUE,FERREÑAFE,0,0,0,0,0.0,0.0
2023,12,LAMBAYEQUE,FERREÑAFE,1,2,0,2,0.0,0.0
2024,1,LAMBAYEQUE,FERREÑAFE,0,0,0,0,0.0,0.0
2024,2,LAMBAYEQUE,FERREÑAFE,3,2954,211,3165,0.0,0.0
2024,3,LAMBAYEQUE,FERREÑAFE,0,0,0,0,0.0,0.0
2024,4,LAMBAYEQUE,FERREÑAFE,1,1646,84,1730,25.38,27.33
2024,5,LAMBAYEQUE,FERREÑAFE,0,0,0,0,0.0,0.0
2024,6,LAMBAYEQUE,FERREÑAFE,0,0,0,0,0.0,0.0
2024,7,LAMBAYEQUE,FERREÑAFE,1,92,0,92,0.0,0.0
2024,8,LAMBAYEQUE,FERREÑAFE,0,0,0,0,0.0,0.0
2024,9,LAMBAYEQUE,FERREÑAFE,1,32,0,32,0.0,0.0
2024,10,LAMBAYEQUE,FERREÑAFE,0,0,0,0,0.0,0.0
2024,11,LAMBAYEQUE,FERREÑAFE,1,1799,0,1799,1.0,603.85
2024,12,LAMBAYEQUE,FERREÑAFE,1,3651,0,3651,0.0,608.32
2025,1,LAMBAYEQUE,FERREÑAFE,4,161,51,212,0.0,33.48
2025,2,LAMBAYEQUE,FERREÑAFE,10,2392,462,2854,0.0,37.75
2025,3,LAMBAYEQUE,FERREÑAFE,4,2891,598,3489,7.25,389.58
2025,4,LAMBAYEQUE,FERREÑAFE,2,231,24,255,18.0,54.75
2025,5,LAMBAYEQUE,FERREÑAFE,1,39,47,86,0.0,4.0
2025,6,LAMBAYEQUE,FERREÑAFE,0,0,0,0,0.0,0.0
2025,7,LAMBAYEQUE,FERREÑAFE,2,2,36,38,0.0,0.0
2025,8,LAMBAYEQUE,FERREÑAFE,2,95,8,103,0.0,1.75
2025,9,LAMBAYEQUE,FERREÑAFE,1,3,0,3,0.0,0.0
2025,10,LAMBAYEQUE,FERREÑAFE,0,0,0,0,0.0,0.0
2025,11,LAMBAYEQUE,FERREÑAFE,1,0,0,0,0.0,0.0
2025,12,LAMBAYEQUE,FERREÑAFE,1,1043,0,1043,102.25,106.75
2016,1,LAMBAYEQUE,LAMBAYEQUE,0,0,0,0,0.0,0.0
2016,2,LAMBAYEQUE,LAMBAYEQUE,1,0,2,2,0.0,0.0
2016,3,LAMBAYEQUE,LAMBAYEQUE,0,0,0,0,0.0,0.0
2016,4,LAMBAYEQUE,LAMBAYEQUE,0,0,0,0,0.0,0.0
2016,5,LAMBAYEQUE,LAMBAYEQUE,0,0,0,0,0.0,0.0
2016,6,LAMBAYEQUE,LAMBAYEQUE,1,0,12,12,0.0,0.0
2016,7,LAMBAYEQUE,LAMBAYEQUE,0,0,0,0,0.0,0.0
2016,8,LAMBAYEQUE,LAMBAYEQUE,2,100,0,100,0.0,0.0
2016,9,LAMBAYEQUE,LAMBAYEQUE,1,0,3,3,0.0,0.0
2016,10,LAMBAYEQUE,LAMBAYEQUE,0,0,0,0,0.0,0.0
2016,11,LAMBAYEQUE,LAMBAYEQUE,1,0,12,12,0.0,0.0
2016,12,LAMBAYEQUE,LAMBAYEQUE,0,0,0,0,0.0,0.0
2017,1,LAMBAYEQUE,LAMBAYEQUE,4,8674,885,9559,0.0,0.0
2017,2,LAMBAYEQUE,LAMBAYEQUE,12,29556,5717,35273,115.0,135.0
2017,3,LAMBAYEQUE,LAMBAYEQUE,11,23012,17193,40205,1097.0,1812.0
2017,4,LAMBAYEQUE,LAMBAYEQUE,0,0,0,0,0.0,0.0
2017,5,LAMBAYEQUE,LAMBAYEQUE,0,0,0,0,0.0,0.0
2017,6,LAMBAYEQUE,LAMBAYEQUE,0,0,0,0,0.0,0.0
2017,7,LAMBAYEQUE,LAMBAYEQUE,0,0,0,0,0.0,0.0
2017,8,LAMBAYEQUE,LAMBAYEQUE,0,0,0,0,0.0,0.0
2017,9,LAMBAYEQUE,LAMBAYEQUE,0,0,0,0,0.0,0.0
2017,10,LAMBAYEQUE,LAMBAYEQUE,0,0,0,0,0.0,0.0
2017,11,LAMBAYEQUE,LAMBAYEQUE,1,20,0,20,0.0,0.0
2017,12,LAMBAYEQUE,LAMBAYEQUE,0,0,0,0,0.0,0.0
2018,1,LAMBAYEQUE,LAMBAYEQUE,0,0,0,0,0.0,0.0
2018,2,LAMBAYEQUE,LAMBAYEQUE,0,0,0,0,0.0,0.0
2018,3,LAMBAYEQUE,LAMBAYEQUE,0,0,0,0,0.0,0.0
2018,4,LAMBAYEQUE,LAMBAYEQUE,1,3,0,3,0.0,0.0
2018,5,LAMBAYEQUE,LAMBAYEQUE,1,400,0,400,0.0,0.0
2018,6,LAMBAYEQUE,LAMBAYEQUE,1,0,5,5,0.0,0.0
2018,7,LAMBAYEQUE,LAMBAYEQUE,0,0,0,0,0.0,0.0
2018,8,LAMBAYEQUE,LAMBAYEQUE,0,0,0,0,0.0,0.0
2018,9,LAMBAYEQUE,LAMBAYEQUE,0,0,0,0,0.0,0.0
2018,10,LAMBAYEQUE,LAMBAYEQUE,2,29,0,29,0.0,0.0
2018,11,LAMBAYEQUE,LAMBAYEQUE,5,0,25,25,0.0,0.0
2018,12,LAMBAYEQUE,LAMBAYEQUE,1,28,0,28,0.0,0.0
2019,1,LAMBAYEQUE,LAMBAYEQUE,0,0,0,0,0.0,0.0
2019,2,LAMBAYEQUE,LAMBAYEQUE,8,1452,278,1730,0.0,0.0
2019,3,LAMBAYEQUE,LAMBAYEQUE,3,275,124,399,6.0,0.0
2019,4,LAMBAYEQUE,LAMBAYEQUE,0,0,0,0,0.0,0.0
2019,5,LAMBAYEQUE,LAMBAYEQUE,0,0,0,0,0.0,0.0
2019,6,LAMBAYEQUE,LAMBAYEQUE,1,83,0,83,0.0,0.0
2019,7,LAMBAYEQUE,LAMBAYEQUE,1,100,0,100,0.0,0.0
2019,8,LAMBAYEQUE,LAMBAYEQUE,0,0,0,0,0.0,0.0
2019,9,LAMBAYEQUE,LAMBAYEQUE,0,0,0,0,0.0,0.0
2019,10,LAMBAYEQUE,LAMBAYEQUE,0,0,0,0,0.0,0.0
2019,11,LAMBAYEQUE,LAMBAYEQUE,2,19,0,19,0.0,0.0
2019,12,LAMBAYEQUE,LAMBAYEQUE,0,0,0,0,0.0,0.0
2020,1,LAMBAYEQUE,LAMBAYEQUE,3,13,3,16,0.0,0.0
2020,2,LAMBAYEQUE,LAMBAYEQUE,0,0,0,0,0.0,0.0
2020,3,LAMBAYEQUE,LAMBAYEQUE,0,0,0,0,0.0,0.0
2020,4,LAMBAYEQUE,LAMBAYEQUE,0,0,0,0,0.0,0.0
2020,5,LAMBAYEQUE,LAMBAYEQUE,0,0,0,0,0.0,0.0
2020,6,LAMBAYEQUE,LAMBAYEQUE,0,0,0,0,0.0,0.0
2020,7,LAMBAYEQUE,LAMBAYEQUE,0,0,0,0,0.0,0.0
2020,8,LAMBAYEQUE,LAMBAYEQUE,0,0,0,0,0.0,0.0
2020,9,LAMBAYEQUE,LAMBAYEQUE,0,0,0,0,0.0,0.0
2020,10,LAMBAYEQUE,LAMBAYEQUE,1,5,0,5,0.0,0.0
2020,11,LAMBAYEQUE,LAMBAYEQUE,1,5,0,5,0.0,0.0
2020,12,LAMBAYEQUE,LAMBAYEQUE,4,18,0,18,0.0,0.0
2021,1,LAMBAYEQUE,LAMBAYEQUE,0,0,0,0,0.0,0.0
2021,2,LAMBAYEQUE,LAMBAYEQUE,2,16,0,16,0.0,0.0
2021,3,LAMBAYEQUE,LAMBAYEQUE,4,3653,84,3737,29.0,51.0
2021,4,LAMBAYEQUE,LAMBAYEQUE,1,167,0,167,0.0,0.0
2021,5,LAMBAYEQUE,LAMBAYEQUE,1,0,0,0,0.0,0.0
2021,6,LAMBAYEQUE,LAMBAYEQUE,0,0,0,0,0.0,0.0
2021,7,LAMBAYEQUE,LAMBAYEQUE,1,4,0,4,0.0,0.0
2021,8,LAMBAYEQUE,LAMBAYEQUE,1,74,0,74,0.0,0.0
2021,9,LAMBAYEQUE,LAMBAYEQUE,2,6,0,6,0.0,0.0
2021,10,LAMBAYEQUE,LAMBAYEQUE,2,7,5,12,0.0,0.0
2021,11,LAMBAYEQUE,LAMBAYEQUE,3,20,9,29,0.0,0.01
2021,12,LAMBAYEQUE,LAMBAYEQUE,2,10,0,10,0.0,0.0
2022,1,LAMBAYEQUE,LAMBAYEQUE,2,8,0,8,0.0,0.0
2022,2,LAMBAYEQUE,LAMBAYEQUE,3,18,0,18,0.0,0.0
2022,3,LAMBAYEQUE,LAMBAYEQUE,7,216,44,260,0.0,0.0
2022,4,LAMBAYEQUE,LAMBAYEQUE,2,17,2,19,0.0,0.0
2022,5,LAMBAYEQUE,LAMBAYEQUE,1,34,4,38,0.0,0.0
2022,6,LAMBAYEQUE,LAMBAYEQUE,1,13,0,13,0.0,0.0
2022,7,LAMBAYEQUE,LAMBAYEQUE,0,0,0,0,0.0,0.0
2022,8,LAMBAYEQUE,LAMBAYEQUE,1,0,3,3,0.0,0.0
2022,9,LAMBAYEQUE,LAMBAYEQUE,0,0,0,0,0.0,0.0
2022,10,LAMBAYEQUE,LAMBAYEQUE,0,0,0,0,0.0,0.0
2022,11,LAMBAYEQUE,LAMBAYEQUE,2,21,4,25,0.0,0.0
2022,12,LAMBAYEQUE,LAMBAYEQUE,1,10,0,10,0.0,0.0
2023,1,LAMBAYEQUE,LAMBAYEQUE,4,16,2,18,0.0,0.0
2023,2,LAMBAYEQUE,LAMBAYEQUE,13,487,25,512,0.0,0.0
2023,3,LAMBAYEQUE,LAMBAYEQUE,21,38025,23186,61211,3392.32,2602.22
2023,4,LAMBAYEQUE,LAMBAYEQUE,11,8639,6603,15242,8251.49,6058.0
2023,5,LAMBAYEQUE,LAMBAYEQUE,2,378,1198,1576,16.5,16.5
2023,6,LAMBAYEQUE,LAMBAYEQUE,1,0,0,0,0.0,0.0
2023,7,LAMBAYEQUE,LAMBAYEQUE,2,27,1,28,0.0,0.0
2023,8,LAMBAYEQUE,LAMBAYEQUE,0,0,0,0,0.0,0.0
2023,9,LAMBAYEQUE,LAMBAYEQUE,3,3,2,5,0.0,0.0
2023,10,LAMBAYEQUE,LAMBAYEQUE,2,0,6,6,0.0,0.0
2023,11,LAMBAYEQUE,LAMBAYEQUE,0,0,0,0,0.0,0.0
2023,12,LAMBAYEQUE,LAMBAYEQUE,2,33,0,33,0.0,0.0
2024,1,LAMBAYEQUE,LAMBAYEQUE,0,0,0,0,0.0,0.0
2024,2,LAMBAYEQUE,LAMBAYEQUE,5,1155,11,1166,50.5,6.0
2024,3,LAMBAYEQUE,LAMBAYEQUE,0,0,0,0,0.0,0.0
2024,4,LAMBAYEQUE,LAMBAYEQUE,0,0,0,0,0.0,0.0
2024,5,LAMBAYEQUE,LAMBAYEQUE,2,143,7,150,0.0,0.0
2024,6,LAMBAYEQUE,LAMBAYEQUE,0,0,0,0,0.0,0.0
2024,7,LAMBAYEQUE,LAMBAYEQUE,1,128,0,128,0.0,0.0
2024,8,LAMBAYEQUE,LAMBAYEQUE,1,123,0,123,0.0,0.0
2024,9,LAMBAYEQUE,LAMBAYEQUE,0,0,0,0,0.0,0.0
2024,10,LAMBAYEQUE,LAMBAYEQUE,0,0,0,0,0.0,0.0
2024,11,LAMBAYEQUE,LAMBAYEQUE,2,1890,0,1890,0.0,30.0
2024,12,LAMBAYEQUE,LAMBAYEQUE,9,9863,0,9863,1551.81,10433.76
2025,1,LAMBAYEQUE,LAMBAYEQUE,1,4,0,4,0.0,0.0
2025,2,LAMBAYEQUE,LAMBAYEQUE,15,2266,903,3169,0.0,16.7
2025,3,LAMBAYEQUE,LAMBAYEQUE,19,6642,1092,7734,2068.11,395.25
2025,4,LAMBAYEQUE,LAMBAYEQUE,3,214,0,214,264.4,70.45
2025,5,LAMBAYEQUE,LAMBAYEQUE,1,0,13,13,0.0,0.0
2025,6,LAMBAYEQUE,LAMBAYEQUE,1,0,9,9,0.0,0.0
2025,7,LAMBAYEQUE,LAMBAYEQUE,1,134,0,134,0.0,0.0
2025,8,LAMBAYEQUE,LAMBAYEQUE,3,2379,0,2379,0.0,0.0
2025,9,LAMBAYEQUE,LAMBAYEQUE,0,0,0,0,0.0,0.0
2025,10,LAMBAYEQUE,LAMBAYEQUE,1,0,1,1,0.0,0.0
2025,11,LAMBAYEQUE,LAMBAYEQUE,2,128,0,128,0.0,0.0
2025,12,LAMBAYEQUE,LAMBAYEQUE,1,5,0,5,0.0,0.0
2016,1,LIMA,CAÑETE,0,0,0,0,0.0,0.0
2016,2,LIMA,CAÑETE,1,0,0,0,0.0,10.0
2016,3,LIMA,CAÑETE,0,0,0,0,0.0,0.0
2016,4,LIMA,CAÑETE,0,0,0,0,0.0,0.0
2016,5,LIMA,CAÑETE,0,0,0,0,0.0,0.0
2016,6,LIMA,CAÑETE,1,400,0,400,0.0,0.0
2016,7,LIMA,CAÑETE,0,0,0,0,0.0,0.0
2016,8,LIMA,CAÑETE,0,0,0,0,0.0,0.0
2016,9,LIMA,CAÑETE,0,0,0,0,0.0,0.0
2016,10,LIMA,CAÑETE,0,0,0,0,0.0,0.0
2016,11,LIMA,CAÑETE,0,0,0,0,0.0,0.0
2016,12,LIMA,CAÑETE,0,0,0,0,0.0,0.0
2017,1,LIMA,CAÑETE,13,1880,927,2807,94.0,1805.0
2017,2,LIMA,CAÑETE,9,1045,13,1058,108.0,654.0
2017,3,LIMA,CAÑETE,45,21155,1123,22278,327.0,2433.0
2017,4,LIMA,CAÑETE,0,0,0,0,0.0,0.0
2017,5,LIMA,CAÑETE,0,0,0,0,0.0,0.0
2017,6,LIMA,CAÑETE,1,0,0,0,0.0,0.0
2017,7,LIMA,CAÑETE,1,0,0,0,0.0,0.0
2017,8,LIMA,CAÑETE,1,0,0,0,0.0,0.0
2017,9,LIMA,CAÑETE,0,0,0,0,0.0,0.0
2017,10,LIMA,CAÑETE,0,0,0,0,0.0,0.0
2017,11,LIMA,CAÑETE,0,0,0,0,0.0,0.0
2017,12,LIMA,CAÑETE,0,0,0,0,0.0,0.0
2018,1,LIMA,CAÑETE,1,0,0,0,0.0,22.0
2018,2,LIMA,CAÑETE,0,0,0,0,0.0,0.0
2018,3,LIMA,CAÑETE,2,5,0,5,0.0,5.0
2018,4,LIMA,CAÑETE,0,0,0,0,0.0,0.0
2018,5,LIMA,CAÑETE,0,0,0,0,0.0,0.0
2018,6,LIMA,CAÑETE,1,0,0,0,0.0,0.0
2018,7,LIMA,CAÑETE,0,0,0,0,0.0,0.0
2018,8,LIMA,CAÑETE,0,0,0,0,0.0,0.0
2018,9,LIMA,CAÑETE,0,0,0,0,0.0,0.0
2018,10,LIMA,CAÑETE,0,0,0,0,0.0,0.0
2018,11,LIMA,CAÑETE,0,0,0,0,0.0,0.0
2018,12,LIMA,CAÑETE,0,0,0,0,0.0,0.0
2019,1,LIMA,CAÑETE,0,0,0,0,0.0,0.0
2019,2,LIMA,CAÑETE,0,0,0,0,0.0,0.0
2019,3,LIMA,CAÑETE,0,0,0,0,0.0,0.0
2019,4,LIMA,CAÑETE,0,0,0,0,0.0,0.0
2019,5,LIMA,CAÑETE,0,0,0,0,0.0,0.0
2019,6,LIMA,CAÑETE,0,0,0,0,0.0,0.0
2019,7,LIMA,CAÑETE,0,0,0,0,0.0,0.0
2019,8,LIMA,CAÑETE,0,0,0,0,0.0,0.0
2019,9,LIMA,CAÑETE,0,0,0,0,0.0,0.0
2019,10,LIMA,CAÑETE,0,0,0,0,0.0,0.0
2019,11,LIMA,CAÑETE,0,0,0,0,0.0,0.0
2019,12,LIMA,CAÑETE,0,0,0,0,0.0,0.0
2020,1,LIMA,CAÑETE,0,0,0,0,0.0,0.0
2020,2,LIMA,CAÑETE,0,0,0,0,0.0,0.0
2020,3,LIMA,CAÑETE,0,0,0,0,0.0,0.0
2020,4,LIMA,CAÑETE,0,0,0,0,0.0,0.0
2020,5,LIMA,CAÑETE,0,0,0,0,0.0,0.0
2020,6,LIMA,CAÑETE,0,0,0,0,0.0,0.0
2020,7,LIMA,CAÑETE,0,0,0,0,0.0,0.0
2020,8,LIMA,CAÑETE,0,0,0,0,0.0,0.0
2020,9,LIMA,CAÑETE,0,0,0,0,0.0,0.0
2020,10,LIMA,CAÑETE,0,0,0,0,0.0,0.0
2020,11,LIMA,CAÑETE,0,0,0,0,0.0,0.0
2020,12,LIMA,CAÑETE,1,11,0,11,0.0,0.0
2021,1,LIMA,CAÑETE,2,34,0,34,0.0,0.0
2021,2,LIMA,CAÑETE,0,0,0,0,0.0,0.0
2021,3,LIMA,CAÑETE,0,0,0,0,0.0,0.0
2021,4,LIMA,CAÑETE,0,0,0,0,0.0,0.0
2021,5,LIMA,CAÑETE,0,0,0,0,0.0,0.0
2021,6,LIMA,CAÑETE,0,0,0,0,0.0,0.0
2021,7,LIMA,CAÑETE,4,57,0,57,0.05,0.05
2021,8,LIMA,CAÑETE,1,51,0,51,0.0,0.0
2021,9,LIMA,CAÑETE,0,0,0,0,0.0,0.0
2021,10,LIMA,CAÑETE,0,0,0,0,0.0,0.0
2021,11,LIMA,CAÑETE,0,0,0,0,0.0,0.0
2021,12,LIMA,CAÑETE,0,0,0,0,0.0,0.0
2022,1,LIMA,CAÑETE,0,0,0,0,0.0,0.0
2022,2,LIMA,CAÑETE,1,5,0,5,0.0,0.0
2022,3,LIMA,CAÑETE,2,0,0,0,0.0,0.0
2022,4,LIMA,CAÑETE,0,0,0,0,0.0,0.0
2022,5,LIMA,CAÑETE,0,0,0,0,0.0,0.0
2022,6,LIMA,CAÑETE,1,15,0,15,0.0,0.0
2022,7,LIMA,CAÑETE,0,0,0,0,0.0,0.0
2022,8,LIMA,CAÑETE,0,0,0,0,0.0,0.0
2022,9,LIMA,CAÑETE,0,0,0,0,0.0,0.0
2022,10,LIMA,CAÑETE,0,0,0,0,0.0,0.0
2022,11,LIMA,CAÑETE,0,0,0,0,0.0,0.0
2022,12,LIMA,CAÑETE,0,0,0,0,0.0,0.0
2023,1,LIMA,CAÑETE,0,0,0,0,0.0,0.0
2023,2,LIMA,CAÑETE,2,10,1,11,0.0,0.0
2023,3,LIMA,CAÑETE,14,3514,438,3952,678.42,458.91
2023,4,LIMA,CAÑETE,1,1,0,1,0.0,0.0
2023,5,LIMA,CAÑETE,1,1,0,1,0.0,1.0
2023,6,LIMA,CAÑETE,1,0,1,1,0.0,0.0
2023,7,LIMA,CAÑETE,0,0,0,0,0.0,0.0
2023,8,LIMA,CAÑETE,1,2,0,2,0.0,0.0
2023,9,LIMA,CAÑETE,0,0,0,0,0.0,0.0
2023,10,LIMA,CAÑETE,1,0,7,7,0.0,0.0
2023,11,LIMA,CAÑETE,0,0,0,0,0.0,0.0
2023,12,LIMA,CAÑETE,0,0,0,0,0.0,0.0
2024,1,LIMA,CAÑETE,0,0,0,0,0.0,0.0
2024,2,LIMA,CAÑETE,5,250,10,260,2.41,3.71
2024,3,LIMA,CAÑETE,1,17,0,17,2.7,3.1
2024,4,LIMA,CAÑETE,0,0,0,0,0.0,0.0
2024,5,LIMA,CAÑETE,0,0,0,0,0.0,0.0
2024,6,LIMA,CAÑETE,2,640,0,640,0.0,0.0
2024,7,LIMA,CAÑETE,1,3,0,3,0.0,0.0
2024,8,LIMA,CAÑETE,1,1,0,1,0.0,0.0
2024,9,LIMA,CAÑETE,0,0,0,0,0.0,0.0
2024,10,LIMA,CAÑETE,0,0,0,0,0.0,0.0
2024,11,LIMA,CAÑETE,0,0,0,0,0.0,0.0
2024,12,LIMA,CAÑETE,0,0,0,0,0.0,0.0
2025,1,LIMA,CAÑETE,0,0,0,0,0.0,0.0
2025,2,LIMA,CAÑETE,10,564,19,583,20.91,15.47
2025,3,LIMA,CAÑETE,1,6,0,6,0.25,0.0
2025,4,LIMA,CAÑETE,6,265,0,265,0.0,0.0
2025,5,LIMA,CAÑETE,7,553,0,553,0.0,0.0
2025,6,LIMA,CAÑETE,8,492,0,492,0.0,0.0
2025,7,LIMA,CAÑETE,3,83,0,83,0.0,0.0
2025,8,LIMA,CAÑETE,2,217,0,217,0.0,0.0
2025,9,LIMA,CAÑETE,0,0,0,0,0.0,0.0
2025,10,LIMA,CAÑETE,0,0,0,0,0.0,0.0
2025,11,LIMA,CAÑETE,0,0,0,0,0.0,0.0
2025,12,LIMA,CAÑETE,0,0,0,0,0.0,0.0
2016,1,LIMA,HUAURA,0,0,0,0,0.0,0.0
2016,2,LIMA,HUAURA,0,0,0,0,0.0,0.0
2016,3,LIMA,HUAURA,2,0,0,0,0.0,0.0
2016,4,LIMA,HUAURA,2,0,8,8,0.0,0.0
2016,5,LIMA,HUAURA,1,688,0,688,0.0,0.0
2016,6,LIMA,HUAURA,3,900,0,900,0.0,0.0
2016,7,LIMA,HUAURA,2,227,2,229,0.0,0.0
2016,8,LIMA,HUAURA,2,709,0,709,0.0,0.0
2016,9,LIMA,HUAURA,0,0,0,0,0.0,0.0
2016,10,LIMA,HUAURA,1,0,5,5,0.0,0.0
2016,11,LIMA,HUAURA,1,16,0,16,0.0,0.0
2016,12,LIMA,HUAURA,0,0,0,0,0.0,0.0
2017,1,LIMA,HUAURA,9,21,68,89,5.0,38.0
2017,2,LIMA,HUAURA,16,0,76,76,9.0,4.0
2017,3,LIMA,HUAURA,40,1196,392,1588,305.0,428.0
2017,4,LIMA,HUAURA,4,0,0,0,7.0,27.0
2017,5,LIMA,HUAURA,0,0,0,0,0.0,0.0
2017,6,LIMA,HUAURA,0,0,0,0,0.0,0.0
2017,7,LIMA,HUAURA,0,0,0,0,0.0,0.0
2017,8,LIMA,HUAURA,2,0,0,0,0.0,0.0
2017,9,LIMA,HUAURA,2,34,0,34,0.0,0.0
2017,10,LIMA,HUAURA,1,60,0,60,0.0,0.0
2017,11,LIMA,HUAURA,0,0,0,0,0.0,0.0
2017,12,LIMA,HUAURA,2,0,0,0,0.0,0.0
2018,1,LIMA,HUAURA,3,0,0,0,0.0,0.0
2018,2,LIMA,HUAURA,4,0,0,0,0.0,0.0
2018,3,LIMA,HUAURA,3,0,0,0,0.0,0.0
2018,4,LIMA,HUAURA,2,0,0,0,0.0,0.0
2018,5,LIMA,HUAURA,0,0,0,0,0.0,0.0
2018,6,LIMA,HUAURA,1,111,0,111,0.0,0.0
2018,7,LIMA,HUAURA,0,0,0,0,0.0,0.0
2018,8,LIMA,HUAURA,2,493,0,493,0.0,0.0
2018,9,LIMA,HUAURA,1,320,0,320,0.0,0.0
2018,10,LIMA,HUAURA,1,0,0,0,0.0,0.0
2018,11,LIMA,HUAURA,0,0,0,0,0.0,0.0
2018,12,LIMA,HUAURA,5,340,0,340,0.0,0.0
2019,1,LIMA,HUAURA,0,0,0,0,0.0,0.0
2019,2,LIMA,HUAURA,1,0,11,11,0.0,0.0
2019,3,LIMA,HUAURA,1,4,0,4,0.0,0.0
2019,4,LIMA,HUAURA,0,0,0,0,0.0,0.0
2019,5,LIMA,HUAURA,0,0,0,0,0.0,0.0
2019,6,LIMA,HUAURA,0,0,0,0,0.0,0.0
2019,7,LIMA,HUAURA,0,0,0,0,0.0,0.0
2019,8,LIMA,HUAURA,0,0,0,0,0.0,0.0
2019,9,LIMA,HUAURA,0,0,0,0,0.0,0.0
2019,10,LIMA,HUAURA,0,0,0,0,0.0,0.0
2019,11,LIMA,HUAURA,0,0,0,0,0.0,0.0
2019,12,LIMA,HUAURA,0,0,0,0,0.0,0.0
2020,1,LIMA,HUAURA,0,0,0,0,0.0,0.0
2020,2,LIMA,HUAURA,0,0,0,0,0.0,0.0
2020,3,LIMA,HUAURA,0,0,0,0,0.0,0.0
2020,4,LIMA,HUAURA,0,0,0,0,0.0,0.0
2020,5,LIMA,HUAURA,0,0,0,0,0.0,0.0
2020,6,LIMA,HUAURA,0,0,0,0,0.0,0.0
2020,7,LIMA,HUAURA,3,1219,0,1219,0.0,14.25
2020,8,LIMA,HUAURA,1,0,0,0,0.0,315.0
2020,9,LIMA,HUAURA,0,0,0,0,0.0,0.0
2020,10,LIMA,HUAURA,1,1,1,2,0.0,0.0
2020,11,LIMA,HUAURA,0,0,0,0,0.0,0.0
2020,12,LIMA,HUAURA,0,0,0,0,0.0,0.0
2021,1,LIMA,HUAURA,6,16,0,16,0.0,0.0
2021,2,LIMA,HUAURA,3,80,0,80,0.0,0.0
2021,3,LIMA,HUAURA,3,200,2,202,0.0,0.0
2021,4,LIMA,HUAURA,0,0,0,0,0.0,0.0
2021,5,LIMA,HUAURA,0,0,0,0,0.0,0.0
2021,6,LIMA,HUAURA,0,0,0,0,0.0,0.0
2021,7,LIMA,HUAURA,4,0,4,4,0.0,0.0
2021,8,LIMA,HUAURA,5,315,15,330,5.34,64.63
2021,9,LIMA,HUAURA,0,0,0,0,0.0,0.0
2021,10,LIMA,HUAURA,2,0,0,0,0.0,0.0
2021,11,LIMA,HUAURA,1,0,0,0,0.0,0.0
2021,12,LIMA,HUAURA,0,0,0,0,0.0,0.0
2022,1,LIMA,HUAURA,0,0,0,0,0.0,0.0
2022,2,LIMA,HUAURA,0,0,0,0,0.0,0.0
2022,3,LIMA,HUAURA,2,404,0,404,5.23,24.8
2022,4,LIMA,HUAURA,2,0,4,4,0.8,1.0
2022,5,LIMA,HUAURA,1,3,6,9,0.0,0.0
2022,6,LIMA,HUAURA,1,0,0,0,0.0,0.0
2022,7,LIMA,HUAURA,1,0,1,1,0.0,0.0
2022,8,LIMA,HUAURA,1,0,0,0,0.0,0.0
2022,9,LIMA,HUAURA,0,0,0,0,0.0,0.0
2022,10,LIMA,HUAURA,1,0,0,0,0.0,0.0
2022,11,LIMA,HUAURA,1,8,0,8,0.0,0.0
2022,12,LIMA,HUAURA,0,0,0,0,0.0,0.0
2023,1,LIMA,HUAURA,0,0,0,0,0.0,0.0
2023,2,LIMA,HUAURA,6,366,33,399,7.33,35.69
2023,3,LIMA,HUAURA,12,4335,668,5003,446.12,1628.58
2023,4,LIMA,HUAURA,2,662,182,844,1.25,48.0
2023,5,LIMA,HUAURA,0,0,0,0,0.0,0.0
2023,6,LIMA,HUAURA,0,0,0,0,0.0,0.0
2023,7,LIMA,HUAURA,0,0,0,0,0.0,0.0
2023,8,LIMA,HUAURA,0,0,0,0,0.0,0.0
2023,9,LIMA,HUAURA,0,0,0,0,0.0,0.0
2023,10,LIMA,HUAURA,1,0,0,0,0.0,0.0
2023,11,LIMA,HUAURA,0,0,0,0,0.0,0.0
2023,12,LIMA,HUAURA,1,1,0,1,0.0,0.0
2024,1,LIMA,HUAURA,3,7,3,10,0.0,0.01
2024,2,LIMA,HUAURA,2,77,13,90,0.0,0.55
2024,3,LIMA,HUAURA,5,483,103,586,47.0,77.0
2024,4,LIMA,HUAURA,2,362,0,362,0.0,0.0
2024,5,LIMA,HUAURA,0,0,0,0,0.0,0.0
2024,6,LIMA,HUAURA,1,0,103,103,0.0,0.0
2024,7,LIMA,HUAURA,2,90,5,95,0.0,0.0
2024,8,LIMA,HUAURA,0,0,0,0,0.0,0.0
2024,9,LIMA,HUAURA,1,150,0,150,0.0,0.0
2024,10,LIMA,HUAURA,0,0,0,0,0.0,0.0
2024,11,LIMA,HUAURA,1,3,0,3,0.0,0.0
2024,12,LIMA,HUAURA,0,0,0,0,0.0,0.0
2025,1,LIMA,HUAURA,1,0,0,0,0.0,0.0
2025,2,LIMA,HUAURA,10,26,0,26,0.0,0.0
2025,3,LIMA,HUAURA,16,658,2,660,57.45,0.0
2025,4,LIMA,HUAURA,3,167,17,184,0.0,0.0
2025,5,LIMA,HUAURA,2,79,24,103,0.0,0.0
2025,6,LIMA,HUAURA,2,113,0,113,0.0,0.0
2025,7,LIMA,HUAURA,0,0,0,0,0.0,0.0
2025,8,LIMA,HUAURA,0,0,0,0,0.0,0.0
2025,9,LIMA,HUAURA,1,0,0,0,0.0,0.0
2025,10,LIMA,HUAURA,1,0,0,0,0.0,0.0
2025,11,LIMA,HUAURA,4,253,0,253,0.0,0.0
2025,12,LIMA,HUAURA,1,1,0,1,0.0,0.0
2016,1,LIMA,LIMA,6,26,0,26,0.0,0.0
2016,2,LIMA,LIMA,7,15,2,17,0.0,0.0
2016,3,LIMA,LIMA,1,0,9,9,0.0,0.0
2016,4,LIMA,LIMA,1,0,0,0,0.0,0.0
2016,5,LIMA,LIMA,0,0,0,0,0.0,0.0
2016,6,LIMA,LIMA,3,29,4,33,0.0,0.0
2016,7,LIMA,LIMA,2,1200,18,1218,0.0,0.0
2016,8,LIMA,LIMA,1,0,6,6,0.0,0.0
2016,9,LIMA,LIMA,0,0,0,0,0.0,0.0
2016,10,LIMA,LIMA,0,0,0,0,0.0,0.0
2016,11,LIMA,LIMA,1,0,0,0,0.0,0.0
2016,12,LIMA,LIMA,0,0,0,0,0.0,0.0
2017,1,LIMA,LIMA,10,1099,409,1508,0.0,0.0
2017,2,LIMA,LIMA,7,49,10,59,0.0,0.0
2017,3,LIMA,LIMA,40,10914,1493,12407,35.0,10.0
2017,4,LIMA,LIMA,2,105,241,346,0.0,0.0
2017,5,LIMA,LIMA,1,0,2,2,0.0,0.0
2017,6,LIMA,LIMA,2,3,5,8,0.0,0.0
2017,7,LIMA,LIMA,2,0,13,13,0.0,0.0
2017,8,LIMA,LIMA,1,3470,0,3470,0.0,0.0
2017,9,LIMA,LIMA,6,13,11,24,0.0,0.0
2017,10,LIMA,LIMA,0,0,0,0,0.0,0.0
2017,11,LIMA,LIMA,2,0,2,2,0.0,0.0
2017,12,LIMA,LIMA,1,0,5,5,0.0,0.0
2018,1,LIMA,LIMA,7,84,79,163,0.0,0.0
2018,2,LIMA,LIMA,2,8,11,19,0.0,0.0
2018,3,LIMA,LIMA,0,0,0,0,0.0,0.0
2018,4,LIMA,LIMA,0,0,0,0,0.0,0.0
2018,5,LIMA,LIMA,1,0,20,20,0.0,0.0
2018,6,LIMA,LIMA,4,1839,21,1860,0.0,0.0
2018,7,LIMA,LIMA,6,2719,11,2730,0.0,0.0
2018,8,LIMA,LIMA,4,5,0,5,0.0,0.0
2018,9,LIMA,LIMA,1,0,7,7,0.0,0.0
2018,10,LIMA,LIMA,2,4,0,4,0.0,0.0
2018,11,LIMA,LIMA,1,7,0,7,0.0,0.0
2018,12,LIMA,LIMA,0,0,0,0,0.0,0.0
2019,1,LIMA,LIMA,2,601,2,603,0.0,0.0
2019,2,LIMA,LIMA,2,86,0,86,0.0,0.0
2019,3,LIMA,LIMA,1,36,0,36,0.0,0.0
2019,4,LIMA,LIMA,0,0,0,0,0.0,0.0
2019,5,LIMA,LIMA,1,0,20,20,0.0,0.0
2019,6,LIMA,LIMA,0,0,0,0,0.0,0.0
2019,7,LIMA,LIMA,1,4,0,4,0.0,0.0
2019,8,LIMA,LIMA,0,0,0,0,0.0,0.0
2019,9,LIMA,LIMA,0,0,0,0,0.0,0.0
2019,10,LIMA,LIMA,0,0,0,0,0.0,0.0
2019,11,LIMA,LIMA,0,0,0,0,0.0,0.0
2019,12,LIMA,LIMA,0,0,0,0,0.0,0.0
2020,1,LIMA,LIMA,2,12,1,13,0.0,0.0
2020,2,LIMA,LIMA,2,8,0,8,0.0,0.0
2020,3,LIMA,LIMA,0,0,0,0,0.0,0.0
2020,4,LIMA,LIMA,0,0,0,0,0.0,0.0
2020,5,LIMA,LIMA,1,0,7,7,0.0,0.0
2020,6,LIMA,LIMA,1,0,9,9,0.0,0.0
2020,7,LIMA,LIMA,1,0,7,7,0.0,0.0
2020,8,LIMA,LIMA,1,95,12,107,0.0,0.0
2020,9,LIMA,LIMA,4,0,52,52,0.0,0.0
2020,10,LIMA,LIMA,1,3,1,4,0.0,0.0
2020,11,LIMA,LIMA,1,0,6,6,0.0,0.0
2020,12,LIMA,LIMA,1,5,0,5,0.0,0.0
2021,1,LIMA,LIMA,2,0,6,6,0.0,0.0
2021,2,LIMA,LIMA,1,0,17,17,0.0,0.0
2021,3,LIMA,LIMA,1,0,1,1,0.0,0.0
2021,4,LIMA,LIMA,3,1,5,6,0.0,0.0
2021,5,LIMA,LIMA,6,29,32,61,1.0,1.0
2021,6,LIMA,LIMA,3,8,18,26,0.0,0.0
2021,7,LIMA,LIMA,1,0,1,1,0.0,0.0
2021,8,LIMA,LIMA,2,0,8,8,0.0,0.0
2021,9,LIMA,LIMA,2,7,0,7,0.0,0.0
2021,10,LIMA,LIMA,0,0,0,0,0.0,0.0
2021,11,LIMA,LIMA,2,0,13,13,0.0,0.0
2021,12,LIMA,LIMA,2,0,10,10,0.0,0.0
2022,1,LIMA,LIMA,0,0,0,0,0.0,0.0
2022,2,LIMA,LIMA,1,10,0,10,0.0,0.0
2022,3,LIMA,LIMA,3,3,8,11,0.0,0.0
2022,4,LIMA,LIMA,1,0,7,7,0.0,0.0
2022,5,LIMA,LIMA,1,0,3,3,0.0,0.0
2022,6,LIMA,LIMA,1,0,3,3,0.0,0.0
2022,7,LIMA,LIMA,1,0,1,1,0.0,0.0
2022,8,LIMA,LIMA,1,7,2,9,0.0,0.0
2022,9,LIMA,LIMA,2,6,3,9,0.0,0.0
2022,10,LIMA,LIMA,2,0,7,7,0.0,0.0
2022,11,LIMA,LIMA,1,0,3,3,0.0,0.0
2022,12,LIMA,LIMA,1,64,0,64,0.0,0.0
2023,1,LIMA,LIMA,1,0,4,4,0.0,0.0
2023,2,LIMA,LIMA,4,51,4,55,0.0,0.0
2023,3,LIMA,LIMA,30,2937,2419,5356,54.25,0.0
2023,4,LIMA,LIMA,3,43,4,47,0.0,0.0
2023,5,LIMA,LIMA,1,0,4,4,0.0,0.0
2023,6,LIMA,LIMA,1,0,7,7,0.0,0.0
2023,7,LIMA,LIMA,3,9,1,10,0.0,0.0
2023,8,LIMA,LIMA,3,0,11,11,0.0,0.0
2023,9,LIMA,LIMA,10,10,22,32,0.0,0.0
2023,10,LIMA,LIMA,4,19,7,26,0.0,0.0
2023,11,LIMA,LIMA,3,1,15,16,0.0,0.0
2023,12,LIMA,LIMA,3,65,0,65,0.0,0.0
2024,1,LIMA,LIMA,0,0,0,0,0.0,0.0
2024,2,LIMA,LIMA,2,4,5,9,0.0,0.0
2024,3,LIMA,LIMA,0,0,0,0,0.0,0.0
2024,4,LIMA,LIMA,2,0,7,7,0.0,0.0
2024,5,LIMA,LIMA,3,0,9,9,0.0,0.0
2024,6,LIMA,LIMA,3,8,12,20,0.0,0.0
2024,7,LIMA,LIMA,4,4,19,23,0.0,0.0
2024,8,LIMA,LIMA,5,2,33,35,0.0,0.0
2024,9,LIMA,LIMA,1,0,28,28,0.0,0.0
2024,10,LIMA,LIMA,0,0,0,0,0.0,0.0
2024,11,LIMA,LIMA,0,0,0,0,0.0,0.0
2024,12,LIMA,LIMA,0,0,0,0,0.0,0.0
2025,1,LIMA,LIMA,1,13,0,13,0.0,0.0
2025,2,LIMA,LIMA,4,0,1,1,0.0,0.0
2025,3,LIMA,LIMA,2,3,0,3,0.0,0.0
2025,4,LIMA,LIMA,1,4,0,4,0.0,0.0
2025,5,LIMA,LIMA,1,8,0,8,0.0,0.0
2025,6,LIMA,LIMA,4,1,5,6,0.0,0.0
2025,7,LIMA,LIMA,6,17,9,26,0.0,0.0
2025,8,LIMA,LIMA,0,0,0,0,0.0,0.0
2025,9,LIMA,LIMA,0,0,0,0,0.0,0.0
2025,10,LIMA,LIMA,1,20,0,20,0.0,0.0
2025,11,LIMA,LIMA,0,0,0,0,0.0,0.0
2025,12,LIMA,LIMA,0,0,0,0,0.0,0.0
2016,1,LORETO,ALTO AMAZONAS,0,0,0,0,0.0,0.0
2016,2,LORETO,ALTO AMAZONAS,0,0,0,0,0.0,0.0
2016,3,LORETO,ALTO AMAZONAS,2,1748,6,1754,863.0,30.0
2016,4,LORETO,ALTO AMAZONAS,1,1033,40,1073,0.0,0.0
2016,5,LORETO,ALTO AMAZONAS,0,0,0,0,0.0,0.0
2016,6,LORETO,ALTO AMAZONAS,0,0,0,0,0.0,0.0
2016,7,LORETO,ALTO AMAZONAS,1,247,0,247,0.0,0.0
2016,8,LORETO,ALTO AMAZONAS,2,11,11,22,0.0,0.0
2016,9,LORETO,ALTO AMAZONAS,0,0,0,0,0.0,0.0
2016,10,LORETO,ALTO AMAZONAS,1,0,1,1,0.0,0.0
2016,11,LORETO,ALTO AMAZONAS,0,0,0,0,0.0,0.0
2016,12,LORETO,ALTO AMAZONAS,0,0,0,0,0.0,0.0
2017,1,LORETO,ALTO AMAZONAS,4,14038,0,14038,0.0,0.0
2017,2,LORETO,ALTO AMAZONAS,0,0,0,0,0.0,0.0
2017,3,LORETO,ALTO AMAZONAS,0,0,0,0,0.0,0.0
2017,4,LORETO,ALTO AMAZONAS,0,0,0,0,0.0,0.0
2017,5,LORETO,ALTO AMAZONAS,0,0,0,0,0.0,0.0
2017,6,LORETO,ALTO AMAZONAS,0,0,0,0,0.0,0.0
2017,7,LORETO,ALTO AMAZONAS,0,0,0,0,0.0,0.0
2017,8,LORETO,ALTO AMAZONAS,0,0,0,0,0.0,0.0
2017,9,LORETO,ALTO AMAZONAS,0,0,0,0,0.0,0.0
2017,10,LORETO,ALTO AMAZONAS,0,0,0,0,0.0,0.0
2017,11,LORETO,ALTO AMAZONAS,2,4821,0,4821,0.0,0.0
2017,12,LORETO,ALTO AMAZONAS,0,0,0,0,0.0,0.0
2018,1,LORETO,ALTO AMAZONAS,1,0,0,0,0.0,0.0
2018,2,LORETO,ALTO AMAZONAS,1,0,11,11,0.0,0.0
2018,3,LORETO,ALTO AMAZONAS,0,0,0,0,0.0,0.0
2018,4,LORETO,ALTO AMAZONAS,1,14,11,25,0.0,0.0
2018,5,LORETO,ALTO AMAZONAS,0,0,0,0,0.0,0.0
2018,6,LORETO,ALTO AMAZONAS,0,0,0,0,0.0,0.0
2018,7,LORETO,ALTO AMAZONAS,0,0,0,0,0.0,0.0
2018,8,LORETO,ALTO AMAZONAS,0,0,0,0,0.0,0.0
2018,9,LORETO,ALTO AMAZONAS,0,0,0,0,0.0,0.0
2018,10,LORETO,ALTO AMAZONAS,0,0,0,0,0.0,0.0
2018,11,LORETO,ALTO AMAZONAS,0,0,0,0,0.0,0.0
2018,12,LORETO,ALTO AMAZONAS,0,0,0,0,0.0,0.0
2019,1,LORETO,ALTO AMAZONAS,0,0,0,0,0.0,0.0
2019,2,LORETO,ALTO AMAZONAS,1,1408,0,1408,600.0,6.0
2019,3,LORETO,ALTO AMAZONAS,0,0,0,0,0.0,0.0
2019,4,LORETO,ALTO AMAZONAS,0,0,0,0,0.0,0.0
2019,5,LORETO,ALTO AMAZONAS,0,0,0,0,0.0,0.0
2019,6,LORETO,ALTO AMAZONAS,0,0,0,0,0.0,0.0
2019,7,LORETO,ALTO AMAZONAS,0,0,0,0,0.0,0.0
2019,8,LORETO,ALTO AMAZONAS,1,22,26,48,0.0,0.0
2019,9,LORETO,ALTO AMAZONAS,2,41,28,69,0.0,0.0
2019,10,LORETO,ALTO AMAZONAS,0,0,0,0,0.0,0.0
2019,11,LORETO,ALTO AMAZONAS,1,17,0,17,0.0,0.0
2019,12,LORETO,ALTO AMAZONAS,0,0,0,0,0.0,0.0
2020,1,LORETO,ALTO AMAZONAS,2,28,12,40,0.0,0.0
2020,2,LORETO,ALTO AMAZONAS,0,0,0,0,0.0,0.0
2020,3,LORETO,ALTO AMAZONAS,0,0,0,0,0.0,0.0
2020,4,LORETO,ALTO AMAZONAS,0,0,0,0,0.0,0.0
2020,5,LORETO,ALTO AMAZONAS,0,0,0,0,0.0,0.0
2020,6,LORETO,ALTO AMAZONAS,0,0,0,0,0.0,0.0
2020,7,LORETO,ALTO AMAZONAS,0,0,0,0,0.0,0.0
2020,8,LORETO,ALTO AMAZONAS,0,0,0,0,0.0,0.0
2020,9,LORETO,ALTO AMAZONAS,0,0,0,0,0.0,0.0
2020,10,LORETO,ALTO AMAZONAS,0,0,0,0,0.0,0.0
2020,11,LORETO,ALTO AMAZONAS,1,24,41,65,0.0,0.0
2020,12,LORETO,ALTO AMAZONAS,0,0,0,0,0.0,0.0
2021,1,LORETO,ALTO AMAZONAS,1,44,21,65,0.0,0.0
2021,2,LORETO,ALTO AMAZONAS,2,13,77,90,0.0,2.0
2021,3,LORETO,ALTO AMAZONAS,2,281,252,533,0.0,0.0
2021,4,LORETO,ALTO AMAZONAS,2,2707,0,2707,0.0,0.0
2021,5,LORETO,ALTO AMAZONAS,0,0,0,0,0.0,0.0
2021,6,LORETO,ALTO AMAZONAS,1,166,0,166,0.0,0.0
2021,7,LORETO,ALTO AMAZONAS,0,0,0,0,0.0,0.0
2021,8,LORETO,ALTO AMAZONAS,3,175,0,175,0.0,0.0
2021,9,LORETO,ALTO AMAZONAS,2,56,46,102,0.0,0.0
2021,10,LORETO,ALTO AMAZONAS,1,0,48,48,0.0,0.0
2021,11,LORETO,ALTO AMAZONAS,0,0,0,0,0.0,0.0
2021,12,LORETO,ALTO AMAZONAS,0,0,0,0,0.0,0.0
2022,1,LORETO,ALTO AMAZONAS,0,0,0,0,0.0,0.0
2022,2,LORETO,ALTO AMAZONAS,0,0,0,0,0.0,0.0
2022,3,LORETO,ALTO AMAZONAS,3,1174,0,1174,0.0,0.0
2022,4,LORETO,ALTO AMAZONAS,1,80,0,80,0.0,0.0
2022,5,LORETO,ALTO AMAZONAS,0,0,0,0,0.0,0.0
2022,6,LORETO,ALTO AMAZONAS,0,0,0,0,0.0,0.0
2022,7,LORETO,ALTO AMAZONAS,1,0,1,1,0.0,0.0
2022,8,LORETO,ALTO AMAZONAS,0,0,0,0,0.0,0.0
2022,9,LORETO,ALTO AMAZONAS,0,0,0,0,0.0,0.0
2022,10,LORETO,ALTO AMAZONAS,0,0,0,0,0.0,0.0
2022,11,LORETO,ALTO AMAZONAS,1,3,9,12,0.0,0.0
2022,12,LORETO,ALTO AMAZONAS,0,0,0,0,0.0,0.0
2023,1,LORETO,ALTO AMAZONAS,3,136,0,136,0.0,0.0
2023,2,LORETO,ALTO AMAZONAS,1,0,162,162,0.0,0.0
2023,3,LORETO,ALTO AMAZONAS,3,4460,2049,6509,1088.0,0.0
2023,4,LORETO,ALTO AMAZONAS,2,3,0,3,0.0,0.0
2023,5,LORETO,ALTO AMAZONAS,1,5,0,5,0.0,0.0
2023,6,LORETO,ALTO AMAZONAS,0,0,0,0,0.0,0.0
2023,7,LORETO,ALTO AMAZONAS,0,0,0,0,0.0,0.0
2023,8,LORETO,ALTO AMAZONAS,0,0,0,0,0.0,0.0
2023,9,LORETO,ALTO AMAZONAS,9,80,21,101,0.0,0.0
2023,10,LORETO,ALTO AMAZONAS,5,78,57,135,0.0,0.0
2023,11,LORETO,ALTO AMAZONAS,1,4,0,4,0.0,0.0
2023,12,LORETO,ALTO AMAZONAS,2,35,4734,4769,0.0,1210.0
2024,1,LORETO,ALTO AMAZONAS,0,0,0,0,0.0,0.0
2024,2,LORETO,ALTO AMAZONAS,2,82,0,82,0.0,0.0
2024,3,LORETO,ALTO AMAZONAS,1,2,0,2,0.0,0.0
2024,4,LORETO,ALTO AMAZONAS,4,36,0,36,0.0,0.0
2024,5,LORETO,ALTO AMAZONAS,1,86,3,89,0.0,0.0
2024,6,LORETO,ALTO AMAZONAS,1,5,0,5,0.0,0.0
2024,7,LORETO,ALTO AMAZONAS,0,0,0,0,0.0,0.0
2024,8,LORETO,ALTO AMAZONAS,1,2,0,2,0.0,0.0
2024,9,LORETO,ALTO AMAZONAS,7,17199,80,17279,10.0,10.05
2024,10,LORETO,ALTO AMAZONAS,0,0,0,0,0.0,0.0
2024,11,LORETO,ALTO AMAZONAS,0,0,0,0,0.0,0.0
2024,12,LORETO,ALTO AMAZONAS,0,0,0,0,0.0,0.0
2025,1,LORETO,ALTO AMAZONAS,1,2,2,4,0.0,0.0
2025,2,LORETO,ALTO AMAZONAS,4,1563,562,2125,0.0,0.0
2025,3,LORETO,ALTO AMAZONAS,5,2296,1234,3530,0.0,0.0
2025,4,LORETO,ALTO AMAZONAS,0,0,0,0,0.0,0.0
2025,5,LORETO,ALTO AMAZONAS,0,0,0,0,0.0,0.0
2025,6,LORETO,ALTO AMAZONAS,0,0,0,0,0.0,0.0
2025,7,LORETO,ALTO AMAZONAS,0,0,0,0,0.0,0.0
2025,8,LORETO,ALTO AMAZONAS,1,0,0,0,0.0,0.0
2025,9,LORETO,ALTO AMAZONAS,3,0,0,0,0.0,0.0
2025,10,LORETO,ALTO AMAZONAS,0,0,0,0,0.0,0.0
2025,11,LORETO,ALTO AMAZONAS,0,0,0,0,0.0,0.0
2025,12,LORETO,ALTO AMAZONAS,0,0,0,0,0.0,0.0
2016,1,LORETO,DATEM DEL MARAÑON,0,0,0,0,0.0,0.0
2016,2,LORETO,DATEM DEL MARAÑON,0,0,0,0,0.0,0.0
2016,3,LORETO,DATEM DEL MARAÑON,1,1003,0,1003,0.0,0.0
2016,4,LORETO,DATEM DEL MARAÑON,0,0,0,0,0.0,0.0
2016,5,LORETO,DATEM DEL MARAÑON,1,190,0,190,0.0,0.0
2016,6,LORETO,DATEM DEL MARAÑON,0,0,0,0,0.0,0.0
2016,7,LORETO,DATEM DEL MARAÑON,0,0,0,0,0.0,0.0
2016,8,LORETO,DATEM DEL MARAÑON,0,0,0,0,0.0,0.0
2016,9,LORETO,DATEM DEL MARAÑON,0,0,0,0,0.0,0.0
2016,10,LORETO,DATEM DEL MARAÑON,0,0,0,0,0.0,0.0
2016,11,LORETO,DATEM DEL MARAÑON,1,0,0,0,0.0,0.0
2016,12,LORETO,DATEM DEL MARAÑON,0,0,0,0,0.0,0.0
2017,1,LORETO,DATEM DEL MARAÑON,2,7987,0,7987,373.0,0.0
2017,2,LORETO,DATEM DEL MARAÑON,0,0,0,0,0.0,0.0
2017,3,LORETO,DATEM DEL MARAÑON,0,0,0,0,0.0,0.0
2017,4,LORETO,DATEM DEL MARAÑON,0,0,0,0,0.0,0.0
2017,5,LORETO,DATEM DEL MARAÑON,0,0,0,0,0.0,0.0
2017,6,LORETO,DATEM DEL MARAÑON,0,0,0,0,0.0,0.0
2017,7,LORETO,DATEM DEL MARAÑON,0,0,0,0,0.0,0.0
2017,8,LORETO,DATEM DEL MARAÑON,1,175,0,175,0.0,0.0
2017,9,LORETO,DATEM DEL MARAÑON,0,0,0,0,0.0,0.0
2017,10,LORETO,DATEM DEL MARAÑON,0,0,0,0,0.0,0.0
2017,11,LORETO,DATEM DEL MARAÑON,0,0,0,0,0.0,0.0
2017,12,LORETO,DATEM DEL MARAÑON,0,0,0,0,0.0,0.0
2018,1,LORETO,DATEM DEL MARAÑON,0,0,0,0,0.0,0.0
2018,2,LORETO,DATEM DEL MARAÑON,0,0,0,0,0.0,0.0
2018,3,LORETO,DATEM DEL MARAÑON,0,0,0,0,0.0,0.0
2018,4,LORETO,DATEM DEL MARAÑON,1,556,0,556,0.0,0.0
2018,5,LORETO,DATEM DEL MARAÑON,0,0,0,0,0.0,0.0
2018,6,LORETO,DATEM DEL MARAÑON,0,0,0,0,0.0,0.0
2018,7,LORETO,DATEM DEL MARAÑON,0,0,0,0,0.0,0.0
2018,8,LORETO,DATEM DEL MARAÑON,0,0,0,0,0.0,0.0
2018,9,LORETO,DATEM DEL MARAÑON,1,315,0,315,0.0,0.0
2018,10,LORETO,DATEM DEL MARAÑON,0,0,0,0,0.0,0.0
2018,11,LORETO,DATEM DEL MARAÑON,0,0,0,0,0.0,0.0
2018,12,LORETO,DATEM DEL MARAÑON,0,0,0,0,0.0,0.0
2019,1,LORETO,DATEM DEL MARAÑON,0,0,0,0,0.0,0.0
2019,2,LORETO,DATEM DEL MARAÑON,1,2070,3,2073,589.0,460.0
2019,3,LORETO,DATEM DEL MARAÑON,0,0,0,0,0.0,0.0
2019,4,LORETO,DATEM DEL MARAÑON,0,0,0,0,0.0,0.0
2019,5,LORETO,DATEM DEL MARAÑON,0,0,0,0,0.0,0.0
2019,6,LORETO,DATEM DEL MARAÑON,0,0,0,0,0.0,0.0
2019,7,LORETO,DATEM DEL MARAÑON,0,0,0,0,0.0,0.0
2019,8,LORETO,DATEM DEL MARAÑON,0,0,0,0,0.0,0.0
2019,9,LORETO,DATEM DEL MARAÑON,0,0,0,0,0.0,0.0
2019,10,LORETO,DATEM DEL MARAÑON,0,0,0,0,0.0,0.0
2019,11,LORETO,DATEM DEL MARAÑON,0,0,0,0,0.0,0.0
2019,12,LORETO,DATEM DEL MARAÑON,0,0,0,0,0.0,0.0
2020,1,LORETO,DATEM DEL MARAÑON,0,0,0,0,0.0,0.0
2020,2,LORETO,DATEM DEL MARAÑON,1,1,0,1,0.0,0.0
2020,3,LORETO,DATEM DEL MARAÑON,0,0,0,0,0.0,0.0
2020,4,LORETO,DATEM DEL MARAÑON,0,0,0,0,0.0,0.0
2020,5,LORETO,DATEM DEL MARAÑON,0,0,0,0,0.0,0.0
2020,6,LORETO,DATEM DEL MARAÑON,0,0,0,0,0.0,0.0
2020,7,LORETO,DATEM DEL MARAÑON,0,0,0,0,0.0,0.0
2020,8,LORETO,DATEM DEL MARAÑON,0,0,0,0,0.0,0.0
2020,9,LORETO,DATEM DEL MARAÑON,0,0,0,0,0.0,0.0
2020,10,LORETO,DATEM DEL MARAÑON,0,0,0,0,0.0,0.0
2020,11,LORETO,DATEM DEL MARAÑON,0,0,0,0,0.0,0.0
2020,12,LORETO,DATEM DEL MARAÑON,1,2,0,2,0.0,0.0
2021,1,LORETO,DATEM DEL MARAÑON,0,0,0,0,0.0,0.0
2021,2,LORETO,DATEM DEL MARAÑON,1,71,90,161,253.05,0.0
2021,3,LORETO,DATEM DEL MARAÑON,0,0,0,0,0.0,0.0
2021,4,LORETO,DATEM DEL MARAÑON,2,1131,0,1131,494.0,14.0
2021,5,LORETO,DATEM DEL MARAÑON,1,4129,0,4129,0.0,420.0
2021,6,LORETO,DATEM DEL MARAÑON,0,0,0,0,0.0,0.0
2021,7,LORETO,DATEM DEL MARAÑON,1,1793,0,1793,0.0,285.0
2021,8,LORETO,DATEM DEL MARAÑON,1,23,0,23,0.0,0.0
2021,9,LORETO,DATEM DEL MARAÑON,0,0,0,0,0.0,0.0
2021,10,LORETO,DATEM DEL MARAÑON,0,0,0,0,0.0,0.0
2021,11,LORETO,DATEM DEL MARAÑON,3,74,125,199,0.0,0.0
2021,12,LORETO,DATEM DEL MARAÑON,0,0,0,0,0.0,0.0
2022,1,LORETO,DATEM DEL MARAÑON,2,25,22,47,0.0,0.0
2022,2,LORETO,DATEM DEL MARAÑON,1,5,0,5,0.0,0.0
2022,3,LORETO,DATEM DEL MARAÑON,1,0,1,1,0.0,0.0
2022,4,LORETO,DATEM DEL MARAÑON,1,3277,0,3277,0.0,674.0
2022,5,LORETO,DATEM DEL MARAÑON,0,0,0,0,0.0,0.0
2022,6,LORETO,DATEM DEL MARAÑON,0,0,0,0,0.0,0.0
2022,7,LORETO,DATEM DEL MARAÑON,2,43,0,43,0.0,35.0
2022,8,LORETO,DATEM DEL MARAÑON,0,0,0,0,0.0,0.0
2022,9,LORETO,DATEM DEL MARAÑON,0,0,0,0,0.0,0.0
2022,10,LORETO,DATEM DEL MARAÑON,0,0,0,0,0.0,0.0
2022,11,LORETO,DATEM DEL MARAÑON,0,0,0,0,0.0,0.0
2022,12,LORETO,DATEM DEL MARAÑON,0,0,0,0,0.0,0.0
2023,1,LORETO,DATEM DEL MARAÑON,0,0,0,0,0.0,0.0
2023,2,LORETO,DATEM DEL MARAÑON,0,0,0,0,0.0,0.0
2023,3,LORETO,DATEM DEL MARAÑON,5,5299,6,5305,1564.0,149.0
2023,4,LORETO,DATEM DEL MARAÑON,0,0,0,0,0.0,0.0
2023,5,LORETO,DATEM DEL MARAÑON,0,0,0,0,0.0,0.0
2023,6,LORETO,DATEM DEL MARAÑON,0,0,0,0,0.0,0.0
2023,7,LORETO,DATEM DEL MARAÑON,0,0,0,0,0.0,0.0
2023,8,LORETO,DATEM DEL MARAÑON,0,0,0,0,0.0,0.0
2023,9,LORETO,DATEM DEL MARAÑON,1,0,0,0,0.0,0.0
2023,10,LORETO,DATEM DEL MARAÑON,1,4,0,4,0.0,0.0
2023,11,LORETO,DATEM DEL MARAÑON,0,0,0,0,0.0,0.0
2023,12,LORETO,DATEM DEL MARAÑON,0,0,0,0,0.0,0.0
2024,1,LORETO,DATEM DEL MARAÑON,0,0,0,0,0.0,0.0
2024,2,LORETO,DATEM DEL MARAÑON,0,0,0,0,0.0,0.0
2024,3,LORETO,DATEM DEL MARAÑON,0,0,0,0,0.0,0.0
2024,4,LORETO,DATEM DEL MARAÑON,0,0,0,0,0.0,0.0
2024,5,LORETO,DATEM DEL MARAÑON,0,0,0,0,0.0,0.0
2024,6,LORETO,DATEM DEL MARAÑON,0,0,0,0,0.0,0.0
2024,7,LORETO,DATEM DEL MARAÑON,0,0,0,0,0.0,0.0
2024,8,LORETO,DATEM DEL MARAÑON,0,0,0,0,0.0,0.0
2024,9,LORETO,DATEM DEL MARAÑON,6,9688,2,9690,2679.0,3748.0
2024,10,LORETO,DATEM DEL MARAÑON,2,1110,2,1112,713.0,1529.0
2024,11,LORETO,DATEM DEL MARAÑON,0,0,0,0,0.0,0.0
2024,12,LORETO,DATEM DEL MARAÑON,0,0,0,0,0.0,0.0
2025,1,LORETO,DATEM DEL MARAÑON,0,0,0,0,0.0,0.0
2025,2,LORETO,DATEM DEL MARAÑON,0,0,0,0,0.0,0.0
2025,3,LORETO,DATEM DEL MARAÑON,1,3933,5,3938,0.0,0.0
2025,4,LORETO,DATEM DEL MARAÑON,0,0,0,0,0.0,0.0
2025,5,LORETO,DATEM DEL MARAÑON,3,1489,20,1509,0.0,0.0
2025,6,LORETO,DATEM DEL MARAÑON,2,496,42,538,0.0,0.0
2025,7,LORETO,DATEM DEL MARAÑON,1,638,0,638,0.0,0.0
2025,8,LORETO,DATEM DEL MARAÑON,0,0,0,0,0.0,0.0
2025,9,LORETO,DATEM DEL MARAÑON,0,0,0,0,0.0,0.0
2025,10,LORETO,DATEM DEL MARAÑON,0,0,0,0,0.0,0.0
2025,11,LORETO,DATEM DEL MARAÑON,0,0,0,0,0.0,0.0
2025,12,LORETO,DATEM DEL MARAÑON,0,0,0,0,0.0,0.0
2016,1,LORETO,LORETO,0,0,0,0,0.0,0.0
2016,2,LORETO,LORETO,0,0,0,0,0.0,0.0
2016,3,LORETO,LORETO,1,2323,0,2323,0.0,0.0
2016,4,LORETO,LORETO,0,0,0,0,0.0,0.0
2016,5,LORETO,LORETO,0,0,0,0,0.0,0.0
2016,6,LORETO,LORETO,0,0,0,0,0.0,0.0
2016,7,LORETO,LORETO,1,675,0,675,0.0,0.0
2016,8,LORETO,LORETO,0,0,0,0,0.0,0.0
2016,9,LORETO,LORETO,0,0,0,0,0.0,0.0
2016,10,LORETO,LORETO,0,0,0,0,0.0,0.0
2016,11,LORETO,LORETO,0,0,0,0,0.0,0.0
2016,12,LORETO,LORETO,0,0,0,0,0.0,0.0
2017,1,LORETO,LORETO,2,8586,18,8604,0.0,1560.0
2017,2,LORETO,LORETO,1,2358,0,2358,19.0,0.0
2017,3,LORETO,LORETO,3,4876,0,4876,0.0,0.0
2017,4,LORETO,LORETO,5,6021,24,6045,0.0,0.0
2017,5,LORETO,LORETO,0,0,0,0,0.0,0.0
2017,6,LORETO,LORETO,0,0,0,0,0.0,0.0
2017,7,LORETO,LORETO,0,0,0,0,0.0,0.0
2017,8,LORETO,LORETO,0,0,0,0,0.0,0.0
2017,9,LORETO,LORETO,0,0,0,0,0.0,0.0
2017,10,LORETO,LORETO,0,0,0,0,0.0,0.0
2017,11,LORETO,LORETO,0,0,0,0,0.0,0.0
2017,12,LORETO,LORETO,0,0,0,0,0.0,0.0
2018,1,LORETO,LORETO,0,0,0,0,0.0,0.0
2018,2,LORETO,LORETO,0,0,0,0,0.0,0.0
2018,3,LORETO,LORETO,0,0,0,0,0.0,0.0
2018,4,LORETO,LORETO,1,2123,0,2123,0.0,0.0
2018,5,LORETO,LORETO,0,0,0,0,0.0,0.0
2018,6,LORETO,LORETO,0,0,0,0,0.0,0.0
2018,7,LORETO,LORETO,0,0,0,0,0.0,0.0
2018,8,LORETO,LORETO,1,263,0,263,0.0,0.0
2018,9,LORETO,LORETO,0,0,0,0,0.0,0.0
2018,10,LORETO,LORETO,0,0,0,0,0.0,0.0
2018,11,LORETO,LORETO,0,0,0,0,0.0,0.0
2018,12,LORETO,LORETO,0,0,0,0,0.0,0.0
2019,1,LORETO,LORETO,0,0,0,0,0.0,0.0
2019,2,LORETO,LORETO,2,4414,3,4417,1827.0,214.0
2019,3,LORETO,LORETO,0,0,0,0,0.0,0.0
2019,4,LORETO,LORETO,0,0,0,0,0.0,0.0
2019,5,LORETO,LORETO,0,0,0,0,0.0,0.0
2019,6,LORETO,LORETO,0,0,0,0,0.0,0.0
2019,7,LORETO,LORETO,0,0,0,0,0.0,0.0
2019,8,LORETO,LORETO,0,0,0,0,0.0,0.0
2019,9,LORETO,LORETO,0,0,0,0,0.0,0.0
2019,10,LORETO,LORETO,0,0,0,0,0.0,0.0
2019,11,LORETO,LORETO,0,0,0,0,0.0,0.0
2019,12,LORETO,LORETO,1,1,11,12,0.0,0.0
2020,1,LORETO,LORETO,1,201,100,301,0.0,0.0
2020,2,LORETO,LORETO,0,0,0,0,0.0,0.0
2020,3,LORETO,LORETO,0,0,0,0,0.0,0.0
2020,4,LORETO,LORETO,0,0,0,0,0.0,0.0
2020,5,LORETO,LORETO,0,0,0,0,0.0,0.0
2020,6,LORETO,LORETO,0,0,0,0,0.0,0.0
2020,7,LORETO,LORETO,0,0,0,0,0.0,0.0
2020,8,LORETO,LORETO,1,292,0,292,0.0,0.0
2020,9,LORETO,LORETO,3,147,136,283,0.0,0.0
2020,10,LORETO,LORETO,1,1,11,12,0.0,0.0
2020,11,LORETO,LORETO,0,0,0,0,0.0,0.0
2020,12,LORETO,LORETO,0,0,0,0,0.0,0.0
2021,1,LORETO,LORETO,1,283,0,283,0.0,0.0
2021,2,LORETO,LORETO,1,17,0,17,0.0,0.0
2021,3,LORETO,LORETO,1,338,0,338,0.0,0.0
2021,4,LORETO,LORETO,0,0,0,0,0.0,0.0
2021,5,LORETO,LORETO,2,2325,0,2325,0.1,449.23
2021,6,LORETO,LORETO,0,0,0,0,0.0,0.0
2021,7,LORETO,LORETO,0,0,0,0,0.0,0.0
2021,8,LORETO,LORETO,0,0,0,0,0.0,0.0
2021,9,LORETO,LORETO,1,73,0,73,0.0,0.0
2021,10,LORETO,LORETO,0,0,0,0,0.0,0.0
2021,11,LORETO,LORETO,1,6,0,6,0.0,0.0
2021,12,LORETO,LORETO,0,0,0,0,0.0,0.0
2022,1,LORETO,LORETO,0,0,0,0,0.0,0.0
2022,2,LORETO,LORETO,0,0,0,0,0.0,0.0
2022,3,LORETO,LORETO,0,0,0,0,0.0,0.0
2022,4,LORETO,LORETO,1,1661,0,1661,315.0,0.0
2022,5,LORETO,LORETO,2,675,205,880,10.0,0.0
2022,6,LORETO,LORETO,1,3245,0,3245,511.0,0.0
2022,7,LORETO,LORETO,1,38,0,38,0.0,0.0
2022,8,LORETO,LORETO,1,70,0,70,0.0,0.0
2022,9,LORETO,LORETO,0,0,0,0,0.0,0.0
2022,10,LORETO,LORETO,0,0,0,0,0.0,0.0
2022,11,LORETO,LORETO,1,167,0,167,0.0,0.0
2022,12,LORETO,LORETO,1,59,0,59,0.0,0.0
2023,1,LORETO,LORETO,1,2,0,2,0.0,0.0
2023,2,LORETO,LORETO,1,491,0,491,0.0,0.0
2023,3,LORETO,LORETO,7,5881,0,5881,4.0,0.0
2023,4,LORETO,LORETO,2,2347,0,2347,293.2,189.86
2023,5,LORETO,LORETO,0,0,0,0,0.0,0.0
2023,6,LORETO,LORETO,1,38,0,38,0.0,0.0
2023,7,LORETO,LORETO,3,78,4,82,0.0,0.0
2023,8,LORETO,LORETO,3,31,2,33,0.0,0.0
2023,9,LORETO,LORETO,1,0,2,2,0.0,0.0
2023,10,LORETO,LORETO,2,3,5,8,40.0,0.0
2023,11,LORETO,LORETO,2,141,31,172,0.0,0.0
2023,12,LORETO,LORETO,1,4,0,4,0.0,0.0
2024,1,LORETO,LORETO,0,0,0,0,0.0,0.0
2024,2,LORETO,LORETO,2,29,0,29,0.0,0.0
2024,3,LORETO,LORETO,0,0,0,0,0.0,0.0
2024,4,LORETO,LORETO,0,0,0,0,0.0,0.0
2024,5,LORETO,LORETO,0,0,0,0,0.0,0.0
2024,6,LORETO,LORETO,0,0,0,0,0.0,0.0
2024,7,LORETO,LORETO,1,26,17,43,0.0,0.0
2024,8,LORETO,LORETO,2,24,241,265,0.0,0.0
2024,9,LORETO,LORETO,8,29203,56,29259,1999.0,3762.0
2024,10,LORETO,LORETO,0,0,0,0,0.0,0.0
2024,11,LORETO,LORETO,2,12,90,102,0.0,0.0
2024,12,LORETO,LORETO,0,0,0,0,0.0,0.0
2025,1,LORETO,LORETO,2,0,141,141,0.0,0.0
2025,2,LORETO,LORETO,1,7847,0,7847,0.0,0.0
2025,3,LORETO,LORETO,3,12549,4962,17511,68.0,0.0
2025,4,LORETO,LORETO,0,0,0,0,0.0,0.0
2025,5,LORETO,LORETO,2,1315,14,1329,0.0,0.0
2025,6,LORETO,LORETO,1,0,8,8,0.0,0.0
2025,7,LORETO,LORETO,1,0,32,32,0.0,0.0
2025,8,LORETO,LORETO,1,0,1,1,0.0,0.0
2025,9,LORETO,LORETO,2,26,5,31,0.0,0.0
2025,10,LORETO,LORETO,1,0,35,35,0.0,0.0
2025,11,LORETO,LORETO,0,0,0,0,0.0,0.0
2025,12,LORETO,LORETO,1,34,46,80,0.0,0.0
2016,1,LORETO,MARISCAL RAMON CASTILLA,0,0,0,0,0.0,0.0
2016,2,LORETO,MARISCAL RAMON CASTILLA,0,0,0,0,0.0,0.0
2016,3,LORETO,MARISCAL RAMON CASTILLA,0,0,0,0,0.0,0.0
2016,4,LORETO,MARISCAL RAMON CASTILLA,1,6031,0,6031,0.0,0.0
2016,5,LORETO,MARISCAL RAMON CASTILLA,0,0,0,0,0.0,0.0
2016,6,LORETO,MARISCAL RAMON CASTILLA,0,0,0,0,0.0,0.0
2016,7,LORETO,MARISCAL RAMON CASTILLA,0,0,0,0,0.0,0.0
2016,8,LORETO,MARISCAL RAMON CASTILLA,1,8,4,12,0.0,0.0
2016,9,LORETO,MARISCAL RAMON CASTILLA,0,0,0,0,0.0,0.0
2016,10,LORETO,MARISCAL RAMON CASTILLA,0,0,0,0,0.0,0.0
2016,11,LORETO,MARISCAL RAMON CASTILLA,0,0,0,0,0.0,0.0
2016,12,LORETO,MARISCAL RAMON CASTILLA,0,0,0,0,0.0,0.0
2017,1,LORETO,MARISCAL RAMON CASTILLA,0,0,0,0,0.0,0.0
2017,2,LORETO,MARISCAL RAMON CASTILLA,0,0,0,0,0.0,0.0
2017,3,LORETO,MARISCAL RAMON CASTILLA,2,5960,0,5960,0.0,0.0
2017,4,LORETO,MARISCAL RAMON CASTILLA,1,2214,0,2214,0.0,79.0
2017,5,LORETO,MARISCAL RAMON CASTILLA,0,0,0,0,0.0,0.0
2017,6,LORETO,MARISCAL RAMON CASTILLA,1,5,0,5,0.0,0.0
2017,7,LORETO,MARISCAL RAMON CASTILLA,0,0,0,0,0.0,0.0
2017,8,LORETO,MARISCAL RAMON CASTILLA,0,0,0,0,0.0,0.0
2017,9,LORETO,MARISCAL RAMON CASTILLA,1,0,4,4,0.0,0.0
2017,10,LORETO,MARISCAL RAMON CASTILLA,0,0,0,0,0.0,0.0
2017,11,LORETO,MARISCAL RAMON CASTILLA,0,0,0,0,0.0,0.0
2017,12,LORETO,MARISCAL RAMON CASTILLA,0,0,0,0,0.0,0.0
2018,1,LORETO,MARISCAL RAMON CASTILLA,0,0,0,0,0.0,0.0
2018,2,LORETO,MARISCAL RAMON CASTILLA,0,0,0,0,0.0,0.0
2018,3,LORETO,MARISCAL RAMON CASTILLA,0,0,0,0,0.0,0.0
2018,4,LORETO,MARISCAL RAMON CASTILLA,0,0,0,0,0.0,0.0
2018,5,LORETO,MARISCAL RAMON CASTILLA,1,4,0,4,0.0,0.0
2018,6,LORETO,MARISCAL RAMON CASTILLA,0,0,0,0,0.0,0.0
2018,7,LORETO,MARISCAL RAMON CASTILLA,2,0,67,67,0.0,0.0
2018,8,LORETO,MARISCAL RAMON CASTILLA,0,0,0,0,0.0,0.0
2018,9,LORETO,MARISCAL RAMON CASTILLA,0,0,0,0,0.0,0.0
2018,10,LORETO,MARISCAL RAMON CASTILLA,0,0,0,0,0.0,0.0
2018,11,LORETO,MARISCAL RAMON CASTILLA,0,0,0,0,0.0,0.0
2018,12,LORETO,MARISCAL RAMON CASTILLA,0,0,0,0,0.0,0.0
2019,1,LORETO,MARISCAL RAMON CASTILLA,0,0,0,0,0.0,0.0
2019,2,LORETO,MARISCAL RAMON CASTILLA,1,1701,0,1701,0.0,764.0
2019,3,LORETO,MARISCAL RAMON CASTILLA,1,370,0,370,0.0,0.0
2019,4,LORETO,MARISCAL RAMON CASTILLA,0,0,0,0,0.0,0.0
2019,5,LORETO,MARISCAL RAMON CASTILLA,0,0,0,0,0.0,0.0
2019,6,LORETO,MARISCAL RAMON CASTILLA,0,0,0,0,0.0,0.0
2019,7,LORETO,MARISCAL RAMON CASTILLA,0,0,0,0,0.0,0.0
2019,8,LORETO,MARISCAL RAMON CASTILLA,0,0,0,0,0.0,0.0
2019,9,LORETO,MARISCAL RAMON CASTILLA,0,0,0,0,0.0,0.0
2019,10,LORETO,MARISCAL RAMON CASTILLA,0,0,0,0,0.0,0.0
2019,11,LORETO,MARISCAL RAMON CASTILLA,0,0,0,0,0.0,0.0
2019,12,LORETO,MARISCAL RAMON CASTILLA,0,0,0,0,0.0,0.0
2020,1,LORETO,MARISCAL RAMON CASTILLA,0,0,0,0,0.0,0.0
2020,2,LORETO,MARISCAL RAMON CASTILLA,0,0,0,0,0.0,0.0
2020,3,LORETO,MARISCAL RAMON CASTILLA,0,0,0,0,0.0,0.0
2020,4,LORETO,MARISCAL RAMON CASTILLA,0,0,0,0,0.0,0.0
2020,5,LORETO,MARISCAL RAMON CASTILLA,0,0,0,0,0.0,0.0
2020,6,LORETO,MARISCAL RAMON CASTILLA,0,0,0,0,0.0,0.0
2020,7,LORETO,MARISCAL RAMON CASTILLA,0,0,0,0,0.0,0.0
2020,8,LORETO,MARISCAL RAMON CASTILLA,0,0,0,0,0.0,0.0
2020,9,LORETO,MARISCAL RAMON CASTILLA,2,63,0,63,0.0,0.0
2020,10,LORETO,MARISCAL RAMON CASTILLA,1,137,7,144,0.0,0.0
2020,11,LORETO,MARISCAL RAMON CASTILLA,0,0,0,0,0.0,0.0
2020,12,LORETO,MARISCAL RAMON CASTILLA,1,5,0,5,0.0,0.0
2021,1,LORETO,MARISCAL RAMON CASTILLA,0,0,0,0,0.0,0.0
2021,2,LORETO,MARISCAL RAMON CASTILLA,0,0,0,0,0.0,0.0
2021,3,LORETO,MARISCAL RAMON CASTILLA,0,0,0,0,0.0,0.0
2021,4,LORETO,MARISCAL RAMON CASTILLA,3,9535,0,9535,977.58,3.0
2021,5,LORETO,MARISCAL RAMON CASTILLA,1,2357,0,2357,0.0,1052.0
2021,6,LORETO,MARISCAL RAMON CASTILLA,2,3,0,3,0.0,0.0
2021,7,LORETO,MARISCAL RAMON CASTILLA,0,0,0,0,0.0,0.0
2021,8,LORETO,MARISCAL RAMON CASTILLA,3,51,5,56,0.0,0.0
2021,9,LORETO,MARISCAL RAMON CASTILLA,1,1,0,1,0.0,0.0
2021,10,LORETO,MARISCAL RAMON CASTILLA,1,5,0,5,0.0,0.0
2021,11,LORETO,MARISCAL RAMON CASTILLA,2,30,0,30,0.0,0.0
2021,12,LORETO,MARISCAL RAMON CASTILLA,0,0,0,0,0.0,0.0
2022,1,LORETO,MARISCAL RAMON CASTILLA,0,0,0,0,0.0,0.0
2022,2,LORETO,MARISCAL RAMON CASTILLA,0,0,0,0,0.0,0.0
2022,3,LORETO,MARISCAL RAMON CASTILLA,0,0,0,0,0.0,0.0
2022,4,LORETO,MARISCAL RAMON CASTILLA,1,3557,0,3557,0.0,353.0
2022,5,LORETO,MARISCAL RAMON CASTILLA,1,7,0,7,0.0,0.0
2022,6,LORETO,MARISCAL RAMON CASTILLA,0,0,0,0,0.0,0.0
2022,7,LORETO,MARISCAL RAMON CASTILLA,3,8,4,12,0.0,0.0
2022,8,LORETO,MARISCAL RAMON CASTILLA,1,6,0,6,0.0,0.0
2022,9,LORETO,MARISCAL RAMON CASTILLA,5,27,9,36,0.0,0.0
2022,10,LORETO,MARISCAL RAMON CASTILLA,1,6,0,6,0.0,0.0
2022,11,LORETO,MARISCAL RAMON CASTILLA,1,10,0,10,0.0,0.0
2022,12,LORETO,MARISCAL RAMON CASTILLA,2,14,0,14,0.0,0.0
2023,1,LORETO,MARISCAL RAMON CASTILLA,0,0,0,0,0.0,0.0
2023,2,LORETO,MARISCAL RAMON CASTILLA,0,0,0,0,0.0,0.0
2023,3,LORETO,MARISCAL RAMON CASTILLA,3,10,5,15,0.0,0.0
2023,4,LORETO,MARISCAL RAMON CASTILLA,1,0,10,10,0.0,0.0
2023,5,LORETO,MARISCAL RAMON CASTILLA,1,8,0,8,0.0,0.0
2023,6,LORETO,MARISCAL RAMON CASTILLA,1,6,0,6,0.0,0.0
2023,7,LORETO,MARISCAL RAMON CASTILLA,2,119,7,126,0.0,0.0
2023,8,LORETO,MARISCAL RAMON CASTILLA,3,45,14,59,0.0,0.0
2023,9,LORETO,MARISCAL RAMON CASTILLA,5,410,28,438,0.0,0.0
2023,10,LORETO,MARISCAL RAMON CASTILLA,5,11,0,11,0.0,0.0
2023,11,LORETO,MARISCAL RAMON CASTILLA,0,0,0,0,0.0,0.0
2023,12,LORETO,MARISCAL RAMON CASTILLA,1,0,0,0,0.0,0.0
2024,1,LORETO,MARISCAL RAMON CASTILLA,0,0,0,0,0.0,0.0
2024,2,LORETO,MARISCAL RAMON CASTILLA,3,228,3,231,4.03,7.8
2024,3,LORETO,MARISCAL RAMON CASTILLA,0,0,0,0,0.0,0.0
2024,4,LORETO,MARISCAL RAMON CASTILLA,0,0,0,0,0.0,0.0
2024,5,LORETO,MARISCAL RAMON CASTILLA,0,0,0,0,0.0,0.0
2024,6,LORETO,MARISCAL RAMON CASTILLA,0,0,0,0,0.0,0.0
2024,7,LORETO,MARISCAL RAMON CASTILLA,0,0,0,0,0.0,0.0
2024,8,LORETO,MARISCAL RAMON CASTILLA,3,6053,0,6053,0.0,2.0
2024,9,LORETO,MARISCAL RAMON CASTILLA,2,4618,0,4618,0.0,80.0
2024,10,LORETO,MARISCAL RAMON CASTILLA,3,9,5,14,0.0,0.0
2024,11,LORETO,MARISCAL RAMON CASTILLA,0,0,0,0,0.0,0.0
2024,12,LORETO,MARISCAL RAMON CASTILLA,1,0,3,3,0.0,0.0
2025,1,LORETO,MARISCAL RAMON CASTILLA,1,12,0,12,0.0,0.0
2025,2,LORETO,MARISCAL RAMON CASTILLA,3,10,0,10,0.0,0.0
2025,3,LORETO,MARISCAL RAMON CASTILLA,2,6,1,7,0.0,0.0
2025,4,LORETO,MARISCAL RAMON CASTILLA,3,12871,3097,15968,0.0,0.0
2025,5,LORETO,MARISCAL RAMON CASTILLA,3,218,3,221,0.0,0.0
2025,6,LORETO,MARISCAL RAMON CASTILLA,1,3,4,7,0.0,0.0
2025,7,LORETO,MARISCAL RAMON CASTILLA,0,0,0,0,0.0,0.0
2025,8,LORETO,MARISCAL RAMON CASTILLA,2,96,6,102,0.0,0.0
2025,9,LORETO,MARISCAL RAMON CASTILLA,6,55,63,118,0.0,0.0
2025,10,LORETO,MARISCAL RAMON CASTILLA,1,52,0,52,0.0,0.0
2025,11,LORETO,MARISCAL RAMON CASTILLA,1,13,17,30,0.0,0.0
2025,12,LORETO,MARISCAL RAMON CASTILLA,2,75,0,75,0.0,0.0
2016,1,LORETO,MAYNAS,0,0,0,0,0.0,0.0
2016,2,LORETO,MAYNAS,2,5067,0,5067,0.0,0.0
2016,3,LORETO,MAYNAS,3,2193,11,2204,0.0,0.0
2016,4,LORETO,MAYNAS,4,18911,13,18924,0.0,0.0
2016,5,LORETO,MAYNAS,0,0,0,0,0.0,0.0
2016,6,LORETO,MAYNAS,2,7707,0,7707,0.0,1704.0
2016,7,LORETO,MAYNAS,4,10242,17,10259,424.0,0.0
2016,8,LORETO,MAYNAS,4,21,11,32,0.0,0.0
2016,9,LORETO,MAYNAS,6,610,2033,2643,0.0,0.0
2016,10,LORETO,MAYNAS,2,6,2,8,0.0,0.0
2016,11,LORETO,MAYNAS,2,94,135,229,0.0,0.0
2016,12,LORETO,MAYNAS,0,0,0,0,0.0,0.0
2017,1,LORETO,MAYNAS,6,17442,2,17444,0.0,262.0
2017,2,LORETO,MAYNAS,2,7443,0,7443,0.0,0.0
2017,3,LORETO,MAYNAS,4,2200,13,2213,0.0,0.0
2017,4,LORETO,MAYNAS,2,4719,0,4719,0.0,0.0
2017,5,LORETO,MAYNAS,2,44,6,50,0.0,0.0
2017,6,LORETO,MAYNAS,1,5568,0,5568,0.0,0.0
2017,7,LORETO,MAYNAS,0,0,0,0,0.0,0.0
2017,8,LORETO,MAYNAS,1,32,0,32,0.0,0.0
2017,9,LORETO,MAYNAS,3,44,50,94,0.0,0.0
2017,10,LORETO,MAYNAS,1,58,0,58,0.0,0.0
2017,11,LORETO,MAYNAS,0,0,0,0,0.0,0.0
2017,12,LORETO,MAYNAS,2,42,22,64,0.0,0.0
2018,1,LORETO,MAYNAS,0,0,0,0,0.0,0.0
2018,2,LORETO,MAYNAS,0,0,0,0,0.0,0.0
2018,3,LORETO,MAYNAS,0,0,0,0,0.0,0.0
2018,4,LORETO,MAYNAS,1,0,0,0,0.0,0.0
2018,5,LORETO,MAYNAS,1,13,6,19,0.0,0.0
2018,6,LORETO,MAYNAS,2,4686,0,4686,0.0,0.0
2018,7,LORETO,MAYNAS,0,0,0,0,0.0,0.0
2018,8,LORETO,MAYNAS,4,217,83,300,0.0,0.0
2018,9,LORETO,MAYNAS,2,9,0,9,0.0,0.0
2018,10,LORETO,MAYNAS,0,0,0,0,0.0,0.0
2018,11,LORETO,MAYNAS,1,0,1,1,0.0,0.0
2018,12,LORETO,MAYNAS,0,0,0,0,0.0,0.0
2019,1,LORETO,MAYNAS,0,0,0,0,0.0,0.0
2019,2,LORETO,MAYNAS,1,0,0,0,0.0,0.0
2019,3,LORETO,MAYNAS,0,0,0,0,0.0,0.0
2019,4,LORETO,MAYNAS,0,0,0,0,0.0,0.0
2019,5,LORETO,MAYNAS,1,1198,0,1198,451.0,368.0
2019,6,LORETO,MAYNAS,2,53,0,53,0.0,0.0
2019,7,LORETO,MAYNAS,1,4716,0,4716,926.5,3.0
2019,8,LORETO,MAYNAS,3,75,147,222,0.0,0.0
2019,9,LORETO,MAYNAS,1,18,1,19,0.0,0.0
2019,10,LORETO,MAYNAS,0,0,0,0,0.0,0.0
2019,11,LORETO,MAYNAS,0,0,0,0,0.0,0.0
2019,12,LORETO,MAYNAS,0,0,0,0,0.0,0.0
2020,1,LORETO,MAYNAS,0,0,0,0,0.0,0.0
2020,2,LORETO,MAYNAS,2,85,5,90,0.0,0.0
2020,3,LORETO,MAYNAS,0,0,0,0,0.0,0.0
2020,4,LORETO,MAYNAS,0,0,0,0,0.0,0.0
2020,5,LORETO,MAYNAS,1,0,27,27,0.0,0.0
2020,6,LORETO,MAYNAS,0,0,0,0,0.0,0.0
2020,7,LORETO,MAYNAS,1,114,68,182,0.0,0.0
2020,8,LORETO,MAYNAS,0,0,0,0,0.0,0.0
2020,9,LORETO,MAYNAS,1,4,6,10,0.0,0.0
2020,10,LORETO,MAYNAS,4,297,129,426,0.0,0.0
2020,11,LORETO,MAYNAS,1,119,14,133,0.0,0.0
2020,12,LORETO,MAYNAS,0,0,0,0,0.0,0.0
2021,1,LORETO,MAYNAS,0,0,0,0,0.0,0.0
2021,2,LORETO,MAYNAS,0,0,0,0,0.0,0.0
2021,3,LORETO,MAYNAS,2,6,0,6,0.0,0.0
2021,4,LORETO,MAYNAS,2,30,18,48,0.0,0.0
2021,5,LORETO,MAYNAS,0,0,0,0,0.0,0.0
2021,6,LORETO,MAYNAS,1,1513,0,1513,110.0,0.0
2021,7,LORETO,MAYNAS,0,0,0,0,0.0,0.0
2021,8,LORETO,MAYNAS,2,41,0,41,0.0,0.0
2021,9,LORETO,MAYNAS,0,0,0,0,0.0,0.0
2021,10,LORETO,MAYNAS,3,58,111,169,0.0,0.0
2021,11,LORETO,MAYNAS,1,0,4,4,0.0,0.0
2021,12,LORETO,MAYNAS,0,0,0,0,0.0,0.0
2022,1,LORETO,MAYNAS,1,0,319,319,0.0,0.0
2022,2,LORETO,MAYNAS,0,0,0,0,0.0,0.0
2022,3,LORETO,MAYNAS,1,32,5,37,0.0,0.0
2022,4,LORETO,MAYNAS,0,0,0,0,0.0,0.0
2022,5,LORETO,MAYNAS,1,407,0,407,230.0,0.0
2022,6,LORETO,MAYNAS,1,53,0,53,0.0,0.0
2022,7,LORETO,MAYNAS,0,0,0,0,0.0,0.0
2022,8,LORETO,MAYNAS,2,293,7,300,0.0,0.0
2022,9,LORETO,MAYNAS,0,0,0,0,0.0,0.0
2022,10,LORETO,MAYNAS,0,0,0,0,0.0,0.0
2022,11,LORETO,MAYNAS,2,87,13,100,0.0,0.0
2022,12,LORETO,MAYNAS,0,0,0,0,0.0,0.0
2023,1,LORETO,MAYNAS,1,10,0,10,0.0,0.0
2023,2,LORETO,MAYNAS,0,0,0,0,0.0,0.0
2023,3,LORETO,MAYNAS,2,96,74,170,0.0,0.0
2023,4,LORETO,MAYNAS,1,4,0,4,0.0,0.0
2023,5,LORETO,MAYNAS,2,5,0,5,0.0,0.0
2023,6,LORETO,MAYNAS,1,0,1,1,0.0,0.0
2023,7,LORETO,MAYNAS,4,26,24,50,0.0,0.0
2023,8,LORETO,MAYNAS,5,72,29,101,0.0,0.0
2023,9,LORETO,MAYNAS,4,89,0,89,0.0,0.0
2023,10,LORETO,MAYNAS,3,37,4,41,0.0,0.0
2023,11,LORETO,MAYNAS,7,75,60,135,0.0,0.0
2023,12,LORETO,MAYNAS,2,171,0,171,0.0,40.0
2024,1,LORETO,MAYNAS,1,6,0,6,0.0,0.0
2024,2,LORETO,MAYNAS,2,1,3,4,0.0,0.0
2024,3,LORETO,MAYNAS,2,177,0,177,0.0,0.0
2024,4,LORETO,MAYNAS,1,6,0,6,0.0,0.0
2024,5,LORETO,MAYNAS,2,672,0,672,0.0,0.0
2024,6,LORETO,MAYNAS,0,0,0,0,0.0,0.0
2024,7,LORETO,MAYNAS,3,21,11,32,0.0,0.0
2024,8,LORETO,MAYNAS,6,1773,0,1773,0.0,1.0
2024,9,LORETO,MAYNAS,9,15624,0,15624,1272.06,3800.74
2024,10,LORETO,MAYNAS,4,208,29,237,0.0,0.0
2024,11,LORETO,MAYNAS,1,9,4,13,0.0,0.0
2024,12,LORETO,MAYNAS,1,6,0,6,0.0,0.0
2025,1,LORETO,MAYNAS,0,0,0,0,0.0,0.0
2025,2,LORETO,MAYNAS,0,0,0,0,0.0,0.0
2025,3,LORETO,MAYNAS,2,71,4,75,0.0,0.0
2025,4,LORETO,MAYNAS,10,26718,7034,33752,0.0,0.0
2025,5,LORETO,MAYNAS,3,4792,153,4945,0.0,0.0
2025,6,LORETO,MAYNAS,2,1224,0,1224,0.0,0.0
2025,7,LORETO,MAYNAS,2,4,0,4,0.0,0.0
2025,8,LORETO,MAYNAS,0,0,0,0,0.0,0.0
2025,9,LORETO,MAYNAS,4,83,12,95,0.0,0.0
2025,10,LORETO,MAYNAS,0,0,0,0,0.0,0.0
2025,11,LORETO,MAYNAS,2,40,15,55,0.0,0.0
2025,12,LORETO,MAYNAS,1,6,1,7,0.0,0.0
2016,1,LORETO,PUTUMAYO,0,0,0,0,0.0,0.0
2016,2,LORETO,PUTUMAYO,0,0,0,0,0.0,0.0
2016,3,LORETO,PUTUMAYO,0,0,0,0,0.0,0.0
2016,4,LORETO,PUTUMAYO,0,0,0,0,0.0,0.0
2016,5,LORETO,PUTUMAYO,0,0,0,0,0.0,0.0
2016,6,LORETO,PUTUMAYO,4,4179,0,4179,709.0,167.0
2016,7,LORETO,PUTUMAYO,0,0,0,0,0.0,0.0
2016,8,LORETO,PUTUMAYO,0,0,0,0,0.0,0.0
2016,9,LORETO,PUTUMAYO,0,0,0,0,0.0,0.0
2016,10,LORETO,PUTUMAYO,0,0,0,0,0.0,0.0
2016,11,LORETO,PUTUMAYO,0,0,0,0,0.0,0.0
2016,12,LORETO,PUTUMAYO,0,0,0,0,0.0,0.0
2017,1,LORETO,PUTUMAYO,0,0,0,0,0.0,0.0
2017,2,LORETO,PUTUMAYO,0,0,0,0,0.0,0.0
2017,3,LORETO,PUTUMAYO,0,0,0,0,0.0,0.0
2017,4,LORETO,PUTUMAYO,2,320,31,351,0.0,0.0
2017,5,LORETO,PUTUMAYO,0,0,0,0,0.0,0.0
2017,6,LORETO,PUTUMAYO,1,1189,0,1189,313.0,0.0
2017,7,LORETO,PUTUMAYO,0,0,0,0,0.0,0.0
2017,8,LORETO,PUTUMAYO,0,0,0,0,0.0,0.0
2017,9,LORETO,PUTUMAYO,0,0,0,0,0.0,0.0
2017,10,LORETO,PUTUMAYO,0,0,0,0,0.0,0.0
2017,11,LORETO,PUTUMAYO,0,0,0,0,0.0,0.0
2017,12,LORETO,PUTUMAYO,0,0,0,0,0.0,0.0
2018,1,LORETO,PUTUMAYO,0,0,0,0,0.0,0.0
2018,2,LORETO,PUTUMAYO,0,0,0,0,0.0,0.0
2018,3,LORETO,PUTUMAYO,0,0,0,0,0.0,0.0
2018,4,LORETO,PUTUMAYO,0,0,0,0,0.0,0.0
2018,5,LORETO,PUTUMAYO,0,0,0,0,0.0,0.0
2018,6,LORETO,PUTUMAYO,0,0,0,0,0.0,0.0
2018,7,LORETO,PUTUMAYO,0,0,0,0,0.0,0.0
2018,8,LORETO,PUTUMAYO,0,0,0,0,0.0,0.0
2018,9,LORETO,PUTUMAYO,0,0,0,0,0.0,0.0
2018,10,LORETO,PUTUMAYO,0,0,0,0,0.0,0.0
2018,11,LORETO,PUTUMAYO,0,0,0,0,0.0,0.0
2018,12,LORETO,PUTUMAYO,0,0,0,0,0.0,0.0
2019,1,LORETO,PUTUMAYO,0,0,0,0,0.0,0.0
2019,2,LORETO,PUTUMAYO,1,0,50,50,0.0,0.0
2019,3,LORETO,PUTUMAYO,0,0,0,0,0.0,0.0
2019,4,LORETO,PUTUMAYO,1,65,0,65,0.0,0.0
2019,5,LORETO,PUTUMAYO,0,0,0,0,0.0,0.0
2019,6,LORETO,PUTUMAYO,0,0,0,0,0.0,0.0
2019,7,LORETO,PUTUMAYO,0,0,0,0,0.0,0.0
2019,8,LORETO,PUTUMAYO,0,0,0,0,0.0,0.0
2019,9,LORETO,PUTUMAYO,0,0,0,0,0.0,0.0
2019,10,LORETO,PUTUMAYO,0,0,0,0,0.0,0.0
2019,11,LORETO,PUTUMAYO,0,0,0,0,0.0,0.0
2019,12,LORETO,PUTUMAYO,0,0,0,0,0.0,0.0
2020,1,LORETO,PUTUMAYO,0,0,0,0,0.0,0.0
2020,2,LORETO,PUTUMAYO,0,0,0,0,0.0,0.0
2020,3,LORETO,PUTUMAYO,0,0,0,0,0.0,0.0
2020,4,LORETO,PUTUMAYO,0,0,0,0,0.0,0.0
2020,5,LORETO,PUTUMAYO,0,0,0,0,0.0,0.0
2020,6,LORETO,PUTUMAYO,0,0,0,0,0.0,0.0
2020,7,LORETO,PUTUMAYO,0,0,0,0,0.0,0.0
2020,8,LORETO,PUTUMAYO,0,0,0,0,0.0,0.0
2020,9,LORETO,PUTUMAYO,2,28,16,44,0.0,0.0
2020,10,LORETO,PUTUMAYO,0,0,0,0,0.0,0.0
2020,11,LORETO,PUTUMAYO,1,183,0,183,0.0,0.0
2020,12,LORETO,PUTUMAYO,0,0,0,0,0.0,0.0
2021,1,LORETO,PUTUMAYO,0,0,0,0,0.0,0.0
2021,2,LORETO,PUTUMAYO,0,0,0,0,0.0,0.0
2021,3,LORETO,PUTUMAYO,0,0,0,0,0.0,0.0
2021,4,LORETO,PUTUMAYO,0,0,0,0,0.0,0.0
2021,5,LORETO,PUTUMAYO,1,944,2,946,50.0,0.0
2021,6,LORETO,PUTUMAYO,2,1156,0,1156,172.5,0.0
2021,7,LORETO,PUTUMAYO,0,0,0,0,0.0,0.0
2021,8,LORETO,PUTUMAYO,0,0,0,0,0.0,0.0
2021,9,LORETO,PUTUMAYO,0,0,0,0,0.0,0.0
2021,10,LORETO,PUTUMAYO,0,0,0,0,0.0,0.0
2021,11,LORETO,PUTUMAYO,0,0,0,0,0.0,0.0
2021,12,LORETO,PUTUMAYO,0,0,0,0,0.0,0.0
2022,1,LORETO,PUTUMAYO,0,0,0,0,0.0,0.0
2022,2,LORETO,PUTUMAYO,1,31,0,31,0.0,0.0
2022,3,LORETO,PUTUMAYO,0,0,0,0,0.0,0.0
2022,4,LORETO,PUTUMAYO,0,0,0,0,0.0,0.0
2022,5,LORETO,PUTUMAYO,2,44,150,194,0.0,0.0
2022,6,LORETO,PUTUMAYO,2,1020,0,1020,50.0,0.0
2022,7,LORETO,PUTUMAYO,0,0,0,0,0.0,0.0
2022,8,LORETO,PUTUMAYO,0,0,0,0,0.0,0.0
2022,9,LORETO,PUTUMAYO,0,0,0,0,0.0,0.0
2022,10,LORETO,PUTUMAYO,0,0,0,0,0.0,0.0
2022,11,LORETO,PUTUMAYO,0,0,0,0,0.0,0.0
2022,12,LORETO,PUTUMAYO,0,0,0,0,0.0,0.0
2023,1,LORETO,PUTUMAYO,0,0,0,0,0.0,0.0
2023,2,LORETO,PUTUMAYO,0,0,0,0,0.0,0.0
2023,3,LORETO,PUTUMAYO,0,0,0,0,0.0,0.0
2023,4,LORETO,PUTUMAYO,0,0,0,0,0.0,0.0
2023,5,LORETO,PUTUMAYO,0,0,0,0,0.0,0.0
2023,6,LORETO,PUTUMAYO,0,0,0,0,0.0,0.0
2023,7,LORETO,PUTUMAYO,0,0,0,0,0.0,0.0
2023,8,LORETO,PUTUMAYO,0,0,0,0,0.0,0.0
2023,9,LORETO,PUTUMAYO,1,0,105,105,0.0,0.0
2023,10,LORETO,PUTUMAYO,0,0,0,0,0.0,0.0
2023,11,LORETO,PUTUMAYO,0,0,0,0,0.0,0.0
2023,12,LORETO,PUTUMAYO,0,0,0,0,0.0,0.0
2024,1,LORETO,PUTUMAYO,0,0,0,0,0.0,0.0
2024,2,LORETO,PUTUMAYO,0,0,0,0,0.0,0.0
2024,3,LORETO,PUTUMAYO,0,0,0,0,0.0,0.0
2024,4,LORETO,PUTUMAYO,0,0,0,0,0.0,0.0
2024,5,LORETO,PUTUMAYO,0,0,0,0,0.0,0.0
2024,6,LORETO,PUTUMAYO,0,0,0,0,0.0,0.0
2024,7,LORETO,PUTUMAYO,0,0,0,0,0.0,0.0
2024,8,LORETO,PUTUMAYO,0,0,0,0,0.0,0.0
2024,9,LORETO,PUTUMAYO,5,5876,0,5876,155.0,155.0
2024,10,LORETO,PUTUMAYO,0,0,0,0,0.0,0.0
2024,11,LORETO,PUTUMAYO,0,0,0,0,0.0,0.0
2024,12,LORETO,PUTUMAYO,0,0,0,0,0.0,0.0
2025,1,LORETO,PUTUMAYO,0,0,0,0,0.0,0.0
2025,2,LORETO,PUTUMAYO,0,0,0,0,0.0,0.0
2025,3,LORETO,PUTUMAYO,0,0,0,0,0.0,0.0
2025,4,LORETO,PUTUMAYO,0,0,0,0,0.0,0.0
2025,5,LORETO,PUTUMAYO,0,0,0,0,0.0,0.0
2025,6,LORETO,PUTUMAYO,4,1231,981,2212,0.0,0.0
2025,7,LORETO,PUTUMAYO,0,0,0,0,0.0,0.0
2025,8,LORETO,PUTUMAYO,0,0,0,0,0.0,0.0
2025,9,LORETO,PUTUMAYO,0,0,0,0,0.0,0.0
2025,10,LORETO,PUTUMAYO,1,0,0,0,0.0,0.0
2025,11,LORETO,PUTUMAYO,0,0,0,0,0.0,0.0
2025,12,LORETO,PUTUMAYO,0,0,0,0,0.0,0.0
2016,1,LORETO,REQUENA,0,0,0,0,0.0,0.0
2016,2,LORETO,REQUENA,0,0,0,0,0.0,0.0
2016,3,LORETO,REQUENA,0,0,0,0,0.0,0.0
2016,4,LORETO,REQUENA,0,0,0,0,0.0,0.0
2016,5,LORETO,REQUENA,0,0,0,0,0.0,0.0
2016,6,LORETO,REQUENA,0,0,0,0,0.0,0.0
2016,7,LORETO,REQUENA,3,2259,0,2259,0.0,0.0
2016,8,LORETO,REQUENA,0,0,0,0,0.0,0.0
2016,9,LORETO,REQUENA,0,0,0,0,0.0,0.0
2016,10,LORETO,REQUENA,1,0,4,4,0.0,0.0
2016,11,LORETO,REQUENA,1,0,3,3,0.0,0.0
2016,12,LORETO,REQUENA,0,0,0,0,0.0,0.0
2017,1,LORETO,REQUENA,9,22584,0,22584,1174.0,0.0
2017,2,LORETO,REQUENA,1,3064,0,3064,0.0,70.0
2017,3,LORETO,REQUENA,0,0,0,0,0.0,0.0
2017,4,LORETO,REQUENA,1,0,65,65,0.0,0.0
2017,5,LORETO,REQUENA,0,0,0,0,0.0,0.0
2017,6,LORETO,REQUENA,1,12,2,14,1.0,0.0
2017,7,LORETO,REQUENA,0,0,0,0,0.0,0.0
2017,8,LORETO,REQUENA,0,0,0,0,0.0,0.0
2017,9,LORETO,REQUENA,0,0,0,0,0.0,0.0
2017,10,LORETO,REQUENA,0,0,0,0,0.0,0.0
2017,11,LORETO,REQUENA,0,0,0,0,0.0,0.0
2017,12,LORETO,REQUENA,0,0,0,0,0.0,0.0
2018,1,LORETO,REQUENA,1,0,32,32,0.0,0.0
2018,2,LORETO,REQUENA,0,0,0,0,0.0,0.0
2018,3,LORETO,REQUENA,0,0,0,0,0.0,0.0
2018,4,LORETO,REQUENA,1,18,16,34,0.0,0.0
2018,5,LORETO,REQUENA,1,0,13,13,0.0,0.0
2018,6,LORETO,REQUENA,0,0,0,0,0.0,0.0
2018,7,LORETO,REQUENA,0,0,0,0,0.0,0.0
2018,8,LORETO,REQUENA,0,0,0,0,0.0,0.0
2018,9,LORETO,REQUENA,1,8,4,12,0.0,0.0
2018,10,LORETO,REQUENA,0,0,0,0,0.0,0.0
2018,11,LORETO,REQUENA,0,0,0,0,0.0,0.0
2018,12,LORETO,REQUENA,0,0,0,0,0.0,0.0
2019,1,LORETO,REQUENA,1,2501,0,2501,2.0,2.0
2019,2,LORETO,REQUENA,3,3119,0,3119,304.1,369.1
2019,3,LORETO,REQUENA,1,271,0,271,268.0,0.0
2019,4,LORETO,REQUENA,0,0,0,0,0.0,0.0
2019,5,LORETO,REQUENA,0,0,0,0,0.0,0.0
2019,6,LORETO,REQUENA,0,0,0,0,0.0,0.0
2019,7,LORETO,REQUENA,1,6,0,6,0.0,0.0
2019,8,LORETO,REQUENA,0,0,0,0,0.0,0.0
2019,9,LORETO,REQUENA,1,12,2,14,0.0,0.0
2019,10,LORETO,REQUENA,0,0,0,0,0.0,0.0
2019,11,LORETO,REQUENA,0,0,0,0,0.0,0.0
2019,12,LORETO,REQUENA,0,0,0,0,0.0,0.0
2020,1,LORETO,REQUENA,2,122,8,130,0.0,24.0
2020,2,LORETO,REQUENA,0,0,0,0,0.0,0.0
2020,3,LORETO,REQUENA,0,0,0,0,0.0,0.0
2020,4,LORETO,REQUENA,0,0,0,0,0.0,0.0
2020,5,LORETO,REQUENA,0,0,0,0,0.0,0.0
2020,6,LORETO,REQUENA,0,0,0,0,0.0,0.0
2020,7,LORETO,REQUENA,0,0,0,0,0.0,0.0
2020,8,LORETO,REQUENA,2,73,0,73,0.0,0.0
2020,9,LORETO,REQUENA,0,0,0,0,0.0,0.0
2020,10,LORETO,REQUENA,0,0,0,0,0.0,0.0
2020,11,LORETO,REQUENA,0,0,0,0,0.0,0.0
2020,12,LORETO,REQUENA,0,0,0,0,0.0,0.0
2021,1,LORETO,REQUENA,0,0,0,0,0.0,0.0
2021,2,LORETO,REQUENA,2,1345,3,1348,328.4,328.4
2021,3,LORETO,REQUENA,0,0,0,0,0.0,0.0
2021,4,LORETO,REQUENA,2,677,102,779,131.0,0.0
2021,5,LORETO,REQUENA,1,1,0,1,0.0,0.0
2021,6,LORETO,REQUENA,0,0,0,0,0.0,0.0
2021,7,LORETO,REQUENA,1,1,0,1,0.0,0.0
2021,8,LORETO,REQUENA,0,0,0,0,0.0,0.0
2021,9,LORETO,REQUENA,0,0,0,0,0.0,0.0
2021,10,LORETO,REQUENA,0,0,0,0,0.0,0.0
2021,11,LORETO,REQUENA,1,550,0,550,0.0,1.0
2021,12,LORETO,REQUENA,0,0,0,0,0.0,0.0
2022,1,LORETO,REQUENA,0,0,0,0,0.0,0.0
2022,2,LORETO,REQUENA,0,0,0,0,0.0,0.0
2022,3,LORETO,REQUENA,3,52,48,100,0.0,0.0
2022,4,LORETO,REQUENA,1,2130,0,2130,61.0,0.0
2022,5,LORETO,REQUENA,0,0,0,0,0.0,0.0
2022,6,LORETO,REQUENA,1,0,29,29,0.0,0.0
2022,7,LORETO,REQUENA,0,0,0,0,0.0,0.0
2022,8,LORETO,REQUENA,1,24,24,48,0.0,0.0
2022,9,LORETO,REQUENA,0,0,0,0,0.0,0.0
2022,10,LORETO,REQUENA,0,0,0,0,0.0,0.0
2022,11,LORETO,REQUENA,0,0,0,0,0.0,0.0
2022,12,LORETO,REQUENA,0,0,0,0,0.0,0.0
2023,1,LORETO,REQUENA,2,80,61,141,0.0,0.0
2023,2,LORETO,REQUENA,0,0,0,0,0.0,0.0
2023,3,LORETO,REQUENA,1,496,0,496,0.0,0.0
2023,4,LORETO,REQUENA,4,1370,38,1408,309.0,0.0
2023,5,LORETO,REQUENA,0,0,0,0,0.0,0.0
2023,6,LORETO,REQUENA,2,112,0,112,0.0,0.0
2023,7,LORETO,REQUENA,1,80,147,227,0.0,0.0
2023,8,LORETO,REQUENA,0,0,0,0,0.0,0.0
2023,9,LORETO,REQUENA,0,0,0,0,0.0,0.0
2023,10,LORETO,REQUENA,0,0,0,0,0.0,0.0
2023,11,LORETO,REQUENA,0,0,0,0,0.0,0.0
2023,12,LORETO,REQUENA,0,0,0,0,0.0,0.0
2024,1,LORETO,REQUENA,1,353,0,353,0.0,0.0
2024,2,LORETO,REQUENA,0,0,0,0,0.0,0.0
2024,3,LORETO,REQUENA,3,810,107,917,176.7,0.0
2024,4,LORETO,REQUENA,3,2561,9,2570,137.0,0.0
2024,5,LORETO,REQUENA,2,283,68,351,0.0,0.0
2024,6,LORETO,REQUENA,1,33,168,201,0.0,0.0
2024,7,LORETO,REQUENA,0,0,0,0,0.0,0.0
2024,8,LORETO,REQUENA,5,7771,16,7787,45.65,46.65
2024,9,LORETO,REQUENA,10,12473,46,12519,0.0,2357.0
2024,10,LORETO,REQUENA,1,121,7,128,0.0,0.0
2024,11,LORETO,REQUENA,4,258,28,286,0.0,0.0
2024,12,LORETO,REQUENA,1,11,5,16,0.0,0.0
2025,1,LORETO,REQUENA,0,0,0,0,0.0,0.0
2025,2,LORETO,REQUENA,3,56,37,93,0.0,0.0
2025,3,LORETO,REQUENA,10,31580,6133,37713,109.5,495.5
2025,4,LORETO,REQUENA,1,0,30,30,0.0,0.0
2025,5,LORETO,REQUENA,1,46,6,52,0.0,0.0
2025,6,LORETO,REQUENA,0,0,0,0,0.0,0.0
2025,7,LORETO,REQUENA,0,0,0,0,0.0,0.0
2025,8,LORETO,REQUENA,1,50,12,62,0.0,0.0
2025,9,LORETO,REQUENA,2,66,0,66,0.0,0.0
2025,10,LORETO,REQUENA,0,0,0,0,0.0,0.0
2025,11,LORETO,REQUENA,0,0,0,0,0.0,0.0
2025,12,LORETO,REQUENA,1,65,1,66,0.0,0.0
2016,1,LORETO,UCAYALI,0,0,0,0,0.0,0.0
2016,2,LORETO,UCAYALI,1,613,0,613,0.0,0.0
2016,3,LORETO,UCAYALI,2,597,0,597,0.0,0.0
2016,4,LORETO,UCAYALI,2,3128,465,3593,0.0,0.0
2016,5,LORETO,UCAYALI,0,0,0,0,0.0,0.0
2016,6,LORETO,UCAYALI,0,0,0,0,0.0,0.0
2016,7,LORETO,UCAYALI,1,6185,0,6185,0.0,0.0
2016,8,LORETO,UCAYALI,0,0,0,0,0.0,0.0
2016,9,LORETO,UCAYALI,1,0,14,14,0.0,0.0
2016,10,LORETO,UCAYALI,0,0,0,0,0.0,0.0
2016,11,LORETO,UCAYALI,0,0,0,0,0.0,0.0
2016,12,LORETO,UCAYALI,0,0,0,0,0.0,0.0
2017,1,LORETO,UCAYALI,7,18841,26,18867,285.0,611.0
2017,2,LORETO,UCAYALI,0,0,0,0,0.0,0.0
2017,3,LORETO,UCAYALI,0,0,0,0,0.0,0.0
2017,4,LORETO,UCAYALI,0,0,0,0,0.0,0.0
2017,5,LORETO,UCAYALI,0,0,0,0,0.0,0.0
2017,6,LORETO,UCAYALI,1,38,0,38,0.0,0.0
2017,7,LORETO,UCAYALI,0,0,0,0,0.0,0.0
2017,8,LORETO,UCAYALI,0,0,0,0,0.0,0.0
2017,9,LORETO,UCAYALI,0,0,0,0,0.0,0.0
2017,10,LORETO,UCAYALI,0,0,0,0,0.0,0.0
2017,11,LORETO,UCAYALI,0,0,0,0,0.0,0.0
2017,12,LORETO,UCAYALI,0,0,0,0,0.0,0.0
2018,1,LORETO,UCAYALI,1,0,4,4,0.0,0.0
2018,2,LORETO,UCAYALI,0,0,0,0,0.0,0.0
2018,3,LORETO,UCAYALI,2,270,106,376,0.0,0.0
2018,4,LORETO,UCAYALI,2,138,0,138,0.0,0.0
2018,5,LORETO,UCAYALI,0,0,0,0,0.0,0.0
2018,6,LORETO,UCAYALI,2,30,0,30,0.0,0.0
2018,7,LORETO,UCAYALI,1,9,0,9,0.0,0.0
2018,8,LORETO,UCAYALI,0,0,0,0,0.0,0.0
2018,9,LORETO,UCAYALI,1,0,9,9,0.0,0.0
2018,10,LORETO,UCAYALI,0,0,0,0,0.0,0.0
2018,11,LORETO,UCAYALI,0,0,0,0,0.0,0.0
2018,12,LORETO,UCAYALI,0,0,0,0,0.0,0.0
2019,1,LORETO,UCAYALI,0,0,0,0,0.0,0.0
2019,2,LORETO,UCAYALI,3,5736,0,5736,1786.0,85.0
2019,3,LORETO,UCAYALI,1,0,6,6,0.0,0.0
2019,4,LORETO,UCAYALI,1,688,0,688,0.0,0.0
2019,5,LORETO,UCAYALI,0,0,0,0,0.0,0.0
2019,6,LORETO,UCAYALI,0,0,0,0,0.0,0.0
2019,7,LORETO,UCAYALI,1,62,0,62,0.0,0.0
2019,8,LORETO,UCAYALI,0,0,0,0,0.0,0.0
2019,9,LORETO,UCAYALI,0,0,0,0,0.0,0.0
2019,10,LORETO,UCAYALI,0,0,0,0,0.0,0.0
2019,11,LORETO,UCAYALI,1,8,11,19,0.0,0.0
2019,12,LORETO,UCAYALI,0,0,0,0,0.0,0.0
2020,1,LORETO,UCAYALI,1,1,0,1,0.0,0.0
2020,2,LORETO,UCAYALI,1,0,4,4,0.0,0.0
2020,3,LORETO,UCAYALI,1,0,6,6,0.0,0.0
2020,4,LORETO,UCAYALI,0,0,0,0,0.0,0.0
2020,5,LORETO,UCAYALI,0,0,0,0,0.0,0.0
2020,6,LORETO,UCAYALI,0,0,0,0,0.0,0.0
2020,7,LORETO,UCAYALI,0,0,0,0,0.0,0.0
2020,8,LORETO,UCAYALI,0,0,0,0,0.0,0.0
2020,9,LORETO,UCAYALI,0,0,0,0,0.0,0.0
2020,10,LORETO,UCAYALI,0,0,0,0,0.0,0.0
2020,11,LORETO,UCAYALI,0,0,0,0,0.0,0.0
2020,12,LORETO,UCAYALI,0,0,0,0,0.0,0.0
2021,1,LORETO,UCAYALI,1,6,0,6,0.0,0.0
2021,2,LORETO,UCAYALI,5,13108,0,13108,605.0,58.0
2021,3,LORETO,UCAYALI,1,652,0,652,19.0,0.0
2021,4,LORETO,UCAYALI,3,90,86,176,0.0,0.0
2021,5,LORETO,UCAYALI,0,0,0,0,0.0,0.0
2021,6,LORETO,UCAYALI,0,0,0,0,0.0,0.0
2021,7,LORETO,UCAYALI,0,0,0,0,0.0,0.0
2021,8,LORETO,UCAYALI,0,0,0,0,0.0,0.0
2021,9,LORETO,UCAYALI,1,3,0,3,0.0,0.0
2021,10,LORETO,UCAYALI,0,0,0,0,0.0,0.0
2021,11,LORETO,UCAYALI,0,0,0,0,0.0,0.0
2021,12,LORETO,UCAYALI,0,0,0,0,0.0,0.0
2022,1,LORETO,UCAYALI,0,0,0,0,0.0,0.0
2022,2,LORETO,UCAYALI,0,0,0,0,0.0,0.0
2022,3,LORETO,UCAYALI,3,3986,10,3996,40.0,347.0
2022,4,LORETO,UCAYALI,3,4695,91,4786,0.0,310.0
2022,5,LORETO,UCAYALI,0,0,0,0,0.0,0.0
2022,6,LORETO,UCAYALI,1,43,21,64,0.0,0.0
2022,7,LORETO,UCAYALI,0,0,0,0,0.0,0.0
2022,8,LORETO,UCAYALI,1,74,76,150,0.0,0.0
2022,9,LORETO,UCAYALI,0,0,0,0,0.0,0.0
2022,10,LORETO,UCAYALI,0,0,0,0,0.0,0.0
2022,11,LORETO,UCAYALI,0,0,0,0,0.0,0.0
2022,12,LORETO,UCAYALI,0,0,0,0,0.0,0.0
2023,1,LORETO,UCAYALI,0,0,0,0,0.0,0.0
2023,2,LORETO,UCAYALI,4,8,77,85,0.0,0.0
2023,3,LORETO,UCAYALI,2,41,152,193,11.0,0.0
2023,4,LORETO,UCAYALI,1,159,0,159,0.0,0.0
2023,5,LORETO,UCAYALI,0,0,0,0,0.0,0.0
2023,6,LORETO,UCAYALI,0,0,0,0,0.0,0.0
2023,7,LORETO,UCAYALI,0,0,0,0,0.0,0.0
2023,8,LORETO,UCAYALI,1,121,0,121,0.0,0.0
2023,9,LORETO,UCAYALI,1,0,6,6,0.0,0.0
2023,10,LORETO,UCAYALI,0,0,0,0,0.0,0.0
2023,11,LORETO,UCAYALI,2,4,322,326,77.0,0.0
2023,12,LORETO,UCAYALI,2,77,11,88,0.0,0.0
2024,1,LORETO,UCAYALI,3,129,128,257,18.0,0.0
2024,2,LORETO,UCAYALI,4,318,51,369,0.0,0.0
2024,3,LORETO,UCAYALI,8,8473,813,9286,388.0,4.0
2024,4,LORETO,UCAYALI,3,765,109,874,67.5,35.0
2024,5,LORETO,UCAYALI,1,0,27,27,0.0,0.0
2024,6,LORETO,UCAYALI,0,0,0,0,0.0,0.0
2024,7,LORETO,UCAYALI,0,0,0,0,0.0,0.0
2024,8,LORETO,UCAYALI,1,14,5,19,0.0,0.0
2024,9,LORETO,UCAYALI,5,8558,0,8558,1147.2,1669.7
2024,10,LORETO,UCAYALI,0,0,0,0,0.0,0.0
2024,11,LORETO,UCAYALI,0,0,0,0,0.0,0.0
2024,12,LORETO,UCAYALI,0,0,0,0,0.0,0.0
2025,1,LORETO,UCAYALI,3,0,68,68,0.0,0.0
2025,2,LORETO,UCAYALI,3,0,3939,3939,109.0,0.0
2025,3,LORETO,UCAYALI,8,3671,18620,22291,1357.85,0.0
2025,4,LORETO,UCAYALI,1,0,55,55,0.0,0.0
2025,5,LORETO,UCAYALI,0,0,0,0,0.0,0.0
2025,6,LORETO,UCAYALI,0,0,0,0,0.0,0.0
2025,7,LORETO,UCAYALI,0,0,0,0,0.0,0.0
2025,8,LORETO,UCAYALI,1,19,97,116,0.0,0.0
2025,9,LORETO,UCAYALI,2,0,63,63,0.0,0.0
2025,10,LORETO,UCAYALI,0,0,0,0,0.0,0.0
2025,11,LORETO,UCAYALI,0,0,0,0,0.0,0.0
2025,12,LORETO,UCAYALI,0,0,0,0,0.0,0.0
2016,1,MADRE DE DIOS,MANU,0,0,0,0,0.0,0.0
2016,2,MADRE DE DIOS,MANU,0,0,0,0,0.0,0.0
2016,3,MADRE DE DIOS,MANU,4,124,50,174,4.0,4.0
2016,4,MADRE DE DIOS,MANU,1,0,9,9,0.0,0.0
2016,5,MADRE DE DIOS,MANU,1,0,7,7,0.0,0.0
2016,6,MADRE DE DIOS,MANU,5,5097,2,5099,0.0,0.0
2016,7,MADRE DE DIOS,MANU,0,0,0,0,0.0,0.0
2016,8,MADRE DE DIOS,MANU,2,21,51,72,0.0,0.0
2016,9,MADRE DE DIOS,MANU,3,2085,24,2109,0.0,0.0
2016,10,MADRE DE DIOS,MANU,0,0,0,0,0.0,0.0
2016,11,MADRE DE DIOS,MANU,2,0,10,10,0.0,0.0
2016,12,MADRE DE DIOS,MANU,0,0,0,0,0.0,0.0
2017,1,MADRE DE DIOS,MANU,4,448,48,496,0.0,0.0
2017,2,MADRE DE DIOS,MANU,3,13,0,13,0.0,0.0
2017,3,MADRE DE DIOS,MANU,0,0,0,0,0.0,0.0
2017,4,MADRE DE DIOS,MANU,0,0,0,0,0.0,0.0
2017,5,MADRE DE DIOS,MANU,2,200,0,200,0.0,0.0
2017,6,MADRE DE DIOS,MANU,1,120,0,120,0.0,0.0
2017,7,MADRE DE DIOS,MANU,0,0,0,0,0.0,0.0
2017,8,MADRE DE DIOS,MANU,1,64,15,79,0.0,0.0
2017,9,MADRE DE DIOS,MANU,2,39,30,69,0.0,0.0
2017,10,MADRE DE DIOS,MANU,1,36,0,36,0.0,0.0
2017,11,MADRE DE DIOS,MANU,0,0,0,0,0.0,0.0
2017,12,MADRE DE DIOS,MANU,1,27,0,27,0.0,0.0
2018,1,MADRE DE DIOS,MANU,1,23,0,23,0.0,0.0
2018,2,MADRE DE DIOS,MANU,2,10,2,12,0.0,0.0
2018,3,MADRE DE DIOS,MANU,0,0,0,0,0.0,0.0
2018,4,MADRE DE DIOS,MANU,0,0,0,0,0.0,0.0
2018,5,MADRE DE DIOS,MANU,0,0,0,0,0.0,0.0
2018,6,MADRE DE DIOS,MANU,3,589,0,589,0.0,0.0
2018,7,MADRE DE DIOS,MANU,1,60,0,60,0.0,0.0
2018,8,MADRE DE DIOS,MANU,1,0,0,0,0.0,0.0
2018,9,MADRE DE DIOS,MANU,0,0,0,0,0.0,0.0
2018,10,MADRE DE DIOS,MANU,0,0,0,0,0.0,0.0
2018,11,MADRE DE DIOS,MANU,4,220,0,220,0.0,0.0
2018,12,MADRE DE DIOS,MANU,0,0,0,0,0.0,0.0
2019,1,MADRE DE DIOS,MANU,0,0,0,0,0.0,0.0
2019,2,MADRE DE DIOS,MANU,1,0,168,168,0.0,0.0
2019,3,MADRE DE DIOS,MANU,0,0,0,0,0.0,0.0
2019,4,MADRE DE DIOS,MANU,0,0,0,0,0.0,0.0
2019,5,MADRE DE DIOS,MANU,0,0,0,0,0.0,0.0
2019,6,MADRE DE DIOS,MANU,0,0,0,0,0.0,0.0
2019,7,MADRE DE DIOS,MANU,0,0,0,0,0.0,0.0
2019,8,MADRE DE DIOS,MANU,0,0,0,0,0.0,0.0
2019,9,MADRE DE DIOS,MANU,0,0,0,0,0.0,0.0
2019,10,MADRE DE DIOS,MANU,0,0,0,0,0.0,0.0
2019,11,MADRE DE DIOS,MANU,0,0,0,0,0.0,0.0
2019,12,MADRE DE DIOS,MANU,0,0,0,0,0.0,0.0
2020,1,MADRE DE DIOS,MANU,1,197,0,197,0.0,0.0
2020,2,MADRE DE DIOS,MANU,0,0,0,0,0.0,0.0
2020,3,MADRE DE DIOS,MANU,0,0,0,0,0.0,0.0
2020,4,MADRE DE DIOS,MANU,0,0,0,0,0.0,0.0
2020,5,MADRE DE DIOS,MANU,0,0,0,0,0.0,0.0
2020,6,MADRE DE DIOS,MANU,0,0,0,0,0.0,0.0
2020,7,MADRE DE DIOS,MANU,2,9,0,9,0.0,0.0
2020,8,MADRE DE DIOS,MANU,0,0,0,0,0.0,0.0
2020,9,MADRE DE DIOS,MANU,2,1,0,1,0.25,1.5
2020,10,MADRE DE DIOS,MANU,3,3,0,3,1.65,3.75
2020,11,MADRE DE DIOS,MANU,0,0,0,0,0.0,0.0
2020,12,MADRE DE DIOS,MANU,1,5,0,5,2.0,2.25
2021,1,MADRE DE DIOS,MANU,4,10,7,17,2.0,5.0
2021,2,MADRE DE DIOS,MANU,11,949,51,1000,191.0,239.6
2021,3,MADRE DE DIOS,MANU,0,0,0,0,0.0,0.0
2021,4,MADRE DE DIOS,MANU,2,0,0,0,2.4,7.7
2021,5,MADRE DE DIOS,MANU,1,110,0,110,32.0,32.0
2021,6,MADRE DE DIOS,MANU,1,5,0,5,0.0,0.0
2021,7,MADRE DE DIOS,MANU,2,209,0,209,0.0,0.0
2021,8,MADRE DE DIOS,MANU,1,0,0,0,0.0,0.0
2021,9,MADRE DE DIOS,MANU,1,0,4,4,0.0,0.0
2021,10,MADRE DE DIOS,MANU,1,24,1,25,0.0,0.0
2021,11,MADRE DE DIOS,MANU,3,9,0,9,0.0,0.0
2021,12,MADRE DE DIOS,MANU,0,0,0,0,0.0,0.0
2022,1,MADRE DE DIOS,MANU,1,1,2,3,0.0,0.0
2022,2,MADRE DE DIOS,MANU,3,14,4,18,0.0,0.0
2022,3,MADRE DE DIOS,MANU,1,0,1,1,0.0,0.0
2022,4,MADRE DE DIOS,MANU,0,0,0,0,0.0,0.0
2022,5,MADRE DE DIOS,MANU,2,0,1,1,0.0,0.0
2022,6,MADRE DE DIOS,MANU,0,0,0,0,0.0,0.0
2022,7,MADRE DE DIOS,MANU,1,4,3,7,0.0,0.0
2022,8,MADRE DE DIOS,MANU,1,11,3,14,0.0,0.0
2022,9,MADRE DE DIOS,MANU,1,3,4,7,0.5,2.5
2022,10,MADRE DE DIOS,MANU,1,0,4,4,0.0,0.0
2022,11,MADRE DE DIOS,MANU,2,35,3,38,15.25,37.2
2022,12,MADRE DE DIOS,MANU,5,61,0,61,0.0,0.0
2023,1,MADRE DE DIOS,MANU,2,5,0,5,0.5,1.0
2023,2,MADRE DE DIOS,MANU,6,14,19,33,32.5,70.0
2023,3,MADRE DE DIOS,MANU,3,20,6,26,0.5,2.0
2023,4,MADRE DE DIOS,MANU,1,4,0,4,0.0,0.0
2023,5,MADRE DE DIOS,MANU,0,0,0,0,0.0,0.0
2023,6,MADRE DE DIOS,MANU,0,0,0,0,0.0,0.0
2023,7,MADRE DE DIOS,MANU,0,0,0,0,0.0,0.0
2023,8,MADRE DE DIOS,MANU,2,14,0,14,0.0,0.0
2023,9,MADRE DE DIOS,MANU,4,31,0,31,0.0,0.0
2023,10,MADRE DE DIOS,MANU,5,126,0,126,19.5,19.5
2023,11,MADRE DE DIOS,MANU,4,26,0,26,0.0,0.0
2023,12,MADRE DE DIOS,MANU,4,163,33,196,304.25,304.25
2024,1,MADRE DE DIOS,MANU,3,2,4,6,0.0,0.0
2024,2,MADRE DE DIOS,MANU,6,284,49,333,25.0,57.0
2024,3,MADRE DE DIOS,MANU,2,13,0,13,0.0,0.0
2024,4,MADRE DE DIOS,MANU,0,0,0,0,0.0,0.0
2024,5,MADRE DE DIOS,MANU,5,1063,0,1063,0.0,0.0
2024,6,MADRE DE DIOS,MANU,1,3,0,3,0.0,0.0
2024,7,MADRE DE DIOS,MANU,1,14,0,14,0.0,0.0
2024,8,MADRE DE DIOS,MANU,0,0,0,0,0.0,0.0
2024,9,MADRE DE DIOS,MANU,3,6,3,9,0.0,0.0
2024,10,MADRE DE DIOS,MANU,5,13,5,18,0.0,0.0
2024,11,MADRE DE DIOS,MANU,2,4,0,4,0.0,0.0
2024,12,MADRE DE DIOS,MANU,1,22,0,22,0.0,0.0
2025,1,MADRE DE DIOS,MANU,2,1,3,4,0.0,0.0
2025,2,MADRE DE DIOS,MANU,11,63,11,74,0.0,0.0
2025,3,MADRE DE DIOS,MANU,4,42,5,47,0.0,0.0
2025,4,MADRE DE DIOS,MANU,6,4223,64,4287,259.5,178.0
2025,5,MADRE DE DIOS,MANU,2,103,0,103,0.0,0.0
2025,6,MADRE DE DIOS,MANU,3,357,35,392,0.0,0.0
2025,7,MADRE DE DIOS,MANU,1,420,0,420,0.0,0.0
2025,8,MADRE DE DIOS,MANU,1,130,0,130,0.0,0.0
2025,9,MADRE DE DIOS,MANU,1,23,0,23,0.0,0.0
2025,10,MADRE DE DIOS,MANU,3,311,0,311,0.0,0.0
2025,11,MADRE DE DIOS,MANU,1,10,0,10,0.0,0.0
2025,12,MADRE DE DIOS,MANU,4,126,25,151,0.0,0.0
2016,1,MADRE DE DIOS,TAHUAMANU,0,0,0,0,0.0,0.0
2016,2,MADRE DE DIOS,TAHUAMANU,0,0,0,0,0.0,0.0
2016,3,MADRE DE DIOS,TAHUAMANU,0,0,0,0,0.0,0.0
2016,4,MADRE DE DIOS,TAHUAMANU,0,0,0,0,0.0,0.0
2016,5,MADRE DE DIOS,TAHUAMANU,2,1477,0,1477,0.0,0.0
2016,6,MADRE DE DIOS,TAHUAMANU,1,561,0,561,0.0,0.0
2016,7,MADRE DE DIOS,TAHUAMANU,0,0,0,0,0.0,0.0
2016,8,MADRE DE DIOS,TAHUAMANU,0,0,0,0,0.0,0.0
2016,9,MADRE DE DIOS,TAHUAMANU,0,0,0,0,0.0,0.0
2016,10,MADRE DE DIOS,TAHUAMANU,0,0,0,0,0.0,0.0
2016,11,MADRE DE DIOS,TAHUAMANU,0,0,0,0,0.0,0.0
2016,12,MADRE DE DIOS,TAHUAMANU,0,0,0,0,0.0,0.0
2017,1,MADRE DE DIOS,TAHUAMANU,0,0,0,0,0.0,0.0
2017,2,MADRE DE DIOS,TAHUAMANU,1,168,2,170,0.0,0.0
2017,3,MADRE DE DIOS,TAHUAMANU,0,0,0,0,0.0,0.0
2017,4,MADRE DE DIOS,TAHUAMANU,0,0,0,0,0.0,0.0
2017,5,MADRE DE DIOS,TAHUAMANU,0,0,0,0,0.0,0.0
2017,6,MADRE DE DIOS,TAHUAMANU,1,6,0,6,0.0,0.0
2017,7,MADRE DE DIOS,TAHUAMANU,0,0,0,0,0.0,0.0
2017,8,MADRE DE DIOS,TAHUAMANU,0,0,0,0,0.0,0.0
2017,9,MADRE DE DIOS,TAHUAMANU,0,0,0,0,0.0,0.0
2017,10,MADRE DE DIOS,TAHUAMANU,0,0,0,0,0.0,0.0
2017,11,MADRE DE DIOS,TAHUAMANU,0,0,0,0,0.0,0.0
2017,12,MADRE DE DIOS,TAHUAMANU,0,0,0,0,0.0,0.0
2018,1,MADRE DE DIOS,TAHUAMANU,0,0,0,0,0.0,0.0
2018,2,MADRE DE DIOS,TAHUAMANU,0,0,0,0,0.0,0.0
2018,3,MADRE DE DIOS,TAHUAMANU,0,0,0,0,0.0,0.0
2018,4,MADRE DE DIOS,TAHUAMANU,0,0,0,0,0.0,0.0
2018,5,MADRE DE DIOS,TAHUAMANU,0,0,0,0,0.0,0.0
2018,6,MADRE DE DIOS,TAHUAMANU,0,0,0,0,0.0,0.0
2018,7,MADRE DE DIOS,TAHUAMANU,0,0,0,0,0.0,0.0
2018,8,MADRE DE DIOS,TAHUAMANU,0,0,0,0,0.0,0.0
2018,9,MADRE DE DIOS,TAHUAMANU,1,37,0,37,0.0,0.0
2018,10,MADRE DE DIOS,TAHUAMANU,0,0,0,0,0.0,0.0
2018,11,MADRE DE DIOS,TAHUAMANU,0,0,0,0,0.0,0.0
2018,12,MADRE DE DIOS,TAHUAMANU,0,0,0,0,0.0,0.0
2019,1,MADRE DE DIOS,TAHUAMANU,0,0,0,0,0.0,0.0
2019,2,MADRE DE DIOS,TAHUAMANU,0,0,0,0,0.0,0.0
2019,3,MADRE DE DIOS,TAHUAMANU,0,0,0,0,0.0,0.0
2019,4,MADRE DE DIOS,TAHUAMANU,0,0,0,0,0.0,0.0
2019,5,MADRE DE DIOS,TAHUAMANU,0,0,0,0,0.0,0.0
2019,6,MADRE DE DIOS,TAHUAMANU,0,0,0,0,0.0,0.0
2019,7,MADRE DE DIOS,TAHUAMANU,0,0,0,0,0.0,0.0
2019,8,MADRE DE DIOS,TAHUAMANU,0,0,0,0,0.0,0.0
2019,9,MADRE DE DIOS,TAHUAMANU,0,0,0,0,0.0,0.0
2019,10,MADRE DE DIOS,TAHUAMANU,0,0,0,0,0.0,0.0
2019,11,MADRE DE DIOS,TAHUAMANU,0,0,0,0,0.0,0.0
2019,12,MADRE DE DIOS,TAHUAMANU,0,0,0,0,0.0,0.0
2020,1,MADRE DE DIOS,TAHUAMANU,0,0,0,0,0.0,0.0
2020,2,MADRE DE DIOS,TAHUAMANU,0,0,0,0,0.0,0.0
2020,3,MADRE DE DIOS,TAHUAMANU,0,0,0,0,0.0,0.0
2020,4,MADRE DE DIOS,TAHUAMANU,0,0,0,0,0.0,0.0
2020,5,MADRE DE DIOS,TAHUAMANU,0,0,0,0,0.0,0.0
2020,6,MADRE DE DIOS,TAHUAMANU,0,0,0,0,0.0,0.0
2020,7,MADRE DE DIOS,TAHUAMANU,0,0,0,0,0.0,0.0
2020,8,MADRE DE DIOS,TAHUAMANU,0,0,0,0,0.0,0.0
2020,9,MADRE DE DIOS,TAHUAMANU,0,0,0,0,0.0,0.0
2020,10,MADRE DE DIOS,TAHUAMANU,1,0,2,2,0.0,0.0
2020,11,MADRE DE DIOS,TAHUAMANU,0,0,0,0,0.0,0.0
2020,12,MADRE DE DIOS,TAHUAMANU,0,0,0,0,0.0,0.0
2021,1,MADRE DE DIOS,TAHUAMANU,0,0,0,0,0.0,0.0
2021,2,MADRE DE DIOS,TAHUAMANU,2,0,0,0,198.5,59.25
2021,3,MADRE DE DIOS,TAHUAMANU,5,4,0,4,0.0,0.0
2021,4,MADRE DE DIOS,TAHUAMANU,0,0,0,0,0.0,0.0
2021,5,MADRE DE DIOS,TAHUAMANU,0,0,0,0,0.0,0.0
2021,6,MADRE DE DIOS,TAHUAMANU,0,0,0,0,0.0,0.0
2021,7,MADRE DE DIOS,TAHUAMANU,0,0,0,0,0.0,0.0
2021,8,MADRE DE DIOS,TAHUAMANU,0,0,0,0,0.0,0.0
2021,9,MADRE DE DIOS,TAHUAMANU,3,159,0,159,0.0,0.0
2021,10,MADRE DE DIOS,TAHUAMANU,2,21,9,30,0.0,0.0
2021,11,MADRE DE DIOS,TAHUAMANU,0,0,0,0,0.0,0.0
2021,12,MADRE DE DIOS,TAHUAMANU,0,0,0,0,0.0,0.0
2022,1,MADRE DE DIOS,TAHUAMANU,1,0,0,0,0.0,0.0
2022,2,MADRE DE DIOS,TAHUAMANU,0,0,0,0,0.0,0.0
2022,3,MADRE DE DIOS,TAHUAMANU,0,0,0,0,0.0,0.0
2022,4,MADRE DE DIOS,TAHUAMANU,0,0,0,0,0.0,0.0
2022,5,MADRE DE DIOS,TAHUAMANU,0,0,0,0,0.0,0.0
2022,6,MADRE DE DIOS,TAHUAMANU,0,0,0,0,0.0,0.0
2022,7,MADRE DE DIOS,TAHUAMANU,0,0,0,0,0.0,0.0
2022,8,MADRE DE DIOS,TAHUAMANU,0,0,0,0,0.0,0.0
2022,9,MADRE DE DIOS,TAHUAMANU,0,0,0,0,0.0,0.0
2022,10,MADRE DE DIOS,TAHUAMANU,1,3,0,3,0.0,0.0
2022,11,MADRE DE DIOS,TAHUAMANU,0,0,0,0,0.0,0.0
2022,12,MADRE DE DIOS,TAHUAMANU,0,0,0,0,0.0,0.0
2023,1,MADRE DE DIOS,TAHUAMANU,0,0,0,0,0.0,0.0
2023,2,MADRE DE DIOS,TAHUAMANU,0,0,0,0,0.0,0.0
2023,3,MADRE DE DIOS,TAHUAMANU,1,326,0,326,0.0,0.0
2023,4,MADRE DE DIOS,TAHUAMANU,1,4,0,4,0.0,0.0
2023,5,MADRE DE DIOS,TAHUAMANU,0,0,0,0,0.0,0.0
2023,6,MADRE DE DIOS,TAHUAMANU,0,0,0,0,0.0,0.0
2023,7,MADRE DE DIOS,TAHUAMANU,0,0,0,0,0.0,0.0
2023,8,MADRE DE DIOS,TAHUAMANU,0,0,0,0,0.0,0.0
2023,9,MADRE DE DIOS,TAHUAMANU,3,12,0,12,1.0,1.0
2023,10,MADRE DE DIOS,TAHUAMANU,0,0,0,0,0.0,0.0
2023,11,MADRE DE DIOS,TAHUAMANU,0,0,0,0,0.0,0.0
2023,12,MADRE DE DIOS,TAHUAMANU,0,0,0,0,0.0,0.0
2024,1,MADRE DE DIOS,TAHUAMANU,1,1,0,1,0.0,0.0
2024,2,MADRE DE DIOS,TAHUAMANU,2,736,1,737,97.0,73.0
2024,3,MADRE DE DIOS,TAHUAMANU,0,0,0,0,0.0,0.0
2024,4,MADRE DE DIOS,TAHUAMANU,0,0,0,0,0.0,0.0
2024,5,MADRE DE DIOS,TAHUAMANU,0,0,0,0,0.0,0.0
2024,6,MADRE DE DIOS,TAHUAMANU,0,0,0,0,0.0,0.0
2024,7,MADRE DE DIOS,TAHUAMANU,0,0,0,0,0.0,0.0
2024,8,MADRE DE DIOS,TAHUAMANU,0,0,0,0,0.0,0.0
2024,9,MADRE DE DIOS,TAHUAMANU,1,0,3,3,0.0,0.0
2024,10,MADRE DE DIOS,TAHUAMANU,2,4,2,6,0.0,0.0
2024,11,MADRE DE DIOS,TAHUAMANU,0,0,0,0,0.0,0.0
2024,12,MADRE DE DIOS,TAHUAMANU,0,0,0,0,0.0,0.0
2025,1,MADRE DE DIOS,TAHUAMANU,0,0,0,0,0.0,0.0
2025,2,MADRE DE DIOS,TAHUAMANU,0,0,0,0,0.0,0.0
2025,3,MADRE DE DIOS,TAHUAMANU,0,0,0,0,0.0,0.0
2025,4,MADRE DE DIOS,TAHUAMANU,1,105,0,105,0.0,0.0
2025,5,MADRE DE DIOS,TAHUAMANU,0,0,0,0,0.0,0.0
2025,6,MADRE DE DIOS,TAHUAMANU,0,0,0,0,0.0,0.0
2025,7,MADRE DE DIOS,TAHUAMANU,0,0,0,0,0.0,0.0
2025,8,MADRE DE DIOS,TAHUAMANU,1,28,0,28,0.0,0.0
2025,9,MADRE DE DIOS,TAHUAMANU,2,8,0,8,0.0,0.0
2025,10,MADRE DE DIOS,TAHUAMANU,1,7,0,7,0.0,0.0
2025,11,MADRE DE DIOS,TAHUAMANU,1,5,0,5,0.0,0.0
2025,12,MADRE DE DIOS,TAHUAMANU,0,0,0,0,0.0,0.0
2016,1,MADRE DE DIOS,TAMBOPATA,0,0,0,0,0.0,0.0
2016,2,MADRE DE DIOS,TAMBOPATA,2,1430,120,1550,344.0,724.0
2016,3,MADRE DE DIOS,TAMBOPATA,3,9216,534,9750,0.0,0.0
2016,4,MADRE DE DIOS,TAMBOPATA,1,0,0,0,0.0,0.0
2016,5,MADRE DE DIOS,TAMBOPATA,1,600,0,600,0.0,0.0
2016,6,MADRE DE DIOS,TAMBOPATA,4,1252,0,1252,0.0,0.0
2016,7,MADRE DE DIOS,TAMBOPATA,0,0,0,0,0.0,0.0
2016,8,MADRE DE DIOS,TAMBOPATA,1,0,13,13,0.0,0.0
2016,9,MADRE DE DIOS,TAMBOPATA,5,3411,0,3411,793.0,2657.0
2016,10,MADRE DE DIOS,TAMBOPATA,2,29,0,29,0.0,0.0
2016,11,MADRE DE DIOS,TAMBOPATA,3,55,8,63,0.0,0.0
2016,12,MADRE DE DIOS,TAMBOPATA,1,1,0,1,0.0,0.0
2017,1,MADRE DE DIOS,TAMBOPATA,2,1402,0,1402,49.0,0.0
2017,2,MADRE DE DIOS,TAMBOPATA,1,2111,255,2366,0.0,0.0
2017,3,MADRE DE DIOS,TAMBOPATA,3,3456,0,3456,0.0,0.0
2017,4,MADRE DE DIOS,TAMBOPATA,0,0,0,0,0.0,0.0
2017,5,MADRE DE DIOS,TAMBOPATA,0,0,0,0,0.0,0.0
2017,6,MADRE DE DIOS,TAMBOPATA,1,330,0,330,0.0,0.0
2017,7,MADRE DE DIOS,TAMBOPATA,1,1,0,1,0.0,0.0
2017,8,MADRE DE DIOS,TAMBOPATA,0,0,0,0,0.0,0.0
2017,9,MADRE DE DIOS,TAMBOPATA,1,0,4,4,0.0,0.0
2017,10,MADRE DE DIOS,TAMBOPATA,0,0,0,0,0.0,0.0
2017,11,MADRE DE DIOS,TAMBOPATA,3,338,0,338,0.0,0.0
2017,12,MADRE DE DIOS,TAMBOPATA,0,0,0,0,0.0,0.0
2018,1,MADRE DE DIOS,TAMBOPATA,3,826,42,868,0.0,0.0
2018,2,MADRE DE DIOS,TAMBOPATA,0,0,0,0,0.0,0.0
2018,3,MADRE DE DIOS,TAMBOPATA,3,87,1,88,0.0,0.0
2018,4,MADRE DE DIOS,TAMBOPATA,1,57,0,57,0.0,0.0
2018,5,MADRE DE DIOS,TAMBOPATA,3,13,10,23,0.0,0.0
2018,6,MADRE DE DIOS,TAMBOPATA,0,0,0,0,0.0,0.0
2018,7,MADRE DE DIOS,TAMBOPATA,1,113,0,113,0.0,0.0
2018,8,MADRE DE DIOS,TAMBOPATA,0,0,0,0,0.0,0.0
2018,9,MADRE DE DIOS,TAMBOPATA,0,0,0,0,0.0,0.0
2018,10,MADRE DE DIOS,TAMBOPATA,1,0,0,0,0.0,0.0
2018,11,MADRE DE DIOS,TAMBOPATA,3,475,66,541,0.0,0.0
2018,12,MADRE DE DIOS,TAMBOPATA,0,0,0,0,0.0,0.0
2019,1,MADRE DE DIOS,TAMBOPATA,1,6,0,6,0.0,0.0
2019,2,MADRE DE DIOS,TAMBOPATA,0,0,0,0,0.0,0.0
2019,3,MADRE DE DIOS,TAMBOPATA,0,0,0,0,0.0,0.0
2019,4,MADRE DE DIOS,TAMBOPATA,0,0,0,0,0.0,0.0
2019,5,MADRE DE DIOS,TAMBOPATA,0,0,0,0,0.0,0.0
2019,6,MADRE DE DIOS,TAMBOPATA,0,0,0,0,0.0,0.0
2019,7,MADRE DE DIOS,TAMBOPATA,0,0,0,0,0.0,0.0
2019,8,MADRE DE DIOS,TAMBOPATA,0,0,0,0,0.0,0.0
2019,9,MADRE DE DIOS,TAMBOPATA,0,0,0,0,0.0,0.0
2019,10,MADRE DE DIOS,TAMBOPATA,0,0,0,0,0.0,0.0
2019,11,MADRE DE DIOS,TAMBOPATA,0,0,0,0,0.0,0.0
2019,12,MADRE DE DIOS,TAMBOPATA,0,0,0,0,0.0,0.0
2020,1,MADRE DE DIOS,TAMBOPATA,2,196,0,196,0.0,0.0
2020,2,MADRE DE DIOS,TAMBOPATA,0,0,0,0,0.0,0.0
2020,3,MADRE DE DIOS,TAMBOPATA,0,0,0,0,0.0,0.0
2020,4,MADRE DE DIOS,TAMBOPATA,0,0,0,0,0.0,0.0
2020,5,MADRE DE DIOS,TAMBOPATA,0,0,0,0,0.0,0.0
2020,6,MADRE DE DIOS,TAMBOPATA,0,0,0,0,0.0,0.0
2020,7,MADRE DE DIOS,TAMBOPATA,0,0,0,0,0.0,0.0
2020,8,MADRE DE DIOS,TAMBOPATA,0,0,0,0,0.0,0.0
2020,9,MADRE DE DIOS,TAMBOPATA,0,0,0,0,0.0,0.0
2020,10,MADRE DE DIOS,TAMBOPATA,1,280,0,280,0.0,0.0
2020,11,MADRE DE DIOS,TAMBOPATA,3,13,4,17,0.0,0.0
2020,12,MADRE DE DIOS,TAMBOPATA,2,211,0,211,0.0,0.0
2021,1,MADRE DE DIOS,TAMBOPATA,3,1,9,10,0.0,0.0
2021,2,MADRE DE DIOS,TAMBOPATA,9,5848,757,6605,2444.0,1721.0
2021,3,MADRE DE DIOS,TAMBOPATA,1,0,2,2,0.0,0.0
2021,4,MADRE DE DIOS,TAMBOPATA,0,0,0,0,0.0,0.0
2021,5,MADRE DE DIOS,TAMBOPATA,0,0,0,0,0.0,0.0
2021,6,MADRE DE DIOS,TAMBOPATA,1,6,0,6,0.0,0.0
2021,7,MADRE DE DIOS,TAMBOPATA,0,0,0,0,0.0,0.0
2021,8,MADRE DE DIOS,TAMBOPATA,0,0,0,0,0.0,0.0
2021,9,MADRE DE DIOS,TAMBOPATA,2,5,0,5,0.0,0.0
2021,10,MADRE DE DIOS,TAMBOPATA,4,100,89,189,9.0,16.0
2021,11,MADRE DE DIOS,TAMBOPATA,1,20,4,24,0.0,0.0
2021,12,MADRE DE DIOS,TAMBOPATA,1,9,4,13,0.0,0.0
2022,1,MADRE DE DIOS,TAMBOPATA,0,0,0,0,0.0,0.0
2022,2,MADRE DE DIOS,TAMBOPATA,3,22,2,24,0.0,0.0
2022,3,MADRE DE DIOS,TAMBOPATA,1,6,0,6,0.0,0.0
2022,4,MADRE DE DIOS,TAMBOPATA,1,19,14,33,0.0,0.0
2022,5,MADRE DE DIOS,TAMBOPATA,0,0,0,0,0.0,0.0
2022,6,MADRE DE DIOS,TAMBOPATA,1,2,2,4,0.0,0.0
2022,7,MADRE DE DIOS,TAMBOPATA,0,0,0,0,0.0,0.0
2022,8,MADRE DE DIOS,TAMBOPATA,3,35,10,45,0.0,0.0
2022,9,MADRE DE DIOS,TAMBOPATA,1,23,0,23,0.0,0.0
2022,10,MADRE DE DIOS,TAMBOPATA,4,51,8,59,0.0,0.0
2022,11,MADRE DE DIOS,TAMBOPATA,1,13,0,13,0.0,0.0
2022,12,MADRE DE DIOS,TAMBOPATA,4,8,4,12,0.0,0.0
2023,1,MADRE DE DIOS,TAMBOPATA,1,3,0,3,0.0,0.0
2023,2,MADRE DE DIOS,TAMBOPATA,3,12,4,16,7.5,7.5
2023,3,MADRE DE DIOS,TAMBOPATA,1,6,0,6,0.0,0.0
2023,4,MADRE DE DIOS,TAMBOPATA,0,0,0,0,0.0,0.0
2023,5,MADRE DE DIOS,TAMBOPATA,0,0,0,0,0.0,0.0
2023,6,MADRE DE DIOS,TAMBOPATA,0,0,0,0,0.0,0.0
2023,7,MADRE DE DIOS,TAMBOPATA,0,0,0,0,0.0,0.0
2023,8,MADRE DE DIOS,TAMBOPATA,0,0,0,0,0.0,0.0
2023,9,MADRE DE DIOS,TAMBOPATA,2,0,9,9,0.0,0.0
2023,10,MADRE DE DIOS,TAMBOPATA,8,143,18,161,0.0,0.0
2023,11,MADRE DE DIOS,TAMBOPATA,0,0,0,0,0.0,0.0
2023,12,MADRE DE DIOS,TAMBOPATA,2,1,2,3,0.0,0.0
2024,1,MADRE DE DIOS,TAMBOPATA,3,4,6,10,0.5,1.2
2024,2,MADRE DE DIOS,TAMBOPATA,5,279,0,279,0.0,27.2
2024,3,MADRE DE DIOS,TAMBOPATA,5,148,15,163,59.0,30.0
2024,4,MADRE DE DIOS,TAMBOPATA,0,0,0,0,0.0,0.0
2024,5,MADRE DE DIOS,TAMBOPATA,0,0,0,0,0.0,0.0
2024,6,MADRE DE DIOS,TAMBOPATA,1,0,0,0,0.0,0.0
2024,7,MADRE DE DIOS,TAMBOPATA,0,0,0,0,0.0,0.0
2024,8,MADRE DE DIOS,TAMBOPATA,1,48,0,48,0.0,0.0
2024,9,MADRE DE DIOS,TAMBOPATA,2,5,0,5,0.5,1.0
2024,10,MADRE DE DIOS,TAMBOPATA,0,0,0,0,0.0,0.0
2024,11,MADRE DE DIOS,TAMBOPATA,0,0,0,0,0.0,0.0
2024,12,MADRE DE DIOS,TAMBOPATA,0,0,0,0,0.0,0.0
2025,1,MADRE DE DIOS,TAMBOPATA,2,356,50,406,7.0,0.0
2025,2,MADRE DE DIOS,TAMBOPATA,1,488,19,507,0.0,0.0
2025,3,MADRE DE DIOS,TAMBOPATA,6,153,64,217,0.0,0.0
2025,4,MADRE DE DIOS,TAMBOPATA,1,37,0,37,0.0,0.0
2025,5,MADRE DE DIOS,TAMBOPATA,0,0,0,0,0.0,0.0
2025,6,MADRE DE DIOS,TAMBOPATA,0,0,0,0,0.0,0.0
2025,7,MADRE DE DIOS,TAMBOPATA,0,0,0,0,0.0,0.0
2025,8,MADRE DE DIOS,TAMBOPATA,0,0,0,0,0.0,0.0
2025,9,MADRE DE DIOS,TAMBOPATA,2,259,6,265,0.0,0.0
2025,10,MADRE DE DIOS,TAMBOPATA,1,92,0,92,0.0,0.0
2025,11,MADRE DE DIOS,TAMBOPATA,0,0,0,0,0.0,0.0
2025,12,MADRE DE DIOS,TAMBOPATA,1,81,0,81,0.0,0.0
2016,1,MOQUEGUA,GENERAL SANCHEZ CERRO,0,0,0,0,0.0,0.0
2016,2,MOQUEGUA,GENERAL SANCHEZ CERRO,14,1550,178,1728,25.0,2.0
2016,3,MOQUEGUA,GENERAL SANCHEZ CERRO,0,0,0,0,0.0,0.0
2016,4,MOQUEGUA,GENERAL SANCHEZ CERRO,2,0,0,0,0.0,0.0
2016,5,MOQUEGUA,GENERAL SANCHEZ CERRO,1,0,4,4,0.0,0.0
2016,6,MOQUEGUA,GENERAL SANCHEZ CERRO,9,6452,0,6452,0.0,0.0
2016,7,MOQUEGUA,GENERAL SANCHEZ CERRO,4,1389,0,1389,0.0,0.0
2016,8,MOQUEGUA,GENERAL SANCHEZ CERRO,0,0,0,0,0.0,0.0
2016,9,MOQUEGUA,GENERAL SANCHEZ CERRO,1,0,0,0,0.0,2.0
2016,10,MOQUEGUA,GENERAL SANCHEZ CERRO,0,0,0,0,0.0,0.0
2016,11,MOQUEGUA,GENERAL SANCHEZ CERRO,4,0,0,0,0.0,0.0
2016,12,MOQUEGUA,GENERAL SANCHEZ CERRO,6,4,0,4,94.0,167.0
2017,1,MOQUEGUA,GENERAL SANCHEZ CERRO,13,2310,194,2504,49.0,15.0
2017,2,MOQUEGUA,GENERAL SANCHEZ CERRO,0,0,0,0,0.0,0.0
2017,3,MOQUEGUA,GENERAL SANCHEZ CERRO,3,0,0,0,0.0,0.0
2017,4,MOQUEGUA,GENERAL SANCHEZ CERRO,0,0,0,0,0.0,0.0
2017,5,MOQUEGUA,GENERAL SANCHEZ CERRO,6,11122,0,11122,0.0,15.0
2017,6,MOQUEGUA,GENERAL SANCHEZ CERRO,2,848,0,848,0.0,0.0
2017,7,MOQUEGUA,GENERAL SANCHEZ CERRO,0,0,0,0,0.0,0.0
2017,8,MOQUEGUA,GENERAL SANCHEZ CERRO,1,433,0,433,0.0,0.0
2017,9,MOQUEGUA,GENERAL SANCHEZ CERRO,0,0,0,0,0.0,0.0
2017,10,MOQUEGUA,GENERAL SANCHEZ CERRO,0,0,0,0,0.0,0.0
2017,11,MOQUEGUA,GENERAL SANCHEZ CERRO,0,0,0,0,0.0,0.0
2017,12,MOQUEGUA,GENERAL SANCHEZ CERRO,1,0,0,0,0.0,0.0
2018,1,MOQUEGUA,GENERAL SANCHEZ CERRO,7,6,12,18,1.0,19.0
2018,2,MOQUEGUA,GENERAL SANCHEZ CERRO,1,153,21,174,0.0,4.0
2018,3,MOQUEGUA,GENERAL SANCHEZ CERRO,0,0,0,0,0.0,0.0
2018,4,MOQUEGUA,GENERAL SANCHEZ CERRO,0,0,0,0,0.0,0.0
2018,5,MOQUEGUA,GENERAL SANCHEZ CERRO,1,2565,0,2565,6.0,105.0
2018,6,MOQUEGUA,GENERAL SANCHEZ CERRO,6,11527,0,11527,16.0,253.0
2018,7,MOQUEGUA,GENERAL SANCHEZ CERRO,0,0,0,0,0.0,0.0
2018,8,MOQUEGUA,GENERAL SANCHEZ CERRO,0,0,0,0,0.0,0.0
2018,9,MOQUEGUA,GENERAL SANCHEZ CERRO,0,0,0,0,0.0,0.0
2018,10,MOQUEGUA,GENERAL SANCHEZ CERRO,0,0,0,0,0.0,0.0
2018,11,MOQUEGUA,GENERAL SANCHEZ CERRO,0,0,0,0,0.0,0.0
2018,12,MOQUEGUA,GENERAL SANCHEZ CERRO,0,0,0,0,0.0,0.0
2019,1,MOQUEGUA,GENERAL SANCHEZ CERRO,6,597,98,695,40.75,62.95
2019,2,MOQUEGUA,GENERAL SANCHEZ CERRO,12,1051,239,1290,155.22,510.63
2019,3,MOQUEGUA,GENERAL SANCHEZ CERRO,1,86,36,122,37.0,0.0
2019,4,MOQUEGUA,GENERAL SANCHEZ CERRO,0,0,0,0,0.0,0.0
2019,5,MOQUEGUA,GENERAL SANCHEZ CERRO,0,0,0,0,0.0,0.0
2019,6,MOQUEGUA,GENERAL SANCHEZ CERRO,0,0,0,0,0.0,0.0
2019,7,MOQUEGUA,GENERAL SANCHEZ CERRO,1,37,0,37,0.0,0.0
2019,8,MOQUEGUA,GENERAL SANCHEZ CERRO,0,0,0,0,0.0,0.0
2019,9,MOQUEGUA,GENERAL SANCHEZ CERRO,0,0,0,0,0.0,0.0
2019,10,MOQUEGUA,GENERAL SANCHEZ CERRO,0,0,0,0,0.0,0.0
2019,11,MOQUEGUA,GENERAL SANCHEZ CERRO,1,19,0,19,0.0,0.0
2019,12,MOQUEGUA,GENERAL SANCHEZ CERRO,1,3,0,3,0.0,0.0
2020,1,MOQUEGUA,GENERAL SANCHEZ CERRO,14,5182,455,5637,293.39,1149.96
2020,2,MOQUEGUA,GENERAL SANCHEZ CERRO,8,732,104,836,7.55,195.64
2020,3,MOQUEGUA,GENERAL SANCHEZ CERRO,1,217,0,217,0.0,0.0
2020,4,MOQUEGUA,GENERAL SANCHEZ CERRO,2,103,0,103,6.86,9.19
2020,5,MOQUEGUA,GENERAL SANCHEZ CERRO,3,554,0,554,170.48,6771.11
2020,6,MOQUEGUA,GENERAL SANCHEZ CERRO,4,0,0,0,215.0,524.42
2020,7,MOQUEGUA,GENERAL SANCHEZ CERRO,1,189,0,189,143.35,0.0
2020,8,MOQUEGUA,GENERAL SANCHEZ CERRO,0,0,0,0,0.0,0.0
2020,9,MOQUEGUA,GENERAL SANCHEZ CERRO,0,0,0,0,0.0,0.0
2020,10,MOQUEGUA,GENERAL SANCHEZ CERRO,0,0,0,0,0.0,0.0
2020,11,MOQUEGUA,GENERAL SANCHEZ CERRO,1,0,0,0,0.0,0.0
2020,12,MOQUEGUA,GENERAL SANCHEZ CERRO,0,0,0,0,0.0,0.0
2021,1,MOQUEGUA,GENERAL SANCHEZ CERRO,3,832,68,900,0.0,164.71
2021,2,MOQUEGUA,GENERAL SANCHEZ CERRO,6,2178,78,2256,33.46,240.72
2021,3,MOQUEGUA,GENERAL SANCHEZ CERRO,3,79,0,79,0.0,57.12
2021,4,MOQUEGUA,GENERAL SANCHEZ CERRO,2,0,0,0,0.0,6.15
2021,5,MOQUEGUA,GENERAL SANCHEZ CERRO,8,965,0,965,56.23,248.86
2021,6,MOQUEGUA,GENERAL SANCHEZ CERRO,5,46,0,46,82.77,597.06
2021,7,MOQUEGUA,GENERAL SANCHEZ CERRO,5,11,0,11,79.37,183.59
2021,8,MOQUEGUA,GENERAL SANCHEZ CERRO,5,2,7,9,3.69,7.08
2021,9,MOQUEGUA,GENERAL SANCHEZ CERRO,0,0,0,0,0.0,0.0
2021,10,MOQUEGUA,GENERAL SANCHEZ CERRO,0,0,0,0,0.0,0.0
2021,11,MOQUEGUA,GENERAL SANCHEZ CERRO,2,0,0,0,2.52,27.3
2021,12,MOQUEGUA,GENERAL SANCHEZ CERRO,1,0,0,0,0.32,1.99
2022,1,MOQUEGUA,GENERAL SANCHEZ CERRO,12,408,50,458,8.99,145.12
2022,2,MOQUEGUA,GENERAL SANCHEZ CERRO,4,82,0,82,2.41,10.33
2022,3,MOQUEGUA,GENERAL SANCHEZ CERRO,5,102,112,214,6.41,29.55
2022,4,MOQUEGUA,GENERAL SANCHEZ CERRO,2,0,0,0,43.14,107.06
2022,5,MOQUEGUA,GENERAL SANCHEZ CERRO,1,463,0,463,0.0,6.2
2022,6,MOQUEGUA,GENERAL SANCHEZ CERRO,6,1439,2,1441,12.4,107.96
2022,7,MOQUEGUA,GENERAL SANCHEZ CERRO,3,525,0,525,0.16,188.27
2022,8,MOQUEGUA,GENERAL SANCHEZ CERRO,1,0,0,0,0.0,0.0
2022,9,MOQUEGUA,GENERAL SANCHEZ CERRO,1,0,0,0,0.0,0.0
2022,10,MOQUEGUA,GENERAL SANCHEZ CERRO,1,0,0,0,8.33,108.13
2022,11,MOQUEGUA,GENERAL SANCHEZ CERRO,1,0,0,0,0.03,0.23
2022,12,MOQUEGUA,GENERAL SANCHEZ CERRO,5,31,0,31,88.64,121.44
2023,1,MOQUEGUA,GENERAL SANCHEZ CERRO,9,0,0,0,103.46,278.14
2023,2,MOQUEGUA,GENERAL SANCHEZ CERRO,17,1846,30,1876,0.16,154.28
2023,3,MOQUEGUA,GENERAL SANCHEZ CERRO,19,53,28,81,7.87,327.8
2023,4,MOQUEGUA,GENERAL SANCHEZ CERRO,1,129,0,129,0.0,0.0
2023,5,MOQUEGUA,GENERAL SANCHEZ CERRO,5,1603,0,1603,2.91,17.63
2023,6,MOQUEGUA,GENERAL SANCHEZ CERRO,5,6748,0,6748,35.5,374.62
2023,7,MOQUEGUA,GENERAL SANCHEZ CERRO,2,792,0,792,3.89,129.31
2023,8,MOQUEGUA,GENERAL SANCHEZ CERRO,1,389,0,389,0.0,40.9
2023,9,MOQUEGUA,GENERAL SANCHEZ CERRO,0,0,0,0,0.0,0.0
2023,10,MOQUEGUA,GENERAL SANCHEZ CERRO,2,17,0,17,0.0,10.88
2023,11,MOQUEGUA,GENERAL SANCHEZ CERRO,0,0,0,0,0.0,0.0
2023,12,MOQUEGUA,GENERAL SANCHEZ CERRO,1,0,0,0,0.0,1.1
2024,1,MOQUEGUA,GENERAL SANCHEZ CERRO,4,149,0,149,10.92,66.36
2024,2,MOQUEGUA,GENERAL SANCHEZ CERRO,18,4560,35,4595,21.47,231.75
2024,3,MOQUEGUA,GENERAL SANCHEZ CERRO,10,669,94,763,7.95,146.02
2024,4,MOQUEGUA,GENERAL SANCHEZ CERRO,1,0,0,0,0.0,0.0
2024,5,MOQUEGUA,GENERAL SANCHEZ CERRO,1,709,0,709,0.0,0.0
2024,6,MOQUEGUA,GENERAL SANCHEZ CERRO,12,7569,0,7569,34.2,167.83
2024,7,MOQUEGUA,GENERAL SANCHEZ CERRO,0,0,0,0,0.0,0.0
2024,8,MOQUEGUA,GENERAL SANCHEZ CERRO,0,0,0,0,0.0,0.0
2024,9,MOQUEGUA,GENERAL SANCHEZ CERRO,0,0,0,0,0.0,0.0
2024,10,MOQUEGUA,GENERAL SANCHEZ CERRO,1,0,77,77,0.0,4.25
2024,11,MOQUEGUA,GENERAL SANCHEZ CERRO,0,0,0,0,0.0,0.0
2024,12,MOQUEGUA,GENERAL SANCHEZ CERRO,0,0,0,0,0.0,0.0
2025,1,MOQUEGUA,GENERAL SANCHEZ CERRO,9,738,0,738,0.88,47.3
2025,2,MOQUEGUA,GENERAL SANCHEZ CERRO,25,2807,14,2821,152.68,1060.38
2025,3,MOQUEGUA,GENERAL SANCHEZ CERRO,7,873,1,874,14.95,215.09
2025,4,MOQUEGUA,GENERAL SANCHEZ CERRO,0,0,0,0,0.0,0.0
2025,5,MOQUEGUA,GENERAL SANCHEZ CERRO,1,0,2,2,0.0,0.0
2025,6,MOQUEGUA,GENERAL SANCHEZ CERRO,9,7552,0,7552,0.0,0.0
2025,7,MOQUEGUA,GENERAL SANCHEZ CERRO,0,0,0,0,0.0,0.0
2025,8,MOQUEGUA,GENERAL SANCHEZ CERRO,4,1552,0,1552,55.07,899.07
2025,9,MOQUEGUA,GENERAL SANCHEZ CERRO,0,0,0,0,0.0,0.0
2025,10,MOQUEGUA,GENERAL SANCHEZ CERRO,0,0,0,0,0.0,0.0
2025,11,MOQUEGUA,GENERAL SANCHEZ CERRO,1,0,6,6,0.0,0.0
2025,12,MOQUEGUA,GENERAL SANCHEZ CERRO,2,191,0,191,24.08,30.51
2016,1,MOQUEGUA,MARISCAL NIETO,0,0,0,0,0.0,0.0
2016,2,MOQUEGUA,MARISCAL NIETO,5,249,19,268,19.0,18.0
2016,3,MOQUEGUA,MARISCAL NIETO,2,0,0,0,0.0,0.0
2016,4,MOQUEGUA,MARISCAL NIETO,0,0,0,0,0.0,0.0
2016,5,MOQUEGUA,MARISCAL NIETO,0,0,0,0,0.0,0.0
2016,6,MOQUEGUA,MARISCAL NIETO,4,738,0,738,0.0,0.0
2016,7,MOQUEGUA,MARISCAL NIETO,2,0,0,0,0.0,0.0
2016,8,MOQUEGUA,MARISCAL NIETO,0,0,0,0,0.0,0.0
2016,9,MOQUEGUA,MARISCAL NIETO,0,0,0,0,0.0,0.0
2016,10,MOQUEGUA,MARISCAL NIETO,0,0,0,0,0.0,0.0
2016,11,MOQUEGUA,MARISCAL NIETO,1,0,0,0,0.0,0.0
2016,12,MOQUEGUA,MARISCAL NIETO,1,0,0,0,0.0,0.0
2017,1,MOQUEGUA,MARISCAL NIETO,10,2898,128,3026,8.0,23.0
2017,2,MOQUEGUA,MARISCAL NIETO,0,0,0,0,0.0,0.0
2017,3,MOQUEGUA,MARISCAL NIETO,0,0,0,0,0.0,0.0
2017,4,MOQUEGUA,MARISCAL NIETO,0,0,0,0,0.0,0.0
2017,5,MOQUEGUA,MARISCAL NIETO,1,500,0,500,7.0,16.0
2017,6,MOQUEGUA,MARISCAL NIETO,1,517,0,517,0.0,0.0
2017,7,MOQUEGUA,MARISCAL NIETO,1,139,0,139,0.0,1.0
2017,8,MOQUEGUA,MARISCAL NIETO,0,0,0,0,0.0,0.0
2017,9,MOQUEGUA,MARISCAL NIETO,0,0,0,0,0.0,0.0
2017,10,MOQUEGUA,MARISCAL NIETO,0,0,0,0,0.0,0.0
2017,11,MOQUEGUA,MARISCAL NIETO,0,0,0,0,0.0,0.0
2017,12,MOQUEGUA,MARISCAL NIETO,0,0,0,0,0.0,0.0
2018,1,MOQUEGUA,MARISCAL NIETO,2,0,0,0,0.0,0.0
2018,2,MOQUEGUA,MARISCAL NIETO,0,0,0,0,0.0,0.0
2018,3,MOQUEGUA,MARISCAL NIETO,0,0,0,0,0.0,0.0
2018,4,MOQUEGUA,MARISCAL NIETO,0,0,0,0,0.0,0.0
2018,5,MOQUEGUA,MARISCAL NIETO,0,0,0,0,0.0,0.0
2018,6,MOQUEGUA,MARISCAL NIETO,1,2177,0,2177,3.0,12.0
2018,7,MOQUEGUA,MARISCAL NIETO,0,0,0,0,0.0,0.0
2018,8,MOQUEGUA,MARISCAL NIETO,0,0,0,0,0.0,0.0
2018,9,MOQUEGUA,MARISCAL NIETO,0,0,0,0,0.0,0.0
2018,10,MOQUEGUA,MARISCAL NIETO,0,0,0,0,0.0,0.0
2018,11,MOQUEGUA,MARISCAL NIETO,0,0,0,0,0.0,0.0
2018,12,MOQUEGUA,MARISCAL NIETO,0,0,0,0,0.0,0.0
2019,1,MOQUEGUA,MARISCAL NIETO,0,0,0,0,0.0,0.0
2019,2,MOQUEGUA,MARISCAL NIETO,4,1924,208,2132,118.83,147.17
2019,3,MOQUEGUA,MARISCAL NIETO,0,0,0,0,0.0,0.0
2019,4,MOQUEGUA,MARISCAL NIETO,0,0,0,0,0.0,0.0
2019,5,MOQUEGUA,MARISCAL NIETO,0,0,0,0,0.0,0.0
2019,6,MOQUEGUA,MARISCAL NIETO,1,210,0,210,0.0,0.0
2019,7,MOQUEGUA,MARISCAL NIETO,0,0,0,0,0.0,0.0
2019,8,MOQUEGUA,MARISCAL NIETO,0,0,0,0,0.0,0.0
2019,9,MOQUEGUA,MARISCAL NIETO,0,0,0,0,0.0,0.0
2019,10,MOQUEGUA,MARISCAL NIETO,0,0,0,0,0.0,0.0
2019,11,MOQUEGUA,MARISCAL NIETO,0,0,0,0,0.0,0.0
2019,12,MOQUEGUA,MARISCAL NIETO,0,0,0,0,0.0,0.0
2020,1,MOQUEGUA,MARISCAL NIETO,6,1968,137,2105,14.05,168.33
2020,2,MOQUEGUA,MARISCAL NIETO,4,1460,292,1752,0.25,0.75
2020,3,MOQUEGUA,MARISCAL NIETO,0,0,0,0,0.0,0.0
2020,4,MOQUEGUA,MARISCAL NIETO,0,0,0,0,0.0,0.0
2020,5,MOQUEGUA,MARISCAL NIETO,0,0,0,0,0.0,0.0
2020,6,MOQUEGUA,MARISCAL NIETO,3,1302,0,1302,0.0,151.94
2020,7,MOQUEGUA,MARISCAL NIETO,1,680,0,680,0.0,48.33
2020,8,MOQUEGUA,MARISCAL NIETO,0,0,0,0,0.0,0.0
2020,9,MOQUEGUA,MARISCAL NIETO,1,0,0,0,0.0,0.0
2020,10,MOQUEGUA,MARISCAL NIETO,1,0,0,0,0.0,0.0
2020,11,MOQUEGUA,MARISCAL NIETO,0,0,0,0,0.0,0.0
2020,12,MOQUEGUA,MARISCAL NIETO,1,82,1,83,0.0,0.0
2021,1,MOQUEGUA,MARISCAL NIETO,1,0,0,0,0.0,0.0
2021,2,MOQUEGUA,MARISCAL NIETO,0,0,0,0,0.0,0.0
2021,3,MOQUEGUA,MARISCAL NIETO,3,50,0,50,0.0,0.0
2021,4,MOQUEGUA,MARISCAL NIETO,0,0,0,0,0.0,0.0
2021,5,MOQUEGUA,MARISCAL NIETO,3,260,0,260,1.5,0.0
2021,6,MOQUEGUA,MARISCAL NIETO,2,0,0,0,0.5,8.04
2021,7,MOQUEGUA,MARISCAL NIETO,0,0,0,0,0.0,0.0
2021,8,MOQUEGUA,MARISCAL NIETO,1,0,0,0,0.0,0.0
2021,9,MOQUEGUA,MARISCAL NIETO,3,11,4,15,0.0,0.0
2021,10,MOQUEGUA,MARISCAL NIETO,0,0,0,0,0.0,0.0
2021,11,MOQUEGUA,MARISCAL NIETO,0,0,0,0,0.0,0.0
2021,12,MOQUEGUA,MARISCAL NIETO,0,0,0,0,0.0,0.0
2022,1,MOQUEGUA,MARISCAL NIETO,0,0,0,0,0.0,0.0
2022,2,MOQUEGUA,MARISCAL NIETO,3,0,0,0,0.0,13.0
2022,3,MOQUEGUA,MARISCAL NIETO,2,1,10,11,0.0,0.0
2022,4,MOQUEGUA,MARISCAL NIETO,4,76,0,76,21.01,0.0
2022,5,MOQUEGUA,MARISCAL NIETO,1,144,0,144,0.12,0.87
2022,6,MOQUEGUA,MARISCAL NIETO,1,7,0,7,0.0,74.86
2022,7,MOQUEGUA,MARISCAL NIETO,4,1077,0,1077,0.5,1.0
2022,8,MOQUEGUA,MARISCAL NIETO,1,1,0,1,0.0,0.0
2022,9,MOQUEGUA,MARISCAL NIETO,1,0,0,0,0.0,0.0
2022,10,MOQUEGUA,MARISCAL NIETO,1,0,0,0,0.0,0.0
2022,11,MOQUEGUA,MARISCAL NIETO,1,0,0,0,0.0,0.0
2022,12,MOQUEGUA,MARISCAL NIETO,1,61,0,61,5.95,24.41
2023,1,MOQUEGUA,MARISCAL NIETO,4,13,5,18,0.0,0.0
2023,2,MOQUEGUA,MARISCAL NIETO,10,210,12,222,0.0,1.2
2023,3,MOQUEGUA,MARISCAL NIETO,8,24,37,61,0.22,3.56
2023,4,MOQUEGUA,MARISCAL NIETO,2,50,23,73,0.84,208.59
2023,5,MOQUEGUA,MARISCAL NIETO,3,277,6,283,0.0,0.0
2023,6,MOQUEGUA,MARISCAL NIETO,1,682,0,682,0.0,17.0
2023,7,MOQUEGUA,MARISCAL NIETO,0,0,0,0,0.0,0.0
2023,8,MOQUEGUA,MARISCAL NIETO,1,11,0,11,0.0,0.0
2023,9,MOQUEGUA,MARISCAL NIETO,0,0,0,0,0.0,0.0
2023,10,MOQUEGUA,MARISCAL NIETO,0,0,0,0,0.0,0.0
2023,11,MOQUEGUA,MARISCAL NIETO,0,0,0,0,0.0,0.0
2023,12,MOQUEGUA,MARISCAL NIETO,0,0,0,0,0.0,0.0
2024,1,MOQUEGUA,MARISCAL NIETO,1,89,0,89,0.0,10.39
2024,2,MOQUEGUA,MARISCAL NIETO,7,726,29,755,15.11,44.25
2024,3,MOQUEGUA,MARISCAL NIETO,5,14,3,17,0.0,0.0
2024,4,MOQUEGUA,MARISCAL NIETO,0,0,0,0,0.0,0.0
2024,5,MOQUEGUA,MARISCAL NIETO,0,0,0,0,0.0,0.0
2024,6,MOQUEGUA,MARISCAL NIETO,3,509,0,509,0.0,0.0
2024,7,MOQUEGUA,MARISCAL NIETO,5,226,6,232,0.25,0.25
2024,8,MOQUEGUA,MARISCAL NIETO,1,3,0,3,0.0,0.0
2024,9,MOQUEGUA,MARISCAL NIETO,0,0,0,0,0.0,0.0
2024,10,MOQUEGUA,MARISCAL NIETO,0,0,0,0,0.0,0.0
2024,11,MOQUEGUA,MARISCAL NIETO,0,0,0,0,0.0,0.0
2024,12,MOQUEGUA,MARISCAL NIETO,0,0,0,0,0.0,0.0
2025,1,MOQUEGUA,MARISCAL NIETO,1,0,0,0,0.0,0.0
2025,2,MOQUEGUA,MARISCAL NIETO,16,809,14,823,2.4,1.53
2025,3,MOQUEGUA,MARISCAL NIETO,4,4,5,9,0.0,0.4
2025,4,MOQUEGUA,MARISCAL NIETO,0,0,0,0,0.0,0.0
2025,5,MOQUEGUA,MARISCAL NIETO,0,0,0,0,0.0,0.0
2025,6,MOQUEGUA,MARISCAL NIETO,4,1088,0,1088,0.0,0.0
2025,7,MOQUEGUA,MARISCAL NIETO,2,33,0,33,0.0,0.77
2025,8,MOQUEGUA,MARISCAL NIETO,1,311,0,311,0.0,0.0
2025,9,MOQUEGUA,MARISCAL NIETO,0,0,0,0,0.0,0.0
2025,10,MOQUEGUA,MARISCAL NIETO,1,0,0,0,0.0,0.0
2025,11,MOQUEGUA,MARISCAL NIETO,0,0,0,0,0.0,0.0
2025,12,MOQUEGUA,MARISCAL NIETO,0,0,0,0,0.0,0.0
2016,1,PASCO,OXAPAMPA,2,92,60,152,42.0,0.0
2016,2,PASCO,OXAPAMPA,5,100,0,100,0.0,0.0
2016,3,PASCO,OXAPAMPA,9,5,4,9,0.0,0.0
2016,4,PASCO,OXAPAMPA,7,90,38,128,3.0,0.0
2016,5,PASCO,OXAPAMPA,2,18,0,18,0.0,0.0
2016,6,PASCO,OXAPAMPA,0,0,0,0,0.0,0.0
2016,7,PASCO,OXAPAMPA,0,0,0,0,0.0,0.0
2016,8,PASCO,OXAPAMPA,5,136,19,155,0.0,2.0
2016,9,PASCO,OXAPAMPA,3,38,24,62,0.0,0.0
2016,10,PASCO,OXAPAMPA,3,175,30,205,0.0,0.0
2016,11,PASCO,OXAPAMPA,3,0,5,5,0.0,0.0
2016,12,PASCO,OXAPAMPA,6,59,0,59,28.0,307.0
2017,1,PASCO,OXAPAMPA,13,143,50,193,0.0,5.0
2017,2,PASCO,OXAPAMPA,5,200,0,200,1.0,3.0
2017,3,PASCO,OXAPAMPA,6,115,5,120,4.0,42.0
2017,4,PASCO,OXAPAMPA,2,20,0,20,0.0,0.0
2017,5,PASCO,OXAPAMPA,1,0,11,11,0.0,0.0
2017,6,PASCO,OXAPAMPA,3,11,19,30,0.0,0.0
2017,7,PASCO,OXAPAMPA,1,0,0,0,0.0,0.0
2017,8,PASCO,OXAPAMPA,5,9,19,28,1.0,1.0
2017,9,PASCO,OXAPAMPA,1,8,0,8,0.0,0.0
2017,10,PASCO,OXAPAMPA,2,52,0,52,0.0,0.0
2017,11,PASCO,OXAPAMPA,0,0,0,0,0.0,0.0
2017,12,PASCO,OXAPAMPA,11,11,13,24,0.0,2.0
2018,1,PASCO,OXAPAMPA,13,131,46,177,4.0,16.0
2018,2,PASCO,OXAPAMPA,3,23,38,61,4.0,202.0
2018,3,PASCO,OXAPAMPA,4,32,25,57,18.0,0.0
2018,4,PASCO,OXAPAMPA,2,13,5,18,0.0,0.0
2018,5,PASCO,OXAPAMPA,1,0,11,11,0.0,0.0
2018,6,PASCO,OXAPAMPA,18,11350,0,11350,0.0,0.0
2018,7,PASCO,OXAPAMPA,1,0,7,7,0.0,0.0
2018,8,PASCO,OXAPAMPA,0,0,0,0,0.0,0.0
2018,9,PASCO,OXAPAMPA,4,95,96,191,0.0,0.0
2018,10,PASCO,OXAPAMPA,3,58,74,132,0.0,0.0
2018,11,PASCO,OXAPAMPA,5,49,0,49,15.0,6.0
2018,12,PASCO,OXAPAMPA,3,0,13,13,0.0,2.0
2019,1,PASCO,OXAPAMPA,12,32,18,50,5.0,11.0
2019,2,PASCO,OXAPAMPA,14,6,11,17,4.9,15.25
2019,3,PASCO,OXAPAMPA,16,134,183,317,911.3,1620.45
2019,4,PASCO,OXAPAMPA,1,44,0,44,0.0,0.0
2019,5,PASCO,OXAPAMPA,1,0,0,0,0.0,0.0
2019,6,PASCO,OXAPAMPA,0,0,0,0,0.0,0.0
2019,7,PASCO,OXAPAMPA,1,0,0,0,39.8,138.0
2019,8,PASCO,OXAPAMPA,0,0,0,0,0.0,0.0
2019,9,PASCO,OXAPAMPA,0,0,0,0,0.0,0.0
2019,10,PASCO,OXAPAMPA,2,21,0,21,500.0,750.0
2019,11,PASCO,OXAPAMPA,0,0,0,0,0.0,0.0
2019,12,PASCO,OXAPAMPA,4,34,167,201,1.0,2.5
2020,1,PASCO,OXAPAMPA,6,602,0,602,0.0,0.0
2020,2,PASCO,OXAPAMPA,21,29,3,32,0.0,5.25
2020,3,PASCO,OXAPAMPA,3,27,0,27,0.0,0.0
2020,4,PASCO,OXAPAMPA,1,0,0,0,0.0,79.5
2020,5,PASCO,OXAPAMPA,0,0,0,0,0.0,0.0
2020,6,PASCO,OXAPAMPA,2,0,0,0,1.5,41.5
2020,7,PASCO,OXAPAMPA,2,9,1,10,0.75,0.0
2020,8,PASCO,OXAPAMPA,1,0,0,0,39.85,203.0
2020,9,PASCO,OXAPAMPA,1,0,3,3,0.0,0.0
2020,10,PASCO,OXAPAMPA,5,8,2,10,0.0,0.0
2020,11,PASCO,OXAPAMPA,5,25,0,25,0.0,0.0
2020,12,PASCO,OXAPAMPA,2,0,0,0,0.0,0.0
2021,1,PASCO,OXAPAMPA,23,297,155,452,4.0,26.5
2021,2,PASCO,OXAPAMPA,8,256,5,261,50.5,206.0
2021,3,PASCO,OXAPAMPA,7,244,10,254,0.0,0.0
2021,4,PASCO,OXAPAMPA,4,185,29,214,0.25,113.75
2021,5,PASCO,OXAPAMPA,4,11,0,11,0.0,0.0
2021,6,PASCO,OXAPAMPA,2,0,5,5,0.0,0.0
2021,7,PASCO,OXAPAMPA,0,0,0,0,0.0,0.0
2021,8,PASCO,OXAPAMPA,6,605,27,632,0.0,7.1
2021,9,PASCO,OXAPAMPA,15,771,135,906,0.0,0.0
2021,10,PASCO,OXAPAMPA,4,84,44,128,0.0,0.0
2021,11,PASCO,OXAPAMPA,8,36,27,63,68.5,0.0
2021,12,PASCO,OXAPAMPA,13,21,21,42,0.5,23.65
2022,1,PASCO,OXAPAMPA,10,38,92,130,0.0,0.0
2022,2,PASCO,OXAPAMPA,14,72,18,90,17.5,25.5
2022,3,PASCO,OXAPAMPA,14,36,14,50,3.25,1.95
2022,4,PASCO,OXAPAMPA,8,41,8,49,0.0,0.0
2022,5,PASCO,OXAPAMPA,2,45,10,55,0.0,0.0
2022,6,PASCO,OXAPAMPA,4,69,6,75,0.0,0.0
2022,7,PASCO,OXAPAMPA,4,17,2,19,0.0,0.0
2022,8,PASCO,OXAPAMPA,2,4,3,7,3.0,3.0
2022,9,PASCO,OXAPAMPA,6,30,151,181,0.0,0.0
2022,10,PASCO,OXAPAMPA,5,568,37,605,0.0,0.0
2022,11,PASCO,OXAPAMPA,6,158,4,162,0.0,0.0
2022,12,PASCO,OXAPAMPA,3,4,15,19,0.0,3.0
2023,1,PASCO,OXAPAMPA,12,7,3,10,1.43,25.5
2023,2,PASCO,OXAPAMPA,18,105,40,145,202.0,501.84
2023,3,PASCO,OXAPAMPA,14,300,71,371,59.5,67.0
2023,4,PASCO,OXAPAMPA,3,12,3,15,0.0,0.0
2023,5,PASCO,OXAPAMPA,4,15,18,33,0.0,0.0
2023,6,PASCO,OXAPAMPA,1,0,6,6,0.0,0.0
2023,7,PASCO,OXAPAMPA,2,4,0,4,2.0,2.0
2023,8,PASCO,OXAPAMPA,1,837,0,837,0.0,0.0
2023,9,PASCO,OXAPAMPA,8,1088,201,1289,0.0,0.0
2023,10,PASCO,OXAPAMPA,12,79,80,159,0.0,0.0
2023,11,PASCO,OXAPAMPA,5,25,15,40,0.0,0.0
2023,12,PASCO,OXAPAMPA,5,26,6,32,5.53,0.75
2024,1,PASCO,OXAPAMPA,6,5,10,15,1.95,0.0
2024,2,PASCO,OXAPAMPA,15,45,16,61,0.7,2.0
2024,3,PASCO,OXAPAMPA,11,30,0,30,6.3,17.65
2024,4,PASCO,OXAPAMPA,8,33,13,46,0.0,0.13
2024,5,PASCO,OXAPAMPA,4,0,6,6,0.0,0.0
2024,6,PASCO,OXAPAMPA,2,0,12,12,0.0,0.0
2024,7,PASCO,OXAPAMPA,2,2470,0,2470,0.0,0.0
2024,8,PASCO,OXAPAMPA,4,2137,6,2143,1.0,2.0
2024,9,PASCO,OXAPAMPA,7,220,145,365,32.3,15.25
2024,10,PASCO,OXAPAMPA,10,32,42,74,7.0,29.25
2024,11,PASCO,OXAPAMPA,5,9,9,18,0.0,0.0
2024,12,PASCO,OXAPAMPA,4,0,0,0,0.0,0.0
2025,1,PASCO,OXAPAMPA,14,17,22,39,0.0,0.0
2025,2,PASCO,OXAPAMPA,36,374,107,481,117.15,50.75
2025,3,PASCO,OXAPAMPA,29,17,16,33,0.0,0.0
2025,4,PASCO,OXAPAMPA,34,100,42,142,0.0,0.0
2025,5,PASCO,OXAPAMPA,8,14,1,15,0.0,0.0
2025,6,PASCO,OXAPAMPA,5,6,3,9,0.0,0.0
2025,7,PASCO,OXAPAMPA,4,4,7,11,0.0,0.0
2025,8,PASCO,OXAPAMPA,4,809,19,828,0.0,0.0
2025,9,PASCO,OXAPAMPA,21,792,183,975,0.0,0.0
2025,10,PASCO,OXAPAMPA,16,89,88,177,0.0,0.0
2025,11,PASCO,OXAPAMPA,20,134,67,201,0.0,10.8
2025,12,PASCO,OXAPAMPA,13,19,25,44,1.0,0.75
2016,1,PIURA,AYABACA,0,0,0,0,0.0,0.0
2016,2,PIURA,AYABACA,0,0,0,0,0.0,0.0
2016,3,PIURA,AYABACA,9,2915,907,3822,50.0,80.0
2016,4,PIURA,AYABACA,0,0,0,0,0.0,0.0
2016,5,PIURA,AYABACA,0,0,0,0,0.0,0.0
2016,6,PIURA,AYABACA,3,4640,0,4640,0.0,0.0
2016,7,PIURA,AYABACA,0,0,0,0,0.0,0.0
2016,8,PIURA,AYABACA,1,9,0,9,0.0,0.0
2016,9,PIURA,AYABACA,0,0,0,0,0.0,0.0
2016,10,PIURA,AYABACA,0,0,0,0,0.0,0.0
2016,11,PIURA,AYABACA,1,600,35,635,0.0,0.0
2016,12,PIURA,AYABACA,0,0,0,0,0.0,0.0
2017,1,PIURA,AYABACA,3,1595,734,2329,0.0,0.0
2017,2,PIURA,AYABACA,9,3847,363,4210,0.0,50.0
2017,3,PIURA,AYABACA,21,8655,1241,9896,376.0,11.0
2017,4,PIURA,AYABACA,3,200,24,224,164.0,55.0
2017,5,PIURA,AYABACA,3,240,40,280,121.0,11.0
2017,6,PIURA,AYABACA,0,0,0,0,0.0,0.0
2017,7,PIURA,AYABACA,0,0,0,0,0.0,0.0
2017,8,PIURA,AYABACA,1,0,0,0,0.0,2800.0
2017,9,PIURA,AYABACA,2,7446,0,7446,0.0,0.0
2017,10,PIURA,AYABACA,0,0,0,0,0.0,0.0
2017,11,PIURA,AYABACA,0,0,0,0,0.0,0.0
2017,12,PIURA,AYABACA,0,0,0,0,0.0,0.0
2018,1,PIURA,AYABACA,6,940,1449,2389,0.0,0.0
2018,2,PIURA,AYABACA,0,0,0,0,0.0,0.0
2018,3,PIURA,AYABACA,4,708,223,931,0.0,0.0
2018,4,PIURA,AYABACA,9,380,1514,1894,0.0,0.0
2018,5,PIURA,AYABACA,3,336,550,886,0.0,0.0
2018,6,PIURA,AYABACA,1,152,0,152,0.0,33.0
2018,7,PIURA,AYABACA,0,0,0,0,0.0,0.0
2018,8,PIURA,AYABACA,2,111,143,254,0.0,0.0
2018,9,PIURA,AYABACA,0,0,0,0,0.0,0.0
2018,10,PIURA,AYABACA,0,0,0,0,0.0,0.0
2018,11,PIURA,AYABACA,1,203,0,203,0.0,0.0
2018,12,PIURA,AYABACA,0,0,0,0,0.0,0.0
2019,1,PIURA,AYABACA,1,176,0,176,0.0,0.0
2019,2,PIURA,AYABACA,18,2637,89,2726,31.0,3.0
2019,3,PIURA,AYABACA,4,1064,70,1134,46.5,12.0
2019,4,PIURA,AYABACA,2,93,0,93,0.0,0.0
2019,5,PIURA,AYABACA,0,0,0,0,0.0,0.0
2019,6,PIURA,AYABACA,0,0,0,0,0.0,0.0
2019,7,PIURA,AYABACA,1,82,0,82,0.0,0.0
2019,8,PIURA,AYABACA,3,347,0,347,0.0,0.0
2019,9,PIURA,AYABACA,1,109,0,109,0.0,0.0
2019,10,PIURA,AYABACA,0,0,0,0,0.0,0.0
2019,11,PIURA,AYABACA,0,0,0,0,0.0,0.0
2019,12,PIURA,AYABACA,0,0,0,0,0.0,0.0
2020,1,PIURA,AYABACA,0,0,0,0,0.0,0.0
2020,2,PIURA,AYABACA,2,120,0,120,0.75,0.75
2020,3,PIURA,AYABACA,3,925,4,929,1.45,27.75
2020,4,PIURA,AYABACA,0,0,0,0,0.0,0.0
2020,5,PIURA,AYABACA,0,0,0,0,0.0,0.0
2020,6,PIURA,AYABACA,0,0,0,0,0.0,0.0
2020,7,PIURA,AYABACA,0,0,0,0,0.0,0.0
2020,8,PIURA,AYABACA,1,391,0,391,0.0,0.0
2020,9,PIURA,AYABACA,1,300,0,300,0.0,0.0
2020,10,PIURA,AYABACA,0,0,0,0,0.0,0.0
2020,11,PIURA,AYABACA,0,0,0,0,0.0,0.0
2020,12,PIURA,AYABACA,2,1128,0,1128,87.59,254.0
2021,1,PIURA,AYABACA,2,766,3,769,0.6,1.4
2021,2,PIURA,AYABACA,0,0,0,0,0.0,0.0
2021,3,PIURA,AYABACA,28,3940,374,4314,54.95,110.45
2021,4,PIURA,AYABACA,15,1097,72,1169,21.05,12.25
2021,5,PIURA,AYABACA,1,319,12,331,0.0,0.0
2021,6,PIURA,AYABACA,3,0,0,0,0.0,0.0
2021,7,PIURA,AYABACA,0,0,0,0,0.0,0.0
2021,8,PIURA,AYABACA,2,442,25,467,21.75,43.5
2021,9,PIURA,AYABACA,1,2,0,2,0.0,0.0
2021,10,PIURA,AYABACA,1,1,0,1,0.0,0.0
2021,11,PIURA,AYABACA,3,57,13,70,0.0,0.0
2021,12,PIURA,AYABACA,1,55,51,106,0.0,0.0
2022,1,PIURA,AYABACA,3,41,0,41,0.0,0.0
2022,2,PIURA,AYABACA,3,561,81,642,0.0,0.0
2022,3,PIURA,AYABACA,22,2597,536,3133,48.09,205.98
2022,4,PIURA,AYABACA,8,901,109,1010,30.42,70.06
2022,5,PIURA,AYABACA,3,117,0,117,0.4,0.75
2022,6,PIURA,AYABACA,1,0,0,0,6.7,56.5
2022,7,PIURA,AYABACA,0,0,0,0,0.0,0.0
2022,8,PIURA,AYABACA,4,314,0,314,0.13,0.28
2022,9,PIURA,AYABACA,0,0,0,0,0.0,0.0
2022,10,PIURA,AYABACA,2,32,0,32,0.0,0.7
2022,11,PIURA,AYABACA,1,4,0,4,0.0,0.0
2022,12,PIURA,AYABACA,0,0,0,0,0.0,0.0
2023,1,PIURA,AYABACA,5,461,20,481,0.0,0.0
2023,2,PIURA,AYABACA,12,1550,65,1615,5.8,9.91
2023,3,PIURA,AYABACA,28,9572,764,10336,23.01,58.97
2023,4,PIURA,AYABACA,21,17697,1049,18746,574.28,1087.92
2023,5,PIURA,AYABACA,9,1843,632,2475,48.56,7.69
2023,6,PIURA,AYABACA,4,389,98,487,0.0,0.0
2023,7,PIURA,AYABACA,5,332,89,421,531.2,33.5
2023,8,PIURA,AYABACA,3,129,10,139,0.0,0.0
2023,9,PIURA,AYABACA,4,1255,7,1262,0.0,0.0
2023,10,PIURA,AYABACA,5,501,38,539,0.0,0.0
2023,11,PIURA,AYABACA,3,33,13,46,8.0,13.0
2023,12,PIURA,AYABACA,7,1087,29,1116,0.0,0.0
2024,1,PIURA,AYABACA,7,4289,277,4566,416.93,863.8
2024,2,PIURA,AYABACA,14,5316,449,5765,7.23,141.83
2024,3,PIURA,AYABACA,13,5028,492,5520,4.5,20.75
2024,4,PIURA,AYABACA,7,945,268,1213,0.5,2.71
2024,5,PIURA,AYABACA,6,2351,147,2498,0.0,0.0
2024,6,PIURA,AYABACA,7,309,13,322,0.0,0.0
2024,7,PIURA,AYABACA,10,1020,23,1043,0.0,0.0
2024,8,PIURA,AYABACA,1,64,0,64,0.0,0.0
2024,9,PIURA,AYABACA,10,1285,78,1363,8.15,4.3
2024,10,PIURA,AYABACA,3,32,9,41,0.0,0.0
2024,11,PIURA,AYABACA,6,411,10,421,197.5,816.37
2024,12,PIURA,AYABACA,3,32,0,32,3.0,38.0
2025,1,PIURA,AYABACA,10,2665,281,2946,0.0,0.0
2025,2,PIURA,AYABACA,24,7464,1520,8984,8.0,0.0
2025,3,PIURA,AYABACA,21,7352,979,8331,8.0,24.15
2025,4,PIURA,AYABACA,9,1179,393,1572,13.0,63.05
2025,5,PIURA,AYABACA,4,439,113,552,0.0,199.23
2025,6,PIURA,AYABACA,1,33,0,33,0.0,0.0
2025,7,PIURA,AYABACA,7,670,79,749,0.0,0.0
2025,8,PIURA,AYABACA,5,217,30,247,0.0,0.0
2025,9,PIURA,AYABACA,6,199,13,212,0.0,0.0
2025,10,PIURA,AYABACA,1,19,15,34,0.0,0.0
2025,11,PIURA,AYABACA,2,302,70,372,0.0,0.0
2025,12,PIURA,AYABACA,0,0,0,0,0.0,0.0
2016,1,PIURA,HUANCABAMBA,0,0,0,0,0.0,0.0
2016,2,PIURA,HUANCABAMBA,3,457,639,1096,25.0,45.0
2016,3,PIURA,HUANCABAMBA,7,3505,505,4010,77.0,40.0
2016,4,PIURA,HUANCABAMBA,0,0,0,0,0.0,0.0
2016,5,PIURA,HUANCABAMBA,0,0,0,0,0.0,0.0
2016,6,PIURA,HUANCABAMBA,0,0,0,0,0.0,0.0
2016,7,PIURA,HUANCABAMBA,2,2070,0,2070,0.0,0.0
2016,8,PIURA,HUANCABAMBA,1,0,158,158,0.0,0.0
2016,9,PIURA,HUANCABAMBA,1,0,72,72,0.0,0.0
2016,10,PIURA,HUANCABAMBA,0,0,0,0,0.0,0.0
2016,11,PIURA,HUANCABAMBA,1,575,0,575,0.0,0.0
2016,12,PIURA,HUANCABAMBA,0,0,0,0,0.0,0.0
2017,1,PIURA,HUANCABAMBA,5,1722,129,1851,0.0,0.0
2017,2,PIURA,HUANCABAMBA,9,3093,408,3501,0.0,0.0
2017,3,PIURA,HUANCABAMBA,24,6069,3019,9088,207.0,241.0
2017,4,PIURA,HUANCABAMBA,3,1230,41,1271,0.0,35.0
2017,5,PIURA,HUANCABAMBA,1,0,0,0,20.0,120.0
2017,6,PIURA,HUANCABAMBA,0,0,0,0,0.0,0.0
2017,7,PIURA,HUANCABAMBA,0,0,0,0,0.0,0.0
2017,8,PIURA,HUANCABAMBA,0,0,0,0,0.0,0.0
2017,9,PIURA,HUANCABAMBA,1,0,0,0,0.0,0.0
2017,10,PIURA,HUANCABAMBA,1,0,0,0,0.0,0.0
2017,11,PIURA,HUANCABAMBA,0,0,0,0,0.0,0.0
2017,12,PIURA,HUANCABAMBA,0,0,0,0,0.0,0.0
2018,1,PIURA,HUANCABAMBA,2,60,48,108,0.0,0.0
2018,2,PIURA,HUANCABAMBA,1,0,0,0,0.0,0.0
2018,3,PIURA,HUANCABAMBA,0,0,0,0,0.0,0.0
2018,4,PIURA,HUANCABAMBA,3,459,235,694,1.0,2.0
2018,5,PIURA,HUANCABAMBA,3,689,250,939,0.0,0.0
2018,6,PIURA,HUANCABAMBA,3,1890,0,1890,0.0,0.0
2018,7,PIURA,HUANCABAMBA,0,0,0,0,0.0,0.0
2018,8,PIURA,HUANCABAMBA,3,1311,0,1311,0.0,0.0
2018,9,PIURA,HUANCABAMBA,0,0,0,0,0.0,0.0
2018,10,PIURA,HUANCABAMBA,0,0,0,0,0.0,0.0
2018,11,PIURA,HUANCABAMBA,2,185,129,314,0.0,0.0
2018,12,PIURA,HUANCABAMBA,1,0,0,0,0.0,0.0
2019,1,PIURA,HUANCABAMBA,1,30,10,40,0.0,0.0
2019,2,PIURA,HUANCABAMBA,3,1356,190,1546,0.0,0.0
2019,3,PIURA,HUANCABAMBA,7,823,258,1081,16.0,68.0
2019,4,PIURA,HUANCABAMBA,2,468,35,503,0.0,0.0
2019,5,PIURA,HUANCABAMBA,0,0,0,0,0.0,0.0
2019,6,PIURA,HUANCABAMBA,1,150,0,150,0.0,0.0
2019,7,PIURA,HUANCABAMBA,0,0,0,0,0.0,0.0
2019,8,PIURA,HUANCABAMBA,0,0,0,0,0.0,0.0
2019,9,PIURA,HUANCABAMBA,0,0,0,0,0.0,0.0
2019,10,PIURA,HUANCABAMBA,0,0,0,0,0.0,0.0
2019,11,PIURA,HUANCABAMBA,0,0,0,0,0.0,0.0
2019,12,PIURA,HUANCABAMBA,2,12,86,98,0.0,0.0
2020,1,PIURA,HUANCABAMBA,2,0,0,0,3.1,0.0
2020,2,PIURA,HUANCABAMBA,1,15,0,15,0.0,0.0
2020,3,PIURA,HUANCABAMBA,1,2023,0,2023,0.0,0.0
2020,4,PIURA,HUANCABAMBA,0,0,0,0,0.0,0.0
2020,5,PIURA,HUANCABAMBA,0,0,0,0,0.0,0.0
2020,6,PIURA,HUANCABAMBA,0,0,0,0,0.0,0.0
2020,7,PIURA,HUANCABAMBA,0,0,0,0,0.0,0.0
2020,8,PIURA,HUANCABAMBA,5,3215,0,3215,1605.75,1873.75
2020,9,PIURA,HUANCABAMBA,0,0,0,0,0.0,0.0
2020,10,PIURA,HUANCABAMBA,0,0,0,0,0.0,0.0
2020,11,PIURA,HUANCABAMBA,1,0,0,0,1450.0,5230.0
2020,12,PIURA,HUANCABAMBA,1,30,0,30,25.5,25.5
2021,1,PIURA,HUANCABAMBA,0,0,0,0,0.0,0.0
2021,2,PIURA,HUANCABAMBA,1,377,0,377,0.0,0.0
2021,3,PIURA,HUANCABAMBA,17,4300,1109,5409,186.5,67.5
2021,4,PIURA,HUANCABAMBA,1,64,23,87,0.0,0.0
2021,5,PIURA,HUANCABAMBA,1,154,0,154,0.0,0.0
2021,6,PIURA,HUANCABAMBA,4,0,0,0,0.0,0.0
2021,7,PIURA,HUANCABAMBA,1,2,0,2,0.0,0.0
2021,8,PIURA,HUANCABAMBA,4,2746,28,2774,0.0,0.0
2021,9,PIURA,HUANCABAMBA,1,7,0,7,0.0,0.0
2021,10,PIURA,HUANCABAMBA,0,0,0,0,0.0,0.0
2021,11,PIURA,HUANCABAMBA,0,0,0,0,0.0,0.0
2021,12,PIURA,HUANCABAMBA,2,292,0,292,0.0,257.0
2022,1,PIURA,HUANCABAMBA,2,235,57,292,0.0,0.0
2022,2,PIURA,HUANCABAMBA,1,0,7,7,0.0,0.0
2022,3,PIURA,HUANCABAMBA,16,3629,353,3982,66.0,67.0
2022,4,PIURA,HUANCABAMBA,8,720,143,863,35.2,31.9
2022,5,PIURA,HUANCABAMBA,0,0,0,0,0.0,0.0
2022,6,PIURA,HUANCABAMBA,3,397,0,397,10.0,323.5
2022,7,PIURA,HUANCABAMBA,1,19,0,19,0.0,0.0
2022,8,PIURA,HUANCABAMBA,1,159,0,159,0.0,0.0
2022,9,PIURA,HUANCABAMBA,1,68,5,73,0.0,0.0
2022,10,PIURA,HUANCABAMBA,2,51,0,51,0.0,0.0
2022,11,PIURA,HUANCABAMBA,0,0,0,0,0.0,0.0
2022,12,PIURA,HUANCABAMBA,1,5,0,5,0.0,0.0
2023,1,PIURA,HUANCABAMBA,2,214,1,215,2.3,5.5
2023,2,PIURA,HUANCABAMBA,9,2256,481,2737,313.25,389.19
2023,3,PIURA,HUANCABAMBA,27,4955,3355,8310,919.44,895.52
2023,4,PIURA,HUANCABAMBA,8,2670,805,3475,224.68,236.4
2023,5,PIURA,HUANCABAMBA,4,461,128,589,1.1,187.28
2023,6,PIURA,HUANCABAMBA,5,400,171,571,1.0,1.0
2023,7,PIURA,HUANCABAMBA,4,338,219,557,0.0,0.0
2023,8,PIURA,HUANCABAMBA,2,589,0,589,29.22,57.2
2023,9,PIURA,HUANCABAMBA,1,93,0,93,0.0,0.0
2023,10,PIURA,HUANCABAMBA,3,354,143,497,0.0,0.0
2023,11,PIURA,HUANCABAMBA,2,47,3,50,4.0,0.0
2023,12,PIURA,HUANCABAMBA,3,102,34,136,2.5,4.25
2024,1,PIURA,HUANCABAMBA,3,344,97,441,0.0,0.0
2024,2,PIURA,HUANCABAMBA,16,2096,664,2760,38.67,7.29
2024,3,PIURA,HUANCABAMBA,5,1374,151,1525,9.5,0.0
2024,4,PIURA,HUANCABAMBA,3,798,51,849,6.25,13.5
2024,5,PIURA,HUANCABAMBA,2,156,153,309,0.0,0.0
2024,6,PIURA,HUANCABAMBA,3,887,6,893,0.0,0.0
2024,7,PIURA,HUANCABAMBA,8,1530,136,1666,2.0,2.0
2024,8,PIURA,HUANCABAMBA,2,79,17,96,0.0,0.0
2024,9,PIURA,HUANCABAMBA,4,749,106,855,0.0,0.0
2024,10,PIURA,HUANCABAMBA,1,154,0,154,0.0,0.0
2024,11,PIURA,HUANCABAMBA,5,4267,0,4267,1383.77,2357.11
2024,12,PIURA,HUANCABAMBA,0,0,0,0,0.0,0.0
2025,1,PIURA,HUANCABAMBA,10,1681,213,1894,0.0,0.0
2025,2,PIURA,HUANCABAMBA,21,4370,1305,5675,0.0,0.0
2025,3,PIURA,HUANCABAMBA,15,2619,1194,3813,195.23,2.5
2025,4,PIURA,HUANCABAMBA,8,1081,611,1692,629.0,0.0
2025,5,PIURA,HUANCABAMBA,6,321,53,374,0.0,0.0
2025,6,PIURA,HUANCABAMBA,3,3,7,10,0.0,0.0
2025,7,PIURA,HUANCABAMBA,8,396,14,410,0.0,0.0
2025,8,PIURA,HUANCABAMBA,7,1655,36,1691,0.0,0.0
2025,9,PIURA,HUANCABAMBA,4,410,2,412,0.0,0.0
2025,10,PIURA,HUANCABAMBA,1,49,4,53,0.0,0.0
2025,11,PIURA,HUANCABAMBA,2,30,15,45,0.0,0.0
2025,12,PIURA,HUANCABAMBA,0,0,0,0,0.0,0.0
2016,1,PIURA,MORROPON,1,750,20,770,0.0,0.0
2016,2,PIURA,MORROPON,4,5361,609,5970,0.0,45.0
2016,3,PIURA,MORROPON,5,2215,309,2524,0.0,75.0
2016,4,PIURA,MORROPON,1,0,0,0,0.0,0.0
2016,5,PIURA,MORROPON,0,0,0,0,0.0,0.0
2016,6,PIURA,MORROPON,1,175,0,175,0.0,0.0
2016,7,PIURA,MORROPON,0,0,0,0,0.0,0.0
2016,8,PIURA,MORROPON,1,0,94,94,0.0,0.0
2016,9,PIURA,MORROPON,0,0,0,0,0.0,0.0
2016,10,PIURA,MORROPON,0,0,0,0,0.0,0.0
2016,11,PIURA,MORROPON,0,0,0,0,0.0,0.0
2016,12,PIURA,MORROPON,1,100,0,100,0.0,0.0
2017,1,PIURA,MORROPON,4,2455,40,2495,0.0,0.0
2017,2,PIURA,MORROPON,16,12460,932,13392,56.0,125.0
2017,3,PIURA,MORROPON,27,19420,6734,26154,2191.0,2627.0
2017,4,PIURA,MORROPON,1,163,99,262,87.0,0.0
2017,5,PIURA,MORROPON,1,1578,293,1871,0.0,0.0
2017,6,PIURA,MORROPON,0,0,0,0,0.0,0.0
2017,7,PIURA,MORROPON,0,0,0,0,0.0,0.0
2017,8,PIURA,MORROPON,0,0,0,0,0.0,0.0
2017,9,PIURA,MORROPON,0,0,0,0,0.0,0.0
2017,10,PIURA,MORROPON,0,0,0,0,0.0,0.0
2017,11,PIURA,MORROPON,0,0,0,0,0.0,0.0
2017,12,PIURA,MORROPON,0,0,0,0,0.0,0.0
2018,1,PIURA,MORROPON,0,0,0,0,0.0,0.0
2018,2,PIURA,MORROPON,0,0,0,0,0.0,0.0
2018,3,PIURA,MORROPON,3,2160,120,2280,0.0,0.0
2018,4,PIURA,MORROPON,2,112,200,312,11.0,20.0
2018,5,PIURA,MORROPON,1,158,113,271,0.0,0.0
2018,6,PIURA,MORROPON,0,0,0,0,0.0,0.0
2018,7,PIURA,MORROPON,0,0,0,0,0.0,0.0
2018,8,PIURA,MORROPON,0,0,0,0,0.0,0.0
2018,9,PIURA,MORROPON,0,0,0,0,0.0,0.0
2018,10,PIURA,MORROPON,0,0,0,0,0.0,0.0
2018,11,PIURA,MORROPON,0,0,0,0,0.0,0.0
2018,12,PIURA,MORROPON,0,0,0,0,0.0,0.0
2019,1,PIURA,MORROPON,0,0,0,0,0.0,0.0
2019,2,PIURA,MORROPON,9,783,186,969,0.0,0.0
2019,3,PIURA,MORROPON,3,785,82,867,0.0,0.0
2019,4,PIURA,MORROPON,0,0,0,0,0.0,0.0
2019,5,PIURA,MORROPON,0,0,0,0,0.0,0.0
2019,6,PIURA,MORROPON,0,0,0,0,0.0,0.0
2019,7,PIURA,MORROPON,0,0,0,0,0.0,0.0
2019,8,PIURA,MORROPON,0,0,0,0,0.0,0.0
2019,9,PIURA,MORROPON,0,0,0,0,0.0,0.0
2019,10,PIURA,MORROPON,0,0,0,0,0.0,0.0
2019,11,PIURA,MORROPON,0,0,0,0,0.0,0.0
2019,12,PIURA,MORROPON,1,0,0,0,0.0,0.0
2020,1,PIURA,MORROPON,0,0,0,0,0.0,0.0
2020,2,PIURA,MORROPON,0,0,0,0,0.0,0.0
2020,3,PIURA,MORROPON,0,0,0,0,0.0,0.0
2020,4,PIURA,MORROPON,1,152,0,152,0.0,0.0
2020,5,PIURA,MORROPON,0,0,0,0,0.0,0.0
2020,6,PIURA,MORROPON,0,0,0,0,0.0,0.0
2020,7,PIURA,MORROPON,0,0,0,0,0.0,0.0
2020,8,PIURA,MORROPON,0,0,0,0,0.0,0.0
2020,9,PIURA,MORROPON,0,0,0,0,0.0,0.0
2020,10,PIURA,MORROPON,0,0,0,0,0.0,0.0
2020,11,PIURA,MORROPON,0,0,0,0,0.0,0.0
2020,12,PIURA,MORROPON,1,137,0,137,0.0,0.0
2021,1,PIURA,MORROPON,1,46,0,46,0.5,5.5
2021,2,PIURA,MORROPON,1,502,87,589,0.0,22.3
2021,3,PIURA,MORROPON,26,8755,658,9413,12.5,965.0
2021,4,PIURA,MORROPON,8,0,0,0,0.0,0.0
2021,5,PIURA,MORROPON,2,64,0,64,0.0,0.0
2021,6,PIURA,MORROPON,0,0,0,0,0.0,0.0
2021,7,PIURA,MORROPON,1,16,0,16,0.0,0.0
2021,8,PIURA,MORROPON,0,0,0,0,0.0,0.0
2021,9,PIURA,MORROPON,0,0,0,0,0.0,0.0
2021,10,PIURA,MORROPON,0,0,0,0,0.0,0.0
2021,11,PIURA,MORROPON,1,63,0,63,0.0,0.0
2021,12,PIURA,MORROPON,0,0,0,0,0.0,0.0
2022,1,PIURA,MORROPON,1,0,1,1,0.0,0.0
2022,2,PIURA,MORROPON,0,0,0,0,0.0,0.0
2022,3,PIURA,MORROPON,14,1693,139,1832,0.0,8.0
2022,4,PIURA,MORROPON,3,377,16,393,0.0,0.0
2022,5,PIURA,MORROPON,2,26,0,26,0.0,0.0
2022,6,PIURA,MORROPON,8,5,0,5,214.05,1236.1
2022,7,PIURA,MORROPON,0,0,0,0,0.0,0.0
2022,8,PIURA,MORROPON,0,0,0,0,0.0,0.0
2022,9,PIURA,MORROPON,0,0,0,0,0.0,0.0
2022,10,PIURA,MORROPON,0,0,0,0,0.0,0.0
2022,11,PIURA,MORROPON,1,8,0,8,0.0,0.0
2022,12,PIURA,MORROPON,0,0,0,0,0.0,0.0
2023,1,PIURA,MORROPON,4,32,0,32,0.0,0.0
2023,2,PIURA,MORROPON,6,1280,28,1308,2.0,29.0
2023,3,PIURA,MORROPON,27,20056,1494,21550,715.92,1048.55
2023,4,PIURA,MORROPON,14,11128,1381,12509,704.16,1977.31
2023,5,PIURA,MORROPON,6,639,118,757,18.5,99.8
2023,6,PIURA,MORROPON,1,128,9,137,4.05,9.9
2023,7,PIURA,MORROPON,2,87,21,108,3.55,16.33
2023,8,PIURA,MORROPON,0,0,0,0,0.0,0.0
2023,9,PIURA,MORROPON,0,0,0,0,0.0,0.0
2023,10,PIURA,MORROPON,0,0,0,0,0.0,0.0
2023,11,PIURA,MORROPON,0,0,0,0,0.0,0.0
2023,12,PIURA,MORROPON,0,0,0,0,0.0,0.0
2024,1,PIURA,MORROPON,0,0,0,0,0.0,0.0
2024,2,PIURA,MORROPON,19,6006,355,6361,252.3,1177.45
2024,3,PIURA,MORROPON,10,953,250,1203,11.0,11.0
2024,4,PIURA,MORROPON,6,288,312,600,0.0,0.0
2024,5,PIURA,MORROPON,2,15,0,15,0.0,0.0
2024,6,PIURA,MORROPON,0,0,0,0,0.0,0.0
2024,7,PIURA,MORROPON,2,5,0,5,0.0,0.0
2024,8,PIURA,MORROPON,2,0,3,3,0.0,0.0
2024,9,PIURA,MORROPON,3,24,0,24,0.0,0.0
2024,10,PIURA,MORROPON,4,545,8,553,4.25,485.82
2024,11,PIURA,MORROPON,7,1112,0,1112,0.0,903.08
2024,12,PIURA,MORROPON,5,24,0,24,0.0,0.0
2025,1,PIURA,MORROPON,4,1314,68,1382,0.0,0.0
2025,2,PIURA,MORROPON,21,4172,938,5110,0.0,0.0
2025,3,PIURA,MORROPON,19,5156,604,5760,14.08,114.2
2025,4,PIURA,MORROPON,9,2389,667,3056,34.25,84.75
2025,5,PIURA,MORROPON,1,93,12,105,0.0,0.0
2025,6,PIURA,MORROPON,0,0,0,0,0.0,0.0
2025,7,PIURA,MORROPON,1,0,5,5,0.0,0.0
2025,8,PIURA,MORROPON,0,0,0,0,0.0,0.0
2025,9,PIURA,MORROPON,0,0,0,0,0.0,0.0
2025,10,PIURA,MORROPON,2,4,5,9,0.0,0.0
2025,11,PIURA,MORROPON,1,3,0,3,0.0,0.0
2025,12,PIURA,MORROPON,1,6,0,6,0.0,0.0
2016,1,PIURA,PAITA,1,4,0,4,0.0,0.0
2016,2,PIURA,PAITA,1,50,60,110,0.0,0.0
2016,3,PIURA,PAITA,5,15369,63,15432,0.0,590.0
2016,4,PIURA,PAITA,0,0,0,0,0.0,0.0
2016,5,PIURA,PAITA,0,0,0,0,0.0,0.0
2016,6,PIURA,PAITA,1,0,5,5,0.0,0.0
2016,7,PIURA,PAITA,0,0,0,0,0.0,0.0
2016,8,PIURA,PAITA,0,0,0,0,0.0,0.0
2016,9,PIURA,PAITA,0,0,0,0,0.0,0.0
2016,10,PIURA,PAITA,0,0,0,0,0.0,0.0
2016,11,PIURA,PAITA,0,0,0,0,0.0,0.0
2016,12,PIURA,PAITA,0,0,0,0,0.0,0.0
2017,1,PIURA,PAITA,2,3700,2315,6015,0.0,0.0
2017,2,PIURA,PAITA,13,8374,3158,11532,106.0,2598.0
2017,3,PIURA,PAITA,17,26724,3026,29750,1857.0,90.0
2017,4,PIURA,PAITA,2,2655,29,2684,0.0,0.0
2017,5,PIURA,PAITA,0,0,0,0,0.0,0.0
2017,6,PIURA,PAITA,1,0,0,0,0.0,0.0
2017,7,PIURA,PAITA,1,0,0,0,0.0,0.0
2017,8,PIURA,PAITA,0,0,0,0,0.0,0.0
2017,9,PIURA,PAITA,0,0,0,0,0.0,0.0
2017,10,PIURA,PAITA,0,0,0,0,0.0,0.0
2017,11,PIURA,PAITA,0,0,0,0,0.0,0.0
2017,12,PIURA,PAITA,0,0,0,0,0.0,0.0
2018,1,PIURA,PAITA,0,0,0,0,0.0,0.0
2018,2,PIURA,PAITA,2,84,2,86,0.0,0.0
2018,3,PIURA,PAITA,0,0,0,0,0.0,0.0
2018,4,PIURA,PAITA,3,110,5,115,0.0,0.0
2018,5,PIURA,PAITA,2,2,6,8,0.0,0.0
2018,6,PIURA,PAITA,0,0,0,0,0.0,0.0
2018,7,PIURA,PAITA,0,0,0,0,0.0,0.0
2018,8,PIURA,PAITA,1,0,9,9,0.0,0.0
2018,9,PIURA,PAITA,0,0,0,0,0.0,0.0
2018,10,PIURA,PAITA,0,0,0,0,0.0,0.0
2018,11,PIURA,PAITA,0,0,0,0,0.0,0.0
2018,12,PIURA,PAITA,0,0,0,0,0.0,0.0
2019,1,PIURA,PAITA,0,0,0,0,0.0,0.0
2019,2,PIURA,PAITA,0,0,0,0,0.0,0.0
2019,3,PIURA,PAITA,0,0,0,0,0.0,0.0
2019,4,PIURA,PAITA,0,0,0,0,0.0,0.0
2019,5,PIURA,PAITA,0,0,0,0,0.0,0.0
2019,6,PIURA,PAITA,0,0,0,0,0.0,0.0
2019,7,PIURA,PAITA,0,0,0,0,0.0,0.0
2019,8,PIURA,PAITA,0,0,0,0,0.0,0.0
2019,9,PIURA,PAITA,0,0,0,0,0.0,0.0
2019,10,PIURA,PAITA,0,0,0,0,0.0,0.0
2019,11,PIURA,PAITA,0,0,0,0,0.0,0.0
2019,12,PIURA,PAITA,0,0,0,0,0.0,0.0
2020,1,PIURA,PAITA,1,14,0,14,0.0,0.0
2020,2,PIURA,PAITA,0,0,0,0,0.0,0.0
2020,3,PIURA,PAITA,0,0,0,0,0.0,0.0
2020,4,PIURA,PAITA,0,0,0,0,0.0,0.0
2020,5,PIURA,PAITA,0,0,0,0,0.0,0.0
2020,6,PIURA,PAITA,0,0,0,0,0.0,0.0
2020,7,PIURA,PAITA,0,0,0,0,0.0,0.0
2020,8,PIURA,PAITA,0,0,0,0,0.0,0.0
2020,9,PIURA,PAITA,0,0,0,0,0.0,0.0
2020,10,PIURA,PAITA,0,0,0,0,0.0,0.0
2020,11,PIURA,PAITA,0,0,0,0,0.0,0.0
2020,12,PIURA,PAITA,0,0,0,0,0.0,0.0
2021,1,PIURA,PAITA,0,0,0,0,0.0,0.0
2021,2,PIURA,PAITA,1,5,0,5,0.0,0.0
2021,3,PIURA,PAITA,1,2,0,2,0.0,0.0
2021,4,PIURA,PAITA,1,1,2,3,0.0,0.0
2021,5,PIURA,PAITA,0,0,0,0,0.0,0.0
2021,6,PIURA,PAITA,0,0,0,0,0.0,0.0
2021,7,PIURA,PAITA,0,0,0,0,0.0,0.0
2021,8,PIURA,PAITA,0,0,0,0,0.0,0.0
2021,9,PIURA,PAITA,1,13,0,13,0.0,0.0
2021,10,PIURA,PAITA,1,0,2,2,0.0,0.0
2021,11,PIURA,PAITA,1,0,0,0,0.0,0.0
2021,12,PIURA,PAITA,0,0,0,0,0.0,0.0
2022,1,PIURA,PAITA,1,6,0,6,0.0,0.0
2022,2,PIURA,PAITA,0,0,0,0,0.0,0.0
2022,3,PIURA,PAITA,2,50,11,61,0.0,0.0
2022,4,PIURA,PAITA,0,0,0,0,0.0,0.0
2022,5,PIURA,PAITA,0,0,0,0,0.0,0.0
2022,6,PIURA,PAITA,0,0,0,0,0.0,0.0
2022,7,PIURA,PAITA,0,0,0,0,0.0,0.0
2022,8,PIURA,PAITA,0,0,0,0,0.0,0.0
2022,9,PIURA,PAITA,1,6,0,6,0.0,0.0
2022,10,PIURA,PAITA,0,0,0,0,0.0,0.0
2022,11,PIURA,PAITA,1,13,0,13,0.0,0.0
2022,12,PIURA,PAITA,0,0,0,0,0.0,0.0
2023,1,PIURA,PAITA,0,0,0,0,0.0,0.0
2023,2,PIURA,PAITA,1,1737,439,2176,0.0,0.0
2023,3,PIURA,PAITA,13,7286,1363,8649,436.25,0.0
2023,4,PIURA,PAITA,15,13661,895,14556,860.22,124.55
2023,5,PIURA,PAITA,1,0,0,0,0.0,0.0
2023,6,PIURA,PAITA,0,0,0,0,0.0,0.0
2023,7,PIURA,PAITA,0,0,0,0,0.0,0.0
2023,8,PIURA,PAITA,0,0,0,0,0.0,0.0
2023,9,PIURA,PAITA,1,2,0,2,0.0,0.0
2023,10,PIURA,PAITA,1,4,0,4,0.0,0.0
2023,11,PIURA,PAITA,2,2,1,3,0.0,0.0
2023,12,PIURA,PAITA,1,18,0,18,0.0,0.0
2024,1,PIURA,PAITA,1,1,0,1,0.0,0.0
2024,2,PIURA,PAITA,1,4,0,4,0.0,0.0
2024,3,PIURA,PAITA,1,0,5,5,0.0,0.0
2024,4,PIURA,PAITA,1,3,0,3,0.0,0.0
2024,5,PIURA,PAITA,1,2,0,2,0.0,0.0
2024,6,PIURA,PAITA,0,0,0,0,0.0,0.0
2024,7,PIURA,PAITA,0,0,0,0,0.0,0.0
2024,8,PIURA,PAITA,0,0,0,0,0.0,0.0
2024,9,PIURA,PAITA,0,0,0,0,0.0,0.0
2024,10,PIURA,PAITA,0,0,0,0,0.0,0.0
2024,11,PIURA,PAITA,2,21,0,21,0.0,0.0
2024,12,PIURA,PAITA,3,124,0,124,0.0,0.0
2025,1,PIURA,PAITA,1,1,0,1,0.0,0.0
2025,2,PIURA,PAITA,2,17,0,17,0.0,0.0
2025,3,PIURA,PAITA,6,22,0,22,0.0,0.0
2025,4,PIURA,PAITA,4,14,0,14,0.0,0.0
2025,5,PIURA,PAITA,1,3,0,3,0.0,0.0
2025,6,PIURA,PAITA,2,1,3,4,0.0,0.0
2025,7,PIURA,PAITA,0,0,0,0,0.0,0.0
2025,8,PIURA,PAITA,1,6,0,6,0.0,0.0
2025,9,PIURA,PAITA,1,1,0,1,0.0,0.0
2025,10,PIURA,PAITA,0,0,0,0,0.0,0.0
2025,11,PIURA,PAITA,2,6,0,6,0.0,0.0
2025,12,PIURA,PAITA,2,3,0,3,0.0,0.0
2016,1,PIURA,PIURA,0,0,0,0,0.0,0.0
2016,2,PIURA,PIURA,5,29,84,113,0.0,0.0
2016,3,PIURA,PIURA,14,23451,1415,24866,0.0,40.0
2016,4,PIURA,PIURA,0,0,0,0,0.0,0.0
2016,5,PIURA,PIURA,0,0,0,0,0.0,0.0
2016,6,PIURA,PIURA,1,0,0,0,0.0,0.0
2016,7,PIURA,PIURA,0,0,0,0,0.0,0.0
2016,8,PIURA,PIURA,0,0,0,0,0.0,0.0
2016,9,PIURA,PIURA,0,0,0,0,0.0,0.0
2016,10,PIURA,PIURA,0,0,0,0,0.0,0.0
2016,11,PIURA,PIURA,0,0,0,0,0.0,0.0
2016,12,PIURA,PIURA,1,1,1,2,0.0,0.0
2017,1,PIURA,PIURA,17,18740,5051,23791,0.0,0.0
2017,2,PIURA,PIURA,16,7375,3458,10833,0.0,0.0
2017,3,PIURA,PIURA,62,83857,50513,134370,515.0,0.0
2017,4,PIURA,PIURA,11,16669,6205,22874,203.0,710.0
2017,5,PIURA,PIURA,3,15335,1707,17042,0.0,0.0
2017,6,PIURA,PIURA,1,0,2,2,0.0,0.0
2017,7,PIURA,PIURA,0,0,0,0,0.0,0.0
2017,8,PIURA,PIURA,1,0,5,5,0.0,0.0
2017,9,PIURA,PIURA,0,0,0,0,0.0,0.0
2017,10,PIURA,PIURA,1,0,0,0,0.0,0.0
2017,11,PIURA,PIURA,0,0,0,0,0.0,0.0
2017,12,PIURA,PIURA,1,2,0,2,0.0,0.0
2018,1,PIURA,PIURA,1,0,0,0,0.0,0.0
2018,2,PIURA,PIURA,0,0,0,0,0.0,0.0
2018,3,PIURA,PIURA,3,12,0,12,0.0,0.0
2018,4,PIURA,PIURA,2,0,0,0,0.0,0.0
2018,5,PIURA,PIURA,1,0,0,0,0.0,0.0
2018,6,PIURA,PIURA,1,0,0,0,0.0,0.0
2018,7,PIURA,PIURA,0,0,0,0,0.0,0.0
2018,8,PIURA,PIURA,2,0,0,0,0.0,0.0
2018,9,PIURA,PIURA,5,0,0,0,0.0,0.0
2018,10,PIURA,PIURA,1,0,0,0,0.0,0.0
2018,11,PIURA,PIURA,3,2,3,5,0.0,0.0
2018,12,PIURA,PIURA,1,0,20,20,0.0,0.0
2019,1,PIURA,PIURA,0,0,0,0,0.0,0.0
2019,2,PIURA,PIURA,10,2546,417,2963,2.0,5.0
2019,3,PIURA,PIURA,3,292,0,292,0.0,0.0
2019,4,PIURA,PIURA,0,0,0,0,0.0,0.0
2019,5,PIURA,PIURA,0,0,0,0,0.0,0.0
2019,6,PIURA,PIURA,0,0,0,0,0.0,0.0
2019,7,PIURA,PIURA,0,0,0,0,0.0,0.0
2019,8,PIURA,PIURA,1,0,14,14,0.0,0.0
2019,9,PIURA,PIURA,0,0,0,0,0.0,0.0
2019,10,PIURA,PIURA,1,50,21,71,0.0,0.0
2019,11,PIURA,PIURA,0,0,0,0,0.0,0.0
2019,12,PIURA,PIURA,0,0,0,0,0.0,0.0
2020,1,PIURA,PIURA,2,29,0,29,2.0,2.0
2020,2,PIURA,PIURA,5,20,8,28,1.0,1.0
2020,3,PIURA,PIURA,0,0,0,0,0.0,0.0
2020,4,PIURA,PIURA,2,7,8,15,0.0,0.0
2020,5,PIURA,PIURA,0,0,0,0,0.0,0.0
2020,6,PIURA,PIURA,0,0,0,0,0.0,0.0
2020,7,PIURA,PIURA,0,0,0,0,0.0,0.0
2020,8,PIURA,PIURA,0,0,0,0,0.0,0.0
2020,9,PIURA,PIURA,0,0,0,0,0.0,0.0
2020,10,PIURA,PIURA,4,9,0,9,18.03,142.24
2020,11,PIURA,PIURA,7,19,0,19,90.61,43.41
2020,12,PIURA,PIURA,5,19,0,19,0.0,0.0
2021,1,PIURA,PIURA,7,25,4,29,0.0,0.0
2021,2,PIURA,PIURA,4,22,0,22,0.0,0.0
2021,3,PIURA,PIURA,13,2182,64,2246,0.0,176.5
2021,4,PIURA,PIURA,6,14,0,14,24.5,56.0
2021,5,PIURA,PIURA,1,4,0,4,0.0,0.0
2021,6,PIURA,PIURA,0,0,0,0,0.0,0.0
2021,7,PIURA,PIURA,1,2,0,2,0.0,0.0
2021,8,PIURA,PIURA,1,1,0,1,0.0,0.0
2021,9,PIURA,PIURA,3,12,0,12,0.0,0.0
2021,10,PIURA,PIURA,3,20,0,20,0.0,0.0
2021,11,PIURA,PIURA,4,10,5,15,0.0,0.0
2021,12,PIURA,PIURA,4,9,0,9,0.0,0.0
2022,1,PIURA,PIURA,5,6,9,15,0.0,0.0
2022,2,PIURA,PIURA,2,27,0,27,0.0,0.0
2022,3,PIURA,PIURA,10,217,62,279,0.0,0.0
2022,4,PIURA,PIURA,5,39,11,50,0.0,0.0
2022,5,PIURA,PIURA,3,9,0,9,0.0,0.0
2022,6,PIURA,PIURA,3,8,0,8,0.0,0.0
2022,7,PIURA,PIURA,1,1,0,1,0.0,0.0
2022,8,PIURA,PIURA,1,1,0,1,0.0,0.0
2022,9,PIURA,PIURA,1,6,0,6,0.0,0.0
2022,10,PIURA,PIURA,1,4,0,4,0.0,0.0
2022,11,PIURA,PIURA,5,21,3,24,0.0,0.0
2022,12,PIURA,PIURA,3,4,2,6,0.0,0.0
2023,1,PIURA,PIURA,6,26,3,29,0.0,0.0
2023,2,PIURA,PIURA,8,9896,459,10355,0.0,0.0
2023,3,PIURA,PIURA,25,63538,6044,69582,2015.35,465.15
2023,4,PIURA,PIURA,14,77813,4666,82479,3459.23,2870.58
2023,5,PIURA,PIURA,1,22,17,39,0.0,9.7
2023,6,PIURA,PIURA,0,0,0,0,0.0,0.0
2023,7,PIURA,PIURA,0,0,0,0,0.0,0.0
2023,8,PIURA,PIURA,0,0,0,0,0.0,0.0
2023,9,PIURA,PIURA,6,10,11,21,0.0,0.0
2023,10,PIURA,PIURA,2,4,9,13,0.0,0.0
2023,11,PIURA,PIURA,2,8,0,8,0.0,0.0
2023,12,PIURA,PIURA,3,8,0,8,0.0,0.0
2024,1,PIURA,PIURA,1,8,3,11,0.0,0.0
2024,2,PIURA,PIURA,9,2288,6,2294,0.0,0.0
2024,3,PIURA,PIURA,5,13,6,19,0.0,0.0
2024,4,PIURA,PIURA,7,31,3,34,0.0,0.0
2024,5,PIURA,PIURA,5,11,5,16,0.0,0.0
2024,6,PIURA,PIURA,1,2,0,2,0.0,0.0
2024,7,PIURA,PIURA,3,10,0,10,0.0,0.0
2024,8,PIURA,PIURA,2,4,0,4,0.0,0.0
2024,9,PIURA,PIURA,5,182,3,185,177.62,0.0
2024,10,PIURA,PIURA,5,50,0,50,0.0,0.0
2024,11,PIURA,PIURA,13,3613,4,3617,4273.12,2017.09
2024,12,PIURA,PIURA,18,103,13,116,38.93,0.05
2025,1,PIURA,PIURA,13,48,12,60,0.0,0.0
2025,2,PIURA,PIURA,15,2230,28,2258,0.0,0.0
2025,3,PIURA,PIURA,20,671,118,789,0.0,0.0
2025,4,PIURA,PIURA,6,1669,34,1703,1.0,3651.75
2025,5,PIURA,PIURA,1,2,0,2,0.0,0.0
2025,6,PIURA,PIURA,2,6,4,10,0.0,0.0
2025,7,PIURA,PIURA,5,25,0,25,0.0,0.0
2025,8,PIURA,PIURA,5,23,4,27,0.0,0.0
2025,9,PIURA,PIURA,8,33,5,38,0.0,0.0
2025,10,PIURA,PIURA,9,28,6,34,0.0,0.0
2025,11,PIURA,PIURA,9,27,5,32,0.0,0.0
2025,12,PIURA,PIURA,2,6,0,6,0.0,0.0
2016,1,PIURA,SECHURA,0,0,0,0,0.0,0.0
2016,2,PIURA,SECHURA,1,110,0,110,0.0,0.0
2016,3,PIURA,SECHURA,3,361,0,361,0.0,0.0
2016,4,PIURA,SECHURA,0,0,0,0,0.0,0.0
2016,5,PIURA,SECHURA,0,0,0,0,0.0,0.0
2016,6,PIURA,SECHURA,0,0,0,0,0.0,0.0
2016,7,PIURA,SECHURA,0,0,0,0,0.0,0.0
2016,8,PIURA,SECHURA,0,0,0,0,0.0,0.0
2016,9,PIURA,SECHURA,0,0,0,0,0.0,0.0
2016,10,PIURA,SECHURA,0,0,0,0,0.0,0.0
2016,11,PIURA,SECHURA,0,0,0,0,0.0,0.0
2016,12,PIURA,SECHURA,0,0,0,0,0.0,0.0
2017,1,PIURA,SECHURA,4,5337,479,5816,1.0,1.0
2017,2,PIURA,SECHURA,9,10075,2469,12544,0.0,0.0
2017,3,PIURA,SECHURA,11,9707,5053,14760,5120.0,10030.0
2017,4,PIURA,SECHURA,1,0,25,25,0.0,0.0
2017,5,PIURA,SECHURA,0,0,0,0,0.0,0.0
2017,6,PIURA,SECHURA,0,0,0,0,0.0,0.0
2017,7,PIURA,SECHURA,0,0,0,0,0.0,0.0
2017,8,PIURA,SECHURA,0,0,0,0,0.0,0.0
2017,9,PIURA,SECHURA,0,0,0,0,0.0,0.0
2017,10,PIURA,SECHURA,0,0,0,0,0.0,0.0
2017,11,PIURA,SECHURA,0,0,0,0,0.0,0.0
2017,12,PIURA,SECHURA,0,0,0,0,0.0,0.0
2018,1,PIURA,SECHURA,0,0,0,0,0.0,0.0
2018,2,PIURA,SECHURA,1,21,0,21,0.0,0.0
2018,3,PIURA,SECHURA,0,0,0,0,0.0,0.0
2018,4,PIURA,SECHURA,0,0,0,0,0.0,0.0
2018,5,PIURA,SECHURA,0,0,0,0,0.0,0.0
2018,6,PIURA,SECHURA,0,0,0,0,0.0,0.0
2018,7,PIURA,SECHURA,0,0,0,0,0.0,0.0
2018,8,PIURA,SECHURA,0,0,0,0,0.0,0.0
2018,9,PIURA,SECHURA,0,0,0,0,0.0,0.0
2018,10,PIURA,SECHURA,0,0,0,0,0.0,0.0
2018,11,PIURA,SECHURA,0,0,0,0,0.0,0.0
2018,12,PIURA,SECHURA,0,0,0,0,0.0,0.0
2019,1,PIURA,SECHURA,0,0,0,0,0.0,0.0
2019,2,PIURA,SECHURA,4,739,0,739,0.0,0.0
2019,3,PIURA,SECHURA,0,0,0,0,0.0,0.0
2019,4,PIURA,SECHURA,0,0,0,0,0.0,0.0
2019,5,PIURA,SECHURA,0,0,0,0,0.0,0.0
2019,6,PIURA,SECHURA,0,0,0,0,0.0,0.0
2019,7,PIURA,SECHURA,0,0,0,0,0.0,0.0
2019,8,PIURA,SECHURA,0,0,0,0,0.0,0.0
2019,9,PIURA,SECHURA,0,0,0,0,0.0,0.0
2019,10,PIURA,SECHURA,0,0,0,0,0.0,0.0
2019,11,PIURA,SECHURA,0,0,0,0,0.0,0.0
2019,12,PIURA,SECHURA,0,0,0,0,0.0,0.0
2020,1,PIURA,SECHURA,0,0,0,0,0.0,0.0
2020,2,PIURA,SECHURA,0,0,0,0,0.0,0.0
2020,3,PIURA,SECHURA,1,6,0,6,0.0,0.0
2020,4,PIURA,SECHURA,0,0,0,0,0.0,0.0
2020,5,PIURA,SECHURA,0,0,0,0,0.0,0.0
2020,6,PIURA,SECHURA,0,0,0,0,0.0,0.0
2020,7,PIURA,SECHURA,0,0,0,0,0.0,0.0
2020,8,PIURA,SECHURA,0,0,0,0,0.0,0.0
2020,9,PIURA,SECHURA,0,0,0,0,0.0,0.0
2020,10,PIURA,SECHURA,0,0,0,0,0.0,0.0
2020,11,PIURA,SECHURA,0,0,0,0,0.0,0.0
2020,12,PIURA,SECHURA,1,4,0,4,0.0,0.0
2021,1,PIURA,SECHURA,0,0,0,0,0.0,0.0
2021,2,PIURA,SECHURA,1,6,0,6,0.0,0.0
2021,3,PIURA,SECHURA,0,0,0,0,0.0,0.0
2021,4,PIURA,SECHURA,0,0,0,0,0.0,0.0
2021,5,PIURA,SECHURA,0,0,0,0,0.0,0.0
2021,6,PIURA,SECHURA,0,0,0,0,0.0,0.0
2021,7,PIURA,SECHURA,0,0,0,0,0.0,0.0
2021,8,PIURA,SECHURA,0,0,0,0,0.0,0.0
2021,9,PIURA,SECHURA,1,52,0,52,0.0,0.0
2021,10,PIURA,SECHURA,0,0,0,0,0.0,0.0
2021,11,PIURA,SECHURA,0,0,0,0,0.0,0.0
2021,12,PIURA,SECHURA,0,0,0,0,0.0,0.0
2022,1,PIURA,SECHURA,0,0,0,0,0.0,0.0
2022,2,PIURA,SECHURA,1,1,0,1,0.0,0.0
2022,3,PIURA,SECHURA,1,0,0,0,0.0,0.0
2022,4,PIURA,SECHURA,0,0,0,0,0.0,0.0
2022,5,PIURA,SECHURA,0,0,0,0,0.0,0.0
2022,6,PIURA,SECHURA,0,0,0,0,0.0,0.0
2022,7,PIURA,SECHURA,0,0,0,0,0.0,0.0
2022,8,PIURA,SECHURA,0,0,0,0,0.0,0.0
2022,9,PIURA,SECHURA,0,0,0,0,0.0,0.0
2022,10,PIURA,SECHURA,0,0,0,0,0.0,0.0
2022,11,PIURA,SECHURA,0,0,0,0,0.0,0.0
2022,12,PIURA,SECHURA,1,5,0,5,0.0,0.0
2023,1,PIURA,SECHURA,1,41,0,41,0.0,0.0
2023,2,PIURA,SECHURA,0,0,0,0,0.0,0.0
2023,3,PIURA,SECHURA,17,10873,501,11374,35.98,48.08
2023,4,PIURA,SECHURA,11,7691,109,7800,0.0,0.0
2023,5,PIURA,SECHURA,0,0,0,0,0.0,0.0
2023,6,PIURA,SECHURA,0,0,0,0,0.0,0.0
2023,7,PIURA,SECHURA,0,0,0,0,0.0,0.0
2023,8,PIURA,SECHURA,0,0,0,0,0.0,0.0
2023,9,PIURA,SECHURA,0,0,0,0,0.0,0.0
2023,10,PIURA,SECHURA,0,0,0,0,0.0,0.0
2023,11,PIURA,SECHURA,0,0,0,0,0.0,0.0
2023,12,PIURA,SECHURA,0,0,0,0,0.0,0.0
2024,1,PIURA,SECHURA,1,2,0,2,0.0,0.0
2024,2,PIURA,SECHURA,2,130,0,130,0.0,0.0
2024,3,PIURA,SECHURA,4,45,6,51,0.0,0.0
2024,4,PIURA,SECHURA,1,0,5,5,0.0,0.0
2024,5,PIURA,SECHURA,0,0,0,0,0.0,0.0
2024,6,PIURA,SECHURA,1,3,0,3,0.0,0.0
2024,7,PIURA,SECHURA,0,0,0,0,0.0,0.0
2024,8,PIURA,SECHURA,0,0,0,0,0.0,0.0
2024,9,PIURA,SECHURA,0,0,0,0,0.0,0.0
2024,10,PIURA,SECHURA,0,0,0,0,0.0,0.0
2024,11,PIURA,SECHURA,5,669,0,669,555.81,81.36
2024,12,PIURA,SECHURA,0,0,0,0,0.0,0.0
2025,1,PIURA,SECHURA,1,8,8,16,0.0,0.0
2025,2,PIURA,SECHURA,2,2,0,2,0.0,0.0
2025,3,PIURA,SECHURA,0,0,0,0,0.0,0.0
2025,4,PIURA,SECHURA,0,0,0,0,0.0,0.0
2025,5,PIURA,SECHURA,1,6,0,6,0.0,0.0
2025,6,PIURA,SECHURA,0,0,0,0,0.0,0.0
2025,7,PIURA,SECHURA,1,6,0,6,0.0,0.0
2025,8,PIURA,SECHURA,0,0,0,0,0.0,0.0
2025,9,PIURA,SECHURA,1,16,0,16,0.0,0.0
2025,10,PIURA,SECHURA,1,2,0,2,0.0,0.0
2025,11,PIURA,SECHURA,2,8,0,8,0.0,0.0
2025,12,PIURA,SECHURA,0,0,0,0,0.0,0.0
2016,1,PIURA,SULLANA,0,0,0,0,0.0,0.0
2016,2,PIURA,SULLANA,3,6086,3,6089,0.0,0.0
2016,3,PIURA,SULLANA,7,35291,33,35324,0.0,13279.0
2016,4,PIURA,SULLANA,0,0,0,0,0.0,0.0
2016,5,PIURA,SULLANA,2,0,0,0,0.0,0.0
2016,6,PIURA,SULLANA,0,0,0,0,0.0,0.0
2016,7,PIURA,SULLANA,0,0,0,0,0.0,0.0
2016,8,PIURA,SULLANA,0,0,0,0,0.0,0.0
2016,9,PIURA,SULLANA,1,0,0,0,0.0,0.0
2016,10,PIURA,SULLANA,0,0,0,0,0.0,0.0
2016,11,PIURA,SULLANA,0,0,0,0,0.0,0.0
2016,12,PIURA,SULLANA,0,0,0,0,0.0,0.0
2017,1,PIURA,SULLANA,7,491,202,693,0.0,415.0
2017,2,PIURA,SULLANA,19,10943,1029,11972,0.0,420.0
2017,3,PIURA,SULLANA,27,4412,727,5139,0.0,0.0
2017,4,PIURA,SULLANA,4,0,0,0,0.0,0.0
2017,5,PIURA,SULLANA,0,0,0,0,0.0,0.0
2017,6,PIURA,SULLANA,0,0,0,0,0.0,0.0
2017,7,PIURA,SULLANA,0,0,0,0,0.0,0.0
2017,8,PIURA,SULLANA,0,0,0,0,0.0,0.0
2017,9,PIURA,SULLANA,1,4,0,4,0.0,0.0
2017,10,PIURA,SULLANA,0,0,0,0,0.0,0.0
2017,11,PIURA,SULLANA,0,0,0,0,0.0,0.0
2017,12,PIURA,SULLANA,1,1,0,1,0.0,0.0
2018,1,PIURA,SULLANA,3,0,2,2,0.0,0.0
2018,2,PIURA,SULLANA,0,0,0,0,0.0,0.0
2018,3,PIURA,SULLANA,0,0,0,0,0.0,0.0
2018,4,PIURA,SULLANA,1,0,5,5,0.0,0.0
2018,5,PIURA,SULLANA,0,0,0,0,0.0,0.0
2018,6,PIURA,SULLANA,3,2,0,2,0.0,0.0
2018,7,PIURA,SULLANA,3,0,0,0,0.0,0.0
2018,8,PIURA,SULLANA,1,0,0,0,0.0,0.0
2018,9,PIURA,SULLANA,0,0,0,0,0.0,0.0
2018,10,PIURA,SULLANA,1,0,4,4,0.0,0.0
2018,11,PIURA,SULLANA,0,0,0,0,0.0,0.0
2018,12,PIURA,SULLANA,0,0,0,0,0.0,0.0
2019,1,PIURA,SULLANA,0,0,0,0,0.0,0.0
2019,2,PIURA,SULLANA,4,138,13,151,0.0,0.0
2019,3,PIURA,SULLANA,1,0,0,0,0.0,0.0
2019,4,PIURA,SULLANA,1,0,2,2,0.0,0.0
2019,5,PIURA,SULLANA,0,0,0,0,0.0,0.0
2019,6,PIURA,SULLANA,0,0,0,0,0.0,0.0
2019,7,PIURA,SULLANA,0,0,0,0,0.0,0.0
2019,8,PIURA,SULLANA,0,0,0,0,0.0,0.0
2019,9,PIURA,SULLANA,0,0,0,0,0.0,0.0
2019,10,PIURA,SULLANA,0,0,0,0,0.0,0.0
2019,11,PIURA,SULLANA,0,0,0,0,0.0,0.0
2019,12,PIURA,SULLANA,0,0,0,0,0.0,0.0
2020,1,PIURA,SULLANA,2,7,0,7,0.0,0.0
2020,2,PIURA,SULLANA,2,12,0,12,0.0,0.0
2020,3,PIURA,SULLANA,1,7,0,7,0.0,0.0
2020,4,PIURA,SULLANA,1,1,0,1,0.0,0.0
2020,5,PIURA,SULLANA,0,0,0,0,0.0,0.0
2020,6,PIURA,SULLANA,0,0,0,0,0.0,0.0
2020,7,PIURA,SULLANA,0,0,0,0,0.0,0.0
2020,8,PIURA,SULLANA,1,1,0,1,0.0,0.0
2020,9,PIURA,SULLANA,0,0,0,0,0.0,0.0
2020,10,PIURA,SULLANA,0,0,0,0,0.0,0.0
2020,11,PIURA,SULLANA,0,0,0,0,0.0,0.0
2020,12,PIURA,SULLANA,0,0,0,0,0.0,0.0
2021,1,PIURA,SULLANA,0,0,0,0,0.0,0.0
2021,2,PIURA,SULLANA,2,7,0,7,0.0,0.0
2021,3,PIURA,SULLANA,7,1620,53,1673,0.0,130.5
2021,4,PIURA,SULLANA,1,446,0,446,0.0,0.0
2021,5,PIURA,SULLANA,0,0,0,0,0.0,0.0
2021,6,PIURA,SULLANA,0,0,0,0,0.0,0.0
2021,7,PIURA,SULLANA,0,0,0,0,0.0,0.0
2021,8,PIURA,SULLANA,0,0,0,0,0.0,0.0
2021,9,PIURA,SULLANA,1,4,0,4,0.0,0.0
2021,10,PIURA,SULLANA,1,0,3,3,0.0,0.0
2021,11,PIURA,SULLANA,1,0,3,3,0.0,0.0
2021,12,PIURA,SULLANA,0,0,0,0,0.0,0.0
2022,1,PIURA,SULLANA,2,8,0,8,0.0,0.0
2022,2,PIURA,SULLANA,0,0,0,0,0.0,0.0
2022,3,PIURA,SULLANA,4,6,5,11,0.0,0.0
2022,4,PIURA,SULLANA,0,0,0,0,0.0,0.0
2022,5,PIURA,SULLANA,1,0,3,3,0.0,0.0
2022,6,PIURA,SULLANA,1,0,0,0,0.0,0.0
2022,7,PIURA,SULLANA,0,0,0,0,0.0,0.0
2022,8,PIURA,SULLANA,0,0,0,0,0.0,0.0
2022,9,PIURA,SULLANA,0,0,0,0,0.0,0.0
2022,10,PIURA,SULLANA,0,0,0,0,0.0,0.0
2022,11,PIURA,SULLANA,0,0,0,0,0.0,0.0
2022,12,PIURA,SULLANA,1,6,0,6,0.0,0.0
2023,1,PIURA,SULLANA,2,7,4,11,0.0,0.0
2023,2,PIURA,SULLANA,9,2434,90,2524,44.8,47.8
2023,3,PIURA,SULLANA,17,12337,1382,13719,12.0,480.68
2023,4,PIURA,SULLANA,18,18944,1967,20911,85.19,635.54
2023,5,PIURA,SULLANA,1,166,41,207,0.0,0.0
2023,6,PIURA,SULLANA,1,2,0,2,0.0,0.0
2023,7,PIURA,SULLANA,0,0,0,0,0.0,0.0
2023,8,PIURA,SULLANA,0,0,0,0,0.0,0.0
2023,9,PIURA,SULLANA,0,0,0,0,0.0,0.0
2023,10,PIURA,SULLANA,2,138,0,138,0.0,0.0
2023,11,PIURA,SULLANA,0,0,0,0,0.0,0.0
2023,12,PIURA,SULLANA,0,0,0,0,0.0,0.0
2024,1,PIURA,SULLANA,0,0,0,0,0.0,0.0
2024,2,PIURA,SULLANA,7,190,39,229,0.0,0.0
2024,3,PIURA,SULLANA,1,5,0,5,0.0,0.0
2024,4,PIURA,SULLANA,2,194,146,340,0.0,0.0
2024,5,PIURA,SULLANA,0,0,0,0,0.0,0.0
2024,6,PIURA,SULLANA,0,0,0,0,0.0,0.0
2024,7,PIURA,SULLANA,0,0,0,0,0.0,0.0
2024,8,PIURA,SULLANA,0,0,0,0,0.0,0.0
2024,9,PIURA,SULLANA,1,2,0,2,0.0,0.0
2024,10,PIURA,SULLANA,1,8,0,8,0.0,0.0
2024,11,PIURA,SULLANA,6,462,0,462,3.0,2.0
2024,12,PIURA,SULLANA,2,36,0,36,0.0,0.0
2025,1,PIURA,SULLANA,7,51,0,51,17.0,15.5
2025,2,PIURA,SULLANA,12,233,37,270,0.0,0.0
2025,3,PIURA,SULLANA,20,2320,310,2630,0.0,296.48
2025,4,PIURA,SULLANA,3,5,2,7,0.0,0.0
2025,5,PIURA,SULLANA,4,11,33,44,0.0,0.0
2025,6,PIURA,SULLANA,0,0,0,0,0.0,0.0
2025,7,PIURA,SULLANA,3,10,0,10,0.0,0.0
2025,8,PIURA,SULLANA,3,16,0,16,0.0,0.0
2025,9,PIURA,SULLANA,2,14,0,14,0.0,0.0
2025,10,PIURA,SULLANA,2,6,0,6,0.0,0.0
2025,11,PIURA,SULLANA,0,0,0,0,0.0,0.0
2025,12,PIURA,SULLANA,1,3,0,3,0.0,0.0
2016,1,PIURA,TALARA,0,0,0,0,0.0,0.0
2016,2,PIURA,TALARA,0,0,0,0,0.0,0.0
2016,3,PIURA,TALARA,1,0,0,0,0.0,0.0
2016,4,PIURA,TALARA,0,0,0,0,0.0,0.0
2016,5,PIURA,TALARA,0,0,0,0,0.0,0.0
2016,6,PIURA,TALARA,0,0,0,0,0.0,0.0
2016,7,PIURA,TALARA,0,0,0,0,0.0,0.0
2016,8,PIURA,TALARA,0,0,0,0,0.0,0.0
2016,9,PIURA,TALARA,0,0,0,0,0.0,0.0
2016,10,PIURA,TALARA,0,0,0,0,0.0,0.0
2016,11,PIURA,TALARA,1,0,0,0,0.0,0.0
2016,12,PIURA,TALARA,1,15,0,15,0.0,0.0
2017,1,PIURA,TALARA,4,250,69,319,0.0,0.0
2017,2,PIURA,TALARA,10,7275,244,7519,0.0,0.0
2017,3,PIURA,TALARA,11,10844,3132,13976,0.0,0.0
2017,4,PIURA,TALARA,0,0,0,0,0.0,0.0
2017,5,PIURA,TALARA,0,0,0,0,0.0,0.0
2017,6,PIURA,TALARA,0,0,0,0,0.0,0.0
2017,7,PIURA,TALARA,0,0,0,0,0.0,0.0
2017,8,PIURA,TALARA,0,0,0,0,0.0,0.0
2017,9,PIURA,TALARA,1,0,0,0,0.0,0.0
2017,10,PIURA,TALARA,0,0,0,0,0.0,0.0
2017,11,PIURA,TALARA,0,0,0,0,0.0,0.0
2017,12,PIURA,TALARA,1,5,0,5,0.0,0.0
2018,1,PIURA,TALARA,0,0,0,0,0.0,0.0
2018,2,PIURA,TALARA,0,0,0,0,0.0,0.0
2018,3,PIURA,TALARA,0,0,0,0,0.0,0.0
2018,4,PIURA,TALARA,0,0,0,0,0.0,0.0
2018,5,PIURA,TALARA,2,0,0,0,0.0,0.0
2018,6,PIURA,TALARA,0,0,0,0,0.0,0.0
2018,7,PIURA,TALARA,0,0,0,0,0.0,0.0
2018,8,PIURA,TALARA,0,0,0,0,0.0,0.0
2018,9,PIURA,TALARA,0,0,0,0,0.0,0.0
2018,10,PIURA,TALARA,0,0,0,0,0.0,0.0
2018,11,PIURA,TALARA,0,0,0,0,0.0,0.0
2018,12,PIURA,TALARA,1,0,0,0,0.0,0.0
2019,1,PIURA,TALARA,0,0,0,0,0.0,0.0
2019,2,PIURA,TALARA,1,18,0,18,0.0,0.0
2019,3,PIURA,TALARA,0,0,0,0,0.0,0.0
2019,4,PIURA,TALARA,0,0,0,0,0.0,0.0
2019,5,PIURA,TALARA,0,0,0,0,0.0,0.0
2019,6,PIURA,TALARA,0,0,0,0,0.0,0.0
2019,7,PIURA,TALARA,0,0,0,0,0.0,0.0
2019,8,PIURA,TALARA,0,0,0,0,0.0,0.0
2019,9,PIURA,TALARA,0,0,0,0,0.0,0.0
2019,10,PIURA,TALARA,0,0,0,0,0.0,0.0
2019,11,PIURA,TALARA,0,0,0,0,0.0,0.0
2019,12,PIURA,TALARA,0,0,0,0,0.0,0.0
2020,1,PIURA,TALARA,0,0,0,0,0.0,0.0
2020,2,PIURA,TALARA,0,0,0,0,0.0,0.0
2020,3,PIURA,TALARA,0,0,0,0,0.0,0.0
2020,4,PIURA,TALARA,0,0,0,0,0.0,0.0
2020,5,PIURA,TALARA,0,0,0,0,0.0,0.0
2020,6,PIURA,TALARA,0,0,0,0,0.0,0.0
2020,7,PIURA,TALARA,0,0,0,0,0.0,0.0
2020,8,PIURA,TALARA,0,0,0,0,0.0,0.0
2020,9,PIURA,TALARA,0,0,0,0,0.0,0.0
2020,10,PIURA,TALARA,1,1118,0,1118,0.0,0.0
2020,11,PIURA,TALARA,0,0,0,0,0.0,0.0
2020,12,PIURA,TALARA,0,0,0,0,0.0,0.0
2021,1,PIURA,TALARA,0,0,0,0,0.0,0.0
2021,2,PIURA,TALARA,0,0,0,0,0.0,0.0
2021,3,PIURA,TALARA,7,878,40,918,0.0,0.0
2021,4,PIURA,TALARA,0,0,0,0,0.0,0.0
2021,5,PIURA,TALARA,1,2,0,2,0.0,0.0
2021,6,PIURA,TALARA,0,0,0,0,0.0,0.0
2021,7,PIURA,TALARA,0,0,0,0,0.0,0.0
2021,8,PIURA,TALARA,0,0,0,0,0.0,0.0
2021,9,PIURA,TALARA,0,0,0,0,0.0,0.0
2021,10,PIURA,TALARA,0,0,0,0,0.0,0.0
2021,11,PIURA,TALARA,0,0,0,0,0.0,0.0
2021,12,PIURA,TALARA,0,0,0,0,0.0,0.0
2022,1,PIURA,TALARA,0,0,0,0,0.0,0.0
2022,2,PIURA,TALARA,0,0,0,0,0.0,0.0
2022,3,PIURA,TALARA,0,0,0,0,0.0,0.0
2022,4,PIURA,TALARA,0,0,0,0,0.0,0.0
2022,5,PIURA,TALARA,0,0,0,0,0.0,0.0
2022,6,PIURA,TALARA,0,0,0,0,0.0,0.0
2022,7,PIURA,TALARA,0,0,0,0,0.0,0.0
2022,8,PIURA,TALARA,0,0,0,0,0.0,0.0
2022,9,PIURA,TALARA,0,0,0,0,0.0,0.0
2022,10,PIURA,TALARA,0,0,0,0,0.0,0.0
2022,11,PIURA,TALARA,0,0,0,0,0.0,0.0
2022,12,PIURA,TALARA,0,0,0,0,0.0,0.0
2023,1,PIURA,TALARA,0,0,0,0,0.0,0.0
2023,2,PIURA,TALARA,1,5,0,5,0.0,0.0
2023,3,PIURA,TALARA,11,3913,286,4199,0.0,0.0
2023,4,PIURA,TALARA,13,5655,1138,6793,0.0,0.0
2023,5,PIURA,TALARA,1,12,30,42,0.0,0.0
2023,6,PIURA,TALARA,1,0,1,1,0.0,0.0
2023,7,PIURA,TALARA,1,4,0,4,0.0,0.0
2023,8,PIURA,TALARA,0,0,0,0,0.0,0.0
2023,9,PIURA,TALARA,0,0,0,0,0.0,0.0
2023,10,PIURA,TALARA,0,0,0,0,0.0,0.0
2023,11,PIURA,TALARA,2,8,1,9,0.0,0.0
2023,12,PIURA,TALARA,0,0,0,0,0.0,0.0
2024,1,PIURA,TALARA,0,0,0,0,0.0,0.0
2024,2,PIURA,TALARA,2,136,58,194,0.0,0.0
2024,3,PIURA,TALARA,0,0,0,0,0.0,0.0
2024,4,PIURA,TALARA,0,0,0,0,0.0,0.0
2024,5,PIURA,TALARA,0,0,0,0,0.0,0.0
2024,6,PIURA,TALARA,0,0,0,0,0.0,0.0
2024,7,PIURA,TALARA,0,0,0,0,0.0,0.0
2024,8,PIURA,TALARA,1,4,0,4,0.0,0.0
2024,9,PIURA,TALARA,0,0,0,0,0.0,0.0
2024,10,PIURA,TALARA,0,0,0,0,0.0,0.0
2024,11,PIURA,TALARA,0,0,0,0,0.0,0.0
2024,12,PIURA,TALARA,3,63,0,63,0.0,0.0
2025,1,PIURA,TALARA,2,6,0,6,0.0,0.0
2025,2,PIURA,TALARA,9,443,77,520,0.0,0.0
2025,3,PIURA,TALARA,2,54,9,63,0.0,0.0
2025,4,PIURA,TALARA,4,8,4,12,0.0,0.0
2025,5,PIURA,TALARA,0,0,0,0,0.0,0.0
2025,6,PIURA,TALARA,0,0,0,0,0.0,0.0
2025,7,PIURA,TALARA,0,0,0,0,0.0,0.0
2025,8,PIURA,TALARA,0,0,0,0,0.0,0.0
2025,9,PIURA,TALARA,1,0,4,4,0.0,0.0
2025,10,PIURA,TALARA,0,0,0,0,0.0,0.0
2025,11,PIURA,TALARA,1,2,0,2,0.0,0.0
2025,12,PIURA,TALARA,0,0,0,0,0.0,0.0
2016,1,PUNO,CARABAYA,11,6,0,6,0.0,0.0
2016,2,PUNO,CARABAYA,16,32,8,40,0.0,11289.0
2016,3,PUNO,CARABAYA,0,0,0,0,0.0,0.0
2016,4,PUNO,CARABAYA,1,4,0,4,0.0,0.0
2016,5,PUNO,CARABAYA,0,0,0,0,0.0,0.0
2016,6,PUNO,CARABAYA,10,23391,0,23391,0.0,0.0
2016,7,PUNO,CARABAYA,7,6498,0,6498,0.0,0.0
2016,8,PUNO,CARABAYA,1,35,0,35,0.0,10.0
2016,9,PUNO,CARABAYA,0,0,0,0,0.0,0.0
2016,10,PUNO,CARABAYA,2,7,8,15,0.0,0.0
2016,11,PUNO,CARABAYA,0,0,0,0,0.0,0.0
2016,12,PUNO,CARABAYA,1,2,6,8,0.0,0.0
2017,1,PUNO,CARABAYA,2,0,0,0,0.0,0.0
2017,2,PUNO,CARABAYA,2,0,0,0,0.0,0.0
2017,3,PUNO,CARABAYA,5,1,0,1,0.0,0.0
2017,4,PUNO,CARABAYA,4,2,0,2,0.0,0.0
2017,5,PUNO,CARABAYA,1,1,0,1,0.0,0.0
2017,6,PUNO,CARABAYA,1,200,0,200,0.0,0.0
2017,7,PUNO,CARABAYA,0,0,0,0,0.0,0.0
2017,8,PUNO,CARABAYA,3,227,0,227,0.0,0.0
2017,9,PUNO,CARABAYA,2,9,0,9,0.0,0.0
2017,10,PUNO,CARABAYA,1,0,0,0,0.0,0.0
2017,11,PUNO,CARABAYA,1,6,0,6,0.0,0.0
2017,12,PUNO,CARABAYA,2,20,0,20,0.0,0.0
2018,1,PUNO,CARABAYA,2,33,0,33,0.0,0.0
2018,2,PUNO,CARABAYA,12,0,42,42,0.0,0.0
2018,3,PUNO,CARABAYA,6,228,16,244,0.0,0.0
2018,4,PUNO,CARABAYA,0,0,0,0,0.0,0.0
2018,5,PUNO,CARABAYA,0,0,0,0,0.0,0.0
2018,6,PUNO,CARABAYA,14,16083,0,16083,0.0,0.0
2018,7,PUNO,CARABAYA,6,14609,0,14609,0.0,0.0
2018,8,PUNO,CARABAYA,1,2,0,2,0.0,0.0
2018,9,PUNO,CARABAYA,0,0,0,0,0.0,0.0
2018,10,PUNO,CARABAYA,0,0,0,0,0.0,0.0
2018,11,PUNO,CARABAYA,1,7,0,7,0.0,0.0
2018,12,PUNO,CARABAYA,0,0,0,0,0.0,0.0
2019,1,PUNO,CARABAYA,0,0,0,0,0.0,0.0
2019,2,PUNO,CARABAYA,0,0,0,0,0.0,0.0
2019,3,PUNO,CARABAYA,0,0,0,0,0.0,0.0
2019,4,PUNO,CARABAYA,0,0,0,0,0.0,0.0
2019,5,PUNO,CARABAYA,0,0,0,0,0.0,0.0
2019,6,PUNO,CARABAYA,0,0,0,0,0.0,0.0
2019,7,PUNO,CARABAYA,0,0,0,0,0.0,0.0
2019,8,PUNO,CARABAYA,0,0,0,0,0.0,0.0
2019,9,PUNO,CARABAYA,0,0,0,0,0.0,0.0
2019,10,PUNO,CARABAYA,0,0,0,0,0.0,0.0
2019,11,PUNO,CARABAYA,0,0,0,0,0.0,0.0
2019,12,PUNO,CARABAYA,0,0,0,0,0.0,0.0
2020,1,PUNO,CARABAYA,4,266,68,334,54.5,83.5
2020,2,PUNO,CARABAYA,11,329,13,342,0.0,0.0
2020,3,PUNO,CARABAYA,4,17,0,17,0.0,0.0
2020,4,PUNO,CARABAYA,0,0,0,0,0.0,0.0
2020,5,PUNO,CARABAYA,0,0,0,0,0.0,0.0
2020,6,PUNO,CARABAYA,0,0,0,0,0.0,0.0
2020,7,PUNO,CARABAYA,2,2,0,2,0.0,0.0
2020,8,PUNO,CARABAYA,1,2,0,2,0.0,0.0
2020,9,PUNO,CARABAYA,2,100,16,116,0.0,0.0
2020,10,PUNO,CARABAYA,1,46,5,51,0.0,0.0
2020,11,PUNO,CARABAYA,2,0,0,0,8.65,529.85
2020,12,PUNO,CARABAYA,2,27,0,27,0.0,14.8
2021,1,PUNO,CARABAYA,2,57,40,97,64.83,132.81
2021,2,PUNO,CARABAYA,2,25,1,26,27.8,27.8
2021,3,PUNO,CARABAYA,6,127,18,145,6.0,6.0
2021,4,PUNO,CARABAYA,1,0,1,1,0.0,0.0
2021,5,PUNO,CARABAYA,3,2,0,2,2.9,4.5
2021,6,PUNO,CARABAYA,0,0,0,0,0.0,0.0
2021,7,PUNO,CARABAYA,1,271,0,271,0.0,0.0
2021,8,PUNO,CARABAYA,0,0,0,0,0.0,0.0
2021,9,PUNO,CARABAYA,0,0,0,0,0.0,0.0
2021,10,PUNO,CARABAYA,0,0,0,0,0.0,0.0
2021,11,PUNO,CARABAYA,0,0,0,0,0.0,0.0
2021,12,PUNO,CARABAYA,1,0,0,0,1.0,1.0
2022,1,PUNO,CARABAYA,3,42,4,46,205.85,316.2
2022,2,PUNO,CARABAYA,5,6,8,14,189.11,138.25
2022,3,PUNO,CARABAYA,6,108,2,110,115.0,231.0
2022,4,PUNO,CARABAYA,1,0,1,1,2.0,30.0
2022,5,PUNO,CARABAYA,1,2,0,2,2.0,5.0
2022,6,PUNO,CARABAYA,1,0,0,0,0.0,0.0
2022,7,PUNO,CARABAYA,0,0,0,0,0.0,0.0
2022,8,PUNO,CARABAYA,1,5,0,5,11.0,20.0
2022,9,PUNO,CARABAYA,2,9,5,14,0.0,0.0
2022,10,PUNO,CARABAYA,1,2,0,2,0.0,0.0
2022,11,PUNO,CARABAYA,2,1,2,3,104.2,22.5
2022,12,PUNO,CARABAYA,1,15,0,15,0.4,0.4
2023,1,PUNO,CARABAYA,2,35,8,43,0.0,0.0
2023,2,PUNO,CARABAYA,5,0,0,0,6727.97,8407.97
2023,3,PUNO,CARABAYA,1,0,0,0,0.0,0.0
2023,4,PUNO,CARABAYA,1,0,0,0,0.14,2.86
2023,5,PUNO,CARABAYA,0,0,0,0,0.0,0.0
2023,6,PUNO,CARABAYA,2,1235,0,1235,0.0,0.0
2023,7,PUNO,CARABAYA,6,29,0,29,176.28,698.68
2023,8,PUNO,CARABAYA,9,2612,0,2612,16.15,53.61
2023,9,PUNO,CARABAYA,5,4338,0,4338,26.05,47.7
2023,10,PUNO,CARABAYA,6,287,1,288,5.42,603.26
2023,11,PUNO,CARABAYA,1,0,0,0,0.0,0.0
2023,12,PUNO,CARABAYA,1,0,0,0,0.0,0.0
2024,1,PUNO,CARABAYA,1,25,0,25,0.0,0.0
2024,2,PUNO,CARABAYA,2,26,0,26,0.0,21.0
2024,3,PUNO,CARABAYA,1,2,0,2,0.0,0.0
2024,4,PUNO,CARABAYA,0,0,0,0,0.0,0.0
2024,5,PUNO,CARABAYA,0,0,0,0,0.0,0.0
2024,6,PUNO,CARABAYA,0,0,0,0,0.0,0.0
2024,7,PUNO,CARABAYA,2,491,0,491,1.0,60.0
2024,8,PUNO,CARABAYA,2,1,27,28,0.0,0.0
2024,9,PUNO,CARABAYA,1,1,0,1,0.0,0.0
2024,10,PUNO,CARABAYA,0,0,0,0,0.0,0.0
2024,11,PUNO,CARABAYA,0,0,0,0,0.0,0.0
2024,12,PUNO,CARABAYA,1,1,0,1,0.0,0.0
2025,1,PUNO,CARABAYA,4,12,34,46,0.0,0.0
2025,2,PUNO,CARABAYA,7,63,31,94,0.0,0.0
2025,3,PUNO,CARABAYA,9,255,2,257,44.6,198.7
2025,4,PUNO,CARABAYA,2,0,0,0,0.0,0.0
2025,5,PUNO,CARABAYA,1,438,0,438,0.0,0.0
2025,6,PUNO,CARABAYA,0,0,0,0,0.0,0.0
2025,7,PUNO,CARABAYA,2,1732,0,1732,0.0,0.0
2025,8,PUNO,CARABAYA,0,0,0,0,0.0,0.0
2025,9,PUNO,CARABAYA,1,8,0,8,0.0,0.0
2025,10,PUNO,CARABAYA,0,0,0,0,0.0,0.0
2025,11,PUNO,CARABAYA,2,4,6,10,0.0,0.0
2025,12,PUNO,CARABAYA,1,0,0,0,0.0,0.0
2016,1,PUNO,SANDIA,0,0,0,0,0.0,0.0
2016,2,PUNO,SANDIA,0,0,0,0,0.0,0.0
2016,3,PUNO,SANDIA,3,419,64,483,0.0,1.0
2016,4,PUNO,SANDIA,0,0,0,0,0.0,0.0
2016,5,PUNO,SANDIA,1,41,0,41,0.0,0.0
2016,6,PUNO,SANDIA,4,4841,0,4841,0.0,0.0
2016,7,PUNO,SANDIA,8,46658,0,46658,0.0,0.0
2016,8,PUNO,SANDIA,0,0,0,0,0.0,0.0
2016,9,PUNO,SANDIA,0,0,0,0,0.0,0.0
2016,10,PUNO,SANDIA,1,0,0,0,0.0,0.0
2016,11,PUNO,SANDIA,0,0,0,0,0.0,0.0
2016,12,PUNO,SANDIA,0,0,0,0,0.0,0.0
2017,1,PUNO,SANDIA,1,0,0,0,0.0,0.0
2017,2,PUNO,SANDIA,1,40,0,40,0.0,0.0
2017,3,PUNO,SANDIA,6,12,28,40,0.0,0.0
2017,4,PUNO,SANDIA,3,0,20,20,0.0,0.0
2017,5,PUNO,SANDIA,0,0,0,0,0.0,0.0
2017,6,PUNO,SANDIA,0,0,0,0,0.0,0.0
2017,7,PUNO,SANDIA,0,0,0,0,0.0,0.0
2017,8,PUNO,SANDIA,4,0,0,0,0.0,0.0
2017,9,PUNO,SANDIA,2,0,3,3,0.0,0.0
2017,10,PUNO,SANDIA,1,0,0,0,0.0,0.0
2017,11,PUNO,SANDIA,0,0,0,0,0.0,0.0
2017,12,PUNO,SANDIA,5,0,3,3,0.0,0.0
2018,1,PUNO,SANDIA,4,3,8,11,0.0,0.0
2018,2,PUNO,SANDIA,4,12,2,14,0.0,0.0
2018,3,PUNO,SANDIA,1,128,77,205,0.0,0.0
2018,4,PUNO,SANDIA,0,0,0,0,0.0,0.0
2018,5,PUNO,SANDIA,0,0,0,0,0.0,0.0
2018,6,PUNO,SANDIA,1,132,0,132,0.0,0.0
2018,7,PUNO,SANDIA,0,0,0,0,0.0,0.0
2018,8,PUNO,SANDIA,3,2523,0,2523,0.0,0.0
2018,9,PUNO,SANDIA,0,0,0,0,0.0,0.0
2018,10,PUNO,SANDIA,0,0,0,0,0.0,0.0
2018,11,PUNO,SANDIA,2,226,52,278,0.0,0.0
2018,12,PUNO,SANDIA,1,7,0,7,0.0,0.0
2019,1,PUNO,SANDIA,0,0,0,0,0.0,0.0
2019,2,PUNO,SANDIA,0,0,0,0,0.0,0.0
2019,3,PUNO,SANDIA,0,0,0,0,0.0,0.0
2019,4,PUNO,SANDIA,0,0,0,0,0.0,0.0
2019,5,PUNO,SANDIA,0,0,0,0,0.0,0.0
2019,6,PUNO,SANDIA,0,0,0,0,0.0,0.0
2019,7,PUNO,SANDIA,0,0,0,0,0.0,0.0
2019,8,PUNO,SANDIA,0,0,0,0,0.0,0.0
2019,9,PUNO,SANDIA,0,0,0,0,0.0,0.0
2019,10,PUNO,SANDIA,0,0,0,0,0.0,0.0
2019,11,PUNO,SANDIA,0,0,0,0,0.0,0.0
2019,12,PUNO,SANDIA,0,0,0,0,0.0,0.0
2020,1,PUNO,SANDIA,1,0,0,0,0.0,0.0
2020,2,PUNO,SANDIA,10,859,163,1022,17.18,31.17
2020,3,PUNO,SANDIA,8,2,344,346,0.0,6.87
2020,4,PUNO,SANDIA,0,0,0,0,0.0,0.0
2020,5,PUNO,SANDIA,0,0,0,0,0.0,0.0
2020,6,PUNO,SANDIA,0,0,0,0,0.0,0.0
2020,7,PUNO,SANDIA,0,0,0,0,0.0,0.0
2020,8,PUNO,SANDIA,0,0,0,0,0.0,0.0
2020,9,PUNO,SANDIA,0,0,0,0,0.0,0.0
2020,10,PUNO,SANDIA,1,17,0,17,0.0,0.0
2020,11,PUNO,SANDIA,1,0,0,0,8.95,8.95
2020,12,PUNO,SANDIA,0,0,0,0,0.0,0.0
2021,1,PUNO,SANDIA,11,403,217,620,10.6,13.6
2021,2,PUNO,SANDIA,4,253,38,291,0.0,0.0
2021,3,PUNO,SANDIA,1,391,125,516,0.0,0.0
2021,4,PUNO,SANDIA,0,0,0,0,0.0,0.0
2021,5,PUNO,SANDIA,0,0,0,0,0.0,0.0
2021,6,PUNO,SANDIA,1,0,33,33,2.0,2.75
2021,7,PUNO,SANDIA,0,0,0,0,0.0,0.0
2021,8,PUNO,SANDIA,0,0,0,0,0.0,0.0
2021,9,PUNO,SANDIA,0,0,0,0,0.0,0.0
2021,10,PUNO,SANDIA,1,0,13,13,0.0,0.0
2021,11,PUNO,SANDIA,0,0,0,0,0.0,0.0
2021,12,PUNO,SANDIA,2,60,25,85,4.0,6.0
2022,1,PUNO,SANDIA,5,27,91,118,12.0,17.0
2022,2,PUNO,SANDIA,13,50,97,147,5.05,20.0
2022,3,PUNO,SANDIA,4,58,26,84,0.0,0.0
2022,4,PUNO,SANDIA,0,0,0,0,0.0,0.0
2022,5,PUNO,SANDIA,0,0,0,0,0.0,0.0
2022,6,PUNO,SANDIA,0,0,0,0,0.0,0.0
2022,7,PUNO,SANDIA,0,0,0,0,0.0,0.0
2022,8,PUNO,SANDIA,0,0,0,0,0.0,0.0
2022,9,PUNO,SANDIA,1,177,0,177,0.0,0.0
2022,10,PUNO,SANDIA,0,0,0,0,0.0,0.0
2022,11,PUNO,SANDIA,0,0,0,0,0.0,0.0
2022,12,PUNO,SANDIA,0,0,0,0,0.0,0.0
2023,1,PUNO,SANDIA,0,0,0,0,0.0,0.0
2023,2,PUNO,SANDIA,2,213,2,215,15.93,0.75
2023,3,PUNO,SANDIA,1,60,42,102,0.0,0.0
2023,4,PUNO,SANDIA,0,0,0,0,0.0,0.0
2023,5,PUNO,SANDIA,0,0,0,0,0.0,0.0
2023,6,PUNO,SANDIA,0,0,0,0,0.0,0.0
2023,7,PUNO,SANDIA,0,0,0,0,0.0,0.0
2023,8,PUNO,SANDIA,1,40,0,40,0.0,0.0
2023,9,PUNO,SANDIA,9,1197,0,1197,288.0,1126.75
2023,10,PUNO,SANDIA,0,0,0,0,0.0,0.0
2023,11,PUNO,SANDIA,1,0,0,0,0.0,493.3
2023,12,PUNO,SANDIA,1,6,3,9,0.02,0.02
2024,1,PUNO,SANDIA,1,4,6,10,0.65,0.61
2024,2,PUNO,SANDIA,6,822,16,838,15.29,61.9
2024,3,PUNO,SANDIA,3,188,6,194,2.68,3.8
2024,4,PUNO,SANDIA,3,488,52,540,125.52,397.39
2024,5,PUNO,SANDIA,2,22,1,23,0.0,0.0
2024,6,PUNO,SANDIA,1,8,3,11,0.0,0.0
2024,7,PUNO,SANDIA,9,1160,2,1162,0.0,1.13
2024,8,PUNO,SANDIA,3,6,1,7,0.0,0.0
2024,9,PUNO,SANDIA,2,147,0,147,5.39,11.3
2024,10,PUNO,SANDIA,5,225,0,225,0.0,0.0
2024,11,PUNO,SANDIA,4,7,4,11,0.0,0.0
2024,12,PUNO,SANDIA,3,1,5,6,0.0,0.0
2025,1,PUNO,SANDIA,7,7,12,19,0.03,0.0
2025,2,PUNO,SANDIA,7,315,41,356,0.0,0.0
2025,3,PUNO,SANDIA,23,688,140,828,0.2,1.0
2025,4,PUNO,SANDIA,14,125,66,191,3.8,4.8
2025,5,PUNO,SANDIA,2,7,0,7,0.0,0.0
2025,6,PUNO,SANDIA,3,310,12,322,0.0,0.0
2025,7,PUNO,SANDIA,1,0,2,2,0.0,0.0
2025,8,PUNO,SANDIA,0,0,0,0,0.0,0.0
2025,9,PUNO,SANDIA,4,481,5,486,0.0,0.0
2025,10,PUNO,SANDIA,1,0,2,2,0.0,0.0
2025,11,PUNO,SANDIA,3,3,3,6,0.0,0.0
2025,12,PUNO,SANDIA,3,2,22,24,0.0,0.0
2016,1,SAN MARTIN,BELLAVISTA,0,0,0,0,0.0,0.0
2016,2,SAN MARTIN,BELLAVISTA,0,0,0,0,0.0,0.0
2016,3,SAN MARTIN,BELLAVISTA,2,103,11,114,0.0,0.0
2016,4,SAN MARTIN,BELLAVISTA,0,0,0,0,0.0,0.0
2016,5,SAN MARTIN,BELLAVISTA,0,0,0,0,0.0,0.0
2016,6,SAN MARTIN,BELLAVISTA,0,0,0,0,0.0,0.0
2016,7,SAN MARTIN,BELLAVISTA,0,0,0,0,0.0,0.0
2016,8,SAN MARTIN,BELLAVISTA,1,6,25,31,0.0,0.0
2016,9,SAN MARTIN,BELLAVISTA,1,0,11,11,0.0,0.0
2016,10,SAN MARTIN,BELLAVISTA,0,0,0,0,0.0,0.0
2016,11,SAN MARTIN,BELLAVISTA,1,0,168,168,0.0,0.0
2016,12,SAN MARTIN,BELLAVISTA,0,0,0,0,0.0,0.0
2017,1,SAN MARTIN,BELLAVISTA,0,0,0,0,0.0,0.0
2017,2,SAN MARTIN,BELLAVISTA,1,0,32,32,0.0,0.0
2017,3,SAN MARTIN,BELLAVISTA,0,0,0,0,0.0,0.0
2017,4,SAN MARTIN,BELLAVISTA,0,0,0,0,0.0,0.0
2017,5,SAN MARTIN,BELLAVISTA,0,0,0,0,0.0,0.0
2017,6,SAN MARTIN,BELLAVISTA,0,0,0,0,0.0,0.0
2017,7,SAN MARTIN,BELLAVISTA,0,0,0,0,0.0,0.0
2017,8,SAN MARTIN,BELLAVISTA,2,0,32,32,0.0,0.0
2017,9,SAN MARTIN,BELLAVISTA,0,0,0,0,0.0,0.0
2017,10,SAN MARTIN,BELLAVISTA,1,0,7,7,0.0,0.0
2017,11,SAN MARTIN,BELLAVISTA,1,0,8,8,0.0,0.0
2017,12,SAN MARTIN,BELLAVISTA,0,0,0,0,0.0,0.0
2018,1,SAN MARTIN,BELLAVISTA,1,51,14,65,0.0,0.0
2018,2,SAN MARTIN,BELLAVISTA,1,0,0,0,0.0,0.0
2018,3,SAN MARTIN,BELLAVISTA,1,0,9,9,0.0,0.0
2018,4,SAN MARTIN,BELLAVISTA,2,37,6,43,0.0,0.0
2018,5,SAN MARTIN,BELLAVISTA,1,53,0,53,0.0,0.0
2018,6,SAN MARTIN,BELLAVISTA,0,0,0,0,0.0,0.0
2018,7,SAN MARTIN,BELLAVISTA,1,9,0,9,0.0,0.0
2018,8,SAN MARTIN,BELLAVISTA,1,81,0,81,0.0,0.0
2018,9,SAN MARTIN,BELLAVISTA,2,29,0,29,0.0,0.0
2018,10,SAN MARTIN,BELLAVISTA,1,54,0,54,0.0,0.0
2018,11,SAN MARTIN,BELLAVISTA,1,5,0,5,0.0,0.0
2018,12,SAN MARTIN,BELLAVISTA,0,0,0,0,0.0,0.0
2019,1,SAN MARTIN,BELLAVISTA,0,0,0,0,0.0,0.0
2019,2,SAN MARTIN,BELLAVISTA,2,32,5,37,0.0,0.0
2019,3,SAN MARTIN,BELLAVISTA,4,9,8,17,0.0,0.0
2019,4,SAN MARTIN,BELLAVISTA,0,0,0,0,0.0,0.0
2019,5,SAN MARTIN,BELLAVISTA,0,0,0,0,0.0,0.0
2019,6,SAN MARTIN,BELLAVISTA,0,0,0,0,0.0,0.0
2019,7,SAN MARTIN,BELLAVISTA,1,0,0,0,0.0,0.0
2019,8,SAN MARTIN,BELLAVISTA,0,0,0,0,0.0,0.0
2019,9,SAN MARTIN,BELLAVISTA,0,0,0,0,0.0,0.0
2019,10,SAN MARTIN,BELLAVISTA,1,0,0,0,0.0,0.0
2019,11,SAN MARTIN,BELLAVISTA,3,8,9,17,0.0,0.0
2019,12,SAN MARTIN,BELLAVISTA,0,0,0,0,0.0,0.0
2020,1,SAN MARTIN,BELLAVISTA,1,0,0,0,0.0,0.0
2020,2,SAN MARTIN,BELLAVISTA,0,0,0,0,0.0,0.0
2020,3,SAN MARTIN,BELLAVISTA,2,15,4,19,0.0,0.0
2020,4,SAN MARTIN,BELLAVISTA,0,0,0,0,0.0,0.0
2020,5,SAN MARTIN,BELLAVISTA,0,0,0,0,0.0,0.0
2020,6,SAN MARTIN,BELLAVISTA,0,0,0,0,0.0,0.0
2020,7,SAN MARTIN,BELLAVISTA,0,0,0,0,0.0,0.0
2020,8,SAN MARTIN,BELLAVISTA,0,0,0,0,0.0,0.0
2020,9,SAN MARTIN,BELLAVISTA,0,0,0,0,0.0,0.0
2020,10,SAN MARTIN,BELLAVISTA,3,0,91,91,0.0,0.0
2020,11,SAN MARTIN,BELLAVISTA,2,9,22,31,0.0,0.0
2020,12,SAN MARTIN,BELLAVISTA,0,0,0,0,0.0,0.0
2021,1,SAN MARTIN,BELLAVISTA,0,0,0,0,0.0,0.0
2021,2,SAN MARTIN,BELLAVISTA,1,0,49,49,0.0,0.0
2021,3,SAN MARTIN,BELLAVISTA,3,0,165,165,0.0,0.0
2021,4,SAN MARTIN,BELLAVISTA,1,131,110,241,0.0,0.0
2021,5,SAN MARTIN,BELLAVISTA,0,0,0,0,0.0,0.0
2021,6,SAN MARTIN,BELLAVISTA,1,18,20,38,5.0,0.0
2021,7,SAN MARTIN,BELLAVISTA,0,0,0,0,0.0,0.0
2021,8,SAN MARTIN,BELLAVISTA,2,20,20,40,0.0,0.0
2021,9,SAN MARTIN,BELLAVISTA,3,0,35,35,0.0,0.0
2021,10,SAN MARTIN,BELLAVISTA,0,0,0,0,0.0,0.0
2021,11,SAN MARTIN,BELLAVISTA,2,71,26,97,0.0,0.0
2021,12,SAN MARTIN,BELLAVISTA,0,0,0,0,0.0,0.0
2022,1,SAN MARTIN,BELLAVISTA,0,0,0,0,0.0,0.0
2022,2,SAN MARTIN,BELLAVISTA,0,0,0,0,0.0,0.0
2022,3,SAN MARTIN,BELLAVISTA,0,0,0,0,0.0,0.0
2022,4,SAN MARTIN,BELLAVISTA,0,0,0,0,0.0,0.0
2022,5,SAN MARTIN,BELLAVISTA,1,0,0,0,0.0,0.0
2022,6,SAN MARTIN,BELLAVISTA,0,0,0,0,0.0,0.0
2022,7,SAN MARTIN,BELLAVISTA,1,37,0,37,0.0,0.0
2022,8,SAN MARTIN,BELLAVISTA,4,17,14,31,0.0,0.0
2022,9,SAN MARTIN,BELLAVISTA,2,5,22,27,0.0,0.0
2022,10,SAN MARTIN,BELLAVISTA,2,7,17,24,0.0,0.0
2022,11,SAN MARTIN,BELLAVISTA,0,0,0,0,0.0,0.0
2022,12,SAN MARTIN,BELLAVISTA,0,0,0,0,0.0,0.0
2023,1,SAN MARTIN,BELLAVISTA,0,0,0,0,0.0,0.0
2023,2,SAN MARTIN,BELLAVISTA,1,0,0,0,0.0,0.0
2023,3,SAN MARTIN,BELLAVISTA,6,485,109,594,0.0,0.0
2023,4,SAN MARTIN,BELLAVISTA,6,998,403,1401,0.0,30.0
2023,5,SAN MARTIN,BELLAVISTA,0,0,0,0,0.0,0.0
2023,6,SAN MARTIN,BELLAVISTA,0,0,0,0,0.0,0.0
2023,7,SAN MARTIN,BELLAVISTA,0,0,0,0,0.0,0.0
2023,8,SAN MARTIN,BELLAVISTA,0,0,0,0,0.0,0.0
2023,9,SAN MARTIN,BELLAVISTA,1,0,91,91,0.0,0.0
2023,10,SAN MARTIN,BELLAVISTA,2,0,33,33,0.0,0.0
2023,11,SAN MARTIN,BELLAVISTA,0,0,0,0,0.0,0.0
2023,12,SAN MARTIN,BELLAVISTA,2,345,14,359,0.0,0.0
2024,1,SAN MARTIN,BELLAVISTA,0,0,0,0,0.0,0.0
2024,2,SAN MARTIN,BELLAVISTA,0,0,0,0,0.0,0.0
2024,3,SAN MARTIN,BELLAVISTA,2,106,16,122,0.0,0.0
2024,4,SAN MARTIN,BELLAVISTA,0,0,0,0,0.0,0.0
2024,5,SAN MARTIN,BELLAVISTA,0,0,0,0,0.0,0.0
2024,6,SAN MARTIN,BELLAVISTA,0,0,0,0,0.0,0.0
2024,7,SAN MARTIN,BELLAVISTA,0,0,0,0,0.0,0.0
2024,8,SAN MARTIN,BELLAVISTA,1,3,13,16,0.0,0.0
2024,9,SAN MARTIN,BELLAVISTA,7,6282,0,6282,8418.15,451.75
2024,10,SAN MARTIN,BELLAVISTA,3,36,303,339,0.0,0.0
2024,11,SAN MARTIN,BELLAVISTA,6,817,244,1061,11.5,0.0
2024,12,SAN MARTIN,BELLAVISTA,2,169,4,173,0.0,0.0
2025,1,SAN MARTIN,BELLAVISTA,0,0,0,0,0.0,0.0
2025,2,SAN MARTIN,BELLAVISTA,2,116,0,116,0.0,0.0
2025,3,SAN MARTIN,BELLAVISTA,1,254,5,259,0.0,191.65
2025,4,SAN MARTIN,BELLAVISTA,1,155,0,155,0.0,0.0
2025,5,SAN MARTIN,BELLAVISTA,0,0,0,0,0.0,0.0
2025,6,SAN MARTIN,BELLAVISTA,0,0,0,0,0.0,0.0
2025,7,SAN MARTIN,BELLAVISTA,0,0,0,0,0.0,0.0
2025,8,SAN MARTIN,BELLAVISTA,1,0,80,80,0.0,0.0
2025,9,SAN MARTIN,BELLAVISTA,1,0,4,4,0.0,0.0
2025,10,SAN MARTIN,BELLAVISTA,1,443,0,443,0.0,0.0
2025,11,SAN MARTIN,BELLAVISTA,5,638,66,704,2.0,60.0
2025,12,SAN MARTIN,BELLAVISTA,2,8,0,8,0.0,0.0
2016,1,SAN MARTIN,EL DORADO,1,0,192,192,0.0,0.0
2016,2,SAN MARTIN,EL DORADO,0,0,0,0,0.0,0.0
2016,3,SAN MARTIN,EL DORADO,0,0,0,0,0.0,0.0
2016,4,SAN MARTIN,EL DORADO,0,0,0,0,0.0,0.0
2016,5,SAN MARTIN,EL DORADO,0,0,0,0,0.0,0.0
2016,6,SAN MARTIN,EL DORADO,0,0,0,0,0.0,0.0
2016,7,SAN MARTIN,EL DORADO,0,0,0,0,0.0,0.0
2016,8,SAN MARTIN,EL DORADO,1,0,18,18,0.0,0.0
2016,9,SAN MARTIN,EL DORADO,1,0,28,28,0.0,0.0
2016,10,SAN MARTIN,EL DORADO,4,0,62,62,0.0,0.0
2016,11,SAN MARTIN,EL DORADO,0,0,0,0,0.0,0.0
2016,12,SAN MARTIN,EL DORADO,0,0,0,0,0.0,0.0
2017,1,SAN MARTIN,EL DORADO,0,0,0,0,0.0,0.0
2017,2,SAN MARTIN,EL DORADO,3,7,13,20,0.0,0.0
2017,3,SAN MARTIN,EL DORADO,0,0,0,0,0.0,0.0
2017,4,SAN MARTIN,EL DORADO,0,0,0,0,0.0,0.0
2017,5,SAN MARTIN,EL DORADO,0,0,0,0,0.0,0.0
2017,6,SAN MARTIN,EL DORADO,1,0,6,6,0.0,0.0
2017,7,SAN MARTIN,EL DORADO,0,0,0,0,0.0,0.0
2017,8,SAN MARTIN,EL DORADO,0,0,0,0,0.0,0.0
2017,9,SAN MARTIN,EL DORADO,1,0,12,12,0.0,0.0
2017,10,SAN MARTIN,EL DORADO,0,0,0,0,0.0,0.0
2017,11,SAN MARTIN,EL DORADO,1,0,5,5,0.0,0.0
2017,12,SAN MARTIN,EL DORADO,0,0,0,0,0.0,0.0
2018,1,SAN MARTIN,EL DORADO,0,0,0,0,0.0,0.0
2018,2,SAN MARTIN,EL DORADO,0,0,0,0,0.0,0.0
2018,3,SAN MARTIN,EL DORADO,1,0,27,27,0.0,0.0
2018,4,SAN MARTIN,EL DORADO,0,0,0,0,0.0,0.0
2018,5,SAN MARTIN,EL DORADO,0,0,0,0,0.0,0.0
2018,6,SAN MARTIN,EL DORADO,1,0,19,19,0.0,0.0
2018,7,SAN MARTIN,EL DORADO,0,0,0,0,0.0,0.0
2018,8,SAN MARTIN,EL DORADO,2,67,0,67,0.0,0.0
2018,9,SAN MARTIN,EL DORADO,0,0,0,0,0.0,0.0
2018,10,SAN MARTIN,EL DORADO,3,62,0,62,0.0,0.0
2018,11,SAN MARTIN,EL DORADO,0,0,0,0,0.0,0.0
2018,12,SAN MARTIN,EL DORADO,1,7,0,7,0.0,0.0
2019,1,SAN MARTIN,EL DORADO,0,0,0,0,0.0,0.0
2019,2,SAN MARTIN,EL DORADO,0,0,0,0,0.0,0.0
2019,3,SAN MARTIN,EL DORADO,0,0,0,0,0.0,0.0
2019,4,SAN MARTIN,EL DORADO,0,0,0,0,0.0,0.0
2019,5,SAN MARTIN,EL DORADO,0,0,0,0,0.0,0.0
2019,6,SAN MARTIN,EL DORADO,0,0,0,0,0.0,0.0
2019,7,SAN MARTIN,EL DORADO,0,0,0,0,0.0,0.0
2019,8,SAN MARTIN,EL DORADO,0,0,0,0,0.0,0.0
2019,9,SAN MARTIN,EL DORADO,1,0,17,17,0.0,0.0
2019,10,SAN MARTIN,EL DORADO,1,0,4,4,0.0,0.0
2019,11,SAN MARTIN,EL DORADO,2,15,9,24,0.0,0.0
2019,12,SAN MARTIN,EL DORADO,0,0,0,0,0.0,0.0
2020,1,SAN MARTIN,EL DORADO,1,0,10,10,0.0,0.0
2020,2,SAN MARTIN,EL DORADO,0,0,0,0,0.0,0.0
2020,3,SAN MARTIN,EL DORADO,1,0,10,10,0.0,0.0
2020,4,SAN MARTIN,EL DORADO,0,0,0,0,0.0,0.0
2020,5,SAN MARTIN,EL DORADO,2,29,15,44,0.0,0.0
2020,6,SAN MARTIN,EL DORADO,0,0,0,0,0.0,0.0
2020,7,SAN MARTIN,EL DORADO,0,0,0,0,0.0,0.0
2020,8,SAN MARTIN,EL DORADO,1,0,4,4,0.0,0.0
2020,9,SAN MARTIN,EL DORADO,2,0,27,27,0.0,0.0
2020,10,SAN MARTIN,EL DORADO,1,0,20,20,0.0,0.0
2020,11,SAN MARTIN,EL DORADO,0,0,0,0,0.0,0.0
2020,12,SAN MARTIN,EL DORADO,0,0,0,0,0.0,0.0
2021,1,SAN MARTIN,EL DORADO,0,0,0,0,0.0,0.0
2021,2,SAN MARTIN,EL DORADO,1,0,15,15,0.0,0.0
2021,3,SAN MARTIN,EL DORADO,3,105,87,192,0.0,0.0
2021,4,SAN MARTIN,EL DORADO,2,0,73,73,0.0,0.0
2021,5,SAN MARTIN,EL DORADO,0,0,0,0,0.0,0.0
2021,6,SAN MARTIN,EL DORADO,1,0,3,3,0.0,0.0
2021,7,SAN MARTIN,EL DORADO,0,0,0,0,0.0,0.0
2021,8,SAN MARTIN,EL DORADO,0,0,0,0,0.0,0.0
2021,9,SAN MARTIN,EL DORADO,1,7,0,7,0.0,0.0
2021,10,SAN MARTIN,EL DORADO,3,0,46,46,0.0,0.0
2021,11,SAN MARTIN,EL DORADO,1,3,3,6,0.0,0.0
2021,12,SAN MARTIN,EL DORADO,0,0,0,0,0.0,0.0
2022,1,SAN MARTIN,EL DORADO,1,9,11,20,0.0,0.0
2022,2,SAN MARTIN,EL DORADO,0,0,0,0,0.0,0.0
2022,3,SAN MARTIN,EL DORADO,0,0,0,0,0.0,0.0
2022,4,SAN MARTIN,EL DORADO,0,0,0,0,0.0,0.0
2022,5,SAN MARTIN,EL DORADO,0,0,0,0,0.0,0.0
2022,6,SAN MARTIN,EL DORADO,0,0,0,0,0.0,0.0
2022,7,SAN MARTIN,EL DORADO,0,0,0,0,0.0,0.0
2022,8,SAN MARTIN,EL DORADO,0,0,0,0,0.0,0.0
2022,9,SAN MARTIN,EL DORADO,2,0,11,11,0.0,0.0
2022,10,SAN MARTIN,EL DORADO,0,0,0,0,0.0,0.0
2022,11,SAN MARTIN,EL DORADO,0,0,0,0,0.0,0.0
2022,12,SAN MARTIN,EL DORADO,2,0,19,19,0.0,0.0
2023,1,SAN MARTIN,EL DORADO,0,0,0,0,0.0,0.0
2023,2,SAN MARTIN,EL DORADO,2,0,5,5,0.0,0.0
2023,3,SAN MARTIN,EL DORADO,7,108,60,168,0.0,0.0
2023,4,SAN MARTIN,EL DORADO,6,57,108,165,0.0,0.0
2023,5,SAN MARTIN,EL DORADO,1,44,6,50,0.0,0.0
2023,6,SAN MARTIN,EL DORADO,1,47,99,146,0.0,0.0
2023,7,SAN MARTIN,EL DORADO,0,0,0,0,0.0,0.0
2023,8,SAN MARTIN,EL DORADO,1,0,1,1,0.0,0.0
2023,9,SAN MARTIN,EL DORADO,3,0,47,47,0.0,0.0
2023,10,SAN MARTIN,EL DORADO,4,1,111,112,0.0,0.0
2023,11,SAN MARTIN,EL DORADO,3,0,38,38,0.0,0.0
2023,12,SAN MARTIN,EL DORADO,5,550,200,750,0.0,0.0
2024,1,SAN MARTIN,EL DORADO,0,0,0,0,0.0,0.0
2024,2,SAN MARTIN,EL DORADO,0,0,0,0,0.0,0.0
2024,3,SAN MARTIN,EL DORADO,4,165,114,279,20.5,3.0
2024,4,SAN MARTIN,EL DORADO,0,0,0,0,0.0,0.0
2024,5,SAN MARTIN,EL DORADO,0,0,0,0,0.0,0.0
2024,6,SAN MARTIN,EL DORADO,0,0,0,0,0.0,0.0
2024,7,SAN MARTIN,EL DORADO,0,0,0,0,0.0,0.0
2024,8,SAN MARTIN,EL DORADO,3,0,102,102,2.0,0.0
2024,9,SAN MARTIN,EL DORADO,5,1194,32,1226,1284.5,42.5
2024,10,SAN MARTIN,EL DORADO,8,20,196,216,3.0,1.0
2024,11,SAN MARTIN,EL DORADO,5,85,216,301,6.0,0.0
2024,12,SAN MARTIN,EL DORADO,0,0,0,0,0.0,0.0
2025,1,SAN MARTIN,EL DORADO,1,13,29,42,0.0,0.0
2025,2,SAN MARTIN,EL DORADO,0,0,0,0,0.0,0.0
2025,3,SAN MARTIN,EL DORADO,1,82,0,82,0.0,0.0
2025,4,SAN MARTIN,EL DORADO,0,0,0,0,0.0,0.0
2025,5,SAN MARTIN,EL DORADO,1,0,5,5,0.0,0.0
2025,6,SAN MARTIN,EL DORADO,0,0,0,0,0.0,0.0
2025,7,SAN MARTIN,EL DORADO,0,0,0,0,0.0,0.0
2025,8,SAN MARTIN,EL DORADO,0,0,0,0,0.0,0.0
2025,9,SAN MARTIN,EL DORADO,4,16,68,84,0.0,0.0
2025,10,SAN MARTIN,EL DORADO,3,16,42,58,0.0,0.0
2025,11,SAN MARTIN,EL DORADO,4,98,101,199,0.0,0.0
2025,12,SAN MARTIN,EL DORADO,2,17,13,30,0.0,0.0
2016,1,SAN MARTIN,HUALLAGA,1,0,24,24,0.0,0.0
2016,2,SAN MARTIN,HUALLAGA,0,0,0,0,0.0,0.0
2016,3,SAN MARTIN,HUALLAGA,0,0,0,0,0.0,0.0
2016,4,SAN MARTIN,HUALLAGA,0,0,0,0,0.0,0.0
2016,5,SAN MARTIN,HUALLAGA,1,0,10,10,0.0,0.0
2016,6,SAN MARTIN,HUALLAGA,0,0,0,0,0.0,0.0
2016,7,SAN MARTIN,HUALLAGA,0,0,0,0,0.0,0.0
2016,8,SAN MARTIN,HUALLAGA,0,0,0,0,0.0,0.0
2016,9,SAN MARTIN,HUALLAGA,1,0,21,21,0.0,0.0
2016,10,SAN MARTIN,HUALLAGA,0,0,0,0,0.0,0.0
2016,11,SAN MARTIN,HUALLAGA,0,0,0,0,0.0,0.0
2016,12,SAN MARTIN,HUALLAGA,0,0,0,0,0.0,0.0
2017,1,SAN MARTIN,HUALLAGA,1,0,13,13,0.0,0.0
2017,2,SAN MARTIN,HUALLAGA,1,0,6,6,0.0,0.0
2017,3,SAN MARTIN,HUALLAGA,1,85,0,85,0.0,0.0
2017,4,SAN MARTIN,HUALLAGA,0,0,0,0,0.0,0.0
2017,5,SAN MARTIN,HUALLAGA,0,0,0,0,0.0,0.0
2017,6,SAN MARTIN,HUALLAGA,0,0,0,0,0.0,0.0
2017,7,SAN MARTIN,HUALLAGA,0,0,0,0,0.0,0.0
2017,8,SAN MARTIN,HUALLAGA,0,0,0,0,0.0,0.0
2017,9,SAN MARTIN,HUALLAGA,0,0,0,0,0.0,0.0
2017,10,SAN MARTIN,HUALLAGA,1,0,16,16,0.0,0.0
2017,11,SAN MARTIN,HUALLAGA,1,0,8,8,0.0,0.0
2017,12,SAN MARTIN,HUALLAGA,2,89,7,96,0.0,0.0
2018,1,SAN MARTIN,HUALLAGA,1,0,5,5,0.0,0.0
2018,2,SAN MARTIN,HUALLAGA,0,0,0,0,0.0,0.0
2018,3,SAN MARTIN,HUALLAGA,1,0,11,11,0.0,0.0
2018,4,SAN MARTIN,HUALLAGA,1,0,4,4,0.0,0.0
2018,5,SAN MARTIN,HUALLAGA,0,0,0,0,0.0,0.0
2018,6,SAN MARTIN,HUALLAGA,0,0,0,0,0.0,0.0
2018,7,SAN MARTIN,HUALLAGA,0,0,0,0,0.0,0.0
2018,8,SAN MARTIN,HUALLAGA,0,0,0,0,0.0,0.0
2018,9,SAN MARTIN,HUALLAGA,0,0,0,0,0.0,0.0
2018,10,SAN MARTIN,HUALLAGA,3,79,13,92,0.0,0.0
2018,11,SAN MARTIN,HUALLAGA,0,0,0,0,0.0,0.0
2018,12,SAN MARTIN,HUALLAGA,0,0,0,0,0.0,0.0
2019,1,SAN MARTIN,HUALLAGA,0,0,0,0,0.0,0.0
2019,2,SAN MARTIN,HUALLAGA,0,0,0,0,0.0,0.0
2019,3,SAN MARTIN,HUALLAGA,0,0,0,0,0.0,0.0
2019,4,SAN MARTIN,HUALLAGA,0,0,0,0,0.0,0.0
2019,5,SAN MARTIN,HUALLAGA,0,0,0,0,0.0,0.0
2019,6,SAN MARTIN,HUALLAGA,0,0,0,0,0.0,0.0
2019,7,SAN MARTIN,HUALLAGA,0,0,0,0,0.0,0.0
2019,8,SAN MARTIN,HUALLAGA,0,0,0,0,0.0,0.0
2019,9,SAN MARTIN,HUALLAGA,0,0,0,0,0.0,0.0
2019,10,SAN MARTIN,HUALLAGA,0,0,0,0,0.0,0.0
2019,11,SAN MARTIN,HUALLAGA,2,0,11,11,0.0,0.0
2019,12,SAN MARTIN,HUALLAGA,0,0,0,0,0.0,0.0
2020,1,SAN MARTIN,HUALLAGA,0,0,0,0,0.0,0.0
2020,2,SAN MARTIN,HUALLAGA,0,0,0,0,0.0,0.0
2020,3,SAN MARTIN,HUALLAGA,0,0,0,0,0.0,0.0
2020,4,SAN MARTIN,HUALLAGA,0,0,0,0,0.0,0.0
2020,5,SAN MARTIN,HUALLAGA,0,0,0,0,0.0,0.0
2020,6,SAN MARTIN,HUALLAGA,0,0,0,0,0.0,0.0
2020,7,SAN MARTIN,HUALLAGA,0,0,0,0,0.0,0.0
2020,8,SAN MARTIN,HUALLAGA,1,0,4,4,0.0,0.0
2020,9,SAN MARTIN,HUALLAGA,0,0,0,0,0.0,0.0
2020,10,SAN MARTIN,HUALLAGA,1,0,27,27,0.0,0.0
2020,11,SAN MARTIN,HUALLAGA,3,28,49,77,0.0,0.0
2020,12,SAN MARTIN,HUALLAGA,0,0,0,0,0.0,0.0
2021,1,SAN MARTIN,HUALLAGA,0,0,0,0,0.0,0.0
2021,2,SAN MARTIN,HUALLAGA,0,0,0,0,0.0,0.0
2021,3,SAN MARTIN,HUALLAGA,3,20,37,57,0.0,0.0
2021,4,SAN MARTIN,HUALLAGA,1,61,3,64,0.0,0.0
2021,5,SAN MARTIN,HUALLAGA,0,0,0,0,0.0,0.0
2021,6,SAN MARTIN,HUALLAGA,0,0,0,0,0.0,0.0
2021,7,SAN MARTIN,HUALLAGA,0,0,0,0,0.0,0.0
2021,8,SAN MARTIN,HUALLAGA,0,0,0,0,0.0,0.0
2021,9,SAN MARTIN,HUALLAGA,0,0,0,0,0.0,0.0
2021,10,SAN MARTIN,HUALLAGA,0,0,0,0,0.0,0.0
2021,11,SAN MARTIN,HUALLAGA,1,22,0,22,0.0,0.0
2021,12,SAN MARTIN,HUALLAGA,0,0,0,0,0.0,0.0
2022,1,SAN MARTIN,HUALLAGA,0,0,0,0,0.0,0.0
2022,2,SAN MARTIN,HUALLAGA,0,0,0,0,0.0,0.0
2022,3,SAN MARTIN,HUALLAGA,0,0,0,0,0.0,0.0
2022,4,SAN MARTIN,HUALLAGA,0,0,0,0,0.0,0.0
2022,5,SAN MARTIN,HUALLAGA,0,0,0,0,0.0,0.0
2022,6,SAN MARTIN,HUALLAGA,0,0,0,0,0.0,0.0
2022,7,SAN MARTIN,HUALLAGA,0,0,0,0,0.0,0.0
2022,8,SAN MARTIN,HUALLAGA,0,0,0,0,0.0,0.0
2022,9,SAN MARTIN,HUALLAGA,0,0,0,0,0.0,0.0
2022,10,SAN MARTIN,HUALLAGA,0,0,0,0,0.0,0.0
2022,11,SAN MARTIN,HUALLAGA,1,0,36,36,0.0,0.0
2022,12,SAN MARTIN,HUALLAGA,1,14,0,14,0.0,0.0
2023,1,SAN MARTIN,HUALLAGA,1,0,6,6,0.0,0.0
2023,2,SAN MARTIN,HUALLAGA,1,33,1,34,0.0,0.0
2023,3,SAN MARTIN,HUALLAGA,3,65,15,80,0.0,0.0
2023,4,SAN MARTIN,HUALLAGA,2,138,1,139,0.0,0.0
2023,5,SAN MARTIN,HUALLAGA,2,77,0,77,3.0,0.0
2023,6,SAN MARTIN,HUALLAGA,0,0,0,0,0.0,0.0
2023,7,SAN MARTIN,HUALLAGA,0,0,0,0,0.0,0.0
2023,8,SAN MARTIN,HUALLAGA,0,0,0,0,0.0,0.0
2023,9,SAN MARTIN,HUALLAGA,5,0,116,116,0.0,0.0
2023,10,SAN MARTIN,HUALLAGA,1,0,8,8,0.0,0.0
2023,11,SAN MARTIN,HUALLAGA,2,119,9,128,0.0,0.0
2023,12,SAN MARTIN,HUALLAGA,0,0,0,0,0.0,0.0
2024,1,SAN MARTIN,HUALLAGA,0,0,0,0,0.0,0.0
2024,2,SAN MARTIN,HUALLAGA,0,0,0,0,0.0,0.0
2024,3,SAN MARTIN,HUALLAGA,2,64,0,64,0.0,0.0
2024,4,SAN MARTIN,HUALLAGA,0,0,0,0,0.0,0.0
2024,5,SAN MARTIN,HUALLAGA,0,0,0,0,0.0,0.0
2024,6,SAN MARTIN,HUALLAGA,0,0,0,0,0.0,0.0
2024,7,SAN MARTIN,HUALLAGA,0,0,0,0,0.0,0.0
2024,8,SAN MARTIN,HUALLAGA,0,0,0,0,0.0,0.0
2024,9,SAN MARTIN,HUALLAGA,4,1107,0,1107,1038.15,63.25
2024,10,SAN MARTIN,HUALLAGA,0,0,0,0,0.0,0.0
2024,11,SAN MARTIN,HUALLAGA,1,16,3,19,0.0,0.0
2024,12,SAN MARTIN,HUALLAGA,0,0,0,0,0.0,0.0
2025,1,SAN MARTIN,HUALLAGA,0,0,0,0,0.0,0.0
2025,2,SAN MARTIN,HUALLAGA,1,1,0,1,0.0,0.0
2025,3,SAN MARTIN,HUALLAGA,1,14,6,20,0.0,0.0
2025,4,SAN MARTIN,HUALLAGA,0,0,0,0,0.0,0.0
2025,5,SAN MARTIN,HUALLAGA,0,0,0,0,0.0,0.0
2025,6,SAN MARTIN,HUALLAGA,0,0,0,0,0.0,0.0
2025,7,SAN MARTIN,HUALLAGA,0,0,0,0,0.0,0.0
2025,8,SAN MARTIN,HUALLAGA,0,0,0,0,0.0,0.0
2025,9,SAN MARTIN,HUALLAGA,1,0,3,3,0.0,0.0
2025,10,SAN MARTIN,HUALLAGA,0,0,0,0,0.0,0.0
2025,11,SAN MARTIN,HUALLAGA,3,28,0,28,0.0,0.0
2025,12,SAN MARTIN,HUALLAGA,0,0,0,0,0.0,0.0
2016,1,SAN MARTIN,LAMAS,0,0,0,0,0.0,0.0
2016,2,SAN MARTIN,LAMAS,0,0,0,0,0.0,0.0
2016,3,SAN MARTIN,LAMAS,1,550,0,550,0.0,0.0
2016,4,SAN MARTIN,LAMAS,0,0,0,0,0.0,0.0
2016,5,SAN MARTIN,LAMAS,1,0,5,5,0.0,0.0
2016,6,SAN MARTIN,LAMAS,0,0,0,0,0.0,0.0
2016,7,SAN MARTIN,LAMAS,0,0,0,0,0.0,0.0
2016,8,SAN MARTIN,LAMAS,0,0,0,0,0.0,0.0
2016,9,SAN MARTIN,LAMAS,2,0,19,19,0.0,0.0
2016,10,SAN MARTIN,LAMAS,0,0,0,0,0.0,0.0
2016,11,SAN MARTIN,LAMAS,1,0,12,12,0.0,0.0
2016,12,SAN MARTIN,LAMAS,1,0,10,10,0.0,0.0
2017,1,SAN MARTIN,LAMAS,0,0,0,0,0.0,0.0
2017,2,SAN MARTIN,LAMAS,2,1113,0,1113,0.0,0.0
2017,3,SAN MARTIN,LAMAS,2,3,6,9,0.0,0.0
2017,4,SAN MARTIN,LAMAS,2,0,17,17,0.0,0.0
2017,5,SAN MARTIN,LAMAS,0,0,0,0,0.0,0.0
2017,6,SAN MARTIN,LAMAS,2,0,10,10,0.0,0.0
2017,7,SAN MARTIN,LAMAS,0,0,0,0,0.0,0.0
2017,8,SAN MARTIN,LAMAS,0,0,0,0,0.0,0.0
2017,9,SAN MARTIN,LAMAS,5,7,37,44,0.0,0.0
2017,10,SAN MARTIN,LAMAS,3,0,34,34,0.0,0.0
2017,11,SAN MARTIN,LAMAS,2,55,38,93,0.0,0.0
2017,12,SAN MARTIN,LAMAS,0,0,0,0,0.0,0.0
2018,1,SAN MARTIN,LAMAS,1,0,27,27,0.0,0.0
2018,2,SAN MARTIN,LAMAS,0,0,0,0,0.0,0.0
2018,3,SAN MARTIN,LAMAS,3,0,33,33,0.0,0.0
2018,4,SAN MARTIN,LAMAS,1,9,0,9,0.0,0.0
2018,5,SAN MARTIN,LAMAS,2,195,11,206,0.0,0.0
2018,6,SAN MARTIN,LAMAS,0,0,0,0,0.0,0.0
2018,7,SAN MARTIN,LAMAS,1,0,10,10,0.0,0.0
2018,8,SAN MARTIN,LAMAS,0,0,0,0,0.0,0.0
2018,9,SAN MARTIN,LAMAS,3,131,0,131,0.0,0.0
2018,10,SAN MARTIN,LAMAS,3,5,4,9,0.0,0.0
2018,11,SAN MARTIN,LAMAS,2,7,0,7,0.0,0.0
2018,12,SAN MARTIN,LAMAS,0,0,0,0,0.0,0.0
2019,1,SAN MARTIN,LAMAS,0,0,0,0,0.0,0.0
2019,2,SAN MARTIN,LAMAS,0,0,0,0,0.0,0.0
2019,3,SAN MARTIN,LAMAS,1,41,2,43,0.0,0.0
2019,4,SAN MARTIN,LAMAS,0,0,0,0,0.0,0.0
2019,5,SAN MARTIN,LAMAS,0,0,0,0,0.0,0.0
2019,6,SAN MARTIN,LAMAS,0,0,0,0,0.0,0.0
2019,7,SAN MARTIN,LAMAS,0,0,0,0,0.0,0.0
2019,8,SAN MARTIN,LAMAS,0,0,0,0,0.0,0.0
2019,9,SAN MARTIN,LAMAS,6,15,43,58,0.0,0.0
2019,10,SAN MARTIN,LAMAS,6,126,121,247,0.0,0.0
2019,11,SAN MARTIN,LAMAS,2,4,38,42,0.0,0.0
2019,12,SAN MARTIN,LAMAS,0,0,0,0,0.0,0.0
2020,1,SAN MARTIN,LAMAS,1,0,0,0,0.0,0.0
2020,2,SAN MARTIN,LAMAS,1,0,10,10,0.0,0.0
2020,3,SAN MARTIN,LAMAS,2,25,5,30,0.0,0.0
2020,4,SAN MARTIN,LAMAS,1,0,18,18,0.0,0.0
2020,5,SAN MARTIN,LAMAS,0,0,0,0,0.0,0.0
2020,6,SAN MARTIN,LAMAS,0,0,0,0,0.0,0.0
2020,7,SAN MARTIN,LAMAS,0,0,0,0,0.0,0.0
2020,8,SAN MARTIN,LAMAS,0,0,0,0,0.0,0.0
2020,9,SAN MARTIN,LAMAS,2,0,18,18,0.0,0.0
2020,10,SAN MARTIN,LAMAS,8,0,111,111,0.0,0.0
2020,11,SAN MARTIN,LAMAS,5,32,224,256,0.0,0.0
2020,12,SAN MARTIN,LAMAS,1,201,13,214,0.0,0.0
2021,1,SAN MARTIN,LAMAS,0,0,0,0,0.0,0.0
2021,2,SAN MARTIN,LAMAS,0,0,0,0,0.0,0.0
2021,3,SAN MARTIN,LAMAS,3,108,18,126,0.0,0.7
2021,4,SAN MARTIN,LAMAS,0,0,0,0,0.0,0.0
2021,5,SAN MARTIN,LAMAS,0,0,0,0,0.0,0.0
2021,6,SAN MARTIN,LAMAS,0,0,0,0,0.0,0.0
2021,7,SAN MARTIN,LAMAS,0,0,0,0,0.0,0.0
2021,8,SAN MARTIN,LAMAS,2,0,17,17,0.0,0.0
2021,9,SAN MARTIN,LAMAS,1,0,4,4,0.0,0.0
2021,10,SAN MARTIN,LAMAS,0,0,0,0,0.0,0.0
2021,11,SAN MARTIN,LAMAS,1,0,6,6,0.0,0.0
2021,12,SAN MARTIN,LAMAS,2,0,8,8,0.0,0.0
2022,1,SAN MARTIN,LAMAS,1,0,1,1,0.0,0.0
2022,2,SAN MARTIN,LAMAS,0,0,0,0,0.0,0.0
2022,3,SAN MARTIN,LAMAS,2,19,6,25,0.0,0.0
2022,4,SAN MARTIN,LAMAS,1,93,0,93,0.0,0.0
2022,5,SAN MARTIN,LAMAS,0,0,0,0,0.0,0.0
2022,6,SAN MARTIN,LAMAS,1,0,5,5,0.0,0.0
2022,7,SAN MARTIN,LAMAS,0,0,0,0,0.0,0.0
2022,8,SAN MARTIN,LAMAS,4,17,47,64,0.03,0.03
2022,9,SAN MARTIN,LAMAS,6,41,76,117,0.16,0.16
2022,10,SAN MARTIN,LAMAS,0,0,0,0,0.0,0.0
2022,11,SAN MARTIN,LAMAS,2,12,0,12,0.0,0.0
2022,12,SAN MARTIN,LAMAS,4,54,70,124,0.0,0.0
2023,1,SAN MARTIN,LAMAS,0,0,0,0,0.0,0.0
2023,2,SAN MARTIN,LAMAS,0,0,0,0,0.0,0.0
2023,3,SAN MARTIN,LAMAS,9,540,115,655,130.05,7.0
2023,4,SAN MARTIN,LAMAS,11,155,304,459,11.5,21.0
2023,5,SAN MARTIN,LAMAS,2,0,114,114,31.0,26.0
2023,6,SAN MARTIN,LAMAS,0,0,0,0,0.0,0.0
2023,7,SAN MARTIN,LAMAS,1,0,4,4,0.0,0.0
2023,8,SAN MARTIN,LAMAS,3,0,47,47,0.0,0.0
2023,9,SAN MARTIN,LAMAS,2,0,24,24,5.0,5.0
2023,10,SAN MARTIN,LAMAS,7,5,99,104,0.0,0.0
2023,11,SAN MARTIN,LAMAS,2,0,12,12,0.0,0.0
2023,12,SAN MARTIN,LAMAS,3,213,4,217,4.0,9.0
2024,1,SAN MARTIN,LAMAS,0,0,0,0,0.0,0.0
2024,2,SAN MARTIN,LAMAS,2,0,0,0,0.0,0.0
2024,3,SAN MARTIN,LAMAS,1,115,21,136,0.0,0.0
2024,4,SAN MARTIN,LAMAS,2,40,112,152,0.0,0.0
2024,5,SAN MARTIN,LAMAS,1,58,6,64,0.0,0.0
2024,6,SAN MARTIN,LAMAS,0,0,0,0,0.0,0.0
2024,7,SAN MARTIN,LAMAS,1,0,8,8,0.0,0.0
2024,8,SAN MARTIN,LAMAS,4,2,101,103,0.0,2.5
2024,9,SAN MARTIN,LAMAS,12,59,323,382,9.0,0.0
2024,10,SAN MARTIN,LAMAS,11,69,666,735,0.0,0.0
2024,11,SAN MARTIN,LAMAS,4,333,148,481,91.0,5.0
2024,12,SAN MARTIN,LAMAS,5,7,7,14,0.0,0.0
2025,1,SAN MARTIN,LAMAS,0,0,0,0,0.0,0.0
2025,2,SAN MARTIN,LAMAS,6,168,38,206,0.0,0.0
2025,3,SAN MARTIN,LAMAS,5,60,119,179,0.0,0.0
2025,4,SAN MARTIN,LAMAS,1,5,0,5,0.0,0.0
2025,5,SAN MARTIN,LAMAS,4,0,199,199,0.0,0.0
2025,6,SAN MARTIN,LAMAS,0,0,0,0,0.0,0.0
2025,7,SAN MARTIN,LAMAS,0,0,0,0,0.0,0.0
2025,8,SAN MARTIN,LAMAS,4,8,15,23,0.0,0.0
2025,9,SAN MARTIN,LAMAS,2,0,8,8,0.0,0.0
2025,10,SAN MARTIN,LAMAS,5,20,6,26,0.0,0.0
2025,11,SAN MARTIN,LAMAS,2,15,2,17,0.0,0.0
2025,12,SAN MARTIN,LAMAS,2,30,4,34,0.0,0.0
2016,1,SAN MARTIN,MARISCAL CACERES,0,0,0,0,0.0,0.0
2016,2,SAN MARTIN,MARISCAL CACERES,0,0,0,0,0.0,0.0
2016,3,SAN MARTIN,MARISCAL CACERES,2,931,51,982,0.0,0.0
2016,4,SAN MARTIN,MARISCAL CACERES,1,0,45,45,0.0,0.0
2016,5,SAN MARTIN,MARISCAL CACERES,0,0,0,0,0.0,0.0
2016,6,SAN MARTIN,MARISCAL CACERES,0,0,0,0,0.0,0.0
2016,7,SAN MARTIN,MARISCAL CACERES,0,0,0,0,0.0,0.0
2016,8,SAN MARTIN,MARISCAL CACERES,0,0,0,0,0.0,0.0
2016,9,SAN MARTIN,MARISCAL CACERES,2,0,84,84,0.0,0.0
2016,10,SAN MARTIN,MARISCAL CACERES,0,0,0,0,0.0,0.0
2016,11,SAN MARTIN,MARISCAL CACERES,1,27,0,27,0.0,0.0
2016,12,SAN MARTIN,MARISCAL CACERES,0,0,0,0,0.0,0.0
2017,1,SAN MARTIN,MARISCAL CACERES,1,0,0,0,0.0,0.0
2017,2,SAN MARTIN,MARISCAL CACERES,0,0,0,0,0.0,0.0
2017,3,SAN MARTIN,MARISCAL CACERES,0,0,0,0,0.0,0.0
2017,4,SAN MARTIN,MARISCAL CACERES,0,0,0,0,0.0,0.0
2017,5,SAN MARTIN,MARISCAL CACERES,0,0,0,0,0.0,0.0
2017,6,SAN MARTIN,MARISCAL CACERES,1,8,33,41,0.0,0.0
2017,7,SAN MARTIN,MARISCAL CACERES,0,0,0,0,0.0,0.0
2017,8,SAN MARTIN,MARISCAL CACERES,0,0,0,0,0.0,0.0
2017,9,SAN MARTIN,MARISCAL CACERES,1,0,12,12,0.0,0.0
2017,10,SAN MARTIN,MARISCAL CACERES,0,0,0,0,0.0,0.0
2017,11,SAN MARTIN,MARISCAL CACERES,3,165,178,343,0.0,0.0
2017,12,SAN MARTIN,MARISCAL CACERES,3,61,76,137,0.0,0.0
2018,1,SAN MARTIN,MARISCAL CACERES,0,0,0,0,0.0,0.0
2018,2,SAN MARTIN,MARISCAL CACERES,0,0,0,0,0.0,0.0
2018,3,SAN MARTIN,MARISCAL CACERES,0,0,0,0,0.0,0.0
2018,4,SAN MARTIN,MARISCAL CACERES,1,0,44,44,0.0,0.0
2018,5,SAN MARTIN,MARISCAL CACERES,0,0,0,0,0.0,0.0
2018,6,SAN MARTIN,MARISCAL CACERES,0,0,0,0,0.0,0.0
2018,7,SAN MARTIN,MARISCAL CACERES,0,0,0,0,0.0,0.0
2018,8,SAN MARTIN,MARISCAL CACERES,0,0,0,0,0.0,0.0
2018,9,SAN MARTIN,MARISCAL CACERES,1,30,0,30,0.0,0.0
2018,10,SAN MARTIN,MARISCAL CACERES,1,17,0,17,0.0,0.0
2018,11,SAN MARTIN,MARISCAL CACERES,0,0,0,0,0.0,0.0
2018,12,SAN MARTIN,MARISCAL CACERES,0,0,0,0,0.0,0.0
2019,1,SAN MARTIN,MARISCAL CACERES,0,0,0,0,0.0,0.0
2019,2,SAN MARTIN,MARISCAL CACERES,1,0,163,163,0.0,0.0
2019,3,SAN MARTIN,MARISCAL CACERES,0,0,0,0,0.0,0.0
2019,4,SAN MARTIN,MARISCAL CACERES,2,311,0,311,0.0,0.0
2019,5,SAN MARTIN,MARISCAL CACERES,1,0,0,0,0.0,0.0
2019,6,SAN MARTIN,MARISCAL CACERES,0,0,0,0,0.0,0.0
2019,7,SAN MARTIN,MARISCAL CACERES,0,0,0,0,0.0,0.0
2019,8,SAN MARTIN,MARISCAL CACERES,0,0,0,0,0.0,0.0
2019,9,SAN MARTIN,MARISCAL CACERES,2,0,45,45,0.0,0.0
2019,10,SAN MARTIN,MARISCAL CACERES,1,7,15,22,0.0,0.0
2019,11,SAN MARTIN,MARISCAL CACERES,0,0,0,0,0.0,0.0
2019,12,SAN MARTIN,MARISCAL CACERES,2,35,4,39,0.0,0.0
2020,1,SAN MARTIN,MARISCAL CACERES,1,0,0,0,0.0,0.0
2020,2,SAN MARTIN,MARISCAL CACERES,0,0,0,0,0.0,0.0
2020,3,SAN MARTIN,MARISCAL CACERES,2,480,15,495,0.0,0.0
2020,4,SAN MARTIN,MARISCAL CACERES,0,0,0,0,0.0,0.0
2020,5,SAN MARTIN,MARISCAL CACERES,0,0,0,0,0.0,0.0
2020,6,SAN MARTIN,MARISCAL CACERES,0,0,0,0,0.0,0.0
2020,7,SAN MARTIN,MARISCAL CACERES,0,0,0,0,0.0,0.0
2020,8,SAN MARTIN,MARISCAL CACERES,0,0,0,0,0.0,0.0
2020,9,SAN MARTIN,MARISCAL CACERES,2,0,38,38,0.0,0.0
2020,10,SAN MARTIN,MARISCAL CACERES,1,0,42,42,0.0,0.0
2020,11,SAN MARTIN,MARISCAL CACERES,0,0,0,0,0.0,0.0
2020,12,SAN MARTIN,MARISCAL CACERES,0,0,0,0,0.0,0.0
2021,1,SAN MARTIN,MARISCAL CACERES,0,0,0,0,0.0,0.0
2021,2,SAN MARTIN,MARISCAL CACERES,1,135,0,135,0.0,0.0
2021,3,SAN MARTIN,MARISCAL CACERES,1,0,16,16,0.0,0.0
2021,4,SAN MARTIN,MARISCAL CACERES,0,0,0,0,0.0,0.0
2021,5,SAN MARTIN,MARISCAL CACERES,0,0,0,0,0.0,0.0
2021,6,SAN MARTIN,MARISCAL CACERES,0,0,0,0,0.0,0.0
2021,7,SAN MARTIN,MARISCAL CACERES,0,0,0,0,0.0,0.0
2021,8,SAN MARTIN,MARISCAL CACERES,0,0,0,0,0.0,0.0
2021,9,SAN MARTIN,MARISCAL CACERES,2,19,234,253,0.0,0.0
2021,10,SAN MARTIN,MARISCAL CACERES,0,0,0,0,0.0,0.0
2021,11,SAN MARTIN,MARISCAL CACERES,0,0,0,0,0.0,0.0
2021,12,SAN MARTIN,MARISCAL CACERES,0,0,0,0,0.0,0.0
2022,1,SAN MARTIN,MARISCAL CACERES,0,0,0,0,0.0,0.0
2022,2,SAN MARTIN,MARISCAL CACERES,0,0,0,0,0.0,0.0
2022,3,SAN MARTIN,MARISCAL CACERES,0,0,0,0,0.0,0.0
2022,4,SAN MARTIN,MARISCAL CACERES,0,0,0,0,0.0,0.0
2022,5,SAN MARTIN,MARISCAL CACERES,0,0,0,0,0.0,0.0
2022,6,SAN MARTIN,MARISCAL CACERES,0,0,0,0,0.0,0.0
2022,7,SAN MARTIN,MARISCAL CACERES,0,0,0,0,0.0,0.0
2022,8,SAN MARTIN,MARISCAL CACERES,0,0,0,0,0.0,0.0
2022,9,SAN MARTIN,MARISCAL CACERES,0,0,0,0,0.0,0.0
2022,10,SAN MARTIN,MARISCAL CACERES,0,0,0,0,0.0,0.0
2022,11,SAN MARTIN,MARISCAL CACERES,1,0,58,58,0.0,0.0
2022,12,SAN MARTIN,MARISCAL CACERES,1,88,192,280,0.0,0.0
2023,1,SAN MARTIN,MARISCAL CACERES,0,0,0,0,0.0,0.0
2023,2,SAN MARTIN,MARISCAL CACERES,1,6,0,6,0.0,0.0
2023,3,SAN MARTIN,MARISCAL CACERES,2,345,0,345,0.0,0.0
2023,4,SAN MARTIN,MARISCAL CACERES,0,0,0,0,0.0,0.0
2023,5,SAN MARTIN,MARISCAL CACERES,0,0,0,0,0.0,0.0
2023,6,SAN MARTIN,MARISCAL CACERES,0,0,0,0,0.0,0.0
2023,7,SAN MARTIN,MARISCAL CACERES,0,0,0,0,0.0,0.0
2023,8,SAN MARTIN,MARISCAL CACERES,0,0,0,0,0.0,0.0
2023,9,SAN MARTIN,MARISCAL CACERES,1,0,46,46,0.0,0.0
2023,10,SAN MARTIN,MARISCAL CACERES,1,0,74,74,0.0,0.0
2023,11,SAN MARTIN,MARISCAL CACERES,0,0,0,0,0.0,0.0
2023,12,SAN MARTIN,MARISCAL CACERES,2,16,24,40,0.0,0.0
2024,1,SAN MARTIN,MARISCAL CACERES,0,0,0,0,0.0,0.0
2024,2,SAN MARTIN,MARISCAL CACERES,0,0,0,0,0.0,0.0
2024,3,SAN MARTIN,MARISCAL CACERES,0,0,0,0,0.0,0.0
2024,4,SAN MARTIN,MARISCAL CACERES,0,0,0,0,0.0,0.0
2024,5,SAN MARTIN,MARISCAL CACERES,0,0,0,0,0.0,0.0
2024,6,SAN MARTIN,MARISCAL CACERES,0,0,0,0,0.0,0.0
2024,7,SAN MARTIN,MARISCAL CACERES,0,0,0,0,0.0,0.0
2024,8,SAN MARTIN,MARISCAL CACERES,1,0,8,8,0.0,0.0
2024,9,SAN MARTIN,MARISCAL CACERES,4,146,210,356,302.0,0.0
2024,10,SAN MARTIN,MARISCAL CACERES,1,682,0,682,324.6,0.5
2024,11,SAN MARTIN,MARISCAL CACERES,2,57,11,68,0.0,0.0
2024,12,SAN MARTIN,MARISCAL CACERES,2,163,0,163,0.0,0.0
2025,1,SAN MARTIN,MARISCAL CACERES,0,0,0,0,0.0,0.0
2025,2,SAN MARTIN,MARISCAL CACERES,1,0,0,0,0.0,0.0
2025,3,SAN MARTIN,MARISCAL CACERES,8,311,15,326,0.0,0.0
2025,4,SAN MARTIN,MARISCAL CACERES,5,108,6,114,0.0,0.0
2025,5,SAN MARTIN,MARISCAL CACERES,2,0,4,4,0.0,0.0
2025,6,SAN MARTIN,MARISCAL CACERES,1,0,0,0,0.0,0.0
2025,7,SAN MARTIN,MARISCAL CACERES,0,0,0,0,0.0,0.0
2025,8,SAN MARTIN,MARISCAL CACERES,0,0,0,0,0.0,0.0
2025,9,SAN MARTIN,MARISCAL CACERES,3,0,44,44,0.0,0.0
2025,10,SAN MARTIN,MARISCAL CACERES,0,0,0,0,0.0,0.0
2025,11,SAN MARTIN,MARISCAL CACERES,7,101,21,122,0.0,0.0
2025,12,SAN MARTIN,MARISCAL CACERES,1,0,0,0,0.0,0.0
2016,1,SAN MARTIN,MOYOBAMBA,1,16,28,44,300.0,0.0
2016,2,SAN MARTIN,MOYOBAMBA,0,0,0,0,0.0,0.0
2016,3,SAN MARTIN,MOYOBAMBA,1,0,20,20,11.0,0.0
2016,4,SAN MARTIN,MOYOBAMBA,1,255,27,282,0.0,0.0
2016,5,SAN MARTIN,MOYOBAMBA,0,0,0,0,0.0,0.0
2016,6,SAN MARTIN,MOYOBAMBA,0,0,0,0,0.0,0.0
2016,7,SAN MARTIN,MOYOBAMBA,0,0,0,0,0.0,0.0
2016,8,SAN MARTIN,MOYOBAMBA,0,0,0,0,0.0,0.0
2016,9,SAN MARTIN,MOYOBAMBA,0,0,0,0,0.0,0.0
2016,10,SAN MARTIN,MOYOBAMBA,0,0,0,0,0.0,0.0
2016,11,SAN MARTIN,MOYOBAMBA,0,0,0,0,0.0,0.0
2016,12,SAN MARTIN,MOYOBAMBA,0,0,0,0,0.0,0.0
2017,1,SAN MARTIN,MOYOBAMBA,0,0,0,0,0.0,0.0
2017,2,SAN MARTIN,MOYOBAMBA,0,0,0,0,0.0,0.0
2017,3,SAN MARTIN,MOYOBAMBA,0,0,0,0,0.0,0.0
2017,4,SAN MARTIN,MOYOBAMBA,0,0,0,0,0.0,0.0
2017,5,SAN MARTIN,MOYOBAMBA,0,0,0,0,0.0,0.0
2017,6,SAN MARTIN,MOYOBAMBA,1,0,15,15,0.0,0.0
2017,7,SAN MARTIN,MOYOBAMBA,0,0,0,0,0.0,0.0
2017,8,SAN MARTIN,MOYOBAMBA,0,0,0,0,0.0,0.0
2017,9,SAN MARTIN,MOYOBAMBA,0,0,0,0,0.0,0.0
2017,10,SAN MARTIN,MOYOBAMBA,0,0,0,0,0.0,0.0
2017,11,SAN MARTIN,MOYOBAMBA,1,30,0,30,0.0,0.0
2017,12,SAN MARTIN,MOYOBAMBA,0,0,0,0,0.0,0.0
2018,1,SAN MARTIN,MOYOBAMBA,0,0,0,0,0.0,0.0
2018,2,SAN MARTIN,MOYOBAMBA,0,0,0,0,0.0,0.0
2018,3,SAN MARTIN,MOYOBAMBA,0,0,0,0,0.0,0.0
2018,4,SAN MARTIN,MOYOBAMBA,1,127,0,127,0.0,1000.0
2018,5,SAN MARTIN,MOYOBAMBA,0,0,0,0,0.0,0.0
2018,6,SAN MARTIN,MOYOBAMBA,0,0,0,0,0.0,0.0
2018,7,SAN MARTIN,MOYOBAMBA,1,0,8,8,0.0,0.0
2018,8,SAN MARTIN,MOYOBAMBA,0,0,0,0,0.0,0.0
2018,9,SAN MARTIN,MOYOBAMBA,4,362,46,408,0.0,0.0
2018,10,SAN MARTIN,MOYOBAMBA,2,118,0,118,0.0,0.0
2018,11,SAN MARTIN,MOYOBAMBA,0,0,0,0,0.0,0.0
2018,12,SAN MARTIN,MOYOBAMBA,0,0,0,0,0.0,0.0
2019,1,SAN MARTIN,MOYOBAMBA,0,0,0,0,0.0,0.0
2019,2,SAN MARTIN,MOYOBAMBA,1,4,0,4,0.0,0.0
2019,3,SAN MARTIN,MOYOBAMBA,0,0,0,0,0.0,0.0
2019,4,SAN MARTIN,MOYOBAMBA,1,6,0,6,0.0,0.0
2019,5,SAN MARTIN,MOYOBAMBA,0,0,0,0,0.0,0.0
2019,6,SAN MARTIN,MOYOBAMBA,0,0,0,0,0.0,0.0
2019,7,SAN MARTIN,MOYOBAMBA,1,7,0,7,0.0,0.0
2019,8,SAN MARTIN,MOYOBAMBA,0,0,0,0,0.0,0.0
2019,9,SAN MARTIN,MOYOBAMBA,2,14,6,20,0.0,0.0
2019,10,SAN MARTIN,MOYOBAMBA,2,17,0,17,0.0,0.0
2019,11,SAN MARTIN,MOYOBAMBA,3,18,28,46,0.0,0.0
2019,12,SAN MARTIN,MOYOBAMBA,0,0,0,0,0.0,0.0
2020,1,SAN MARTIN,MOYOBAMBA,1,877,254,1131,0.0,0.0
2020,2,SAN MARTIN,MOYOBAMBA,0,0,0,0,0.0,0.0
2020,3,SAN MARTIN,MOYOBAMBA,4,212,27,239,0.0,0.0
2020,4,SAN MARTIN,MOYOBAMBA,0,0,0,0,0.0,0.0
2020,5,SAN MARTIN,MOYOBAMBA,0,0,0,0,0.0,0.0
2020,6,SAN MARTIN,MOYOBAMBA,0,0,0,0,0.0,0.0
2020,7,SAN MARTIN,MOYOBAMBA,0,0,0,0,0.0,0.0
2020,8,SAN MARTIN,MOYOBAMBA,0,0,0,0,0.0,0.0
2020,9,SAN MARTIN,MOYOBAMBA,1,0,40,40,0.0,0.0
2020,10,SAN MARTIN,MOYOBAMBA,1,0,5,5,0.0,0.0
2020,11,SAN MARTIN,MOYOBAMBA,1,0,142,142,0.0,0.0
2020,12,SAN MARTIN,MOYOBAMBA,0,0,0,0,0.0,0.0
2021,1,SAN MARTIN,MOYOBAMBA,0,0,0,0,0.0,0.0
2021,2,SAN MARTIN,MOYOBAMBA,1,8,0,8,0.0,0.0
2021,3,SAN MARTIN,MOYOBAMBA,7,630,230,860,149.0,0.0
2021,4,SAN MARTIN,MOYOBAMBA,0,0,0,0,0.0,0.0
2021,5,SAN MARTIN,MOYOBAMBA,0,0,0,0,0.0,0.0
2021,6,SAN MARTIN,MOYOBAMBA,0,0,0,0,0.0,0.0
2021,7,SAN MARTIN,MOYOBAMBA,0,0,0,0,0.0,0.0
2021,8,SAN MARTIN,MOYOBAMBA,0,0,0,0,0.0,0.0
2021,9,SAN MARTIN,MOYOBAMBA,2,0,9,9,0.0,0.0
2021,10,SAN MARTIN,MOYOBAMBA,1,0,19,19,0.0,0.0
2021,11,SAN MARTIN,MOYOBAMBA,1,12,0,12,0.0,0.0
2021,12,SAN MARTIN,MOYOBAMBA,0,0,0,0,0.0,0.0
2022,1,SAN MARTIN,MOYOBAMBA,0,0,0,0,0.0,0.0
2022,2,SAN MARTIN,MOYOBAMBA,0,0,0,0,0.0,0.0
2022,3,SAN MARTIN,MOYOBAMBA,2,25,11,36,14.0,14.0
2022,4,SAN MARTIN,MOYOBAMBA,0,0,0,0,0.0,0.0
2022,5,SAN MARTIN,MOYOBAMBA,0,0,0,0,0.0,0.0
2022,6,SAN MARTIN,MOYOBAMBA,0,0,0,0,0.0,0.0
2022,7,SAN MARTIN,MOYOBAMBA,0,0,0,0,0.0,0.0
2022,8,SAN MARTIN,MOYOBAMBA,1,0,12,12,0.0,0.0
2022,9,SAN MARTIN,MOYOBAMBA,2,63,35,98,0.0,0.0
2022,10,SAN MARTIN,MOYOBAMBA,0,0,0,0,0.0,0.0
2022,11,SAN MARTIN,MOYOBAMBA,3,16,22,38,0.0,0.0
2022,12,SAN MARTIN,MOYOBAMBA,0,0,0,0,0.0,0.0
2023,1,SAN MARTIN,MOYOBAMBA,0,0,0,0,0.0,0.0
2023,2,SAN MARTIN,MOYOBAMBA,0,0,0,0,0.0,0.0
2023,3,SAN MARTIN,MOYOBAMBA,8,470,77,547,2.0,34.0
2023,4,SAN MARTIN,MOYOBAMBA,5,232,66,298,0.0,0.0
2023,5,SAN MARTIN,MOYOBAMBA,2,10,0,10,0.0,34.0
2023,6,SAN MARTIN,MOYOBAMBA,1,8,0,8,0.0,0.0
2023,7,SAN MARTIN,MOYOBAMBA,0,0,0,0,0.0,0.0
2023,8,SAN MARTIN,MOYOBAMBA,2,12,29,41,0.0,0.0
2023,9,SAN MARTIN,MOYOBAMBA,2,0,12,12,0.0,0.0
2023,10,SAN MARTIN,MOYOBAMBA,2,0,4,4,35.0,41.1
2023,11,SAN MARTIN,MOYOBAMBA,0,0,0,0,0.0,0.0
2023,12,SAN MARTIN,MOYOBAMBA,3,407,41,448,236.0,216.0
2024,1,SAN MARTIN,MOYOBAMBA,0,0,0,0,0.0,0.0
2024,2,SAN MARTIN,MOYOBAMBA,2,71,1,72,0.0,0.0
2024,3,SAN MARTIN,MOYOBAMBA,2,9,19,28,17.0,17.0
2024,4,SAN MARTIN,MOYOBAMBA,0,0,0,0,0.0,0.0
2024,5,SAN MARTIN,MOYOBAMBA,1,4,0,4,0.0,0.0
2024,6,SAN MARTIN,MOYOBAMBA,0,0,0,0,0.0,0.0
2024,7,SAN MARTIN,MOYOBAMBA,0,0,0,0,0.0,0.0
2024,8,SAN MARTIN,MOYOBAMBA,2,20,12,32,0.0,0.0
2024,9,SAN MARTIN,MOYOBAMBA,3,17,15,32,0.0,0.0
2024,10,SAN MARTIN,MOYOBAMBA,5,57,19,76,0.0,8.5
2024,11,SAN MARTIN,MOYOBAMBA,3,2,37,39,0.0,0.0
2024,12,SAN MARTIN,MOYOBAMBA,0,0,0,0,0.0,0.0
2025,1,SAN MARTIN,MOYOBAMBA,0,0,0,0,0.0,0.0
2025,2,SAN MARTIN,MOYOBAMBA,4,696,13,709,31.5,152.25
2025,3,SAN MARTIN,MOYOBAMBA,3,40,49,89,0.0,0.0
2025,4,SAN MARTIN,MOYOBAMBA,6,15,2,17,0.0,0.0
2025,5,SAN MARTIN,MOYOBAMBA,3,76,0,76,0.0,0.0
2025,6,SAN MARTIN,MOYOBAMBA,1,2,0,2,0.0,0.0
2025,7,SAN MARTIN,MOYOBAMBA,1,0,6,6,0.0,0.0
2025,8,SAN MARTIN,MOYOBAMBA,0,0,0,0,0.0,0.0
2025,9,SAN MARTIN,MOYOBAMBA,1,39,13,52,0.0,0.0
2025,10,SAN MARTIN,MOYOBAMBA,3,23,0,23,0.0,0.0
2025,11,SAN MARTIN,MOYOBAMBA,1,0,0,0,0.0,0.0
2025,12,SAN MARTIN,MOYOBAMBA,2,0,11,11,0.0,0.0
2016,1,SAN MARTIN,PICOTA,0,0,0,0,0.0,0.0
2016,2,SAN MARTIN,PICOTA,0,0,0,0,0.0,0.0
2016,3,SAN MARTIN,PICOTA,1,0,23,23,0.0,0.0
2016,4,SAN MARTIN,PICOTA,2,0,144,144,0.0,0.0
2016,5,SAN MARTIN,PICOTA,2,0,10,10,0.0,0.0
2016,6,SAN MARTIN,PICOTA,0,0,0,0,0.0,0.0
2016,7,SAN MARTIN,PICOTA,0,0,0,0,0.0,0.0
2016,8,SAN MARTIN,PICOTA,0,0,0,0,0.0,0.0
2016,9,SAN MARTIN,PICOTA,2,0,18,18,0.0,0.0
2016,10,SAN MARTIN,PICOTA,3,0,65,65,0.0,0.0
2016,11,SAN MARTIN,PICOTA,2,50,7,57,0.0,0.0
2016,12,SAN MARTIN,PICOTA,1,0,5,5,0.0,0.0
2017,1,SAN MARTIN,PICOTA,2,6,4,10,0.0,0.0
2017,2,SAN MARTIN,PICOTA,1,888,14,902,0.0,0.0
2017,3,SAN MARTIN,PICOTA,1,0,19,19,0.0,0.0
2017,4,SAN MARTIN,PICOTA,0,0,0,0,0.0,0.0
2017,5,SAN MARTIN,PICOTA,0,0,0,0,0.0,0.0
2017,6,SAN MARTIN,PICOTA,0,0,0,0,0.0,0.0
2017,7,SAN MARTIN,PICOTA,1,3,0,3,0.0,0.0
2017,8,SAN MARTIN,PICOTA,1,0,3,3,0.0,0.0
2017,9,SAN MARTIN,PICOTA,2,0,11,11,0.0,0.0
2017,10,SAN MARTIN,PICOTA,2,0,8,8,0.0,0.0
2017,11,SAN MARTIN,PICOTA,6,5068,1382,6450,467.0,482.0
2017,12,SAN MARTIN,PICOTA,0,0,0,0,0.0,0.0
2018,1,SAN MARTIN,PICOTA,4,213,16,229,0.0,0.0
2018,2,SAN MARTIN,PICOTA,4,46,124,170,0.0,0.0
2018,3,SAN MARTIN,PICOTA,1,22,0,22,0.0,0.0
2018,4,SAN MARTIN,PICOTA,3,80,82,162,0.0,0.0
2018,5,SAN MARTIN,PICOTA,0,0,0,0,0.0,0.0
2018,6,SAN MARTIN,PICOTA,0,0,0,0,0.0,0.0
2018,7,SAN MARTIN,PICOTA,0,0,0,0,0.0,0.0
2018,8,SAN MARTIN,PICOTA,1,4,0,4,0.0,0.0
2018,9,SAN MARTIN,PICOTA,3,29,0,29,0.0,0.0
2018,10,SAN MARTIN,PICOTA,0,0,0,0,0.0,0.0
2018,11,SAN MARTIN,PICOTA,0,0,0,0,0.0,0.0
2018,12,SAN MARTIN,PICOTA,0,0,0,0,0.0,0.0
2019,1,SAN MARTIN,PICOTA,0,0,0,0,0.0,0.0
2019,2,SAN MARTIN,PICOTA,2,2,501,503,0.0,0.0
2019,3,SAN MARTIN,PICOTA,1,0,10,10,0.0,0.0
2019,4,SAN MARTIN,PICOTA,0,0,0,0,0.0,0.0
2019,5,SAN MARTIN,PICOTA,1,0,0,0,0.0,0.0
2019,6,SAN MARTIN,PICOTA,0,0,0,0,0.0,0.0
2019,7,SAN MARTIN,PICOTA,0,0,0,0,0.0,0.0
2019,8,SAN MARTIN,PICOTA,1,0,0,0,0.0,0.0
2019,9,SAN MARTIN,PICOTA,0,0,0,0,0.0,0.0
2019,10,SAN MARTIN,PICOTA,1,0,0,0,0.0,0.0
2019,11,SAN MARTIN,PICOTA,3,25,14,39,0.0,0.0
2019,12,SAN MARTIN,PICOTA,0,0,0,0,0.0,0.0
2020,1,SAN MARTIN,PICOTA,0,0,0,0,0.0,0.0
2020,2,SAN MARTIN,PICOTA,3,2,0,2,0.0,0.0
2020,3,SAN MARTIN,PICOTA,2,0,13,13,0.0,0.0
2020,4,SAN MARTIN,PICOTA,0,0,0,0,0.0,0.0
2020,5,SAN MARTIN,PICOTA,0,0,0,0,0.0,0.0
2020,6,SAN MARTIN,PICOTA,0,0,0,0,0.0,0.0
2020,7,SAN MARTIN,PICOTA,0,0,0,0,0.0,0.0
2020,8,SAN MARTIN,PICOTA,1,0,43,43,0.0,0.0
2020,9,SAN MARTIN,PICOTA,1,0,2,2,0.0,0.0
2020,10,SAN MARTIN,PICOTA,10,26,242,268,0.0,0.0
2020,11,SAN MARTIN,PICOTA,0,0,0,0,0.0,0.0
2020,12,SAN MARTIN,PICOTA,2,0,6,6,0.0,0.0
2021,1,SAN MARTIN,PICOTA,3,0,17,17,0.0,0.0
2021,2,SAN MARTIN,PICOTA,1,15,0,15,0.0,0.0
2021,3,SAN MARTIN,PICOTA,3,68,113,181,0.0,0.0
2021,4,SAN MARTIN,PICOTA,0,0,0,0,0.0,0.0
2021,5,SAN MARTIN,PICOTA,1,0,3,3,0.0,0.0
2021,6,SAN MARTIN,PICOTA,2,22,70,92,18.0,17.0
2021,7,SAN MARTIN,PICOTA,0,0,0,0,0.0,0.0
2021,8,SAN MARTIN,PICOTA,1,0,17,17,0.0,0.0
2021,9,SAN MARTIN,PICOTA,5,0,64,64,0.0,0.0
2021,10,SAN MARTIN,PICOTA,2,0,24,24,0.0,0.0
2021,11,SAN MARTIN,PICOTA,2,54,5,59,0.0,0.0
2021,12,SAN MARTIN,PICOTA,1,40,0,40,0.0,0.0
2022,1,SAN MARTIN,PICOTA,0,0,0,0,0.0,0.0
2022,2,SAN MARTIN,PICOTA,0,0,0,0,0.0,0.0
2022,3,SAN MARTIN,PICOTA,0,0,0,0,0.0,0.0
2022,4,SAN MARTIN,PICOTA,1,65,0,65,7.0,5.0
2022,5,SAN MARTIN,PICOTA,2,458,70,528,16.7,6.2
2022,6,SAN MARTIN,PICOTA,1,128,0,128,0.0,0.0
2022,7,SAN MARTIN,PICOTA,0,0,0,0,0.0,0.0
2022,8,SAN MARTIN,PICOTA,4,43,67,110,14.61,12.5
2022,9,SAN MARTIN,PICOTA,1,237,79,316,0.0,0.0
2022,10,SAN MARTIN,PICOTA,0,0,0,0,0.0,0.0
2022,11,SAN MARTIN,PICOTA,6,39,93,132,0.0,0.0
2022,12,SAN MARTIN,PICOTA,0,0,0,0,0.0,0.0
2023,1,SAN MARTIN,PICOTA,0,0,0,0,0.0,0.0
2023,2,SAN MARTIN,PICOTA,0,0,0,0,0.0,0.0
2023,3,SAN MARTIN,PICOTA,10,285,97,382,0.0,0.0
2023,4,SAN MARTIN,PICOTA,9,1531,103,1634,4.0,12.0
2023,5,SAN MARTIN,PICOTA,2,0,3,3,0.0,0.0
2023,6,SAN MARTIN,PICOTA,1,0,12,12,0.0,0.0
2023,7,SAN MARTIN,PICOTA,2,0,3,3,0.0,0.0
2023,8,SAN MARTIN,PICOTA,3,0,31,31,0.0,0.0
2023,9,SAN MARTIN,PICOTA,1,0,44,44,0.0,0.0
2023,10,SAN MARTIN,PICOTA,2,0,321,321,0.0,0.0
2023,11,SAN MARTIN,PICOTA,2,2,19,21,0.0,0.0
2023,12,SAN MARTIN,PICOTA,3,173,152,325,23.0,23.0
2024,1,SAN MARTIN,PICOTA,0,0,0,0,0.0,0.0
2024,2,SAN MARTIN,PICOTA,2,1164,59,1223,0.0,0.0
2024,3,SAN MARTIN,PICOTA,8,357,127,484,0.0,0.0
2024,4,SAN MARTIN,PICOTA,0,0,0,0,0.0,0.0
2024,5,SAN MARTIN,PICOTA,0,0,0,0,0.0,0.0
2024,6,SAN MARTIN,PICOTA,0,0,0,0,0.0,0.0
2024,7,SAN MARTIN,PICOTA,0,0,0,0,0.0,0.0
2024,8,SAN MARTIN,PICOTA,1,0,62,62,0.0,0.0
2024,9,SAN MARTIN,PICOTA,11,1434,103,1537,1292.25,2811.8
2024,10,SAN MARTIN,PICOTA,10,375,241,616,0.0,0.0
2024,11,SAN MARTIN,PICOTA,9,647,853,1500,3.0,2.0
2024,12,SAN MARTIN,PICOTA,2,99,30,129,0.0,0.0
2025,1,SAN MARTIN,PICOTA,1,23,17,40,0.0,0.0
2025,2,SAN MARTIN,PICOTA,6,573,102,675,0.0,0.0
2025,3,SAN MARTIN,PICOTA,8,324,111,435,1.0,198.35
2025,4,SAN MARTIN,PICOTA,4,0,2,2,0.0,0.0
2025,5,SAN MARTIN,PICOTA,0,0,0,0,0.0,0.0
2025,6,SAN MARTIN,PICOTA,0,0,0,0,0.0,0.0
2025,7,SAN MARTIN,PICOTA,2,0,20,20,0.0,0.0
2025,8,SAN MARTIN,PICOTA,0,0,0,0,0.0,0.0
2025,9,SAN MARTIN,PICOTA,3,61,17,78,0.0,0.0
2025,10,SAN MARTIN,PICOTA,1,7,32,39,0.0,0.0
2025,11,SAN MARTIN,PICOTA,9,1522,420,1942,0.0,381.95
2025,12,SAN MARTIN,PICOTA,2,20,5,25,0.0,0.0
2016,1,SAN MARTIN,RIOJA,2,0,282,282,245.0,320.0
2016,2,SAN MARTIN,RIOJA,0,0,0,0,0.0,0.0
2016,3,SAN MARTIN,RIOJA,0,0,0,0,0.0,0.0
2016,4,SAN MARTIN,RIOJA,0,0,0,0,0.0,0.0
2016,5,SAN MARTIN,RIOJA,0,0,0,0,0.0,0.0
2016,6,SAN MARTIN,RIOJA,0,0,0,0,0.0,0.0
2016,7,SAN MARTIN,RIOJA,0,0,0,0,0.0,0.0
2016,8,SAN MARTIN,RIOJA,0,0,0,0,0.0,0.0
2016,9,SAN MARTIN,RIOJA,1,87,140,227,0.0,0.0
2016,10,SAN MARTIN,RIOJA,1,0,0,0,0.0,0.0
2016,11,SAN MARTIN,RIOJA,1,0,0,0,0.0,0.0
2016,12,SAN MARTIN,RIOJA,0,0,0,0,0.0,0.0
2017,1,SAN MARTIN,RIOJA,0,0,0,0,0.0,0.0
2017,2,SAN MARTIN,RIOJA,1,30,65,95,0.0,0.0
2017,3,SAN MARTIN,RIOJA,0,0,0,0,0.0,0.0
2017,4,SAN MARTIN,RIOJA,2,35,0,35,0.0,50.0
2017,5,SAN MARTIN,RIOJA,0,0,0,0,0.0,0.0
2017,6,SAN MARTIN,RIOJA,0,0,0,0,0.0,0.0
2017,7,SAN MARTIN,RIOJA,1,0,0,0,0.0,0.0
2017,8,SAN MARTIN,RIOJA,1,6,0,6,0.0,0.0
2017,9,SAN MARTIN,RIOJA,1,36,18,54,0.0,0.0
2017,10,SAN MARTIN,RIOJA,2,15,39,54,0.0,0.0
2017,11,SAN MARTIN,RIOJA,1,21,0,21,5.0,80.0
2017,12,SAN MARTIN,RIOJA,1,140,57,197,0.0,0.0
2018,1,SAN MARTIN,RIOJA,1,89,0,89,0.0,0.0
2018,2,SAN MARTIN,RIOJA,1,0,20,20,0.0,0.0
2018,3,SAN MARTIN,RIOJA,0,0,0,0,0.0,0.0
2018,4,SAN MARTIN,RIOJA,3,22,72,94,70.0,545.0
2018,5,SAN MARTIN,RIOJA,1,100,0,100,0.0,10.0
2018,6,SAN MARTIN,RIOJA,0,0,0,0,0.0,0.0
2018,7,SAN MARTIN,RIOJA,0,0,0,0,0.0,0.0
2018,8,SAN MARTIN,RIOJA,1,6,10,16,0.0,0.0
2018,9,SAN MARTIN,RIOJA,0,0,0,0,0.0,0.0
2018,10,SAN MARTIN,RIOJA,0,0,0,0,0.0,0.0
2018,11,SAN MARTIN,RIOJA,0,0,0,0,0.0,0.0
2018,12,SAN MARTIN,RIOJA,0,0,0,0,0.0,0.0
2019,1,SAN MARTIN,RIOJA,0,0,0,0,0.0,0.0
2019,2,SAN MARTIN,RIOJA,2,2,0,2,0.0,0.0
2019,3,SAN MARTIN,RIOJA,0,0,0,0,0.0,0.0
2019,4,SAN MARTIN,RIOJA,0,0,0,0,0.0,0.0
2019,5,SAN MARTIN,RIOJA,0,0,0,0,0.0,0.0
2019,6,SAN MARTIN,RIOJA,0,0,0,0,0.0,0.0
2019,7,SAN MARTIN,RIOJA,1,32,0,32,0.0,0.0
2019,8,SAN MARTIN,RIOJA,0,0,0,0,0.0,0.0
2019,9,SAN MARTIN,RIOJA,5,20,97,117,0.0,0.0
2019,10,SAN MARTIN,RIOJA,1,32,40,72,0.0,0.0
2019,11,SAN MARTIN,RIOJA,3,26,5,31,0.0,0.0
2019,12,SAN MARTIN,RIOJA,0,0,0,0,0.0,0.0
2020,1,SAN MARTIN,RIOJA,0,0,0,0,0.0,0.0
2020,2,SAN MARTIN,RIOJA,0,0,0,0,0.0,0.0
2020,3,SAN MARTIN,RIOJA,1,1,0,1,0.0,0.0
2020,4,SAN MARTIN,RIOJA,1,0,10,10,0.0,0.0
2020,5,SAN MARTIN,RIOJA,0,0,0,0,0.0,0.0
2020,6,SAN MARTIN,RIOJA,0,0,0,0,0.0,0.0
2020,7,SAN MARTIN,RIOJA,0,0,0,0,0.0,0.0
2020,8,SAN MARTIN,RIOJA,1,0,18,18,0.0,0.0
2020,9,SAN MARTIN,RIOJA,3,15,51,66,0.0,0.0
2020,10,SAN MARTIN,RIOJA,1,0,3,3,0.0,0.0
2020,11,SAN MARTIN,RIOJA,1,24,0,24,0.0,0.0
2020,12,SAN MARTIN,RIOJA,0,0,0,0,0.0,0.0
2021,1,SAN MARTIN,RIOJA,1,0,17,17,0.0,0.0
2021,2,SAN MARTIN,RIOJA,1,0,8,8,0.0,0.0
2021,3,SAN MARTIN,RIOJA,3,35,55,90,0.0,0.0
2021,4,SAN MARTIN,RIOJA,0,0,0,0,0.0,0.0
2021,5,SAN MARTIN,RIOJA,0,0,0,0,0.0,0.0
2021,6,SAN MARTIN,RIOJA,0,0,0,0,0.0,0.0
2021,7,SAN MARTIN,RIOJA,0,0,0,0,0.0,0.0
2021,8,SAN MARTIN,RIOJA,0,0,0,0,0.0,0.0
2021,9,SAN MARTIN,RIOJA,3,18,5,23,0.0,0.0
2021,10,SAN MARTIN,RIOJA,5,16,6,22,0.0,0.0
2021,11,SAN MARTIN,RIOJA,1,2,1,3,0.0,0.0
2021,12,SAN MARTIN,RIOJA,0,0,0,0,0.0,0.0
2022,1,SAN MARTIN,RIOJA,0,0,0,0,0.0,0.0
2022,2,SAN MARTIN,RIOJA,1,0,2,2,0.0,0.0
2022,3,SAN MARTIN,RIOJA,3,5,17,22,0.0,0.0
2022,4,SAN MARTIN,RIOJA,0,0,0,0,0.0,0.0
2022,5,SAN MARTIN,RIOJA,0,0,0,0,0.0,0.0
2022,6,SAN MARTIN,RIOJA,0,0,0,0,0.0,0.0
2022,7,SAN MARTIN,RIOJA,0,0,0,0,0.0,0.0
2022,8,SAN MARTIN,RIOJA,1,25,0,25,0.0,0.0
2022,9,SAN MARTIN,RIOJA,1,32,102,134,0.0,0.0
2022,10,SAN MARTIN,RIOJA,2,99,0,99,0.0,0.0
2022,11,SAN MARTIN,RIOJA,2,3,0,3,0.0,0.0
2022,12,SAN MARTIN,RIOJA,0,0,0,0,0.0,0.0
2023,1,SAN MARTIN,RIOJA,0,0,0,0,0.0,0.0
2023,2,SAN MARTIN,RIOJA,0,0,0,0,0.0,0.0
2023,3,SAN MARTIN,RIOJA,4,94,44,138,0.0,0.0
2023,4,SAN MARTIN,RIOJA,0,0,0,0,0.0,0.0
2023,5,SAN MARTIN,RIOJA,0,0,0,0,0.0,0.0
2023,6,SAN MARTIN,RIOJA,0,0,0,0,0.0,0.0
2023,7,SAN MARTIN,RIOJA,0,0,0,0,0.0,0.0
2023,8,SAN MARTIN,RIOJA,1,0,13,13,0.0,0.0
2023,9,SAN MARTIN,RIOJA,2,0,15,15,0.0,0.0
2023,10,SAN MARTIN,RIOJA,2,0,74,74,0.0,0.0
2023,11,SAN MARTIN,RIOJA,4,0,14,14,0.0,0.0
2023,12,SAN MARTIN,RIOJA,2,0,32,32,0.0,195.0
2024,1,SAN MARTIN,RIOJA,0,0,0,0,0.0,0.0
2024,2,SAN MARTIN,RIOJA,2,15,6,21,0.0,123.5
2024,3,SAN MARTIN,RIOJA,3,0,32,32,0.0,0.0
2024,4,SAN MARTIN,RIOJA,1,2,0,2,0.0,0.0
2024,5,SAN MARTIN,RIOJA,0,0,0,0,0.0,0.0
2024,6,SAN MARTIN,RIOJA,1,0,0,0,0.0,0.0
2024,7,SAN MARTIN,RIOJA,0,0,0,0,0.0,0.0
2024,8,SAN MARTIN,RIOJA,0,0,0,0,0.0,0.0
2024,9,SAN MARTIN,RIOJA,1,45,4,49,0.0,0.0
2024,10,SAN MARTIN,RIOJA,7,0,31,31,0.0,0.0
2024,11,SAN MARTIN,RIOJA,5,15,7,22,1.0,0.0
2024,12,SAN MARTIN,RIOJA,2,101,12,113,0.0,0.0
2025,1,SAN MARTIN,RIOJA,0,0,0,0,0.0,0.0
2025,2,SAN MARTIN,RIOJA,9,1696,351,2047,0.0,0.0
2025,3,SAN MARTIN,RIOJA,1,4,0,4,0.0,0.0
2025,4,SAN MARTIN,RIOJA,4,335,11,346,0.0,0.0
2025,5,SAN MARTIN,RIOJA,3,0,5,5,0.0,0.0
2025,6,SAN MARTIN,RIOJA,0,0,0,0,0.0,0.0
2025,7,SAN MARTIN,RIOJA,0,0,0,0,0.0,0.0
2025,8,SAN MARTIN,RIOJA,0,0,0,0,0.0,0.0
2025,9,SAN MARTIN,RIOJA,1,0,6,6,0.0,0.0
2025,10,SAN MARTIN,RIOJA,1,75,0,75,0.0,0.0
2025,11,SAN MARTIN,RIOJA,1,5,0,5,21.0,21.0
2025,12,SAN MARTIN,RIOJA,2,188,29,217,0.0,0.0
2016,1,SAN MARTIN,SAN MARTIN,0,0,0,0,0.0,0.0
2016,2,SAN MARTIN,SAN MARTIN,0,0,0,0,0.0,0.0
2016,3,SAN MARTIN,SAN MARTIN,1,20,4,24,0.0,0.0
2016,4,SAN MARTIN,SAN MARTIN,0,0,0,0,0.0,0.0
2016,5,SAN MARTIN,SAN MARTIN,1,3,7,10,0.0,0.0
2016,6,SAN MARTIN,SAN MARTIN,0,0,0,0,0.0,0.0
2016,7,SAN MARTIN,SAN MARTIN,0,0,0,0,0.0,0.0
2016,8,SAN MARTIN,SAN MARTIN,0,0,0,0,0.0,0.0
2016,9,SAN MARTIN,SAN MARTIN,0,0,0,0,0.0,0.0
2016,10,SAN MARTIN,SAN MARTIN,4,425,346,771,0.0,0.0
2016,11,SAN MARTIN,SAN MARTIN,0,0,0,0,0.0,0.0
2016,12,SAN MARTIN,SAN MARTIN,1,23,0,23,0.0,0.0
2017,1,SAN MARTIN,SAN MARTIN,2,422,0,422,0.0,0.0
2017,2,SAN MARTIN,SAN MARTIN,0,0,0,0,0.0,0.0
2017,3,SAN MARTIN,SAN MARTIN,1,0,3,3,0.0,0.0
2017,4,SAN MARTIN,SAN MARTIN,0,0,0,0,0.0,0.0
2017,5,SAN MARTIN,SAN MARTIN,1,0,30,30,0.0,0.0
2017,6,SAN MARTIN,SAN MARTIN,0,0,0,0,0.0,0.0
2017,7,SAN MARTIN,SAN MARTIN,0,0,0,0,0.0,0.0
2017,8,SAN MARTIN,SAN MARTIN,1,0,6,6,0.0,0.0
2017,9,SAN MARTIN,SAN MARTIN,7,27,163,190,0.0,0.0
2017,10,SAN MARTIN,SAN MARTIN,0,0,0,0,0.0,0.0
2017,11,SAN MARTIN,SAN MARTIN,3,240,43,283,0.0,0.0
2017,12,SAN MARTIN,SAN MARTIN,0,0,0,0,0.0,0.0
2018,1,SAN MARTIN,SAN MARTIN,2,0,6,6,0.0,0.0
2018,2,SAN MARTIN,SAN MARTIN,1,13,0,13,0.0,0.0
2018,3,SAN MARTIN,SAN MARTIN,1,0,19,19,0.0,0.0
2018,4,SAN MARTIN,SAN MARTIN,2,44,5,49,0.0,0.0
2018,5,SAN MARTIN,SAN MARTIN,0,0,0,0,0.0,0.0
2018,6,SAN MARTIN,SAN MARTIN,0,0,0,0,0.0,0.0
2018,7,SAN MARTIN,SAN MARTIN,0,0,0,0,0.0,0.0
2018,8,SAN MARTIN,SAN MARTIN,0,0,0,0,0.0,0.0
2018,9,SAN MARTIN,SAN MARTIN,7,808,91,899,0.0,0.0
2018,10,SAN MARTIN,SAN MARTIN,0,0,0,0,0.0,0.0
2018,11,SAN MARTIN,SAN MARTIN,0,0,0,0,0.0,0.0
2018,12,SAN MARTIN,SAN MARTIN,0,0,0,0,0.0,0.0
2019,1,SAN MARTIN,SAN MARTIN,0,0,0,0,0.0,0.0
2019,2,SAN MARTIN,SAN MARTIN,5,9,2370,2379,0.0,0.0
2019,3,SAN MARTIN,SAN MARTIN,0,0,0,0,0.0,0.0
2019,4,SAN MARTIN,SAN MARTIN,1,0,17,17,0.0,0.0
2019,5,SAN MARTIN,SAN MARTIN,0,0,0,0,0.0,0.0
2019,6,SAN MARTIN,SAN MARTIN,0,0,0,0,0.0,0.0
2019,7,SAN MARTIN,SAN MARTIN,0,0,0,0,0.0,0.0
2019,8,SAN MARTIN,SAN MARTIN,1,5,0,5,0.0,0.0
2019,9,SAN MARTIN,SAN MARTIN,2,0,167,167,0.0,0.0
2019,10,SAN MARTIN,SAN MARTIN,2,55,41,96,0.0,0.0
2019,11,SAN MARTIN,SAN MARTIN,0,0,0,0,0.0,0.0
2019,12,SAN MARTIN,SAN MARTIN,0,0,0,0,0.0,0.0
2020,1,SAN MARTIN,SAN MARTIN,3,6,251,257,0.0,0.0
2020,2,SAN MARTIN,SAN MARTIN,1,9,0,9,0.0,0.0
2020,3,SAN MARTIN,SAN MARTIN,1,92,0,92,0.0,0.0
2020,4,SAN MARTIN,SAN MARTIN,1,0,2,2,0.0,0.0
2020,5,SAN MARTIN,SAN MARTIN,0,0,0,0,0.0,0.0
2020,6,SAN MARTIN,SAN MARTIN,0,0,0,0,0.0,0.0
2020,7,SAN MARTIN,SAN MARTIN,0,0,0,0,0.0,0.0
2020,8,SAN MARTIN,SAN MARTIN,0,0,0,0,0.0,0.0
2020,9,SAN MARTIN,SAN MARTIN,2,0,21,21,0.0,0.0
2020,10,SAN MARTIN,SAN MARTIN,9,291,256,547,0.0,0.0
2020,11,SAN MARTIN,SAN MARTIN,1,20,14,34,0.0,0.0
2020,12,SAN MARTIN,SAN MARTIN,1,4,12,16,0.0,0.0
2021,1,SAN MARTIN,SAN MARTIN,0,0,0,0,0.0,0.0
2021,2,SAN MARTIN,SAN MARTIN,0,0,0,0,0.0,0.0
2021,3,SAN MARTIN,SAN MARTIN,1,315,0,315,0.0,0.0
2021,4,SAN MARTIN,SAN MARTIN,2,1727,3,1730,0.0,0.0
2021,5,SAN MARTIN,SAN MARTIN,0,0,0,0,0.0,0.0
2021,6,SAN MARTIN,SAN MARTIN,0,0,0,0,0.0,0.0
2021,7,SAN MARTIN,SAN MARTIN,0,0,0,0,0.0,0.0
2021,8,SAN MARTIN,SAN MARTIN,2,0,8,8,0.0,0.0
2021,9,SAN MARTIN,SAN MARTIN,3,22,27,49,0.0,0.0
2021,10,SAN MARTIN,SAN MARTIN,1,9,0,9,0.0,0.0
2021,11,SAN MARTIN,SAN MARTIN,1,0,4,4,0.0,0.0
2021,12,SAN MARTIN,SAN MARTIN,1,18,0,18,0.0,0.0
2022,1,SAN MARTIN,SAN MARTIN,3,0,8,8,0.0,0.0
2022,2,SAN MARTIN,SAN MARTIN,0,0,0,0,0.0,0.0
2022,3,SAN MARTIN,SAN MARTIN,2,4,50,54,0.0,0.0
2022,4,SAN MARTIN,SAN MARTIN,4,451,8,459,0.0,0.0
2022,5,SAN MARTIN,SAN MARTIN,0,0,0,0,0.0,0.0
2022,6,SAN MARTIN,SAN MARTIN,1,0,5,5,0.0,0.0
2022,7,SAN MARTIN,SAN MARTIN,0,0,0,0,0.0,0.0
2022,8,SAN MARTIN,SAN MARTIN,1,14,0,14,0.0,0.0
2022,9,SAN MARTIN,SAN MARTIN,3,49,30,79,0.0,0.0
2022,10,SAN MARTIN,SAN MARTIN,0,0,0,0,0.0,0.0
2022,11,SAN MARTIN,SAN MARTIN,4,55,63,118,0.0,0.0
2022,12,SAN MARTIN,SAN MARTIN,4,51,32,83,1.0,1.0
2023,1,SAN MARTIN,SAN MARTIN,1,38,0,38,3.0,0.0
2023,2,SAN MARTIN,SAN MARTIN,2,0,13,13,0.0,0.0
2023,3,SAN MARTIN,SAN MARTIN,8,2798,89,2887,5.0,0.0
2023,4,SAN MARTIN,SAN MARTIN,5,391,0,391,61.2,5.0
2023,5,SAN MARTIN,SAN MARTIN,0,0,0,0,0.0,0.0
2023,6,SAN MARTIN,SAN MARTIN,0,0,0,0,0.0,0.0
2023,7,SAN MARTIN,SAN MARTIN,1,0,0,0,0.0,4.0
2023,8,SAN MARTIN,SAN MARTIN,1,0,24,24,0.0,0.0
2023,9,SAN MARTIN,SAN MARTIN,1,0,6,6,0.0,0.0
2023,10,SAN MARTIN,SAN MARTIN,1,0,70,70,0.0,0.0
2023,11,SAN MARTIN,SAN MARTIN,1,0,2,2,0.0,0.0
2023,12,SAN MARTIN,SAN MARTIN,3,2048,0,2048,97.0,0.0
2024,1,SAN MARTIN,SAN MARTIN,0,0,0,0,0.0,0.0
2024,2,SAN MARTIN,SAN MARTIN,1,0,9,9,0.0,0.0
2024,3,SAN MARTIN,SAN MARTIN,4,3027,18,3045,0.0,0.0
2024,4,SAN MARTIN,SAN MARTIN,1,0,6,6,0.0,0.0
2024,5,SAN MARTIN,SAN MARTIN,1,0,6,6,0.0,0.0
2024,6,SAN MARTIN,SAN MARTIN,0,0,0,0,0.0,0.0
2024,7,SAN MARTIN,SAN MARTIN,0,0,0,0,0.0,0.0
2024,8,SAN MARTIN,SAN MARTIN,2,66,93,159,0.0,0.0
2024,9,SAN MARTIN,SAN MARTIN,9,229,188,417,109.11,115.5
2024,10,SAN MARTIN,SAN MARTIN,3,73,17,90,44.56,76.55
2024,11,SAN MARTIN,SAN MARTIN,2,0,0,0,0.0,0.0
2024,12,SAN MARTIN,SAN MARTIN,4,590,16,606,0.0,0.0
2025,1,SAN MARTIN,SAN MARTIN,3,4,4,8,0.0,0.0
2025,2,SAN MARTIN,SAN MARTIN,11,2697,409,3106,0.0,0.0
2025,3,SAN MARTIN,SAN MARTIN,13,2912,27,2939,0.0,46.0
2025,4,SAN MARTIN,SAN MARTIN,7,373,42,415,0.0,104.0
2025,5,SAN MARTIN,SAN MARTIN,0,0,0,0,0.0,0.0
2025,6,SAN MARTIN,SAN MARTIN,0,0,0,0,0.0,0.0
2025,7,SAN MARTIN,SAN MARTIN,1,0,0,0,0.0,0.0
2025,8,SAN MARTIN,SAN MARTIN,0,0,0,0,0.0,0.0
2025,9,SAN MARTIN,SAN MARTIN,2,0,22,22,0.0,0.0
2025,10,SAN MARTIN,SAN MARTIN,0,0,0,0,0.0,0.0
2025,11,SAN MARTIN,SAN MARTIN,1,0,6,6,0.0,0.0
2025,12,SAN MARTIN,SAN MARTIN,1,0,0,0,0.0,0.0
2016,1,SAN MARTIN,TOCACHE,1,0,100,100,0.0,0.0
2016,2,SAN MARTIN,TOCACHE,0,0,0,0,0.0,0.0
2016,3,SAN MARTIN,TOCACHE,0,0,0,0,0.0,0.0
2016,4,SAN MARTIN,TOCACHE,0,0,0,0,0.0,0.0
2016,5,SAN MARTIN,TOCACHE,0,0,0,0,0.0,0.0
2016,6,SAN MARTIN,TOCACHE,0,0,0,0,0.0,0.0
2016,7,SAN MARTIN,TOCACHE,0,0,0,0,0.0,0.0
2016,8,SAN MARTIN,TOCACHE,0,0,0,0,0.0,0.0
2016,9,SAN MARTIN,TOCACHE,1,13,29,42,0.0,0.0
2016,10,SAN MARTIN,TOCACHE,0,0,0,0,0.0,0.0
2016,11,SAN MARTIN,TOCACHE,0,0,0,0,0.0,0.0
2016,12,SAN MARTIN,TOCACHE,0,0,0,0,0.0,0.0
2017,1,SAN MARTIN,TOCACHE,0,0,0,0,0.0,0.0
2017,2,SAN MARTIN,TOCACHE,0,0,0,0,0.0,0.0
2017,3,SAN MARTIN,TOCACHE,0,0,0,0,0.0,0.0
2017,4,SAN MARTIN,TOCACHE,0,0,0,0,0.0,0.0
2017,5,SAN MARTIN,TOCACHE,0,0,0,0,0.0,0.0
2017,6,SAN MARTIN,TOCACHE,0,0,0,0,0.0,0.0
2017,7,SAN MARTIN,TOCACHE,0,0,0,0,0.0,0.0
2017,8,SAN MARTIN,TOCACHE,0,0,0,0,0.0,0.0
2017,9,SAN MARTIN,TOCACHE,0,0,0,0,0.0,0.0
2017,10,SAN MARTIN,TOCACHE,0,0,0,0,0.0,0.0
2017,11,SAN MARTIN,TOCACHE,1,0,3,3,0.0,2.0
2017,12,SAN MARTIN,TOCACHE,2,67,6,73,0.0,0.0
2018,1,SAN MARTIN,TOCACHE,0,0,0,0,0.0,0.0
2018,2,SAN MARTIN,TOCACHE,0,0,0,0,0.0,0.0
2018,3,SAN MARTIN,TOCACHE,0,0,0,0,0.0,0.0
2018,4,SAN MARTIN,TOCACHE,2,5,1,6,0.0,200.0
2018,5,SAN MARTIN,TOCACHE,0,0,0,0,0.0,0.0
2018,6,SAN MARTIN,TOCACHE,0,0,0,0,0.0,0.0
2018,7,SAN MARTIN,TOCACHE,0,0,0,0,0.0,0.0
2018,8,SAN MARTIN,TOCACHE,0,0,0,0,0.0,0.0
2018,9,SAN MARTIN,TOCACHE,0,0,0,0,0.0,0.0
2018,10,SAN MARTIN,TOCACHE,3,51,3,54,0.0,0.0
2018,11,SAN MARTIN,TOCACHE,3,433,218,651,0.0,0.0
2018,12,SAN MARTIN,TOCACHE,2,0,24,24,8.0,0.0
2019,1,SAN MARTIN,TOCACHE,0,0,0,0,0.0,0.0
2019,2,SAN MARTIN,TOCACHE,0,0,0,0,0.0,0.0
2019,3,SAN MARTIN,TOCACHE,1,85,0,85,0.0,0.0
2019,4,SAN MARTIN,TOCACHE,0,0,0,0,0.0,0.0
2019,5,SAN MARTIN,TOCACHE,0,0,0,0,0.0,0.0
2019,6,SAN MARTIN,TOCACHE,0,0,0,0,0.0,0.0
2019,7,SAN MARTIN,TOCACHE,1,19,0,19,0.0,0.0
2019,8,SAN MARTIN,TOCACHE,0,0,0,0,0.0,0.0
2019,9,SAN MARTIN,TOCACHE,2,0,72,72,0.0,0.0
2019,10,SAN MARTIN,TOCACHE,0,0,0,0,0.0,0.0
2019,11,SAN MARTIN,TOCACHE,2,214,0,214,0.0,0.0
2019,12,SAN MARTIN,TOCACHE,5,11,68,79,0.0,0.0
2020,1,SAN MARTIN,TOCACHE,3,37,83,120,0.0,0.0
2020,2,SAN MARTIN,TOCACHE,4,377,20,397,0.0,0.0
2020,3,SAN MARTIN,TOCACHE,0,0,0,0,0.0,0.0
2020,4,SAN MARTIN,TOCACHE,0,0,0,0,0.0,0.0
2020,5,SAN MARTIN,TOCACHE,0,0,0,0,0.0,0.0
2020,6,SAN MARTIN,TOCACHE,0,0,0,0,0.0,0.0
2020,7,SAN MARTIN,TOCACHE,0,0,0,0,0.0,0.0
2020,8,SAN MARTIN,TOCACHE,0,0,0,0,0.0,0.0
2020,9,SAN MARTIN,TOCACHE,0,0,0,0,0.0,0.0
2020,10,SAN MARTIN,TOCACHE,2,0,52,52,0.0,0.0
2020,11,SAN MARTIN,TOCACHE,0,0,0,0,0.0,0.0
2020,12,SAN MARTIN,TOCACHE,1,10,4,14,0.0,2.0
2021,1,SAN MARTIN,TOCACHE,3,5,45,50,0.0,0.0
2021,2,SAN MARTIN,TOCACHE,1,0,54,54,0.0,0.0
2021,3,SAN MARTIN,TOCACHE,0,0,0,0,0.0,0.0
2021,4,SAN MARTIN,TOCACHE,1,4,0,4,0.0,0.0
2021,5,SAN MARTIN,TOCACHE,0,0,0,0,0.0,0.0
2021,6,SAN MARTIN,TOCACHE,0,0,0,0,0.0,0.0
2021,7,SAN MARTIN,TOCACHE,0,0,0,0,0.0,0.0
2021,8,SAN MARTIN,TOCACHE,1,0,5,5,0.0,0.0
2021,9,SAN MARTIN,TOCACHE,2,0,41,41,0.0,0.0
2021,10,SAN MARTIN,TOCACHE,1,16,38,54,0.0,0.0
2021,11,SAN MARTIN,TOCACHE,2,25,7,32,0.0,10.0
2021,12,SAN MARTIN,TOCACHE,2,0,3,3,0.0,3.0
2022,1,SAN MARTIN,TOCACHE,3,73,66,139,0.0,0.0
2022,2,SAN MARTIN,TOCACHE,2,0,50,50,0.0,0.0
2022,3,SAN MARTIN,TOCACHE,0,0,0,0,0.0,0.0
2022,4,SAN MARTIN,TOCACHE,0,0,0,0,0.0,0.0
2022,5,SAN MARTIN,TOCACHE,0,0,0,0,0.0,0.0
2022,6,SAN MARTIN,TOCACHE,1,25,0,25,0.0,0.0
2022,7,SAN MARTIN,TOCACHE,0,0,0,0,0.0,0.0
2022,8,SAN MARTIN,TOCACHE,1,7,18,25,0.0,0.0
2022,9,SAN MARTIN,TOCACHE,5,52,65,117,0.0,0.0
2022,10,SAN MARTIN,TOCACHE,3,0,136,136,0.0,0.0
2022,11,SAN MARTIN,TOCACHE,2,7,17,24,0.0,0.0
2022,12,SAN MARTIN,TOCACHE,0,0,0,0,0.0,0.0
2023,1,SAN MARTIN,TOCACHE,0,0,0,0,0.0,0.0
2023,2,SAN MARTIN,TOCACHE,8,586,19,605,85.5,93.75
2023,3,SAN MARTIN,TOCACHE,4,117,27,144,61.75,50.05
2023,4,SAN MARTIN,TOCACHE,0,0,0,0,0.0,0.0
2023,5,SAN MARTIN,TOCACHE,1,2,0,2,0.0,0.0
2023,6,SAN MARTIN,TOCACHE,0,0,0,0,0.0,0.0
2023,7,SAN MARTIN,TOCACHE,0,0,0,0,0.0,0.0
2023,8,SAN MARTIN,TOCACHE,1,18,0,18,0.0,0.0
2023,9,SAN MARTIN,TOCACHE,4,0,148,148,0.0,99.0
2023,10,SAN MARTIN,TOCACHE,3,6,35,41,0.0,0.0
2023,11,SAN MARTIN,TOCACHE,2,185,4,189,0.0,0.0
2023,12,SAN MARTIN,TOCACHE,2,258,0,258,0.0,0.0
2024,1,SAN MARTIN,TOCACHE,3,388,6,394,3.0,3.0
2024,2,SAN MARTIN,TOCACHE,0,0,0,0,0.0,0.0
2024,3,SAN MARTIN,TOCACHE,2,129,0,129,0.0,0.0
2024,4,SAN MARTIN,TOCACHE,3,99,21,120,0.0,0.0
2024,5,SAN MARTIN,TOCACHE,0,0,0,0,0.0,0.0
2024,6,SAN MARTIN,TOCACHE,0,0,0,0,0.0,0.0
2024,7,SAN MARTIN,TOCACHE,0,0,0,0,0.0,0.0
2024,8,SAN MARTIN,TOCACHE,0,0,0,0,0.0,0.0
2024,9,SAN MARTIN,TOCACHE,7,205,340,545,8.5,141.5
2024,10,SAN MARTIN,TOCACHE,3,12,42,54,1.5,4.0
2024,11,SAN MARTIN,TOCACHE,5,283,48,331,0.0,0.0
2024,12,SAN MARTIN,TOCACHE,3,81,0,81,0.0,0.0
2025,1,SAN MARTIN,TOCACHE,5,55,8,63,0.0,0.0
2025,2,SAN MARTIN,TOCACHE,7,112,53,165,34.5,0.0
2025,3,SAN MARTIN,TOCACHE,3,172,20,192,2.5,240.7
2025,4,SAN MARTIN,TOCACHE,0,0,0,0,0.0,0.0
2025,5,SAN MARTIN,TOCACHE,0,0,0,0,0.0,0.0
2025,6,SAN MARTIN,TOCACHE,2,3,0,3,0.0,0.0
2025,7,SAN MARTIN,TOCACHE,1,0,4,4,0.0,0.0
2025,8,SAN MARTIN,TOCACHE,1,2,0,2,0.0,0.0
2025,9,SAN MARTIN,TOCACHE,4,13,99,112,0.0,0.0
2025,10,SAN MARTIN,TOCACHE,3,21,145,166,0.0,0.0
2025,11,SAN MARTIN,TOCACHE,3,100,21,121,0.0,0.0
2025,12,SAN MARTIN,TOCACHE,3,214,197,411,0.5,4.25
2016,1,TUMBES,CONTRALMIRANTE VILLAR,0,0,0,0,0.0,0.0
2016,2,TUMBES,CONTRALMIRANTE VILLAR,2,0,0,0,0.0,0.0
2016,3,TUMBES,CONTRALMIRANTE VILLAR,6,4709,12,4721,4.0,42.0
2016,4,TUMBES,CONTRALMIRANTE VILLAR,0,0,0,0,0.0,0.0
2016,5,TUMBES,CONTRALMIRANTE VILLAR,0,0,0,0,0.0,0.0
2016,6,TUMBES,CONTRALMIRANTE VILLAR,0,0,0,0,0.0,0.0
2016,7,TUMBES,CONTRALMIRANTE VILLAR,0,0,0,0,0.0,0.0
2016,8,TUMBES,CONTRALMIRANTE VILLAR,0,0,0,0,0.0,0.0
2016,9,TUMBES,CONTRALMIRANTE VILLAR,3,22,5,27,0.0,0.0
2016,10,TUMBES,CONTRALMIRANTE VILLAR,1,4,0,4,0.0,0.0
2016,11,TUMBES,CONTRALMIRANTE VILLAR,0,0,0,0,0.0,0.0
2016,12,TUMBES,CONTRALMIRANTE VILLAR,0,0,0,0,0.0,0.0
2017,1,TUMBES,CONTRALMIRANTE VILLAR,3,1623,0,1623,0.0,0.0
2017,2,TUMBES,CONTRALMIRANTE VILLAR,3,0,0,0,0.0,170.0
2017,3,TUMBES,CONTRALMIRANTE VILLAR,5,7966,20,7986,8.0,170.0
2017,4,TUMBES,CONTRALMIRANTE VILLAR,4,3508,16,3524,0.0,0.0
2017,5,TUMBES,CONTRALMIRANTE VILLAR,1,1000,0,1000,0.0,0.0
2017,6,TUMBES,CONTRALMIRANTE VILLAR,0,0,0,0,0.0,0.0
2017,7,TUMBES,CONTRALMIRANTE VILLAR,0,0,0,0,0.0,0.0
2017,8,TUMBES,CONTRALMIRANTE VILLAR,0,0,0,0,0.0,0.0
2017,9,TUMBES,CONTRALMIRANTE VILLAR,1,0,0,0,0.0,0.0
2017,10,TUMBES,CONTRALMIRANTE VILLAR,0,0,0,0,0.0,0.0
2017,11,TUMBES,CONTRALMIRANTE VILLAR,0,0,0,0,0.0,0.0
2017,12,TUMBES,CONTRALMIRANTE VILLAR,0,0,0,0,0.0,0.0
2018,1,TUMBES,CONTRALMIRANTE VILLAR,0,0,0,0,0.0,0.0
2018,2,TUMBES,CONTRALMIRANTE VILLAR,0,0,0,0,0.0,0.0
2018,3,TUMBES,CONTRALMIRANTE VILLAR,0,0,0,0,0.0,0.0
2018,4,TUMBES,CONTRALMIRANTE VILLAR,0,0,0,0,0.0,0.0
2018,5,TUMBES,CONTRALMIRANTE VILLAR,0,0,0,0,0.0,0.0
2018,6,TUMBES,CONTRALMIRANTE VILLAR,0,0,0,0,0.0,0.0
2018,7,TUMBES,CONTRALMIRANTE VILLAR,0,0,0,0,0.0,0.0
2018,8,TUMBES,CONTRALMIRANTE VILLAR,0,0,0,0,0.0,0.0
2018,9,TUMBES,CONTRALMIRANTE VILLAR,1,0,0,0,0.0,0.0
2018,10,TUMBES,CONTRALMIRANTE VILLAR,0,0,0,0,0.0,0.0
2018,11,TUMBES,CONTRALMIRANTE VILLAR,0,0,0,0,0.0,0.0
2018,12,TUMBES,CONTRALMIRANTE VILLAR,0,0,0,0,0.0,0.0
2019,1,TUMBES,CONTRALMIRANTE VILLAR,0,0,0,0,0.0,0.0
2019,2,TUMBES,CONTRALMIRANTE VILLAR,3,167,0,167,0.0,0.0
2019,3,TUMBES,CONTRALMIRANTE VILLAR,8,192,0,192,0.0,0.0
2019,4,TUMBES,CONTRALMIRANTE VILLAR,0,0,0,0,0.0,0.0
2019,5,TUMBES,CONTRALMIRANTE VILLAR,0,0,0,0,0.0,0.0
2019,6,TUMBES,CONTRALMIRANTE VILLAR,1,28,0,28,0.0,0.0
2019,7,TUMBES,CONTRALMIRANTE VILLAR,0,0,0,0,0.0,0.0
2019,8,TUMBES,CONTRALMIRANTE VILLAR,1,16,0,16,0.0,0.0
2019,9,TUMBES,CONTRALMIRANTE VILLAR,0,0,0,0,0.0,0.0
2019,10,TUMBES,CONTRALMIRANTE VILLAR,0,0,0,0,0.0,0.0
2019,11,TUMBES,CONTRALMIRANTE VILLAR,0,0,0,0,0.0,0.0
2019,12,TUMBES,CONTRALMIRANTE VILLAR,1,11,0,11,0.0,0.0
2020,1,TUMBES,CONTRALMIRANTE VILLAR,0,0,0,0,0.0,0.0
2020,2,TUMBES,CONTRALMIRANTE VILLAR,0,0,0,0,0.0,0.0
2020,3,TUMBES,CONTRALMIRANTE VILLAR,1,13,0,13,0.0,0.0
2020,4,TUMBES,CONTRALMIRANTE VILLAR,0,0,0,0,0.0,0.0
2020,5,TUMBES,CONTRALMIRANTE VILLAR,1,5,0,5,0.0,0.0
2020,6,TUMBES,CONTRALMIRANTE VILLAR,1,3,0,3,0.0,0.0
2020,7,TUMBES,CONTRALMIRANTE VILLAR,0,0,0,0,0.0,0.0
2020,8,TUMBES,CONTRALMIRANTE VILLAR,1,6,0,6,0.0,0.0
2020,9,TUMBES,CONTRALMIRANTE VILLAR,0,0,0,0,0.0,0.0
2020,10,TUMBES,CONTRALMIRANTE VILLAR,2,7,0,7,0.0,0.0
2020,11,TUMBES,CONTRALMIRANTE VILLAR,0,0,0,0,0.0,0.0
2020,12,TUMBES,CONTRALMIRANTE VILLAR,0,0,0,0,0.0,0.0
2021,1,TUMBES,CONTRALMIRANTE VILLAR,1,4,0,4,0.0,0.0
2021,2,TUMBES,CONTRALMIRANTE VILLAR,3,13,0,13,0.0,0.0
2021,3,TUMBES,CONTRALMIRANTE VILLAR,6,357,0,357,0.0,0.0
2021,4,TUMBES,CONTRALMIRANTE VILLAR,1,0,1,1,0.0,0.0
2021,5,TUMBES,CONTRALMIRANTE VILLAR,0,0,0,0,0.0,0.0
2021,6,TUMBES,CONTRALMIRANTE VILLAR,0,0,0,0,0.0,0.0
2021,7,TUMBES,CONTRALMIRANTE VILLAR,0,0,0,0,0.0,0.0
2021,8,TUMBES,CONTRALMIRANTE VILLAR,0,0,0,0,0.0,0.0
2021,9,TUMBES,CONTRALMIRANTE VILLAR,0,0,0,0,0.0,0.0
2021,10,TUMBES,CONTRALMIRANTE VILLAR,0,0,0,0,0.0,0.0
2021,11,TUMBES,CONTRALMIRANTE VILLAR,0,0,0,0,0.0,0.0
2021,12,TUMBES,CONTRALMIRANTE VILLAR,1,3,0,3,0.0,0.0
2022,1,TUMBES,CONTRALMIRANTE VILLAR,3,14,0,14,0.0,0.0
2022,2,TUMBES,CONTRALMIRANTE VILLAR,3,8,0,8,0.0,0.0
2022,3,TUMBES,CONTRALMIRANTE VILLAR,4,17,0,17,0.0,5.0
2022,4,TUMBES,CONTRALMIRANTE VILLAR,4,10,0,10,0.0,0.0
2022,5,TUMBES,CONTRALMIRANTE VILLAR,1,2,0,2,0.0,0.0
2022,6,TUMBES,CONTRALMIRANTE VILLAR,1,2,0,2,0.0,0.0
2022,7,TUMBES,CONTRALMIRANTE VILLAR,4,8,0,8,0.0,0.0
2022,8,TUMBES,CONTRALMIRANTE VILLAR,1,1,0,1,0.0,0.0
2022,9,TUMBES,CONTRALMIRANTE VILLAR,3,6,0,6,0.0,0.0
2022,10,TUMBES,CONTRALMIRANTE VILLAR,3,5,0,5,0.0,0.0
2022,11,TUMBES,CONTRALMIRANTE VILLAR,6,28,0,28,0.0,0.0
2022,12,TUMBES,CONTRALMIRANTE VILLAR,2,7,0,7,0.0,0.0
2023,1,TUMBES,CONTRALMIRANTE VILLAR,3,93,0,93,0.0,0.0
2023,2,TUMBES,CONTRALMIRANTE VILLAR,5,53,0,53,0.0,0.0
2023,3,TUMBES,CONTRALMIRANTE VILLAR,16,4946,13,4959,9.0,30.5
2023,4,TUMBES,CONTRALMIRANTE VILLAR,5,887,18,905,0.0,0.0
2023,5,TUMBES,CONTRALMIRANTE VILLAR,4,12,0,12,33.26,92.25
2023,6,TUMBES,CONTRALMIRANTE VILLAR,1,546,0,546,0.0,0.0
2023,7,TUMBES,CONTRALMIRANTE VILLAR,0,0,0,0,0.0,0.0
2023,8,TUMBES,CONTRALMIRANTE VILLAR,2,25,8,33,0.0,0.0
2023,9,TUMBES,CONTRALMIRANTE VILLAR,1,4,0,4,0.0,0.0
2023,10,TUMBES,CONTRALMIRANTE VILLAR,3,4,0,4,0.0,0.0
2023,11,TUMBES,CONTRALMIRANTE VILLAR,2,31,0,31,0.0,0.0
2023,12,TUMBES,CONTRALMIRANTE VILLAR,2,1,3,4,0.0,0.0
2024,1,TUMBES,CONTRALMIRANTE VILLAR,0,0,0,0,0.0,0.0
2024,2,TUMBES,CONTRALMIRANTE VILLAR,8,638,14,652,0.0,14.25
2024,3,TUMBES,CONTRALMIRANTE VILLAR,0,0,0,0,0.0,0.0
2024,4,TUMBES,CONTRALMIRANTE VILLAR,1,1,0,1,0.0,0.0
2024,5,TUMBES,CONTRALMIRANTE VILLAR,1,22,0,22,0.0,0.0
2024,6,TUMBES,CONTRALMIRANTE VILLAR,0,0,0,0,0.0,0.0
2024,7,TUMBES,CONTRALMIRANTE VILLAR,1,6,0,6,0.0,0.0
2024,8,TUMBES,CONTRALMIRANTE VILLAR,0,0,0,0,0.0,0.0
2024,9,TUMBES,CONTRALMIRANTE VILLAR,4,17,0,17,0.0,0.0
2024,10,TUMBES,CONTRALMIRANTE VILLAR,2,3,0,3,0.0,0.0
2024,11,TUMBES,CONTRALMIRANTE VILLAR,3,10,0,10,0.0,0.0
2024,12,TUMBES,CONTRALMIRANTE VILLAR,5,21,0,21,0.0,0.0
2025,1,TUMBES,CONTRALMIRANTE VILLAR,5,34,0,34,0.0,0.0
2025,2,TUMBES,CONTRALMIRANTE VILLAR,11,4142,152,4294,0.0,0.0
2025,3,TUMBES,CONTRALMIRANTE VILLAR,4,289,11,300,11.25,8.0
2025,4,TUMBES,CONTRALMIRANTE VILLAR,1,146,3,149,0.0,0.0
2025,5,TUMBES,CONTRALMIRANTE VILLAR,1,2,0,2,0.0,0.0
2025,6,TUMBES,CONTRALMIRANTE VILLAR,0,0,0,0,0.0,0.0
2025,7,TUMBES,CONTRALMIRANTE VILLAR,1,4,0,4,0.0,0.0
2025,8,TUMBES,CONTRALMIRANTE VILLAR,0,0,0,0,0.0,0.0
2025,9,TUMBES,CONTRALMIRANTE VILLAR,0,0,0,0,0.0,0.0
2025,10,TUMBES,CONTRALMIRANTE VILLAR,0,0,0,0,0.0,0.0
2025,11,TUMBES,CONTRALMIRANTE VILLAR,1,72,0,72,0.0,0.0
2025,12,TUMBES,CONTRALMIRANTE VILLAR,0,0,0,0,0.0,0.0
2016,1,TUMBES,TUMBES,3,13,0,13,0.0,0.0
2016,2,TUMBES,TUMBES,14,3154,10,3164,152.0,3767.0
2016,3,TUMBES,TUMBES,15,2334,49,2383,0.0,350.0
2016,4,TUMBES,TUMBES,3,85,18,103,0.0,0.0
2016,5,TUMBES,TUMBES,0,0,0,0,0.0,0.0
2016,6,TUMBES,TUMBES,3,16,0,16,0.0,0.0
2016,7,TUMBES,TUMBES,1,5,0,5,0.0,0.0
2016,8,TUMBES,TUMBES,1,17,0,17,0.0,0.0
2016,9,TUMBES,TUMBES,0,0,0,0,0.0,0.0
2016,10,TUMBES,TUMBES,0,0,0,0,0.0,0.0
2016,11,TUMBES,TUMBES,0,0,0,0,0.0,0.0
2016,12,TUMBES,TUMBES,0,0,0,0,0.0,0.0
2017,1,TUMBES,TUMBES,12,4625,10,4635,0.0,430.0
2017,2,TUMBES,TUMBES,19,11725,46,11771,0.0,733.0
2017,3,TUMBES,TUMBES,25,17048,1131,18179,1830.0,4729.0
2017,4,TUMBES,TUMBES,9,0,0,0,760.0,1120.0
2017,5,TUMBES,TUMBES,4,7450,0,7450,820.0,2250.0
2017,6,TUMBES,TUMBES,2,0,0,0,0.0,800.0
2017,7,TUMBES,TUMBES,0,0,0,0,0.0,0.0
2017,8,TUMBES,TUMBES,0,0,0,0,0.0,0.0
2017,9,TUMBES,TUMBES,0,0,0,0,0.0,0.0
2017,10,TUMBES,TUMBES,0,0,0,0,0.0,0.0
2017,11,TUMBES,TUMBES,0,0,0,0,0.0,0.0
2017,12,TUMBES,TUMBES,1,7,0,7,0.0,0.0
2018,1,TUMBES,TUMBES,1,165,0,165,0.0,0.0
2018,2,TUMBES,TUMBES,7,639,1,640,0.0,0.0
2018,3,TUMBES,TUMBES,1,0,40,40,0.0,0.0
2018,4,TUMBES,TUMBES,5,16,0,16,0.0,0.0
2018,5,TUMBES,TUMBES,2,8,0,8,0.0,0.0
2018,6,TUMBES,TUMBES,3,12,0,12,0.0,0.0
2018,7,TUMBES,TUMBES,1,10,0,10,0.0,0.0
2018,8,TUMBES,TUMBES,0,0,0,0,0.0,0.0
2018,9,TUMBES,TUMBES,1,2,0,2,0.0,0.0
2018,10,TUMBES,TUMBES,3,90,0,90,0.0,0.0
2018,11,TUMBES,TUMBES,0,0,0,0,0.0,0.0
2018,12,TUMBES,TUMBES,0,0,0,0,0.0,0.0
2019,1,TUMBES,TUMBES,0,0,0,0,0.0,0.0
2019,2,TUMBES,TUMBES,4,191,0,191,0.0,0.0
2019,3,TUMBES,TUMBES,6,609,1,610,0.0,22.0
2019,4,TUMBES,TUMBES,0,0,0,0,0.0,0.0
2019,5,TUMBES,TUMBES,1,2,0,2,0.0,0.0
2019,6,TUMBES,TUMBES,0,0,0,0,0.0,0.0
2019,7,TUMBES,TUMBES,0,0,0,0,0.0,0.0
2019,8,TUMBES,TUMBES,2,8,0,8,0.0,0.0
2019,9,TUMBES,TUMBES,1,2,0,2,0.0,0.0
2019,10,TUMBES,TUMBES,1,4,0,4,0.0,0.0
2019,11,TUMBES,TUMBES,3,17,0,17,0.0,0.0
2019,12,TUMBES,TUMBES,4,6,4,10,0.0,0.0
2020,1,TUMBES,TUMBES,4,8,5,13,0.0,0.0
2020,2,TUMBES,TUMBES,6,56,34,90,0.0,0.0
2020,3,TUMBES,TUMBES,1,28,0,28,0.0,0.0
2020,4,TUMBES,TUMBES,0,0,0,0,0.0,0.0
2020,5,TUMBES,TUMBES,1,1,0,1,0.0,0.0
2020,6,TUMBES,TUMBES,1,4,0,4,0.0,0.0
2020,7,TUMBES,TUMBES,3,13,0,13,0.0,0.0
2020,8,TUMBES,TUMBES,2,8,0,8,0.0,0.0
2020,9,TUMBES,TUMBES,3,15,0,15,0.0,0.0
2020,10,TUMBES,TUMBES,2,6,0,6,0.0,0.0
2020,11,TUMBES,TUMBES,2,4,0,4,0.0,0.0
2020,12,TUMBES,TUMBES,3,10,0,10,0.0,0.0
2021,1,TUMBES,TUMBES,5,7,22,29,0.0,0.0
2021,2,TUMBES,TUMBES,4,14,6,20,0.5,1.0
2021,3,TUMBES,TUMBES,24,383,62,445,21.5,53.4
2021,4,TUMBES,TUMBES,1,14,0,14,0.0,0.0
2021,5,TUMBES,TUMBES,1,0,4,4,0.2,0.5
2021,6,TUMBES,TUMBES,2,7,0,7,0.0,0.0
2021,7,TUMBES,TUMBES,4,25,4,29,0.0,0.0
2021,8,TUMBES,TUMBES,1,3,0,3,0.0,0.0
2021,9,TUMBES,TUMBES,4,4,4,8,1.02,0.07
2021,10,TUMBES,TUMBES,0,0,0,0,0.0,0.0
2021,11,TUMBES,TUMBES,1,7,0,7,0.0,0.0
2021,12,TUMBES,TUMBES,1,0,1,1,0.0,0.0
2022,1,TUMBES,TUMBES,3,78,9,87,0.0,0.0
2022,2,TUMBES,TUMBES,11,118,28,146,0.0,0.0
2022,3,TUMBES,TUMBES,14,204,92,296,37.8,41.8
2022,4,TUMBES,TUMBES,10,170,29,199,42.0,74.2
2022,5,TUMBES,TUMBES,2,15,0,15,1.7,4.0
2022,6,TUMBES,TUMBES,0,0,0,0,0.0,0.0
2022,7,TUMBES,TUMBES,0,0,0,0,0.0,0.0
2022,8,TUMBES,TUMBES,1,0,1,1,0.0,0.0
2022,9,TUMBES,TUMBES,2,7,0,7,0.0,0.0
2022,10,TUMBES,TUMBES,1,4,0,4,0.0,0.0
2022,11,TUMBES,TUMBES,7,31,12,43,0.0,0.0
2022,12,TUMBES,TUMBES,6,36,0,36,0.0,0.0
2023,1,TUMBES,TUMBES,7,74,0,74,0.0,0.0
2023,2,TUMBES,TUMBES,11,154,0,154,0.0,0.0
2023,3,TUMBES,TUMBES,25,6786,288,7074,241.0,261.9
2023,4,TUMBES,TUMBES,14,3412,82,3494,1290.2,1761.8
2023,5,TUMBES,TUMBES,0,0,0,0,0.0,0.0
2023,6,TUMBES,TUMBES,2,52,12,64,0.0,164.5
2023,7,TUMBES,TUMBES,3,5,16,21,0.0,0.0
2023,8,TUMBES,TUMBES,3,10,2,12,0.0,0.0
2023,9,TUMBES,TUMBES,2,6,0,6,0.0,0.0
2023,10,TUMBES,TUMBES,3,6,0,6,0.0,0.0
2023,11,TUMBES,TUMBES,2,5,0,5,0.0,0.0
2023,12,TUMBES,TUMBES,3,45,0,45,0.0,0.0
2024,1,TUMBES,TUMBES,0,0,0,0,0.0,0.0
2024,2,TUMBES,TUMBES,7,580,17,597,0.0,0.0
2024,3,TUMBES,TUMBES,1,2,0,2,0.0,0.0
2024,4,TUMBES,TUMBES,2,17,0,17,0.0,0.0
2024,5,TUMBES,TUMBES,1,67,0,67,0.0,0.0
2024,6,TUMBES,TUMBES,1,5,0,5,0.0,0.0
2024,7,TUMBES,TUMBES,0,0,0,0,0.0,0.0
2024,8,TUMBES,TUMBES,2,14,0,14,0.0,0.0
2024,9,TUMBES,TUMBES,0,0,0,0,0.0,0.0
2024,10,TUMBES,TUMBES,3,23,0,23,0.0,0.0
2024,11,TUMBES,TUMBES,3,16,0,16,0.0,0.0
2024,12,TUMBES,TUMBES,2,7,0,7,0.0,0.0
2025,1,TUMBES,TUMBES,10,92,0,92,0.0,0.0
2025,2,TUMBES,TUMBES,18,3672,419,4091,0.0,37.89
2025,3,TUMBES,TUMBES,12,8235,713,8948,0.0,4703.07
2025,4,TUMBES,TUMBES,7,1546,77,1623,0.0,828.66
2025,5,TUMBES,TUMBES,2,5,2,7,0.0,0.0
2025,6,TUMBES,TUMBES,0,0,0,0,0.0,0.0
2025,7,TUMBES,TUMBES,0,0,0,0,0.0,0.0
2025,8,TUMBES,TUMBES,1,9,0,9,0.0,0.0
2025,9,TUMBES,TUMBES,2,8,0,8,0.0,0.0
2025,10,TUMBES,TUMBES,1,4,0,4,0.0,0.0
2025,11,TUMBES,TUMBES,1,4,0,4,0.0,0.0
2025,12,TUMBES,TUMBES,2,4,0,4,0.0,0.0
2016,1,TUMBES,ZARUMILLA,2,35,0,35,0.0,0.0
2016,2,TUMBES,ZARUMILLA,6,3696,81,3777,4.0,220.0
2016,3,TUMBES,ZARUMILLA,5,2450,67,2517,0.0,0.0
2016,4,TUMBES,ZARUMILLA,2,180,1,181,0.0,0.0
2016,5,TUMBES,ZARUMILLA,0,0,0,0,0.0,0.0
2016,6,TUMBES,ZARUMILLA,0,0,0,0,0.0,0.0
2016,7,TUMBES,ZARUMILLA,2,7,1,8,0.0,0.0
2016,8,TUMBES,ZARUMILLA,0,0,0,0,0.0,0.0
2016,9,TUMBES,ZARUMILLA,0,0,0,0,0.0,0.0
2016,10,TUMBES,ZARUMILLA,0,0,0,0,0.0,0.0
2016,11,TUMBES,ZARUMILLA,0,0,0,0,0.0,0.0
2016,12,TUMBES,ZARUMILLA,2,11,0,11,0.0,0.0
2017,1,TUMBES,ZARUMILLA,4,19,0,19,0.0,0.0
2017,2,TUMBES,ZARUMILLA,9,3049,0,3049,0.0,222.0
2017,3,TUMBES,ZARUMILLA,18,6377,152,6529,250.0,1018.0
2017,4,TUMBES,ZARUMILLA,8,1076,0,1076,0.0,0.0
2017,5,TUMBES,ZARUMILLA,5,2110,0,2110,0.0,0.0
2017,6,TUMBES,ZARUMILLA,0,0,0,0,0.0,0.0
2017,7,TUMBES,ZARUMILLA,0,0,0,0,0.0,0.0
2017,8,TUMBES,ZARUMILLA,0,0,0,0,0.0,0.0
2017,9,TUMBES,ZARUMILLA,0,0,0,0,0.0,0.0
2017,10,TUMBES,ZARUMILLA,0,0,0,0,0.0,0.0
2017,11,TUMBES,ZARUMILLA,2,4,0,4,0.0,0.0
2017,12,TUMBES,ZARUMILLA,1,9,0,9,0.0,0.0
2018,1,TUMBES,ZARUMILLA,2,63,0,63,0.0,0.0
2018,2,TUMBES,ZARUMILLA,4,837,0,837,0.0,0.0
2018,3,TUMBES,ZARUMILLA,0,0,0,0,0.0,0.0
2018,4,TUMBES,ZARUMILLA,3,23,0,23,0.0,0.0
2018,5,TUMBES,ZARUMILLA,1,10,0,10,0.0,0.0
2018,6,TUMBES,ZARUMILLA,0,0,0,0,0.0,0.0
2018,7,TUMBES,ZARUMILLA,1,14,0,14,0.0,0.0
2018,8,TUMBES,ZARUMILLA,0,0,0,0,0.0,0.0
2018,9,TUMBES,ZARUMILLA,0,0,0,0,0.0,0.0
2018,10,TUMBES,ZARUMILLA,0,0,0,0,0.0,0.0
2018,11,TUMBES,ZARUMILLA,1,4,0,4,0.0,0.0
2018,12,TUMBES,ZARUMILLA,1,128,0,128,0.0,0.0
2019,1,TUMBES,ZARUMILLA,3,11,0,11,0.0,0.0
2019,2,TUMBES,ZARUMILLA,5,470,0,470,0.0,46.0
2019,3,TUMBES,ZARUMILLA,1,11,0,11,0.0,0.0
2019,4,TUMBES,ZARUMILLA,2,598,0,598,0.0,147.0
2019,5,TUMBES,ZARUMILLA,0,0,0,0,0.0,0.0
2019,6,TUMBES,ZARUMILLA,1,4,0,4,0.0,0.0
2019,7,TUMBES,ZARUMILLA,1,2,0,2,0.0,0.0
2019,8,TUMBES,ZARUMILLA,0,0,0,0,0.0,0.0
2019,9,TUMBES,ZARUMILLA,1,4,0,4,0.0,0.0
2019,10,TUMBES,ZARUMILLA,0,0,0,0,0.0,0.0
2019,11,TUMBES,ZARUMILLA,1,0,0,0,0.0,0.0
2019,12,TUMBES,ZARUMILLA,0,0,0,0,0.0,0.0
2020,1,TUMBES,ZARUMILLA,0,0,0,0,0.0,0.0
2020,2,TUMBES,ZARUMILLA,5,72,1,73,0.0,0.0
2020,3,TUMBES,ZARUMILLA,3,6,0,6,0.0,0.0
2020,4,TUMBES,ZARUMILLA,0,0,0,0,0.0,0.0
2020,5,TUMBES,ZARUMILLA,0,0,0,0,0.0,0.0
2020,6,TUMBES,ZARUMILLA,0,0,0,0,0.0,0.0
2020,7,TUMBES,ZARUMILLA,0,0,0,0,0.0,0.0
2020,8,TUMBES,ZARUMILLA,0,0,0,0,0.0,0.0
2020,9,TUMBES,ZARUMILLA,0,0,0,0,0.0,0.0
2020,10,TUMBES,ZARUMILLA,0,0,0,0,0.0,0.0
2020,11,TUMBES,ZARUMILLA,0,0,0,0,0.0,0.0
2020,12,TUMBES,ZARUMILLA,2,3,0,3,0.0,0.0
2021,1,TUMBES,ZARUMILLA,2,61,21,82,0.0,0.0
2021,2,TUMBES,ZARUMILLA,3,14,1,15,0.0,0.0
2021,3,TUMBES,ZARUMILLA,11,306,15,321,0.0,38.0
2021,4,TUMBES,ZARUMILLA,0,0,0,0,0.0,0.0
2021,5,TUMBES,ZARUMILLA,2,26,1,27,0.0,0.0
2021,6,TUMBES,ZARUMILLA,1,2,0,2,0.0,0.0
2021,7,TUMBES,ZARUMILLA,0,0,0,0,0.0,0.0
2021,8,TUMBES,ZARUMILLA,0,0,0,0,0.0,0.0
2021,9,TUMBES,ZARUMILLA,1,0,3,3,0.0,0.0
2021,10,TUMBES,ZARUMILLA,0,0,0,0,0.0,0.0
2021,11,TUMBES,ZARUMILLA,0,0,0,0,0.0,0.0
2021,12,TUMBES,ZARUMILLA,0,0,0,0,0.0,0.0
2022,1,TUMBES,ZARUMILLA,2,26,1,27,0.0,0.0
2022,2,TUMBES,ZARUMILLA,4,64,2,66,0.0,0.0
2022,3,TUMBES,ZARUMILLA,2,74,15,89,0.0,0.0
2022,4,TUMBES,ZARUMILLA,5,44,3,47,0.0,0.0
2022,5,TUMBES,ZARUMILLA,4,65,2,67,0.0,0.0
2022,6,TUMBES,ZARUMILLA,0,0,0,0,0.0,0.0
2022,7,TUMBES,ZARUMILLA,4,20,0,20,0.0,0.0
2022,8,TUMBES,ZARUMILLA,0,0,0,0,0.0,0.0
2022,9,TUMBES,ZARUMILLA,1,3,0,3,0.0,0.0
2022,10,TUMBES,ZARUMILLA,2,6,0,6,0.0,0.0
2022,11,TUMBES,ZARUMILLA,0,0,0,0,0.0,0.0
2022,12,TUMBES,ZARUMILLA,0,0,0,0,0.0,0.0
2023,1,TUMBES,ZARUMILLA,2,11,0,11,0.0,0.0
2023,2,TUMBES,ZARUMILLA,10,433,24,457,0.0,0.0
2023,3,TUMBES,ZARUMILLA,25,4232,341,4573,216.0,218.0
2023,4,TUMBES,ZARUMILLA,5,602,24,626,444.1,444.1
2023,5,TUMBES,ZARUMILLA,3,346,6,352,0.0,0.0
2023,6,TUMBES,ZARUMILLA,1,74,0,74,0.0,0.0
2023,7,TUMBES,ZARUMILLA,3,112,0,112,0.0,0.0
2023,8,TUMBES,ZARUMILLA,1,4,0,4,0.0,0.0
2023,9,TUMBES,ZARUMILLA,0,0,0,0,0.0,0.0
2023,10,TUMBES,ZARUMILLA,0,0,0,0,0.0,0.0
2023,11,TUMBES,ZARUMILLA,1,4,0,4,0.0,0.0
2023,12,TUMBES,ZARUMILLA,0,0,0,0,0.0,0.0
2024,1,TUMBES,ZARUMILLA,1,6,0,6,0.0,0.0
2024,2,TUMBES,ZARUMILLA,9,746,45,791,0.0,0.0
2024,3,TUMBES,ZARUMILLA,1,176,0,176,0.0,0.0
2024,4,TUMBES,ZARUMILLA,1,13,1,14,0.0,0.0
2024,5,TUMBES,ZARUMILLA,0,0,0,0,0.0,0.0
2024,6,TUMBES,ZARUMILLA,0,0,0,0,0.0,0.0
2024,7,TUMBES,ZARUMILLA,2,15,0,15,0.0,0.0
2024,8,TUMBES,ZARUMILLA,0,0,0,0,0.0,0.0
2024,9,TUMBES,ZARUMILLA,0,0,0,0,0.0,0.0
2024,10,TUMBES,ZARUMILLA,0,0,0,0,0.0,0.0
2024,11,TUMBES,ZARUMILLA,0,0,0,0,0.0,0.0
2024,12,TUMBES,ZARUMILLA,0,0,0,0,0.0,0.0
2025,1,TUMBES,ZARUMILLA,5,41,12,53,0.0,0.0
2025,2,TUMBES,ZARUMILLA,13,1625,126,1751,78.5,737.78
2025,3,TUMBES,ZARUMILLA,10,4591,541,5132,4.0,1302.1
2025,4,TUMBES,ZARUMILLA,3,1153,12,1165,0.0,243.0
2025,5,TUMBES,ZARUMILLA,0,0,0,0,0.0,0.0
2025,6,TUMBES,ZARUMILLA,0,0,0,0,0.0,0.0
2025,7,TUMBES,ZARUMILLA,0,0,0,0,0.0,0.0
2025,8,TUMBES,ZARUMILLA,0,0,0,0,0.0,0.0
2025,9,TUMBES,ZARUMILLA,0,0,0,0,0.0,0.0
2025,10,TUMBES,ZARUMILLA,1,1,0,1,0.0,0.0
2025,11,TUMBES,ZARUMILLA,0,0,0,0,0.0,0.0
2025,12,TUMBES,ZARUMILLA,1,20,0,20,0.0,0.0
2016,1,UCAYALI,ATALAYA,1,0,0,0,0.0,0.0
2016,2,UCAYALI,ATALAYA,2,8,0,8,0.0,0.0
2016,3,UCAYALI,ATALAYA,0,0,0,0,0.0,0.0
2016,4,UCAYALI,ATALAYA,1,0,0,0,60.0,10.0
2016,5,UCAYALI,ATALAYA,1,0,13,13,0.0,0.0
2016,6,UCAYALI,ATALAYA,1,901,0,901,0.0,0.0
2016,7,UCAYALI,ATALAYA,1,407,0,407,0.0,0.0
2016,8,UCAYALI,ATALAYA,6,45,0,45,0.0,0.0
2016,9,UCAYALI,ATALAYA,1,0,5,5,0.0,0.0
2016,10,UCAYALI,ATALAYA,0,0,0,0,0.0,0.0
2016,11,UCAYALI,ATALAYA,2,12,3,15,0.0,0.0
2016,12,UCAYALI,ATALAYA,0,0,0,0,0.0,0.0
2017,1,UCAYALI,ATALAYA,2,200,0,200,0.0,0.0
2017,2,UCAYALI,ATALAYA,0,0,0,0,0.0,0.0
2017,3,UCAYALI,ATALAYA,2,1417,326,1743,217.0,36.0
2017,4,UCAYALI,ATALAYA,0,0,0,0,0.0,0.0
2017,5,UCAYALI,ATALAYA,0,0,0,0,0.0,0.0
2017,6,UCAYALI,ATALAYA,1,0,2,2,0.0,0.0
2017,7,UCAYALI,ATALAYA,1,5,0,5,0.0,0.0
2017,8,UCAYALI,ATALAYA,0,0,0,0,0.0,0.0
2017,9,UCAYALI,ATALAYA,2,34,0,34,0.0,0.0
2017,10,UCAYALI,ATALAYA,0,0,0,0,0.0,0.0
2017,11,UCAYALI,ATALAYA,0,0,0,0,0.0,0.0
2017,12,UCAYALI,ATALAYA,1,75,0,75,0.0,0.0
2018,1,UCAYALI,ATALAYA,1,53,0,53,0.0,0.0
2018,2,UCAYALI,ATALAYA,0,0,0,0,0.0,0.0
2018,3,UCAYALI,ATALAYA,1,0,0,0,0.0,0.0
2018,4,UCAYALI,ATALAYA,3,58,4,62,0.0,0.0
2018,5,UCAYALI,ATALAYA,2,9,0,9,0.0,0.0
2018,6,UCAYALI,ATALAYA,0,0,0,0,0.0,0.0
2018,7,UCAYALI,ATALAYA,0,0,0,0,0.0,0.0
2018,8,UCAYALI,ATALAYA,0,0,0,0,0.0,0.0
2018,9,UCAYALI,ATALAYA,0,0,0,0,0.0,0.0
2018,10,UCAYALI,ATALAYA,2,20,0,20,0.0,0.0
2018,11,UCAYALI,ATALAYA,1,7,0,7,0.0,0.0
2018,12,UCAYALI,ATALAYA,0,0,0,0,0.0,0.0
2019,1,UCAYALI,ATALAYA,0,0,0,0,0.0,0.0
2019,2,UCAYALI,ATALAYA,1,0,69,69,134.3,204.3
2019,3,UCAYALI,ATALAYA,0,0,0,0,0.0,0.0
2019,4,UCAYALI,ATALAYA,0,0,0,0,0.0,0.0
2019,5,UCAYALI,ATALAYA,0,0,0,0,0.0,0.0
2019,6,UCAYALI,ATALAYA,0,0,0,0,0.0,0.0
2019,7,UCAYALI,ATALAYA,1,0,11,11,0.0,0.0
2019,8,UCAYALI,ATALAYA,1,2,0,2,0.0,0.0
2019,9,UCAYALI,ATALAYA,1,0,1,1,0.0,0.0
2019,10,UCAYALI,ATALAYA,1,0,1,1,0.0,0.0
2019,11,UCAYALI,ATALAYA,0,0,0,0,0.0,0.0
2019,12,UCAYALI,ATALAYA,0,0,0,0,0.0,0.0
2020,1,UCAYALI,ATALAYA,1,1,0,1,0.0,0.0
2020,2,UCAYALI,ATALAYA,1,1,0,1,0.0,0.0
2020,3,UCAYALI,ATALAYA,0,0,0,0,0.0,0.0
2020,4,UCAYALI,ATALAYA,0,0,0,0,0.0,0.0
2020,5,UCAYALI,ATALAYA,0,0,0,0,0.0,0.0
2020,6,UCAYALI,ATALAYA,0,0,0,0,0.0,0.0
2020,7,UCAYALI,ATALAYA,0,0,0,0,0.0,0.0
2020,8,UCAYALI,ATALAYA,0,0,0,0,0.0,0.0
2020,9,UCAYALI,ATALAYA,2,2,0,2,0.0,0.0
2020,10,UCAYALI,ATALAYA,4,6,8,14,3.0,2.0
2020,11,UCAYALI,ATALAYA,3,2,2,4,0.0,0.0
2020,12,UCAYALI,ATALAYA,0,0,0,0,0.0,0.0
2021,1,UCAYALI,ATALAYA,3,3,11,14,1.0,1.0
2021,2,UCAYALI,ATALAYA,7,337,98,435,46.57,74.5
2021,3,UCAYALI,ATALAYA,3,3,4,7,0.0,0.0
2021,4,UCAYALI,ATALAYA,1,31,20,51,0.0,0.0
2021,5,UCAYALI,ATALAYA,1,0,7,7,0.0,0.0
2021,6,UCAYALI,ATALAYA,0,0,0,0,0.0,0.0
2021,7,UCAYALI,ATALAYA,0,0,0,0,0.0,0.0
2021,8,UCAYALI,ATALAYA,0,0,0,0,0.0,0.0
2021,9,UCAYALI,ATALAYA,3,3,51,54,0.0,0.0
2021,10,UCAYALI,ATALAYA,1,0,6,6,0.0,0.0
2021,11,UCAYALI,ATALAYA,0,0,0,0,0.0,0.0
2021,12,UCAYALI,ATALAYA,1,0,13,13,0.0,0.0
2022,1,UCAYALI,ATALAYA,2,0,14,14,0.0,0.0
2022,2,UCAYALI,ATALAYA,7,74,2,76,0.0,0.0
2022,3,UCAYALI,ATALAYA,5,401,17,418,0.0,0.0
2022,4,UCAYALI,ATALAYA,1,0,12,12,0.0,0.0
2022,5,UCAYALI,ATALAYA,1,0,7,7,0.0,0.0
2022,6,UCAYALI,ATALAYA,0,0,0,0,0.0,0.0
2022,7,UCAYALI,ATALAYA,1,0,6,6,0.0,0.0
2022,8,UCAYALI,ATALAYA,4,24,41,65,0.0,0.0
2022,9,UCAYALI,ATALAYA,0,0,0,0,0.0,0.0
2022,10,UCAYALI,ATALAYA,1,0,2,2,0.0,0.0
2022,11,UCAYALI,ATALAYA,1,0,6,6,0.0,0.0
2022,12,UCAYALI,ATALAYA,1,3,0,3,0.0,0.0
2023,1,UCAYALI,ATALAYA,0,0,0,0,0.0,0.0
2023,2,UCAYALI,ATALAYA,1,0,5,5,0.0,0.0
2023,3,UCAYALI,ATALAYA,1,28,0,28,0.0,0.0
2023,4,UCAYALI,ATALAYA,1,0,5,5,0.0,0.0
2023,5,UCAYALI,ATALAYA,0,0,0,0,0.0,0.0
2023,6,UCAYALI,ATALAYA,0,0,0,0,0.0,0.0
2023,7,UCAYALI,ATALAYA,0,0,0,0,0.0,0.0
2023,8,UCAYALI,ATALAYA,2,0,4,4,0.0,1.0
2023,9,UCAYALI,ATALAYA,3,56,88,144,4.0,4.0
2023,10,UCAYALI,ATALAYA,7,32,38,70,0.0,0.0
2023,11,UCAYALI,ATALAYA,4,66,0,66,0.0,0.0
2023,12,UCAYALI,ATALAYA,1,5,0,5,0.0,0.0
2024,1,UCAYALI,ATALAYA,2,22,0,22,0.0,0.0
2024,2,UCAYALI,ATALAYA,6,293,272,565,87.0,63.0
2024,3,UCAYALI,ATALAYA,5,69,22,91,5.0,46.0
2024,4,UCAYALI,ATALAYA,1,1,0,1,0.0,0.0
2024,5,UCAYALI,ATALAYA,2,8,10,18,0.0,0.0
2024,6,UCAYALI,ATALAYA,0,0,0,0,0.0,0.0
2024,7,UCAYALI,ATALAYA,1,0,5,5,0.0,0.0
2024,8,UCAYALI,ATALAYA,1,0,0,0,0.0,0.0
2024,9,UCAYALI,ATALAYA,3,30,94,124,0.0,0.0
2024,10,UCAYALI,ATALAYA,2,22,15,37,0.0,0.0
2024,11,UCAYALI,ATALAYA,3,100,43,143,0.0,0.0
2024,12,UCAYALI,ATALAYA,5,37,20,57,0.0,0.0
2025,1,UCAYALI,ATALAYA,4,585,54,639,0.0,0.0
2025,2,UCAYALI,ATALAYA,15,2025,3305,5330,447.55,0.0
2025,3,UCAYALI,ATALAYA,3,930,45,975,0.0,0.0
2025,4,UCAYALI,ATALAYA,1,9,0,9,0.0,0.0
2025,5,UCAYALI,ATALAYA,4,4,20,24,0.0,0.0
2025,6,UCAYALI,ATALAYA,2,258,5,263,0.0,0.0
2025,7,UCAYALI,ATALAYA,2,9,0,9,0.0,0.0
2025,8,UCAYALI,ATALAYA,2,0,14,14,0.0,0.0
2025,9,UCAYALI,ATALAYA,5,27,65,92,0.0,0.0
2025,10,UCAYALI,ATALAYA,5,0,62,62,0.0,0.0
2025,11,UCAYALI,ATALAYA,3,0,27,27,0.0,0.0
2025,12,UCAYALI,ATALAYA,6,382,102,484,0.0,0.0
2016,1,UCAYALI,CORONEL PORTILLO,2,0,54,54,0.0,0.0
2016,2,UCAYALI,CORONEL PORTILLO,1,0,108,108,0.0,0.0
2016,3,UCAYALI,CORONEL PORTILLO,0,0,0,0,0.0,0.0
2016,4,UCAYALI,CORONEL PORTILLO,11,847,370,1217,2939.0,75.0
2016,5,UCAYALI,CORONEL PORTILLO,2,254,6,260,0.0,0.0
2016,6,UCAYALI,CORONEL PORTILLO,1,0,103,103,0.0,0.0
2016,7,UCAYALI,CORONEL PORTILLO,1,6,0,6,0.0,0.0
2016,8,UCAYALI,CORONEL PORTILLO,2,112,0,112,0.0,0.0
2016,9,UCAYALI,CORONEL PORTILLO,2,17,10,27,0.0,0.0
2016,10,UCAYALI,CORONEL PORTILLO,2,135,0,135,0.0,0.0
2016,11,UCAYALI,CORONEL PORTILLO,3,137,5,142,0.0,0.0
2016,12,UCAYALI,CORONEL PORTILLO,0,0,0,0,0.0,0.0
2017,1,UCAYALI,CORONEL PORTILLO,7,1766,93,1859,0.0,0.0
2017,2,UCAYALI,CORONEL PORTILLO,2,96,5,101,19.0,0.0
2017,3,UCAYALI,CORONEL PORTILLO,8,2844,45,2889,1508.0,311.0
2017,4,UCAYALI,CORONEL PORTILLO,3,731,18,749,0.0,0.0
2017,5,UCAYALI,CORONEL PORTILLO,0,0,0,0,0.0,0.0
2017,6,UCAYALI,CORONEL PORTILLO,0,0,0,0,0.0,0.0
2017,7,UCAYALI,CORONEL PORTILLO,0,0,0,0,0.0,0.0
2017,8,UCAYALI,CORONEL PORTILLO,3,73,0,73,0.0,0.0
2017,9,UCAYALI,CORONEL PORTILLO,1,5,4,9,0.0,0.0
2017,10,UCAYALI,CORONEL PORTILLO,1,0,4,4,0.0,0.0
2017,11,UCAYALI,CORONEL PORTILLO,2,0,8,8,0.0,0.0
2017,12,UCAYALI,CORONEL PORTILLO,2,4,1,5,0.0,0.0
2018,1,UCAYALI,CORONEL PORTILLO,3,4,0,4,0.0,0.0
2018,2,UCAYALI,CORONEL PORTILLO,2,49,0,49,0.0,0.0
2018,3,UCAYALI,CORONEL PORTILLO,1,4,0,4,0.0,0.0
2018,4,UCAYALI,CORONEL PORTILLO,1,4,0,4,0.0,0.0
2018,5,UCAYALI,CORONEL PORTILLO,3,0,21,21,0.0,0.0
2018,6,UCAYALI,CORONEL PORTILLO,1,0,9,9,0.0,0.0
2018,7,UCAYALI,CORONEL PORTILLO,0,0,0,0,0.0,0.0
2018,8,UCAYALI,CORONEL PORTILLO,1,2,5,7,0.0,0.0
2018,9,UCAYALI,CORONEL PORTILLO,1,0,0,0,0.0,0.0
2018,10,UCAYALI,CORONEL PORTILLO,3,0,0,0,0.0,0.0
2018,11,UCAYALI,CORONEL PORTILLO,3,26,0,26,0.0,0.0
2018,12,UCAYALI,CORONEL PORTILLO,1,0,0,0,0.0,0.0
2019,1,UCAYALI,CORONEL PORTILLO,0,0,0,0,0.0,0.0
2019,2,UCAYALI,CORONEL PORTILLO,8,1050,56,1106,3172.66,3919.67
2019,3,UCAYALI,CORONEL PORTILLO,1,23,0,23,0.0,0.0
2019,4,UCAYALI,CORONEL PORTILLO,3,624,18,642,0.0,0.0
2019,5,UCAYALI,CORONEL PORTILLO,1,36,0,36,0.0,0.0
2019,6,UCAYALI,CORONEL PORTILLO,1,6,5,11,0.0,0.0
2019,7,UCAYALI,CORONEL PORTILLO,3,5,4,9,0.0,0.0
2019,8,UCAYALI,CORONEL PORTILLO,3,0,13,13,0.0,0.0
2019,9,UCAYALI,CORONEL PORTILLO,1,7,0,7,0.0,0.0
2019,10,UCAYALI,CORONEL PORTILLO,1,0,2,2,0.0,0.0
2019,11,UCAYALI,CORONEL PORTILLO,1,1,0,1,0.0,0.0
2019,12,UCAYALI,CORONEL PORTILLO,10,254,0,254,0.0,0.0
2020,1,UCAYALI,CORONEL PORTILLO,7,955,26,981,0.0,0.0
2020,2,UCAYALI,CORONEL PORTILLO,3,6,0,6,24.0,52.0
2020,3,UCAYALI,CORONEL PORTILLO,2,105,0,105,0.0,5.0
2020,4,UCAYALI,CORONEL PORTILLO,0,0,0,0,0.0,0.0
2020,5,UCAYALI,CORONEL PORTILLO,0,0,0,0,0.0,0.0
2020,6,UCAYALI,CORONEL PORTILLO,0,0,0,0,0.0,0.0
2020,7,UCAYALI,CORONEL PORTILLO,0,0,0,0,0.0,0.0
2020,8,UCAYALI,CORONEL PORTILLO,4,87,0,87,1.0,5.0
2020,9,UCAYALI,CORONEL PORTILLO,6,236,0,236,0.0,18.0
2020,10,UCAYALI,CORONEL PORTILLO,5,37,42,79,15.0,18.0
2020,11,UCAYALI,CORONEL PORTILLO,9,233,74,307,0.0,7.3
2020,12,UCAYALI,CORONEL PORTILLO,3,8,5,13,0.0,0.0
2021,1,UCAYALI,CORONEL PORTILLO,0,0,0,0,0.0,0.0
2021,2,UCAYALI,CORONEL PORTILLO,8,729,1,730,2143.5,4182.5
2021,3,UCAYALI,CORONEL PORTILLO,8,512,2,514,9.0,466.5
2021,4,UCAYALI,CORONEL PORTILLO,3,3,0,3,1.5,0.0
2021,5,UCAYALI,CORONEL PORTILLO,0,0,0,0,0.0,0.0
2021,6,UCAYALI,CORONEL PORTILLO,2,10,0,10,0.0,0.0
2021,7,UCAYALI,CORONEL PORTILLO,5,24,8,32,0.0,0.5
2021,8,UCAYALI,CORONEL PORTILLO,0,0,0,0,0.0,0.0
2021,9,UCAYALI,CORONEL PORTILLO,10,127,44,171,0.0,0.0
2021,10,UCAYALI,CORONEL PORTILLO,4,4,15,19,5.0,5.0
2021,11,UCAYALI,CORONEL PORTILLO,6,8,20,28,0.0,0.0
2021,12,UCAYALI,CORONEL PORTILLO,2,4,12,16,0.0,0.0
2022,1,UCAYALI,CORONEL PORTILLO,3,2745,7,2752,286.0,237.5
2022,2,UCAYALI,CORONEL PORTILLO,10,2031,14,2045,92.0,566.0
2022,3,UCAYALI,CORONEL PORTILLO,6,26,71,97,35.0,0.0
2022,4,UCAYALI,CORONEL PORTILLO,4,102,0,102,292.0,0.0
2022,5,UCAYALI,CORONEL PORTILLO,0,0,0,0,0.0,0.0
2022,6,UCAYALI,CORONEL PORTILLO,2,6,0,6,0.0,0.0
2022,7,UCAYALI,CORONEL PORTILLO,2,14,1,15,0.0,0.0
2022,8,UCAYALI,CORONEL PORTILLO,10,77,165,242,41.0,63.0
2022,9,UCAYALI,CORONEL PORTILLO,2,2,0,2,0.0,0.0
2022,10,UCAYALI,CORONEL PORTILLO,2,11,0,11,0.0,0.0
2022,11,UCAYALI,CORONEL PORTILLO,22,744,653,1397,175.5,207.0
2022,12,UCAYALI,CORONEL PORTILLO,2,7,2,9,0.0,0.0
2023,1,UCAYALI,CORONEL PORTILLO,3,143,7,150,0.0,0.0
2023,2,UCAYALI,CORONEL PORTILLO,3,1401,318,1719,722.95,736.06
2023,3,UCAYALI,CORONEL PORTILLO,11,2433,175,2608,1431.0,0.0
2023,4,UCAYALI,CORONEL PORTILLO,1,0,0,0,0.0,47.0
2023,5,UCAYALI,CORONEL PORTILLO,0,0,0,0,0.0,0.0
2023,6,UCAYALI,CORONEL PORTILLO,0,0,0,0,0.0,0.0
2023,7,UCAYALI,CORONEL PORTILLO,0,0,0,0,0.0,0.0
2023,8,UCAYALI,CORONEL PORTILLO,3,0,3,3,0.0,0.0
2023,9,UCAYALI,CORONEL PORTILLO,5,24,8,32,3.0,4.0
2023,10,UCAYALI,CORONEL PORTILLO,11,73,127,200,0.0,0.0
2023,11,UCAYALI,CORONEL PORTILLO,6,2592,125,2717,698.0,1440.0
2023,12,UCAYALI,CORONEL PORTILLO,1,4,0,4,0.0,0.0
2024,1,UCAYALI,CORONEL PORTILLO,0,0,0,0,0.0,0.0
2024,2,UCAYALI,CORONEL PORTILLO,11,3490,0,3490,753.0,680.14
2024,3,UCAYALI,CORONEL PORTILLO,13,7387,16,7403,2.5,142.1
2024,4,UCAYALI,CORONEL PORTILLO,4,326,0,326,42.0,0.0
2024,5,UCAYALI,CORONEL PORTILLO,2,36,0,36,0.0,0.0
2024,6,UCAYALI,CORONEL PORTILLO,0,0,0,0,0.0,0.0
2024,7,UCAYALI,CORONEL PORTILLO,1,3,0,3,0.0,0.0
2024,8,UCAYALI,CORONEL PORTILLO,7,15,3,18,1.0,1.0
2024,9,UCAYALI,CORONEL PORTILLO,5,6,14,20,0.0,0.0
2024,10,UCAYALI,CORONEL PORTILLO,6,91,3,94,0.0,0.0
2024,11,UCAYALI,CORONEL PORTILLO,6,47,17,64,15.0,3.0
2024,12,UCAYALI,CORONEL PORTILLO,12,90,10,100,0.0,0.0
2025,1,UCAYALI,CORONEL PORTILLO,2,41,1,42,0.0,0.0
2025,2,UCAYALI,CORONEL PORTILLO,18,4940,13733,18673,6642.2,1922.85
2025,3,UCAYALI,CORONEL PORTILLO,12,2711,5201,7912,445.05,92.0
2025,4,UCAYALI,CORONEL PORTILLO,4,1751,60,1811,0.0,0.0
2025,5,UCAYALI,CORONEL PORTILLO,3,6,68,74,0.0,0.0
2025,6,UCAYALI,CORONEL PORTILLO,2,10,8,18,0.0,0.0
2025,7,UCAYALI,CORONEL PORTILLO,2,6,0,6,0.0,0.0
2025,8,UCAYALI,CORONEL PORTILLO,0,0,0,0,0.0,0.0
2025,9,UCAYALI,CORONEL PORTILLO,7,114,19,133,0.0,0.0
2025,10,UCAYALI,CORONEL PORTILLO,12,197,69,266,44.2,0.0
2025,11,UCAYALI,CORONEL PORTILLO,0,0,0,0,0.0,0.0
2025,12,UCAYALI,CORONEL PORTILLO,8,85,16,101,0.0,0.0
2016,1,UCAYALI,PADRE ABAD,7,22,11,33,0.0,3.0
2016,2,UCAYALI,PADRE ABAD,10,101,37,138,0.0,0.0
2016,3,UCAYALI,PADRE ABAD,6,86,0,86,0.0,0.0
2016,4,UCAYALI,PADRE ABAD,8,113,13,126,0.0,0.0
2016,5,UCAYALI,PADRE ABAD,0,0,0,0,0.0,0.0
2016,6,UCAYALI,PADRE ABAD,1,9,0,9,0.0,0.0
2016,7,UCAYALI,PADRE ABAD,1,0,9,9,0.0,0.0
2016,8,UCAYALI,PADRE ABAD,7,48,0,48,0.0,0.0
2016,9,UCAYALI,PADRE ABAD,6,188,27,215,84.0,383.0
2016,10,UCAYALI,PADRE ABAD,3,0,101,101,82.0,177.0
2016,11,UCAYALI,PADRE ABAD,2,176,0,176,173.0,454.0
2016,12,UCAYALI,PADRE ABAD,0,0,0,0,0.0,0.0
2017,1,UCAYALI,PADRE ABAD,2,24,16,40,2.0,5.0
2017,2,UCAYALI,PADRE ABAD,2,3,0,3,0.0,0.0
2017,3,UCAYALI,PADRE ABAD,4,544,0,544,227.0,85.0
2017,4,UCAYALI,PADRE ABAD,1,4,3,7,0.0,0.0
2017,5,UCAYALI,PADRE ABAD,1,5,0,5,0.0,0.0
2017,6,UCAYALI,PADRE ABAD,1,3,0,3,0.0,0.0
2017,7,UCAYALI,PADRE ABAD,2,19,0,19,0.0,0.0
2017,8,UCAYALI,PADRE ABAD,2,8,0,8,0.0,0.0
2017,9,UCAYALI,PADRE ABAD,1,12,7,19,0.0,0.0
2017,10,UCAYALI,PADRE ABAD,1,13,0,13,0.0,2.0
2017,11,UCAYALI,PADRE ABAD,1,0,52,52,0.0,0.0
2017,12,UCAYALI,PADRE ABAD,1,3,0,3,0.0,0.0
2018,1,UCAYALI,PADRE ABAD,3,19,6,25,0.0,0.0
2018,2,UCAYALI,PADRE ABAD,4,5,12,17,0.0,0.0
2018,3,UCAYALI,PADRE ABAD,2,14,6,20,0.0,0.0
2018,4,UCAYALI,PADRE ABAD,1,1,0,1,0.0,0.0
2018,5,UCAYALI,PADRE ABAD,0,0,0,0,0.0,0.0
2018,6,UCAYALI,PADRE ABAD,1,0,5,5,0.0,0.0
2018,7,UCAYALI,PADRE ABAD,0,0,0,0,0.0,0.0
2018,8,UCAYALI,PADRE ABAD,1,9,0,9,0.0,0.0
2018,9,UCAYALI,PADRE ABAD,3,40,6,46,0.0,0.0
2018,10,UCAYALI,PADRE ABAD,2,13,0,13,0.0,0.0
2018,11,UCAYALI,PADRE ABAD,1,0,9,9,0.0,0.0
2018,12,UCAYALI,PADRE ABAD,1,0,9,9,0.0,0.0
2019,1,UCAYALI,PADRE ABAD,1,31,75,106,0.0,0.0
2019,2,UCAYALI,PADRE ABAD,5,165,3,168,392.25,63.75
2019,3,UCAYALI,PADRE ABAD,6,28,1,29,0.0,0.0
2019,4,UCAYALI,PADRE ABAD,2,1,15,16,5.0,5.0
2019,5,UCAYALI,PADRE ABAD,0,0,0,0,0.0,0.0
2019,6,UCAYALI,PADRE ABAD,1,6,0,6,0.0,0.0
2019,7,UCAYALI,PADRE ABAD,1,0,3,3,0.0,0.0
2019,8,UCAYALI,PADRE ABAD,5,24,18,42,28.0,0.0
2019,9,UCAYALI,PADRE ABAD,4,10,2,12,0.0,0.0
2019,10,UCAYALI,PADRE ABAD,0,0,0,0,0.0,0.0
2019,11,UCAYALI,PADRE ABAD,0,0,0,0,0.0,0.0
2019,12,UCAYALI,PADRE ABAD,1,1,0,1,0.0,0.0
2020,1,UCAYALI,PADRE ABAD,3,9,9,18,19.0,0.0
2020,2,UCAYALI,PADRE ABAD,2,301,0,301,21.0,36.0
2020,3,UCAYALI,PADRE ABAD,0,0,0,0,0.0,0.0
2020,4,UCAYALI,PADRE ABAD,1,0,4,4,2.0,0.0
2020,5,UCAYALI,PADRE ABAD,0,0,0,0,0.0,0.0
2020,6,UCAYALI,PADRE ABAD,1,0,5,5,0.0,0.0
2020,7,UCAYALI,PADRE ABAD,1,0,1,1,1.0,1.0
2020,8,UCAYALI,PADRE ABAD,1,3,0,3,0.0,0.0
2020,9,UCAYALI,PADRE ABAD,3,18,1,19,1.0,1.0
2020,10,UCAYALI,PADRE ABAD,9,21,17,38,3.0,3.0
2020,11,UCAYALI,PADRE ABAD,7,18,12,30,7.0,7.0
2020,12,UCAYALI,PADRE ABAD,5,32,22,54,189.25,138.25
2021,1,UCAYALI,PADRE ABAD,3,2,5,7,0.0,0.0
2021,2,UCAYALI,PADRE ABAD,16,119,12,131,238.0,105.4
2021,3,UCAYALI,PADRE ABAD,7,13,0,13,3.0,3.0
2021,4,UCAYALI,PADRE ABAD,10,43,21,64,67.35,204.45
2021,5,UCAYALI,PADRE ABAD,1,0,0,0,1.0,1.0
2021,6,UCAYALI,PADRE ABAD,2,1,0,1,1.0,11.0
2021,7,UCAYALI,PADRE ABAD,1,3,0,3,0.0,0.0
2021,8,UCAYALI,PADRE ABAD,2,25,0,25,0.0,0.0
2021,9,UCAYALI,PADRE ABAD,15,98,330,428,61.5,51.5
2021,10,UCAYALI,PADRE ABAD,1,1,9,10,0.0,0.0
2021,11,UCAYALI,PADRE ABAD,1,0,4,4,0.0,0.0
2021,12,UCAYALI,PADRE ABAD,1,2,0,2,0.0,0.0
2022,1,UCAYALI,PADRE ABAD,3,126,83,209,130.6,0.0
2022,2,UCAYALI,PADRE ABAD,2,49,2,51,0.0,0.0
2022,3,UCAYALI,PADRE ABAD,0,0,0,0,0.0,0.0
2022,4,UCAYALI,PADRE ABAD,1,2,0,2,0.0,0.0
2022,5,UCAYALI,PADRE ABAD,0,0,0,0,0.0,0.0
2022,6,UCAYALI,PADRE ABAD,1,0,217,217,0.0,0.0
2022,7,UCAYALI,PADRE ABAD,1,0,2,2,0.0,0.0
2022,8,UCAYALI,PADRE ABAD,3,12,3,15,5.5,0.0
2022,9,UCAYALI,PADRE ABAD,4,19,103,122,1.0,4.0
2022,10,UCAYALI,PADRE ABAD,5,20,9,29,0.0,0.0
2022,11,UCAYALI,PADRE ABAD,6,7,34,41,4.0,3.0
2022,12,UCAYALI,PADRE ABAD,3,637,1103,1740,433.0,24.0
2023,1,UCAYALI,PADRE ABAD,6,2035,560,2595,1244.1,660.7
2023,2,UCAYALI,PADRE ABAD,9,254,15,269,68.1,31.0
2023,3,UCAYALI,PADRE ABAD,12,1267,243,1510,980.35,187.25
2023,4,UCAYALI,PADRE ABAD,7,64,21,85,1.0,2.5
2023,5,UCAYALI,PADRE ABAD,3,15,6,21,0.0,0.0
2023,6,UCAYALI,PADRE ABAD,1,0,5,5,0.0,0.0
2023,7,UCAYALI,PADRE ABAD,0,0,0,0,0.0,0.0
2023,8,UCAYALI,PADRE ABAD,5,36,5,41,1.5,1.5
2023,9,UCAYALI,PADRE ABAD,4,9,26,35,0.0,34.0
2023,10,UCAYALI,PADRE ABAD,3,14,0,14,0.0,0.0
2023,11,UCAYALI,PADRE ABAD,5,12,0,12,37.25,0.5
2023,12,UCAYALI,PADRE ABAD,6,11,8,19,0.0,0.0
2024,1,UCAYALI,PADRE ABAD,0,0,0,0,0.0,0.0
2024,2,UCAYALI,PADRE ABAD,8,1127,31,1158,633.2,277.4
2024,3,UCAYALI,PADRE ABAD,4,41,0,41,0.0,0.0
2024,4,UCAYALI,PADRE ABAD,4,65,0,65,0.0,0.0
2024,5,UCAYALI,PADRE ABAD,5,33,8,41,0.0,0.0
2024,6,UCAYALI,PADRE ABAD,1,0,11,11,0.0,0.0
2024,7,UCAYALI,PADRE ABAD,2,4,1,5,0.0,0.0
2024,8,UCAYALI,PADRE ABAD,7,21,5,26,0.0,0.0
2024,9,UCAYALI,PADRE ABAD,7,10,6,16,0.0,0.0
2024,10,UCAYALI,PADRE ABAD,15,93,5,98,84.5,57.5
2024,11,UCAYALI,PADRE ABAD,9,3,4,7,0.0,0.0
2024,12,UCAYALI,PADRE ABAD,2,0,10,10,0.0,0.0
2025,1,UCAYALI,PADRE ABAD,8,1136,44,1180,122.0,0.0
2025,2,UCAYALI,PADRE ABAD,8,480,1435,1915,698.5,0.0
2025,3,UCAYALI,PADRE ABAD,12,1076,206,1282,97.0,0.0
2025,4,UCAYALI,PADRE ABAD,11,144,107,251,0.0,0.0
2025,5,UCAYALI,PADRE ABAD,3,5,60,65,0.0,0.0
2025,6,UCAYALI,PADRE ABAD,1,0,3,3,0.0,0.0
2025,7,UCAYALI,PADRE ABAD,0,0,0,0,0.0,0.0
2025,8,UCAYALI,PADRE ABAD,0,0,0,0,0.0,0.0
2025,9,UCAYALI,PADRE ABAD,8,39,3,42,0.0,0.0
2025,10,UCAYALI,PADRE ABAD,8,334,9,343,0.0,0.0
2025,11,UCAYALI,PADRE ABAD,2,157,0,157,0.0,0.0
2025,12,UCAYALI,PADRE ABAD,3,260,0,260,0.0,181.0
2016,1,UCAYALI,PURUS,0,0,0,0,0.0,0.0
2016,2,UCAYALI,PURUS,0,0,0,0,0.0,0.0
2016,3,UCAYALI,PURUS,0,0,0,0,0.0,0.0
2016,4,UCAYALI,PURUS,0,0,0,0,0.0,0.0
2016,5,UCAYALI,PURUS,0,0,0,0,0.0,0.0
2016,6,UCAYALI,PURUS,0,0,0,0,0.0,0.0
2016,7,UCAYALI,PURUS,0,0,0,0,0.0,0.0
2016,8,UCAYALI,PURUS,0,0,0,0,0.0,0.0
2016,9,UCAYALI,PURUS,0,0,0,0,0.0,0.0
2016,10,UCAYALI,PURUS,0,0,0,0,0.0,0.0
2016,11,UCAYALI,PURUS,0,0,0,0,0.0,0.0
2016,12,UCAYALI,PURUS,0,0,0,0,0.0,0.0
2017,1,UCAYALI,PURUS,0,0,0,0,0.0,0.0
2017,2,UCAYALI,PURUS,1,85,11,96,20.0,0.0
2017,3,UCAYALI,PURUS,0,0,0,0,0.0,0.0
2017,4,UCAYALI,PURUS,0,0,0,0,0.0,0.0
2017,5,UCAYALI,PURUS,0,0,0,0,0.0,0.0
2017,6,UCAYALI,PURUS,0,0,0,0,0.0,0.0
2017,7,UCAYALI,PURUS,0,0,0,0,0.0,0.0
2017,8,UCAYALI,PURUS,0,0,0,0,0.0,0.0
2017,9,UCAYALI,PURUS,0,0,0,0,0.0,0.0
2017,10,UCAYALI,PURUS,0,0,0,0,0.0,0.0
2017,11,UCAYALI,PURUS,0,0,0,0,0.0,0.0
2017,12,UCAYALI,PURUS,0,0,0,0,0.0,0.0
2018,1,UCAYALI,PURUS,0,0,0,0,0.0,0.0
2018,2,UCAYALI,PURUS,0,0,0,0,0.0,0.0
2018,3,UCAYALI,PURUS,0,0,0,0,0.0,0.0
2018,4,UCAYALI,PURUS,0,0,0,0,0.0,0.0
2018,5,UCAYALI,PURUS,0,0,0,0,0.0,0.0
2018,6,UCAYALI,PURUS,0,0,0,0,0.0,0.0
2018,7,UCAYALI,PURUS,0,0,0,0,0.0,0.0
2018,8,UCAYALI,PURUS,0,0,0,0,0.0,0.0
2018,9,UCAYALI,PURUS,0,0,0,0,0.0,0.0
2018,10,UCAYALI,PURUS,0,0,0,0,0.0,0.0
2018,11,UCAYALI,PURUS,0,0,0,0,0.0,0.0
2018,12,UCAYALI,PURUS,0,0,0,0,0.0,0.0
2019,1,UCAYALI,PURUS,0,0,0,0,0.0,0.0
2019,2,UCAYALI,PURUS,0,0,0,0,0.0,0.0
2019,3,UCAYALI,PURUS,0,0,0,0,0.0,0.0
2019,4,UCAYALI,PURUS,0,0,0,0,0.0,0.0
2019,5,UCAYALI,PURUS,0,0,0,0,0.0,0.0
2019,6,UCAYALI,PURUS,0,0,0,0,0.0,0.0
2019,7,UCAYALI,PURUS,0,0,0,0,0.0,0.0
2019,8,UCAYALI,PURUS,0,0,0,0,0.0,0.0
2019,9,UCAYALI,PURUS,0,0,0,0,0.0,0.0
2019,10,UCAYALI,PURUS,0,0,0,0,0.0,0.0
2019,11,UCAYALI,PURUS,1,22,0,22,0.0,0.0
2019,12,UCAYALI,PURUS,0,0,0,0,0.0,0.0
2020,1,UCAYALI,PURUS,0,0,0,0,0.0,0.0
2020,2,UCAYALI,PURUS,0,0,0,0,0.0,0.0
2020,3,UCAYALI,PURUS,0,0,0,0,0.0,0.0
2020,4,UCAYALI,PURUS,0,0,0,0,0.0,0.0
2020,5,UCAYALI,PURUS,0,0,0,0,0.0,0.0
2020,6,UCAYALI,PURUS,0,0,0,0,0.0,0.0
2020,7,UCAYALI,PURUS,0,0,0,0,0.0,0.0
2020,8,UCAYALI,PURUS,0,0,0,0,0.0,0.0
2020,9,UCAYALI,PURUS,0,0,0,0,0.0,0.0
2020,10,UCAYALI,PURUS,0,0,0,0,0.0,0.0
2020,11,UCAYALI,PURUS,4,17,22,39,0.0,0.0
2020,12,UCAYALI,PURUS,3,17,0,17,0.0,0.0
2021,1,UCAYALI,PURUS,1,4,0,4,0.0,0.0
2021,2,UCAYALI,PURUS,4,44,0,44,0.0,0.0
2021,3,UCAYALI,PURUS,6,58,13,71,0.0,0.0
2021,4,UCAYALI,PURUS,7,32,15,47,0.0,0.0
2021,5,UCAYALI,PURUS,5,0,15,15,0.0,0.0
2021,6,UCAYALI,PURUS,3,0,22,22,0.0,0.0
2021,7,UCAYALI,PURUS,1,0,7,7,0.0,0.0
2021,8,UCAYALI,PURUS,0,0,0,0,0.0,0.0
2021,9,UCAYALI,PURUS,0,0,0,0,0.0,0.0
2021,10,UCAYALI,PURUS,0,0,0,0,0.0,0.0
2021,11,UCAYALI,PURUS,0,0,0,0,0.0,0.0
2021,12,UCAYALI,PURUS,0,0,0,0,0.0,0.0
2022,1,UCAYALI,PURUS,0,0,0,0,0.0,0.0
2022,2,UCAYALI,PURUS,0,0,0,0,0.0,0.0
2022,3,UCAYALI,PURUS,0,0,0,0,0.0,0.0
2022,4,UCAYALI,PURUS,0,0,0,0,0.0,0.0
2022,5,UCAYALI,PURUS,0,0,0,0,0.0,0.0
2022,6,UCAYALI,PURUS,0,0,0,0,0.0,0.0
2022,7,UCAYALI,PURUS,0,0,0,0,0.0,0.0
2022,8,UCAYALI,PURUS,0,0,0,0,0.0,0.0
2022,9,UCAYALI,PURUS,0,0,0,0,0.0,0.0
2022,10,UCAYALI,PURUS,1,5,0,5,0.0,0.0
2022,11,UCAYALI,PURUS,0,0,0,0,0.0,0.0
2022,12,UCAYALI,PURUS,1,7,0,7,0.0,0.0
2023,1,UCAYALI,PURUS,0,0,0,0,0.0,0.0
2023,2,UCAYALI,PURUS,0,0,0,0,0.0,0.0
2023,3,UCAYALI,PURUS,0,0,0,0,0.0,0.0
2023,4,UCAYALI,PURUS,0,0,0,0,0.0,0.0
2023,5,UCAYALI,PURUS,0,0,0,0,0.0,0.0
2023,6,UCAYALI,PURUS,0,0,0,0,0.0,0.0
2023,7,UCAYALI,PURUS,0,0,0,0,0.0,0.0
2023,8,UCAYALI,PURUS,0,0,0,0,0.0,0.0
2023,9,UCAYALI,PURUS,0,0,0,0,0.0,0.0
2023,10,UCAYALI,PURUS,0,0,0,0,0.0,0.0
2023,11,UCAYALI,PURUS,0,0,0,0,0.0,0.0
2023,12,UCAYALI,PURUS,0,0,0,0,0.0,0.0
2024,1,UCAYALI,PURUS,0,0,0,0,0.0,0.0
2024,2,UCAYALI,PURUS,1,1553,0,1553,263.25,0.0
2024,3,UCAYALI,PURUS,0,0,0,0,0.0,0.0
2024,4,UCAYALI,PURUS,0,0,0,0,0.0,0.0
2024,5,UCAYALI,PURUS,0,0,0,0,0.0,0.0
2024,6,UCAYALI,PURUS,0,0,0,0,0.0,0.0
2024,7,UCAYALI,PURUS,0,0,0,0,0.0,0.0
2024,8,UCAYALI,PURUS,0,0,0,0,0.0,0.0
2024,9,UCAYALI,PURUS,2,0,14,14,0.0,0.0
2024,10,UCAYALI,PURUS,1,0,0,0,0.0,0.0
2024,11,UCAYALI,PURUS,0,0,0,0,0.0,0.0
2024,12,UCAYALI,PURUS,0,0,0,0,0.0,0.0
2025,1,UCAYALI,PURUS,0,0,0,0,0.0,0.0
2025,2,UCAYALI,PURUS,1,0,4,4,0.0,0.0
2025,3,UCAYALI,PURUS,0,0,0,0,0.0,0.0
2025,4,UCAYALI,PURUS,0,0,0,0,0.0,0.0
2025,5,UCAYALI,PURUS,0,0,0,0,0.0,0.0
2025,6,UCAYALI,PURUS,0,0,0,0,0.0,0.0
2025,7,UCAYALI,PURUS,0,0,0,0,0.0,0.0
2025,8,UCAYALI,PURUS,0,0,0,0,0.0,0.0
2025,9,UCAYALI,PURUS,1,0,0,0,0.0,0.0
2025,10,UCAYALI,PURUS,0,0,0,0,0.0,0.0
2025,11,UCAYALI,PURUS,0,0,0,0,0.0,0.0
2025,12,UCAYALI,PURUS,1,506,0,506,0.0,208.2
