año,mes,departamento,provincia,produccion_t,verde_actual_ha,precio_chacra_kg,precio_es_fallback
2016,01,AMAZONAS,BAGUA,12.100,22.000,1.466942,0
2016,01,AMAZONAS,CHACHAPOYAS,21.000,43.000,0.829524,0
2016,01,AMAZONAS,LUYA,24.200,30.000,2.109091,0
2016,01,AMAZONAS,UTCUBAMBA,443.000,572.000,0.600000,0
2016,01,ANCASH,CASMA,33.000,53.000,1.615152,0
2016,01,ANCASH,HUARMEY,5.000,4.000,1.600000,0
2016,01,ANCASH,HUAYLAS,14.000,12.000,1.725000,0
2016,01,ANCASH,SANTA,6.000,5.000,1.700000,0
2016,01,APURIMAC,ABANCAY,15.000,29.500,1.073333,0
2016,01,APURIMAC,ANDAHUAYLAS,9.200,17.500,0.559783,0
2016,01,APURIMAC,AYMARAES,1.500,7.000,0.700000,0
2016,01,APURIMAC,CHINCHEROS,6.550,27.500,1.346183,0
2016,01,APURIMAC,GRAU,1.000,2.000,0.800000,0
2016,01,AREQUIPA,CARAVELI,0.000,3.000,0.000000,1
2016,01,AREQUIPA,LA UNION,0.000,10.000,0.000000,1
2016,01,AYACUCHO,HUAMANGA,2.670,4.330,2.000000,0
2016,01,AYACUCHO,HUANTA,0.000,10.000,0.000000,1
2016,01,AYACUCHO,LA MAR,5.000,19.500,1.000000,0
2016,01,AYACUCHO,LUCANAS,0.000,30.000,0.000000,1
2016,01,AYACUCHO,PARINACOCHAS,0.000,2.000,0.000000,1
2016,01,AYACUCHO,PAUCAR DEL SARA SARA,0.000,9.000,0.000000,1
2016,01,AYACUCHO,SUCRE,0.000,5.000,0.000000,1
2016,01,AYACUCHO,VILCAS HUAMAN,3.000,8.500,1.750000,0
2016,01,CAJAMARCA,CAJABAMBA,11.300,16.000,1.081416,0
2016,01,CAJAMARCA,CHOTA,3.000,32.250,1.200000,0
2016,01,CAJAMARCA,CUTERVO,0.000,4.000,0.000000,1
2016,01,CAJAMARCA,JAEN,18.329,16.000,0.737362,0
2016,01,CAJAMARCA,SAN IGNACIO,0.000,10.000,0.000000,1
2016,01,CAJAMARCA,SAN MARCOS,1.850,10.000,1.600000,0
2016,01,CAJAMARCA,SAN MIGUEL,25.000,30.000,2.000000,0
2016,01,CAJAMARCA,SANTA CRUZ,0.000,5.500,0.000000,1
2016,01,CUSCO,LA CONVENCION,298.000,205.000,0.766980,0
2016,01,HUANCAVELICA,ACOBAMBA,0.000,4.000,0.000000,1
2016,01,HUANCAVELICA,ANGARAES,0.000,3.000,0.000000,1
2016,01,HUANCAVELICA,CASTROVIRREYNA,0.000,1.000,0.000000,1
2016,01,HUANCAVELICA,CHURCAMPA,0.000,7.000,0.000000,1
2016,01,HUANCAVELICA,HUAYTARA,0.000,3.000,0.000000,1
2016,01,HUANCAVELICA,TAYACAJA,0.000,16.000,0.000000,1
2016,01,HUANUCO,HUACAYBAMBA,0.000,9.000,0.000000,1
2016,01,HUANUCO,HUAMALIES,4.200,18.000,0.980000,0
2016,01,HUANUCO,HUANUCO,1.000,13.250,1.200000,0
2016,01,HUANUCO,LEONCIO PRADO,32.000,103.000,0.710625,0
2016,01,HUANUCO,MARAÑON,1.800,4.000,0.930000,0
2016,01,HUANUCO,PUERTO INCA,0.000,16.000,0.000000,1
2016,01,ICA,ICA,0.000,20.720,0.000000,1
2016,01,ICA,NASCA,0.000,12.590,0.000000,1
2016,01,ICA,PALPA,0.000,2.859,0.000000,1
2016,01,ICA,PISCO,0.000,7.400,0.000000,1
2016,01,JUNIN,CHANCHAMAYO,102.550,197.000,0.850000,0
2016,01,JUNIN,HUANCAYO,8.000,16.000,0.900000,0
2016,01,JUNIN,SATIPO,104.000,162.000,0.683942,0
2016,01,LA LIBERTAD,BOLIVAR,16.650,15.500,0.780000,0
2016,01,LA LIBERTAD,GRAN CHIMU,0.630,2.500,0.780000,0
2016,01,LA LIBERTAD,OTUZCO,1.840,2.000,0.780000,0
2016,01,LA LIBERTAD,PATAZ,4.529,11.250,0.761365,0
2016,01,LA LIBERTAD,SANCHEZ CARRION,10.860,11.500,0.751869,0
2016,01,LA LIBERTAD,VIRU,1.150,1.000,0.740000,0
2016,01,LAMBAYEQUE,CHICLAYO,0.000,8.000,0.000000,1
2016,01,LAMBAYEQUE,FERREÑAFE,0.000,14.000,0.000000,1
2016,01,LAMBAYEQUE,LAMBAYEQUE,3061.000,1992.000,0.439938,0
2016,01,LIMA,CAÑETE,0.000,3.000,0.000000,1
2016,01,LIMA,HUAURA,0.000,6.000,0.000000,1
2016,01,LORETO,ALTO AMAZONAS,317.000,479.000,0.890410,0
2016,01,LORETO,DATEM DEL MARAÑON,30.000,50.000,0.919000,0
2016,01,LORETO,LORETO,62.000,92.000,0.938226,0
2016,01,LORETO,MARISCAL RAMON CASTILLA,30.000,69.000,0.886667,0
2016,01,LORETO,MAYNAS,505.000,932.000,0.970970,0
2016,01,LORETO,PUTUMAYO,8.000,26.000,0.932500,0
2016,01,LORETO,REQUENA,34.000,63.000,0.925000,0
2016,01,LORETO,UCAYALI,95.000,183.000,0.953579,0
2016,01,MADRE DE DIOS,MANU,4.200,19.250,1.961905,0
2016,01,MADRE DE DIOS,TAHUAMANU,4.600,17.000,2.163043,0
2016,01,MADRE DE DIOS,TAMBOPATA,16.900,75.500,2.464497,0
2016,01,MOQUEGUA,GENERAL SANCHEZ CERRO,0.000,3.000,0.000000,1
2016,01,MOQUEGUA,MARISCAL NIETO,0.000,5.000,0.000000,1
2016,01,PASCO,OXAPAMPA,0.000,10.000,0.000000,1
2016,01,PIURA,AYABACA,25.000,86.000,0.932000,0
2016,01,PIURA,HUANCABAMBA,28.000,44.000,0.700000,0
2016,01,PIURA,MORROPON,1314.000,1465.000,0.420776,0
2016,01,PIURA,PAITA,0.000,4.000,0.000000,1
2016,01,PIURA,PIURA,5651.000,10570.000,0.463316,0
2016,01,PIURA,SECHURA,2.000,3.000,1.400000,0
2016,01,PIURA,SULLANA,4422.000,4108.000,0.598507,0
2016,01,PUNO,CARABAYA,0.000,1.000,0.000000,1
2016,01,PUNO,SANDIA,0.000,5.000,0.000000,1
2016,01,SAN MARTIN,BELLAVISTA,17.000,31.400,0.905882,0
2016,01,SAN MARTIN,EL DORADO,8.500,13.000,0.394118,0
2016,01,SAN MARTIN,HUALLAGA,42.000,45.500,1.185714,0
2016,01,SAN MARTIN,LAMAS,23.000,51.000,0.460870,0
2016,01,SAN MARTIN,MARISCAL CACERES,21.000,30.000,1.041667,0
2016,01,SAN MARTIN,MOYOBAMBA,5.500,92.000,1.054545,0
2016,01,SAN MARTIN,PICOTA,34.000,82.500,1.255882,0
2016,01,SAN MARTIN,RIOJA,7.000,20.000,0.728571,0
2016,01,SAN MARTIN,SAN MARTIN,20.200,87.000,0.619802,0
2016,01,SAN MARTIN,TOCACHE,9.000,22.000,0.500000,0
2016,01,TUMBES,CONTRALMIRANTE VILLAR,16.800,114.000,0.800000,0
2016,01,TUMBES,TUMBES,540.340,270.700,0.870437,0
2016,01,TUMBES,ZARUMILLA,2729.240,1343.600,1.411142,0
2016,01,UCAYALI,ATALAYA,132.020,181.000,0.499745,0
2016,01,UCAYALI,CORONEL PORTILLO,463.150,1421.140,0.445904,0
2016,01,UCAYALI,PADRE ABAD,145.580,381.990,0.459397,0
2016,01,UCAYALI,PURUS,14.300,31.000,0.700000,0
2016,02,AMAZONAS,BAGUA,11.750,22.000,1.467660,0
2016,02,AMAZONAS,CHACHAPOYAS,22.000,43.000,0.832727,0
2016,02,AMAZONAS,LUYA,15.000,30.000,2.000000,0
2016,02,AMAZONAS,UTCUBAMBA,497.000,572.000,0.405231,0
2016,02,ANCASH,CASMA,36.000,53.000,1.610000,0
2016,02,ANCASH,HUARMEY,6.000,4.000,1.640000,0
2016,02,ANCASH,HUAYLAS,14.000,12.000,1.614286,0
2016,02,ANCASH,SANTA,7.000,5.000,1.800000,0
2016,02,APURIMAC,ABANCAY,3.000,29.500,0.700000,0
2016,02,APURIMAC,ANDAHUAYLAS,20.190,17.500,0.830708,0
2016,02,APURIMAC,AYMARAES,1.500,7.000,0.700000,0
2016,02,APURIMAC,CHINCHEROS,23.450,28.500,0.863518,0
2016,02,APURIMAC,GRAU,0.000,2.000,0.000000,1
2016,02,AREQUIPA,CARAVELI,0.000,3.000,0.000000,1
2016,02,AREQUIPA,LA UNION,0.000,10.000,0.000000,1
2016,02,AYACUCHO,HUAMANGA,3.200,5.000,2.000000,0
2016,02,AYACUCHO,HUANTA,1.000,10.000,1.200000,0
2016,02,AYACUCHO,LA MAR,9.000,19.500,0.966667,0
2016,02,AYACUCHO,LUCANAS,0.000,16.000,0.000000,1
2016,02,AYACUCHO,PARINACOCHAS,0.000,2.000,0.000000,1
2016,02,AYACUCHO,PAUCAR DEL SARA SARA,3.000,9.000,1.266667,0
2016,02,AYACUCHO,SUCRE,0.000,18.500,0.000000,1
2016,02,AYACUCHO,VILCAS HUAMAN,4.000,8.500,1.562500,0
2016,02,CAJAMARCA,CAJABAMBA,11.000,16.000,1.180909,0
2016,02,CAJAMARCA,CHOTA,8.000,32.250,1.125000,0
2016,02,CAJAMARCA,CUTERVO,0.000,4.000,0.000000,1
2016,02,CAJAMARCA,JAEN,14.849,16.000,0.718582,0
2016,02,CAJAMARCA,SAN IGNACIO,0.000,10.000,0.000000,1
2016,02,CAJAMARCA,SAN MARCOS,7.150,10.000,1.600000,0
2016,02,CAJAMARCA,SAN MIGUEL,20.000,30.000,2.000000,0
2016,02,CAJAMARCA,SANTA CRUZ,0.000,5.500,0.000000,1
2016,02,CUSCO,LA CONVENCION,352.000,205.000,0.984773,0
2016,02,HUANCAVELICA,ACOBAMBA,0.000,4.000,0.000000,1
2016,02,HUANCAVELICA,ANGARAES,0.000,3.000,0.000000,1
2016,02,HUANCAVELICA,CASTROVIRREYNA,0.000,1.000,0.000000,1
2016,02,HUANCAVELICA,CHURCAMPA,0.000,7.000,0.000000,1
2016,02,HUANCAVELICA,HUAYTARA,0.000,2.000,0.000000,1
2016,02,HUANCAVELICA,TAYACAJA,0.000,16.000,0.000000,1
2016,02,HUANUCO,HUACAYBAMBA,0.000,9.000,0.000000,1
2016,02,HUANUCO,HUAMALIES,11.000,18.000,0.850000,0
2016,02,HUANUCO,HUANUCO,1.400,13.250,0.900000,0
2016,02,HUANUCO,LEONCIO PRADO,55.000,103.000,0.635273,0
2016,02,HUANUCO,MARAÑON,2.000,4.000,0.900000,0
2016,02,HUANUCO,PUERTO INCA,0.000,16.000,0.000000,1
2016,02,ICA,ICA,28.500,20.720,1.800000,0
2016,02,ICA,NASCA,0.000,12.590,0.000000,1
2016,02,ICA,PALPA,0.000,2.859,0.000000,1
2016,02,ICA,PISCO,0.000,7.400,0.000000,1
2016,02,JUNIN,CHANCHAMAYO,130.000,197.000,0.900000,0
2016,02,JUNIN,HUANCAYO,5.600,16.000,0.850000,0
2016,02,JUNIN,SATIPO,157.400,164.000,0.627046,0
2016,02,LA LIBERTAD,BOLIVAR,19.110,15.500,0.750000,0
2016,02,LA LIBERTAD,GRAN CHIMU,0.700,2.500,0.750000,0
2016,02,LA LIBERTAD,OTUZCO,1.000,2.000,0.780000,0
2016,02,LA LIBERTAD,PATAZ,10.848,11.250,0.747548,0
2016,02,LA LIBERTAD,SANCHEZ CARRION,8.570,11.500,0.739382,0
2016,02,LA LIBERTAD,VIRU,1.290,1.000,0.750000,0
2016,02,LAMBAYEQUE,CHICLAYO,0.000,8.000,0.000000,1
2016,02,LAMBAYEQUE,FERREÑAFE,0.000,14.000,0.000000,1
2016,02,LAMBAYEQUE,LAMBAYEQUE,4151.000,2029.000,0.370670,0
2016,02,LIMA,CAÑETE,0.000,3.000,0.000000,1
2016,02,LIMA,HUAURA,0.000,6.000,0.000000,1
2016,02,LORETO,ALTO AMAZONAS,271.000,479.000,0.902804,0
2016,02,LORETO,DATEM DEL MARAÑON,38.000,50.000,0.900263,0
2016,02,LORETO,LORETO,59.000,92.000,0.928814,0
2016,02,LORETO,MARISCAL RAMON CASTILLA,39.000,69.000,0.905641,0
2016,02,LORETO,MAYNAS,479.000,932.000,0.957766,0
2016,02,LORETO,PUTUMAYO,10.000,26.000,0.914000,0
2016,02,LORETO,REQUENA,37.000,63.000,0.924324,0
2016,02,LORETO,UCAYALI,105.000,183.000,0.954286,0
2016,02,MADRE DE DIOS,MANU,3.400,19.250,1.735294,0
2016,02,MADRE DE DIOS,TAHUAMANU,3.100,17.000,2.000000,0
2016,02,MADRE DE DIOS,TAMBOPATA,21.300,75.500,2.406103,0
2016,02,MOQUEGUA,GENERAL SANCHEZ CERRO,5.059,3.000,2.000000,0
2016,02,MOQUEGUA,MARISCAL NIETO,0.000,5.000,0.000000,1
2016,02,PASCO,OXAPAMPA,0.000,10.000,0.000000,1
2016,02,PIURA,AYABACA,37.000,86.000,0.902703,0
2016,02,PIURA,HUANCABAMBA,17.000,44.000,0.700000,0
2016,02,PIURA,MORROPON,1314.000,1465.000,0.401522,0
2016,02,PIURA,PAITA,0.000,4.000,0.000000,1
2016,02,PIURA,PIURA,8532.000,10570.000,0.433474,0
2016,02,PIURA,SECHURA,2.000,3.000,1.200000,0
2016,02,PIURA,SULLANA,4531.000,4108.000,0.896248,0
2016,02,PUNO,CARABAYA,0.000,1.000,0.000000,1
2016,02,PUNO,SANDIA,0.000,5.000,0.000000,1
2016,02,SAN MARTIN,BELLAVISTA,33.000,31.400,0.893939,0
2016,02,SAN MARTIN,EL DORADO,14.000,13.000,0.360714,0
2016,02,SAN MARTIN,HUALLAGA,34.000,45.500,1.285294,0
2016,02,SAN MARTIN,LAMAS,38.500,58.000,0.448052,0
2016,02,SAN MARTIN,MARISCAL CACERES,32.000,30.000,0.959375,0
2016,02,SAN MARTIN,MOYOBAMBA,62.000,92.000,1.354839,0
2016,02,SAN MARTIN,PICOTA,54.000,82.500,1.057407,0
2016,02,SAN MARTIN,RIOJA,15.000,20.000,0.736667,0
2016,02,SAN MARTIN,SAN MARTIN,41.800,87.000,0.555024,0
2016,02,SAN MARTIN,TOCACHE,41.000,22.000,0.641463,0
2016,02,TUMBES,CONTRALMIRANTE VILLAR,14.400,117.500,0.800000,0
2016,02,TUMBES,TUMBES,492.350,278.600,0.700000,0
2016,02,TUMBES,ZARUMILLA,3582.095,1364.100,0.853148,0
2016,02,UCAYALI,ATALAYA,199.959,181.000,0.498263,0
2016,02,UCAYALI,CORONEL PORTILLO,600.289,1423.140,0.451610,0
2016,02,UCAYALI,PADRE ABAD,214.140,381.990,0.468148,0
2016,02,UCAYALI,PURUS,21.700,31.000,0.700000,0
2016,03,AMAZONAS,BAGUA,15.900,22.000,1.462264,0
2016,03,AMAZONAS,CHACHAPOYAS,23.100,43.000,1.000000,0
2016,03,AMAZONAS,LUYA,18.900,30.000,1.800000,0
2016,03,AMAZONAS,UTCUBAMBA,497.000,572.000,0.400000,0
2016,03,ANCASH,CASMA,34.000,53.000,1.711765,0
2016,03,ANCASH,HUARMEY,6.000,4.000,1.700000,0
2016,03,ANCASH,HUAYLAS,13.000,12.000,1.684615,0
2016,03,ANCASH,SANTA,8.000,5.000,1.780000,0
2016,03,APURIMAC,ABANCAY,7.000,29.500,0.971429,0
2016,03,APURIMAC,ANDAHUAYLAS,31.750,17.500,0.905748,0
2016,03,APURIMAC,AYMARAES,2.500,7.000,0.700000,0
2016,03,APURIMAC,CHINCHEROS,33.350,28.500,0.913943,0
2016,03,APURIMAC,GRAU,2.000,2.000,0.800000,0
2016,03,AREQUIPA,CARAVELI,0.000,3.000,0.000000,1
2016,03,AREQUIPA,LA UNION,23.700,10.000,2.154008,0
2016,03,AYACUCHO,HUAMANGA,2.200,5.000,2.010000,0
2016,03,AYACUCHO,HUANTA,4.500,10.000,1.177778,0
2016,03,AYACUCHO,LA MAR,9.000,19.500,0.988889,0
2016,03,AYACUCHO,LUCANAS,0.000,16.000,0.000000,1
2016,03,AYACUCHO,PARINACOCHAS,0.000,2.000,0.000000,1
2016,03,AYACUCHO,PAUCAR DEL SARA SARA,8.000,9.000,1.250000,0
2016,03,AYACUCHO,SUCRE,5.000,5.000,1.300000,0
2016,03,AYACUCHO,VILCAS HUAMAN,8.500,8.500,1.261765,0
2016,03,CAJAMARCA,CAJABAMBA,6.600,16.000,1.000000,0
2016,03,CAJAMARCA,CHOTA,22.000,32.250,1.222727,0
2016,03,CAJAMARCA,CUTERVO,0.000,4.000,0.000000,1
2016,03,CAJAMARCA,JAEN,9.539,16.000,0.718540,0
2016,03,CAJAMARCA,SAN IGNACIO,3.400,10.000,0.800000,0
2016,03,CAJAMARCA,SAN MARCOS,0.000,10.000,0.000000,1
2016,03,CAJAMARCA,SAN MIGUEL,60.000,30.000,1.250000,0
2016,03,CAJAMARCA,SANTA CRUZ,4.000,5.500,1.200000,0
2016,03,CUSCO,LA CONVENCION,184.000,205.000,0.990000,0
2016,03,HUANCAVELICA,ACOBAMBA,1.400,4.000,0.521429,0
2016,03,HUANCAVELICA,ANGARAES,0.000,3.000,0.000000,1
2016,03,HUANCAVELICA,CASTROVIRREYNA,0.000,1.000,0.000000,1
2016,03,HUANCAVELICA,CHURCAMPA,0.000,7.000,0.000000,1
2016,03,HUANCAVELICA,HUAYTARA,0.000,2.000,0.000000,1
2016,03,HUANCAVELICA,TAYACAJA,0.000,16.000,0.000000,1
2016,03,HUANUCO,HUACAYBAMBA,0.000,9.000,0.000000,1
2016,03,HUANUCO,HUAMALIES,14.000,18.000,0.700000,0
2016,03,HUANUCO,HUANUCO,3.900,13.250,1.125128,0
2016,03,HUANUCO,LEONCIO PRADO,80.000,103.000,0.618875,0
2016,03,HUANUCO,MARAÑON,4.000,4.000,0.860000,0
2016,03,HUANUCO,PUERTO INCA,2.000,16.000,0.974000,0
2016,03,ICA,ICA,67.800,20.720,1.987021,0
2016,03,ICA,NASCA,0.000,12.590,0.000000,1
2016,03,ICA,PALPA,0.000,2.859,0.000000,1
2016,03,ICA,PISCO,0.000,7.400,0.000000,1
2016,03,JUNIN,CHANCHAMAYO,132.700,197.000,1.176262,0
2016,03,JUNIN,HUANCAYO,9.600,16.000,1.400000,0
2016,03,JUNIN,SATIPO,241.300,165.000,0.590054,0
2016,03,LA LIBERTAD,BOLIVAR,17.448,15.500,0.732619,0
2016,03,LA LIBERTAD,GRAN CHIMU,6.550,2.500,0.722595,0
2016,03,LA LIBERTAD,OTUZCO,1.920,2.000,0.720000,0
2016,03,LA LIBERTAD,PATAZ,15.490,11.250,0.717876,0
2016,03,LA LIBERTAD,SANCHEZ CARRION,16.137,11.500,0.719058,0
2016,03,LA LIBERTAD,VIRU,1.430,1.000,0.730000,0
2016,03,LAMBAYEQUE,CHICLAYO,0.000,8.000,0.000000,1
2016,03,LAMBAYEQUE,FERREÑAFE,0.000,14.000,0.000000,1
2016,03,LAMBAYEQUE,LAMBAYEQUE,4070.000,2029.000,0.349165,0
2016,03,LIMA,CAÑETE,0.000,3.000,0.000000,1
2016,03,LIMA,HUAURA,0.000,6.000,0.000000,1
2016,03,LORETO,ALTO AMAZONAS,296.000,479.000,0.902568,0
2016,03,LORETO,DATEM DEL MARAÑON,44.000,50.000,0.900455,0
2016,03,LORETO,LORETO,76.000,92.000,0.919737,0
2016,03,LORETO,MARISCAL RAMON CASTILLA,42.000,69.000,0.908571,0
2016,03,LORETO,MAYNAS,489.000,932.000,0.949141,0
2016,03,LORETO,PUTUMAYO,9.000,26.000,0.930000,0
2016,03,LORETO,REQUENA,43.000,63.000,0.908140,0
2016,03,LORETO,UCAYALI,110.000,183.000,0.916091,0
2016,03,MADRE DE DIOS,MANU,8.500,20.250,2.488235,0
2016,03,MADRE DE DIOS,TAHUAMANU,7.100,17.000,2.112676,0
2016,03,MADRE DE DIOS,TAMBOPATA,21.200,75.500,2.535377,0
2016,03,MOQUEGUA,GENERAL SANCHEZ CERRO,3.710,3.000,1.000000,0
2016,03,MOQUEGUA,MARISCAL NIETO,6.519,5.000,2.500000,0
2016,03,PASCO,OXAPAMPA,0.000,10.000,0.000000,1
2016,03,PIURA,AYABACA,13.000,86.000,0.503077,0
2016,03,PIURA,HUANCABAMBA,29.000,44.000,0.700000,0
2016,03,PIURA,MORROPON,1346.000,1465.000,0.392348,0
2016,03,PIURA,PAITA,5.000,4.000,0.700000,0
2016,03,PIURA,PIURA,11071.000,10570.000,0.451079,0
2016,03,PIURA,SECHURA,2.000,3.000,0.950000,0
2016,03,PIURA,SULLANA,4447.000,4108.000,0.700000,0
2016,03,PUNO,CARABAYA,0.000,1.000,0.000000,1
2016,03,PUNO,SANDIA,2.000,5.000,0.900000,0
2016,03,SAN MARTIN,BELLAVISTA,53.000,31.400,0.900000,0
2016,03,SAN MARTIN,EL DORADO,20.400,13.000,0.378431,0
2016,03,SAN MARTIN,HUALLAGA,80.000,45.500,1.187500,0
2016,03,SAN MARTIN,LAMAS,69.300,58.000,0.468975,0
2016,03,SAN MARTIN,MARISCAL CACERES,47.500,30.000,0.932632,0
2016,03,SAN MARTIN,MOYOBAMBA,68.000,92.000,1.323529,0
2016,03,SAN MARTIN,PICOTA,101.000,82.500,1.093564,0
2016,03,SAN MARTIN,RIOJA,26.000,20.000,0.742308,0
2016,03,SAN MARTIN,SAN MARTIN,126.000,87.000,0.537302,0
2016,03,SAN MARTIN,TOCACHE,22.000,22.000,0.563636,0
2016,03,TUMBES,CONTRALMIRANTE VILLAR,17.620,116.750,0.700000,0
2016,03,TUMBES,TUMBES,444.610,278.200,0.675818,0
2016,03,TUMBES,ZARUMILLA,3113.781,1371.800,1.170065,0
2016,03,UCAYALI,ATALAYA,174.460,181.000,0.488515,0
2016,03,UCAYALI,CORONEL PORTILLO,661.110,1423.140,0.445058,0
2016,03,UCAYALI,PADRE ABAD,224.660,381.990,0.464876,0
2016,03,UCAYALI,PURUS,26.770,31.000,0.680000,0
2016,04,AMAZONAS,BAGUA,17.500,22.000,1.468000,0
2016,04,AMAZONAS,CHACHAPOYAS,22.400,43.000,0.875536,0
2016,04,AMAZONAS,LUYA,18.100,30.000,1.800000,0
2016,04,AMAZONAS,UTCUBAMBA,498.000,572.000,0.544578,0
2016,04,ANCASH,CASMA,32.000,53.000,1.756250,0
2016,04,ANCASH,HUARMEY,5.000,4.000,1.800000,0
2016,04,ANCASH,HUAYLAS,12.000,12.000,1.833333,0
2016,04,ANCASH,SANTA,8.000,5.000,1.800000,0
2016,04,APURIMAC,ABANCAY,23.000,29.500,1.234783,0
2016,04,APURIMAC,ANDAHUAYLAS,15.539,17.500,0.871041,0
2016,04,APURIMAC,AYMARAES,2.800,7.000,0.717857,0
2016,04,APURIMAC,CHINCHEROS,9.600,28.500,0.924479,0
2016,04,APURIMAC,GRAU,0.000,2.000,0.000000,1
2016,04,AREQUIPA,CARAVELI,0.000,3.000,0.000000,1
2016,04,AREQUIPA,LA UNION,0.000,10.000,0.000000,1
2016,04,AYACUCHO,HUAMANGA,1.860,3.860,1.910000,0
2016,04,AYACUCHO,HUANTA,10.670,10.170,1.176570,0
2016,04,AYACUCHO,LA MAR,12.500,19.500,1.132000,0
2016,04,AYACUCHO,LUCANAS,1.000,16.000,1.420000,0
2016,04,AYACUCHO,PARINACOCHAS,3.000,2.000,1.733333,0
2016,04,AYACUCHO,PAUCAR DEL SARA SARA,12.000,9.000,1.233333,0
2016,04,AYACUCHO,SUCRE,9.000,5.000,1.177778,0
2016,04,AYACUCHO,VILCAS HUAMAN,4.500,8.500,1.227778,0
2016,04,CAJAMARCA,CAJABAMBA,8.800,16.000,1.037500,0
2016,04,CAJAMARCA,CHOTA,22.000,32.250,1.063636,0
2016,04,CAJAMARCA,CUTERVO,0.000,4.000,0.000000,1
2016,04,CAJAMARCA,JAEN,12.180,16.000,0.647356,0
2016,04,CAJAMARCA,SAN IGNACIO,3.200,10.000,1.000000,0
2016,04,CAJAMARCA,SAN MARCOS,1.877,10.000,1.000000,0
2016,04,CAJAMARCA,SAN MIGUEL,70.000,30.000,1.075714,0
2016,04,CAJAMARCA,SANTA CRUZ,10.000,5.500,1.210000,0
2016,04,CUSCO,LA CONVENCION,71.000,205.000,1.600000,0
2016,04,HUANCAVELICA,ACOBAMBA,5.600,4.000,0.546429,0
2016,04,HUANCAVELICA,ANGARAES,4.598,3.000,0.642584,0
2016,04,HUANCAVELICA,CASTROVIRREYNA,3.509,2.000,0.500000,0
2016,04,HUANCAVELICA,CHURCAMPA,7.149,7.000,0.952497,0
2016,04,HUANCAVELICA,HUAYTARA,4.130,3.000,0.600000,0
2016,04,HUANCAVELICA,TAYACAJA,16.110,16.000,0.600000,0
2016,04,HUANUCO,HUACAYBAMBA,0.000,9.000,0.000000,1
2016,04,HUANUCO,HUAMALIES,19.000,18.000,0.700000,0
2016,04,HUANUCO,HUANUCO,5.900,13.250,0.938136,0
2016,04,HUANUCO,LEONCIO PRADO,93.000,103.000,0.655419,0
2016,04,HUANUCO,MARAÑON,5.000,4.000,0.840000,0
2016,04,HUANUCO,PUERTO INCA,7.000,16.000,0.948000,0
2016,04,ICA,ICA,177.600,20.720,1.965991,0
2016,04,ICA,NASCA,0.000,12.590,0.000000,1
2016,04,ICA,PALPA,0.000,2.859,0.000000,1
2016,04,ICA,PISCO,0.000,7.400,0.000000,1
2016,04,JUNIN,CHANCHAMAYO,137.150,197.000,1.096901,0
2016,04,JUNIN,HUANCAYO,11.200,16.000,1.000000,0
2016,04,JUNIN,SATIPO,285.200,167.000,0.589215,0
2016,04,LA LIBERTAD,BOLIVAR,12.980,15.500,0.709592,0
2016,04,LA LIBERTAD,GRAN CHIMU,7.170,2.500,0.704296,0
2016,04,LA LIBERTAD,OTUZCO,1.150,2.000,0.700000,0
2016,04,LA LIBERTAD,PATAZ,11.888,11.250,0.716824,0
2016,04,LA LIBERTAD,SANCHEZ CARRION,12.567,11.500,0.719519,0
2016,04,LA LIBERTAD,VIRU,0.970,1.000,0.720000,0
2016,04,LAMBAYEQUE,CHICLAYO,0.000,8.000,0.000000,1
2016,04,LAMBAYEQUE,FERREÑAFE,0.000,14.000,0.000000,1
2016,04,LAMBAYEQUE,LAMBAYEQUE,3798.000,2029.000,0.401448,0
2016,04,LIMA,CAÑETE,0.000,3.000,0.000000,1
2016,04,LIMA,HUAURA,0.000,26.000,0.000000,1
2016,04,LORETO,ALTO AMAZONAS,294.000,479.000,0.920884,0
2016,04,LORETO,DATEM DEL MARAÑON,35.000,50.000,0.904857,0
2016,04,LORETO,LORETO,60.000,92.000,0.904667,0
2016,04,LORETO,MARISCAL RAMON CASTILLA,36.000,69.000,0.913889,0
2016,04,LORETO,MAYNAS,531.000,932.000,0.937665,0
2016,04,LORETO,PUTUMAYO,12.000,26.000,0.900000,0
2016,04,LORETO,REQUENA,42.000,63.000,0.904286,0
2016,04,LORETO,UCAYALI,96.000,183.000,0.919583,0
2016,04,MADRE DE DIOS,MANU,10.000,20.250,2.424000,0
2016,04,MADRE DE DIOS,TAHUAMANU,4.900,17.000,2.134694,0
2016,04,MADRE DE DIOS,TAMBOPATA,24.200,75.500,2.374793,0
2016,04,MOQUEGUA,GENERAL SANCHEZ CERRO,5.050,3.000,1.600000,0
2016,04,MOQUEGUA,MARISCAL NIETO,5.620,5.000,1.900000,0
2016,04,PASCO,OXAPAMPA,0.000,10.000,0.000000,1
2016,04,PIURA,AYABACA,42.000,86.000,0.585714,0
2016,04,PIURA,HUANCABAMBA,9.000,44.000,0.700000,0
2016,04,PIURA,MORROPON,1341.000,1465.000,0.322371,0
2016,04,PIURA,PAITA,5.000,4.000,0.700000,0
2016,04,PIURA,PIURA,11545.000,10570.000,0.994760,0
2016,04,PIURA,SECHURA,2.000,3.000,0.950000,0
2016,04,PIURA,SULLANA,4526.000,4108.000,0.700000,0
2016,04,PUNO,CARABAYA,2.000,1.000,0.900000,0
2016,04,PUNO,SANDIA,2.000,5.000,0.800000,0
2016,04,SAN MARTIN,BELLAVISTA,19.500,31.400,1.089744,0
2016,04,SAN MARTIN,EL DORADO,20.000,13.000,0.392500,0
2016,04,SAN MARTIN,HUALLAGA,62.000,45.500,1.269355,0
2016,04,SAN MARTIN,LAMAS,153.700,69.000,0.608068,0
2016,04,SAN MARTIN,MARISCAL CACERES,46.000,30.000,0.844565,0
2016,04,SAN MARTIN,MOYOBAMBA,57.000,92.000,1.289474,0
2016,04,SAN MARTIN,PICOTA,282.000,82.500,1.069858,0
2016,04,SAN MARTIN,RIOJA,41.000,20.000,0.732927,0
2016,04,SAN MARTIN,SAN MARTIN,352.000,87.000,0.523580,0
2016,04,SAN MARTIN,TOCACHE,62.000,22.000,0.475806,0
2016,04,TUMBES,CONTRALMIRANTE VILLAR,230.800,123.870,1.000000,0
2016,04,TUMBES,TUMBES,455.880,287.200,0.678196,0
2016,04,TUMBES,ZARUMILLA,2790.735,1388.550,1.403785,0
2016,04,UCAYALI,ATALAYA,139.500,181.000,0.492922,0
2016,04,UCAYALI,CORONEL PORTILLO,453.069,1428.140,0.444435,0
2016,04,UCAYALI,PADRE ABAD,198.090,381.990,0.466476,0
2016,04,UCAYALI,PURUS,20.140,31.000,0.670000,0
2016,05,AMAZONAS,BAGUA,16.700,22.000,1.282036,0
2016,05,AMAZONAS,CHACHAPOYAS,23.370,43.000,0.804279,0
2016,05,AMAZONAS,LUYA,22.100,30.000,1.822624,0
2016,05,AMAZONAS,UTCUBAMBA,506.000,578.000,0.512253,0
2016,05,ANCASH,CASMA,26.000,53.000,1.830769,0
2016,05,ANCASH,HUARMEY,5.000,4.000,1.850000,0
2016,05,ANCASH,HUAYLAS,11.000,12.000,1.883636,0
2016,05,ANCASH,SANTA,7.000,5.000,1.850000,0
2016,05,APURIMAC,ABANCAY,6.000,29.500,0.900000,0
2016,05,APURIMAC,ANDAHUAYLAS,0.250,17.500,0.900000,0
2016,05,APURIMAC,AYMARAES,2.300,7.000,0.700000,0
2016,05,APURIMAC,CHINCHEROS,0.550,28.500,0.900000,0
2016,05,APURIMAC,GRAU,2.000,2.000,0.900000,0
2016,05,AREQUIPA,CARAVELI,4.160,3.000,1.500000,0
2016,05,AREQUIPA,LA UNION,0.000,10.000,0.000000,1
2016,05,AYACUCHO,HUAMANGA,2.330,4.330,1.920000,0
2016,05,AYACUCHO,HUANTA,10.670,10.170,1.115651,0
2016,05,AYACUCHO,LA MAR,15.500,19.500,1.325806,0
2016,05,AYACUCHO,LUCANAS,3.000,16.000,1.400000,0
2016,05,AYACUCHO,PARINACOCHAS,6.000,2.000,1.700000,0
2016,05,AYACUCHO,PAUCAR DEL SARA SARA,7.000,9.000,1.228571,0
2016,05,AYACUCHO,SUCRE,8.000,5.000,1.150000,0
2016,05,AYACUCHO,VILCAS HUAMAN,4.000,8.500,1.137500,0
2016,05,CAJAMARCA,CAJABAMBA,5.700,16.000,1.100000,0
2016,05,CAJAMARCA,CHOTA,28.000,32.250,1.114286,0
2016,05,CAJAMARCA,CUTERVO,4.000,4.000,1.050000,0
2016,05,CAJAMARCA,JAEN,9.830,16.000,0.670509,0
2016,05,CAJAMARCA,SAN IGNACIO,3.500,10.000,0.800000,0
2016,05,CAJAMARCA,SAN MARCOS,6.956,10.000,1.282835,0
2016,05,CAJAMARCA,SAN MIGUEL,65.400,30.000,1.384098,0
2016,05,CAJAMARCA,SANTA CRUZ,10.000,5.500,1.070000,0
2016,05,CUSCO,LA CONVENCION,71.000,205.000,0.980000,0
2016,05,HUANCAVELICA,ACOBAMBA,10.400,4.000,0.546154,0
2016,05,HUANCAVELICA,ANGARAES,4.430,3.000,0.651106,0
2016,05,HUANCAVELICA,CASTROVIRREYNA,3.960,2.000,0.500000,0
2016,05,HUANCAVELICA,CHURCAMPA,12.390,7.000,0.969653,0
2016,05,HUANCAVELICA,HUAYTARA,5.300,3.000,0.603962,0
2016,05,HUANCAVELICA,TAYACAJA,31.290,16.000,0.600668,0
2016,05,HUANUCO,HUACAYBAMBA,0.000,9.000,0.000000,1
2016,05,HUANUCO,HUAMALIES,21.000,18.000,0.650000,0
2016,05,HUANUCO,HUANUCO,9.800,13.250,1.047449,0
2016,05,HUANUCO,LEONCIO PRADO,126.000,103.000,0.619921,0
2016,05,HUANUCO,MARAÑON,7.000,4.000,0.840000,0
2016,05,HUANUCO,PUERTO INCA,18.000,16.000,0.930944,0
2016,05,ICA,ICA,193.500,20.720,1.745711,0
2016,05,ICA,NASCA,0.000,12.590,0.000000,1
2016,05,ICA,PALPA,0.000,2.859,0.000000,1
2016,05,ICA,PISCO,0.000,7.400,0.000000,1
2016,05,JUNIN,CHANCHAMAYO,150.550,197.000,0.850216,0
2016,05,JUNIN,HUANCAYO,13.600,16.000,0.700000,0
2016,05,JUNIN,SATIPO,297.700,167.000,0.540695,0
2016,05,LA LIBERTAD,BOLIVAR,11.450,15.500,0.706201,0
2016,05,LA LIBERTAD,GRAN CHIMU,3.630,2.500,0.720000,0
2016,05,LA LIBERTAD,OTUZCO,0.450,2.000,0.730000,0
2016,05,LA LIBERTAD,PATAZ,12.829,11.250,0.718807,0
2016,05,LA LIBERTAD,SANCHEZ CARRION,6.350,11.500,0.717165,0
2016,05,LA LIBERTAD,VIRU,1.010,1.000,0.740000,0
2016,05,LAMBAYEQUE,CHICLAYO,0.000,8.000,0.000000,1
2016,05,LAMBAYEQUE,FERREÑAFE,0.000,14.000,0.000000,1
2016,05,LAMBAYEQUE,LAMBAYEQUE,3726.000,2029.000,0.418991,0
2016,05,LIMA,CAÑETE,0.000,3.000,0.000000,1
2016,05,LIMA,HUAURA,18.000,26.000,1.650000,0
2016,05,LORETO,ALTO AMAZONAS,293.000,479.000,0.920922,0
2016,05,LORETO,DATEM DEL MARAÑON,32.000,50.000,0.918125,0
2016,05,LORETO,LORETO,60.000,92.000,0.901500,0
2016,05,LORETO,MARISCAL RAMON CASTILLA,39.000,69.000,0.913077,0
2016,05,LORETO,MAYNAS,510.000,932.000,0.929412,0
2016,05,LORETO,PUTUMAYO,16.000,26.000,0.900000,0
2016,05,LORETO,REQUENA,44.000,63.000,0.902045,0
2016,05,LORETO,UCAYALI,86.000,183.000,0.923140,0
2016,05,MADRE DE DIOS,MANU,9.600,20.250,2.345833,0
2016,05,MADRE DE DIOS,TAHUAMANU,5.200,17.000,2.061538,0
2016,05,MADRE DE DIOS,TAMBOPATA,20.700,75.500,2.253623,0
2016,05,MOQUEGUA,GENERAL SANCHEZ CERRO,0.000,3.000,0.000000,1
2016,05,MOQUEGUA,MARISCAL NIETO,20.080,5.000,1.967729,0
2016,05,PASCO,OXAPAMPA,60.000,10.000,1.000000,0
2016,05,PIURA,AYABACA,9.000,86.000,0.411111,0
2016,05,PIURA,HUANCABAMBA,10.000,44.000,0.700000,0
2016,05,PIURA,MORROPON,1327.000,1465.000,0.367822,0
2016,05,PIURA,PAITA,5.000,4.000,0.700000,0
2016,05,PIURA,PIURA,8715.000,10570.000,0.566036,0
2016,05,PIURA,SECHURA,2.000,3.000,1.000000,0
2016,05,PIURA,SULLANA,4616.000,4108.000,0.700000,0
2016,05,PUNO,CARABAYA,2.000,1.000,0.800000,0
2016,05,PUNO,SANDIA,12.000,5.000,0.800000,0
2016,05,SAN MARTIN,BELLAVISTA,25.000,32.400,1.304000,0
2016,05,SAN MARTIN,EL DORADO,29.700,13.000,0.368519,0
2016,05,SAN MARTIN,HUALLAGA,39.000,45.500,1.380769,0
2016,05,SAN MARTIN,LAMAS,136.000,58.000,0.577941,0
2016,05,SAN MARTIN,MARISCAL CACERES,51.000,30.000,0.844706,0
2016,05,SAN MARTIN,MOYOBAMBA,40.000,92.000,0.910000,0
2016,05,SAN MARTIN,PICOTA,173.000,82.500,1.019075,0
2016,05,SAN MARTIN,RIOJA,77.000,20.000,0.737662,0
2016,05,SAN MARTIN,SAN MARTIN,317.000,87.000,0.523028,0
2016,05,SAN MARTIN,TOCACHE,25.000,22.000,0.500000,0
2016,05,TUMBES,CONTRALMIRANTE VILLAR,259.500,123.870,1.178035,0
2016,05,TUMBES,TUMBES,376.840,297.200,0.648673,0
2016,05,TUMBES,ZARUMILLA,2339.637,1404.550,1.529679,0
2016,05,UCAYALI,ATALAYA,200.420,181.000,0.518180,0
2016,05,UCAYALI,CORONEL PORTILLO,486.200,1428.140,0.447338,0
2016,05,UCAYALI,PADRE ABAD,243.930,381.990,0.502608,0
2016,05,UCAYALI,PURUS,17.300,31.000,0.700000,0
2016,06,AMAZONAS,BAGUA,15.300,22.000,1.039216,0
2016,06,AMAZONAS,CHACHAPOYAS,23.000,43.000,0.898261,0
2016,06,AMAZONAS,LUYA,20.000,30.000,1.758500,0
2016,06,AMAZONAS,UTCUBAMBA,515.000,578.000,0.506408,0
2016,06,ANCASH,CASMA,24.000,53.000,1.908333,0
2016,06,ANCASH,HUARMEY,5.000,4.000,1.850000,0
2016,06,ANCASH,HUAYLAS,9.000,12.000,1.933333,0
2016,06,ANCASH,SANTA,7.000,5.000,1.800000,0
2016,06,APURIMAC,ABANCAY,6.000,29.500,0.800000,0
2016,06,APURIMAC,ANDAHUAYLAS,0.000,17.500,0.000000,1
2016,06,APURIMAC,AYMARAES,2.200,7.000,0.700000,0
2016,06,APURIMAC,CHINCHEROS,5.000,28.500,1.000000,0
2016,06,APURIMAC,GRAU,0.000,2.000,0.000000,1
2016,06,AREQUIPA,CARAVELI,9.200,3.000,2.000000,0
2016,06,AREQUIPA,LA UNION,0.000,10.000,0.000000,1
2016,06,AYACUCHO,HUAMANGA,2.200,5.000,1.640000,0
2016,06,AYACUCHO,HUANTA,11.000,10.000,1.118182,0
2016,06,AYACUCHO,LA MAR,16.500,19.500,1.318182,0
2016,06,AYACUCHO,LUCANAS,2.000,16.000,1.400000,0
2016,06,AYACUCHO,PARINACOCHAS,3.000,2.000,1.633333,0
2016,06,AYACUCHO,PAUCAR DEL SARA SARA,4.000,9.000,1.200000,0
2016,06,AYACUCHO,SUCRE,5.000,5.000,1.120000,0
2016,06,AYACUCHO,VILCAS HUAMAN,5.000,8.500,0.860000,0
2016,06,CAJAMARCA,CAJABAMBA,4.200,16.000,1.009524,0
2016,06,CAJAMARCA,CHOTA,26.000,32.250,1.138462,0
2016,06,CAJAMARCA,CUTERVO,10.000,4.000,1.280000,0
2016,06,CAJAMARCA,JAEN,7.120,16.000,0.755829,0
2016,06,CAJAMARCA,SAN IGNACIO,6.540,10.000,0.756881,0
2016,06,CAJAMARCA,SAN MARCOS,1.850,10.000,0.800000,0
2016,06,CAJAMARCA,SAN MIGUEL,118.000,30.000,1.098305,0
2016,06,CAJAMARCA,SANTA CRUZ,5.000,4.500,1.380000,0
2016,06,CUSCO,LA CONVENCION,53.000,205.000,1.100000,0
2016,06,HUANCAVELICA,ACOBAMBA,5.000,4.000,0.558000,0
2016,06,HUANCAVELICA,ANGARAES,2.600,3.000,0.592308,0
2016,06,HUANCAVELICA,CASTROVIRREYNA,4.000,2.000,0.500000,0
2016,06,HUANCAVELICA,CHURCAMPA,7.800,7.000,0.858974,0
2016,06,HUANCAVELICA,HUAYTARA,3.450,3.000,0.614493,0
2016,06,HUANCAVELICA,TAYACAJA,25.000,16.000,0.624000,0
2016,06,HUANUCO,HUACAYBAMBA,0.000,9.000,0.000000,1
2016,06,HUANUCO,HUAMALIES,23.000,18.000,0.690000,0
2016,06,HUANUCO,HUANUCO,14.000,13.250,1.171857,0
2016,06,HUANUCO,LEONCIO PRADO,147.000,103.000,0.687408,0
2016,06,HUANUCO,MARAÑON,6.000,4.000,0.860000,0
2016,06,HUANUCO,PUERTO INCA,26.000,16.000,0.857269,0
2016,06,ICA,ICA,106.900,20.720,1.418054,0
2016,06,ICA,NASCA,89.850,12.590,0.978798,0
2016,06,ICA,PALPA,0.000,2.859,0.000000,1
2016,06,ICA,PISCO,0.000,7.400,0.000000,1
2016,06,JUNIN,CHANCHAMAYO,148.850,197.000,1.018441,0
2016,06,JUNIN,HUANCAYO,12.000,16.000,1.000000,0
2016,06,JUNIN,SATIPO,226.000,167.000,0.580916,0
2016,06,LA LIBERTAD,BOLIVAR,8.118,15.500,0.708667,0
2016,06,LA LIBERTAD,GRAN CHIMU,0.530,2.500,0.720000,0
2016,06,LA LIBERTAD,OTUZCO,2.100,2.000,0.700000,0
2016,06,LA LIBERTAD,PATAZ,10.720,11.250,0.722108,0
2016,06,LA LIBERTAD,SANCHEZ CARRION,1.300,11.500,0.723769,0
2016,06,LA LIBERTAD,VIRU,0.780,1.000,0.740000,0
2016,06,LAMBAYEQUE,CHICLAYO,0.000,8.000,0.000000,1
2016,06,LAMBAYEQUE,FERREÑAFE,0.000,14.000,0.000000,1
2016,06,LAMBAYEQUE,LAMBAYEQUE,2200.000,2029.000,0.450000,0
2016,06,LIMA,CAÑETE,0.000,3.000,0.000000,1
2016,06,LIMA,HUAURA,15.000,26.000,1.953333,0
2016,06,LORETO,ALTO AMAZONAS,236.000,479.000,0.929322,0
2016,06,LORETO,DATEM DEL MARAÑON,31.000,50.000,0.921613,0
2016,06,LORETO,LORETO,37.000,92.000,0.919189,0
2016,06,LORETO,MARISCAL RAMON CASTILLA,46.000,69.000,0.919783,0
2016,06,LORETO,MAYNAS,483.000,932.000,0.925756,0
2016,06,LORETO,PUTUMAYO,14.000,26.000,0.900000,0
2016,06,LORETO,REQUENA,42.000,63.000,0.915952,0
2016,06,LORETO,UCAYALI,86.000,183.000,0.926163,0
2016,06,MADRE DE DIOS,MANU,10.300,21.250,2.256311,0
2016,06,MADRE DE DIOS,TAHUAMANU,5.400,17.000,2.466667,0
2016,06,MADRE DE DIOS,TAMBOPATA,23.300,75.500,2.428326,0
2016,06,MOQUEGUA,GENERAL SANCHEZ CERRO,0.000,3.000,0.000000,1
2016,06,MOQUEGUA,MARISCAL NIETO,0.000,5.000,0.000000,1
2016,06,PASCO,OXAPAMPA,40.000,10.000,1.000000,0
2016,06,PIURA,AYABACA,34.000,86.000,0.838235,0
2016,06,PIURA,HUANCABAMBA,10.000,44.000,0.700000,0
2016,06,PIURA,MORROPON,1121.000,1465.000,0.670633,0
2016,06,PIURA,PAITA,5.000,4.000,0.700000,0
2016,06,PIURA,PIURA,5963.000,10570.000,0.916150,0
2016,06,PIURA,SECHURA,0.000,3.000,0.000000,1
2016,06,PIURA,SULLANA,4348.000,4108.000,0.739319,0
2016,06,PUNO,CARABAYA,3.000,1.000,0.800000,0
2016,06,PUNO,SANDIA,15.000,5.000,0.920000,0
2016,06,SAN MARTIN,BELLAVISTA,17.000,30.400,1.367647,0
2016,06,SAN MARTIN,EL DORADO,18.000,13.000,0.366667,0
2016,06,SAN MARTIN,HUALLAGA,29.000,45.500,1.386207,0
2016,06,SAN MARTIN,LAMAS,69.000,58.000,0.581159,0
2016,06,SAN MARTIN,MARISCAL CACERES,32.000,30.000,0.836094,0
2016,06,SAN MARTIN,MOYOBAMBA,43.000,92.000,0.916744,0
2016,06,SAN MARTIN,PICOTA,130.000,82.500,1.095385,0
2016,06,SAN MARTIN,RIOJA,46.000,25.000,0.454348,0
2016,06,SAN MARTIN,SAN MARTIN,123.000,87.000,0.551220,0
2016,06,SAN MARTIN,TOCACHE,16.000,22.000,0.900000,0
2016,06,TUMBES,CONTRALMIRANTE VILLAR,245.200,123.870,1.500000,0
2016,06,TUMBES,TUMBES,135.310,308.200,0.567615,0
2016,06,TUMBES,ZARUMILLA,1077.474,1414.550,2.428809,0
2016,06,UCAYALI,ATALAYA,190.140,181.000,0.527937,0
2016,06,UCAYALI,CORONEL PORTILLO,581.729,1428.140,0.471322,0
2016,06,UCAYALI,PADRE ABAD,236.040,381.990,0.542293,0
2016,06,UCAYALI,PURUS,14.200,31.000,0.720000,0
2016,07,AMAZONAS,BAGUA,15.200,22.000,1.000000,0
2016,07,AMAZONAS,CHACHAPOYAS,24.000,43.000,0.925833,0
2016,07,AMAZONAS,LUYA,19.400,30.000,1.637629,0
2016,07,AMAZONAS,UTCUBAMBA,492.000,578.000,0.552033,0
2016,07,ANCASH,CASMA,23.000,53.000,1.954348,0
2016,07,ANCASH,HUARMEY,5.000,4.000,1.860000,0
2016,07,ANCASH,HUAYLAS,9.000,12.000,1.911111,0
2016,07,ANCASH,SANTA,6.000,5.000,1.580000,0
2016,07,APURIMAC,ABANCAY,20.000,29.500,1.265000,0
2016,07,APURIMAC,ANDAHUAYLAS,0.000,17.500,0.000000,1
2016,07,APURIMAC,AYMARAES,2.200,7.000,0.700000,0
2016,07,APURIMAC,CHINCHEROS,0.000,28.500,0.000000,1
2016,07,APURIMAC,GRAU,1.000,2.000,0.900000,0
2016,07,AREQUIPA,CARAVELI,0.000,3.000,0.000000,1
2016,07,AREQUIPA,LA UNION,0.000,10.000,0.000000,1
2016,07,AYACUCHO,HUAMANGA,2.000,3.860,1.720000,0
2016,07,AYACUCHO,HUANTA,7.000,10.000,1.057143,0
2016,07,AYACUCHO,LA MAR,12.000,19.500,1.287500,0
2016,07,AYACUCHO,LUCANAS,5.000,16.000,1.410000,0
2016,07,AYACUCHO,PARINACOCHAS,1.000,2.000,1.700000,0
2016,07,AYACUCHO,PAUCAR DEL SARA SARA,3.000,9.000,1.200000,0
2016,07,AYACUCHO,SUCRE,2.000,5.000,1.000000,0
2016,07,AYACUCHO,VILCAS HUAMAN,9.000,8.500,1.169444,0
2016,07,CAJAMARCA,CAJABAMBA,3.000,16.000,1.150000,0
2016,07,CAJAMARCA,CHOTA,19.000,32.250,1.268421,0
2016,07,CAJAMARCA,CUTERVO,6.000,4.000,1.233333,0
2016,07,CAJAMARCA,JAEN,5.319,16.000,0.793397,0
2016,07,CAJAMARCA,SAN IGNACIO,6.295,10.000,1.048372,0
2016,07,CAJAMARCA,SAN MARCOS,2.700,10.000,2.000000,0
2016,07,CAJAMARCA,SAN MIGUEL,8.000,30.000,1.200000,0
2016,07,CAJAMARCA,SANTA CRUZ,1.000,4.500,1.200000,0
2016,07,CUSCO,LA CONVENCION,61.000,205.000,1.450000,0
2016,07,HUANCAVELICA,ACOBAMBA,1.900,4.000,0.568421,0
2016,07,HUANCAVELICA,ANGARAES,1.040,3.000,0.661154,0
2016,07,HUANCAVELICA,CASTROVIRREYNA,0.500,2.000,0.500000,0
2016,07,HUANCAVELICA,CHURCAMPA,4.680,7.000,0.830769,0
2016,07,HUANCAVELICA,HUAYTARA,0.000,3.000,0.000000,1
2016,07,HUANCAVELICA,TAYACAJA,9.400,16.000,0.648936,0
2016,07,HUANUCO,HUACAYBAMBA,0.000,9.000,0.000000,1
2016,07,HUANUCO,HUAMALIES,14.000,18.000,0.700000,0
2016,07,HUANUCO,HUANUCO,13.600,13.250,0.923015,0
2016,07,HUANUCO,LEONCIO PRADO,92.000,103.000,0.748185,0
2016,07,HUANUCO,MARAÑON,2.000,4.000,0.900000,0
2016,07,HUANUCO,PUERTO INCA,20.000,16.000,0.902550,0
2016,07,ICA,ICA,56.250,20.720,1.645324,0
2016,07,ICA,NASCA,160.700,12.590,0.857654,0
2016,07,ICA,PALPA,0.370,2.859,0.800000,0
2016,07,ICA,PISCO,0.000,7.400,0.000000,1
2016,07,JUNIN,CHANCHAMAYO,140.100,197.000,0.879586,0
2016,07,JUNIN,HUANCAYO,9.600,16.000,1.000000,0
2016,07,JUNIN,SATIPO,130.300,167.000,0.655334,0
2016,07,LA LIBERTAD,BOLIVAR,12.350,15.500,0.726211,0
2016,07,LA LIBERTAD,GRAN CHIMU,0.300,2.500,0.700000,0
2016,07,LA LIBERTAD,OTUZCO,4.130,2.000,0.720000,0
2016,07,LA LIBERTAD,PATAZ,4.640,11.250,0.711078,0
2016,07,LA LIBERTAD,SANCHEZ CARRION,0.770,11.500,0.720000,0
2016,07,LA LIBERTAD,VIRU,0.820,1.000,0.730000,0
2016,07,LAMBAYEQUE,CHICLAYO,0.000,8.000,0.000000,1
2016,07,LAMBAYEQUE,FERREÑAFE,0.000,14.000,0.000000,1
2016,07,LAMBAYEQUE,LAMBAYEQUE,4763.000,2029.000,0.439912,0
2016,07,LIMA,CAÑETE,0.000,3.000,0.000000,1
2016,07,LIMA,HUAURA,0.000,26.000,0.000000,1
2016,07,LORETO,ALTO AMAZONAS,240.000,479.000,0.920083,0
2016,07,LORETO,DATEM DEL MARAÑON,32.000,50.000,0.911563,0
2016,07,LORETO,LORETO,37.000,92.000,0.924054,0
2016,07,LORETO,MARISCAL RAMON CASTILLA,39.000,69.000,0.915128,0
2016,07,LORETO,MAYNAS,433.000,932.000,0.924319,0
2016,07,LORETO,PUTUMAYO,13.000,26.000,0.930000,0
2016,07,LORETO,REQUENA,34.000,63.000,0.905588,0
2016,07,LORETO,UCAYALI,86.000,183.000,0.920930,0
2016,07,MADRE DE DIOS,MANU,6.759,21.250,2.191996,0
2016,07,MADRE DE DIOS,TAHUAMANU,3.600,17.000,2.250000,0
2016,07,MADRE DE DIOS,TAMBOPATA,15.000,74.500,2.226667,0
2016,07,MOQUEGUA,GENERAL SANCHEZ CERRO,0.000,3.000,0.000000,1
2016,07,MOQUEGUA,MARISCAL NIETO,0.000,5.000,0.000000,1
2016,07,PASCO,OXAPAMPA,0.000,10.000,0.000000,1
2016,07,PIURA,AYABACA,0.000,86.000,0.000000,1
2016,07,PIURA,HUANCABAMBA,9.000,44.000,0.700000,0
2016,07,PIURA,MORROPON,1135.000,1465.000,0.752070,0
2016,07,PIURA,PAITA,5.000,4.000,1.000000,0
2016,07,PIURA,PIURA,4170.000,10570.000,0.845755,0
2016,07,PIURA,SECHURA,2.000,3.000,1.000000,0
2016,07,PIURA,SULLANA,4638.000,4108.000,1.000000,0
2016,07,PUNO,CARABAYA,4.000,1.000,0.520000,0
2016,07,PUNO,SANDIA,8.000,5.000,0.800000,0
2016,07,SAN MARTIN,BELLAVISTA,7.500,30.400,1.233333,0
2016,07,SAN MARTIN,EL DORADO,8.600,13.000,0.365116,0
2016,07,SAN MARTIN,HUALLAGA,17.000,45.500,1.488235,0
2016,07,SAN MARTIN,LAMAS,29.500,58.000,0.579661,0
2016,07,SAN MARTIN,MARISCAL CACERES,27.000,30.000,0.912222,0
2016,07,SAN MARTIN,MOYOBAMBA,30.000,92.000,0.910000,0
2016,07,SAN MARTIN,PICOTA,47.000,82.500,1.205319,0
2016,07,SAN MARTIN,RIOJA,26.000,25.000,0.600000,0
2016,07,SAN MARTIN,SAN MARTIN,32.900,87.000,0.533739,0
2016,07,SAN MARTIN,TOCACHE,10.000,22.000,0.800000,0
2016,07,TUMBES,CONTRALMIRANTE VILLAR,111.600,124.370,1.750000,0
2016,07,TUMBES,TUMBES,75.650,314.200,1.200000,0
2016,07,TUMBES,ZARUMILLA,643.396,1428.550,1.793690,0
2016,07,UCAYALI,ATALAYA,153.450,181.000,0.540987,0
2016,07,UCAYALI,CORONEL PORTILLO,454.780,1428.140,0.503233,0
2016,07,UCAYALI,PADRE ABAD,195.050,381.990,0.564607,0
2016,07,UCAYALI,PURUS,12.080,31.000,0.750000,0
2016,08,AMAZONAS,BAGUA,14.700,22.000,1.183673,0
2016,08,AMAZONAS,CHACHAPOYAS,22.000,43.000,0.859091,0
2016,08,AMAZONAS,LUYA,25.150,30.000,1.484493,0
2016,08,AMAZONAS,UTCUBAMBA,478.000,578.000,0.554184,0
2016,08,ANCASH,CASMA,23.000,53.000,2.000000,0
2016,08,ANCASH,HUARMEY,4.000,4.000,1.780000,0
2016,08,ANCASH,HUAYLAS,8.000,12.000,1.725000,0
2016,08,ANCASH,SANTA,5.000,5.000,1.620000,0
2016,08,APURIMAC,ABANCAY,5.000,29.500,0.800000,0
2016,08,APURIMAC,ANDAHUAYLAS,0.000,17.500,0.000000,1
2016,08,APURIMAC,AYMARAES,2.000,7.000,0.700000,0
2016,08,APURIMAC,CHINCHEROS,0.000,28.500,0.000000,1
2016,08,APURIMAC,GRAU,0.000,2.000,0.000000,1
2016,08,AREQUIPA,CARAVELI,0.000,3.000,0.000000,1
2016,08,AREQUIPA,LA UNION,0.000,10.000,0.000000,1
2016,08,AYACUCHO,HUAMANGA,2.670,4.330,1.670000,0
2016,08,AYACUCHO,HUANTA,7.830,10.170,1.005096,0
2016,08,AYACUCHO,LA MAR,7.000,19.500,1.371429,0
2016,08,AYACUCHO,LUCANAS,14.000,16.000,1.434286,0
2016,08,AYACUCHO,PARINACOCHAS,0.000,2.000,0.000000,1
2016,08,AYACUCHO,PAUCAR DEL SARA SARA,0.000,9.000,0.000000,1
2016,08,AYACUCHO,SUCRE,0.000,5.000,0.000000,1
2016,08,AYACUCHO,VILCAS HUAMAN,2.000,8.500,0.725000,0
2016,08,CAJAMARCA,CAJABAMBA,2.600,16.000,1.000000,0
2016,08,CAJAMARCA,CHOTA,20.000,32.250,1.375000,0
2016,08,CAJAMARCA,CUTERVO,1.000,2.000,1.600000,0
2016,08,CAJAMARCA,JAEN,15.700,16.000,0.927051,0
2016,08,CAJAMARCA,SAN IGNACIO,5.600,10.000,0.778571,0
2016,08,CAJAMARCA,SAN MARCOS,1.860,10.000,0.800000,0
2016,08,CAJAMARCA,SAN MIGUEL,2.600,30.000,0.600000,0
2016,08,CAJAMARCA,SANTA CRUZ,0.000,4.500,0.000000,1
2016,08,CUSCO,LA CONVENCION,92.000,205.000,1.408696,0
2016,08,HUANCAVELICA,ACOBAMBA,0.000,4.000,0.000000,1
2016,08,HUANCAVELICA,ANGARAES,0.000,3.000,0.000000,1
2016,08,HUANCAVELICA,CASTROVIRREYNA,0.000,2.000,0.000000,1
2016,08,HUANCAVELICA,CHURCAMPA,1.600,7.000,0.900000,0
2016,08,HUANCAVELICA,HUAYTARA,0.000,3.000,0.000000,1
2016,08,HUANCAVELICA,TAYACAJA,0.400,16.000,0.800000,0
2016,08,HUANUCO,HUACAYBAMBA,0.000,9.000,0.000000,1
2016,08,HUANUCO,HUAMALIES,12.000,18.000,0.750000,0
2016,08,HUANUCO,HUANUCO,10.400,13.250,1.100385,0
2016,08,HUANUCO,LEONCIO PRADO,47.000,103.000,0.815468,0
2016,08,HUANUCO,MARAÑON,1.000,6.000,0.980000,0
2016,08,HUANUCO,PUERTO INCA,18.000,16.000,0.914167,0
2016,08,ICA,ICA,33.800,20.720,1.295266,0
2016,08,ICA,NASCA,63.000,12.590,1.500000,0
2016,08,ICA,PALPA,5.340,2.859,1.200000,0
2016,08,ICA,PISCO,150.000,14.400,1.200000,0
2016,08,JUNIN,CHANCHAMAYO,78.600,197.000,0.864504,0
2016,08,JUNIN,HUANCAYO,6.400,16.000,0.900000,0
2016,08,JUNIN,SATIPO,62.600,167.000,0.742572,0
2016,08,LA LIBERTAD,BOLIVAR,12.218,15.500,0.736589,0
2016,08,LA LIBERTAD,CHEPEN,0.000,7.500,0.000000,1
2016,08,LA LIBERTAD,GRAN CHIMU,0.000,2.500,0.000000,1
2016,08,LA LIBERTAD,OTUZCO,1.179,2.000,0.730000,0
2016,08,LA LIBERTAD,PATAZ,4.660,11.250,0.726652,0
2016,08,LA LIBERTAD,SANCHEZ CARRION,0.890,11.500,0.730000,0
2016,08,LA LIBERTAD,VIRU,0.500,1.000,0.720000,0
2016,08,LAMBAYEQUE,CHICLAYO,0.000,8.000,0.000000,1
2016,08,LAMBAYEQUE,FERREÑAFE,0.000,14.000,0.000000,1
2016,08,LAMBAYEQUE,LAMBAYEQUE,5506.000,2029.000,0.569942,0
2016,08,LIMA,CAÑETE,0.000,3.000,0.000000,1
2016,08,LIMA,HUAURA,0.000,26.000,0.000000,1
2016,08,LORETO,ALTO AMAZONAS,234.000,479.000,0.928077,0
2016,08,LORETO,DATEM DEL MARAÑON,25.000,50.000,0.924400,0
2016,08,LORETO,LORETO,38.000,92.000,0.929211,0
2016,08,LORETO,MARISCAL RAMON CASTILLA,36.000,69.000,0.923333,0
2016,08,LORETO,MAYNAS,413.000,932.000,0.924770,0
2016,08,LORETO,PUTUMAYO,11.000,26.000,0.930000,0
2016,08,LORETO,REQUENA,32.000,63.000,0.915625,0
2016,08,LORETO,UCAYALI,82.000,183.000,0.930000,0
2016,08,MADRE DE DIOS,MANU,8.500,21.000,2.294118,0
2016,08,MADRE DE DIOS,TAHUAMANU,6.900,20.000,2.376812,0
2016,08,MADRE DE DIOS,TAMBOPATA,20.500,74.500,2.401951,0
2016,08,MOQUEGUA,GENERAL SANCHEZ CERRO,0.000,3.000,0.000000,1
2016,08,MOQUEGUA,MARISCAL NIETO,0.000,5.000,0.000000,1
2016,08,PASCO,OXAPAMPA,0.000,10.000,0.000000,1
2016,08,PIURA,AYABACA,39.000,86.000,0.500000,0
2016,08,PIURA,HUANCABAMBA,5.000,44.000,0.700000,0
2016,08,PIURA,MORROPON,929.000,1465.000,0.995048,0
2016,08,PIURA,PAITA,5.000,4.000,2.000000,0
2016,08,PIURA,PIURA,6002.000,10570.000,0.691370,0
2016,08,PIURA,SECHURA,2.000,3.000,1.200000,0
2016,08,PIURA,SULLANA,4638.000,4108.000,2.000000,0
2016,08,PUNO,CARABAYA,0.000,1.000,0.000000,1
2016,08,PUNO,SANDIA,0.000,5.000,0.000000,1
2016,08,SAN MARTIN,BELLAVISTA,3.000,30.400,1.500000,0
2016,08,SAN MARTIN,EL DORADO,6.000,13.000,0.366667,0
2016,08,SAN MARTIN,HUALLAGA,8.000,45.500,1.525000,0
2016,08,SAN MARTIN,LAMAS,28.700,58.000,0.634146,0
2016,08,SAN MARTIN,MARISCAL CACERES,22.500,30.000,1.164444,0
2016,08,SAN MARTIN,MOYOBAMBA,19.000,92.000,0.905263,0
2016,08,SAN MARTIN,PICOTA,6.800,82.500,1.595588,0
2016,08,SAN MARTIN,RIOJA,7.000,25.000,0.614286,0
2016,08,SAN MARTIN,SAN MARTIN,18.800,87.000,0.550532,0
2016,08,SAN MARTIN,TOCACHE,8.000,22.000,0.900000,0
2016,08,TUMBES,CONTRALMIRANTE VILLAR,92.100,126.370,1.750000,0
2016,08,TUMBES,TUMBES,57.043,319.200,1.990498,0
2016,08,TUMBES,ZARUMILLA,583.245,1439.550,2.217730,0
2016,08,UCAYALI,ATALAYA,106.729,181.000,0.558788,0
2016,08,UCAYALI,CORONEL PORTILLO,298.940,1428.140,0.537135,0
2016,08,UCAYALI,PADRE ABAD,111.420,381.990,0.587887,0
2016,08,UCAYALI,PURUS,7.600,31.000,0.760000,0
2016,09,AMAZONAS,BAGUA,14.300,22.000,1.123077,0
2016,09,AMAZONAS,CHACHAPOYAS,22.000,43.000,0.809091,0
2016,09,AMAZONAS,LUYA,23.200,30.000,1.579741,0
2016,09,AMAZONAS,UTCUBAMBA,440.000,578.000,1.336364,0
2016,09,ANCASH,CASMA,20.000,53.000,2.000000,0
2016,09,ANCASH,HUARMEY,5.000,4.000,1.670000,0
2016,09,ANCASH,HUAYLAS,9.000,12.000,1.716667,0
2016,09,ANCASH,SANTA,6.000,5.000,1.800000,0
2016,09,APURIMAC,ABANCAY,8.000,29.500,0.987500,0
2016,09,APURIMAC,ANDAHUAYLAS,0.000,14.500,0.000000,1
2016,09,APURIMAC,AYMARAES,1.500,7.000,0.700000,0
2016,09,APURIMAC,CHINCHEROS,0.000,28.500,0.000000,1
2016,09,APURIMAC,GRAU,1.000,2.000,0.900000,0
2016,09,AREQUIPA,CARAVELI,0.000,3.000,0.000000,1
2016,09,AREQUIPA,LA UNION,0.000,10.000,0.000000,1
2016,09,AYACUCHO,HUAMANGA,2.170,4.330,1.710000,0
2016,09,AYACUCHO,HUANTA,3.500,10.000,1.000000,0
2016,09,AYACUCHO,LA MAR,18.000,19.500,1.261111,0
2016,09,AYACUCHO,LUCANAS,3.000,16.000,1.600000,0
2016,09,AYACUCHO,PARINACOCHAS,0.000,2.000,0.000000,1
2016,09,AYACUCHO,PAUCAR DEL SARA SARA,0.000,9.000,0.000000,1
2016,09,AYACUCHO,SUCRE,0.000,5.000,0.000000,1
2016,09,AYACUCHO,VILCAS HUAMAN,2.000,8.500,1.150000,0
2016,09,CAJAMARCA,CAJABAMBA,1.800,16.000,1.066667,0
2016,09,CAJAMARCA,CHOTA,11.000,32.250,1.581818,0
2016,09,CAJAMARCA,CUTERVO,0.000,1.000,0.000000,1
2016,09,CAJAMARCA,JAEN,3.210,16.000,1.040343,0
2016,09,CAJAMARCA,SAN IGNACIO,1.850,10.000,0.800000,0
2016,09,CAJAMARCA,SAN MARCOS,4.450,10.000,1.850562,0
2016,09,CAJAMARCA,SAN MIGUEL,5.000,30.000,0.300000,0
2016,09,CAJAMARCA,SANTA CRUZ,0.000,4.500,0.000000,1
2016,09,CUSCO,LA CONVENCION,91.000,205.000,1.298901,0
2016,09,HUANCAVELICA,ACOBAMBA,0.000,4.000,0.000000,1
2016,09,HUANCAVELICA,ANGARAES,0.000,3.000,0.000000,1
2016,09,HUANCAVELICA,CASTROVIRREYNA,0.000,2.000,0.000000,1
2016,09,HUANCAVELICA,CHURCAMPA,0.000,7.000,0.000000,1
2016,09,HUANCAVELICA,HUAYTARA,0.000,3.000,0.000000,1
2016,09,HUANCAVELICA,TAYACAJA,0.000,16.000,0.000000,1
2016,09,HUANUCO,HUACAYBAMBA,0.000,9.000,0.000000,1
2016,09,HUANUCO,HUAMALIES,9.000,18.000,0.850000,0
2016,09,HUANUCO,HUANUCO,8.200,13.250,1.288659,0
2016,09,HUANUCO,LEONCIO PRADO,29.000,103.000,0.895034,0
2016,09,HUANUCO,MARAÑON,0.000,7.000,0.000000,1
2016,09,HUANUCO,PUERTO INCA,9.000,16.000,0.914667,0
2016,09,ICA,ICA,0.200,20.720,1.200000,0
2016,09,ICA,NASCA,0.000,12.590,0.000000,1
2016,09,ICA,PALPA,1.179,2.859,1.000000,0
2016,09,ICA,PISCO,50.000,14.400,1.000000,0
2016,09,JUNIN,CHANCHAMAYO,96.000,197.000,0.899896,0
2016,09,JUNIN,HUANCAYO,3.500,19.000,1.200000,0
2016,09,JUNIN,SATIPO,39.600,167.000,0.813005,0
2016,09,LA LIBERTAD,BOLIVAR,9.640,15.500,0.740000,0
2016,09,LA LIBERTAD,CHEPEN,0.000,15.000,0.000000,1
2016,09,LA LIBERTAD,GRAN CHIMU,0.000,2.500,0.000000,1
2016,09,LA LIBERTAD,OTUZCO,0.000,2.000,0.000000,1
2016,09,LA LIBERTAD,PATAZ,0.680,11.250,0.730000,0
2016,09,LA LIBERTAD,SANCHEZ CARRION,0.810,11.500,0.740000,0
2016,09,LA LIBERTAD,VIRU,0.600,7.000,0.730000,0
2016,09,LAMBAYEQUE,CHICLAYO,0.000,8.000,0.000000,1
2016,09,LAMBAYEQUE,FERREÑAFE,0.000,14.000,0.000000,1
2016,09,LAMBAYEQUE,LAMBAYEQUE,5113.000,2029.000,0.607829,0
2016,09,LIMA,CAÑETE,0.000,3.000,0.000000,1
2016,09,LIMA,HUAURA,0.000,26.000,0.000000,1
2016,09,LORETO,ALTO AMAZONAS,242.000,479.000,0.919669,0
2016,09,LORETO,DATEM DEL MARAÑON,21.000,50.000,0.927143,0
2016,09,LORETO,LORETO,35.000,92.000,0.932571,0
2016,09,LORETO,MARISCAL RAMON CASTILLA,28.000,69.000,0.928571,0
2016,09,LORETO,MAYNAS,408.000,932.000,0.924240,0
2016,09,LORETO,PUTUMAYO,13.000,26.000,0.933077,0
2016,09,LORETO,REQUENA,22.000,63.000,0.925455,0
2016,09,LORETO,UCAYALI,78.000,183.000,0.958333,0
2016,09,MADRE DE DIOS,MANU,11.000,21.000,1.663636,0
2016,09,MADRE DE DIOS,TAHUAMANU,6.900,20.000,2.271014,0
2016,09,MADRE DE DIOS,TAMBOPATA,21.100,75.500,2.435545,0
2016,09,MOQUEGUA,GENERAL SANCHEZ CERRO,0.000,3.000,0.000000,1
2016,09,MOQUEGUA,MARISCAL NIETO,0.000,5.000,0.000000,1
2016,09,PASCO,OXAPAMPA,0.000,10.000,0.000000,1
2016,09,PIURA,AYABACA,40.000,86.000,0.515000,0
2016,09,PIURA,HUANCABAMBA,9.000,44.000,0.744444,0
2016,09,PIURA,MORROPON,866.000,1465.000,1.078822,0
2016,09,PIURA,PAITA,5.000,4.000,2.000000,0
2016,09,PIURA,PIURA,4536.000,10570.000,1.041270,0
2016,09,PIURA,SECHURA,2.000,3.000,1.200000,0
2016,09,PIURA,SULLANA,3705.000,4108.000,2.000000,0
2016,09,PUNO,CARABAYA,0.000,1.000,0.000000,1
2016,09,PUNO,SANDIA,0.000,5.000,0.000000,1
2016,09,SAN MARTIN,BELLAVISTA,1.250,30.400,1.904000,0
2016,09,SAN MARTIN,EL DORADO,5.500,13.000,0.390909,0
2016,09,SAN MARTIN,HUALLAGA,9.000,45.500,1.461111,0
2016,09,SAN MARTIN,LAMAS,17.300,58.000,0.745665,0
2016,09,SAN MARTIN,MARISCAL CACERES,24.500,30.000,0.956939,0
2016,09,SAN MARTIN,MOYOBAMBA,16.000,92.000,1.056250,0
2016,09,SAN MARTIN,PICOTA,4.100,82.500,1.817073,0
2016,09,SAN MARTIN,RIOJA,5.000,25.000,0.620000,0
2016,09,SAN MARTIN,SAN MARTIN,15.800,87.000,0.534810,0
2016,09,SAN MARTIN,TOCACHE,18.000,22.000,0.900000,0
2016,09,TUMBES,CONTRALMIRANTE VILLAR,97.525,126.370,1.750000,0
2016,09,TUMBES,TUMBES,205.406,325.700,1.890799,0
2016,09,TUMBES,ZARUMILLA,976.807,1456.550,2.119572,0
2016,09,UCAYALI,ATALAYA,73.500,181.000,0.584408,0
2016,09,UCAYALI,CORONEL PORTILLO,249.150,1428.140,0.549797,0
2016,09,UCAYALI,PADRE ABAD,72.220,381.990,0.581745,0
2016,09,UCAYALI,PURUS,6.340,31.000,0.760000,0
2016,10,AMAZONAS,BAGUA,13.800,22.000,1.250725,0
2016,10,AMAZONAS,CHACHAPOYAS,21.200,43.000,0.894057,0
2016,10,AMAZONAS,LUYA,18.000,30.000,1.700000,0
2016,10,AMAZONAS,UTCUBAMBA,476.000,578.000,1.346429,0
2016,10,ANCASH,CASMA,17.000,53.000,2.023529,0
2016,10,ANCASH,HUARMEY,4.000,4.000,1.680000,0
2016,10,ANCASH,HUAYLAS,7.000,12.000,1.714286,0
2016,10,ANCASH,SANTA,6.000,5.000,1.850000,0
2016,10,APURIMAC,ABANCAY,19.000,29.500,1.200000,0
2016,10,APURIMAC,ANDAHUAYLAS,0.000,14.500,0.000000,1
2016,10,APURIMAC,AYMARAES,0.900,7.000,0.700000,0
2016,10,APURIMAC,CHINCHEROS,0.000,28.500,0.000000,1
2016,10,APURIMAC,GRAU,0.000,2.000,0.000000,1
2016,10,AREQUIPA,CARAVELI,0.000,3.000,0.000000,1
2016,10,AREQUIPA,LA UNION,0.000,10.000,0.000000,1
2016,10,AYACUCHO,HUAMANGA,2.330,4.330,1.690000,0
2016,10,AYACUCHO,HUANTA,0.000,10.000,0.000000,1
2016,10,AYACUCHO,LA MAR,4.000,19.500,2.500000,0
2016,10,AYACUCHO,LUCANAS,0.000,16.000,0.000000,1
2016,10,AYACUCHO,PARINACOCHAS,0.000,2.000,0.000000,1
2016,10,AYACUCHO,PAUCAR DEL SARA SARA,0.000,9.000,0.000000,1
2016,10,AYACUCHO,SUCRE,0.000,5.000,0.000000,1
2016,10,AYACUCHO,VILCAS HUAMAN,0.000,8.500,0.000000,1
2016,10,CAJAMARCA,CAJABAMBA,2.700,16.000,1.100000,0
2016,10,CAJAMARCA,CHOTA,4.000,32.250,1.400000,0
2016,10,CAJAMARCA,CUTERVO,0.000,1.000,0.000000,1
2016,10,CAJAMARCA,JAEN,6.549,16.000,1.036952,0
2016,10,CAJAMARCA,SAN IGNACIO,2.120,10.000,0.600000,0
2016,10,CAJAMARCA,SAN MARCOS,4.420,10.000,1.848869,0
2016,10,CAJAMARCA,SAN MIGUEL,7.000,30.000,0.800000,0
2016,10,CAJAMARCA,SANTA CRUZ,0.000,4.500,0.000000,1
2016,10,CUSCO,LA CONVENCION,103.000,205.000,1.433981,0
2016,10,HUANCAVELICA,ACOBAMBA,0.000,4.000,0.000000,1
2016,10,HUANCAVELICA,ANGARAES,0.000,3.000,0.000000,1
2016,10,HUANCAVELICA,CASTROVIRREYNA,0.000,2.000,0.000000,1
2016,10,HUANCAVELICA,CHURCAMPA,0.000,7.000,0.000000,1
2016,10,HUANCAVELICA,HUAYTARA,0.000,3.000,0.000000,1
2016,10,HUANCAVELICA,TAYACAJA,0.000,16.000,0.000000,1
2016,10,HUANUCO,HUACAYBAMBA,0.000,9.000,0.000000,1
2016,10,HUANUCO,HUAMALIES,7.000,18.000,0.800000,0
2016,10,HUANUCO,HUANUCO,4.300,13.250,1.046512,0
2016,10,HUANUCO,LEONCIO PRADO,22.000,103.000,0.934000,0
2016,10,HUANUCO,MARAÑON,0.000,7.000,0.000000,1
2016,10,HUANUCO,PUERTO INCA,0.000,16.000,0.000000,1
2016,10,ICA,ICA,0.000,20.720,0.000000,1
2016,10,ICA,NASCA,0.000,12.590,0.000000,1
2016,10,ICA,PALPA,0.000,2.859,0.000000,1
2016,10,ICA,PISCO,0.000,14.400,0.000000,1
2016,10,JUNIN,CHANCHAMAYO,100.250,197.000,0.824988,0
2016,10,JUNIN,HUANCAYO,2.500,19.000,1.100000,0
2016,10,JUNIN,SATIPO,46.900,167.000,0.822388,0
2016,10,LA LIBERTAD,BOLIVAR,7.130,15.500,0.742132,0
2016,10,LA LIBERTAD,CHEPEN,0.000,15.000,0.000000,1
2016,10,LA LIBERTAD,GRAN CHIMU,0.000,2.500,0.000000,1
2016,10,LA LIBERTAD,OTUZCO,0.000,2.000,0.000000,1
2016,10,LA LIBERTAD,PATAZ,0.000,11.250,0.000000,1
2016,10,LA LIBERTAD,SANCHEZ CARRION,1.050,11.500,0.740000,0
2016,10,LA LIBERTAD,VIRU,0.480,7.000,0.740000,0
2016,10,LAMBAYEQUE,CHICLAYO,0.000,8.000,0.000000,1
2016,10,LAMBAYEQUE,FERREÑAFE,0.000,14.000,0.000000,1
2016,10,LAMBAYEQUE,LAMBAYEQUE,5203.000,2074.000,0.609177,0
2016,10,LIMA,CAÑETE,0.000,3.000,0.000000,1
2016,10,LIMA,HUAURA,0.000,26.000,0.000000,1
2016,10,LORETO,ALTO AMAZONAS,2.000,479.000,0.930000,0
2016,10,LORETO,DATEM DEL MARAÑON,0.000,50.000,0.000000,1
2016,10,LORETO,LORETO,34.000,92.000,0.944706,0
2016,10,LORETO,MARISCAL RAMON CASTILLA,0.000,69.000,0.000000,1
2016,10,LORETO,MAYNAS,360.000,932.000,0.952028,0
2016,10,LORETO,PUTUMAYO,5.000,26.000,0.950000,0
2016,10,LORETO,REQUENA,16.000,63.000,0.937500,0
2016,10,LORETO,UCAYALI,65.000,183.000,0.951538,0
2016,10,MADRE DE DIOS,MANU,9.800,21.000,2.000000,0
2016,10,MADRE DE DIOS,TAHUAMANU,6.300,20.000,2.000000,0
2016,10,MADRE DE DIOS,TAMBOPATA,20.480,75.500,2.107910,0
2016,10,MOQUEGUA,GENERAL SANCHEZ CERRO,0.000,3.000,0.000000,1
2016,10,MOQUEGUA,MARISCAL NIETO,0.000,5.000,0.000000,1
2016,10,PASCO,OXAPAMPA,0.000,10.000,0.000000,1
2016,10,PIURA,AYABACA,35.000,86.000,0.500000,0
2016,10,PIURA,HUANCABAMBA,2.000,44.000,0.700000,0
2016,10,PIURA,MORROPON,874.000,1465.000,0.929291,0
2016,10,PIURA,PAITA,5.000,4.000,0.800000,0
2016,10,PIURA,PIURA,5918.000,10570.000,0.630010,0
2016,10,PIURA,SECHURA,2.000,3.000,0.800000,0
2016,10,PIURA,SULLANA,4614.000,4108.000,0.800000,0
2016,10,PUNO,CARABAYA,0.000,1.000,0.000000,1
2016,10,PUNO,SANDIA,0.000,5.000,0.000000,1
2016,10,SAN MARTIN,BELLAVISTA,1.750,30.400,1.857143,0
2016,10,SAN MARTIN,EL DORADO,4.500,13.000,0.377778,0
2016,10,SAN MARTIN,HUALLAGA,39.000,45.500,1.169231,0
2016,10,SAN MARTIN,LAMAS,18.600,58.000,0.724731,0
2016,10,SAN MARTIN,MARISCAL CACERES,17.500,30.000,0.991429,0
2016,10,SAN MARTIN,MOYOBAMBA,8.300,92.000,0.984337,0
2016,10,SAN MARTIN,PICOTA,8.000,82.500,1.443750,0
2016,10,SAN MARTIN,RIOJA,3.000,25.000,0.600000,0
2016,10,SAN MARTIN,SAN MARTIN,13.500,87.000,0.541481,0
2016,10,SAN MARTIN,TOCACHE,17.000,22.000,0.882353,0
2016,10,TUMBES,CONTRALMIRANTE VILLAR,123.100,126.370,1.002132,0
2016,10,TUMBES,TUMBES,273.892,331.700,1.499952,0
2016,10,TUMBES,ZARUMILLA,1466.618,1469.550,1.434494,0
2016,10,UCAYALI,ATALAYA,90.430,181.000,0.582933,0
2016,10,UCAYALI,CORONEL PORTILLO,266.720,1428.140,0.558213,0
2016,10,UCAYALI,PADRE ABAD,87.350,381.990,0.589450,0
2016,10,UCAYALI,PURUS,10.700,31.000,0.800000,0
2016,11,AMAZONAS,BAGUA,10.900,22.000,1.356881,0
2016,11,AMAZONAS,CHACHAPOYAS,23.000,43.000,1.067391,0
2016,11,AMAZONAS,LUYA,21.700,30.000,1.831797,0
2016,11,AMAZONAS,UTCUBAMBA,430.000,578.000,1.366395,0
2016,11,ANCASH,CASMA,20.000,53.000,2.000000,0
2016,11,ANCASH,HUARMEY,4.000,4.000,1.800000,0
2016,11,ANCASH,HUAYLAS,6.000,12.000,1.730000,0
2016,11,ANCASH,SANTA,5.000,5.000,1.850000,0
2016,11,APURIMAC,ABANCAY,12.000,29.500,0.966667,0
2016,11,APURIMAC,ANDAHUAYLAS,0.000,14.500,0.000000,1
2016,11,APURIMAC,AYMARAES,0.900,9.000,0.700000,0
2016,11,APURIMAC,CHINCHEROS,0.000,29.500,0.000000,1
2016,11,APURIMAC,GRAU,0.000,2.000,0.000000,1
2016,11,AREQUIPA,CARAVELI,0.000,3.000,0.000000,1
2016,11,AREQUIPA,LA UNION,0.000,10.000,0.000000,1
2016,11,AYACUCHO,HUAMANGA,2.000,3.860,1.730000,0
2016,11,AYACUCHO,HUANTA,0.000,10.000,0.000000,1
2016,11,AYACUCHO,LA MAR,7.000,19.500,1.385714,0
2016,11,AYACUCHO,LUCANAS,0.000,16.000,0.000000,1
2016,11,AYACUCHO,PARINACOCHAS,0.000,2.000,0.000000,1
2016,11,AYACUCHO,PAUCAR DEL SARA SARA,0.000,9.000,0.000000,1
2016,11,AYACUCHO,SUCRE,0.000,5.000,0.000000,1
2016,11,AYACUCHO,VILCAS HUAMAN,6.000,8.500,1.850000,0
2016,11,CAJAMARCA,CAJABAMBA,2.100,16.000,1.100000,0
2016,11,CAJAMARCA,CHOTA,3.000,32.250,1.200000,0
2016,11,CAJAMARCA,CUTERVO,0.000,1.000,0.000000,1
2016,11,CAJAMARCA,JAEN,45.268,16.000,0.994637,0
2016,11,CAJAMARCA,SAN IGNACIO,0.000,10.000,0.000000,1
2016,11,CAJAMARCA,SAN MARCOS,4.250,10.000,1.943529,0
2016,11,CAJAMARCA,SAN MIGUEL,0.000,30.000,0.000000,1
2016,11,CAJAMARCA,SANTA CRUZ,0.000,4.500,0.000000,1
2016,11,CUSCO,LA CONVENCION,98.000,206.000,1.185204,0
2016,11,HUANCAVELICA,ACOBAMBA,0.000,4.000,0.000000,1
2016,11,HUANCAVELICA,ANGARAES,0.000,3.000,0.000000,1
2016,11,HUANCAVELICA,CASTROVIRREYNA,0.000,2.000,0.000000,1
2016,11,HUANCAVELICA,CHURCAMPA,0.000,7.000,0.000000,1
2016,11,HUANCAVELICA,HUAYTARA,0.000,3.000,0.000000,1
2016,11,HUANCAVELICA,TAYACAJA,0.000,16.000,0.000000,1
2016,11,HUANUCO,HUACAYBAMBA,0.000,9.000,0.000000,1
2016,11,HUANUCO,HUAMALIES,6.400,18.000,0.850000,0
2016,11,HUANUCO,HUANUCO,2.000,13.250,1.000000,0
2016,11,HUANUCO,LEONCIO PRADO,16.600,103.000,0.970000,0
2016,11,HUANUCO,MARAÑON,0.000,7.000,0.000000,1
2016,11,HUANUCO,PUERTO INCA,0.000,16.000,0.000000,1
2016,11,ICA,ICA,0.000,20.720,0.000000,1
2016,11,ICA,NASCA,0.000,12.590,0.000000,1
2016,11,ICA,PALPA,0.000,2.859,0.000000,1
2016,11,ICA,PISCO,0.000,14.400,0.000000,1
2016,11,JUNIN,CHANCHAMAYO,93.500,197.000,0.761765,0
2016,11,JUNIN,HUANCAYO,3.000,19.000,1.200000,0
2016,11,JUNIN,SATIPO,51.600,167.000,0.780523,0
2016,11,LA LIBERTAD,BOLIVAR,5.850,15.500,0.750000,0
2016,11,LA LIBERTAD,CHEPEN,0.000,15.000,0.000000,1
2016,11,LA LIBERTAD,GRAN CHIMU,0.000,2.500,0.000000,1
2016,11,LA LIBERTAD,OTUZCO,0.000,2.000,0.000000,1
2016,11,LA LIBERTAD,PATAZ,0.000,11.250,0.000000,1
2016,11,LA LIBERTAD,SANCHEZ CARRION,1.050,11.500,0.720000,0
2016,11,LA LIBERTAD,VIRU,0.510,7.000,0.720000,0
2016,11,LAMBAYEQUE,CHICLAYO,0.000,8.000,0.000000,1
2016,11,LAMBAYEQUE,FERREÑAFE,0.000,14.000,0.000000,1
2016,11,LAMBAYEQUE,LAMBAYEQUE,4347.000,2074.000,0.500000,0
2016,11,LIMA,CAÑETE,0.000,3.000,0.000000,1
2016,11,LIMA,HUAURA,0.000,26.000,0.000000,1
2016,11,LORETO,ALTO AMAZONAS,58.000,479.000,0.930000,0
2016,11,LORETO,DATEM DEL MARAÑON,13.000,50.000,0.917692,0
2016,11,LORETO,LORETO,25.000,92.000,0.946000,0
2016,11,LORETO,MARISCAL RAMON CASTILLA,14.000,69.000,0.908571,0
2016,11,LORETO,MAYNAS,376.000,932.000,0.962952,0
2016,11,LORETO,PUTUMAYO,4.000,26.000,0.950000,0
2016,11,LORETO,REQUENA,18.000,63.000,0.943333,0
2016,11,LORETO,UCAYALI,42.000,183.000,0.958571,0
2016,11,MADRE DE DIOS,MANU,3.200,22.500,1.750000,0
2016,11,MADRE DE DIOS,TAHUAMANU,5.200,22.000,2.000000,0
2016,11,MADRE DE DIOS,TAMBOPATA,31.500,83.500,1.823810,0
2016,11,MOQUEGUA,GENERAL SANCHEZ CERRO,0.000,3.000,0.000000,1
2016,11,MOQUEGUA,MARISCAL NIETO,0.000,5.000,0.000000,1
2016,11,PASCO,OXAPAMPA,10.000,10.000,1.000000,0
2016,11,PIURA,AYABACA,36.000,86.000,0.416667,0
2016,11,PIURA,HUANCABAMBA,0.000,44.000,0.000000,1
2016,11,PIURA,MORROPON,914.000,1465.000,0.640044,0
2016,11,PIURA,PAITA,5.000,4.000,0.500000,0
2016,11,PIURA,PIURA,6398.000,10570.000,0.655392,0
2016,11,PIURA,SECHURA,1.000,3.000,1.200000,0
2016,11,PIURA,SULLANA,5233.000,4108.000,0.500057,0
2016,11,PUNO,CARABAYA,0.000,1.000,0.000000,1
2016,11,PUNO,SANDIA,0.000,5.000,0.000000,1
2016,11,SAN MARTIN,BELLAVISTA,4.700,31.400,1.829787,0
2016,11,SAN MARTIN,EL DORADO,7.000,13.000,0.378571,0
2016,11,SAN MARTIN,HUALLAGA,57.000,45.500,1.092982,0
2016,11,SAN MARTIN,LAMAS,18.800,58.000,0.771277,0
2016,11,SAN MARTIN,MARISCAL CACERES,14.500,30.000,0.960345,0
2016,11,SAN MARTIN,MOYOBAMBA,5.600,93.000,1.005357,0
2016,11,SAN MARTIN,PICOTA,14.000,82.500,1.371429,0
2016,11,SAN MARTIN,RIOJA,3.500,25.000,0.585714,0
2016,11,SAN MARTIN,SAN MARTIN,11.800,87.000,0.533051,0
2016,11,SAN MARTIN,TOCACHE,21.000,22.000,0.919048,0
2016,11,TUMBES,CONTRALMIRANTE VILLAR,140.400,126.370,0.750000,0
2016,11,TUMBES,TUMBES,409.068,339.700,1.119650,0
2016,11,TUMBES,ZARUMILLA,2019.689,1487.550,1.253144,0
2016,11,UCAYALI,ATALAYA,92.590,181.000,0.585191,0
2016,11,UCAYALI,CORONEL PORTILLO,274.570,1429.140,0.557188,0
2016,11,UCAYALI,PADRE ABAD,93.270,381.990,0.596475,0
2016,11,UCAYALI,PURUS,6.200,32.000,0.800000,0
2016,12,AMAZONAS,BAGUA,10.400,22.000,1.378846,0
2016,12,AMAZONAS,CHACHAPOYAS,24.000,43.000,1.079167,0
2016,12,AMAZONAS,LUYA,68.050,30.000,1.987142,0
2016,12,AMAZONAS,UTCUBAMBA,303.000,578.000,1.418812,0
2016,12,ANCASH,CASMA,28.000,53.000,2.000000,0
2016,12,ANCASH,HUARMEY,5.000,4.000,1.680000,0
2016,12,ANCASH,HUAYLAS,8.000,12.000,1.800000,0
2016,12,ANCASH,SANTA,4.000,5.000,1.950000,0
2016,12,APURIMAC,ABANCAY,0.000,29.500,0.000000,1
2016,12,APURIMAC,ANDAHUAYLAS,0.000,14.500,0.000000,1
2016,12,APURIMAC,AYMARAES,0.900,9.000,0.700000,0
2016,12,APURIMAC,CHINCHEROS,0.000,30.500,0.000000,1
2016,12,APURIMAC,GRAU,0.000,2.000,0.000000,1
2016,12,AREQUIPA,CARAVELI,0.000,3.000,0.000000,1
2016,12,AREQUIPA,LA UNION,0.000,10.000,0.000000,1
2016,12,AYACUCHO,HUAMANGA,2.170,4.330,2.030000,0
2016,12,AYACUCHO,HUANTA,0.000,10.000,0.000000,1
2016,12,AYACUCHO,LA MAR,10.000,19.500,1.450000,0
2016,12,AYACUCHO,LUCANAS,0.000,16.000,0.000000,1
2016,12,AYACUCHO,PARINACOCHAS,0.000,2.000,0.000000,1
2016,12,AYACUCHO,PAUCAR DEL SARA SARA,0.000,9.000,0.000000,1
2016,12,AYACUCHO,SUCRE,0.000,5.000,0.000000,1
2016,12,AYACUCHO,VILCAS HUAMAN,6.000,8.500,2.000000,0
2016,12,CAJAMARCA,CAJABAMBA,2.600,16.000,1.080769,0
2016,12,CAJAMARCA,CHOTA,1.000,32.250,1.300000,0
2016,12,CAJAMARCA,CUTERVO,0.000,0.000,0.000000,1
2016,12,CAJAMARCA,JAEN,15.319,16.000,0.917051,0
2016,12,CAJAMARCA,SAN IGNACIO,0.000,10.000,0.000000,1
2016,12,CAJAMARCA,SAN MARCOS,3.700,10.000,1.150000,0
2016,12,CAJAMARCA,SAN MIGUEL,0.000,30.000,0.000000,1
2016,12,CAJAMARCA,SANTA CRUZ,0.000,4.500,0.000000,1
2016,12,CUSCO,LA CONVENCION,122.000,288.000,1.387213,0
2016,12,HUANCAVELICA,ACOBAMBA,0.000,4.000,0.000000,1
2016,12,HUANCAVELICA,ANGARAES,4.100,3.000,0.595122,0
2016,12,HUANCAVELICA,CASTROVIRREYNA,0.000,2.000,0.000000,1
2016,12,HUANCAVELICA,CHURCAMPA,0.000,7.000,0.000000,1
2016,12,HUANCAVELICA,HUAYTARA,0.000,3.000,0.000000,1
2016,12,HUANCAVELICA,TAYACAJA,2.000,16.000,0.600000,0
2016,12,HUANUCO,HUACAYBAMBA,0.000,9.000,0.000000,1
2016,12,HUANUCO,HUAMALIES,0.000,18.000,0.000000,1
2016,12,HUANUCO,HUANUCO,0.500,13.250,1.000000,0
2016,12,HUANUCO,LEONCIO PRADO,15.000,103.000,1.000000,0
2016,12,HUANUCO,MARAÑON,0.000,7.000,0.000000,1
2016,12,HUANUCO,PUERTO INCA,0.000,16.000,0.000000,1
2016,12,ICA,ICA,0.000,20.720,0.000000,1
2016,12,ICA,NASCA,0.000,12.590,0.000000,1
2016,12,ICA,PALPA,0.000,2.859,0.000000,1
2016,12,ICA,PISCO,0.000,14.400,0.000000,1
2016,12,JUNIN,CHANCHAMAYO,87.200,197.000,0.829300,0
2016,12,JUNIN,HUANCAYO,10.500,18.000,1.200000,0
2016,12,JUNIN,SATIPO,91.400,169.000,0.688840,0
2016,12,LA LIBERTAD,BOLIVAR,4.700,15.500,0.769787,0
2016,12,LA LIBERTAD,CHEPEN,0.000,15.000,0.000000,1
2016,12,LA LIBERTAD,GRAN CHIMU,0.000,2.500,0.000000,1
2016,12,LA LIBERTAD,OTUZCO,0.000,2.000,0.000000,1
2016,12,LA LIBERTAD,PATAZ,0.000,11.250,0.000000,1
2016,12,LA LIBERTAD,SANCHEZ CARRION,0.000,11.500,0.000000,1
2016,12,LA LIBERTAD,VIRU,0.589,7.000,0.700000,0
2016,12,LAMBAYEQUE,CHICLAYO,0.000,8.000,0.000000,1
2016,12,LAMBAYEQUE,FERREÑAFE,0.000,14.000,0.000000,1
2016,12,LAMBAYEQUE,LAMBAYEQUE,3792.000,2073.000,0.500000,0
2016,12,LIMA,CAÑETE,0.000,3.000,0.000000,1
2016,12,LIMA,HUAURA,0.000,25.000,0.000000,1
2016,12,LORETO,ALTO AMAZONAS,96.000,479.000,0.930000,0
2016,12,LORETO,DATEM DEL MARAÑON,22.000,50.000,0.916364,0
2016,12,LORETO,LORETO,31.000,92.000,0.961613,0
2016,12,LORETO,MARISCAL RAMON CASTILLA,73.000,69.000,0.917123,0
2016,12,LORETO,MAYNAS,327.000,932.000,0.959450,0
2016,12,LORETO,PUTUMAYO,16.000,26.000,0.938750,0
2016,12,LORETO,REQUENA,21.000,63.000,0.946190,0
2016,12,LORETO,UCAYALI,63.000,183.000,0.963333,0
2016,12,MADRE DE DIOS,MANU,3.400,22.500,1.800000,0
2016,12,MADRE DE DIOS,TAHUAMANU,8.300,22.000,2.000000,0
2016,12,MADRE DE DIOS,TAMBOPATA,25.100,83.500,1.931076,0
2016,12,MOQUEGUA,GENERAL SANCHEZ CERRO,0.000,3.000,0.000000,1
2016,12,MOQUEGUA,MARISCAL NIETO,0.000,5.000,0.000000,1
2016,12,PASCO,OXAPAMPA,0.000,10.000,0.000000,1
2016,12,PIURA,AYABACA,35.000,86.000,0.500000,0
2016,12,PIURA,HUANCABAMBA,3.000,44.000,0.700000,0
2016,12,PIURA,MORROPON,1314.000,1465.000,0.466971,0
2016,12,PIURA,PAITA,4.000,4.000,0.600000,0
2016,12,PIURA,PIURA,1914.000,10570.000,0.847649,0
2016,12,PIURA,SECHURA,2.000,3.000,1.100000,0
2016,12,PIURA,SULLANA,3631.000,4108.000,0.598237,0
2016,12,PUNO,CARABAYA,0.000,1.000,0.000000,1
2016,12,PUNO,SANDIA,0.000,5.000,0.000000,1
2016,12,SAN MARTIN,BELLAVISTA,6.300,31.400,1.746032,0
2016,12,SAN MARTIN,EL DORADO,10.000,13.000,0.380000,0
2016,12,SAN MARTIN,HUALLAGA,83.000,45.500,1.021687,0
2016,12,SAN MARTIN,LAMAS,18.000,58.000,0.755556,0
2016,12,SAN MARTIN,MARISCAL CACERES,12.400,30.000,0.958871,0
2016,12,SAN MARTIN,MOYOBAMBA,4.300,93.000,1.213953,0
2016,12,SAN MARTIN,PICOTA,15.000,82.500,1.446667,0
2016,12,SAN MARTIN,RIOJA,7.000,25.000,0.585714,0
2016,12,SAN MARTIN,SAN MARTIN,14.100,87.000,0.533333,0
2016,12,SAN MARTIN,TOCACHE,12.000,22.000,0.916667,0
2016,12,TUMBES,CONTRALMIRANTE VILLAR,140.400,128.370,0.700000,0
2016,12,TUMBES,TUMBES,513.507,339.700,1.000000,0
2016,12,TUMBES,ZARUMILLA,3040.197,1507.550,1.320305,0
2016,12,UCAYALI,ATALAYA,134.330,184.000,0.569594,0
2016,12,UCAYALI,CORONEL PORTILLO,344.680,1429.140,0.563522,0
2016,12,UCAYALI,PADRE ABAD,133.400,383.990,0.590357,0
2016,12,UCAYALI,PURUS,14.600,32.000,0.750000,0
2017,01,AMAZONAS,BAGUA,18.500,22.000,1.322162,0
2017,01,AMAZONAS,CHACHAPOYAS,24.000,43.000,1.200000,0
2017,01,AMAZONAS,LUYA,24.700,30.000,2.031579,0
2017,01,AMAZONAS,UTCUBAMBA,416.000,578.000,1.246154,0
2017,01,ANCASH,CASMA,36.000,53.000,1.670000,0
2017,01,ANCASH,HUARMEY,6.000,4.000,1.500000,0
2017,01,ANCASH,HUAYLAS,15.000,12.000,1.719333,0
2017,01,ANCASH,SANTA,5.000,5.000,1.800000,0
2017,01,APURIMAC,ABANCAY,13.000,29.500,1.215385,0
2017,01,APURIMAC,ANDAHUAYLAS,8.000,14.000,0.837500,0
2017,01,APURIMAC,AYMARAES,1.900,7.000,0.700000,0
2017,01,APURIMAC,CHINCHEROS,6.500,25.000,0.861538,0
2017,01,APURIMAC,GRAU,1.000,2.000,0.500000,0
2017,01,AREQUIPA,CARAVELI,0.000,3.000,0.000000,1
2017,01,AREQUIPA,LA UNION,0.000,10.000,0.000000,1
2017,01,AYACUCHO,HUAMANGA,2.000,4.330,1.580000,0
2017,01,AYACUCHO,HUANTA,0.000,10.000,0.000000,1
2017,01,AYACUCHO,LA MAR,7.000,19.500,1.000000,0
2017,01,AYACUCHO,LUCANAS,0.000,16.000,0.000000,1
2017,01,AYACUCHO,PARINACOCHAS,0.000,2.000,0.000000,1
2017,01,AYACUCHO,PAUCAR DEL SARA SARA,0.000,9.000,0.000000,1
2017,01,AYACUCHO,SUCRE,0.000,5.000,0.000000,1
2017,01,AYACUCHO,VILCAS HUAMAN,1.000,8.500,2.000000,0
2017,01,CAJAMARCA,CAJABAMBA,8.100,16.000,1.255556,0
2017,01,CAJAMARCA,CHOTA,2.000,32.250,1.000000,0
2017,01,CAJAMARCA,JAEN,19.450,16.000,0.794576,0
2017,01,CAJAMARCA,SAN IGNACIO,0.000,10.000,0.000000,1
2017,01,CAJAMARCA,SAN MARCOS,1.800,10.000,0.500000,0
2017,01,CAJAMARCA,SAN MIGUEL,0.000,30.000,0.000000,1
2017,01,CAJAMARCA,SANTA CRUZ,0.000,4.500,0.000000,1
2017,01,CUSCO,LA CONVENCION,366.000,288.000,0.874672,0
2017,01,HUANCAVELICA,ACOBAMBA,0.000,4.000,0.000000,1
2017,01,HUANCAVELICA,ANGARAES,0.000,3.000,0.000000,1
2017,01,HUANCAVELICA,CASTROVIRREYNA,0.000,2.000,0.000000,1
2017,01,HUANCAVELICA,CHURCAMPA,0.000,7.000,0.000000,1
2017,01,HUANCAVELICA,HUAYTARA,0.000,3.000,0.000000,1
2017,01,HUANCAVELICA,TAYACAJA,0.000,16.000,0.000000,1
2017,01,HUANUCO,HUACAYBAMBA,5.000,9.000,2.750000,0
2017,01,HUANUCO,HUAMALIES,4.200,18.000,0.780000,0
2017,01,HUANUCO,HUANUCO,0.500,11.250,1.000000,0
2017,01,HUANUCO,LEONCIO PRADO,34.800,103.000,0.796667,0
2017,01,HUANUCO,MARAÑON,2.000,7.000,1.200000,0
2017,01,HUANUCO,PUERTO INCA,0.000,16.000,0.000000,1
2017,01,ICA,ICA,0.000,20.720,0.000000,1
2017,01,ICA,NASCA,0.000,12.590,0.000000,1
2017,01,ICA,PALPA,0.000,2.859,0.000000,1
2017,01,ICA,PISCO,0.000,14.400,0.000000,1
2017,01,JUNIN,CHANCHAMAYO,103.700,197.000,0.908582,0
2017,01,JUNIN,HUANCAYO,6.000,13.000,0.800000,0
2017,01,JUNIN,SATIPO,119.800,169.000,0.697371,0
2017,01,LA LIBERTAD,BOLIVAR,16.129,15.500,0.750000,0
2017,01,LA LIBERTAD,CHEPEN,0.000,15.000,0.000000,1
2017,01,LA LIBERTAD,GRAN CHIMU,0.600,2.500,0.700000,0
2017,01,LA LIBERTAD,OTUZCO,1.560,2.000,0.700000,0
2017,01,LA LIBERTAD,PATAZ,4.310,11.250,0.723991,0
2017,01,LA LIBERTAD,SANCHEZ CARRION,10.930,11.500,0.704849,0
2017,01,LA LIBERTAD,VIRU,1.170,7.000,0.740000,0
2017,01,LAMBAYEQUE,CHICLAYO,0.000,8.000,0.000000,1
2017,01,LAMBAYEQUE,FERREÑAFE,0.000,19.000,0.000000,1
2017,01,LAMBAYEQUE,LAMBAYEQUE,3578.000,2098.000,0.500000,0
2017,01,LIMA,CAÑETE,0.000,3.000,0.000000,1
2017,01,LIMA,HUAURA,0.000,25.000,0.000000,1
2017,01,LORETO,ALTO AMAZONAS,322.000,479.000,0.899938,0
2017,01,LORETO,DATEM DEL MARAÑON,33.000,50.000,0.911515,0
2017,01,LORETO,LORETO,66.000,92.000,0.943788,0
2017,01,LORETO,MARISCAL RAMON CASTILLA,32.000,69.000,0.897500,0
2017,01,LORETO,MAYNAS,515.000,932.000,0.960602,0
2017,01,LORETO,PUTUMAYO,9.000,26.000,0.915556,0
2017,01,LORETO,REQUENA,34.000,63.000,0.920294,0
2017,01,LORETO,UCAYALI,98.000,183.000,0.964490,0
2017,01,MADRE DE DIOS,MANU,8.300,22.500,1.743373,0
2017,01,MADRE DE DIOS,TAHUAMANU,4.900,22.000,1.761224,0
2017,01,MADRE DE DIOS,TAMBOPATA,24.200,83.500,1.684711,0
2017,01,MOQUEGUA,GENERAL SANCHEZ CERRO,0.000,3.000,0.000000,1
2017,01,MOQUEGUA,MARISCAL NIETO,0.000,5.000,0.000000,1
2017,01,PASCO,OXAPAMPA,0.000,10.000,0.000000,1
2017,01,PIURA,AYABACA,9.000,86.000,0.588889,0
2017,01,PIURA,HUANCABAMBA,10.000,44.000,0.800000,0
2017,01,PIURA,MORROPON,1314.000,1465.000,0.630518,0
2017,01,PIURA,PAITA,0.000,4.000,0.000000,1
2017,01,PIURA,PIURA,1707.000,10570.000,0.847686,0
2017,01,PIURA,SECHURA,2.000,3.000,1.000000,0
2017,01,PIURA,SULLANA,4035.000,4108.000,0.500000,0
2017,01,PUNO,CARABAYA,0.000,1.000,0.000000,1
2017,01,PUNO,SANDIA,0.000,5.000,0.000000,1
2017,01,SAN MARTIN,BELLAVISTA,7.500,30.400,1.960000,0
2017,01,SAN MARTIN,EL DORADO,7.000,13.000,0.364286,0
2017,01,SAN MARTIN,HUALLAGA,46.000,45.500,0.986957,0
2017,01,SAN MARTIN,LAMAS,36.000,58.000,0.694444,0
2017,01,SAN MARTIN,MARISCAL CACERES,29.500,30.000,1.115254,0
2017,01,SAN MARTIN,MOYOBAMBA,15.000,83.000,0.986667,0
2017,01,SAN MARTIN,PICOTA,25.000,82.500,1.412000,0
2017,01,SAN MARTIN,RIOJA,10.000,19.000,0.600000,0
2017,01,SAN MARTIN,SAN MARTIN,10.500,85.000,0.524762,0
2017,01,SAN MARTIN,TOCACHE,13.000,33.000,0.515385,0
2017,01,TUMBES,CONTRALMIRANTE VILLAR,191.800,128.370,0.750000,0
2017,01,TUMBES,TUMBES,551.400,339.700,1.000000,0
2017,01,TUMBES,ZARUMILLA,3412.283,1527.800,1.115254,0
2017,01,UCAYALI,ATALAYA,145.398,185.000,0.567848,0
2017,01,UCAYALI,CORONEL PORTILLO,495.160,1448.140,0.560438,0
2017,01,UCAYALI,PADRE ABAD,148.170,395.990,0.593210,0
2017,01,UCAYALI,PURUS,17.039,32.000,0.730000,0
2017,02,AMAZONAS,BAGUA,18.600,22.000,1.158602,0
2017,02,AMAZONAS,CHACHAPOYAS,22.700,43.000,1.100000,0
2017,02,AMAZONAS,LUYA,17.300,30.000,2.020809,0
2017,02,AMAZONAS,UTCUBAMBA,464.000,578.000,1.205388,0
2017,02,ANCASH,CASMA,37.000,53.000,1.722703,0
2017,02,ANCASH,HUARMEY,7.000,4.000,1.600000,0
2017,02,ANCASH,HUAYLAS,17.000,12.000,1.689412,0
2017,02,ANCASH,SANTA,6.000,5.000,1.780000,0
2017,02,APURIMAC,ABANCAY,1.000,29.500,0.800000,0
2017,02,APURIMAC,ANDAHUAYLAS,12.070,14.000,0.930307,0
2017,02,APURIMAC,AYMARAES,0.000,7.000,0.000000,1
2017,02,APURIMAC,CHINCHEROS,22.950,25.000,1.266013,0
2017,02,APURIMAC,GRAU,0.000,2.000,0.000000,1
2017,02,AREQUIPA,CARAVELI,0.000,3.000,0.000000,1
2017,02,AREQUIPA,LA UNION,0.000,10.000,0.000000,1
2017,02,AYACUCHO,HUAMANGA,2.330,4.330,1.650000,0
2017,02,AYACUCHO,HUANTA,1.000,10.000,1.100000,0
2017,02,AYACUCHO,LA MAR,7.500,19.500,1.000000,0
2017,02,AYACUCHO,LUCANAS,0.000,16.000,0.000000,1
2017,02,AYACUCHO,PARINACOCHAS,0.000,2.000,0.000000,1
2017,02,AYACUCHO,PAUCAR DEL SARA SARA,1.000,9.000,1.400000,0
2017,02,AYACUCHO,SUCRE,0.000,5.000,0.000000,1
2017,02,AYACUCHO,VILCAS HUAMAN,5.000,8.500,2.200000,0
2017,02,CAJAMARCA,CAJABAMBA,10.800,16.000,1.227778,0
2017,02,CAJAMARCA,CHOTA,11.000,32.250,1.227273,0
2017,02,CAJAMARCA,JAEN,15.440,16.000,0.750486,0
2017,02,CAJAMARCA,SAN IGNACIO,0.000,10.000,0.000000,1
2017,02,CAJAMARCA,SAN MARCOS,6.030,10.000,1.000000,0
2017,02,CAJAMARCA,SAN MIGUEL,10.000,30.000,2.200000,0
2017,02,CAJAMARCA,SANTA CRUZ,0.000,4.500,0.000000,1
2017,02,CUSCO,LA CONVENCION,341.000,288.000,0.955718,0
2017,02,HUANCAVELICA,ACOBAMBA,0.000,4.000,0.000000,1
2017,02,HUANCAVELICA,ANGARAES,0.000,3.000,0.000000,1
2017,02,HUANCAVELICA,CASTROVIRREYNA,0.000,2.000,0.000000,1
2017,02,HUANCAVELICA,CHURCAMPA,0.000,7.000,0.000000,1
2017,02,HUANCAVELICA,HUAYTARA,0.000,3.000,0.000000,1
2017,02,HUANCAVELICA,TAYACAJA,0.000,16.000,0.000000,1
2017,02,HUANUCO,HUACAYBAMBA,14.500,9.000,2.748276,0
2017,02,HUANUCO,HUAMALIES,11.400,18.000,0.600000,0
2017,02,HUANUCO,HUANUCO,1.600,11.250,0.970000,0
2017,02,HUANUCO,LEONCIO PRADO,55.800,103.000,0.737097,0
2017,02,HUANUCO,MARAÑON,2.300,7.000,1.100000,0
2017,02,HUANUCO,PUERTO INCA,0.500,16.000,0.900000,0
2017,02,ICA,ICA,35.700,20.720,2.000000,0
2017,02,ICA,NASCA,0.000,12.590,0.000000,1
2017,02,ICA,PALPA,0.000,2.859,0.000000,1
2017,02,ICA,PISCO,0.000,14.400,0.000000,1
2017,02,JUNIN,CHANCHAMAYO,143.600,197.000,0.815669,0
2017,02,JUNIN,HUANCAYO,4.000,13.000,0.850000,0
2017,02,JUNIN,SATIPO,180.700,177.000,0.652435,0
2017,02,LA LIBERTAD,BOLIVAR,18.950,15.500,0.727625,0
2017,02,LA LIBERTAD,CHEPEN,0.000,15.000,0.000000,1
2017,02,LA LIBERTAD,GRAN CHIMU,0.680,2.500,0.720000,0
2017,02,LA LIBERTAD,OTUZCO,0.950,2.000,0.730000,0
2017,02,LA LIBERTAD,PATAZ,10.190,11.250,0.710785,0
2017,02,LA LIBERTAD,SANCHEZ CARRION,8.150,11.500,0.713129,0
2017,02,LA LIBERTAD,VIRU,1.290,7.000,0.740000,0
2017,02,LAMBAYEQUE,CHICLAYO,0.000,8.000,0.000000,1
2017,02,LAMBAYEQUE,FERREÑAFE,0.000,19.000,0.000000,1
2017,02,LAMBAYEQUE,LAMBAYEQUE,4367.000,2098.000,0.469659,0
2017,02,LIMA,CAÑETE,0.000,3.000,0.000000,1
2017,02,LIMA,HUAURA,0.000,25.000,0.000000,1
2017,02,LORETO,ALTO AMAZONAS,274.000,479.000,0.912117,0
2017,02,LORETO,DATEM DEL MARAÑON,39.000,50.000,0.909487,0
2017,02,LORETO,LORETO,61.000,92.000,0.939180,0
2017,02,LORETO,MARISCAL RAMON CASTILLA,41.000,69.000,0.919512,0
2017,02,LORETO,MAYNAS,493.000,932.000,0.957444,0
2017,02,LORETO,PUTUMAYO,11.000,26.000,0.905455,0
2017,02,LORETO,REQUENA,39.000,63.000,0.933590,0
2017,02,LORETO,UCAYALI,109.000,183.000,0.956330,0
2017,02,MADRE DE DIOS,MANU,5.050,22.500,1.741584,0
2017,02,MADRE DE DIOS,TAHUAMANU,4.850,22.000,1.534021,0
2017,02,MADRE DE DIOS,TAMBOPATA,23.800,81.500,1.911765,0
2017,02,MOQUEGUA,GENERAL SANCHEZ CERRO,0.000,3.000,0.000000,1
2017,02,MOQUEGUA,MARISCAL NIETO,0.000,5.000,0.000000,1
2017,02,PASCO,OXAPAMPA,0.000,10.000,0.000000,1
2017,02,PIURA,AYABACA,6.000,86.000,0.666667,0
2017,02,PIURA,HUANCABAMBA,7.000,44.000,0.800000,0
2017,02,PIURA,MORROPON,1314.000,1465.000,0.634323,0
2017,02,PIURA,PAITA,4.000,4.000,0.500000,0
2017,02,PIURA,PIURA,3465.000,10655.000,1.000000,0
2017,02,PIURA,SECHURA,4.000,2.000,1.000000,0
2017,02,PIURA,SULLANA,2520.000,4108.000,0.500000,0
2017,02,PUNO,CARABAYA,0.000,1.000,0.000000,1
2017,02,PUNO,SANDIA,0.000,5.000,0.000000,1
2017,02,SAN MARTIN,BELLAVISTA,24.000,30.400,1.908333,0
2017,02,SAN MARTIN,EL DORADO,9.000,13.000,0.377778,0
2017,02,SAN MARTIN,HUALLAGA,34.000,45.500,1.085294,0
2017,02,SAN MARTIN,LAMAS,45.000,58.000,0.791111,0
2017,02,SAN MARTIN,MARISCAL CACERES,31.500,30.000,1.084921,0
2017,02,SAN MARTIN,MOYOBAMBA,23.000,83.000,1.000000,0
2017,02,SAN MARTIN,PICOTA,39.000,82.500,1.343590,0
2017,02,SAN MARTIN,RIOJA,30.000,19.000,0.600000,0
2017,02,SAN MARTIN,SAN MARTIN,42.400,81.000,0.548113,0
2017,02,SAN MARTIN,TOCACHE,41.000,33.000,0.829268,0
2017,02,TUMBES,CONTRALMIRANTE VILLAR,201.319,128.170,0.750000,0
2017,02,TUMBES,TUMBES,503.040,339.700,0.950000,0
2017,02,TUMBES,ZARUMILLA,3103.056,1532.800,0.992173,0
2017,02,UCAYALI,ATALAYA,161.080,186.000,0.558465,0
2017,02,UCAYALI,CORONEL PORTILLO,611.970,1490.140,0.532409,0
2017,02,UCAYALI,PADRE ABAD,182.510,407.990,0.581220,0
2017,02,UCAYALI,PURUS,20.160,32.000,0.710000,0
2017,03,AMAZONAS,BAGUA,17.300,22.000,1.086705,0
2017,03,AMAZONAS,CHACHAPOYAS,24.300,43.000,1.200000,0
2017,03,AMAZONAS,LUYA,18.900,30.000,1.990476,0
2017,03,AMAZONAS,UTCUBAMBA,510.000,578.000,1.228235,0
2017,03,ANCASH,CASMA,28.000,53.000,1.803571,0
2017,03,ANCASH,HUARMEY,5.000,4.000,1.500000,0
2017,03,ANCASH,HUAYLAS,16.000,12.000,1.690000,0
2017,03,ANCASH,SANTA,4.000,5.000,1.800000,0
2017,03,APURIMAC,ABANCAY,13.000,29.500,0.838462,0
2017,03,APURIMAC,ANDAHUAYLAS,17.200,14.000,1.108140,0
2017,03,APURIMAC,AYMARAES,2.500,7.000,0.700000,0
2017,03,APURIMAC,CHINCHEROS,40.400,25.000,1.251238,0
2017,03,APURIMAC,GRAU,2.000,2.000,0.900000,0
2017,03,AREQUIPA,CARAVELI,0.000,3.000,0.000000,1
2017,03,AREQUIPA,LA UNION,23.700,10.000,2.048523,0
2017,03,AYACUCHO,HUAMANGA,2.830,4.330,4.420000,0
2017,03,AYACUCHO,HUANTA,5.000,10.000,1.100000,0
2017,03,AYACUCHO,LA MAR,11.500,19.500,1.000000,0
2017,03,AYACUCHO,LUCANAS,0.000,16.000,0.000000,1
2017,03,AYACUCHO,PARINACOCHAS,0.000,2.000,0.000000,1
2017,03,AYACUCHO,PAUCAR DEL SARA SARA,8.000,9.000,2.187500,0
2017,03,AYACUCHO,SUCRE,5.000,5.000,1.320000,0
2017,03,AYACUCHO,VILCAS HUAMAN,8.500,8.500,1.541176,0
2017,03,CAJAMARCA,CAJABAMBA,12.000,16.000,1.148333,0
2017,03,CAJAMARCA,CHOTA,19.000,32.250,1.321053,0
2017,03,CAJAMARCA,JAEN,13.919,16.000,0.708754,0
2017,03,CAJAMARCA,SAN IGNACIO,3.200,10.000,0.900000,0
2017,03,CAJAMARCA,SAN MARCOS,0.000,10.000,0.000000,1
2017,03,CAJAMARCA,SAN MIGUEL,48.000,30.000,1.400000,0
2017,03,CAJAMARCA,SANTA CRUZ,2.000,4.500,1.500000,0
2017,03,CUSCO,LA CONVENCION,150.000,288.000,0.942667,0
2017,03,HUANCAVELICA,ACOBAMBA,2.100,4.000,0.523810,0
2017,03,HUANCAVELICA,ANGARAES,0.000,3.000,0.000000,1
2017,03,HUANCAVELICA,CASTROVIRREYNA,0.000,2.000,0.000000,1
2017,03,HUANCAVELICA,CHURCAMPA,0.000,7.000,0.000000,1
2017,03,HUANCAVELICA,HUAYTARA,0.000,3.000,0.000000,1
2017,03,HUANCAVELICA,TAYACAJA,0.000,16.000,0.000000,1
2017,03,HUANUCO,HUACAYBAMBA,16.400,9.000,2.972561,0
2017,03,HUANUCO,HUAMALIES,14.300,18.000,0.760000,0
2017,03,HUANUCO,HUANUCO,3.800,11.250,1.860000,0
2017,03,HUANUCO,LEONCIO PRADO,82.700,103.000,0.802346,0
2017,03,HUANUCO,MARAÑON,3.000,7.000,1.000000,0
2017,03,HUANUCO,PUERTO INCA,2.000,16.000,0.991000,0
2017,03,ICA,CHINCHA,0.000,4.000,0.000000,1
2017,03,ICA,ICA,81.500,20.720,4.000000,0
2017,03,ICA,NASCA,0.000,12.590,0.000000,1
2017,03,ICA,PALPA,0.000,3.109,0.000000,1
2017,03,ICA,PISCO,0.000,14.400,0.000000,1
2017,03,JUNIN,CHANCHAMAYO,144.150,197.000,1.200000,0
2017,03,JUNIN,HUANCAYO,7.000,13.000,1.600000,0
2017,03,JUNIN,SATIPO,236.800,177.000,1.348437,0
2017,03,LA LIBERTAD,BOLIVAR,16.430,15.500,0.767991,0
2017,03,LA LIBERTAD,CHEPEN,0.000,15.000,0.000000,1
2017,03,LA LIBERTAD,GRAN CHIMU,6.580,2.500,0.750000,0
2017,03,LA LIBERTAD,OTUZCO,1.900,2.000,0.780000,0
2017,03,LA LIBERTAD,PATAZ,14.610,11.250,0.734031,0
2017,03,LA LIBERTAD,SANCHEZ CARRION,15.580,11.500,0.737214,0
2017,03,LA LIBERTAD,VIRU,1.400,7.000,0.750000,0
2017,03,LAMBAYEQUE,CHICLAYO,0.000,8.000,0.000000,1
2017,03,LAMBAYEQUE,FERREÑAFE,0.000,19.000,0.000000,1
2017,03,LAMBAYEQUE,LAMBAYEQUE,1995.000,2098.000,0.608967,0
2017,03,LIMA,CAÑETE,0.000,3.000,0.000000,1
2017,03,LIMA,HUAURA,0.000,25.000,0.000000,1
2017,03,LORETO,ALTO AMAZONAS,298.000,479.000,0.912483,0
2017,03,LORETO,DATEM DEL MARAÑON,45.000,50.000,0.898444,0
2017,03,LORETO,LORETO,79.000,92.000,0.933924,0
2017,03,LORETO,MARISCAL RAMON CASTILLA,43.000,69.000,0.914186,0
2017,03,LORETO,MAYNAS,497.000,932.000,0.955815,0
2017,03,LORETO,PUTUMAYO,10.000,26.000,0.920000,0
2017,03,LORETO,REQUENA,45.000,63.000,0.919333,0
2017,03,LORETO,UCAYALI,113.000,183.000,0.931327,0
2017,03,MADRE DE DIOS,MANU,6.300,23.500,1.811111,0
2017,03,MADRE DE DIOS,TAHUAMANU,6.500,22.000,1.800000,0
2017,03,MADRE DE DIOS,TAMBOPATA,30.800,82.500,1.725974,0
2017,03,MOQUEGUA,GENERAL SANCHEZ CERRO,0.000,3.000,0.000000,1
2017,03,MOQUEGUA,MARISCAL NIETO,0.000,5.000,0.000000,1
2017,03,PASCO,OXAPAMPA,0.000,10.000,0.000000,1
2017,03,PIURA,AYABACA,21.000,86.000,0.700000,0
2017,03,PIURA,HUANCABAMBA,19.000,44.000,0.800000,0
2017,03,PIURA,MORROPON,1320.000,1450.000,0.429318,0
2017,03,PIURA,PAITA,2.000,4.000,0.500000,0
2017,03,PIURA,PIURA,3307.000,10569.000,0.845540,0
2017,03,PIURA,SECHURA,2.000,2.000,0.600000,0
2017,03,PIURA,SULLANA,1615.000,4108.000,0.500000,0
2017,03,PUNO,CARABAYA,0.000,1.000,0.000000,1
2017,03,PUNO,SANDIA,2.000,5.000,1.100000,0
2017,03,SAN MARTIN,BELLAVISTA,40.000,30.400,1.400000,0
2017,03,SAN MARTIN,EL DORADO,26.000,13.000,0.442308,0
2017,03,SAN MARTIN,HUALLAGA,79.000,45.500,0.986076,0
2017,03,SAN MARTIN,LAMAS,84.500,58.000,0.760947,0
2017,03,SAN MARTIN,MARISCAL CACERES,44.000,30.000,1.081818,0
2017,03,SAN MARTIN,MOYOBAMBA,30.000,83.000,1.200000,0
2017,03,SAN MARTIN,PICOTA,155.000,82.500,1.297419,0
2017,03,SAN MARTIN,RIOJA,20.500,19.000,0.600000,0
2017,03,SAN MARTIN,SAN MARTIN,129.400,81.000,0.508810,0
2017,03,SAN MARTIN,TOCACHE,36.000,33.000,0.700000,0
2017,03,TUMBES,CONTRALMIRANTE VILLAR,180.200,124.620,1.000000,0
2017,03,TUMBES,TUMBES,451.988,334.700,0.902483,0
2017,03,TUMBES,ZARUMILLA,3045.387,1523.800,0.782610,0
2017,03,UCAYALI,ATALAYA,155.489,188.000,0.557895,0
2017,03,UCAYALI,CORONEL PORTILLO,697.820,1490.140,0.543489,0
2017,03,UCAYALI,PADRE ABAD,222.040,418.990,0.610137,0
2017,03,UCAYALI,PURUS,29.170,32.000,0.680000,0
2017,04,AMAZONAS,BAGUA,17.200,22.000,1.210465,0
2017,04,AMAZONAS,CHACHAPOYAS,24.500,43.000,1.080000,0
2017,04,AMAZONAS,LUYA,18.200,30.000,2.043956,0
2017,04,AMAZONAS,UTCUBAMBA,494.000,578.000,1.357490,0
2017,04,ANCASH,CASMA,29.000,53.000,1.796552,0
2017,04,ANCASH,HUARMEY,4.000,4.000,1.520000,0
2017,04,ANCASH,HUAYLAS,14.000,12.000,1.725000,0
2017,04,ANCASH,SANTA,4.000,5.000,1.850000,0
2017,04,APURIMAC,ABANCAY,22.000,29.500,1.195455,0
2017,04,APURIMAC,ANDAHUAYLAS,19.500,14.000,1.743590,0
2017,04,APURIMAC,AYMARAES,2.000,5.000,0.700000,0
2017,04,APURIMAC,CHINCHEROS,4.400,25.000,1.536364,0
2017,04,APURIMAC,GRAU,0.000,2.000,0.000000,1
2017,04,AREQUIPA,CARAVELI,0.000,3.000,0.000000,1
2017,04,AREQUIPA,LA UNION,0.000,10.000,0.000000,1
2017,04,AYACUCHO,HUAMANGA,2.670,4.330,2.500000,0
2017,04,AYACUCHO,HUANTA,11.000,10.000,1.263636,0
2017,04,AYACUCHO,LA MAR,11.000,19.500,1.000000,0
2017,04,AYACUCHO,LUCANAS,8.000,16.000,2.765000,0
2017,04,AYACUCHO,PARINACOCHAS,2.000,2.000,1.800000,0
2017,04,AYACUCHO,PAUCAR DEL SARA SARA,12.000,9.000,3.625000,0
2017,04,AYACUCHO,SUCRE,8.000,5.000,1.325000,0
2017,04,AYACUCHO,VILCAS HUAMAN,6.000,8.500,1.633333,0
2017,04,CAJAMARCA,CAJABAMBA,10.600,16.000,1.100000,0
2017,04,CAJAMARCA,CHOTA,25.000,32.250,1.074000,0
2017,04,CAJAMARCA,JAEN,11.989,16.000,0.646184,0
2017,04,CAJAMARCA,SAN IGNACIO,3.000,10.000,0.930000,0
2017,04,CAJAMARCA,SAN MARCOS,3.650,10.000,1.339726,0
2017,04,CAJAMARCA,SAN MIGUEL,120.000,30.000,0.741667,0
2017,04,CAJAMARCA,SANTA CRUZ,6.000,4.500,1.000000,0
2017,04,CUSCO,LA CONVENCION,65.000,288.000,1.500000,0
2017,04,HUANCAVELICA,ACOBAMBA,8.400,4.000,0.590476,0
2017,04,HUANCAVELICA,ANGARAES,4.690,3.000,0.589765,0
2017,04,HUANCAVELICA,CASTROVIRREYNA,3.609,2.000,0.500000,0
2017,04,HUANCAVELICA,CHURCAMPA,5.959,7.000,0.922202,0
2017,04,HUANCAVELICA,HUAYTARA,4.160,3.000,0.600000,0
2017,04,HUANCAVELICA,TAYACAJA,17.090,16.000,0.600000,0
2017,04,HUANUCO,HUACAYBAMBA,14.300,9.000,2.979021,0
2017,04,HUANUCO,HUAMALIES,17.600,18.000,0.750000,0
2017,04,HUANUCO,HUANUCO,5.300,11.250,1.600000,0
2017,04,HUANUCO,LEONCIO PRADO,95.400,103.000,0.773302,0
2017,04,HUANUCO,MARAÑON,4.000,7.000,0.920000,0
2017,04,HUANUCO,PUERTO INCA,6.000,16.000,0.946000,0
2017,04,ICA,CHINCHA,0.000,4.000,0.000000,1
2017,04,ICA,ICA,242.200,20.720,2.000000,0
2017,04,ICA,NASCA,0.000,12.590,0.000000,1
2017,04,ICA,PALPA,0.000,3.109,0.000000,1
2017,04,ICA,PISCO,0.000,14.400,0.000000,1
2017,04,JUNIN,CHANCHAMAYO,152.400,197.000,0.936549,0
2017,04,JUNIN,HUANCAYO,8.800,13.000,1.000000,0
2017,04,JUNIN,SATIPO,302.200,177.000,0.740371,0
2017,04,LA LIBERTAD,BOLIVAR,12.520,15.500,0.762684,0
2017,04,LA LIBERTAD,CHEPEN,0.000,15.000,0.000000,1
2017,04,LA LIBERTAD,GRAN CHIMU,6.700,2.500,0.741045,0
2017,04,LA LIBERTAD,OTUZCO,1.100,2.000,0.780000,0
2017,04,LA LIBERTAD,PATAZ,11.489,11.250,0.735700,0
2017,04,LA LIBERTAD,SANCHEZ CARRION,12.040,11.500,0.738837,0
2017,04,LA LIBERTAD,VIRU,0.950,7.000,0.740000,0
2017,04,LAMBAYEQUE,CHICLAYO,0.000,8.000,0.000000,1
2017,04,LAMBAYEQUE,FERREÑAFE,0.000,19.000,0.000000,1
2017,04,LAMBAYEQUE,LAMBAYEQUE,4174.000,2098.000,0.576545,0
2017,04,LIMA,CAÑETE,0.000,3.000,0.000000,1
2017,04,LIMA,HUAURA,0.000,25.000,0.000000,1
2017,04,LORETO,ALTO AMAZONAS,292.000,479.000,0.920993,0
2017,04,LORETO,DATEM DEL MARAÑON,34.000,50.000,0.902647,0
2017,04,LORETO,LORETO,62.000,92.000,0.920484,0
2017,04,LORETO,MARISCAL RAMON CASTILLA,39.000,69.000,0.910000,0
2017,04,LORETO,MAYNAS,535.000,932.000,0.946617,0
2017,04,LORETO,PUTUMAYO,12.000,26.000,0.910000,0
2017,04,LORETO,REQUENA,42.000,63.000,0.908810,0
2017,04,LORETO,UCAYALI,101.000,183.000,0.929505,0
2017,04,MADRE DE DIOS,MANU,8.000,23.500,1.902500,0
2017,04,MADRE DE DIOS,TAHUAMANU,4.500,22.000,1.895556,0
2017,04,MADRE DE DIOS,TAMBOPATA,20.200,82.500,1.691089,0
2017,04,MOQUEGUA,GENERAL SANCHEZ CERRO,0.000,3.000,0.000000,1
2017,04,MOQUEGUA,MARISCAL NIETO,6.400,5.000,2.000000,0
2017,04,PASCO,OXAPAMPA,0.000,10.000,0.000000,1
2017,04,PIURA,AYABACA,10.000,86.000,0.470000,0
2017,04,PIURA,HUANCABAMBA,11.000,42.000,0.772727,0
2017,04,PIURA,MORROPON,1300.000,1450.000,0.404200,0
2017,04,PIURA,PAITA,2.000,4.000,0.500000,0
2017,04,PIURA,PIURA,3280.000,10569.000,0.610183,0
2017,04,PIURA,SECHURA,2.000,2.000,0.700000,0
2017,04,PIURA,SULLANA,1210.000,4108.000,0.500000,0
2017,04,PUNO,CARABAYA,2.000,1.000,0.900000,0
2017,04,PUNO,SANDIA,2.000,5.000,1.100000,0
2017,04,SAN MARTIN,BELLAVISTA,41.000,30.400,1.000000,0
2017,04,SAN MARTIN,EL DORADO,38.000,13.000,0.321053,0
2017,04,SAN MARTIN,HUALLAGA,65.000,45.500,0.987692,0
2017,04,SAN MARTIN,LAMAS,188.000,58.000,0.642553,0
2017,04,SAN MARTIN,MARISCAL CACERES,32.500,30.000,1.043846,0
2017,04,SAN MARTIN,MOYOBAMBA,43.000,83.000,0.900000,0
2017,04,SAN MARTIN,PICOTA,291.000,82.500,1.289691,0
2017,04,SAN MARTIN,RIOJA,44.500,19.000,0.600000,0
2017,04,SAN MARTIN,SAN MARTIN,367.000,82.000,0.519074,0
2017,04,SAN MARTIN,TOCACHE,92.000,33.000,0.500000,0
2017,04,TUMBES,CONTRALMIRANTE VILLAR,191.000,124.170,0.750000,0
2017,04,TUMBES,TUMBES,457.870,329.700,0.872523,0
2017,04,TUMBES,ZARUMILLA,3247.736,1542.800,0.760200,0
2017,04,UCAYALI,ATALAYA,136.230,188.000,0.577987,0
2017,04,UCAYALI,CORONEL PORTILLO,545.180,1508.140,0.541214,0
2017,04,UCAYALI,PADRE ABAD,230.509,437.990,0.618563,0
2017,04,UCAYALI,PURUS,22.140,32.000,0.670000,0
2017,05,AMAZONAS,BAGUA,17.000,22.000,1.221765,0
2017,05,AMAZONAS,CHACHAPOYAS,22.800,43.000,1.021053,0
2017,05,AMAZONAS,LUYA,22.300,30.000,1.979821,0
2017,05,AMAZONAS,UTCUBAMBA,497.000,578.000,0.863984,0
2017,05,ANCASH,CASMA,30.000,53.000,1.870000,0
2017,05,ANCASH,HUARMEY,4.000,4.000,1.500000,0
2017,05,ANCASH,HUAYLAS,14.000,12.000,1.788571,0
2017,05,ANCASH,SANTA,5.000,5.000,1.850000,0
2017,05,APURIMAC,ABANCAY,3.000,29.500,1.100000,0
2017,05,APURIMAC,ANDAHUAYLAS,0.200,14.000,1.200000,0
2017,05,APURIMAC,AYMARAES,4.700,5.000,0.700000,0
2017,05,APURIMAC,CHINCHEROS,7.500,25.000,1.500000,0
2017,05,APURIMAC,GRAU,2.000,2.000,0.900000,0
2017,05,AREQUIPA,CARAVELI,17.130,3.000,1.413368,0
2017,05,AREQUIPA,LA UNION,0.000,10.000,0.000000,1
2017,05,AYACUCHO,HUAMANGA,3.670,4.330,1.400000,0
2017,05,AYACUCHO,HUANTA,7.000,10.000,1.760714,0
2017,05,AYACUCHO,LA MAR,14.250,19.750,1.352281,0
2017,05,AYACUCHO,LUCANAS,16.000,16.000,3.381250,0
2017,05,AYACUCHO,PARINACOCHAS,8.000,2.000,1.800000,0
2017,05,AYACUCHO,PAUCAR DEL SARA SARA,15.000,9.000,7.133333,0
2017,05,AYACUCHO,SUCRE,15.000,5.000,1.360000,0
2017,05,AYACUCHO,VILCAS HUAMAN,2.000,8.500,0.812500,0
2017,05,CAJAMARCA,CAJABAMBA,9.100,16.000,1.132967,0
2017,05,CAJAMARCA,CHOTA,29.000,32.250,1.010345,0
2017,05,CAJAMARCA,JAEN,9.730,16.000,0.692590,0
2017,05,CAJAMARCA,SAN IGNACIO,3.400,10.000,0.800000,0
2017,05,CAJAMARCA,SAN MARCOS,4.417,10.000,1.272515,0
2017,05,CAJAMARCA,SAN MIGUEL,74.000,30.000,1.762162,0
2017,05,CAJAMARCA,SANTA CRUZ,11.000,4.500,1.000000,0
2017,05,CUSCO,LA CONVENCION,56.000,288.000,1.300000,0
2017,05,HUANCAVELICA,ACOBAMBA,8.500,4.000,0.582353,0
2017,05,HUANCAVELICA,ANGARAES,4.470,3.000,0.602260,0
2017,05,HUANCAVELICA,CASTROVIRREYNA,4.270,2.000,0.500000,0
2017,05,HUANCAVELICA,CHURCAMPA,12.300,7.000,1.022764,0
2017,05,HUANCAVELICA,HUAYTARA,5.328,3.000,0.801875,0
2017,05,HUANCAVELICA,TAYACAJA,31.400,16.000,0.620382,0
2017,05,HUANUCO,HUACAYBAMBA,6.600,9.000,1.984848,0
2017,05,HUANUCO,HUAMALIES,20.400,18.000,0.700000,0
2017,05,HUANUCO,HUANUCO,9.500,11.250,1.110526,0
2017,05,HUANUCO,LEONCIO PRADO,125.600,103.000,0.756075,0
2017,05,HUANUCO,MARAÑON,8.000,7.000,0.850000,0
2017,05,HUANUCO,PUERTO INCA,18.000,16.000,0.923333,0
2017,05,ICA,CHINCHA,0.000,4.000,0.000000,1
2017,05,ICA,ICA,257.980,20.720,1.599930,0
2017,05,ICA,NASCA,0.000,12.590,0.000000,1
2017,05,ICA,PALPA,0.000,3.109,0.000000,1
2017,05,ICA,PISCO,0.000,14.400,0.000000,1
2017,05,JUNIN,CHANCHAMAYO,160.000,197.000,0.796281,0
2017,05,JUNIN,HUANCAYO,9.900,13.000,0.800000,0
2017,05,JUNIN,SATIPO,334.700,177.000,0.599701,0
2017,05,LA LIBERTAD,BOLIVAR,11.210,15.500,0.758992,0
2017,05,LA LIBERTAD,CHEPEN,0.000,15.000,0.000000,1
2017,05,LA LIBERTAD,GRAN CHIMU,3.680,2.500,0.750000,0
2017,05,LA LIBERTAD,OTUZCO,0.468,2.000,0.780000,0
2017,05,LA LIBERTAD,PATAZ,12.553,11.250,0.738415,0
2017,05,LA LIBERTAD,SANCHEZ CARRION,6.578,11.500,0.722888,0
2017,05,LA LIBERTAD,VIRU,1.030,7.000,0.740000,0
2017,05,LAMBAYEQUE,CHICLAYO,0.000,8.000,0.000000,1
2017,05,LAMBAYEQUE,FERREÑAFE,0.000,19.000,0.000000,1
2017,05,LAMBAYEQUE,LAMBAYEQUE,4888.000,2098.000,0.422668,0
2017,05,LIMA,CAÑETE,0.000,3.000,0.000000,1
2017,05,LIMA,HUAURA,16.000,25.000,1.662500,0
2017,05,LORETO,ALTO AMAZONAS,296.000,479.000,0.921351,0
2017,05,LORETO,DATEM DEL MARAÑON,31.000,50.000,0.915161,0
2017,05,LORETO,LORETO,61.000,92.000,0.910000,0
2017,05,LORETO,MARISCAL RAMON CASTILLA,40.000,69.000,0.913000,0
2017,05,LORETO,MAYNAS,515.000,932.000,0.941534,0
2017,05,LORETO,PUTUMAYO,16.000,26.000,0.900000,0
2017,05,LORETO,REQUENA,45.000,63.000,0.904667,0
2017,05,LORETO,UCAYALI,86.000,183.000,0.928140,0
2017,05,MADRE DE DIOS,MANU,8.700,23.500,1.581609,0
2017,05,MADRE DE DIOS,TAHUAMANU,6.500,23.000,1.552308,0
2017,05,MADRE DE DIOS,TAMBOPATA,15.300,82.500,1.626144,0
2017,05,MOQUEGUA,GENERAL SANCHEZ CERRO,14.330,3.000,1.776518,0
2017,05,MOQUEGUA,MARISCAL NIETO,19.260,5.000,2.000000,0
2017,05,PASCO,OXAPAMPA,0.000,10.000,0.000000,1
2017,05,PIURA,AYABACA,7.000,86.000,0.457143,0
2017,05,PIURA,HUANCABAMBA,18.000,42.000,0.750000,0
2017,05,PIURA,MORROPON,1047.000,1450.000,0.517049,0
2017,05,PIURA,PAITA,3.000,4.000,0.500000,0
2017,05,PIURA,PIURA,2877.000,10569.000,0.541814,0
2017,05,PIURA,SECHURA,2.000,4.000,0.700000,0
2017,05,PIURA,SULLANA,827.000,4108.000,0.500000,0
2017,05,PUNO,CARABAYA,2.000,1.000,0.800000,0
2017,05,PUNO,SANDIA,11.000,5.000,0.863636,0
2017,05,SAN MARTIN,BELLAVISTA,33.000,30.400,0.740909,0
2017,05,SAN MARTIN,EL DORADO,34.000,13.000,0.392647,0
2017,05,SAN MARTIN,HUALLAGA,34.000,45.500,0.988235,0
2017,05,SAN MARTIN,LAMAS,131.000,58.000,0.632824,0
2017,05,SAN MARTIN,MARISCAL CACERES,44.500,30.000,1.098989,0
2017,05,SAN MARTIN,MOYOBAMBA,42.000,83.000,0.900000,0
2017,05,SAN MARTIN,PICOTA,211.000,82.500,1.050711,0
2017,05,SAN MARTIN,RIOJA,44.000,19.000,0.600000,0
2017,05,SAN MARTIN,SAN MARTIN,191.500,83.000,0.494099,0
2017,05,SAN MARTIN,TOCACHE,38.000,33.000,0.736842,0
2017,05,TUMBES,CONTRALMIRANTE VILLAR,219.000,127.170,0.750000,0
2017,05,TUMBES,TUMBES,379.680,343.810,1.148156,0
2017,05,TUMBES,ZARUMILLA,2846.460,1560.800,0.572988,0
2017,05,UCAYALI,ATALAYA,169.120,188.000,0.601385,0
2017,05,UCAYALI,CORONEL PORTILLO,486.577,1508.140,0.559148,0
2017,05,UCAYALI,PADRE ABAD,251.880,440.990,0.638877,0
2017,05,UCAYALI,PURUS,16.370,32.000,0.680000,0
2017,06,AMAZONAS,BAGUA,16.800,22.000,1.143452,0
2017,06,AMAZONAS,CHACHAPOYAS,23.000,43.000,1.286957,0
2017,06,AMAZONAS,LUYA,21.000,30.000,1.888571,0
2017,06,AMAZONAS,UTCUBAMBA,503.500,578.000,1.236346,0
2017,06,ANCASH,CASMA,33.000,53.000,1.831818,0
2017,06,ANCASH,HUARMEY,3.000,4.000,1.500000,0
2017,06,ANCASH,HUAYLAS,11.000,12.000,1.822727,0
2017,06,ANCASH,SANTA,4.000,5.000,1.800000,0
2017,06,APURIMAC,ABANCAY,7.000,29.500,1.000000,0
2017,06,APURIMAC,ANDAHUAYLAS,0.000,14.000,0.000000,1
2017,06,APURIMAC,AYMARAES,1.500,5.000,0.700000,0
2017,06,APURIMAC,CHINCHEROS,0.000,25.000,0.000000,1
2017,06,APURIMAC,GRAU,0.000,2.000,0.000000,1
2017,06,AREQUIPA,CARAVELI,0.000,3.000,0.000000,1
2017,06,AREQUIPA,LA UNION,0.000,10.000,0.000000,1
2017,06,AYACUCHO,HUAMANGA,1.830,4.330,1.520000,0
2017,06,AYACUCHO,HUANTA,9.000,10.170,1.865000,0
2017,06,AYACUCHO,LA MAR,18.750,19.750,1.285600,0
2017,06,AYACUCHO,LUCANAS,18.000,16.000,3.512222,0
2017,06,AYACUCHO,PARINACOCHAS,3.000,2.000,1.833333,0
2017,06,AYACUCHO,PAUCAR DEL SARA SARA,9.000,9.000,7.600000,0
2017,06,AYACUCHO,SUCRE,0.000,5.000,0.000000,1
2017,06,AYACUCHO,VILCAS HUAMAN,7.000,8.500,1.521429,0
2017,06,CAJAMARCA,CAJABAMBA,5.800,16.000,1.218966,0
2017,06,CAJAMARCA,CHOTA,27.000,32.250,1.100000,0
2017,06,CAJAMARCA,JAEN,6.867,16.000,0.741729,0
2017,06,CAJAMARCA,SAN IGNACIO,6.530,10.000,0.755666,0
2017,06,CAJAMARCA,SAN MARCOS,1.877,10.000,1.100000,0
2017,06,CAJAMARCA,SAN MIGUEL,30.500,30.000,1.480328,0
2017,06,CAJAMARCA,SANTA CRUZ,5.000,4.500,1.280000,0
2017,06,CUSCO,LA CONVENCION,49.000,288.000,1.850000,0
2017,06,HUANCAVELICA,ACOBAMBA,5.400,4.000,0.574074,0
2017,06,HUANCAVELICA,ANGARAES,2.620,3.000,0.612366,0
2017,06,HUANCAVELICA,CASTROVIRREYNA,3.309,2.000,0.500000,0
2017,06,HUANCAVELICA,CHURCAMPA,8.300,7.000,0.883133,0
2017,06,HUANCAVELICA,HUAYTARA,3.820,3.000,0.818639,0
2017,06,HUANCAVELICA,TAYACAJA,23.800,16.000,0.623529,0
2017,06,HUANUCO,HUACAYBAMBA,3.500,9.000,2.500000,0
2017,06,HUANUCO,HUAMALIES,22.000,18.000,0.750000,0
2017,06,HUANUCO,HUANUCO,12.600,11.250,1.473175,0
2017,06,HUANUCO,LEONCIO PRADO,147.000,103.000,0.834449,0
2017,06,HUANUCO,MARAÑON,6.000,7.000,0.900000,0
2017,06,HUANUCO,PUERTO INCA,22.000,16.000,0.938364,0
2017,06,ICA,CHINCHA,0.000,4.000,0.000000,1
2017,06,ICA,ICA,41.400,20.720,1.469324,0
2017,06,ICA,NASCA,74.920,12.590,1.202429,0
2017,06,ICA,PALPA,0.420,3.109,2.500000,0
2017,06,ICA,PISCO,0.000,14.400,0.000000,1
2017,06,JUNIN,CHANCHAMAYO,166.900,197.000,0.800000,0
2017,06,JUNIN,HUANCAYO,8.800,13.000,0.850000,0
2017,06,JUNIN,SATIPO,282.300,177.000,1.057492,0
2017,06,LA LIBERTAD,BOLIVAR,7.860,15.500,0.743944,0
2017,06,LA LIBERTAD,CHEPEN,0.000,15.000,0.000000,1
2017,06,LA LIBERTAD,GRAN CHIMU,0.510,2.500,0.730000,0
2017,06,LA LIBERTAD,OTUZCO,1.900,2.000,0.750000,0
2017,06,LA LIBERTAD,PATAZ,10.050,11.250,0.741970,0
2017,06,LA LIBERTAD,SANCHEZ CARRION,1.270,11.500,0.740000,0
2017,06,LA LIBERTAD,VIRU,0.790,7.000,0.740000,0
2017,06,LAMBAYEQUE,CHICLAYO,0.000,8.000,0.000000,1
2017,06,LAMBAYEQUE,FERREÑAFE,33.000,19.000,0.300000,0
2017,06,LAMBAYEQUE,LAMBAYEQUE,4209.000,2098.000,0.423901,0
2017,06,LIMA,CAÑETE,0.000,3.000,0.000000,1
2017,06,LIMA,HUAURA,12.000,25.000,1.966667,0
2017,06,LORETO,ALTO AMAZONAS,237.000,479.000,0.929578,0
2017,06,LORETO,DATEM DEL MARAÑON,30.000,50.000,0.921333,0
2017,06,LORETO,LORETO,40.000,92.000,0.915000,0
2017,06,LORETO,MARISCAL RAMON CASTILLA,46.000,69.000,0.923261,0
2017,06,LORETO,MAYNAS,490.000,932.000,0.939102,0
2017,06,LORETO,PUTUMAYO,15.000,26.000,0.900000,0
2017,06,LORETO,REQUENA,43.000,63.000,0.912558,0
2017,06,LORETO,UCAYALI,92.000,183.000,0.932391,0
2017,06,MADRE DE DIOS,MANU,6.500,23.500,1.849231,0
2017,06,MADRE DE DIOS,TAHUAMANU,6.500,23.000,1.530769,0
2017,06,MADRE DE DIOS,TAMBOPATA,19.500,82.500,1.717436,0
2017,06,MOQUEGUA,GENERAL SANCHEZ CERRO,0.000,3.000,0.000000,1
2017,06,MOQUEGUA,MARISCAL NIETO,6.620,5.000,2.000000,0
2017,06,PASCO,OXAPAMPA,104.170,10.000,0.500000,0
2017,06,PIURA,AYABACA,9.000,86.000,0.488889,0
2017,06,PIURA,HUANCABAMBA,9.000,42.000,0.800000,0
2017,06,PIURA,MORROPON,1047.000,1450.000,0.693066,0
2017,06,PIURA,PAITA,4.000,4.000,0.500000,0
2017,06,PIURA,PIURA,2506.000,10569.000,1.269753,0
2017,06,PIURA,SECHURA,2.000,6.000,1.000000,0
2017,06,PIURA,SULLANA,1034.000,4108.000,1.000000,0
2017,06,PUNO,CARABAYA,3.000,1.000,0.800000,0
2017,06,PUNO,SANDIA,21.000,5.000,0.885714,0
2017,06,SAN MARTIN,BELLAVISTA,21.000,30.400,0.773810,0
2017,06,SAN MARTIN,EL DORADO,12.000,13.000,0.383333,0
2017,06,SAN MARTIN,HUALLAGA,22.000,45.500,0.986364,0
2017,06,SAN MARTIN,LAMAS,72.000,58.000,0.688889,0
2017,06,SAN MARTIN,MARISCAL CACERES,32.500,30.000,1.048154,0
2017,06,SAN MARTIN,MOYOBAMBA,32.000,83.000,0.915625,0
2017,06,SAN MARTIN,PICOTA,75.000,82.500,1.024000,0
2017,06,SAN MARTIN,RIOJA,12.000,19.000,0.600000,0
2017,06,SAN MARTIN,SAN MARTIN,98.200,84.000,0.482485,0
2017,06,SAN MARTIN,TOCACHE,22.000,33.000,0.509091,0
2017,06,TUMBES,CONTRALMIRANTE VILLAR,219.000,127.170,0.880000,0
2017,06,TUMBES,TUMBES,138.670,343.810,1.164563,0
2017,06,TUMBES,ZARUMILLA,1572.980,1577.800,1.356888,0
2017,06,UCAYALI,ATALAYA,156.390,188.000,0.612074,0
2017,06,UCAYALI,CORONEL PORTILLO,572.110,1554.140,0.577502,0
2017,06,UCAYALI,PADRE ABAD,268.479,443.990,0.631966,0
2017,06,UCAYALI,PURUS,19.800,32.000,0.670000,0
2017,07,AMAZONAS,BAGUA,14.500,22.000,1.751724,0
2017,07,AMAZONAS,CHACHAPOYAS,22.500,43.000,1.333244,0
2017,07,AMAZONAS,LUYA,18.500,30.000,1.843243,0
2017,07,AMAZONAS,UTCUBAMBA,502.000,578.000,0.558964,0
2017,07,ANCASH,CASMA,27.000,53.000,2.000000,0
2017,07,ANCASH,HUARMEY,2.000,4.000,2.000000,0
2017,07,ANCASH,HUAYLAS,8.000,12.000,2.125000,0
2017,07,ANCASH,SANTA,4.000,5.000,2.000000,0
2017,07,APURIMAC,ABANCAY,21.000,29.500,1.257143,0
2017,07,APURIMAC,ANDAHUAYLAS,0.000,14.000,0.000000,1
2017,07,APURIMAC,AYMARAES,1.800,5.000,0.700000,0
2017,07,APURIMAC,CHINCHEROS,0.000,25.000,0.000000,1
2017,07,APURIMAC,GRAU,2.000,2.000,0.900000,0
2017,07,AREQUIPA,CARAVELI,0.000,3.000,0.000000,1
2017,07,AREQUIPA,LA UNION,0.000,10.000,0.000000,1
2017,07,AYACUCHO,HUAMANGA,2.000,4.330,6.000000,0
2017,07,AYACUCHO,HUANTA,8.500,10.000,2.029412,0
2017,07,AYACUCHO,LA MAR,14.000,19.670,1.289286,0
2017,07,AYACUCHO,LUCANAS,11.000,16.000,3.450000,0
2017,07,AYACUCHO,PARINACOCHAS,1.000,2.000,1.900000,0
2017,07,AYACUCHO,PAUCAR DEL SARA SARA,6.000,9.000,10.000000,0
2017,07,AYACUCHO,SUCRE,0.000,5.000,0.000000,1
2017,07,AYACUCHO,VILCAS HUAMAN,16.000,8.500,1.914062,0
2017,07,CAJAMARCA,CAJABAMBA,3.100,16.000,1.493548,0
2017,07,CAJAMARCA,CHOTA,12.000,32.250,1.591667,0
2017,07,CAJAMARCA,JAEN,4.630,16.000,1.097603,0
2017,07,CAJAMARCA,SAN IGNACIO,6.370,10.000,5.200000,0
2017,07,CAJAMARCA,SAN MARCOS,2.500,10.000,2.000000,0
2017,07,CAJAMARCA,SAN MIGUEL,5.000,30.000,1.500000,0
2017,07,CAJAMARCA,SANTA CRUZ,2.000,4.500,2.200000,0
2017,07,CUSCO,LA CONVENCION,40.000,288.000,2.160000,0
2017,07,HUANCAVELICA,ACOBAMBA,2.100,4.000,0.600000,0
2017,07,HUANCAVELICA,ANGARAES,1.050,3.000,0.670571,0
2017,07,HUANCAVELICA,CASTROVIRREYNA,0.300,2.000,0.500000,0
2017,07,HUANCAVELICA,CHURCAMPA,5.300,7.000,0.815094,0
2017,07,HUANCAVELICA,HUAYTARA,0.000,3.000,0.000000,1
2017,07,HUANCAVELICA,TAYACAJA,10.600,16.000,0.545283,0
2017,07,HUANUCO,HUACAYBAMBA,0.000,9.000,0.000000,1
2017,07,HUANUCO,HUAMALIES,13.000,18.000,1.500000,0
2017,07,HUANUCO,HUANUCO,10.400,11.250,3.598365,0
2017,07,HUANUCO,LEONCIO PRADO,91.500,103.000,1.651038,0
2017,07,HUANUCO,MARAÑON,2.500,7.000,2.000000,0
2017,07,HUANUCO,PUERTO INCA,15.000,16.000,1.909333,0
2017,07,ICA,CHINCHA,0.000,4.000,0.000000,1
2017,07,ICA,ICA,44.050,20.720,2.694098,0
2017,07,ICA,NASCA,185.200,12.590,2.766793,0
2017,07,ICA,PALPA,0.000,3.109,0.000000,1
2017,07,ICA,PISCO,0.000,14.400,0.000000,1
2017,07,JUNIN,CHANCHAMAYO,125.500,197.000,1.831474,0
2017,07,JUNIN,HUANCAYO,4.400,13.000,2.100000,0
2017,07,JUNIN,SATIPO,154.500,175.000,1.460065,0
2017,07,LA LIBERTAD,BOLIVAR,7.769,15.500,1.400000,0
2017,07,LA LIBERTAD,CHEPEN,0.000,15.000,0.000000,1
2017,07,LA LIBERTAD,GRAN CHIMU,0.270,2.500,1.600000,0
2017,07,LA LIBERTAD,OTUZCO,3.920,2.000,1.600000,0
2017,07,LA LIBERTAD,PATAZ,4.480,11.250,1.549732,0
2017,07,LA LIBERTAD,SANCHEZ CARRION,0.730,11.500,1.300000,0
2017,07,LA LIBERTAD,VIRU,0.800,7.000,2.600000,0
2017,07,LAMBAYEQUE,CHICLAYO,0.000,8.000,0.000000,1
2017,07,LAMBAYEQUE,FERREÑAFE,0.000,19.000,0.000000,1
2017,07,LAMBAYEQUE,LAMBAYEQUE,1455.000,2098.000,2.068729,0
2017,07,LIMA,CAÑETE,0.000,3.000,0.000000,1
2017,07,LIMA,HUAURA,0.000,24.000,0.000000,1
2017,07,LORETO,ALTO AMAZONAS,242.000,479.000,0.929669,0
2017,07,LORETO,DATEM DEL MARAÑON,32.000,50.000,0.920625,0
2017,07,LORETO,LORETO,39.000,92.000,0.926667,0
2017,07,LORETO,MARISCAL RAMON CASTILLA,42.000,69.000,0.918095,0
2017,07,LORETO,MAYNAS,410.000,932.000,0.934488,0
2017,07,LORETO,PUTUMAYO,14.000,26.000,0.920000,0
2017,07,LORETO,REQUENA,35.000,63.000,0.912571,0
2017,07,LORETO,UCAYALI,93.000,183.000,0.928387,0
2017,07,MADRE DE DIOS,MANU,6.500,23.500,2.112308,0
2017,07,MADRE DE DIOS,TAHUAMANU,4.900,23.000,2.163265,0
2017,07,MADRE DE DIOS,TAMBOPATA,24.100,82.500,1.823237,0
2017,07,MOQUEGUA,GENERAL SANCHEZ CERRO,0.000,3.000,0.000000,1
2017,07,MOQUEGUA,MARISCAL NIETO,0.000,5.000,0.000000,1
2017,07,PASCO,OXAPAMPA,0.000,10.000,0.000000,1
2017,07,PIURA,AYABACA,2.000,86.000,5.000000,0
2017,07,PIURA,HUANCABAMBA,5.000,42.000,0.800000,0
2017,07,PIURA,MORROPON,1008.000,1450.000,2.004970,0
2017,07,PIURA,PAITA,0.000,4.000,0.000000,1
2017,07,PIURA,PIURA,1214.000,10569.000,4.990939,0
2017,07,PIURA,SECHURA,2.000,6.000,4.500000,0
2017,07,PIURA,SULLANA,600.000,4108.000,5.000000,0
2017,07,PUNO,CARABAYA,4.000,1.000,0.700000,0
2017,07,PUNO,SANDIA,9.000,5.000,1.033333,0
2017,07,SAN MARTIN,BELLAVISTA,10.000,30.400,0.975000,0
2017,07,SAN MARTIN,EL DORADO,6.000,13.000,2.300000,0
2017,07,SAN MARTIN,HUALLAGA,15.000,45.500,1.453333,0
2017,07,SAN MARTIN,LAMAS,29.000,58.000,0.912069,0
2017,07,SAN MARTIN,MARISCAL CACERES,29.000,30.000,1.102586,0
2017,07,SAN MARTIN,MOYOBAMBA,22.000,83.000,2.227273,0
2017,07,SAN MARTIN,PICOTA,39.000,82.500,1.487179,0
2017,07,SAN MARTIN,RIOJA,8.000,19.000,0.975000,0
2017,07,SAN MARTIN,SAN MARTIN,24.100,85.000,0.558091,0
2017,07,SAN MARTIN,TOCACHE,25.500,33.000,0.896078,0
2017,07,TUMBES,CONTRALMIRANTE VILLAR,69.700,128.170,4.000000,0
2017,07,TUMBES,TUMBES,83.988,348.810,4.254911,0
2017,07,TUMBES,ZARUMILLA,544.571,1593.300,2.882416,0
2017,07,UCAYALI,ATALAYA,145.469,188.000,0.618929,0
2017,07,UCAYALI,CORONEL PORTILLO,511.750,1554.140,0.585474,0
2017,07,UCAYALI,PADRE ABAD,196.000,461.990,0.655286,0
2017,07,UCAYALI,PURUS,10.670,32.000,0.700000,0
2017,08,AMAZONAS,BAGUA,11.400,22.000,2.084211,0
2017,08,AMAZONAS,CHACHAPOYAS,23.000,43.000,7.782609,0
2017,08,AMAZONAS,LUYA,25.650,30.000,12.000000,0
2017,08,AMAZONAS,UTCUBAMBA,312.000,578.000,5.887821,0
2017,08,ANCASH,CASMA,22.000,53.000,3.636364,0
2017,08,ANCASH,HUARMEY,3.000,4.000,5.000000,0
2017,08,ANCASH,HUAYLAS,9.000,12.000,5.555556,0
2017,08,ANCASH,SANTA,4.000,5.000,5.200000,0
2017,08,APURIMAC,ABANCAY,7.000,29.500,1.642857,0
2017,08,APURIMAC,ANDAHUAYLAS,0.000,14.000,0.000000,1
2017,08,APURIMAC,AYMARAES,1.300,5.000,0.700000,0
2017,08,APURIMAC,CHINCHEROS,0.000,25.000,0.000000,1
2017,08,APURIMAC,GRAU,0.000,2.000,0.000000,1
2017,08,AREQUIPA,CARAVELI,0.000,3.000,0.000000,1
2017,08,AREQUIPA,LA UNION,0.000,10.000,0.000000,1
2017,08,AYACUCHO,HUAMANGA,1.140,3.860,8.140000,0
2017,08,AYACUCHO,HUANTA,11.000,10.000,1.920455,0
2017,08,AYACUCHO,LA MAR,9.000,19.500,1.111111,0
2017,08,AYACUCHO,LUCANAS,0.000,16.000,0.000000,1
2017,08,AYACUCHO,PARINACOCHAS,0.000,2.000,0.000000,1
2017,08,AYACUCHO,PAUCAR DEL SARA SARA,0.000,9.000,0.000000,1
2017,08,AYACUCHO,SUCRE,0.000,5.000,0.000000,1
2017,08,AYACUCHO,VILCAS HUAMAN,5.500,8.500,1.222727,0
2017,08,CAJAMARCA,CAJABAMBA,2.800,16.000,1.964286,0
2017,08,CAJAMARCA,CHOTA,22.000,32.250,2.184091,0
2017,08,CAJAMARCA,JAEN,3.050,16.000,3.224590,0
2017,08,CAJAMARCA,SAN IGNACIO,5.500,10.000,1.387273,0
2017,08,CAJAMARCA,SAN MARCOS,1.800,10.000,7.500000,0
2017,08,CAJAMARCA,SAN MIGUEL,0.000,30.000,0.000000,1
2017,08,CAJAMARCA,SANTA CRUZ,0.000,4.500,0.000000,1
2017,08,CUSCO,LA CONVENCION,47.000,288.000,8.000000,0
2017,08,HUANCAVELICA,ACOBAMBA,0.000,4.000,0.000000,1
2017,08,HUANCAVELICA,ANGARAES,0.000,3.000,0.000000,1
2017,08,HUANCAVELICA,CASTROVIRREYNA,0.000,2.000,0.000000,1
2017,08,HUANCAVELICA,CHURCAMPA,1.600,7.000,0.900000,0
2017,08,HUANCAVELICA,HUAYTARA,0.000,3.000,0.000000,1
2017,08,HUANCAVELICA,TAYACAJA,0.800,16.000,0.550000,0
2017,08,HUANUCO,HUACAYBAMBA,0.000,9.000,0.000000,1
2017,08,HUANUCO,HUAMALIES,11.000,22.000,1.900000,0
2017,08,HUANUCO,HUANUCO,8.500,11.250,6.554118,0
2017,08,HUANUCO,LEONCIO PRADO,48.000,103.000,2.080417,0
2017,08,HUANUCO,MARAÑON,1.200,7.000,2.500000,0
2017,08,HUANUCO,PUERTO INCA,14.800,16.000,3.071622,0
2017,08,ICA,CHINCHA,0.000,4.000,0.000000,1
2017,08,ICA,ICA,46.800,20.720,8.006410,0
2017,08,ICA,NASCA,65.000,12.590,8.000000,0
2017,08,ICA,PALPA,5.450,3.109,7.128440,0
2017,08,ICA,PISCO,140.000,14.400,8.500000,0
2017,08,JUNIN,CHANCHAMAYO,43.200,188.000,3.949074,0
2017,08,JUNIN,HUANCAYO,3.300,13.000,5.000000,0
2017,08,JUNIN,SATIPO,66.800,172.000,1.634431,0
2017,08,LA LIBERTAD,ASCOPE,0.000,4.000,0.000000,1
2017,08,LA LIBERTAD,BOLIVAR,10.340,15.500,1.473501,0
2017,08,LA LIBERTAD,CHEPEN,0.000,15.000,0.000000,1
2017,08,LA LIBERTAD,GRAN CHIMU,0.000,2.500,0.000000,1
2017,08,LA LIBERTAD,OTUZCO,0.900,2.000,1.650000,0
2017,08,LA LIBERTAD,PATAZ,4.470,11.250,1.585235,0
2017,08,LA LIBERTAD,SANCHEZ CARRION,0.700,11.500,1.540000,0
2017,08,LA LIBERTAD,VIRU,0.520,7.000,2.600000,0
2017,08,LAMBAYEQUE,CHICLAYO,0.000,8.000,0.000000,1
2017,08,LAMBAYEQUE,FERREÑAFE,3.000,19.000,5.500000,0
2017,08,LAMBAYEQUE,LAMBAYEQUE,131.000,2098.000,2.400000,0
2017,08,LIMA,CAÑETE,0.000,3.000,0.000000,1
2017,08,LIMA,HUAURA,0.000,24.000,0.000000,1
2017,08,LIMA,LIMA,0.000,2.000,0.000000,1
2017,08,LORETO,ALTO AMAZONAS,233.000,479.000,0.928155,0
2017,08,LORETO,DATEM DEL MARAÑON,24.000,50.000,0.922917,0
2017,08,LORETO,LORETO,40.000,92.000,0.940500,0
2017,08,LORETO,MARISCAL RAMON CASTILLA,36.000,69.000,0.921667,0
2017,08,LORETO,MAYNAS,416.000,932.000,0.935745,0
2017,08,LORETO,PUTUMAYO,12.000,26.000,0.931667,0
2017,08,LORETO,REQUENA,32.000,63.000,0.921563,0
2017,08,LORETO,UCAYALI,83.000,183.000,0.935783,0
2017,08,MADRE DE DIOS,MANU,6.800,23.500,2.102941,0
2017,08,MADRE DE DIOS,TAHUAMANU,4.800,23.000,2.322917,0
2017,08,MADRE DE DIOS,TAMBOPATA,23.000,82.500,2.815217,0
2017,08,MOQUEGUA,GENERAL SANCHEZ CERRO,0.000,3.000,0.000000,1
2017,08,MOQUEGUA,MARISCAL NIETO,0.000,5.000,0.000000,1
2017,08,PASCO,OXAPAMPA,0.000,10.000,0.000000,1
2017,08,PIURA,AYABACA,2.000,86.000,4.900000,0
2017,08,PIURA,HUANCABAMBA,6.000,42.000,1.150000,0
2017,08,PIURA,MORROPON,69.000,1450.000,3.040000,0
2017,08,PIURA,PAITA,2.000,4.000,5.000000,0
2017,08,PIURA,PIURA,552.000,10568.000,7.097826,0
2017,08,PIURA,SECHURA,2.000,6.000,5.000000,0
2017,08,PIURA,SULLANA,1490.000,4108.000,7.995973,0
2017,08,PUNO,CARABAYA,0.000,1.000,0.000000,1
2017,08,PUNO,SANDIA,0.000,5.000,0.000000,1
2017,08,SAN MARTIN,BELLAVISTA,2.650,30.400,2.849057,0
2017,08,SAN MARTIN,EL DORADO,3.500,13.000,6.000000,0
2017,08,SAN MARTIN,HUALLAGA,9.000,45.500,1.977778,0
2017,08,SAN MARTIN,LAMAS,20.800,58.000,5.807692,0
2017,08,SAN MARTIN,MARISCAL CACERES,21.000,30.000,1.557143,0
2017,08,SAN MARTIN,MOYOBAMBA,16.000,83.000,2.562500,0
2017,08,SAN MARTIN,PICOTA,13.000,82.500,2.423077,0
2017,08,SAN MARTIN,RIOJA,10.000,19.000,1.000000,0
2017,08,SAN MARTIN,SAN MARTIN,17.600,86.000,1.178409,0
2017,08,SAN MARTIN,TOCACHE,6.400,33.000,0.900000,0
2017,08,TUMBES,CONTRALMIRANTE VILLAR,11.089,133.170,4.750000,0
2017,08,TUMBES,TUMBES,61.540,348.810,5.193143,0
2017,08,TUMBES,ZARUMILLA,17.947,1618.300,7.500000,0
2017,08,UCAYALI,ATALAYA,108.229,188.000,0.655171,0
2017,08,UCAYALI,CORONEL PORTILLO,335.807,1571.140,0.626044,0
2017,08,UCAYALI,PADRE ABAD,126.159,464.990,0.720192,0
2017,08,UCAYALI,PURUS,2.850,32.000,0.700000,0
2017,09,AMAZONAS,BAGUA,9.300,22.000,3.000000,0
2017,09,AMAZONAS,CHACHAPOYAS,22.500,43.000,7.088889,0
2017,09,AMAZONAS,LUYA,23.200,30.000,11.637931,0
2017,09,AMAZONAS,UTCUBAMBA,303.000,578.000,5.904290,0
2017,09,ANCASH,CASMA,24.000,53.000,3.000000,0
2017,09,ANCASH,HUARMEY,3.000,4.000,3.200000,0
2017,09,ANCASH,HUAYLAS,8.000,12.000,3.000000,0
2017,09,ANCASH,SANTA,5.000,5.000,3.000000,0
2017,09,APURIMAC,ABANCAY,4.000,29.500,1.825000,0
2017,09,APURIMAC,ANDAHUAYLAS,0.000,14.000,0.000000,1
2017,09,APURIMAC,AYMARAES,0.800,5.000,0.700000,0
2017,09,APURIMAC,CHINCHEROS,0.000,25.000,0.000000,1
2017,09,APURIMAC,GRAU,2.000,2.000,0.900000,0
2017,09,AREQUIPA,CARAVELI,0.000,3.000,0.000000,1
2017,09,AREQUIPA,LA UNION,0.000,10.000,0.000000,1
2017,09,AYACUCHO,HUAMANGA,1.600,4.400,3.600000,0
2017,09,AYACUCHO,HUANTA,3.000,10.000,1.200000,0
2017,09,AYACUCHO,LA MAR,18.330,19.670,1.060666,0
2017,09,AYACUCHO,LUCANAS,2.000,16.000,1.510000,0
2017,09,AYACUCHO,PARINACOCHAS,0.000,2.000,0.000000,1
2017,09,AYACUCHO,PAUCAR DEL SARA SARA,0.000,9.000,0.000000,1
2017,09,AYACUCHO,SUCRE,0.000,5.000,0.000000,1
2017,09,AYACUCHO,VILCAS HUAMAN,0.000,8.500,0.000000,1
2017,09,CAJAMARCA,CAJABAMBA,2.200,16.000,1.345455,0
2017,09,CAJAMARCA,CHOTA,10.000,32.250,2.200000,0
2017,09,CAJAMARCA,JAEN,3.600,16.000,5.356389,0
2017,09,CAJAMARCA,SAN IGNACIO,4.350,10.000,1.414943,0
2017,09,CAJAMARCA,SAN MARCOS,1.800,10.000,7.000000,0
2017,09,CAJAMARCA,SAN MIGUEL,6.000,30.000,0.900000,0
2017,09,CAJAMARCA,SANTA CRUZ,0.000,4.500,0.000000,1
2017,09,CUSCO,LA CONVENCION,87.000,288.000,2.820690,0
2017,09,HUANCAVELICA,ACOBAMBA,0.000,4.000,0.000000,1
2017,09,HUANCAVELICA,ANGARAES,0.000,3.000,0.000000,1
2017,09,HUANCAVELICA,CASTROVIRREYNA,0.000,2.000,0.000000,1
2017,09,HUANCAVELICA,CHURCAMPA,0.000,7.000,0.000000,1
2017,09,HUANCAVELICA,HUAYTARA,0.000,3.000,0.000000,1
2017,09,HUANCAVELICA,TAYACAJA,0.000,16.000,0.000000,1
2017,09,HUANUCO,HUACAYBAMBA,0.000,9.000,0.000000,1
2017,09,HUANUCO,HUAMALIES,10.000,22.000,4.600000,0
2017,09,HUANUCO,HUANUCO,6.500,11.250,5.312308,0
2017,09,HUANUCO,LEONCIO PRADO,30.000,103.000,4.985667,0
2017,09,HUANUCO,MARAÑON,0.000,7.000,0.000000,1
2017,09,HUANUCO,PUERTO INCA,7.000,16.000,2.942857,0
2017,09,ICA,CHINCHA,0.000,4.000,0.000000,1
2017,09,ICA,ICA,3.600,20.720,3.972222,0
2017,09,ICA,NASCA,0.000,12.590,0.000000,1
2017,09,ICA,PALPA,1.210,3.109,3.500000,0
2017,09,ICA,PISCO,65.000,24.400,6.000000,0
2017,09,JUNIN,CHANCHAMAYO,21.600,188.000,3.584259,0
2017,09,JUNIN,HUANCAYO,3.300,13.000,4.500000,0
2017,09,JUNIN,SATIPO,53.700,172.000,2.608752,0
2017,09,LA LIBERTAD,ASCOPE,0.000,4.000,0.000000,1
2017,09,LA LIBERTAD,BOLIVAR,9.160,15.500,1.239520,0
2017,09,LA LIBERTAD,CHEPEN,0.000,15.000,0.000000,1
2017,09,LA LIBERTAD,GRAN CHIMU,0.000,2.500,0.000000,1
2017,09,LA LIBERTAD,OTUZCO,0.000,2.000,0.000000,1
2017,09,LA LIBERTAD,PATAZ,0.690,11.250,1.600000,0
2017,09,LA LIBERTAD,SANCHEZ CARRION,0.770,11.500,1.560000,0
2017,09,LA LIBERTAD,VIRU,0.630,7.000,2.300000,0
2017,09,LAMBAYEQUE,CHICLAYO,0.000,8.000,0.000000,1
2017,09,LAMBAYEQUE,FERREÑAFE,0.000,19.000,0.000000,1
2017,09,LAMBAYEQUE,LAMBAYEQUE,131.000,2098.000,5.000000,0
2017,09,LIMA,CAÑETE,0.000,3.000,0.000000,1
2017,09,LIMA,HUAURA,0.000,24.000,0.000000,1
2017,09,LIMA,LIMA,0.000,2.000,0.000000,1
2017,09,LORETO,ALTO AMAZONAS,239.000,479.000,0.928075,0
2017,09,LORETO,DATEM DEL MARAÑON,21.000,50.000,0.929524,0
2017,09,LORETO,LORETO,37.000,92.000,0.948378,0
2017,09,LORETO,MARISCAL RAMON CASTILLA,30.000,69.000,0.943333,0
2017,09,LORETO,MAYNAS,417.000,932.000,0.935492,0
2017,09,LORETO,PUTUMAYO,14.000,26.000,0.950000,0
2017,09,LORETO,REQUENA,22.000,63.000,0.933182,0
2017,09,LORETO,UCAYALI,82.000,183.000,0.963049,0
2017,09,MADRE DE DIOS,MANU,7.829,24.500,2.272768,0
2017,09,MADRE DE DIOS,TAHUAMANU,6.200,23.000,2.225806,0
2017,09,MADRE DE DIOS,TAMBOPATA,15.950,84.500,2.869906,0
2017,09,MOQUEGUA,GENERAL SANCHEZ CERRO,0.000,3.000,0.000000,1
2017,09,MOQUEGUA,MARISCAL NIETO,0.000,5.000,0.000000,1
2017,09,PASCO,OXAPAMPA,0.000,10.000,0.000000,1
2017,09,PIURA,AYABACA,5.000,86.000,2.000000,0
2017,09,PIURA,HUANCABAMBA,4.000,42.000,1.325000,0
2017,09,PIURA,MORROPON,124.000,1450.000,2.270000,0
2017,09,PIURA,PAITA,2.000,4.000,5.000000,0
2017,09,PIURA,PIURA,407.000,10569.000,7.658477,0
2017,09,PIURA,SECHURA,2.000,6.000,7.000000,0
2017,09,PIURA,SULLANA,1410.000,4108.000,5.000000,0
2017,09,PUNO,CARABAYA,0.000,1.000,0.000000,1
2017,09,PUNO,SANDIA,0.000,5.000,0.000000,1
2017,09,SAN MARTIN,BELLAVISTA,1.400,30.400,3.160714,0
2017,09,SAN MARTIN,EL DORADO,4.500,13.000,7.000000,0
2017,09,SAN MARTIN,HUALLAGA,9.000,45.500,1.977778,0
2017,09,SAN MARTIN,LAMAS,19.200,59.000,6.093750,0
2017,09,SAN MARTIN,MARISCAL CACERES,24.000,30.000,1.526042,0
2017,09,SAN MARTIN,MOYOBAMBA,14.000,83.000,2.185714,0
2017,09,SAN MARTIN,PICOTA,11.000,82.500,2.381818,0
2017,09,SAN MARTIN,RIOJA,6.000,19.000,1.000000,0
2017,09,SAN MARTIN,SAN MARTIN,15.700,86.000,1.061783,0
2017,09,SAN MARTIN,TOCACHE,3.200,33.000,0.900000,0
2017,09,TUMBES,CONTRALMIRANTE VILLAR,10.369,133.170,6.800000,0
2017,09,TUMBES,TUMBES,211.830,384.310,5.990558,0
2017,09,TUMBES,ZARUMILLA,260.855,1634.300,7.841257,0
2017,09,UCAYALI,ATALAYA,80.570,188.000,0.660631,0
2017,09,UCAYALI,CORONEL PORTILLO,298.830,1572.640,0.611587,0
2017,09,UCAYALI,PADRE ABAD,141.468,464.990,0.719638,0
2017,09,UCAYALI,PURUS,4.950,32.000,0.780000,0
2017,10,AMAZONAS,BAGUA,9.650,22.000,3.000000,0
2017,10,AMAZONAS,CHACHAPOYAS,22.600,43.000,7.357522,0
2017,10,AMAZONAS,LUYA,18.000,30.000,4.000000,0
2017,10,AMAZONAS,UTCUBAMBA,339.000,578.000,5.933628,0
2017,10,ANCASH,CASMA,23.000,53.000,2.682609,0
2017,10,ANCASH,HUARMEY,2.000,4.000,2.800000,0
2017,10,ANCASH,HUAYLAS,10.000,12.000,2.350000,0
2017,10,ANCASH,SANTA,5.000,5.000,2.500000,0
2017,10,APURIMAC,ABANCAY,20.000,29.500,1.180000,0
2017,10,APURIMAC,ANDAHUAYLAS,0.000,14.000,0.000000,1
2017,10,APURIMAC,AYMARAES,0.900,5.000,0.700000,0
2017,10,APURIMAC,CHINCHEROS,0.000,25.000,0.000000,1
2017,10,APURIMAC,GRAU,0.000,2.000,0.000000,1
2017,10,AREQUIPA,CARAVELI,0.000,3.000,0.000000,1
2017,10,AREQUIPA,LA UNION,0.000,10.000,0.000000,1
2017,10,AYACUCHO,HUAMANGA,1.600,4.000,4.200000,0
2017,10,AYACUCHO,HUANTA,0.000,10.000,0.000000,1
2017,10,AYACUCHO,LA MAR,1.670,19.670,2.500000,0
2017,10,AYACUCHO,LUCANAS,3.000,16.000,1.500000,0
2017,10,AYACUCHO,PARINACOCHAS,0.000,2.000,0.000000,1
2017,10,AYACUCHO,PAUCAR DEL SARA SARA,0.000,9.000,0.000000,1
2017,10,AYACUCHO,SUCRE,0.000,5.000,0.000000,1
2017,10,AYACUCHO,VILCAS HUAMAN,0.000,8.500,0.000000,1
2017,10,CAJAMARCA,CAJABAMBA,1.400,16.000,1.264286,0
2017,10,CAJAMARCA,CHOTA,3.000,32.250,2.000000,0
2017,10,CAJAMARCA,JAEN,6.598,16.000,4.139936,0
2017,10,CAJAMARCA,SAN IGNACIO,2.000,10.000,1.300000,0
2017,10,CAJAMARCA,SAN MARCOS,4.510,10.000,4.880266,0
2017,10,CAJAMARCA,SAN MIGUEL,0.000,30.000,0.000000,1
2017,10,CAJAMARCA,SANTA CRUZ,0.000,4.500,0.000000,1
2017,10,CUSCO,LA CONVENCION,80.000,288.000,2.258500,0
2017,10,HUANCAVELICA,ACOBAMBA,0.000,4.000,0.000000,1
2017,10,HUANCAVELICA,ANGARAES,0.000,3.000,0.000000,1
2017,10,HUANCAVELICA,CASTROVIRREYNA,0.000,2.000,0.000000,1
2017,10,HUANCAVELICA,CHURCAMPA,0.000,7.000,0.000000,1
2017,10,HUANCAVELICA,HUAYTARA,0.000,3.000,0.000000,1
2017,10,HUANCAVELICA,TAYACAJA,0.000,16.000,0.000000,1
2017,10,HUANUCO,HUACAYBAMBA,0.000,9.000,0.000000,1
2017,10,HUANUCO,HUAMALIES,7.600,22.000,4.700000,0
2017,10,HUANUCO,HUANUCO,4.000,11.250,3.429500,0
2017,10,HUANUCO,LEONCIO PRADO,19.400,103.000,4.334021,0
2017,10,HUANUCO,MARAÑON,0.000,7.000,0.000000,1
2017,10,HUANUCO,PUERTO INCA,0.000,16.000,0.000000,1
2017,10,ICA,CHINCHA,0.000,4.000,0.000000,1
2017,10,ICA,ICA,0.000,20.720,0.000000,1
2017,10,ICA,NASCA,0.000,12.590,0.000000,1
2017,10,ICA,PALPA,0.000,3.109,0.000000,1
2017,10,ICA,PISCO,0.000,24.400,0.000000,1
2017,10,JUNIN,CHANCHAMAYO,65.700,186.000,2.370928,0
2017,10,JUNIN,HUANCAYO,0.200,13.000,3.500000,0
2017,10,JUNIN,SATIPO,66.900,172.000,2.177877,0
2017,10,LA LIBERTAD,ASCOPE,0.000,4.000,0.000000,1
2017,10,LA LIBERTAD,BOLIVAR,7.150,15.500,1.523860,0
2017,10,LA LIBERTAD,CHEPEN,0.000,15.000,0.000000,1
2017,10,LA LIBERTAD,GRAN CHIMU,0.000,2.500,0.000000,1
2017,10,LA LIBERTAD,OTUZCO,0.000,2.000,0.000000,1
2017,10,LA LIBERTAD,PATAZ,0.000,11.250,0.000000,1
2017,10,LA LIBERTAD,SANCHEZ CARRION,2.900,11.500,1.300000,0
2017,10,LA LIBERTAD,VIRU,0.480,7.000,1.520000,0
2017,10,LAMBAYEQUE,CHICLAYO,0.000,8.000,0.000000,1
2017,10,LAMBAYEQUE,FERREÑAFE,0.000,19.000,0.000000,1
2017,10,LAMBAYEQUE,LAMBAYEQUE,180.000,2098.000,2.415556,0
2017,10,LIMA,CAÑETE,0.000,3.000,0.000000,1
2017,10,LIMA,HUAURA,0.000,24.000,0.000000,1
2017,10,LIMA,LIMA,0.000,2.000,0.000000,1
2017,10,LORETO,ALTO AMAZONAS,2.000,479.000,0.930000,0
2017,10,LORETO,DATEM DEL MARAÑON,0.000,50.000,0.000000,1
2017,10,LORETO,LORETO,38.000,92.000,0.952632,0
2017,10,LORETO,MARISCAL RAMON CASTILLA,0.000,69.000,0.000000,1
2017,10,LORETO,MAYNAS,371.000,932.000,0.954178,0
2017,10,LORETO,PUTUMAYO,6.000,26.000,0.950000,0
2017,10,LORETO,REQUENA,17.000,63.000,0.939412,0
2017,10,LORETO,UCAYALI,70.000,183.000,0.965429,0
2017,10,MADRE DE DIOS,MANU,8.500,25.000,1.825882,0
2017,10,MADRE DE DIOS,TAHUAMANU,5.200,23.000,2.000000,0
2017,10,MADRE DE DIOS,TAMBOPATA,29.500,84.500,2.930508,0
2017,10,MOQUEGUA,GENERAL SANCHEZ CERRO,0.000,3.000,0.000000,1
2017,10,MOQUEGUA,MARISCAL NIETO,0.000,5.000,0.000000,1
2017,10,PASCO,OXAPAMPA,0.000,10.000,0.000000,1
2017,10,PIURA,AYABACA,0.000,86.000,0.000000,1
2017,10,PIURA,HUANCABAMBA,3.000,42.000,1.100000,0
2017,10,PIURA,MORROPON,154.000,1450.000,1.810000,0
2017,10,PIURA,PAITA,2.000,4.000,3.000000,0
2017,10,PIURA,PIURA,784.000,10623.000,2.110306,0
2017,10,PIURA,SECHURA,2.000,6.000,3.000000,0
2017,10,PIURA,SULLANA,1760.000,4108.000,3.000000,0
2017,10,PUNO,CARABAYA,0.000,1.000,0.000000,1
2017,10,PUNO,SANDIA,0.000,5.000,0.000000,1
2017,10,SAN MARTIN,BELLAVISTA,1.650,30.400,3.136364,0
2017,10,SAN MARTIN,EL DORADO,4.500,13.000,7.555556,0
2017,10,SAN MARTIN,HUALLAGA,37.000,45.500,1.772973,0
2017,10,SAN MARTIN,LAMAS,19.000,59.000,4.473684,0
2017,10,SAN MARTIN,MARISCAL CACERES,23.000,30.000,1.534783,0
2017,10,SAN MARTIN,MOYOBAMBA,10.000,83.000,2.440000,0
2017,10,SAN MARTIN,PICOTA,14.000,82.500,2.342857,0
2017,10,SAN MARTIN,RIOJA,5.000,19.000,0.900000,0
2017,10,SAN MARTIN,SAN MARTIN,8.400,86.000,1.184524,0
2017,10,SAN MARTIN,TOCACHE,3.300,33.000,0.900000,0
2017,10,TUMBES,CONTRALMIRANTE VILLAR,32.920,136.170,3.250000,0
2017,10,TUMBES,TUMBES,296.570,396.310,4.767390,0
2017,10,TUMBES,ZARUMILLA,773.269,1654.300,4.000000,0
2017,10,UCAYALI,ATALAYA,116.070,188.000,0.658069,0
2017,10,UCAYALI,CORONEL PORTILLO,324.200,1584.640,0.613435,0
2017,10,UCAYALI,PADRE ABAD,171.120,471.990,0.706621,0
2017,10,UCAYALI,PURUS,6.889,32.000,0.750000,0
2017,11,AMAZONAS,BAGUA,13.100,22.000,1.709924,0
2017,11,AMAZONAS,CHACHAPOYAS,24.000,43.000,2.020833,0
2017,11,AMAZONAS,LUYA,21.700,30.000,4.000000,0
2017,11,AMAZONAS,UTCUBAMBA,373.000,578.000,2.773458,0
2017,11,ANCASH,CASMA,24.000,53.000,1.604167,0
2017,11,ANCASH,HUARMEY,3.000,4.000,1.680000,0
2017,11,ANCASH,HUAYLAS,9.000,12.000,1.777778,0
2017,11,ANCASH,SANTA,4.000,5.000,1.800000,0
2017,11,APURIMAC,ABANCAY,5.000,29.500,1.800000,0
2017,11,APURIMAC,ANDAHUAYLAS,0.000,14.000,0.000000,1
2017,11,APURIMAC,AYMARAES,0.800,5.000,0.700000,0
2017,11,APURIMAC,CHINCHEROS,0.000,25.000,0.000000,1
2017,11,APURIMAC,GRAU,0.000,2.000,0.000000,1
2017,11,AREQUIPA,CARAVELI,0.000,3.000,0.000000,1
2017,11,AREQUIPA,LA UNION,0.000,10.000,0.000000,1
2017,11,AYACUCHO,HUAMANGA,1.800,3.400,4.400000,0
2017,11,AYACUCHO,HUANTA,0.000,10.000,0.000000,1
2017,11,AYACUCHO,LA MAR,1.000,19.670,1.670000,0
2017,11,AYACUCHO,LUCANAS,2.000,16.000,1.550000,0
2017,11,AYACUCHO,PARINACOCHAS,0.000,2.000,0.000000,1
2017,11,AYACUCHO,PAUCAR DEL SARA SARA,0.000,9.000,0.000000,1
2017,11,AYACUCHO,SUCRE,0.000,5.000,0.000000,1
2017,11,AYACUCHO,VILCAS HUAMAN,7.000,9.500,2.800000,0
2017,11,CAJAMARCA,CAJABAMBA,2.400,16.000,1.300000,0
2017,11,CAJAMARCA,CHOTA,1.000,32.250,1.500000,0
2017,11,CAJAMARCA,JAEN,9.989,16.000,2.187196,0
2017,11,CAJAMARCA,SAN IGNACIO,0.000,10.000,0.000000,1
2017,11,CAJAMARCA,SAN MARCOS,2.000,10.000,2.600000,0
2017,11,CAJAMARCA,SAN MIGUEL,0.000,30.000,0.000000,1
2017,11,CAJAMARCA,SANTA CRUZ,0.000,4.500,0.000000,1
2017,11,CUSCO,LA CONVENCION,94.000,288.000,1.630213,0
2017,11,HUANCAVELICA,ACOBAMBA,0.000,4.000,0.000000,1
2017,11,HUANCAVELICA,ANGARAES,0.000,3.000,0.000000,1
2017,11,HUANCAVELICA,CASTROVIRREYNA,0.000,2.000,0.000000,1
2017,11,HUANCAVELICA,CHURCAMPA,0.000,7.000,0.000000,1
2017,11,HUANCAVELICA,HUAYTARA,0.000,3.000,0.000000,1
2017,11,HUANCAVELICA,TAYACAJA,0.000,16.000,0.000000,1
2017,11,HUANUCO,HUACAYBAMBA,0.000,9.000,0.000000,1
2017,11,HUANUCO,HUAMALIES,6.700,22.000,2.000000,0
2017,11,HUANUCO,HUANUCO,2.500,11.250,1.340000,0
2017,11,HUANUCO,LEONCIO PRADO,14.300,103.000,1.812587,0
2017,11,HUANUCO,MARAÑON,0.000,7.000,0.000000,1
2017,11,HUANUCO,PUERTO INCA,0.000,10.000,0.000000,1
2017,11,ICA,CHINCHA,0.000,4.000,0.000000,1
2017,11,ICA,ICA,0.000,20.720,0.000000,1
2017,11,ICA,NASCA,0.000,12.590,0.000000,1
2017,11,ICA,PALPA,0.000,3.109,0.000000,1
2017,11,ICA,PISCO,0.000,35.400,0.000000,1
2017,11,JUNIN,CHANCHAMAYO,70.900,186.000,1.300000,0
2017,11,JUNIN,HUANCAYO,1.000,17.000,1.000000,0
2017,11,JUNIN,SATIPO,83.500,174.000,1.434611,0
2017,11,LA LIBERTAD,ASCOPE,0.000,4.000,0.000000,1
2017,11,LA LIBERTAD,BOLIVAR,6.000,15.500,1.200000,0
2017,11,LA LIBERTAD,CHEPEN,0.000,15.000,0.000000,1
2017,11,LA LIBERTAD,GRAN CHIMU,0.000,2.500,0.000000,1
2017,11,LA LIBERTAD,OTUZCO,0.000,2.000,0.000000,1
2017,11,LA LIBERTAD,PATAZ,0.000,11.250,0.000000,1
2017,11,LA LIBERTAD,SANCHEZ CARRION,0.800,11.500,1.200000,0
2017,11,LA LIBERTAD,VIRU,0.520,7.000,1.200000,0
2017,11,LAMBAYEQUE,CHICLAYO,0.000,8.000,0.000000,1
2017,11,LAMBAYEQUE,FERREÑAFE,0.000,19.000,0.000000,1
2017,11,LAMBAYEQUE,LAMBAYEQUE,251.000,2098.000,0.768924,0
2017,11,LIMA,CAÑETE,0.000,3.000,0.000000,1
2017,11,LIMA,HUAURA,0.000,21.000,0.000000,1
2017,11,LIMA,LIMA,0.000,2.000,0.000000,1
2017,11,LORETO,ALTO AMAZONAS,60.000,479.000,0.938000,0
2017,11,LORETO,DATEM DEL MARAÑON,13.000,50.000,0.929231,0
2017,11,LORETO,LORETO,25.000,92.000,0.953600,0
2017,11,LORETO,MARISCAL RAMON CASTILLA,14.000,69.000,0.917143,0
2017,11,LORETO,MAYNAS,383.000,932.000,0.961906,0
2017,11,LORETO,PUTUMAYO,5.000,26.000,0.960000,0
2017,11,LORETO,REQUENA,20.000,63.000,0.945000,0
2017,11,LORETO,UCAYALI,42.000,183.000,0.966429,0
2017,11,MADRE DE DIOS,MANU,6.600,25.000,2.484848,0
2017,11,MADRE DE DIOS,TAHUAMANU,4.900,23.000,2.000000,0
2017,11,MADRE DE DIOS,TAMBOPATA,29.100,84.500,2.264261,0
2017,11,MOQUEGUA,GENERAL SANCHEZ CERRO,0.000,3.000,0.000000,1
2017,11,MOQUEGUA,MARISCAL NIETO,0.000,5.000,0.000000,1
2017,11,PASCO,OXAPAMPA,0.000,10.000,0.000000,1
2017,11,PIURA,AYABACA,3.000,86.000,0.800000,0
2017,11,PIURA,HUANCABAMBA,2.000,42.000,1.500000,0
2017,11,PIURA,MORROPON,335.000,1450.000,1.825313,0
2017,11,PIURA,PAITA,0.000,4.000,0.000000,1
2017,11,PIURA,PIURA,1585.000,10623.000,0.945868,0
2017,11,PIURA,SECHURA,2.000,6.000,1.600000,0
2017,11,PIURA,SULLANA,4297.000,4086.000,1.000000,0
2017,11,PUNO,CARABAYA,0.000,1.000,0.000000,1
2017,11,PUNO,SANDIA,0.000,5.000,0.000000,1
2017,11,SAN MARTIN,BELLAVISTA,4.650,30.400,1.817204,0
2017,11,SAN MARTIN,EL DORADO,4.500,13.000,7.555556,0
2017,11,SAN MARTIN,HUALLAGA,54.000,45.500,1.774074,0
2017,11,SAN MARTIN,LAMAS,12.200,59.000,2.073770,0
2017,11,SAN MARTIN,MARISCAL CACERES,20.000,30.000,1.550000,0
2017,11,SAN MARTIN,MOYOBAMBA,13.000,83.000,2.338462,0
2017,11,SAN MARTIN,PICOTA,29.000,88.500,1.365517,0
2017,11,SAN MARTIN,RIOJA,10.000,19.000,0.690000,0
2017,11,SAN MARTIN,SAN MARTIN,14.000,86.000,0.907143,0
2017,11,SAN MARTIN,TOCACHE,4.400,33.000,0.900000,0
2017,11,TUMBES,CONTRALMIRANTE VILLAR,72.850,140.170,1.500000,0
2017,11,TUMBES,TUMBES,452.329,410.310,1.684886,0
2017,11,TUMBES,ZARUMILLA,961.769,1675.500,2.775841,0
2017,11,UCAYALI,ATALAYA,110.300,188.000,0.653781,0
2017,11,UCAYALI,CORONEL PORTILLO,313.438,1584.640,0.628571,0
2017,11,UCAYALI,PADRE ABAD,167.780,478.990,0.709294,0
2017,11,UCAYALI,PURUS,10.300,32.000,0.730000,0
2017,12,AMAZONAS,BAGUA,18.900,22.000,1.782011,0
2017,12,AMAZONAS,CHACHAPOYAS,24.100,43.000,0.900000,0
2017,12,AMAZONAS,LUYA,21.300,30.000,3.000000,0
2017,12,AMAZONAS,UTCUBAMBA,390.000,578.000,1.500000,0
2017,12,ANCASH,CASMA,34.000,53.000,1.556176,0
2017,12,ANCASH,HUARMEY,4.000,4.000,1.500000,0
2017,12,ANCASH,HUAYLAS,11.000,12.000,1.500000,0
2017,12,ANCASH,SANTA,5.000,5.000,1.800000,0
2017,12,APURIMAC,ABANCAY,0.000,29.500,0.000000,1
2017,12,APURIMAC,ANDAHUAYLAS,0.000,14.000,0.000000,1
2017,12,APURIMAC,AYMARAES,1.200,5.000,0.750000,0
2017,12,APURIMAC,CHINCHEROS,0.000,25.000,0.000000,1
2017,12,APURIMAC,GRAU,0.000,2.000,0.000000,1
2017,12,AREQUIPA,CARAVELI,0.000,3.000,0.000000,1
2017,12,AREQUIPA,LA UNION,0.000,10.000,0.000000,1
2017,12,AYACUCHO,HUAMANGA,1.750,4.000,4.250000,0
2017,12,AYACUCHO,HUANTA,0.000,10.000,0.000000,1
2017,12,AYACUCHO,LA MAR,0.000,19.500,0.000000,1
2017,12,AYACUCHO,LUCANAS,0.000,16.000,0.000000,1
2017,12,AYACUCHO,PARINACOCHAS,0.000,2.000,0.000000,1
2017,12,AYACUCHO,PAUCAR DEL SARA SARA,0.000,9.000,0.000000,1
2017,12,AYACUCHO,SUCRE,0.000,5.000,0.000000,1
2017,12,AYACUCHO,VILCAS HUAMAN,0.000,9.500,0.000000,1
2017,12,CAJAMARCA,CAJABAMBA,2.900,16.000,1.013793,0
2017,12,CAJAMARCA,CHOTA,2.000,32.250,1.000000,0
2017,12,CAJAMARCA,JAEN,40.270,16.000,2.000348,0
2017,12,CAJAMARCA,SAN IGNACIO,0.000,10.000,0.000000,1
2017,12,CAJAMARCA,SAN MARCOS,2.000,10.000,1.200000,0
2017,12,CAJAMARCA,SAN MIGUEL,1.000,30.000,1.200000,0
2017,12,CAJAMARCA,SANTA CRUZ,0.000,4.500,0.000000,1
2017,12,CUSCO,LA CONVENCION,79.000,288.000,1.132025,0
2017,12,HUANCAVELICA,ACOBAMBA,0.000,4.000,0.000000,1
2017,12,HUANCAVELICA,ANGARAES,4.130,3.000,0.601501,0
2017,12,HUANCAVELICA,CASTROVIRREYNA,0.000,2.000,0.000000,1
2017,12,HUANCAVELICA,CHURCAMPA,0.000,7.000,0.000000,1
2017,12,HUANCAVELICA,HUAYTARA,0.000,3.000,0.000000,1
2017,12,HUANCAVELICA,TAYACAJA,2.010,16.000,0.620000,0
2017,12,HUANUCO,HUACAYBAMBA,0.000,9.000,0.000000,1
2017,12,HUANUCO,HUAMALIES,0.800,22.000,1.100000,0
2017,12,HUANUCO,HUANUCO,0.500,11.250,1.200000,0
2017,12,HUANUCO,LEONCIO PRADO,12.200,103.000,1.167213,0
2017,12,HUANUCO,MARAÑON,0.000,7.000,0.000000,1
2017,12,HUANUCO,PUERTO INCA,0.000,10.000,0.000000,1
2017,12,ICA,CHINCHA,0.000,4.000,0.000000,1
2017,12,ICA,ICA,0.000,20.720,0.000000,1
2017,12,ICA,NASCA,0.000,12.590,0.000000,1
2017,12,ICA,PALPA,0.000,3.109,0.000000,1
2017,12,ICA,PISCO,0.000,35.400,0.000000,1
2017,12,JUNIN,CHANCHAMAYO,83.700,169.000,0.774313,0
2017,12,JUNIN,HUANCAYO,3.000,17.000,0.800000,0
2017,12,JUNIN,SATIPO,108.700,180.000,0.761040,0
2017,12,LA LIBERTAD,ASCOPE,0.000,4.000,0.000000,1
2017,12,LA LIBERTAD,BOLIVAR,5.050,15.500,0.900000,0
2017,12,LA LIBERTAD,CHEPEN,0.000,15.000,0.000000,1
2017,12,LA LIBERTAD,GRAN CHIMU,0.000,2.500,0.000000,1
2017,12,LA LIBERTAD,OTUZCO,0.000,2.000,0.000000,1
2017,12,LA LIBERTAD,PATAZ,0.000,11.250,0.000000,1
2017,12,LA LIBERTAD,SANCHEZ CARRION,0.980,11.500,0.900000,0
2017,12,LA LIBERTAD,VIRU,0.600,7.000,0.900000,0
2017,12,LAMBAYEQUE,CHICLAYO,0.000,8.000,0.000000,1
2017,12,LAMBAYEQUE,FERREÑAFE,0.000,19.000,0.000000,1
2017,12,LAMBAYEQUE,LAMBAYEQUE,1266.000,2138.000,0.330948,0
2017,12,LIMA,CAÑETE,0.000,3.000,0.000000,1
2017,12,LIMA,HUAURA,0.000,21.000,0.000000,1
2017,12,LIMA,LIMA,0.000,2.000,0.000000,1
2017,12,LORETO,ALTO AMAZONAS,98.000,479.000,0.950000,0
2017,12,LORETO,DATEM DEL MARAÑON,23.000,50.000,0.936957,0
2017,12,LORETO,LORETO,31.000,92.000,0.958710,0
2017,12,LORETO,MARISCAL RAMON CASTILLA,76.000,69.000,0.921316,0
2017,12,LORETO,MAYNAS,338.000,932.000,0.964320,0
2017,12,LORETO,PUTUMAYO,17.000,26.000,0.942353,0
2017,12,LORETO,REQUENA,21.000,63.000,0.955714,0
2017,12,LORETO,UCAYALI,66.000,183.000,0.971970,0
2017,12,MADRE DE DIOS,MANU,8.400,25.000,2.398810,0
2017,12,MADRE DE DIOS,TAHUAMANU,3.300,23.000,2.448485,0
2017,12,MADRE DE DIOS,TAMBOPATA,34.500,84.500,2.556522,0
2017,12,MOQUEGUA,GENERAL SANCHEZ CERRO,0.000,3.000,0.000000,1
2017,12,MOQUEGUA,MARISCAL NIETO,0.000,5.000,0.000000,1
2017,12,PASCO,OXAPAMPA,0.000,10.000,0.000000,1
2017,12,PIURA,AYABACA,15.000,86.000,0.766667,0
2017,12,PIURA,HUANCABAMBA,4.360,38.000,1.339450,0
2017,12,PIURA,MORROPON,1147.000,1450.000,0.925894,0
2017,12,PIURA,PAITA,8.000,4.000,0.500000,0
2017,12,PIURA,PIURA,6134.000,10623.000,0.328856,0
2017,12,PIURA,SECHURA,2.000,6.000,0.700000,0
2017,12,PIURA,SULLANA,8100.000,4086.000,0.500000,0
2017,12,PUNO,CARABAYA,0.000,1.000,0.000000,1
2017,12,PUNO,SANDIA,0.000,5.000,0.000000,1
2017,12,SAN MARTIN,BELLAVISTA,11.900,30.400,1.707563,0
2017,12,SAN MARTIN,EL DORADO,11.000,14.000,0.463636,0
2017,12,SAN MARTIN,HUALLAGA,74.000,45.500,1.527027,0
2017,12,SAN MARTIN,LAMAS,27.500,59.000,0.981818,0
2017,12,SAN MARTIN,MARISCAL CACERES,21.000,30.000,1.535714,0
2017,12,SAN MARTIN,MOYOBAMBA,11.800,83.000,1.857627,0
2017,12,SAN MARTIN,PICOTA,26.000,88.500,1.253846,0
2017,12,SAN MARTIN,RIOJA,8.500,19.000,0.670588,0
2017,12,SAN MARTIN,SAN MARTIN,12.100,80.000,0.966942,0
2017,12,SAN MARTIN,TOCACHE,12.000,33.000,0.875000,0
2017,12,TUMBES,CONTRALMIRANTE VILLAR,204.000,142.670,0.700000,0
2017,12,TUMBES,TUMBES,558.900,422.310,0.746422,0
2017,12,TUMBES,ZARUMILLA,2320.825,1685.500,1.000000,0
2017,12,UCAYALI,ATALAYA,113.780,188.000,0.675461,0
2017,12,UCAYALI,CORONEL PORTILLO,405.710,1587.640,0.646916,0
2017,12,UCAYALI,PADRE ABAD,195.310,482.000,0.724992,0
2017,12,UCAYALI,PURUS,16.280,32.000,0.730000,0
2018,01,AMAZONAS,BAGUA,19.850,22.000,1.690932,0
2018,01,AMAZONAS,CHACHAPOYAS,24.000,43.000,1.400000,0
2018,01,AMAZONAS,LUYA,23.600,30.000,1.000000,0
2018,01,AMAZONAS,UTCUBAMBA,423.000,578.000,1.368913,0
2018,01,ANCASH,CASMA,39.000,53.000,1.580769,0
2018,01,ANCASH,HUARMEY,7.000,4.000,1.250000,0
2018,01,ANCASH,HUAYLAS,8.000,12.000,1.500000,0
2018,01,ANCASH,SANTA,4.000,5.000,1.820000,0
2018,01,APURIMAC,ABANCAY,17.000,29.500,1.494118,0
2018,01,APURIMAC,ANDAHUAYLAS,4.000,17.000,0.800000,0
2018,01,APURIMAC,AYMARAES,1.500,5.000,0.700000,0
2018,01,APURIMAC,CHINCHEROS,19.560,25.000,1.379550,0
2018,01,APURIMAC,GRAU,2.000,2.000,0.900000,0
2018,01,AREQUIPA,CARAVELI,0.000,3.000,0.000000,1
2018,01,AREQUIPA,LA UNION,0.000,10.000,0.000000,1
2018,01,AYACUCHO,HUAMANGA,2.170,3.000,1.920000,0
2018,01,AYACUCHO,HUANTA,0.000,10.000,0.000000,1
2018,01,AYACUCHO,LA MAR,5.000,19.500,1.600000,0
2018,01,AYACUCHO,LUCANAS,0.000,17.000,0.000000,1
2018,01,AYACUCHO,PARINACOCHAS,0.000,2.000,0.000000,1
2018,01,AYACUCHO,PAUCAR DEL SARA SARA,0.000,9.000,0.000000,1
2018,01,AYACUCHO,SUCRE,0.000,5.000,0.000000,1
2018,01,AYACUCHO,VILCAS HUAMAN,2.500,9.500,2.500000,0
2018,01,CAJAMARCA,CAJABAMBA,7.000,16.000,1.174286,0
2018,01,CAJAMARCA,CHOTA,1.000,32.250,1.000000,0
2018,01,CAJAMARCA,JAEN,20.119,16.000,1.579323,0
2018,01,CAJAMARCA,SAN IGNACIO,0.000,10.000,0.000000,1
2018,01,CAJAMARCA,SAN MARCOS,0.000,10.000,0.000000,1
2018,01,CAJAMARCA,SAN MIGUEL,0.000,30.000,0.000000,1
2018,01,CAJAMARCA,SANTA CRUZ,0.000,4.500,0.000000,1
2018,01,CUSCO,LA CONVENCION,360.200,288.000,1.245425,0
2018,01,HUANCAVELICA,ACOBAMBA,0.000,4.000,0.000000,1
2018,01,HUANCAVELICA,ANGARAES,0.000,3.000,0.000000,1
2018,01,HUANCAVELICA,CASTROVIRREYNA,0.000,2.000,0.000000,1
2018,01,HUANCAVELICA,CHURCAMPA,0.000,7.000,0.000000,1
2018,01,HUANCAVELICA,HUAYTARA,0.000,3.000,0.000000,1
2018,01,HUANCAVELICA,TAYACAJA,0.000,16.000,0.000000,1
2018,01,HUANUCO,HUACAYBAMBA,10.000,9.000,2.475000,0
2018,01,HUANUCO,HUAMALIES,3.600,22.000,0.600000,0
2018,01,HUANUCO,HUANUCO,1.000,11.250,0.850000,0
2018,01,HUANUCO,LEONCIO PRADO,34.000,103.000,0.604059,0
2018,01,HUANUCO,MARAÑON,2.400,7.000,0.810000,0
2018,01,HUANUCO,PUERTO INCA,1.000,4.000,1.620000,0
2018,01,ICA,CHINCHA,0.000,4.000,0.000000,1
2018,01,ICA,ICA,0.000,20.720,0.000000,1
2018,01,ICA,NASCA,0.000,17.590,0.000000,1
2018,01,ICA,PALPA,0.000,3.109,0.000000,1
2018,01,ICA,PISCO,0.000,35.400,0.000000,1
2018,01,JUNIN,CHANCHAMAYO,88.800,169.000,0.570721,0
2018,01,JUNIN,HUANCAYO,7.000,17.000,0.500000,0
2018,01,JUNIN,SATIPO,136.900,190.000,0.761048,0
2018,01,LA LIBERTAD,ASCOPE,0.000,4.000,0.000000,1
2018,01,LA LIBERTAD,BOLIVAR,16.340,15.500,0.680000,0
2018,01,LA LIBERTAD,CHEPEN,0.000,15.000,0.000000,1
2018,01,LA LIBERTAD,GRAN CHIMU,0.620,2.500,0.900000,0
2018,01,LA LIBERTAD,OTUZCO,1.700,2.000,0.700000,0
2018,01,LA LIBERTAD,PATAZ,4.187,11.250,0.690805,0
2018,01,LA LIBERTAD,SANCHEZ CARRION,10.040,11.500,0.700000,0
2018,01,LA LIBERTAD,VIRU,1.100,7.000,0.700000,0
2018,01,LAMBAYEQUE,CHICLAYO,0.000,8.000,0.000000,1
2018,01,LAMBAYEQUE,FERREÑAFE,9.000,19.000,0.750000,0
2018,01,LAMBAYEQUE,LAMBAYEQUE,3330.000,2223.000,0.303303,0
2018,01,LIMA,CAÑETE,0.000,3.000,0.000000,1
2018,01,LIMA,HUAURA,0.000,21.000,0.000000,1
2018,01,LIMA,LIMA,0.000,2.000,0.000000,1
2018,01,LORETO,ALTO AMAZONAS,324.000,479.000,0.899722,0
2018,01,LORETO,DATEM DEL MARAÑON,32.000,50.000,0.932813,0
2018,01,LORETO,LORETO,66.000,92.000,0.938939,0
2018,01,LORETO,MARISCAL RAMON CASTILLA,33.000,69.000,0.902121,0
2018,01,LORETO,MAYNAS,521.000,932.000,0.964587,0
2018,01,LORETO,PUTUMAYO,9.000,26.000,0.933333,0
2018,01,LORETO,REQUENA,36.000,63.000,0.929722,0
2018,01,LORETO,UCAYALI,99.000,183.000,0.968788,0
2018,01,MADRE DE DIOS,MANU,10.100,25.000,2.269307,0
2018,01,MADRE DE DIOS,TAHUAMANU,4.800,23.000,1.900000,0
2018,01,MADRE DE DIOS,TAMBOPATA,20.100,84.500,2.049254,0
2018,01,MOQUEGUA,GENERAL SANCHEZ CERRO,0.000,5.000,0.000000,1
2018,01,MOQUEGUA,MARISCAL NIETO,0.000,5.000,0.000000,1
2018,01,PASCO,OXAPAMPA,0.000,10.000,0.000000,1
2018,01,PIURA,AYABACA,7.000,86.000,0.800000,0
2018,01,PIURA,HUANCABAMBA,9.000,38.000,0.811111,0
2018,01,PIURA,MORROPON,1286.000,1450.000,0.548942,0
2018,01,PIURA,PAITA,9.000,4.000,0.500000,0
2018,01,PIURA,PIURA,8370.000,10623.000,0.264755,0
2018,01,PIURA,SECHURA,2.000,6.000,0.700000,0
2018,01,PIURA,SULLANA,7773.000,4086.000,0.500000,0
2018,01,PUNO,CARABAYA,0.000,1.000,0.000000,1
2018,01,PUNO,SANDIA,0.000,5.000,0.000000,1
2018,01,SAN MARTIN,BELLAVISTA,7.500,30.400,0.946667,0
2018,01,SAN MARTIN,EL DORADO,9.000,14.000,0.383333,0
2018,01,SAN MARTIN,HUALLAGA,45.000,45.500,0.760000,0
2018,01,SAN MARTIN,LAMAS,32.300,61.000,0.987616,0
2018,01,SAN MARTIN,MARISCAL CACERES,19.000,28.000,1.336842,0
2018,01,SAN MARTIN,MOYOBAMBA,22.000,83.000,0.900000,0
2018,01,SAN MARTIN,PICOTA,39.000,88.500,1.000000,0
2018,01,SAN MARTIN,RIOJA,10.000,19.000,0.700000,0
2018,01,SAN MARTIN,SAN MARTIN,18.700,80.000,0.722995,0
2018,01,SAN MARTIN,TOCACHE,20.000,33.000,0.680000,0
2018,01,TUMBES,CONTRALMIRANTE VILLAR,215.000,142.670,0.700000,0
2018,01,TUMBES,TUMBES,592.620,432.810,0.500000,0
2018,01,TUMBES,ZARUMILLA,3767.525,1697.500,0.746612,0
2018,01,UCAYALI,ATALAYA,126.760,188.000,0.619208,0
2018,01,UCAYALI,CORONEL PORTILLO,388.410,1604.640,0.598446,0
2018,01,UCAYALI,PADRE ABAD,221.150,487.000,0.672482,0
2018,01,UCAYALI,PURUS,14.950,32.000,0.700000,0
2018,02,AMAZONAS,BAGUA,19.450,22.000,1.711414,0
2018,02,AMAZONAS,CHACHAPOYAS,24.000,43.000,1.466667,0
2018,02,AMAZONAS,LUYA,17.300,30.000,1.000000,0
2018,02,AMAZONAS,UTCUBAMBA,469.400,578.000,1.339135,0
2018,02,ANCASH,CASMA,45.000,53.000,1.366667,0
2018,02,ANCASH,HUARMEY,8.000,4.000,1.200000,0
2018,02,ANCASH,HUAYLAS,18.000,12.000,1.361111,0
2018,02,ANCASH,SANTA,4.000,5.000,1.500000,0
2018,02,APURIMAC,ABANCAY,5.000,29.500,1.500000,0
2018,02,APURIMAC,ANDAHUAYLAS,15.670,18.000,1.026867,0
2018,02,APURIMAC,AYMARAES,1.700,5.000,0.700000,0
2018,02,APURIMAC,CHINCHEROS,27.500,25.000,1.371818,0
2018,02,APURIMAC,GRAU,0.000,2.000,0.000000,1
2018,02,AREQUIPA,CARAVELI,0.000,3.000,0.000000,1
2018,02,AREQUIPA,LA UNION,0.000,10.000,0.000000,1
2018,02,AYACUCHO,HUAMANGA,0.400,3.400,0.440000,0
2018,02,AYACUCHO,HUANTA,1.000,10.000,1.100000,0
2018,02,AYACUCHO,LA MAR,9.500,19.500,1.631579,0
2018,02,AYACUCHO,LUCANAS,0.000,16.000,0.000000,1
2018,02,AYACUCHO,PARINACOCHAS,0.000,2.000,0.000000,1
2018,02,AYACUCHO,PAUCAR DEL SARA SARA,1.000,9.000,1.500000,0
2018,02,AYACUCHO,SUCRE,0.000,5.000,0.000000,1
2018,02,AYACUCHO,VILCAS HUAMAN,6.500,9.500,1.846154,0
2018,02,CAJAMARCA,CAJABAMBA,10.100,16.000,1.139604,0
2018,02,CAJAMARCA,CHOTA,12.000,32.250,1.083333,0
2018,02,CAJAMARCA,JAEN,15.749,16.000,1.262290,0
2018,02,CAJAMARCA,SAN IGNACIO,0.000,5.000,0.000000,1
2018,02,CAJAMARCA,SAN MARCOS,6.310,10.000,1.031062,0
2018,02,CAJAMARCA,SAN MIGUEL,0.000,30.000,0.000000,1
2018,02,CAJAMARCA,SANTA CRUZ,0.000,4.500,0.000000,1
2018,02,CUSCO,LA CONVENCION,353.000,288.000,0.869150,0
2018,02,HUANCAVELICA,ACOBAMBA,0.000,4.000,0.000000,1
2018,02,HUANCAVELICA,ANGARAES,0.000,3.000,0.000000,1
2018,02,HUANCAVELICA,CASTROVIRREYNA,0.000,2.000,0.000000,1
2018,02,HUANCAVELICA,CHURCAMPA,0.000,7.000,0.000000,1
2018,02,HUANCAVELICA,HUAYTARA,0.000,3.000,0.000000,1
2018,02,HUANCAVELICA,TAYACAJA,0.000,16.000,0.000000,1
2018,02,HUANUCO,HUACAYBAMBA,12.000,9.000,2.470833,0
2018,02,HUANUCO,HUAMALIES,10.800,22.000,0.550000,0
2018,02,HUANUCO,HUANUCO,1.500,11.250,0.900000,0
2018,02,HUANUCO,LEONCIO PRADO,56.500,103.000,0.552655,0
2018,02,HUANUCO,MARAÑON,2.700,7.000,0.800000,0
2018,02,HUANUCO,PUERTO INCA,2.000,4.000,1.175000,0
2018,02,ICA,CHINCHA,0.000,4.000,0.000000,1
2018,02,ICA,ICA,30.600,20.720,2.000000,0
2018,02,ICA,NASCA,0.000,17.590,0.000000,1
2018,02,ICA,PALPA,0.000,3.109,0.000000,1
2018,02,ICA,PISCO,0.000,35.400,0.000000,1
2018,02,JUNIN,CHANCHAMAYO,93.700,169.000,0.502615,0
2018,02,JUNIN,HUANCAYO,7.000,17.000,0.500000,0
2018,02,JUNIN,SATIPO,189.900,193.000,0.515666,0
2018,02,LA LIBERTAD,ASCOPE,0.000,4.000,0.000000,1
2018,02,LA LIBERTAD,BOLIVAR,18.029,15.500,0.691870,0
2018,02,LA LIBERTAD,CHEPEN,0.000,15.000,0.000000,1
2018,02,LA LIBERTAD,GRAN CHIMU,0.700,2.500,0.800000,0
2018,02,LA LIBERTAD,OTUZCO,0.980,2.000,0.700000,0
2018,02,LA LIBERTAD,PATAZ,10.090,11.250,0.700000,0
2018,02,LA LIBERTAD,SANCHEZ CARRION,7.800,11.500,0.700000,0
2018,02,LA LIBERTAD,VIRU,1.200,7.000,0.700000,0
2018,02,LAMBAYEQUE,CHICLAYO,0.000,8.000,0.000000,1
2018,02,LAMBAYEQUE,FERREÑAFE,0.000,19.000,0.000000,1
2018,02,LAMBAYEQUE,LAMBAYEQUE,3868.000,2223.000,0.300284,0
2018,02,LIMA,CAÑETE,0.000,3.000,0.000000,1
2018,02,LIMA,HUAURA,0.000,21.000,0.000000,1
2018,02,LIMA,LIMA,0.000,2.000,0.000000,1
2018,02,LORETO,ALTO AMAZONAS,278.000,479.000,0.911295,0
2018,02,LORETO,DATEM DEL MARAÑON,41.000,50.000,0.917317,0
2018,02,LORETO,LORETO,61.000,92.000,0.945082,0
2018,02,LORETO,MARISCAL RAMON CASTILLA,42.000,69.000,0.910238,0
2018,02,LORETO,MAYNAS,505.000,932.000,0.966198,0
2018,02,LORETO,PUTUMAYO,10.000,26.000,0.925000,0
2018,02,LORETO,REQUENA,41.000,63.000,0.937073,0
2018,02,LORETO,UCAYALI,113.000,183.000,0.969381,0
2018,02,MADRE DE DIOS,MANU,8.400,25.000,1.615476,0
2018,02,MADRE DE DIOS,TAHUAMANU,6.100,23.000,1.621311,0
2018,02,MADRE DE DIOS,TAMBOPATA,27.600,84.500,1.459783,0
2018,02,MOQUEGUA,GENERAL SANCHEZ CERRO,4.380,5.000,2.000000,0
2018,02,MOQUEGUA,MARISCAL NIETO,0.000,5.000,0.000000,1
2018,02,PASCO,OXAPAMPA,0.000,10.000,0.000000,1
2018,02,PIURA,AYABACA,14.000,86.000,0.785714,0
2018,02,PIURA,HUANCABAMBA,12.000,38.000,0.775000,0
2018,02,PIURA,MORROPON,1425.000,1450.000,0.557411,0
2018,02,PIURA,PAITA,7.000,4.000,0.600000,0
2018,02,PIURA,PIURA,8497.000,10983.000,0.609321,0
2018,02,PIURA,SECHURA,2.000,6.000,0.700000,0
2018,02,PIURA,SULLANA,7354.000,4086.000,0.600000,0
2018,02,PUNO,CARABAYA,0.000,1.000,0.000000,1
2018,02,PUNO,SANDIA,0.000,5.000,0.000000,1
2018,02,SAN MARTIN,BELLAVISTA,24.500,30.400,0.732653,0
2018,02,SAN MARTIN,EL DORADO,6.000,14.000,0.433333,0
2018,02,SAN MARTIN,HUALLAGA,32.000,45.500,0.875000,0
2018,02,SAN MARTIN,LAMAS,53.500,61.000,1.044860,0
2018,02,SAN MARTIN,MARISCAL CACERES,27.500,28.000,1.309091,0
2018,02,SAN MARTIN,MOYOBAMBA,29.000,83.000,0.958621,0
2018,02,SAN MARTIN,PICOTA,49.000,88.500,0.828571,0
2018,02,SAN MARTIN,RIOJA,18.000,19.000,0.561111,0
2018,02,SAN MARTIN,SAN MARTIN,45.100,80.000,0.542350,0
2018,02,SAN MARTIN,TOCACHE,45.000,33.000,0.560000,0
2018,02,TUMBES,CONTRALMIRANTE VILLAR,216.200,144.770,0.880000,0
2018,02,TUMBES,TUMBES,517.550,438.310,1.000000,0
2018,02,TUMBES,ZARUMILLA,3821.983,1719.500,0.966895,0
2018,02,UCAYALI,ATALAYA,176.540,188.000,0.590219,0
2018,02,UCAYALI,CORONEL PORTILLO,667.160,1610.640,0.563704,0
2018,02,UCAYALI,PADRE ABAD,312.740,497.000,0.640271,0
2018,02,UCAYALI,PURUS,20.600,32.000,0.680000,0
2018,03,AMAZONAS,BAGUA,21.200,22.000,1.076415,0
2018,03,AMAZONAS,CHACHAPOYAS,22.200,43.000,1.281081,0
2018,03,AMAZONAS,LUYA,18.800,30.000,1.000000,0
2018,03,AMAZONAS,UTCUBAMBA,537.000,578.000,1.063687,0
2018,03,ANCASH,CASMA,45.000,53.000,1.364444,0
2018,03,ANCASH,HUARMEY,8.000,4.000,1.320000,0
2018,03,ANCASH,HUAYLAS,19.000,12.000,1.395789,0
2018,03,ANCASH,SANTA,0.000,5.000,0.000000,1
2018,03,APURIMAC,ABANCAY,7.000,29.500,1.114286,0
2018,03,APURIMAC,ANDAHUAYLAS,21.310,18.000,1.190427,0
2018,03,APURIMAC,AYMARAES,2.500,5.000,0.700000,0
2018,03,APURIMAC,CHINCHEROS,22.320,25.000,1.264875,0
2018,03,APURIMAC,GRAU,2.000,2.000,0.900000,0
2018,03,AREQUIPA,CARAVELI,0.000,3.000,0.000000,1
2018,03,AREQUIPA,LA UNION,24.690,10.000,2.000000,0
2018,03,AYACUCHO,HUAMANGA,3.170,3.000,1.850000,0
2018,03,AYACUCHO,HUANTA,5.000,10.000,1.130000,0
2018,03,AYACUCHO,LA MAR,10.000,19.500,1.400000,0
2018,03,AYACUCHO,LUCANAS,0.000,16.000,0.000000,1
2018,03,AYACUCHO,PARINACOCHAS,0.000,2.000,0.000000,1
2018,03,AYACUCHO,PAUCAR DEL SARA SARA,5.000,9.000,2.100000,0
2018,03,AYACUCHO,SUCRE,6.000,5.000,1.450000,0
2018,03,AYACUCHO,VILCAS HUAMAN,11.500,9.500,1.556522,0
2018,03,CAJAMARCA,CAJABAMBA,11.300,16.000,0.924779,0
2018,03,CAJAMARCA,CHOTA,23.000,32.250,1.247826,0
2018,03,CAJAMARCA,JAEN,14.629,16.000,1.560640,0
2018,03,CAJAMARCA,SAN IGNACIO,2.850,10.000,1.300000,0
2018,03,CAJAMARCA,SAN MARCOS,0.000,9.000,0.000000,1
2018,03,CAJAMARCA,SAN MIGUEL,11.000,30.000,1.290909,0
2018,03,CAJAMARCA,SANTA CRUZ,3.000,4.500,1.200000,0
2018,03,CUSCO,LA CONVENCION,157.000,288.000,0.860000,0
2018,03,HUANCAVELICA,ACOBAMBA,1.500,4.000,0.570000,0
2018,03,HUANCAVELICA,ANGARAES,0.000,3.000,0.000000,1
2018,03,HUANCAVELICA,CASTROVIRREYNA,0.000,2.000,0.000000,1
2018,03,HUANCAVELICA,CHURCAMPA,0.000,7.000,0.000000,1
2018,03,HUANCAVELICA,HUAYTARA,0.000,3.000,0.000000,1
2018,03,HUANCAVELICA,TAYACAJA,0.000,16.000,0.000000,1
2018,03,HUANUCO,HUACAYBAMBA,19.300,9.000,1.663212,0
2018,03,HUANUCO,HUAMALIES,12.800,22.000,0.520000,0
2018,03,HUANUCO,HUANUCO,3.700,11.250,1.000000,0
2018,03,HUANUCO,LEONCIO PRADO,80.200,103.000,0.543853,0
2018,03,HUANUCO,MARAÑON,3.000,7.000,0.720000,0
2018,03,HUANUCO,PUERTO INCA,3.000,4.000,1.043333,0
2018,03,ICA,CHINCHA,0.000,4.000,0.000000,1
2018,03,ICA,ICA,93.800,20.720,2.000000,0
2018,03,ICA,NASCA,0.000,17.590,0.000000,1
2018,03,ICA,PALPA,0.000,3.109,0.000000,1
2018,03,ICA,PISCO,0.000,35.400,0.000000,1
2018,03,JUNIN,CHANCHAMAYO,104.900,166.000,0.530982,0
2018,03,JUNIN,HUANCAYO,6.000,17.000,0.600000,0
2018,03,JUNIN,SATIPO,254.000,196.000,0.548976,0
2018,03,LA LIBERTAD,ASCOPE,0.000,4.000,0.000000,1
2018,03,LA LIBERTAD,BOLIVAR,15.370,15.500,0.680000,0
2018,03,LA LIBERTAD,CHEPEN,0.000,15.000,0.000000,1
2018,03,LA LIBERTAD,GRAN CHIMU,7.000,2.500,0.682286,0
2018,03,LA LIBERTAD,OTUZCO,2.000,2.000,0.680000,0
2018,03,LA LIBERTAD,PATAZ,14.838,11.250,0.695056,0
2018,03,LA LIBERTAD,SANCHEZ CARRION,15.330,11.500,0.699113,0
2018,03,LA LIBERTAD,VIRU,1.450,7.000,0.700000,0
2018,03,LAMBAYEQUE,CHICLAYO,0.000,8.000,0.000000,1
2018,03,LAMBAYEQUE,FERREÑAFE,0.000,19.000,0.000000,1
2018,03,LAMBAYEQUE,LAMBAYEQUE,2611.000,2223.000,0.466745,0
2018,03,LIMA,CAÑETE,0.000,3.000,0.000000,1
2018,03,LIMA,HUAURA,0.000,22.000,0.000000,1
2018,03,LIMA,LIMA,0.000,2.000,0.000000,1
2018,03,LORETO,ALTO AMAZONAS,301.000,479.000,0.902990,0
2018,03,LORETO,DATEM DEL MARAÑON,46.000,50.000,0.912391,0
2018,03,LORETO,LORETO,77.000,92.000,0.942078,0
2018,03,LORETO,MARISCAL RAMON CASTILLA,46.000,69.000,0.916087,0
2018,03,LORETO,MAYNAS,506.000,932.000,0.966542,0
2018,03,LORETO,PUTUMAYO,11.000,26.000,0.920000,0
2018,03,LORETO,REQUENA,44.000,63.000,0.934545,0
2018,03,LORETO,UCAYALI,117.000,183.000,0.958034,0
2018,03,MADRE DE DIOS,MANU,8.700,25.000,1.810345,0
2018,03,MADRE DE DIOS,TAHUAMANU,8.200,23.500,1.541463,0
2018,03,MADRE DE DIOS,TAMBOPATA,18.150,84.500,1.438567,0
2018,03,MOQUEGUA,GENERAL SANCHEZ CERRO,0.000,5.000,0.000000,1
2018,03,MOQUEGUA,MARISCAL NIETO,0.000,5.000,0.000000,1
2018,03,PASCO,OXAPAMPA,0.000,10.000,0.000000,1
2018,03,PIURA,AYABACA,22.000,86.000,0.750000,0
2018,03,PIURA,HUANCABAMBA,18.000,38.000,0.800000,0
2018,03,PIURA,MORROPON,1379.000,1450.000,0.532632,0
2018,03,PIURA,PAITA,8.000,4.000,0.500000,0
2018,03,PIURA,PIURA,8038.000,11399.000,0.611607,0
2018,03,PIURA,SECHURA,2.000,6.000,0.700000,0
2018,03,PIURA,SULLANA,7064.000,4086.000,0.500170,0
2018,03,PUNO,CARABAYA,0.000,1.000,0.000000,1
2018,03,PUNO,SANDIA,2.000,5.000,1.100000,0
2018,03,SAN MARTIN,BELLAVISTA,35.000,30.400,0.665714,0
2018,03,SAN MARTIN,EL DORADO,27.000,14.000,0.492593,0
2018,03,SAN MARTIN,HUALLAGA,76.000,45.500,0.773684,0
2018,03,SAN MARTIN,LAMAS,109.000,61.000,0.864220,0
2018,03,SAN MARTIN,MARISCAL CACERES,38.500,28.000,1.279481,0
2018,03,SAN MARTIN,MOYOBAMBA,43.000,83.000,0.930930,0
2018,03,SAN MARTIN,PICOTA,144.000,88.500,0.800000,0
2018,03,SAN MARTIN,RIOJA,34.000,19.000,0.500000,0
2018,03,SAN MARTIN,SAN MARTIN,134.500,80.000,0.513755,0
2018,03,SAN MARTIN,TOCACHE,31.000,33.000,0.629032,0
2018,03,TUMBES,CONTRALMIRANTE VILLAR,232.320,144.770,1.000000,0
2018,03,TUMBES,TUMBES,500.000,448.310,1.500000,0
2018,03,TUMBES,ZARUMILLA,3735.664,1743.500,1.247591,0
2018,03,UCAYALI,ATALAYA,166.509,188.000,0.597717,0
2018,03,UCAYALI,CORONEL PORTILLO,772.260,1454.640,0.521092,0
2018,03,UCAYALI,PADRE ABAD,328.560,431.000,0.601909,0
2018,03,UCAYALI,PURUS,31.079,32.000,0.670000,0
2018,04,AMAZONAS,BAGUA,18.700,22.000,1.200000,0
2018,04,AMAZONAS,CHACHAPOYAS,24.000,43.000,1.279167,0
2018,04,AMAZONAS,LUYA,18.300,30.000,1.038251,0
2018,04,AMAZONAS,UTCUBAMBA,400.000,578.000,1.000000,0
2018,04,ANCASH,CASMA,44.000,53.000,1.420455,0
2018,04,ANCASH,HUARMEY,7.000,4.000,1.350000,0
2018,04,ANCASH,HUAYLAS,17.000,12.000,1.423529,0
2018,04,ANCASH,SANTA,5.000,5.000,1.600000,0
2018,04,APURIMAC,ABANCAY,26.000,29.500,1.323077,0
2018,04,APURIMAC,ANDAHUAYLAS,10.650,18.000,1.473239,0
2018,04,APURIMAC,AYMARAES,2.300,5.000,0.700000,0
2018,04,APURIMAC,CHINCHEROS,12.500,25.000,1.360000,0
2018,04,APURIMAC,GRAU,0.000,2.000,0.000000,1
2018,04,AREQUIPA,CARAVELI,0.000,3.000,0.000000,1
2018,04,AREQUIPA,LA UNION,0.000,10.000,0.000000,1
2018,04,AYACUCHO,HUAMANGA,0.200,3.400,0.400000,0
2018,04,AYACUCHO,HUANTA,11.000,10.000,1.690909,0
2018,04,AYACUCHO,LA MAR,18.000,19.670,1.811111,0
2018,04,AYACUCHO,LUCANAS,15.000,16.000,1.733333,0
2018,04,AYACUCHO,PARINACOCHAS,2.000,2.000,1.500000,0
2018,04,AYACUCHO,PAUCAR DEL SARA SARA,13.000,9.000,1.923077,0
2018,04,AYACUCHO,SUCRE,11.000,5.000,1.500000,0
2018,04,AYACUCHO,VILCAS HUAMAN,9.500,9.500,1.871053,0
2018,04,CAJAMARCA,CAJABAMBA,10.100,16.000,1.047525,0
2018,04,CAJAMARCA,CHOTA,26.000,32.250,1.073077,0
2018,04,CAJAMARCA,JAEN,11.779,16.000,1.229790,0
2018,04,CAJAMARCA,SAN IGNACIO,3.200,10.000,1.300000,0
2018,04,CAJAMARCA,SAN MARCOS,3.700,9.000,0.605405,0
2018,04,CAJAMARCA,SAN MIGUEL,21.500,30.000,0.851163,0
2018,04,CAJAMARCA,SANTA CRUZ,7.000,4.500,1.085714,0
2018,04,CUSCO,LA CONVENCION,56.000,288.000,1.200000,0
2018,04,HUANCAVELICA,ACOBAMBA,7.700,4.000,0.605195,0
2018,04,HUANCAVELICA,ANGARAES,4.780,3.000,0.641841,0
2018,04,HUANCAVELICA,CASTROVIRREYNA,2.800,2.000,0.550000,0
2018,04,HUANCAVELICA,CHURCAMPA,7.240,7.000,1.173343,0
2018,04,HUANCAVELICA,HUAYTARA,4.238,3.000,0.674882,0
2018,04,HUANCAVELICA,TAYACAJA,17.210,16.000,0.700000,0
2018,04,HUANUCO,HUACAYBAMBA,10.000,9.000,1.908000,0
2018,04,HUANUCO,HUAMALIES,16.400,22.000,0.560000,0
2018,04,HUANUCO,HUANUCO,6.000,11.250,1.001250,0
2018,04,HUANUCO,LEONCIO PRADO,98.600,103.000,0.557890,0
2018,04,HUANUCO,MARAÑON,5.300,7.000,0.710000,0
2018,04,HUANUCO,PUERTO INCA,2.700,4.000,1.333333,0
2018,04,ICA,CHINCHA,0.000,4.000,0.000000,1
2018,04,ICA,ICA,265.800,20.720,2.000000,0
2018,04,ICA,NASCA,0.000,17.590,0.000000,1
2018,04,ICA,PALPA,0.000,3.109,0.000000,1
2018,04,ICA,PISCO,0.000,35.400,0.000000,1
2018,04,JUNIN,CHANCHAMAYO,109.000,166.000,0.602569,0
2018,04,JUNIN,HUANCAYO,9.000,17.000,0.800000,0
2018,04,JUNIN,SATIPO,292.600,196.000,0.488286,0
2018,04,LA LIBERTAD,ASCOPE,0.000,4.000,0.000000,1
2018,04,LA LIBERTAD,BOLIVAR,11.980,15.500,0.673422,0
2018,04,LA LIBERTAD,CHEPEN,0.000,15.000,0.000000,1
2018,04,LA LIBERTAD,GRAN CHIMU,6.600,2.500,0.684848,0
2018,04,LA LIBERTAD,OTUZCO,1.200,2.000,0.680000,0
2018,04,LA LIBERTAD,PATAZ,11.430,11.250,0.713010,0
2018,04,LA LIBERTAD,SANCHEZ CARRION,11.470,11.500,0.718832,0
2018,04,LA LIBERTAD,VIRU,0.800,7.000,0.700000,0
2018,04,LAMBAYEQUE,CHICLAYO,0.000,8.000,0.000000,1
2018,04,LAMBAYEQUE,FERREÑAFE,0.000,19.000,0.000000,1
2018,04,LAMBAYEQUE,LAMBAYEQUE,2250.000,2223.000,0.288933,0
2018,04,LIMA,CAÑETE,0.000,3.000,0.000000,1
2018,04,LIMA,HUAURA,0.000,22.000,0.000000,1
2018,04,LIMA,LIMA,0.000,2.000,0.000000,1
2018,04,LORETO,ALTO AMAZONAS,292.000,479.000,0.912055,0
2018,04,LORETO,DATEM DEL MARAÑON,33.000,50.000,0.911818,0
2018,04,LORETO,LORETO,63.000,92.000,0.936825,0
2018,04,LORETO,MARISCAL RAMON CASTILLA,40.000,69.000,0.917750,0
2018,04,LORETO,MAYNAS,537.000,932.000,0.964022,0
2018,04,LORETO,PUTUMAYO,13.000,26.000,0.920000,0
2018,04,LORETO,REQUENA,40.000,63.000,0.926000,0
2018,04,LORETO,UCAYALI,102.000,183.000,0.940196,0
2018,04,MADRE DE DIOS,MANU,10.700,25.000,1.685047,0
2018,04,MADRE DE DIOS,TAHUAMANU,8.900,27.500,1.500000,0
2018,04,MADRE DE DIOS,TAMBOPATA,31.500,84.500,1.277778,0
2018,04,MOQUEGUA,GENERAL SANCHEZ CERRO,5.350,5.000,2.200000,0
2018,04,MOQUEGUA,MARISCAL NIETO,0.000,5.000,0.000000,1
2018,04,PASCO,OXAPAMPA,0.000,10.000,0.000000,1
2018,04,PIURA,AYABACA,20.000,86.000,0.570000,0
2018,04,PIURA,HUANCABAMBA,17.000,38.000,0.747059,0
2018,04,PIURA,MORROPON,1303.000,1450.000,0.452111,0
2018,04,PIURA,PAITA,8.000,4.000,0.500000,0
2018,04,PIURA,PIURA,5723.000,11399.000,0.614381,0
2018,04,PIURA,SECHURA,2.000,6.000,0.700000,0
2018,04,PIURA,SULLANA,8040.000,4086.000,0.500000,0
2018,04,PUNO,CARABAYA,0.000,1.000,0.000000,1
2018,04,PUNO,SANDIA,2.000,5.000,1.000000,0
2018,04,SAN MARTIN,BELLAVISTA,26.500,30.400,0.627358,0
2018,04,SAN MARTIN,EL DORADO,38.000,14.000,0.489474,0
2018,04,SAN MARTIN,HUALLAGA,68.000,45.500,0.873529,0
2018,04,SAN MARTIN,LAMAS,166.800,61.000,1.112470,0
2018,04,SAN MARTIN,MARISCAL CACERES,53.500,28.000,1.222897,0
2018,04,SAN MARTIN,MOYOBAMBA,53.000,83.000,0.914340,0
2018,04,SAN MARTIN,PICOTA,200.000,88.500,0.745250,0
2018,04,SAN MARTIN,RIOJA,62.000,19.000,0.480645,0
2018,04,SAN MARTIN,SAN MARTIN,278.000,80.000,0.587050,0
2018,04,SAN MARTIN,TOCACHE,88.000,33.000,0.595455,0
2018,04,TUMBES,CONTRALMIRANTE VILLAR,238.368,144.770,0.800000,0
2018,04,TUMBES,TUMBES,519.620,464.810,0.754435,0
2018,04,TUMBES,ZARUMILLA,3416.080,1758.500,1.205451,0
2018,04,UCAYALI,ATALAYA,119.760,188.000,0.599956,0
2018,04,UCAYALI,CORONEL PORTILLO,548.788,1373.640,0.527761,0
2018,04,UCAYALI,PADRE ABAD,252.430,420.000,0.612937,0
2018,04,UCAYALI,PURUS,19.680,28.000,0.680000,0
2018,05,AMAZONAS,BAGUA,17.750,22.000,1.200000,0
2018,05,AMAZONAS,CHACHAPOYAS,22.700,43.000,1.220705,0
2018,05,AMAZONAS,LUYA,22.300,30.000,1.068610,0
2018,05,AMAZONAS,UTCUBAMBA,493.000,578.000,0.846247,0
2018,05,ANCASH,CASMA,41.000,53.000,1.393902,0
2018,05,ANCASH,HUARMEY,7.000,4.000,1.400000,0
2018,05,ANCASH,HUAYLAS,14.000,12.000,1.421429,0
2018,05,ANCASH,SANTA,5.000,5.000,1.500000,0
2018,05,APURIMAC,ABANCAY,8.000,29.500,1.075000,0
2018,05,APURIMAC,ANDAHUAYLAS,3.509,23.000,1.200000,0
2018,05,APURIMAC,AYMARAES,2.300,5.000,0.700000,0
2018,05,APURIMAC,CHINCHEROS,0.000,20.500,0.000000,1
2018,05,APURIMAC,GRAU,2.000,2.000,0.900000,0
2018,05,AREQUIPA,CARAVELI,3.200,3.000,1.200000,0
2018,05,AREQUIPA,LA UNION,0.000,10.000,0.000000,1
2018,05,AYACUCHO,HUAMANGA,3.600,3.400,1.560000,0
2018,05,AYACUCHO,HUANTA,9.830,10.170,1.960936,0
2018,05,AYACUCHO,LA MAR,18.660,19.500,1.881517,0
2018,05,AYACUCHO,LUCANAS,29.500,16.000,2.203390,0
2018,05,AYACUCHO,PARINACOCHAS,10.000,2.000,1.500000,0
2018,05,AYACUCHO,PAUCAR DEL SARA SARA,17.000,9.000,2.000000,0
2018,05,AYACUCHO,SUCRE,16.000,5.000,1.593750,0
2018,05,AYACUCHO,VILCAS HUAMAN,11.170,9.500,1.550662,0
2018,05,CAJAMARCA,CAJABAMBA,8.800,16.000,0.764773,0
2018,05,CAJAMARCA,CHOTA,28.000,32.250,1.107143,0
2018,05,CAJAMARCA,JAEN,9.320,16.000,1.229185,0
2018,05,CAJAMARCA,SAN IGNACIO,3.100,10.000,1.300000,0
2018,05,CAJAMARCA,SAN MARCOS,4.100,9.000,0.460976,0
2018,05,CAJAMARCA,SAN MIGUEL,22.000,30.000,1.313636,0
2018,05,CAJAMARCA,SANTA CRUZ,9.000,4.500,1.177778,0
2018,05,CUSCO,LA CONVENCION,49.000,288.000,0.660000,0
2018,05,HUANCAVELICA,ACOBAMBA,7.600,4.000,0.628947,0
2018,05,HUANCAVELICA,ANGARAES,3.940,3.000,0.664365,0
2018,05,HUANCAVELICA,CASTROVIRREYNA,4.100,2.000,0.550000,0
2018,05,HUANCAVELICA,CHURCAMPA,10.450,7.000,1.098756,0
2018,05,HUANCAVELICA,HUAYTARA,5.358,3.000,0.838587,0
2018,05,HUANCAVELICA,TAYACAJA,32.430,16.000,0.708452,0
2018,05,HUANUCO,HUACAYBAMBA,5.600,9.000,1.727143,0
2018,05,HUANUCO,HUAMALIES,18.600,22.000,0.560000,0
2018,05,HUANUCO,HUANUCO,10.400,11.250,0.812500,0
2018,05,HUANUCO,LEONCIO PRADO,120.400,103.000,0.575581,0
2018,05,HUANUCO,MARAÑON,9.000,7.000,0.600000,0
2018,05,HUANUCO,PUERTO INCA,1.000,4.000,1.000000,0
2018,05,ICA,CHINCHA,0.000,4.000,0.000000,1
2018,05,ICA,ICA,217.550,20.720,1.499655,0
2018,05,ICA,NASCA,0.000,17.590,0.000000,1
2018,05,ICA,PALPA,0.000,3.109,0.000000,1
2018,05,ICA,PISCO,4.000,35.400,0.800000,0
2018,05,JUNIN,CHANCHAMAYO,115.950,166.000,0.519642,0
2018,05,JUNIN,HUANCAYO,9.500,17.000,0.700000,0
2018,05,JUNIN,SATIPO,324.300,196.000,0.518301,0
2018,05,LA LIBERTAD,ASCOPE,0.000,4.000,0.000000,1
2018,05,LA LIBERTAD,BOLIVAR,10.930,15.500,0.686313,0
2018,05,LA LIBERTAD,CHEPEN,0.000,15.000,0.000000,1
2018,05,LA LIBERTAD,GRAN CHIMU,3.400,2.500,0.708235,0
2018,05,LA LIBERTAD,OTUZCO,0.520,2.000,0.690000,0
2018,05,LA LIBERTAD,PATAZ,12.199,11.250,0.716663,0
2018,05,LA LIBERTAD,SANCHEZ CARRION,5.960,11.500,0.726779,0
2018,05,LA LIBERTAD,VIRU,1.040,7.000,0.700000,0
2018,05,LAMBAYEQUE,CHICLAYO,0.000,8.000,0.000000,1
2018,05,LAMBAYEQUE,FERREÑAFE,54.000,19.000,0.330000,0
2018,05,LAMBAYEQUE,LAMBAYEQUE,3042.000,2223.000,0.311940,0
2018,05,LIMA,CAÑETE,0.000,3.000,0.000000,1
2018,05,LIMA,HUAURA,6.000,22.000,1.333333,0
2018,05,LIMA,LIMA,0.000,2.000,0.000000,1
2018,05,LORETO,ALTO AMAZONAS,299.000,479.000,0.912308,0
2018,05,LORETO,DATEM DEL MARAÑON,32.000,50.000,0.913125,0
2018,05,LORETO,LORETO,63.000,92.000,0.930635,0
2018,05,LORETO,MARISCAL RAMON CASTILLA,40.000,69.000,0.923500,0
2018,05,LORETO,MAYNAS,523.000,932.000,0.955315,0
2018,05,LORETO,PUTUMAYO,15.000,26.000,0.910000,0
2018,05,LORETO,REQUENA,44.000,63.000,0.913636,0
2018,05,LORETO,UCAYALI,88.000,183.000,0.934432,0
2018,05,MADRE DE DIOS,MANU,15.000,28.000,1.620000,0
2018,05,MADRE DE DIOS,TAHUAMANU,12.500,31.500,1.780000,0
2018,05,MADRE DE DIOS,TAMBOPATA,37.200,88.500,1.558065,0
2018,05,MOQUEGUA,GENERAL SANCHEZ CERRO,16.360,5.000,2.135452,0
2018,05,MOQUEGUA,MARISCAL NIETO,19.557,5.000,2.233333,0
2018,05,PASCO,OXAPAMPA,0.000,10.000,0.000000,1
2018,05,PIURA,AYABACA,3.000,86.000,1.200000,0
2018,05,PIURA,HUANCABAMBA,16.000,38.000,0.743750,0
2018,05,PIURA,MORROPON,1187.000,1450.000,0.525569,0
2018,05,PIURA,PAITA,4.000,4.000,0.450000,0
2018,05,PIURA,PIURA,4306.000,11399.000,0.376382,0
2018,05,PIURA,SECHURA,2.000,6.000,0.750000,0
2018,05,PIURA,SULLANA,8046.000,4086.000,0.450000,0
2018,05,PUNO,CARABAYA,2.000,1.000,0.800000,0
2018,05,PUNO,SANDIA,11.000,5.000,1.563636,0
2018,05,SAN MARTIN,BELLAVISTA,42.500,30.400,0.623529,0
2018,05,SAN MARTIN,EL DORADO,25.000,14.000,0.572000,0
2018,05,SAN MARTIN,HUALLAGA,38.000,45.500,0.986842,0
2018,05,SAN MARTIN,LAMAS,137.000,62.000,0.954015,0
2018,05,SAN MARTIN,MARISCAL CACERES,35.500,28.000,1.190423,0
2018,05,SAN MARTIN,MOYOBAMBA,37.000,83.000,0.944595,0
2018,05,SAN MARTIN,PICOTA,227.000,88.500,0.695815,0
2018,05,SAN MARTIN,RIOJA,47.000,19.000,0.414894,0
2018,05,SAN MARTIN,SAN MARTIN,297.000,80.000,0.720875,0
2018,05,SAN MARTIN,TOCACHE,79.000,33.000,0.500000,0
2018,05,TUMBES,CONTRALMIRANTE VILLAR,232.340,144.770,0.500000,0
2018,05,TUMBES,TUMBES,466.220,475.310,0.631398,0
2018,05,TUMBES,ZARUMILLA,3143.675,1774.000,0.758907,0
2018,05,UCAYALI,ATALAYA,152.990,188.000,0.587026,0
2018,05,UCAYALI,CORONEL PORTILLO,477.500,1373.640,0.528143,0
2018,05,UCAYALI,PADRE ABAD,272.759,427.000,0.606606,0
2018,05,UCAYALI,PURUS,24.590,28.000,0.650000,0
2018,06,AMAZONAS,BAGUA,17.100,22.000,1.200000,0
2018,06,AMAZONAS,CHACHAPOYAS,23.500,43.000,1.519149,0
2018,06,AMAZONAS,LUYA,21.000,30.000,1.079048,0
2018,06,AMAZONAS,UTCUBAMBA,502.000,578.000,1.001594,0
2018,06,ANCASH,CASMA,41.000,53.000,1.373171,0
2018,06,ANCASH,HUARMEY,6.000,4.000,1.400000,0
2018,06,ANCASH,HUAYLAS,14.000,12.000,1.475000,0
2018,06,ANCASH,SANTA,4.000,5.000,1.400000,0
2018,06,APURIMAC,ABANCAY,8.000,29.500,1.075000,0
2018,06,APURIMAC,ANDAHUAYLAS,0.000,23.000,0.000000,1
2018,06,APURIMAC,AYMARAES,1.900,5.000,0.700000,0
2018,06,APURIMAC,CHINCHEROS,0.000,20.500,0.000000,1
2018,06,APURIMAC,GRAU,0.000,2.000,0.000000,1
2018,06,AREQUIPA,CARAVELI,7.650,3.000,1.000000,0
2018,06,AREQUIPA,LA UNION,0.000,10.000,0.000000,1
2018,06,AYACUCHO,HUAMANGA,2.830,3.000,1.430000,0
2018,06,AYACUCHO,HUANTA,9.330,10.170,2.015113,0
2018,06,AYACUCHO,LA MAR,17.000,19.500,1.808824,0
2018,06,AYACUCHO,LUCANAS,29.500,16.000,2.203390,0
2018,06,AYACUCHO,PARINACOCHAS,4.000,2.000,1.875000,0
2018,06,AYACUCHO,PAUCAR DEL SARA SARA,16.000,9.000,2.000000,0
2018,06,AYACUCHO,SUCRE,0.000,5.000,0.000000,1
2018,06,AYACUCHO,VILCAS HUAMAN,10.500,9.500,1.283333,0
2018,06,CAJAMARCA,CAJABAMBA,7.100,16.000,1.050704,0
2018,06,CAJAMARCA,CHOTA,21.000,32.250,1.004762,0
2018,06,CAJAMARCA,JAEN,6.869,16.000,1.217164,0
2018,06,CAJAMARCA,SAN IGNACIO,8.250,10.000,1.251515,0
2018,06,CAJAMARCA,SAN MARCOS,1.500,9.000,0.500000,0
2018,06,CAJAMARCA,SAN MIGUEL,19.000,30.000,0.873684,0
2018,06,CAJAMARCA,SANTA CRUZ,4.000,4.500,1.350000,0
2018,06,CUSCO,LA CONVENCION,49.000,288.000,1.350000,0
2018,06,HUANCAVELICA,ACOBAMBA,4.400,4.000,0.621591,0
2018,06,HUANCAVELICA,ANGARAES,6.050,3.000,0.671736,0
2018,06,HUANCAVELICA,CASTROVIRREYNA,2.400,2.000,0.550000,0
2018,06,HUANCAVELICA,CHURCAMPA,9.600,7.000,0.895000,0
2018,06,HUANCAVELICA,HUAYTARA,3.380,3.000,0.856509,0
2018,06,HUANCAVELICA,TAYACAJA,22.060,16.000,0.717888,0
2018,06,HUANUCO,HUACAYBAMBA,0.000,9.000,0.000000,1
2018,06,HUANUCO,HUAMALIES,20.200,22.000,0.540000,0
2018,06,HUANUCO,HUANUCO,11.000,11.250,0.858000,0
2018,06,HUANUCO,LEONCIO PRADO,141.800,103.000,0.539937,0
2018,06,HUANUCO,MARAÑON,5.000,7.000,0.720000,0
2018,06,HUANUCO,PUERTO INCA,2.000,4.000,0.700000,0
2018,06,ICA,CHINCHA,0.000,4.000,0.000000,1
2018,06,ICA,ICA,18.500,20.720,1.439459,0
2018,06,ICA,NASCA,77.050,17.590,0.853991,0
2018,06,ICA,PALPA,0.530,3.109,1.500000,0
2018,06,ICA,PISCO,5.000,35.400,0.800000,0
2018,06,JUNIN,CHANCHAMAYO,128.100,166.000,0.550000,0
2018,06,JUNIN,HUANCAYO,7.000,17.000,0.600000,0
2018,06,JUNIN,SATIPO,282.800,196.000,0.548037,0
2018,06,LA LIBERTAD,ASCOPE,0.000,4.000,0.000000,1
2018,06,LA LIBERTAD,BOLIVAR,7.700,15.500,0.674026,0
2018,06,LA LIBERTAD,CHEPEN,0.000,15.000,0.000000,1
2018,06,LA LIBERTAD,GRAN CHIMU,0.520,2.500,0.720000,0
2018,06,LA LIBERTAD,OTUZCO,1.600,2.000,0.740000,0
2018,06,LA LIBERTAD,PATAZ,9.500,11.250,0.724326,0
2018,06,LA LIBERTAD,SANCHEZ CARRION,1.180,11.500,0.730000,0
2018,06,LA LIBERTAD,VIRU,0.800,7.000,0.720000,0
2018,06,LAMBAYEQUE,CHICLAYO,0.000,8.000,0.000000,1
2018,06,LAMBAYEQUE,FERREÑAFE,54.000,19.000,0.330000,0
2018,06,LAMBAYEQUE,LAMBAYEQUE,3603.000,2223.000,0.352823,0
2018,06,LIMA,CAÑETE,0.000,3.000,0.000000,1
2018,06,LIMA,HUAURA,6.000,22.000,1.500000,0
2018,06,LIMA,LIMA,0.000,2.000,0.000000,1
2018,06,LORETO,ALTO AMAZONAS,240.000,479.000,0.911625,0
2018,06,LORETO,DATEM DEL MARAÑON,31.000,50.000,0.920000,0
2018,06,LORETO,LORETO,36.000,92.000,0.923889,0
2018,06,LORETO,MARISCAL RAMON CASTILLA,50.000,69.000,0.930000,0
2018,06,LORETO,MAYNAS,502.000,932.000,0.946116,0
2018,06,LORETO,PUTUMAYO,15.000,26.000,0.910000,0
2018,06,LORETO,REQUENA,43.000,63.000,0.916744,0
2018,06,LORETO,UCAYALI,97.000,183.000,0.937113,0
2018,06,MADRE DE DIOS,MANU,8.600,28.500,1.565116,0
2018,06,MADRE DE DIOS,TAHUAMANU,5.100,31.500,1.500000,0
2018,06,MADRE DE DIOS,TAMBOPATA,35.800,88.500,1.500000,0
2018,06,MOQUEGUA,GENERAL SANCHEZ CERRO,0.000,5.000,0.000000,1
2018,06,MOQUEGUA,MARISCAL NIETO,0.000,5.000,0.000000,1
2018,06,PASCO,OXAPAMPA,113.330,10.000,0.625368,0
2018,06,PIURA,AYABACA,17.300,86.000,0.702312,0
2018,06,PIURA,HUANCABAMBA,10.000,38.000,0.809000,0
2018,06,PIURA,MORROPON,1096.000,1450.000,0.633805,0
2018,06,PIURA,PAITA,0.000,4.000,0.000000,1
2018,06,PIURA,PIURA,4956.000,11399.000,0.539952,0
2018,06,PIURA,SECHURA,2.000,6.000,0.750000,0
2018,06,PIURA,SULLANA,8800.000,4086.000,0.400000,0
2018,06,PUNO,CARABAYA,3.000,1.000,0.800000,0
2018,06,PUNO,SANDIA,21.100,5.000,0.928436,0
2018,06,SAN MARTIN,BELLAVISTA,24.000,30.400,0.566667,0
2018,06,SAN MARTIN,EL DORADO,13.000,14.000,0.523077,0
2018,06,SAN MARTIN,HUALLAGA,22.000,45.500,1.140909,0
2018,06,SAN MARTIN,LAMAS,79.800,62.000,0.974937,0
2018,06,SAN MARTIN,MARISCAL CACERES,34.000,28.000,1.188971,0
2018,06,SAN MARTIN,MOYOBAMBA,29.000,83.000,0.879310,0
2018,06,SAN MARTIN,PICOTA,134.000,88.500,0.687313,0
2018,06,SAN MARTIN,RIOJA,12.000,19.000,0.500000,0
2018,06,SAN MARTIN,SAN MARTIN,115.700,80.000,0.774330,0
2018,06,SAN MARTIN,TOCACHE,62.000,33.000,0.500000,0
2018,06,TUMBES,CONTRALMIRANTE VILLAR,224.780,144.770,0.700000,0
2018,06,TUMBES,TUMBES,172.010,475.310,0.624333,0
2018,06,TUMBES,ZARUMILLA,1255.918,1788.000,0.953771,0
2018,06,UCAYALI,ATALAYA,176.450,188.000,0.598664,0
2018,06,UCAYALI,CORONEL PORTILLO,478.720,1374.640,0.545918,0
2018,06,UCAYALI,PADRE ABAD,299.440,433.000,0.616540,0
2018,06,UCAYALI,PURUS,15.240,28.000,0.700000,0
2018,07,AMAZONAS,BAGUA,16.300,22.000,1.268098,0
2018,07,AMAZONAS,CHACHAPOYAS,23.600,43.000,1.474153,0
2018,07,AMAZONAS,LUYA,19.500,30.000,1.130769,0
2018,07,AMAZONAS,UTCUBAMBA,505.000,578.000,0.625149,0
2018,07,ANCASH,CASMA,39.000,53.000,1.474359,0
2018,07,ANCASH,HUARMEY,5.000,4.000,1.500000,0
2018,07,ANCASH,HUAYLAS,11.000,12.000,1.672727,0
2018,07,ANCASH,SANTA,5.000,5.000,1.500000,0
2018,07,APURIMAC,ABANCAY,20.000,29.500,1.200000,0
2018,07,APURIMAC,ANDAHUAYLAS,0.000,23.000,0.000000,1
2018,07,APURIMAC,AYMARAES,1.700,5.000,0.700000,0
2018,07,APURIMAC,CHINCHEROS,0.000,20.500,0.000000,1
2018,07,APURIMAC,GRAU,1.000,2.000,0.900000,0
2018,07,AREQUIPA,CARAVELI,0.000,3.000,0.000000,1
2018,07,AREQUIPA,LA UNION,0.000,10.000,0.000000,1
2018,07,AYACUCHO,HUAMANGA,1.170,3.000,0.650000,0
2018,07,AYACUCHO,HUANTA,9.330,10.170,2.001715,0
2018,07,AYACUCHO,LA MAR,18.500,19.500,1.826319,0
2018,07,AYACUCHO,LUCANAS,19.000,16.000,2.105263,0
2018,07,AYACUCHO,PARINACOCHAS,2.000,2.000,1.750000,0
2018,07,AYACUCHO,PAUCAR DEL SARA SARA,6.000,9.000,2.000000,0
2018,07,AYACUCHO,SUCRE,0.000,5.000,0.000000,1
2018,07,AYACUCHO,VILCAS HUAMAN,13.170,9.500,1.606219,0
2018,07,CAJAMARCA,CAJABAMBA,6.300,16.000,1.071429,0
2018,07,CAJAMARCA,CHOTA,19.000,32.250,1.152632,0
2018,07,CAJAMARCA,JAEN,4.670,16.000,1.183512,0
2018,07,CAJAMARCA,SAN IGNACIO,7.900,10.000,1.300000,0
2018,07,CAJAMARCA,SAN MARCOS,2.500,9.000,0.800000,0
2018,07,CAJAMARCA,SAN MIGUEL,10.000,30.000,1.200000,0
2018,07,CAJAMARCA,SANTA CRUZ,1.000,4.500,1.000000,0
2018,07,CUSCO,LA CONVENCION,49.000,288.000,1.350000,0
2018,07,HUANCAVELICA,ACOBAMBA,2.100,4.000,0.628571,0
2018,07,HUANCAVELICA,ANGARAES,1.070,3.000,0.720748,0
2018,07,HUANCAVELICA,CASTROVIRREYNA,0.500,2.000,0.550000,0
2018,07,HUANCAVELICA,CHURCAMPA,5.100,7.000,0.815098,0
2018,07,HUANCAVELICA,HUAYTARA,0.000,3.000,0.000000,1
2018,07,HUANCAVELICA,TAYACAJA,13.000,16.000,0.710769,0
2018,07,HUANUCO,HUACAYBAMBA,0.000,9.000,0.000000,1
2018,07,HUANUCO,HUAMALIES,12.800,22.000,0.800000,0
2018,07,HUANUCO,HUANUCO,10.500,11.250,1.071810,0
2018,07,HUANUCO,LEONCIO PRADO,91.200,103.000,0.776557,0
2018,07,HUANUCO,MARAÑON,1.000,7.000,0.750000,0
2018,07,HUANUCO,PUERTO INCA,3.000,4.000,0.720000,0
2018,07,ICA,CHINCHA,0.000,4.000,0.000000,1
2018,07,ICA,ICA,48.780,20.720,1.772550,0
2018,07,ICA,NASCA,210.700,17.590,1.240864,0
2018,07,ICA,PALPA,0.000,3.109,0.000000,1
2018,07,ICA,PISCO,5.000,35.400,0.800000,0
2018,07,JUNIN,CHANCHAMAYO,109.300,166.000,0.600000,0
2018,07,JUNIN,HUANCAYO,5.000,17.000,0.650000,0
2018,07,JUNIN,SATIPO,170.200,196.000,0.548625,0
2018,07,LA LIBERTAD,ASCOPE,0.000,4.000,0.000000,1
2018,07,LA LIBERTAD,BOLIVAR,7.530,15.500,0.681408,0
2018,07,LA LIBERTAD,CHEPEN,0.000,15.000,0.000000,1
2018,07,LA LIBERTAD,GRAN CHIMU,0.240,2.500,0.700000,0
2018,07,LA LIBERTAD,OTUZCO,3.700,2.000,0.720000,0
2018,07,LA LIBERTAD,PATAZ,4.390,11.250,0.731298,0
2018,07,LA LIBERTAD,SANCHEZ CARRION,0.690,11.500,0.720000,0
2018,07,LA LIBERTAD,VIRU,0.810,7.000,0.730000,0
2018,07,LAMBAYEQUE,CHICLAYO,0.000,8.000,0.000000,1
2018,07,LAMBAYEQUE,FERREÑAFE,0.000,19.000,0.000000,1
2018,07,LAMBAYEQUE,LAMBAYEQUE,4530.000,2223.000,0.641558,0
2018,07,LIMA,CAÑETE,0.000,3.000,0.000000,1
2018,07,LIMA,HUAURA,0.000,22.000,0.000000,1
2018,07,LIMA,LIMA,0.000,2.000,0.000000,1
2018,07,LORETO,ALTO AMAZONAS,244.000,479.000,0.920000,0
2018,07,LORETO,DATEM DEL MARAÑON,33.000,50.000,0.917879,0
2018,07,LORETO,LORETO,37.000,92.000,0.915676,0
2018,07,LORETO,MARISCAL RAMON CASTILLA,41.000,69.000,0.924146,0
2018,07,LORETO,MAYNAS,405.000,932.000,0.939580,0
2018,07,LORETO,PUTUMAYO,14.000,26.000,0.910000,0
2018,07,LORETO,REQUENA,34.000,63.000,0.911765,0
2018,07,LORETO,UCAYALI,89.000,183.000,0.930225,0
2018,07,MADRE DE DIOS,MANU,10.700,28.500,1.485047,0
2018,07,MADRE DE DIOS,TAHUAMANU,14.400,31.500,1.331944,0
2018,07,MADRE DE DIOS,TAMBOPATA,34.900,88.500,1.458739,0
2018,07,MOQUEGUA,GENERAL SANCHEZ CERRO,0.000,5.000,0.000000,1
2018,07,MOQUEGUA,MARISCAL NIETO,6.510,5.000,2.300000,0
2018,07,PASCO,OXAPAMPA,0.000,10.000,0.000000,1
2018,07,PIURA,AYABACA,3.300,86.000,0.954545,0
2018,07,PIURA,HUANCABAMBA,10.000,38.000,0.800000,0
2018,07,PIURA,MORROPON,1056.000,1450.000,0.621638,0
2018,07,PIURA,PAITA,0.000,4.000,0.000000,1
2018,07,PIURA,PIURA,3846.000,11399.000,1.000000,0
2018,07,PIURA,SECHURA,2.000,6.000,1.000000,0
2018,07,PIURA,SULLANA,3025.000,4086.000,0.800000,0
2018,07,PUNO,CARABAYA,4.000,1.000,0.700000,0
2018,07,PUNO,SANDIA,9.000,5.000,1.000000,0
2018,07,SAN MARTIN,BELLAVISTA,7.500,30.400,0.736000,0
2018,07,SAN MARTIN,EL DORADO,6.000,14.000,0.550000,0
2018,07,SAN MARTIN,HUALLAGA,14.000,45.500,1.300000,0
2018,07,SAN MARTIN,LAMAS,32.000,62.000,1.012500,0
2018,07,SAN MARTIN,MARISCAL CACERES,24.000,28.000,1.226250,0
2018,07,SAN MARTIN,MOYOBAMBA,24.000,83.000,0.900000,0
2018,07,SAN MARTIN,PICOTA,53.000,88.500,1.026415,0
2018,07,SAN MARTIN,RIOJA,6.000,19.000,0.583333,0
2018,07,SAN MARTIN,SAN MARTIN,25.900,80.000,0.626641,0
2018,07,SAN MARTIN,TOCACHE,55.000,33.000,0.500000,0
2018,07,TUMBES,CONTRALMIRANTE VILLAR,224.780,144.770,1.250000,0
2018,07,TUMBES,TUMBES,97.060,480.310,0.565808,0
2018,07,TUMBES,ZARUMILLA,1086.226,1798.000,1.379524,0
2018,07,UCAYALI,ATALAYA,169.730,188.000,0.607038,0
2018,07,UCAYALI,CORONEL PORTILLO,489.040,1374.640,0.565455,0
2018,07,UCAYALI,PADRE ABAD,256.230,440.000,0.625828,0
2018,07,UCAYALI,PURUS,11.630,28.000,0.700000,0
2018,08,AMAZONAS,BAGUA,16.300,22.000,1.202454,0
2018,08,AMAZONAS,CHACHAPOYAS,23.450,43.000,1.358209,0
2018,08,AMAZONAS,LUYA,25.650,30.000,1.196491,0
2018,08,AMAZONAS,UTCUBAMBA,340.000,578.000,2.472059,0
2018,08,ANCASH,CASMA,42.000,53.000,1.544762,0
2018,08,ANCASH,HUARMEY,4.000,4.000,1.600000,0
2018,08,ANCASH,HUAYLAS,11.000,12.000,1.568182,0
2018,08,ANCASH,SANTA,4.000,5.000,1.650000,0
2018,08,APURIMAC,ABANCAY,5.000,29.500,1.000000,0
2018,08,APURIMAC,ANDAHUAYLAS,0.000,23.000,0.000000,1
2018,08,APURIMAC,AYMARAES,1.400,5.000,0.700000,0
2018,08,APURIMAC,CHINCHEROS,0.000,20.500,0.000000,1
2018,08,APURIMAC,GRAU,0.000,2.000,0.000000,1
2018,08,AREQUIPA,CARAVELI,0.000,3.000,0.000000,1
2018,08,AREQUIPA,LA UNION,0.000,10.000,0.000000,1
2018,08,AYACUCHO,HUAMANGA,2.860,3.140,1.440000,0
2018,08,AYACUCHO,HUANTA,6.670,10.170,1.194018,0
2018,08,AYACUCHO,LA MAR,11.000,19.500,1.681818,0
2018,08,AYACUCHO,LUCANAS,5.000,16.000,1.600000,0
2018,08,AYACUCHO,PARINACOCHAS,0.000,2.000,0.000000,1
2018,08,AYACUCHO,PAUCAR DEL SARA SARA,0.000,9.000,0.000000,1
2018,08,AYACUCHO,SUCRE,0.000,5.000,0.000000,1
2018,08,AYACUCHO,VILCAS HUAMAN,3.000,9.500,1.500000,0
2018,08,CAJAMARCA,CAJABAMBA,5.000,16.000,1.500000,0
2018,08,CAJAMARCA,CHOTA,25.000,32.250,1.112000,0
2018,08,CAJAMARCA,JAEN,3.860,16.000,1.971762,0
2018,08,CAJAMARCA,SAN IGNACIO,5.520,10.000,2.782609,0
2018,08,CAJAMARCA,SAN MARCOS,1.490,9.000,0.700000,0
2018,08,CAJAMARCA,SAN MIGUEL,5.000,30.000,0.200000,0
2018,08,CAJAMARCA,SANTA CRUZ,0.000,4.500,0.000000,1
2018,08,CUSCO,LA CONVENCION,40.830,288.000,1.350000,0
2018,08,HUANCAVELICA,ACOBAMBA,0.000,4.000,0.000000,1
2018,08,HUANCAVELICA,ANGARAES,0.000,3.000,0.000000,1
2018,08,HUANCAVELICA,CASTROVIRREYNA,0.000,2.000,0.000000,1
2018,08,HUANCAVELICA,CHURCAMPA,1.200,7.000,0.800000,0
2018,08,HUANCAVELICA,HUAYTARA,0.000,3.000,0.000000,1
2018,08,HUANCAVELICA,TAYACAJA,1.200,16.000,0.800000,0
2018,08,HUANUCO,HUACAYBAMBA,0.000,9.000,0.000000,1
2018,08,HUANUCO,HUAMALIES,11.400,22.000,0.980000,0
2018,08,HUANUCO,HUANUCO,9.000,11.250,1.083333,0
2018,08,HUANUCO,LEONCIO PRADO,66.600,103.000,0.810886,0
2018,08,HUANUCO,MARAÑON,0.800,7.000,0.790000,0
2018,08,HUANUCO,PUERTO INCA,3.200,4.000,0.800000,0
2018,08,ICA,CHINCHA,0.000,4.000,0.000000,1
2018,08,ICA,ICA,42.800,20.720,2.470794,0
2018,08,ICA,NASCA,58.800,17.590,1.500000,0
2018,08,ICA,PALPA,7.630,3.110,2.000000,0
2018,08,ICA,PISCO,134.000,35.400,1.791045,0
2018,08,JUNIN,CHANCHAMAYO,63.900,166.000,0.650000,0
2018,08,JUNIN,HUANCAYO,4.000,17.000,0.650000,0
2018,08,JUNIN,SATIPO,103.100,196.000,0.700145,0
2018,08,LA LIBERTAD,ASCOPE,0.000,4.000,0.000000,1
2018,08,LA LIBERTAD,BOLIVAR,10.019,15.500,0.701176,0
2018,08,LA LIBERTAD,CHEPEN,0.000,15.000,0.000000,1
2018,08,LA LIBERTAD,GRAN CHIMU,0.000,2.500,0.000000,1
2018,08,LA LIBERTAD,OTUZCO,0.850,2.000,0.730000,0
2018,08,LA LIBERTAD,PATAZ,4.610,11.250,0.740000,0
2018,08,LA LIBERTAD,SANCHEZ CARRION,0.660,11.500,0.740000,0
2018,08,LA LIBERTAD,VIRU,0.530,7.000,0.730000,0
2018,08,LAMBAYEQUE,CHICLAYO,0.000,8.000,0.000000,1
2018,08,LAMBAYEQUE,FERREÑAFE,0.000,19.000,0.000000,1
2018,08,LAMBAYEQUE,LAMBAYEQUE,5346.000,2223.000,0.586607,0
2018,08,LIMA,CAÑETE,0.000,3.000,0.000000,1
2018,08,LIMA,HUAURA,0.000,22.000,0.000000,1
2018,08,LIMA,LIMA,0.000,2.000,0.000000,1
2018,08,LORETO,ALTO AMAZONAS,236.000,481.000,0.919831,0
2018,08,LORETO,DATEM DEL MARAÑON,24.000,50.000,0.918750,0
2018,08,LORETO,LORETO,40.000,92.000,0.930750,0
2018,08,LORETO,MARISCAL RAMON CASTILLA,34.000,69.000,0.926471,0
2018,08,LORETO,MAYNAS,416.000,932.000,0.937308,0
2018,08,LORETO,PUTUMAYO,11.000,26.000,0.920909,0
2018,08,LORETO,REQUENA,31.000,63.000,0.912903,0
2018,08,LORETO,UCAYALI,86.000,183.000,0.932558,0
2018,08,MADRE DE DIOS,MANU,8.900,28.500,1.713483,0
2018,08,MADRE DE DIOS,TAHUAMANU,7.200,31.500,1.500000,0
2018,08,MADRE DE DIOS,TAMBOPATA,29.600,88.500,1.500000,0
2018,08,MOQUEGUA,GENERAL SANCHEZ CERRO,0.000,5.000,0.000000,1
2018,08,MOQUEGUA,MARISCAL NIETO,0.000,5.000,0.000000,1
2018,08,PASCO,OXAPAMPA,0.000,10.000,0.000000,1
2018,08,PIURA,AYABACA,4.300,86.000,0.848837,0
2018,08,PIURA,HUANCABAMBA,10.000,38.000,0.800000,0
2018,08,PIURA,MORROPON,145.000,1450.000,1.529655,0
2018,08,PIURA,PAITA,4.000,4.000,0.600000,0
2018,08,PIURA,PIURA,4328.000,11399.000,1.084104,0
2018,08,PIURA,SECHURA,2.000,6.000,1.000000,0
2018,08,PIURA,SULLANA,4020.000,4086.000,0.600000,0
2018,08,PUNO,CARABAYA,2.000,1.000,0.700000,0
2018,08,PUNO,SANDIA,0.000,5.000,0.000000,1
2018,08,SAN MARTIN,BELLAVISTA,4.000,30.400,0.968750,0
2018,08,SAN MARTIN,EL DORADO,7.000,14.000,0.557143,0
2018,08,SAN MARTIN,HUALLAGA,9.000,45.500,1.466667,0
2018,08,SAN MARTIN,LAMAS,15.000,68.000,1.613333,0
2018,08,SAN MARTIN,MARISCAL CACERES,23.500,28.000,1.220000,0
2018,08,SAN MARTIN,MOYOBAMBA,26.000,83.000,0.988462,0
2018,08,SAN MARTIN,PICOTA,28.000,88.500,1.828571,0
2018,08,SAN MARTIN,RIOJA,3.000,19.000,0.666667,0
2018,08,SAN MARTIN,SAN MARTIN,19.900,80.000,0.719095,0
2018,08,SAN MARTIN,TOCACHE,53.000,33.000,0.500000,0
2018,08,TUMBES,CONTRALMIRANTE VILLAR,224.780,144.770,1.500000,0
2018,08,TUMBES,TUMBES,70.929,485.310,1.023545,0
2018,08,TUMBES,ZARUMILLA,869.068,1811.820,2.073659,0
2018,08,UCAYALI,ATALAYA,130.570,188.000,0.603475,0
2018,08,UCAYALI,CORONEL PORTILLO,394.560,1374.640,0.544487,0
2018,08,UCAYALI,PADRE ABAD,174.828,446.000,0.633558,0
2018,08,UCAYALI,PURUS,6.470,28.000,0.700000,0
2018,09,AMAZONAS,BAGUA,15.000,22.000,1.292000,0
2018,09,AMAZONAS,CHACHAPOYAS,24.000,43.000,1.400000,0
2018,09,AMAZONAS,LUYA,23.200,30.000,1.399138,0
2018,09,AMAZONAS,UTCUBAMBA,323.000,578.000,4.789474,0
2018,09,ANCASH,CASMA,41.000,53.000,1.618293,0
2018,09,ANCASH,HUARMEY,5.000,4.000,1.500000,0
2018,09,ANCASH,HUAYLAS,10.000,12.000,1.560000,0
2018,09,ANCASH,SANTA,4.000,5.000,1.700000,0
2018,09,APURIMAC,ABANCAY,23.000,29.500,1.182609,0
2018,09,APURIMAC,ANDAHUAYLAS,0.000,23.000,0.000000,1
2018,09,APURIMAC,AYMARAES,1.200,5.000,0.700000,0
2018,09,APURIMAC,CHINCHEROS,0.000,21.500,0.000000,1
2018,09,APURIMAC,GRAU,1.000,2.000,1.000000,0
2018,09,AREQUIPA,CARAVELI,0.000,3.000,0.000000,1
2018,09,AREQUIPA,LA UNION,0.000,10.000,0.000000,1
2018,09,AYACUCHO,HUAMANGA,2.570,3.140,1.660000,0
2018,09,AYACUCHO,HUANTA,3.500,10.000,1.150000,0
2018,09,AYACUCHO,LA MAR,8.500,19.500,1.588235,0
2018,09,AYACUCHO,LUCANAS,1.000,16.000,2.000000,0
2018,09,AYACUCHO,PARINACOCHAS,0.000,2.000,0.000000,1
2018,09,AYACUCHO,PAUCAR DEL SARA SARA,0.000,9.000,0.000000,1
2018,09,AYACUCHO,SUCRE,0.000,5.000,0.000000,1
2018,09,AYACUCHO,VILCAS HUAMAN,0.000,8.670,0.000000,1
2018,09,CAJAMARCA,CAJABAMBA,4.300,16.000,1.055814,0
2018,09,CAJAMARCA,CHOTA,14.000,32.250,0.957143,0
2018,09,CAJAMARCA,JAEN,3.790,16.000,2.106596,0
2018,09,CAJAMARCA,SAN IGNACIO,1.820,10.000,3.000000,0
2018,09,CAJAMARCA,SAN MARCOS,1.460,9.000,0.800000,0
2018,09,CAJAMARCA,SAN MIGUEL,5.000,30.000,0.300000,0
2018,09,CAJAMARCA,SANTA CRUZ,0.000,4.500,0.000000,1
2018,09,CUSCO,LA CONVENCION,85.940,288.000,1.192530,0
2018,09,HUANCAVELICA,ACOBAMBA,0.000,4.000,0.000000,1
2018,09,HUANCAVELICA,ANGARAES,0.000,3.000,0.000000,1
2018,09,HUANCAVELICA,CASTROVIRREYNA,0.000,2.000,0.000000,1
2018,09,HUANCAVELICA,CHURCAMPA,0.000,7.000,0.000000,1
2018,09,HUANCAVELICA,HUAYTARA,0.000,3.000,0.000000,1
2018,09,HUANCAVELICA,TAYACAJA,0.000,22.000,0.000000,1
2018,09,HUANUCO,HUACAYBAMBA,0.000,9.000,0.000000,1
2018,09,HUANUCO,HUAMALIES,10.200,22.000,1.000000,0
2018,09,HUANUCO,HUANUCO,6.500,11.250,0.980000,0
2018,09,HUANUCO,LEONCIO PRADO,34.800,103.000,0.953678,0
2018,09,HUANUCO,MARAÑON,0.000,7.000,0.000000,1
2018,09,HUANUCO,PUERTO INCA,2.000,4.000,0.900000,0
2018,09,ICA,CHINCHA,0.000,4.000,0.000000,1
2018,09,ICA,ICA,3.120,20.720,1.996795,0
2018,09,ICA,NASCA,0.000,17.590,0.000000,1
2018,09,ICA,PALPA,1.230,3.109,1.800000,0
2018,09,ICA,PISCO,58.500,35.400,1.800000,0
2018,09,JUNIN,CHANCHAMAYO,41.400,166.000,0.760870,0
2018,09,JUNIN,HUANCAYO,3.000,17.000,0.750000,0
2018,09,JUNIN,SATIPO,81.300,196.000,0.954859,0
2018,09,LA LIBERTAD,ASCOPE,0.000,4.000,0.000000,1
2018,09,LA LIBERTAD,BOLIVAR,8.790,15.500,0.732730,0
2018,09,LA LIBERTAD,CHEPEN,0.000,15.000,0.000000,1
2018,09,LA LIBERTAD,GRAN CHIMU,0.000,2.500,0.000000,1
2018,09,LA LIBERTAD,OTUZCO,0.000,2.000,0.000000,1
2018,09,LA LIBERTAD,PATAZ,0.650,11.250,0.740000,0
2018,09,LA LIBERTAD,SANCHEZ CARRION,0.730,11.500,0.740000,0
2018,09,LA LIBERTAD,VIRU,0.640,7.000,0.740000,0
2018,09,LAMBAYEQUE,CHICLAYO,0.000,8.000,0.000000,1
2018,09,LAMBAYEQUE,FERREÑAFE,3.000,19.000,0.500000,0
2018,09,LAMBAYEQUE,LAMBAYEQUE,4599.000,2223.000,0.865232,0
2018,09,LIMA,CAÑETE,0.000,3.000,0.000000,1
2018,09,LIMA,HUAURA,0.000,22.000,0.000000,1
2018,09,LIMA,LIMA,0.000,2.000,0.000000,1
2018,09,LORETO,ALTO AMAZONAS,246.000,481.000,0.920122,0
2018,09,LORETO,DATEM DEL MARAÑON,20.000,50.000,0.920500,0
2018,09,LORETO,LORETO,38.000,92.000,0.938421,0
2018,09,LORETO,MARISCAL RAMON CASTILLA,31.000,69.000,0.930000,0
2018,09,LORETO,MAYNAS,420.000,932.000,0.941643,0
2018,09,LORETO,PUTUMAYO,14.000,26.000,0.930000,0
2018,09,LORETO,REQUENA,23.000,63.000,0.924348,0
2018,09,LORETO,UCAYALI,82.000,183.000,0.940854,0
2018,09,MADRE DE DIOS,MANU,9.300,28.500,1.806452,0
2018,09,MADRE DE DIOS,TAHUAMANU,7.000,31.500,1.474286,0
2018,09,MADRE DE DIOS,TAMBOPATA,14.200,88.500,1.500000,0
2018,09,MOQUEGUA,GENERAL SANCHEZ CERRO,0.000,5.000,0.000000,1
2018,09,MOQUEGUA,MARISCAL NIETO,6.383,5.000,2.200000,0
2018,09,PASCO,OXAPAMPA,0.000,10.000,0.000000,1
2018,09,PIURA,AYABACA,7.000,86.000,0.785714,0
2018,09,PIURA,HUANCABAMBA,10.000,38.000,0.800000,0
2018,09,PIURA,MORROPON,115.000,1450.000,2.200000,0
2018,09,PIURA,PAITA,0.000,4.000,0.000000,1
2018,09,PIURA,PIURA,1144.000,11472.000,1.443094,0
2018,09,PIURA,SECHURA,2.000,6.000,1.000000,0
2018,09,PIURA,SULLANA,4000.000,4086.000,0.600000,0
2018,09,PUNO,CARABAYA,0.000,1.000,0.000000,1
2018,09,PUNO,SANDIA,0.000,5.000,0.000000,1
2018,09,SAN MARTIN,BELLAVISTA,1.500,30.400,1.058333,0
2018,09,SAN MARTIN,EL DORADO,5.000,14.000,0.540000,0
2018,09,SAN MARTIN,HUALLAGA,9.000,45.500,1.477778,0
2018,09,SAN MARTIN,LAMAS,22.000,68.000,1.218182,0
2018,09,SAN MARTIN,MARISCAL CACERES,20.500,28.000,1.260976,0
2018,09,SAN MARTIN,MOYOBAMBA,18.500,83.000,0.967568,0
2018,09,SAN MARTIN,PICOTA,14.000,88.500,2.235714,0
2018,09,SAN MARTIN,RIOJA,10.000,19.000,0.500000,0
2018,09,SAN MARTIN,SAN MARTIN,16.100,80.000,0.800000,0
2018,09,SAN MARTIN,TOCACHE,21.000,33.000,0.523810,0
2018,09,TUMBES,CONTRALMIRANTE VILLAR,146.200,144.770,1.750000,0
2018,09,TUMBES,TUMBES,253.586,492.209,2.000000,0
2018,09,TUMBES,ZARUMILLA,528.400,1830.820,2.380000,0
2018,09,UCAYALI,ATALAYA,93.200,188.000,0.627527,0
2018,09,UCAYALI,CORONEL PORTILLO,267.549,1374.640,0.577384,0
2018,09,UCAYALI,PADRE ABAD,171.580,452.000,0.674647,0
2018,09,UCAYALI,PURUS,3.400,28.000,0.730000,0
2018,10,AMAZONAS,BAGUA,14.600,22.000,1.310274,0
2018,10,AMAZONAS,CHACHAPOYAS,22.500,43.000,1.426000,0
2018,10,AMAZONAS,LUYA,18.000,30.000,1.780556,0
2018,10,AMAZONAS,UTCUBAMBA,312.000,578.000,4.000000,0
2018,10,ANCASH,CASMA,38.000,53.000,1.721053,0
2018,10,ANCASH,HUARMEY,4.000,4.000,2.000000,0
2018,10,ANCASH,HUAYLAS,11.000,12.000,1.731818,0
2018,10,ANCASH,SANTA,3.000,5.000,1.800000,0
2018,10,APURIMAC,ABANCAY,3.000,29.500,1.133333,0
2018,10,APURIMAC,ANDAHUAYLAS,0.000,23.000,0.000000,1
2018,10,APURIMAC,AYMARAES,1.200,5.000,0.700000,0
2018,10,APURIMAC,CHINCHEROS,0.000,21.500,0.000000,1
2018,10,APURIMAC,GRAU,0.000,2.000,0.000000,1
2018,10,AREQUIPA,CARAVELI,0.000,3.000,0.000000,1
2018,10,AREQUIPA,LA UNION,0.000,10.000,0.000000,1
2018,10,AYACUCHO,HUAMANGA,0.000,4.000,0.000000,1
2018,10,AYACUCHO,HUANTA,0.000,9.000,0.000000,1
2018,10,AYACUCHO,LA MAR,0.000,19.500,0.000000,1
2018,10,AYACUCHO,LUCANAS,0.000,16.000,0.000000,1
2018,10,AYACUCHO,PARINACOCHAS,0.000,2.000,0.000000,1
2018,10,AYACUCHO,PAUCAR DEL SARA SARA,0.000,9.000,0.000000,1
2018,10,AYACUCHO,SUCRE,0.000,5.000,0.000000,1
2018,10,AYACUCHO,VILCAS HUAMAN,0.000,8.670,0.000000,1
2018,10,CAJAMARCA,CAJABAMBA,3.600,16.000,1.072222,0
2018,10,CAJAMARCA,CHOTA,4.000,32.250,1.700000,0
2018,10,CAJAMARCA,JAEN,7.230,16.000,1.917842,0
2018,10,CAJAMARCA,SAN IGNACIO,2.150,10.000,3.000000,0
2018,10,CAJAMARCA,SAN MARCOS,4.050,9.000,1.400000,0
2018,10,CAJAMARCA,SAN MIGUEL,20.000,30.000,0.600000,0
2018,10,CAJAMARCA,SANTA CRUZ,0.000,4.500,0.000000,1
2018,10,CUSCO,LA CONVENCION,98.420,288.000,1.215417,0
2018,10,HUANCAVELICA,ACOBAMBA,0.000,4.000,0.000000,1
2018,10,HUANCAVELICA,ANGARAES,0.000,3.000,0.000000,1
2018,10,HUANCAVELICA,CASTROVIRREYNA,0.000,2.000,0.000000,1
2018,10,HUANCAVELICA,CHURCAMPA,0.000,7.000,0.000000,1
2018,10,HUANCAVELICA,HUAYTARA,0.000,3.000,0.000000,1
2018,10,HUANCAVELICA,TAYACAJA,0.000,22.000,0.000000,1
2018,10,HUANUCO,HUACAYBAMBA,0.000,9.000,0.000000,1
2018,10,HUANUCO,HUAMALIES,7.800,22.000,1.200000,0
2018,10,HUANUCO,HUANUCO,4.500,11.250,1.544889,0
2018,10,HUANUCO,LEONCIO PRADO,23.700,103.000,1.065148,0
2018,10,HUANUCO,MARAÑON,0.000,7.000,0.000000,1
2018,10,HUANUCO,PUERTO INCA,1.500,4.000,1.200000,0
2018,10,ICA,CHINCHA,0.000,4.000,0.000000,1
2018,10,ICA,ICA,0.000,20.720,0.000000,1
2018,10,ICA,NASCA,0.000,17.590,0.000000,1
2018,10,ICA,PALPA,0.000,3.109,0.000000,1
2018,10,ICA,PISCO,0.000,35.400,0.000000,1
2018,10,JUNIN,CHANCHAMAYO,44.600,166.000,0.847758,0
2018,10,JUNIN,HUANCAYO,2.500,17.000,0.800000,0
2018,10,JUNIN,SATIPO,79.500,198.000,0.997736,0
2018,10,LA LIBERTAD,ASCOPE,0.000,4.000,0.000000,1
2018,10,LA LIBERTAD,BOLIVAR,6.740,15.500,0.744896,0
2018,10,LA LIBERTAD,CHEPEN,0.000,15.000,0.000000,1
2018,10,LA LIBERTAD,GRAN CHIMU,0.000,2.500,0.000000,1
2018,10,LA LIBERTAD,OTUZCO,0.000,2.000,0.000000,1
2018,10,LA LIBERTAD,PATAZ,0.000,11.250,0.000000,1
2018,10,LA LIBERTAD,SANCHEZ CARRION,0.850,11.500,0.800000,0
2018,10,LA LIBERTAD,VIRU,0.490,7.000,1.110000,0
2018,10,LAMBAYEQUE,CHICLAYO,0.000,8.000,0.000000,1
2018,10,LAMBAYEQUE,FERREÑAFE,0.000,19.000,0.000000,1
2018,10,LAMBAYEQUE,LAMBAYEQUE,4369.000,2223.000,1.120050,0
2018,10,LIMA,CAÑETE,0.000,3.000,0.000000,1
2018,10,LIMA,HUAURA,0.000,22.000,0.000000,1
2018,10,LIMA,LIMA,0.000,2.000,0.000000,1
2018,10,LORETO,ALTO AMAZONAS,2.000,481.000,0.950000,0
2018,10,LORETO,DATEM DEL MARAÑON,0.000,50.000,0.000000,1
2018,10,LORETO,LORETO,22.000,92.000,0.950000,0
2018,10,LORETO,MARISCAL RAMON CASTILLA,0.000,69.000,0.000000,1
2018,10,LORETO,MAYNAS,374.000,932.000,0.948342,0
2018,10,LORETO,PUTUMAYO,6.000,26.000,0.930000,0
2018,10,LORETO,REQUENA,17.000,63.000,0.927647,0
2018,10,LORETO,UCAYALI,63.000,183.000,0.955079,0
2018,10,MADRE DE DIOS,MANU,8.600,28.500,2.141860,0
2018,10,MADRE DE DIOS,TAHUAMANU,5.200,31.500,2.173077,0
2018,10,MADRE DE DIOS,TAMBOPATA,19.300,88.500,2.046632,0
2018,10,MOQUEGUA,GENERAL SANCHEZ CERRO,0.000,5.000,0.000000,1
2018,10,MOQUEGUA,MARISCAL NIETO,0.000,5.000,0.000000,1
2018,10,PASCO,OXAPAMPA,0.000,10.000,0.000000,1
2018,10,PIURA,AYABACA,0.000,86.000,0.000000,1
2018,10,PIURA,HUANCABAMBA,10.000,38.000,0.800000,0
2018,10,PIURA,MORROPON,154.000,1450.000,1.500000,0
2018,10,PIURA,PAITA,4.000,4.000,0.800000,0
2018,10,PIURA,PIURA,917.000,11472.000,1.553326,0
2018,10,PIURA,SECHURA,2.000,6.000,1.250000,0
2018,10,PIURA,SULLANA,4021.000,4086.000,0.800000,0
2018,10,PUNO,CARABAYA,0.000,1.000,0.000000,1
2018,10,PUNO,SANDIA,0.000,5.000,0.000000,1
2018,10,SAN MARTIN,BELLAVISTA,1.800,30.400,1.138889,0
2018,10,SAN MARTIN,EL DORADO,6.000,14.000,0.800000,0
2018,10,SAN MARTIN,HUALLAGA,37.000,45.500,1.391892,0
2018,10,SAN MARTIN,LAMAS,17.500,68.000,2.445714,0
2018,10,SAN MARTIN,MARISCAL CACERES,19.500,28.000,1.276154,0
2018,10,SAN MARTIN,MOYOBAMBA,5.000,83.000,1.450000,0
2018,10,SAN MARTIN,PICOTA,16.000,88.500,2.100000,0
2018,10,SAN MARTIN,RIOJA,6.000,19.000,0.583333,0
2018,10,SAN MARTIN,SAN MARTIN,9.500,80.000,0.801053,0
2018,10,SAN MARTIN,TOCACHE,9.000,33.000,0.522222,0
2018,10,TUMBES,CONTRALMIRANTE VILLAR,62.020,144.770,2.000000,0
2018,10,TUMBES,TUMBES,341.052,498.209,2.000000,0
2018,10,TUMBES,ZARUMILLA,738.839,1842.820,2.500000,0
2018,10,UCAYALI,ATALAYA,135.709,188.000,0.631715,0
2018,10,UCAYALI,CORONEL PORTILLO,384.879,1374.640,0.599446,0
2018,10,UCAYALI,PADRE ABAD,229.839,458.000,0.660143,0
2018,10,UCAYALI,PURUS,9.269,28.000,0.700000,0
2018,11,AMAZONAS,BAGUA,12.500,22.000,1.488000,0
2018,11,AMAZONAS,CHACHAPOYAS,24.000,43.000,8.520833,0
2018,11,AMAZONAS,LUYA,21.700,30.000,1.881567,0
2018,11,AMAZONAS,UTCUBAMBA,340.000,578.000,3.147059,0
2018,11,ANCASH,CASMA,44.000,53.000,1.863636,0
2018,11,ANCASH,HUARMEY,3.000,4.000,2.000000,0
2018,11,ANCASH,HUAYLAS,10.000,12.000,1.875000,0
2018,11,ANCASH,SANTA,4.000,5.000,1.850000,0
2018,11,APURIMAC,ABANCAY,0.000,29.500,0.000000,1
2018,11,APURIMAC,ANDAHUAYLAS,0.000,23.000,0.000000,1
2018,11,APURIMAC,AYMARAES,1.100,5.000,0.700000,0
2018,11,APURIMAC,CHINCHEROS,0.000,21.500,0.000000,1
2018,11,APURIMAC,GRAU,0.000,2.000,0.000000,1
2018,11,AREQUIPA,CARAVELI,0.000,3.000,0.000000,1
2018,11,AREQUIPA,LA UNION,0.000,10.000,0.000000,1
2018,11,AYACUCHO,HUAMANGA,1.330,2.670,1.300000,0
2018,11,AYACUCHO,HUANTA,0.000,9.670,0.000000,1
2018,11,AYACUCHO,LA MAR,0.000,19.500,0.000000,1
2018,11,AYACUCHO,LUCANAS,0.000,16.000,0.000000,1
2018,11,AYACUCHO,PARINACOCHAS,0.000,2.000,0.000000,1
2018,11,AYACUCHO,PAUCAR DEL SARA SARA,0.000,9.000,0.000000,1
2018,11,AYACUCHO,SUCRE,0.000,5.000,0.000000,1
2018,11,AYACUCHO,VILCAS HUAMAN,0.000,8.670,0.000000,1
2018,11,CAJAMARCA,CAJABAMBA,1.000,16.000,1.200000,0
2018,11,CAJAMARCA,CHOTA,2.000,32.250,1.500000,0
2018,11,CAJAMARCA,JAEN,9.260,16.000,1.957559,0
2018,11,CAJAMARCA,SAN IGNACIO,0.000,10.000,0.000000,1
2018,11,CAJAMARCA,SAN MARCOS,3.900,9.000,1.723077,0
2018,11,CAJAMARCA,SAN MIGUEL,9.000,30.000,1.200000,0
2018,11,CAJAMARCA,SANTA CRUZ,0.000,4.500,0.000000,1
2018,11,CUSCO,LA CONVENCION,86.590,288.000,1.200154,0
2018,11,HUANCAVELICA,ACOBAMBA,0.000,4.000,0.000000,1
2018,11,HUANCAVELICA,ANGARAES,0.000,3.000,0.000000,1
2018,11,HUANCAVELICA,CASTROVIRREYNA,0.000,2.000,0.000000,1
2018,11,HUANCAVELICA,CHURCAMPA,0.000,7.000,0.000000,1
2018,11,HUANCAVELICA,HUAYTARA,0.000,3.000,0.000000,1
2018,11,HUANCAVELICA,TAYACAJA,0.000,22.000,0.000000,1
2018,11,HUANUCO,HUACAYBAMBA,0.000,9.000,0.000000,1
2018,11,HUANUCO,HUAMALIES,7.200,22.000,1.700000,0
2018,11,HUANUCO,HUANUCO,2.000,11.250,1.580000,0
2018,11,HUANUCO,LEONCIO PRADO,12.400,103.000,1.447581,0
2018,11,HUANUCO,MARAÑON,0.000,7.000,0.000000,1
2018,11,HUANUCO,PUERTO INCA,3.400,4.000,1.770588,0
2018,11,ICA,CHINCHA,0.000,4.000,0.000000,1
2018,11,ICA,ICA,0.000,20.720,0.000000,1
2018,11,ICA,NASCA,0.000,17.590,0.000000,1
2018,11,ICA,PALPA,0.000,3.109,0.000000,1
2018,11,ICA,PISCO,0.000,35.400,0.000000,1
2018,11,JUNIN,CHANCHAMAYO,72.950,166.000,1.510658,0
2018,11,JUNIN,HUANCAYO,1.500,23.000,0.900000,0
2018,11,JUNIN,SATIPO,98.500,203.000,1.401929,0
2018,11,LA LIBERTAD,ASCOPE,0.000,4.000,0.000000,1
2018,11,LA LIBERTAD,BOLIVAR,6.050,15.500,1.171074,0
2018,11,LA LIBERTAD,CHEPEN,0.000,15.000,0.000000,1
2018,11,LA LIBERTAD,GRAN CHIMU,0.000,2.500,0.000000,1
2018,11,LA LIBERTAD,OTUZCO,0.000,2.000,0.000000,1
2018,11,LA LIBERTAD,PATAZ,0.000,11.250,0.000000,1
2018,11,LA LIBERTAD,SANCHEZ CARRION,0.840,11.500,0.780000,0
2018,11,LA LIBERTAD,VIRU,0.540,7.000,1.120000,0
2018,11,LAMBAYEQUE,CHICLAYO,0.000,8.000,0.000000,1
2018,11,LAMBAYEQUE,FERREÑAFE,0.000,19.000,0.000000,1
2018,11,LAMBAYEQUE,LAMBAYEQUE,3077.000,2223.000,1.107442,0
2018,11,LIMA,CAÑETE,0.000,3.000,0.000000,1
2018,11,LIMA,HUAURA,0.000,22.000,0.000000,1
2018,11,LIMA,LIMA,0.000,2.000,0.000000,1
2018,11,LORETO,ALTO AMAZONAS,62.000,481.000,0.932419,0
2018,11,LORETO,DATEM DEL MARAÑON,13.000,50.000,0.920000,0
2018,11,LORETO,LORETO,26.000,92.000,0.956538,0
2018,11,LORETO,MARISCAL RAMON CASTILLA,12.000,69.000,0.931667,0
2018,11,LORETO,MAYNAS,385.000,932.000,0.963584,0
2018,11,LORETO,PUTUMAYO,5.000,26.000,0.930000,0
2018,11,LORETO,REQUENA,20.000,63.000,0.940000,0
2018,11,LORETO,UCAYALI,43.000,183.000,0.968140,0
2018,11,MADRE DE DIOS,MANU,5.100,28.500,1.500000,0
2018,11,MADRE DE DIOS,TAHUAMANU,5.550,31.500,1.842342,0
2018,11,MADRE DE DIOS,TAMBOPATA,24.700,88.500,1.668016,0
2018,11,MOQUEGUA,GENERAL SANCHEZ CERRO,0.000,5.000,0.000000,1
2018,11,MOQUEGUA,MARISCAL NIETO,0.000,5.000,0.000000,1
2018,11,PASCO,OXAPAMPA,0.000,10.000,0.000000,1
2018,11,PIURA,AYABACA,3.000,86.000,0.733333,0
2018,11,PIURA,HUANCABAMBA,10.000,38.000,0.800000,0
2018,11,PIURA,MORROPON,308.000,1450.000,1.500000,0
2018,11,PIURA,PAITA,3.000,4.000,2.800000,0
2018,11,PIURA,PIURA,2262.000,11472.000,1.052078,0
2018,11,PIURA,SECHURA,2.000,6.000,1.250000,0
2018,11,PIURA,SULLANA,3537.000,4086.000,2.796833,0
2018,11,PUNO,CARABAYA,0.000,1.000,0.000000,1
2018,11,PUNO,SANDIA,0.000,5.000,0.000000,1
2018,11,SAN MARTIN,BELLAVISTA,7.000,30.400,0.900000,0
2018,11,SAN MARTIN,EL DORADO,8.000,14.000,0.600000,0
2018,11,SAN MARTIN,HUALLAGA,54.000,45.500,1.294444,0
2018,11,SAN MARTIN,LAMAS,6.600,68.000,1.992424,0
2018,11,SAN MARTIN,MARISCAL CACERES,18.000,28.000,1.283056,0
2018,11,SAN MARTIN,MOYOBAMBA,3.700,83.000,1.729730,0
2018,11,SAN MARTIN,PICOTA,27.000,88.500,1.759259,0
2018,11,SAN MARTIN,RIOJA,11.000,19.000,0.672727,0
2018,11,SAN MARTIN,SAN MARTIN,16.600,80.000,0.728313,0
2018,11,SAN MARTIN,TOCACHE,9.000,33.000,0.800000,0
2018,11,TUMBES,CONTRALMIRANTE VILLAR,97.560,144.270,1.800000,0
2018,11,TUMBES,TUMBES,512.360,504.800,1.777946,0
2018,11,TUMBES,ZARUMILLA,1158.864,1862.820,2.474170,0
2018,11,UCAYALI,ATALAYA,117.609,188.000,0.647208,0
2018,11,UCAYALI,CORONEL PORTILLO,340.959,1374.640,0.618157,0
2018,11,UCAYALI,PADRE ABAD,199.328,465.000,0.697883,0
2018,11,UCAYALI,PURUS,7.430,28.000,0.800000,0
2018,12,AMAZONAS,BAGUA,11.200,22.000,1.589286,0
2018,12,AMAZONAS,CHACHAPOYAS,24.000,43.000,3.854167,0
2018,12,AMAZONAS,LUYA,23.000,30.000,1.832609,0
2018,12,AMAZONAS,UTCUBAMBA,237.000,578.000,3.694093,0
2018,12,ANCASH,CASMA,47.000,53.000,1.769149,0
2018,12,ANCASH,HUARMEY,4.000,4.000,1.800000,0
2018,12,ANCASH,HUAYLAS,12.000,12.000,1.500000,0
2018,12,ANCASH,SANTA,5.000,5.000,1.540000,0
2018,12,APURIMAC,ABANCAY,3.000,29.500,1.133333,0
2018,12,APURIMAC,ANDAHUAYLAS,0.000,23.500,0.000000,1
2018,12,APURIMAC,AYMARAES,1.100,5.000,0.700000,0
2018,12,APURIMAC,CHINCHEROS,0.000,21.500,0.000000,1
2018,12,APURIMAC,GRAU,0.000,2.000,0.000000,1
2018,12,AREQUIPA,CARAVELI,0.000,3.000,0.000000,1
2018,12,AREQUIPA,LA UNION,0.000,10.000,0.000000,1
2018,12,AYACUCHO,HUAMANGA,1.830,2.670,1.370000,0
2018,12,AYACUCHO,HUANTA,0.000,9.670,0.000000,1
2018,12,AYACUCHO,LA MAR,0.000,19.500,0.000000,1
2018,12,AYACUCHO,LUCANAS,0.000,16.000,0.000000,1
2018,12,AYACUCHO,PARINACOCHAS,0.000,2.000,0.000000,1
2018,12,AYACUCHO,PAUCAR DEL SARA SARA,0.000,9.000,0.000000,1
2018,12,AYACUCHO,SUCRE,0.000,5.000,0.000000,1
2018,12,AYACUCHO,VILCAS HUAMAN,0.000,8.670,0.000000,1
2018,12,CAJAMARCA,CAJABAMBA,3.500,16.000,1.102857,0
2018,12,CAJAMARCA,CHOTA,5.000,32.250,0.900000,0
2018,12,CAJAMARCA,JAEN,12.481,16.000,1.953033,0
2018,12,CAJAMARCA,SAN IGNACIO,0.000,10.000,0.000000,1
2018,12,CAJAMARCA,SAN MARCOS,4.000,9.000,1.000000,0
2018,12,CAJAMARCA,SAN MIGUEL,9.000,30.000,1.200000,0
2018,12,CAJAMARCA,SANTA CRUZ,0.000,4.500,0.000000,1
2018,12,CUSCO,LA CONVENCION,87.880,288.000,1.250718,0
2018,12,HUANCAVELICA,ACOBAMBA,0.000,4.000,0.000000,1
2018,12,HUANCAVELICA,ANGARAES,0.000,3.000,0.000000,1
2018,12,HUANCAVELICA,CASTROVIRREYNA,0.000,2.000,0.000000,1
2018,12,HUANCAVELICA,CHURCAMPA,0.000,7.000,0.000000,1
2018,12,HUANCAVELICA,HUAYTARA,0.000,3.000,0.000000,1
2018,12,HUANCAVELICA,TAYACAJA,0.000,22.000,0.000000,1
2018,12,HUANUCO,HUACAYBAMBA,0.000,9.000,0.000000,1
2018,12,HUANUCO,HUAMALIES,8.800,22.000,1.500000,0
2018,12,HUANUCO,HUANUCO,1.000,11.250,1.500000,0
2018,12,HUANUCO,LEONCIO PRADO,11.200,103.000,1.041071,0
2018,12,HUANUCO,MARAÑON,0.000,7.000,0.000000,1
2018,12,HUANUCO,PUERTO INCA,5.000,4.000,1.700000,0
2018,12,ICA,CHINCHA,0.000,4.000,0.000000,1
2018,12,ICA,ICA,0.000,20.720,0.000000,1
2018,12,ICA,NASCA,0.000,17.590,0.000000,1
2018,12,ICA,PALPA,0.000,3.109,0.000000,1
2018,12,ICA,PISCO,80.000,35.400,1.000000,0
2018,12,JUNIN,CHANCHAMAYO,67.400,139.000,1.167953,0
2018,12,JUNIN,HUANCAYO,2.000,25.000,0.900000,0
2018,12,JUNIN,SATIPO,118.400,205.000,0.985895,0
2018,12,LA LIBERTAD,ASCOPE,0.000,4.000,0.000000,1
2018,12,LA LIBERTAD,BOLIVAR,4.550,15.500,1.000000,0
2018,12,LA LIBERTAD,CHEPEN,0.000,15.000,0.000000,1
2018,12,LA LIBERTAD,GRAN CHIMU,0.000,2.500,0.000000,1
2018,12,LA LIBERTAD,OTUZCO,0.000,2.000,0.000000,1
2018,12,LA LIBERTAD,PATAZ,0.000,11.250,0.000000,1
2018,12,LA LIBERTAD,SANCHEZ CARRION,0.000,11.500,0.000000,1
2018,12,LA LIBERTAD,VIRU,0.610,7.000,0.610000,0
2018,12,LAMBAYEQUE,CHICLAYO,0.000,8.000,0.000000,1
2018,12,LAMBAYEQUE,FERREÑAFE,0.000,19.000,0.000000,1
2018,12,LAMBAYEQUE,LAMBAYEQUE,1813.000,2223.000,0.599421,0
2018,12,LIMA,CAÑETE,0.000,3.000,0.000000,1
2018,12,LIMA,HUAURA,0.000,22.000,0.000000,1
2018,12,LIMA,LIMA,0.000,2.000,0.000000,1
2018,12,LORETO,ALTO AMAZONAS,101.000,481.000,0.925545,0
2018,12,LORETO,DATEM DEL MARAÑON,24.000,50.000,0.925417,0
2018,12,LORETO,LORETO,32.000,92.000,0.960000,0
2018,12,LORETO,MARISCAL RAMON CASTILLA,76.000,69.000,0.931316,0
2018,12,LORETO,MAYNAS,345.000,932.000,0.963478,0
2018,12,LORETO,PUTUMAYO,17.000,26.000,0.939412,0
2018,12,LORETO,REQUENA,23.000,63.000,0.953043,0
2018,12,LORETO,UCAYALI,72.000,183.000,0.970972,0
2018,12,MADRE DE DIOS,MANU,9.000,28.500,2.011111,0
2018,12,MADRE DE DIOS,TAHUAMANU,3.800,31.500,1.500000,0
2018,12,MADRE DE DIOS,TAMBOPATA,26.100,88.500,1.672414,0
2018,12,MOQUEGUA,GENERAL SANCHEZ CERRO,0.000,5.000,0.000000,1
2018,12,MOQUEGUA,MARISCAL NIETO,0.000,5.000,0.000000,1
2018,12,PASCO,OXAPAMPA,0.000,10.000,0.000000,1
2018,12,PIURA,AYABACA,12.000,86.000,0.500000,0
2018,12,PIURA,HUANCABAMBA,10.000,38.000,0.800000,0
2018,12,PIURA,MORROPON,1159.000,1450.000,0.983175,0
2018,12,PIURA,PAITA,5.000,4.000,0.800000,0
2018,12,PIURA,PIURA,6112.000,11472.000,0.702837,0
2018,12,PIURA,SECHURA,3.000,6.000,1.066667,0
2018,12,PIURA,SULLANA,4943.000,4086.000,0.800000,0
2018,12,PUNO,CARABAYA,0.000,1.000,0.000000,1
2018,12,PUNO,SANDIA,0.000,5.000,0.000000,1
2018,12,SAN MARTIN,BELLAVISTA,15.000,30.400,1.000000,0
2018,12,SAN MARTIN,EL DORADO,7.000,14.000,0.771429,0
2018,12,SAN MARTIN,HUALLAGA,74.000,45.500,1.194595,0
2018,12,SAN MARTIN,LAMAS,7.800,68.000,1.892308,0
2018,12,SAN MARTIN,MARISCAL CACERES,24.500,28.000,1.269796,0
2018,12,SAN MARTIN,MOYOBAMBA,3.900,83.000,1.743590,0
2018,12,SAN MARTIN,PICOTA,42.000,88.500,1.285714,0
2018,12,SAN MARTIN,RIOJA,13.000,19.000,0.676923,0
2018,12,SAN MARTIN,SAN MARTIN,22.900,80.000,0.679039,0
2018,12,SAN MARTIN,TOCACHE,6.000,33.000,0.800000,0
2018,12,TUMBES,CONTRALMIRANTE VILLAR,97.560,144.270,1.000000,0
2018,12,TUMBES,TUMBES,652.790,510.800,1.003677,0
2018,12,TUMBES,ZARUMILLA,2468.270,1884.819,1.500000,0
2018,12,UCAYALI,ATALAYA,157.310,187.000,0.620599,0
2018,12,UCAYALI,CORONEL PORTILLO,476.500,1374.640,0.593333,0
2018,12,UCAYALI,PADRE ABAD,276.470,469.000,0.660882,0
2018,12,UCAYALI,PURUS,10.500,28.000,0.750000,0
2019,01,AMAZONAS,BAGUA,23.000,22.000,1.431522,0
2019,01,AMAZONAS,CHACHAPOYAS,25.000,43.000,2.820000,0
2019,01,AMAZONAS,LUYA,72.500,30.000,1.876828,0
2019,01,AMAZONAS,UTCUBAMBA,439.000,578.000,1.066401,0
2019,01,ANCASH,CASMA,43.000,53.000,1.581395,0
2019,01,ANCASH,HUARMEY,7.000,4.000,1.500000,0
2019,01,ANCASH,HUAYLAS,20.000,12.000,1.480000,0
2019,01,ANCASH,SANTA,5.000,5.000,1.650000,0
2019,01,APURIMAC,ABANCAY,19.000,29.500,1.294737,0
2019,01,APURIMAC,ANDAHUAYLAS,9.300,23.500,1.166129,0
2019,01,APURIMAC,AYMARAES,1.300,5.000,0.700000,0
2019,01,APURIMAC,CHINCHEROS,8.700,21.500,1.518391,0
2019,01,APURIMAC,GRAU,1.000,2.000,1.000000,0
2019,01,AREQUIPA,CARAVELI,0.000,3.000,0.000000,1
2019,01,AREQUIPA,LA UNION,0.000,10.000,0.000000,1
2019,01,AYACUCHO,HUAMANGA,2.000,2.400,1.400000,0
2019,01,AYACUCHO,HUANTA,0.000,9.670,0.000000,1
2019,01,AYACUCHO,LA MAR,2.000,19.500,1.000000,0
2019,01,AYACUCHO,LUCANAS,0.000,16.000,0.000000,1
2019,01,AYACUCHO,PARINACOCHAS,0.000,2.000,0.000000,1
2019,01,AYACUCHO,PAUCAR DEL SARA SARA,0.000,9.000,0.000000,1
2019,01,AYACUCHO,SUCRE,0.000,5.000,0.000000,1
2019,01,AYACUCHO,VILCAS HUAMAN,0.000,8.670,0.000000,1
2019,01,CAJAMARCA,CAJABAMBA,0.000,16.000,0.000000,1
2019,01,CAJAMARCA,CHOTA,2.000,32.250,1.300000,0
2019,01,CAJAMARCA,JAEN,19.740,16.000,1.111246,0
2019,01,CAJAMARCA,SAN IGNACIO,0.000,10.000,0.000000,1
2019,01,CAJAMARCA,SAN MARCOS,1.600,9.000,0.600000,0
2019,01,CAJAMARCA,SAN MIGUEL,0.000,30.000,0.000000,1
2019,01,CAJAMARCA,SANTA CRUZ,0.000,4.500,0.000000,1
2019,01,CUSCO,LA CONVENCION,378.680,288.000,1.162460,0
2019,01,HUANCAVELICA,ACOBAMBA,0.000,4.000,0.000000,1
2019,01,HUANCAVELICA,ANGARAES,0.000,3.000,0.000000,1
2019,01,HUANCAVELICA,CASTROVIRREYNA,0.000,2.000,0.000000,1
2019,01,HUANCAVELICA,CHURCAMPA,0.000,7.000,0.000000,1
2019,01,HUANCAVELICA,HUAYTARA,0.000,3.000,0.000000,1
2019,01,HUANCAVELICA,TAYACAJA,0.000,22.000,0.000000,1
2019,01,HUANUCO,HUACAYBAMBA,9.000,9.000,1.580444,0
2019,01,HUANUCO,HUAMALIES,3.800,22.000,1.000000,0
2019,01,HUANUCO,HUANUCO,1.600,11.250,1.200000,0
2019,01,HUANUCO,LEONCIO PRADO,39.200,103.000,0.828316,0
2019,01,HUANUCO,MARAÑON,2.000,7.000,0.800000,0
2019,01,HUANUCO,PUERTO INCA,1.500,4.000,1.833333,0
2019,01,ICA,CHINCHA,0.000,4.000,0.000000,1
2019,01,ICA,ICA,0.000,20.720,0.000000,1
2019,01,ICA,NASCA,0.000,17.590,0.000000,1
2019,01,ICA,PALPA,0.000,3.109,0.000000,1
2019,01,ICA,PISCO,42.000,35.400,1.000000,0
2019,01,JUNIN,CHANCHAMAYO,60.500,139.000,0.648264,0
2019,01,JUNIN,HUANCAYO,5.000,25.000,0.500000,0
2019,01,JUNIN,SATIPO,138.400,211.000,0.694870,0
2019,01,LA LIBERTAD,ASCOPE,0.000,4.000,0.000000,1
2019,01,LA LIBERTAD,BOLIVAR,16.520,15.500,0.780000,0
2019,01,LA LIBERTAD,CHEPEN,0.000,15.000,0.000000,1
2019,01,LA LIBERTAD,GRAN CHIMU,0.650,2.500,0.740000,0
2019,01,LA LIBERTAD,OTUZCO,1.600,2.000,0.740000,0
2019,01,LA LIBERTAD,PATAZ,3.890,11.250,0.780000,0
2019,01,LA LIBERTAD,SANCHEZ CARRION,9.500,11.500,0.781263,0
2019,01,LA LIBERTAD,VIRU,0.900,7.000,0.740000,0
2019,01,LAMBAYEQUE,CHICLAYO,0.000,8.000,0.000000,1
2019,01,LAMBAYEQUE,FERREÑAFE,0.000,19.000,0.000000,1
2019,01,LAMBAYEQUE,LAMBAYEQUE,2229.000,2250.000,0.502647,0
2019,01,LIMA,CAÑETE,0.000,3.000,0.000000,1
2019,01,LIMA,HUAURA,0.000,22.000,0.000000,1
2019,01,LIMA,LIMA,0.000,2.000,0.000000,1
2019,01,LORETO,ALTO AMAZONAS,327.000,481.000,0.908991,0
2019,01,LORETO,DATEM DEL MARAÑON,31.000,50.000,0.920323,0
2019,01,LORETO,LORETO,67.000,92.000,0.954478,0
2019,01,LORETO,MARISCAL RAMON CASTILLA,35.000,69.000,0.907143,0
2019,01,LORETO,MAYNAS,522.000,932.000,0.961475,0
2019,01,LORETO,PUTUMAYO,8.000,26.000,0.926250,0
2019,01,LORETO,REQUENA,37.000,63.000,0.921081,0
2019,01,LORETO,UCAYALI,101.000,183.000,0.976634,0
2019,01,MADRE DE DIOS,MANU,10.800,28.500,1.250000,0
2019,01,MADRE DE DIOS,TAHUAMANU,9.350,31.500,1.500000,0
2019,01,MADRE DE DIOS,TAMBOPATA,33.600,88.500,1.591667,0
2019,01,MOQUEGUA,GENERAL SANCHEZ CERRO,0.000,5.000,0.000000,1
2019,01,MOQUEGUA,MARISCAL NIETO,0.000,6.000,0.000000,1
2019,01,PASCO,OXAPAMPA,0.000,10.000,0.000000,1
2019,01,PIURA,AYABACA,13.000,86.000,0.576923,0
2019,01,PIURA,HUANCABAMBA,8.000,38.000,0.800000,0
2019,01,PIURA,MORROPON,1300.000,1454.000,0.546308,0
2019,01,PIURA,PAITA,6.000,4.000,0.500000,0
2019,01,PIURA,PIURA,8779.000,11472.000,0.361645,0
2019,01,PIURA,SECHURA,3.000,6.000,1.200000,0
2019,01,PIURA,SULLANA,6331.000,4086.000,0.500000,0
2019,01,PUNO,CARABAYA,0.000,1.000,0.000000,1
2019,01,PUNO,SANDIA,0.000,5.000,0.000000,1
2019,01,SAN MARTIN,BELLAVISTA,8.500,30.400,0.882353,0
2019,01,SAN MARTIN,EL DORADO,8.000,14.000,0.700000,0
2019,01,SAN MARTIN,HUALLAGA,53.000,45.500,0.918868,0
2019,01,SAN MARTIN,LAMAS,34.000,72.000,0.991176,0
2019,01,SAN MARTIN,MARISCAL CACERES,32.000,28.000,1.249688,0
2019,01,SAN MARTIN,MOYOBAMBA,18.500,83.000,0.951351,0
2019,01,SAN MARTIN,PICOTA,52.000,88.500,1.032692,0
2019,01,SAN MARTIN,RIOJA,15.000,19.000,0.500000,0
2019,01,SAN MARTIN,SAN MARTIN,37.800,80.000,0.516931,0
2019,01,SAN MARTIN,TOCACHE,23.000,33.000,0.713043,0
2019,01,TUMBES,CONTRALMIRANTE VILLAR,106.620,70.150,0.599250,0
2019,01,TUMBES,TUMBES,935.039,515.800,1.599887,0
2019,01,TUMBES,ZARUMILLA,4074.041,1902.819,0.630000,0
2019,01,UCAYALI,ATALAYA,150.840,187.000,0.596006,0
2019,01,UCAYALI,CORONEL PORTILLO,454.180,1374.640,0.571776,0
2019,01,UCAYALI,PADRE ABAD,297.949,469.000,0.615501,0
2019,01,UCAYALI,PURUS,16.950,28.000,0.730000,0
2019,02,AMAZONAS,BAGUA,23.000,22.000,1.458696,0
2019,02,AMAZONAS,CHACHAPOYAS,23.600,43.000,1.994915,0
2019,02,AMAZONAS,LUYA,47.800,30.000,1.745816,0
2019,02,AMAZONAS,UTCUBAMBA,499.000,578.000,1.120441,0
2019,02,ANCASH,CASMA,44.000,53.000,1.634091,0
2019,02,ANCASH,HUARMEY,8.000,4.000,1.450000,0
2019,02,ANCASH,HUAYLAS,9.000,12.000,1.560000,0
2019,02,ANCASH,SANTA,6.000,5.000,1.580000,0
2019,02,APURIMAC,ABANCAY,7.000,29.500,1.000000,0
2019,02,APURIMAC,ANDAHUAYLAS,17.300,23.500,1.079191,0
2019,02,APURIMAC,AYMARAES,1.400,5.000,0.700000,0
2019,02,APURIMAC,CHINCHEROS,22.000,21.500,1.411364,0
2019,02,APURIMAC,GRAU,0.000,2.000,0.000000,1
2019,02,AREQUIPA,CARAVELI,0.000,3.000,0.000000,1
2019,02,AREQUIPA,LA UNION,0.000,10.000,0.000000,1
2019,02,AYACUCHO,HUAMANGA,2.000,3.000,1.000000,0
2019,02,AYACUCHO,HUANTA,1.000,9.670,1.100000,0
2019,02,AYACUCHO,LA MAR,14.000,19.500,1.714286,0
2019,02,AYACUCHO,LUCANAS,0.000,16.000,0.000000,1
2019,02,AYACUCHO,PARINACOCHAS,0.000,2.000,0.000000,1
2019,02,AYACUCHO,PAUCAR DEL SARA SARA,5.000,9.000,1.500000,0
2019,02,AYACUCHO,SUCRE,0.000,5.000,0.000000,1
2019,02,AYACUCHO,VILCAS HUAMAN,5.330,8.670,1.268086,0
2019,02,CAJAMARCA,CAJABAMBA,0.000,16.000,0.000000,1
2019,02,CAJAMARCA,CHOTA,11.000,32.250,1.127273,0
2019,02,CAJAMARCA,JAEN,10.660,16.000,1.049250,0
2019,02,CAJAMARCA,SAN IGNACIO,0.000,10.000,0.000000,1
2019,02,CAJAMARCA,SAN MARCOS,6.478,9.000,0.611871,0
2019,02,CAJAMARCA,SAN MIGUEL,0.000,30.000,0.000000,1
2019,02,CAJAMARCA,SANTA CRUZ,0.000,4.500,0.000000,1
2019,02,CUSCO,LA CONVENCION,342.970,288.000,1.186090,0
2019,02,HUANCAVELICA,ACOBAMBA,0.000,4.000,0.000000,1
2019,02,HUANCAVELICA,ANGARAES,0.000,3.000,0.000000,1
2019,02,HUANCAVELICA,CASTROVIRREYNA,0.000,2.000,0.000000,1
2019,02,HUANCAVELICA,CHURCAMPA,0.000,7.000,0.000000,1
2019,02,HUANCAVELICA,HUAYTARA,0.000,3.000,0.000000,1
2019,02,HUANCAVELICA,TAYACAJA,0.000,22.000,0.000000,1
2019,02,HUANUCO,HUACAYBAMBA,12.000,9.000,1.230750,0
2019,02,HUANUCO,HUAMALIES,10.900,22.000,1.200000,0
2019,02,HUANUCO,HUANUCO,2.000,11.250,0.870000,0
2019,02,HUANUCO,LEONCIO PRADO,55.100,103.000,0.792196,0
2019,02,HUANUCO,MARAÑON,3.000,7.000,0.810000,0
2019,02,HUANUCO,PUERTO INCA,2.000,4.000,1.740000,0
2019,02,ICA,CHINCHA,0.000,4.000,0.000000,1
2019,02,ICA,ICA,12.700,20.720,1.800000,0
2019,02,ICA,NASCA,0.000,17.590,0.000000,1
2019,02,ICA,PALPA,0.000,3.109,0.000000,1
2019,02,ICA,PISCO,0.000,35.400,0.000000,1
2019,02,JUNIN,CHANCHAMAYO,81.200,135.000,0.678461,0
2019,02,JUNIN,HUANCAYO,6.000,25.000,0.600000,0
2019,02,JUNIN,SATIPO,185.200,218.000,0.614741,0
2019,02,LA LIBERTAD,ASCOPE,0.000,4.000,0.000000,1
2019,02,LA LIBERTAD,BOLIVAR,18.650,15.500,0.771877,0
2019,02,LA LIBERTAD,CHEPEN,0.000,15.000,0.000000,1
2019,02,LA LIBERTAD,GRAN CHIMU,0.650,2.500,0.780000,0
2019,02,LA LIBERTAD,OTUZCO,1.000,2.000,0.700000,0
2019,02,LA LIBERTAD,PATAZ,9.900,11.250,0.759909,0
2019,02,LA LIBERTAD,SANCHEZ CARRION,7.650,11.500,0.751765,0
2019,02,LA LIBERTAD,VIRU,1.100,1.000,0.700000,0
2019,02,LAMBAYEQUE,CHICLAYO,0.000,8.000,0.000000,1
2019,02,LAMBAYEQUE,FERREÑAFE,0.000,19.000,0.000000,1
2019,02,LAMBAYEQUE,LAMBAYEQUE,1716.000,2250.000,0.498601,0
2019,02,LIMA,CAÑETE,0.000,3.000,0.000000,1
2019,02,LIMA,HUAURA,0.000,22.000,0.000000,1
2019,02,LIMA,LIMA,0.000,2.000,0.000000,1
2019,02,LORETO,ALTO AMAZONAS,285.000,481.000,0.919754,0
2019,02,LORETO,DATEM DEL MARAÑON,45.000,50.000,0.929778,0
2019,02,LORETO,LORETO,65.000,92.000,0.955538,0
2019,02,LORETO,MARISCAL RAMON CASTILLA,44.000,69.000,0.908864,0
2019,02,LORETO,MAYNAS,507.000,932.000,0.961223,0
2019,02,LORETO,PUTUMAYO,11.000,26.000,0.932727,0
2019,02,LORETO,REQUENA,41.000,63.000,0.940488,0
2019,02,LORETO,UCAYALI,118.000,183.000,0.979661,0
2019,02,MADRE DE DIOS,MANU,10.900,28.500,1.433028,0
2019,02,MADRE DE DIOS,TAHUAMANU,9.000,31.500,1.420000,0
2019,02,MADRE DE DIOS,TAMBOPATA,38.400,89.500,1.189583,0
2019,02,MOQUEGUA,GENERAL SANCHEZ CERRO,0.000,5.000,0.000000,1
2019,02,MOQUEGUA,MARISCAL NIETO,0.000,6.000,0.000000,1
2019,02,PASCO,OXAPAMPA,0.000,10.000,0.000000,1
2019,02,PIURA,AYABACA,7.000,86.000,0.500000,0
2019,02,PIURA,HUANCABAMBA,14.000,38.000,0.800000,0
2019,02,PIURA,MORROPON,1332.000,1454.000,0.535435,0
2019,02,PIURA,PAITA,7.000,4.000,0.500000,0
2019,02,PIURA,PIURA,10251.000,11473.000,0.722983,0
2019,02,PIURA,SECHURA,4.000,6.000,1.000000,0
2019,02,PIURA,SULLANA,7358.000,4086.000,0.500000,0
2019,02,PUNO,CARABAYA,0.000,1.000,0.000000,1
2019,02,PUNO,SANDIA,0.000,5.000,0.000000,1
2019,02,SAN MARTIN,BELLAVISTA,27.000,30.400,0.737037,0
2019,02,SAN MARTIN,EL DORADO,4.500,14.000,0.477778,0
2019,02,SAN MARTIN,HUALLAGA,27.000,45.500,0.962963,0
2019,02,SAN MARTIN,LAMAS,63.000,67.000,0.958730,0
2019,02,SAN MARTIN,MARISCAL CACERES,32.000,28.000,1.189062,0
2019,02,SAN MARTIN,MOYOBAMBA,40.000,83.000,0.932500,0
2019,02,SAN MARTIN,PICOTA,57.000,88.500,1.057895,0
2019,02,SAN MARTIN,RIOJA,24.000,19.000,0.500000,0
2019,02,SAN MARTIN,SAN MARTIN,47.700,80.000,0.471698,0
2019,02,SAN MARTIN,TOCACHE,51.000,33.000,0.841176,0
2019,02,TUMBES,CONTRALMIRANTE VILLAR,106.620,70.150,0.629775,0
2019,02,TUMBES,TUMBES,864.350,521.800,1.006942,0
2019,02,TUMBES,ZARUMILLA,4931.376,1917.819,0.700000,0
2019,02,UCAYALI,ATALAYA,162.650,187.000,0.569254,0
2019,02,UCAYALI,CORONEL PORTILLO,646.289,1377.640,0.542851,0
2019,02,UCAYALI,PADRE ABAD,395.579,469.000,0.590015,0
2019,02,UCAYALI,PURUS,22.500,28.000,0.700000,0
2019,03,AMAZONAS,BAGUA,29.500,22.000,1.276271,0
2019,03,AMAZONAS,CHACHAPOYAS,23.800,43.000,0.479832,0
2019,03,AMAZONAS,LUYA,20.900,30.000,1.298565,0
2019,03,AMAZONAS,UTCUBAMBA,595.000,578.000,1.099160,0
2019,03,ANCASH,CASMA,43.000,53.000,1.650000,0
2019,03,ANCASH,HUARMEY,6.000,4.000,1.500000,0
2019,03,ANCASH,HUAYLAS,20.000,12.000,1.550000,0
2019,03,ANCASH,SANTA,5.000,5.000,1.600000,0
2019,03,APURIMAC,ABANCAY,26.000,29.500,1.300000,0
2019,03,APURIMAC,ANDAHUAYLAS,18.650,23.500,1.452279,0
2019,03,APURIMAC,AYMARAES,1.800,5.000,0.700000,0
2019,03,APURIMAC,CHINCHEROS,15.700,21.500,1.401911,0
2019,03,APURIMAC,GRAU,1.000,2.000,0.900000,0
2019,03,AREQUIPA,CARAVELI,0.000,3.000,0.000000,1
2019,03,AREQUIPA,LA UNION,29.250,10.000,1.929231,0
2019,03,AYACUCHO,HUAMANGA,2.000,2.670,1.330000,0
2019,03,AYACUCHO,HUANTA,6.670,9.670,1.163583,0
2019,03,AYACUCHO,LA MAR,27.500,19.500,1.872727,0
2019,03,AYACUCHO,LUCANAS,0.000,16.000,0.000000,1
2019,03,AYACUCHO,PARINACOCHAS,0.000,2.000,0.000000,1
2019,03,AYACUCHO,PAUCAR DEL SARA SARA,9.000,9.000,1.833333,0
2019,03,AYACUCHO,SUCRE,7.000,5.000,1.457143,0
2019,03,AYACUCHO,VILCAS HUAMAN,6.330,8.670,1.211517,0
2019,03,CAJAMARCA,CAJABAMBA,3.500,16.000,1.411429,0
2019,03,CAJAMARCA,CHOTA,26.000,32.250,1.111538,0
2019,03,CAJAMARCA,JAEN,14.740,16.000,0.955020,0
2019,03,CAJAMARCA,SAN IGNACIO,2.850,10.000,1.500000,0
2019,03,CAJAMARCA,SAN MARCOS,0.000,9.000,0.000000,1
2019,03,CAJAMARCA,SAN MIGUEL,0.000,30.000,0.000000,1
2019,03,CAJAMARCA,SANTA CRUZ,2.000,4.500,0.900000,0
2019,03,CUSCO,LA CONVENCION,161.940,288.000,1.052508,0
2019,03,HUANCAVELICA,ACOBAMBA,0.400,4.000,0.700000,0
2019,03,HUANCAVELICA,ANGARAES,0.000,3.000,0.000000,1
2019,03,HUANCAVELICA,CASTROVIRREYNA,0.000,2.000,0.000000,1
2019,03,HUANCAVELICA,CHURCAMPA,0.000,7.000,0.000000,1
2019,03,HUANCAVELICA,HUAYTARA,0.000,3.000,0.000000,1
2019,03,HUANCAVELICA,TAYACAJA,0.000,22.000,0.000000,1
2019,03,HUANUCO,HUACAYBAMBA,21.000,9.000,1.456810,0
2019,03,HUANUCO,HUAMALIES,12.600,22.000,1.000000,0
2019,03,HUANUCO,HUANUCO,3.300,11.250,0.950000,0
2019,03,HUANUCO,LEONCIO PRADO,83.400,103.000,0.845923,0
2019,03,HUANUCO,MARAÑON,4.000,7.000,0.800000,0
2019,03,HUANUCO,PUERTO INCA,2.000,4.000,1.550000,0
2019,03,ICA,CHINCHA,0.000,4.000,0.000000,1
2019,03,ICA,ICA,125.300,20.720,1.800000,0
2019,03,ICA,NASCA,0.000,17.590,0.000000,1
2019,03,ICA,PALPA,0.000,3.109,0.000000,1
2019,03,ICA,PISCO,0.000,35.400,0.000000,1
2019,03,JUNIN,CHANCHAMAYO,83.350,134.000,1.025915,0
2019,03,JUNIN,HUANCAYO,5.000,25.000,0.650000,0
2019,03,JUNIN,SATIPO,261.600,220.000,0.503249,0
2019,03,LA LIBERTAD,ASCOPE,0.000,4.000,0.000000,1
2019,03,LA LIBERTAD,BOLIVAR,14.350,15.500,0.790314,0
2019,03,LA LIBERTAD,CHEPEN,0.000,15.000,0.000000,1
2019,03,LA LIBERTAD,GRAN CHIMU,6.150,2.500,0.600000,0
2019,03,LA LIBERTAD,OTUZCO,2.040,2.000,0.600000,0
2019,03,LA LIBERTAD,PATAZ,14.830,11.250,0.610249,0
2019,03,LA LIBERTAD,SANCHEZ CARRION,15.600,11.500,0.600000,0
2019,03,LA LIBERTAD,VIRU,1.100,1.000,0.700000,0
2019,03,LAMBAYEQUE,CHICLAYO,0.000,8.000,0.000000,1
2019,03,LAMBAYEQUE,FERREÑAFE,19.000,19.000,0.323684,0
2019,03,LAMBAYEQUE,LAMBAYEQUE,1451.000,2250.000,0.317919,0
2019,03,LIMA,CAÑETE,0.000,3.000,0.000000,1
2019,03,LIMA,HUAURA,0.000,21.000,0.000000,1
2019,03,LIMA,LIMA,0.000,2.000,0.000000,1
2019,03,LORETO,ALTO AMAZONAS,304.000,481.000,0.912500,0
2019,03,LORETO,DATEM DEL MARAÑON,47.000,50.000,0.927447,0
2019,03,LORETO,LORETO,75.000,92.000,0.946400,0
2019,03,LORETO,MARISCAL RAMON CASTILLA,44.000,69.000,0.909545,0
2019,03,LORETO,MAYNAS,512.000,932.000,0.958770,0
2019,03,LORETO,PUTUMAYO,11.000,26.000,0.930000,0
2019,03,LORETO,REQUENA,45.000,63.000,0.935556,0
2019,03,LORETO,UCAYALI,114.000,183.000,0.966842,0
2019,03,MADRE DE DIOS,MANU,14.300,28.500,1.349650,0
2019,03,MADRE DE DIOS,TAHUAMANU,9.000,31.500,1.418889,0
2019,03,MADRE DE DIOS,TAMBOPATA,36.400,92.500,1.579670,0
2019,03,MOQUEGUA,GENERAL SANCHEZ CERRO,0.000,5.000,0.000000,1
2019,03,MOQUEGUA,MARISCAL NIETO,12.780,6.000,2.402191,0
2019,03,PASCO,OXAPAMPA,0.000,10.000,0.000000,1
2019,03,PIURA,AYABACA,21.000,86.000,0.528571,0
2019,03,PIURA,HUANCABAMBA,9.000,38.000,0.800000,0
2019,03,PIURA,MORROPON,1368.000,1454.000,0.515789,0
2019,03,PIURA,PAITA,8.000,4.000,0.500000,0
2019,03,PIURA,PIURA,11486.000,11475.000,0.815837,0
2019,03,PIURA,SECHURA,4.000,6.000,1.050000,0
2019,03,PIURA,SULLANA,8841.000,4086.000,0.500045,0
2019,03,PUNO,CARABAYA,0.000,1.000,0.000000,1
2019,03,PUNO,SANDIA,1.000,5.000,1.200000,0
2019,03,SAN MARTIN,BELLAVISTA,38.500,30.400,0.683766,0
2019,03,SAN MARTIN,EL DORADO,33.000,14.000,0.445455,0
2019,03,SAN MARTIN,HUALLAGA,76.000,45.500,0.913816,0
2019,03,SAN MARTIN,LAMAS,100.500,69.000,1.084080,0
2019,03,SAN MARTIN,MARISCAL CACERES,27.500,28.000,1.185455,0
2019,03,SAN MARTIN,MOYOBAMBA,60.000,83.000,0.932500,0
2019,03,SAN MARTIN,PICOTA,147.000,88.500,1.000000,0
2019,03,SAN MARTIN,RIOJA,17.000,22.000,0.500000,0
2019,03,SAN MARTIN,SAN MARTIN,116.700,80.000,0.628535,0
2019,03,SAN MARTIN,TOCACHE,44.000,33.000,0.654545,0
2019,03,TUMBES,CONTRALMIRANTE VILLAR,106.720,71.150,0.750000,0
2019,03,TUMBES,TUMBES,770.348,534.600,0.753598,0
2019,03,TUMBES,ZARUMILLA,4043.238,1929.569,0.880000,0
2019,03,UCAYALI,ATALAYA,180.200,187.000,0.559341,0
2019,03,UCAYALI,CORONEL PORTILLO,873.570,1382.640,0.518412,0
2019,03,UCAYALI,PADRE ABAD,393.820,469.000,0.607509,0
2019,03,UCAYALI,PURUS,37.350,28.000,0.680000,0
2019,04,AMAZONAS,BAGUA,17.600,22.000,1.225568,0
2019,04,AMAZONAS,CHACHAPOYAS,23.000,43.000,0.852174,0
2019,04,AMAZONAS,LUYA,21.400,30.000,1.137383,0
2019,04,AMAZONAS,UTCUBAMBA,491.000,578.000,0.997149,0
2019,04,ANCASH,CASMA,42.000,53.000,1.728571,0
2019,04,ANCASH,HUARMEY,5.000,4.000,1.600000,0
2019,04,ANCASH,HUAYLAS,20.000,12.000,1.590000,0
2019,04,ANCASH,SANTA,6.000,5.000,1.700000,0
2019,04,APURIMAC,ABANCAY,8.000,29.500,0.675000,0
2019,04,APURIMAC,ANDAHUAYLAS,13.970,23.500,1.634932,0
2019,04,APURIMAC,AYMARAES,1.800,5.000,0.700000,0
2019,04,APURIMAC,CHINCHEROS,18.889,21.500,1.604235,0
2019,04,APURIMAC,GRAU,0.000,2.000,0.000000,1
2019,04,AREQUIPA,CARAVELI,0.000,3.000,0.000000,1
2019,04,AREQUIPA,LA UNION,0.000,10.000,0.000000,1
2019,04,AYACUCHO,HUAMANGA,1.830,2.670,1.130000,0
2019,04,AYACUCHO,HUANTA,13.000,9.670,1.056154,0
2019,04,AYACUCHO,LA MAR,26.000,19.500,2.019231,0
2019,04,AYACUCHO,LUCANAS,16.000,16.000,1.750000,0
2019,04,AYACUCHO,PARINACOCHAS,2.000,2.000,1.500000,0
2019,04,AYACUCHO,PAUCAR DEL SARA SARA,20.000,9.000,2.400000,0
2019,04,AYACUCHO,SUCRE,7.000,5.000,1.457143,0
2019,04,AYACUCHO,VILCAS HUAMAN,7.330,8.670,1.295894,0
2019,04,CAJAMARCA,CAJABAMBA,3.200,16.000,1.325000,0
2019,04,CAJAMARCA,CHOTA,25.000,32.250,1.148000,0
2019,04,CAJAMARCA,JAEN,12.529,16.000,0.976360,0
2019,04,CAJAMARCA,SAN IGNACIO,3.100,10.000,1.400000,0
2019,04,CAJAMARCA,SAN MARCOS,3.870,9.000,0.500000,0
2019,04,CAJAMARCA,SAN MIGUEL,10.000,30.000,0.500000,0
2019,04,CAJAMARCA,SANTA CRUZ,8.000,4.500,1.025000,0
2019,04,CUSCO,LA CONVENCION,59.150,288.000,1.600000,0
2019,04,HUANCAVELICA,ACOBAMBA,5.600,4.000,0.626786,0
2019,04,HUANCAVELICA,ANGARAES,4.769,3.000,0.606119,0
2019,04,HUANCAVELICA,CASTROVIRREYNA,2.200,2.000,0.520455,0
2019,04,HUANCAVELICA,CHURCAMPA,6.039,7.000,0.894943,0
2019,04,HUANCAVELICA,HUAYTARA,3.300,3.000,0.686364,0
2019,04,HUANCAVELICA,TAYACAJA,18.110,22.000,0.683131,0
2019,04,HUANUCO,HUACAYBAMBA,9.700,9.000,1.568247,0
2019,04,HUANUCO,HUAMALIES,16.700,22.000,1.200000,0
2019,04,HUANUCO,HUANUCO,6.900,11.250,0.922319,0
2019,04,HUANUCO,LEONCIO PRADO,101.300,103.000,0.915380,0
2019,04,HUANUCO,MARAÑON,5.000,7.000,0.820000,0
2019,04,HUANUCO,PUERTO INCA,2.000,4.000,1.300000,0
2019,04,ICA,CHINCHA,0.000,4.000,0.000000,1
2019,04,ICA,ICA,206.550,20.720,1.499637,0
2019,04,ICA,NASCA,0.000,17.590,0.000000,1
2019,04,ICA,PALPA,0.000,3.109,0.000000,1
2019,04,ICA,PISCO,70.000,35.400,1.000000,0
2019,04,JUNIN,CHANCHAMAYO,92.350,133.000,0.546589,0
2019,04,JUNIN,HUANCAYO,7.000,25.000,0.700000,0
2019,04,JUNIN,SATIPO,294.800,220.000,0.536459,0
2019,04,LA LIBERTAD,ASCOPE,0.000,4.000,0.000000,1
2019,04,LA LIBERTAD,BOLIVAR,11.180,15.500,0.737809,0
2019,04,LA LIBERTAD,CHEPEN,0.000,15.000,0.000000,1
2019,04,LA LIBERTAD,GRAN CHIMU,6.780,2.500,0.694248,0
2019,04,LA LIBERTAD,OTUZCO,0.000,2.000,0.000000,1
2019,04,LA LIBERTAD,PATAZ,11.398,11.250,0.700807,0
2019,04,LA LIBERTAD,SANCHEZ CARRION,11.380,11.500,0.666169,0
2019,04,LA LIBERTAD,VIRU,0.810,1.000,0.700000,0
2019,04,LAMBAYEQUE,CHICLAYO,0.000,8.000,0.000000,1
2019,04,LAMBAYEQUE,FERREÑAFE,9.000,19.000,0.300000,0
2019,04,LAMBAYEQUE,LAMBAYEQUE,1291.000,2257.000,0.459156,0
2019,04,LIMA,CAÑETE,0.000,3.000,0.000000,1
2019,04,LIMA,HUAURA,0.000,21.000,0.000000,1
2019,04,LIMA,LIMA,0.000,2.000,0.000000,1
2019,04,LORETO,ALTO AMAZONAS,296.000,481.000,0.902770,0
2019,04,LORETO,DATEM DEL MARAÑON,35.000,50.000,0.910857,0
2019,04,LORETO,LORETO,58.000,92.000,0.937241,0
2019,04,LORETO,MARISCAL RAMON CASTILLA,41.000,69.000,0.911220,0
2019,04,LORETO,MAYNAS,539.000,932.000,0.957811,0
2019,04,LORETO,PUTUMAYO,12.000,26.000,0.920000,0
2019,04,LORETO,REQUENA,40.000,63.000,0.922000,0
2019,04,LORETO,UCAYALI,102.000,183.000,0.962549,0
2019,04,MADRE DE DIOS,MANU,10.850,29.000,1.367281,0
2019,04,MADRE DE DIOS,TAHUAMANU,13.200,31.500,1.486364,0
2019,04,MADRE DE DIOS,TAMBOPATA,35.700,92.500,1.202801,0
2019,04,MOQUEGUA,GENERAL SANCHEZ CERRO,9.930,6.000,2.397080,0
2019,04,MOQUEGUA,MARISCAL NIETO,0.000,6.000,0.000000,1
2019,04,PASCO,OXAPAMPA,0.000,10.000,0.000000,1
2019,04,PIURA,AYABACA,26.000,86.000,0.615385,0
2019,04,PIURA,HUANCABAMBA,10.000,38.000,0.800000,0
2019,04,PIURA,MORROPON,1309.000,1454.000,0.443392,0
2019,04,PIURA,PAITA,8.000,4.000,0.500000,0
2019,04,PIURA,PIURA,10517.000,11475.000,0.722697,0
2019,04,PIURA,SECHURA,4.000,6.000,1.000000,0
2019,04,PIURA,SULLANA,8842.000,4287.000,0.500000,0
2019,04,PUNO,CARABAYA,0.000,1.000,0.000000,1
2019,04,PUNO,SANDIA,2.000,5.000,1.000000,0
2019,04,SAN MARTIN,BELLAVISTA,24.000,30.400,0.672917,0
2019,04,SAN MARTIN,EL DORADO,39.000,14.000,0.541026,0
2019,04,SAN MARTIN,HUALLAGA,61.000,45.500,0.921311,0
2019,04,SAN MARTIN,LAMAS,147.000,77.000,0.998299,0
2019,04,SAN MARTIN,MARISCAL CACERES,30.000,28.000,1.166000,0
2019,04,SAN MARTIN,MOYOBAMBA,65.000,83.000,0.907692,0
2019,04,SAN MARTIN,PICOTA,122.000,88.500,0.839344,0
2019,04,SAN MARTIN,RIOJA,13.000,22.000,0.500000,0
2019,04,SAN MARTIN,SAN MARTIN,215.000,80.000,0.522326,0
2019,04,SAN MARTIN,TOCACHE,48.000,33.000,0.600000,0
2019,04,TUMBES,CONTRALMIRANTE VILLAR,104.660,71.150,0.880000,0
2019,04,TUMBES,TUMBES,792.899,535.600,0.951448,0
2019,04,TUMBES,ZARUMILLA,3721.865,1932.569,0.930000,0
2019,04,UCAYALI,ATALAYA,150.050,187.000,0.552774,0
2019,04,UCAYALI,CORONEL PORTILLO,536.770,1392.640,0.514062,0
2019,04,UCAYALI,PADRE ABAD,317.480,469.000,0.601712,0
2019,04,UCAYALI,PURUS,40.500,28.000,0.650000,0
2019,05,AMAZONAS,BAGUA,17.500,22.000,1.238857,0
2019,05,AMAZONAS,CHACHAPOYAS,23.100,43.000,1.177273,0
2019,05,AMAZONAS,LUYA,22.000,30.000,1.072727,0
2019,05,AMAZONAS,UTCUBAMBA,442.200,578.000,0.891000,0
2019,05,ANCASH,CASMA,43.000,53.000,1.783721,0
2019,05,ANCASH,HUARMEY,5.000,4.000,1.600000,0
2019,05,ANCASH,HUAYLAS,18.000,12.000,1.544444,0
2019,05,ANCASH,SANTA,6.000,5.000,1.800000,0
2019,05,APURIMAC,ABANCAY,20.000,29.500,1.675000,0
2019,05,APURIMAC,ANDAHUAYLAS,3.230,23.500,1.400000,0
2019,05,APURIMAC,AYMARAES,2.000,5.000,0.700000,0
2019,05,APURIMAC,CHINCHEROS,0.000,21.500,0.000000,1
2019,05,APURIMAC,GRAU,2.000,2.000,0.900000,0
2019,05,AREQUIPA,CARAVELI,19.730,3.000,1.872073,0
2019,05,AREQUIPA,LA UNION,0.000,10.000,0.000000,1
2019,05,AYACUCHO,HUAMANGA,2.000,2.670,1.330000,0
2019,05,AYACUCHO,HUANTA,17.000,9.670,1.091765,0
2019,05,AYACUCHO,LA MAR,24.000,19.500,1.979167,0
2019,05,AYACUCHO,LUCANAS,23.000,16.000,2.130435,0
2019,05,AYACUCHO,PARINACOCHAS,10.000,2.000,1.500000,0
2019,05,AYACUCHO,PAUCAR DEL SARA SARA,10.000,9.000,2.200000,0
2019,05,AYACUCHO,SUCRE,9.000,5.000,1.433333,0
2019,05,AYACUCHO,VILCAS HUAMAN,9.330,8.670,1.286056,0
2019,05,CAJAMARCA,CAJABAMBA,8.700,15.900,1.300000,0
2019,05,CAJAMARCA,CHOTA,33.000,32.250,1.093939,0
2019,05,CAJAMARCA,JAEN,10.130,16.000,0.988036,0
2019,05,CAJAMARCA,SAN IGNACIO,3.000,10.000,1.000000,0
2019,05,CAJAMARCA,SAN MARCOS,4.059,9.000,1.099069,0
2019,05,CAJAMARCA,SAN MIGUEL,53.000,30.000,0.977358,0
2019,05,CAJAMARCA,SANTA CRUZ,8.000,4.500,1.250000,0
2019,05,CUSCO,LA CONVENCION,50.700,288.000,1.450000,0
2019,05,HUANCAVELICA,ACOBAMBA,8.100,4.000,0.613580,0
2019,05,HUANCAVELICA,ANGARAES,4.475,3.000,0.609944,0
2019,05,HUANCAVELICA,CASTROVIRREYNA,5.700,2.000,0.527193,0
2019,05,HUANCAVELICA,CHURCAMPA,12.720,7.000,0.966667,0
2019,05,HUANCAVELICA,HUAYTARA,4.000,3.000,0.875000,0
2019,05,HUANCAVELICA,TAYACAJA,32.820,22.000,0.710938,0
2019,05,HUANUCO,HUACAYBAMBA,6.000,9.000,1.621667,0
2019,05,HUANUCO,HUAMALIES,19.000,22.000,1.000000,0
2019,05,HUANUCO,HUANUCO,9.000,11.250,1.014556,0
2019,05,HUANUCO,LEONCIO PRADO,123.000,103.000,0.915285,0
2019,05,HUANUCO,MARAÑON,9.600,7.000,0.800000,0
2019,05,HUANUCO,PUERTO INCA,1.400,4.000,1.500000,0
2019,05,ICA,CHINCHA,0.000,4.000,0.000000,1
2019,05,ICA,ICA,193.700,20.720,1.453795,0
2019,05,ICA,NASCA,0.000,17.590,0.000000,1
2019,05,ICA,PALPA,0.000,3.109,0.000000,1
2019,05,ICA,PISCO,0.000,35.400,0.000000,1
2019,05,JUNIN,CHANCHAMAYO,86.450,124.000,0.600000,0
2019,05,JUNIN,HUANCAYO,9.000,25.000,0.650000,0
2019,05,JUNIN,SATIPO,325.700,221.000,0.597544,0
2019,05,LA LIBERTAD,ASCOPE,0.000,4.000,0.000000,1
2019,05,LA LIBERTAD,BOLIVAR,10.430,15.500,0.713375,0
2019,05,LA LIBERTAD,CHEPEN,0.000,15.000,0.000000,1
2019,05,LA LIBERTAD,GRAN CHIMU,3.250,2.500,0.716000,0
2019,05,LA LIBERTAD,OTUZCO,0.530,2.000,0.700000,0
2019,05,LA LIBERTAD,PATAZ,12.070,11.250,0.700000,0
2019,05,LA LIBERTAD,SANCHEZ CARRION,6.550,11.500,0.682595,0
2019,05,LA LIBERTAD,VIRU,0.900,1.000,0.720000,0
2019,05,LAMBAYEQUE,CHICLAYO,0.000,8.000,0.000000,1
2019,05,LAMBAYEQUE,FERREÑAFE,0.000,19.000,0.000000,1
2019,05,LAMBAYEQUE,LAMBAYEQUE,1387.000,2257.000,0.441615,0
2019,05,LIMA,CAÑETE,0.000,3.000,0.000000,1
2019,05,LIMA,HUAURA,2.100,21.000,1.500000,0
2019,05,LIMA,LIMA,0.000,2.000,0.000000,1
2019,05,LORETO,ALTO AMAZONAS,301.000,481.000,0.921196,0
2019,05,LORETO,DATEM DEL MARAÑON,31.000,50.000,0.914839,0
2019,05,LORETO,LORETO,60.000,92.000,0.919833,0
2019,05,LORETO,MARISCAL RAMON CASTILLA,41.000,69.000,0.917317,0
2019,05,LORETO,MAYNAS,516.000,932.000,0.948779,0
2019,05,LORETO,PUTUMAYO,16.000,26.000,0.910000,0
2019,05,LORETO,REQUENA,45.000,63.000,0.913778,0
2019,05,LORETO,UCAYALI,88.000,183.000,0.937500,0
2019,05,MADRE DE DIOS,MANU,13.150,29.000,1.356274,0
2019,05,MADRE DE DIOS,TAHUAMANU,16.800,31.500,1.342857,0
2019,05,MADRE DE DIOS,TAMBOPATA,38.900,92.500,1.348072,0
2019,05,MOQUEGUA,GENERAL SANCHEZ CERRO,4.350,6.000,1.800000,0
2019,05,MOQUEGUA,MARISCAL NIETO,6.670,6.000,1.500000,0
2019,05,PASCO,OXAPAMPA,54.000,10.000,0.800000,0
2019,05,PIURA,AYABACA,9.000,86.000,0.566667,0
2019,05,PIURA,HUANCABAMBA,11.000,38.000,0.800000,0
2019,05,PIURA,MORROPON,1355.000,1454.000,0.403026,0
2019,05,PIURA,PAITA,8.000,4.000,0.500000,0
2019,05,PIURA,PIURA,10741.000,11475.000,0.547267,0
2019,05,PIURA,SECHURA,4.000,6.000,1.125000,0
2019,05,PIURA,SULLANA,8842.000,4287.000,0.500000,0
2019,05,PUNO,CARABAYA,2.000,1.000,0.800000,0
2019,05,PUNO,SANDIA,11.000,5.000,1.463636,0
2019,05,SAN MARTIN,BELLAVISTA,35.000,30.400,1.068571,0
2019,05,SAN MARTIN,EL DORADO,20.000,14.000,0.465000,0
2019,05,SAN MARTIN,HUALLAGA,41.000,45.500,1.021951,0
2019,05,SAN MARTIN,LAMAS,116.000,77.000,1.072414,0
2019,05,SAN MARTIN,MARISCAL CACERES,32.500,28.000,1.207077,0
2019,05,SAN MARTIN,MOYOBAMBA,50.000,83.000,0.900000,0
2019,05,SAN MARTIN,PICOTA,116.000,88.500,0.871552,0
2019,05,SAN MARTIN,RIOJA,10.000,22.000,0.500000,0
2019,05,SAN MARTIN,SAN MARTIN,184.000,80.000,0.549457,0
2019,05,SAN MARTIN,TOCACHE,96.000,33.000,0.500000,0
2019,05,TUMBES,CONTRALMIRANTE VILLAR,105.860,71.150,0.880000,0
2019,05,TUMBES,TUMBES,680.020,539.600,0.998735,0
2019,05,TUMBES,ZARUMILLA,3255.390,1942.569,1.172998,0
2019,05,UCAYALI,ATALAYA,144.599,187.000,0.542938,0
2019,05,UCAYALI,CORONEL PORTILLO,639.209,1405.640,0.494021,0
2019,05,UCAYALI,PADRE ABAD,304.218,469.000,0.583336,0
2019,05,UCAYALI,PURUS,32.680,28.000,0.630000,0
2019,06,AMAZONAS,BAGUA,16.100,22.000,1.200000,0
2019,06,AMAZONAS,CHACHAPOYAS,21.700,43.000,1.535023,0
2019,06,AMAZONAS,LUYA,20.600,30.000,1.139806,0
2019,06,AMAZONAS,UTCUBAMBA,511.000,578.000,0.907241,0
2019,06,ANCASH,CASMA,40.000,53.000,1.902500,0
2019,06,ANCASH,HUARMEY,4.000,4.000,1.650000,0
2019,06,ANCASH,HUAYLAS,14.000,12.000,1.685714,0
2019,06,ANCASH,SANTA,5.000,5.000,1.700000,0
2019,06,APURIMAC,ABANCAY,5.000,29.500,0.860000,0
2019,06,APURIMAC,ANDAHUAYLAS,0.000,23.500,0.000000,1
2019,06,APURIMAC,AYMARAES,1.800,5.000,0.700000,0
2019,06,APURIMAC,CHINCHEROS,0.000,21.500,0.000000,1
2019,06,APURIMAC,GRAU,0.000,2.000,0.000000,1
2019,06,AREQUIPA,CARAVELI,0.000,3.000,0.000000,1
2019,06,AREQUIPA,LA UNION,0.000,10.000,0.000000,1
2019,06,AYACUCHO,HUAMANGA,1.860,2.860,1.260000,0
2019,06,AYACUCHO,HUANTA,2.000,9.670,1.715000,0
2019,06,AYACUCHO,LA MAR,19.500,19.500,1.884615,0
2019,06,AYACUCHO,LUCANAS,29.500,16.000,2.177966,0
2019,06,AYACUCHO,PARINACOCHAS,4.000,2.000,1.875000,0
2019,06,AYACUCHO,PAUCAR DEL SARA SARA,7.000,9.000,2.200000,0
2019,06,AYACUCHO,SUCRE,0.000,5.000,0.000000,1
2019,06,AYACUCHO,VILCAS HUAMAN,11.830,8.670,1.474970,0
2019,06,CAJAMARCA,CAJABAMBA,7.200,15.900,1.400000,0
2019,06,CAJAMARCA,CHOTA,31.000,32.250,1.193548,0
2019,06,CAJAMARCA,JAEN,7.139,16.000,0.982140,0
2019,06,CAJAMARCA,SAN IGNACIO,7.600,10.000,2.000000,0
2019,06,CAJAMARCA,SAN MARCOS,1.500,9.000,0.700000,0
2019,06,CAJAMARCA,SAN MIGUEL,11.000,30.000,0.272727,0
2019,06,CAJAMARCA,SANTA CRUZ,5.000,4.500,1.120000,0
2019,06,CUSCO,LA CONVENCION,50.700,288.000,1.050000,0
2019,06,HUANCAVELICA,ACOBAMBA,5.200,4.000,0.610577,0
2019,06,HUANCAVELICA,ANGARAES,3.740,3.000,0.615294,0
2019,06,HUANCAVELICA,CASTROVIRREYNA,2.500,2.000,0.520000,0
2019,06,HUANCAVELICA,CHURCAMPA,8.260,7.000,0.805230,0
2019,06,HUANCAVELICA,HUAYTARA,3.000,3.000,0.875000,0
2019,06,HUANCAVELICA,TAYACAJA,23.400,22.000,0.724786,0
2019,06,HUANUCO,HUACAYBAMBA,0.000,9.000,0.000000,1
2019,06,HUANUCO,HUAMALIES,20.000,22.000,0.980000,0
2019,06,HUANUCO,HUANUCO,10.000,11.250,1.060000,0
2019,06,HUANUCO,LEONCIO PRADO,144.000,103.000,0.920069,0
2019,06,HUANUCO,MARAÑON,6.000,7.000,0.820000,0
2019,06,HUANUCO,PUERTO INCA,2.000,4.000,1.600000,0
2019,06,ICA,CHINCHA,0.000,4.000,0.000000,1
2019,06,ICA,ICA,78.719,20.720,1.484121,0
2019,06,ICA,NASCA,53.950,17.590,1.489157,0
2019,06,ICA,PALPA,0.620,3.109,1.500000,0
2019,06,ICA,PISCO,120.000,35.400,1.500000,0
2019,06,JUNIN,CHANCHAMAYO,89.200,122.000,0.600000,0
2019,06,JUNIN,HUANCAYO,7.500,25.000,0.600000,0
2019,06,JUNIN,SATIPO,293.400,221.000,0.619315,0
2019,06,LA LIBERTAD,ASCOPE,0.000,4.000,0.000000,1
2019,06,LA LIBERTAD,BOLIVAR,7.180,15.500,0.744847,0
2019,06,LA LIBERTAD,CHEPEN,0.000,15.000,0.000000,1
2019,06,LA LIBERTAD,GRAN CHIMU,0.540,2.500,0.740000,0
2019,06,LA LIBERTAD,OTUZCO,1.500,2.000,0.750000,0
2019,06,LA LIBERTAD,PATAZ,9.660,11.250,0.798592,0
2019,06,LA LIBERTAD,SANCHEZ CARRION,1.280,11.500,0.731250,0
2019,06,LA LIBERTAD,VIRU,0.680,1.000,0.800000,0
2019,06,LAMBAYEQUE,CHICLAYO,0.000,8.000,0.000000,1
2019,06,LAMBAYEQUE,FERREÑAFE,49.000,19.000,0.350000,0
2019,06,LAMBAYEQUE,LAMBAYEQUE,1442.000,2257.000,0.573752,0
2019,06,LIMA,CAÑETE,0.000,3.000,0.000000,1
2019,06,LIMA,HUAURA,3.000,21.000,1.500000,0
2019,06,LIMA,LIMA,0.000,2.000,0.000000,1
2019,06,LORETO,ALTO AMAZONAS,244.000,481.000,0.920820,0
2019,06,LORETO,DATEM DEL MARAÑON,31.000,50.000,0.921613,0
2019,06,LORETO,LORETO,37.000,92.000,0.918378,0
2019,06,LORETO,MARISCAL RAMON CASTILLA,47.000,69.000,0.923404,0
2019,06,LORETO,MAYNAS,501.000,932.000,0.939301,0
2019,06,LORETO,PUTUMAYO,14.000,26.000,0.900000,0
2019,06,LORETO,REQUENA,42.000,63.000,0.921667,0
2019,06,LORETO,UCAYALI,102.000,183.000,0.931569,0
2019,06,MADRE DE DIOS,MANU,11.200,29.000,1.466071,0
2019,06,MADRE DE DIOS,TAHUAMANU,9.600,31.500,1.397917,0
2019,06,MADRE DE DIOS,TAMBOPATA,35.000,92.500,1.522571,0
2019,06,MOQUEGUA,GENERAL SANCHEZ CERRO,0.000,6.000,0.000000,1
2019,06,MOQUEGUA,MARISCAL NIETO,6.639,6.000,1.100000,0
2019,06,PASCO,OXAPAMPA,36.000,10.000,0.911111,0
2019,06,PIURA,AYABACA,6.000,86.000,0.500000,0
2019,06,PIURA,HUANCABAMBA,10.000,38.000,0.800000,0
2019,06,PIURA,MORROPON,1094.000,1454.000,0.456124,0
2019,06,PIURA,PAITA,8.000,4.000,0.600000,0
2019,06,PIURA,PIURA,10830.000,11475.000,0.557664,0
2019,06,PIURA,SECHURA,4.000,6.000,1.000000,0
2019,06,PIURA,SULLANA,8842.000,4287.000,0.600000,0
2019,06,PUNO,CARABAYA,3.000,1.000,0.800000,0
2019,06,PUNO,SANDIA,19.000,5.000,0.931579,0
2019,06,SAN MARTIN,BELLAVISTA,24.300,30.400,0.896049,0
2019,06,SAN MARTIN,EL DORADO,16.000,14.000,0.575000,0
2019,06,SAN MARTIN,HUALLAGA,22.000,45.500,1.022727,0
2019,06,SAN MARTIN,LAMAS,58.000,79.000,0.920690,0
2019,06,SAN MARTIN,MARISCAL CACERES,30.500,28.000,1.222295,0
2019,06,SAN MARTIN,MOYOBAMBA,26.000,83.000,0.919231,0
2019,06,SAN MARTIN,PICOTA,82.000,88.500,0.891463,0
2019,06,SAN MARTIN,RIOJA,12.000,22.000,0.500000,0
2019,06,SAN MARTIN,SAN MARTIN,85.000,80.000,0.562353,0
2019,06,SAN MARTIN,TOCACHE,80.000,33.000,0.500000,0
2019,06,TUMBES,CONTRALMIRANTE VILLAR,105.860,71.150,1.250000,0
2019,06,TUMBES,TUMBES,242.332,539.600,1.709939,0
2019,06,TUMBES,ZARUMILLA,236.665,1950.069,2.000000,0
2019,06,UCAYALI,ATALAYA,135.070,187.000,0.563025,0
2019,06,UCAYALI,CORONEL PORTILLO,495.649,1418.640,0.513201,0
2019,06,UCAYALI,PADRE ABAD,239.279,469.000,0.605396,0
2019,06,UCAYALI,PURUS,28.500,28.000,0.640000,0
2019,07,AMAZONAS,BAGUA,19.300,22.000,1.194301,0
2019,07,AMAZONAS,CHACHAPOYAS,22.300,43.000,1.289238,0
2019,07,AMAZONAS,LUYA,19.300,30.000,1.225907,0
2019,07,AMAZONAS,UTCUBAMBA,543.000,578.000,0.894107,0
2019,07,ANCASH,CASMA,37.000,53.000,1.843243,0
2019,07,ANCASH,HUARMEY,5.000,4.000,1.800000,0
2019,07,ANCASH,HUAYLAS,13.000,12.000,1.800000,0
2019,07,ANCASH,SANTA,6.000,5.000,1.800000,0
2019,07,APURIMAC,ABANCAY,19.000,29.500,1.610526,0
2019,07,APURIMAC,ANDAHUAYLAS,0.000,23.500,0.000000,1
2019,07,APURIMAC,AYMARAES,1.600,5.000,0.700000,0
2019,07,APURIMAC,CHINCHEROS,0.000,21.500,0.000000,1
2019,07,APURIMAC,GRAU,2.000,2.000,1.100000,0
2019,07,AREQUIPA,CARAVELI,0.000,3.000,0.000000,1
2019,07,AREQUIPA,LA UNION,0.000,10.000,0.000000,1
2019,07,AYACUCHO,HUAMANGA,2.200,3.000,1.520000,0
2019,07,AYACUCHO,HUANTA,2.330,9.670,1.802103,0
2019,07,AYACUCHO,LA MAR,14.500,19.500,1.500000,0
2019,07,AYACUCHO,LUCANAS,17.000,16.000,2.117647,0
2019,07,AYACUCHO,PARINACOCHAS,2.000,2.000,1.750000,0
2019,07,AYACUCHO,PAUCAR DEL SARA SARA,8.000,9.000,2.200000,0
2019,07,AYACUCHO,SUCRE,0.000,5.000,0.000000,1
2019,07,AYACUCHO,VILCAS HUAMAN,15.830,8.670,1.432653,0
2019,07,CAJAMARCA,CAJABAMBA,6.500,15.900,1.350769,0
2019,07,CAJAMARCA,CHOTA,13.000,32.250,1.215385,0
2019,07,CAJAMARCA,JAEN,4.648,16.000,0.989802,0
2019,07,CAJAMARCA,SAN IGNACIO,7.650,10.000,1.683007,0
2019,07,CAJAMARCA,SAN MARCOS,2.500,9.000,0.930000,0
2019,07,CAJAMARCA,SAN MIGUEL,21.800,30.000,0.924771,0
2019,07,CAJAMARCA,SANTA CRUZ,4.000,4.500,1.200000,0
2019,07,CUSCO,LA CONVENCION,50.700,288.000,1.500000,0
2019,07,HUANCAVELICA,ACOBAMBA,2.100,4.000,0.633333,0
2019,07,HUANCAVELICA,ANGARAES,1.090,3.000,0.660367,0
2019,07,HUANCAVELICA,CASTROVIRREYNA,0.500,1.000,0.550000,0
2019,07,HUANCAVELICA,CHURCAMPA,5.320,6.000,0.766316,0
2019,07,HUANCAVELICA,HUAYTARA,0.000,3.000,0.000000,1
2019,07,HUANCAVELICA,TAYACAJA,12.000,22.000,0.725000,0
2019,07,HUANUCO,HUACAYBAMBA,0.000,9.000,0.000000,1
2019,07,HUANUCO,HUAMALIES,13.000,22.000,1.100000,0
2019,07,HUANUCO,HUANUCO,11.300,11.250,1.066814,0
2019,07,HUANUCO,LEONCIO PRADO,92.600,103.000,1.021922,0
2019,07,HUANUCO,MARAÑON,0.400,7.000,0.850000,0
2019,07,HUANUCO,PUERTO INCA,1.000,4.000,1.700000,0
2019,07,ICA,CHINCHA,0.000,4.000,0.000000,1
2019,07,ICA,ICA,60.050,20.720,1.288177,0
2019,07,ICA,NASCA,215.500,17.590,1.223666,0
2019,07,ICA,PALPA,0.000,3.109,0.000000,1
2019,07,ICA,PISCO,0.000,35.400,0.000000,1
2019,07,JUNIN,CHANCHAMAYO,72.200,120.000,0.650000,0
2019,07,JUNIN,HUANCAYO,5.000,25.000,1.000000,0
2019,07,JUNIN,SATIPO,188.700,221.000,0.669147,0
2019,07,LA LIBERTAD,ASCOPE,0.000,4.000,0.000000,1
2019,07,LA LIBERTAD,BOLIVAR,7.080,15.500,0.780000,0
2019,07,LA LIBERTAD,CHEPEN,0.000,15.000,0.000000,1
2019,07,LA LIBERTAD,GRAN CHIMU,0.150,2.500,0.800000,0
2019,07,LA LIBERTAD,OTUZCO,3.500,2.000,0.780000,0
2019,07,LA LIBERTAD,PATAZ,4.320,11.250,0.820000,0
2019,07,LA LIBERTAD,SANCHEZ CARRION,0.950,11.500,0.780000,0
2019,07,LA LIBERTAD,VIRU,0.650,1.000,0.820000,0
2019,07,LAMBAYEQUE,CHICLAYO,0.000,8.000,0.000000,1
2019,07,LAMBAYEQUE,FERREÑAFE,0.000,19.000,0.000000,1
2019,07,LAMBAYEQUE,LAMBAYEQUE,2934.000,2257.000,0.807703,0
2019,07,LIMA,CAÑETE,0.000,3.000,0.000000,1
2019,07,LIMA,HUAURA,0.000,21.000,0.000000,1
2019,07,LIMA,LIMA,0.000,2.000,0.000000,1
2019,07,LORETO,ALTO AMAZONAS,245.000,481.000,0.921306,0
2019,07,LORETO,DATEM DEL MARAÑON,33.000,50.000,0.923030,0
2019,07,LORETO,LORETO,38.000,92.000,0.926579,0
2019,07,LORETO,MARISCAL RAMON CASTILLA,43.000,69.000,0.926744,0
2019,07,LORETO,MAYNAS,447.000,932.000,0.940045,0
2019,07,LORETO,PUTUMAYO,13.000,26.000,0.920000,0
2019,07,LORETO,REQUENA,35.000,63.000,0.906286,0
2019,07,LORETO,UCAYALI,94.000,183.000,0.939574,0
2019,07,MADRE DE DIOS,MANU,11.900,29.000,1.484034,0
2019,07,MADRE DE DIOS,TAHUAMANU,9.550,31.500,1.440838,0
2019,07,MADRE DE DIOS,TAMBOPATA,27.500,92.500,1.297455,0
2019,07,MOQUEGUA,GENERAL SANCHEZ CERRO,5.310,6.000,2.200000,0
2019,07,MOQUEGUA,MARISCAL NIETO,6.519,6.000,2.600000,0
2019,07,PASCO,OXAPAMPA,0.000,10.000,0.000000,1
2019,07,PIURA,AYABACA,2.000,86.000,0.650000,0
2019,07,PIURA,HUANCABAMBA,10.000,38.000,0.800000,0
2019,07,PIURA,MORROPON,1096.000,1454.000,0.627555,0
2019,07,PIURA,PAITA,8.000,4.000,0.800000,0
2019,07,PIURA,PIURA,1995.000,11475.000,1.446617,0
2019,07,PIURA,SECHURA,4.000,6.000,2.000000,0
2019,07,PIURA,SULLANA,8042.000,4287.000,0.800000,0
2019,07,PUNO,CARABAYA,4.000,1.000,0.800000,0
2019,07,PUNO,SANDIA,11.000,5.000,0.981818,0
2019,07,SAN MARTIN,BELLAVISTA,7.500,30.400,1.240000,0
2019,07,SAN MARTIN,EL DORADO,7.000,14.000,0.457143,0
2019,07,SAN MARTIN,HUALLAGA,14.000,45.500,1.235714,0
2019,07,SAN MARTIN,LAMAS,35.000,79.000,0.908571,0
2019,07,SAN MARTIN,MARISCAL CACERES,36.500,28.000,1.243836,0
2019,07,SAN MARTIN,MOYOBAMBA,8.000,83.000,0.993750,0
2019,07,SAN MARTIN,PICOTA,66.000,82.500,1.437879,0
2019,07,SAN MARTIN,RIOJA,11.000,22.000,0.500000,0
2019,07,SAN MARTIN,SAN MARTIN,84.200,80.000,0.621853,0
2019,07,SAN MARTIN,TOCACHE,22.000,33.000,0.659091,0
2019,07,TUMBES,CONTRALMIRANTE VILLAR,57.960,71.150,2.000000,0
2019,07,TUMBES,TUMBES,129.691,547.600,1.953054,0
2019,07,TUMBES,ZARUMILLA,71.699,1963.069,2.000000,0
2019,07,UCAYALI,ATALAYA,119.660,187.000,0.547729,0
2019,07,UCAYALI,CORONEL PORTILLO,496.868,1432.640,0.506706,0
2019,07,UCAYALI,PADRE ABAD,238.900,469.000,0.582273,0
2019,07,UCAYALI,PURUS,34.500,28.500,0.620000,0
2019,08,AMAZONAS,BAGUA,12.300,22.000,2.085366,0
2019,08,AMAZONAS,CHACHAPOYAS,20.000,43.000,1.875000,0
2019,08,AMAZONAS,LUYA,25.650,30.000,1.196491,0
2019,08,AMAZONAS,UTCUBAMBA,333.000,578.000,1.614114,0
2019,08,ANCASH,CASMA,36.000,53.000,1.883333,0
2019,08,ANCASH,HUARMEY,5.000,4.000,1.800000,0
2019,08,ANCASH,HUAYLAS,13.000,12.000,1.769231,0
2019,08,ANCASH,SANTA,7.000,5.000,1.800000,0
2019,08,APURIMAC,ABANCAY,8.000,29.500,0.875000,0
2019,08,APURIMAC,ANDAHUAYLAS,0.000,23.500,0.000000,1
2019,08,APURIMAC,AYMARAES,1.300,5.000,0.700000,0
2019,08,APURIMAC,CHINCHEROS,0.000,21.500,0.000000,1
2019,08,APURIMAC,GRAU,0.000,2.000,0.000000,1
2019,08,AREQUIPA,CARAVELI,0.000,3.000,0.000000,1
2019,08,AREQUIPA,LA UNION,0.000,10.000,0.000000,1
2019,08,AYACUCHO,HUAMANGA,2.000,2.670,1.520000,0
2019,08,AYACUCHO,HUANTA,3.330,9.670,1.960631,0
2019,08,AYACUCHO,LA MAR,9.000,19.500,2.055556,0
2019,08,AYACUCHO,LUCANAS,3.000,16.000,1.333333,0
2019,08,AYACUCHO,PARINACOCHAS,0.000,2.000,0.000000,1
2019,08,AYACUCHO,PAUCAR DEL SARA SARA,0.000,9.000,0.000000,1
2019,08,AYACUCHO,SUCRE,0.000,5.000,0.000000,1
2019,08,AYACUCHO,VILCAS HUAMAN,3.000,8.670,1.500000,0
2019,08,CAJAMARCA,CAJABAMBA,3.600,15.900,1.175000,0
2019,08,CAJAMARCA,CHOTA,3.000,32.250,1.300000,0
2019,08,CAJAMARCA,JAEN,3.940,16.000,1.491624,0
2019,08,CAJAMARCA,SAN IGNACIO,5.350,10.000,2.794393,0
2019,08,CAJAMARCA,SAN MARCOS,1.600,9.000,1.400000,0
2019,08,CAJAMARCA,SAN MIGUEL,6.000,30.000,0.200000,0
2019,08,CAJAMARCA,SANTA CRUZ,0.000,4.500,0.000000,1
2019,08,CUSCO,LA CONVENCION,42.250,288.000,1.200000,0
2019,08,HUANCAVELICA,ACOBAMBA,0.000,4.000,0.000000,1
2019,08,HUANCAVELICA,ANGARAES,0.000,3.000,0.000000,1
2019,08,HUANCAVELICA,CASTROVIRREYNA,0.000,1.000,0.000000,1
2019,08,HUANCAVELICA,CHURCAMPA,1.200,6.000,0.800000,0
2019,08,HUANCAVELICA,HUAYTARA,0.000,3.000,0.000000,1
2019,08,HUANCAVELICA,TAYACAJA,0.900,22.000,0.900000,0
2019,08,HUANUCO,HUACAYBAMBA,0.000,9.000,0.000000,1
2019,08,HUANUCO,HUAMALIES,11.200,22.000,1.300000,0
2019,08,HUANUCO,HUANUCO,8.700,11.250,1.458851,0
2019,08,HUANUCO,LEONCIO PRADO,67.200,103.000,1.028423,0
2019,08,HUANUCO,MARAÑON,0.200,7.000,0.880000,0
2019,08,HUANUCO,PUERTO INCA,1.600,4.000,1.943750,0
2019,08,ICA,CHINCHA,0.000,4.000,0.000000,1
2019,08,ICA,ICA,41.230,20.720,1.496871,0
2019,08,ICA,NASCA,30.500,17.590,1.500000,0
2019,08,ICA,PALPA,1.520,3.109,1.000000,0
2019,08,ICA,PISCO,119.000,35.400,1.300000,0
2019,08,JUNIN,CHANCHAMAYO,48.800,118.000,0.700000,0
2019,08,JUNIN,HUANCAYO,3.000,25.000,1.200000,0
2019,08,JUNIN,SATIPO,111.700,221.000,0.740197,0
2019,08,LA LIBERTAD,ASCOPE,0.000,4.000,0.000000,1
2019,08,LA LIBERTAD,BOLIVAR,9.360,15.500,0.780000,0
2019,08,LA LIBERTAD,CHEPEN,0.000,15.000,0.000000,1
2019,08,LA LIBERTAD,GRAN CHIMU,0.000,2.500,0.000000,1
2019,08,LA LIBERTAD,OTUZCO,0.800,2.000,0.780000,0
2019,08,LA LIBERTAD,PATAZ,4.240,11.250,0.836557,0
2019,08,LA LIBERTAD,SANCHEZ CARRION,0.600,11.500,0.800000,0
2019,08,LA LIBERTAD,VIRU,0.420,98.500,0.840000,0
2019,08,LAMBAYEQUE,CHICLAYO,0.000,8.000,0.000000,1
2019,08,LAMBAYEQUE,FERREÑAFE,0.000,19.000,0.000000,1
2019,08,LAMBAYEQUE,LAMBAYEQUE,3723.000,2257.000,0.934811,0
2019,08,LIMA,CAÑETE,0.000,3.000,0.000000,1
2019,08,LIMA,HUAURA,0.000,21.000,0.000000,1
2019,08,LIMA,LIMA,0.000,2.000,0.000000,1
2019,08,LORETO,ALTO AMAZONAS,233.000,481.000,0.927897,0
2019,08,LORETO,DATEM DEL MARAÑON,25.000,50.000,0.919600,0
2019,08,LORETO,LORETO,40.000,92.000,0.930000,0
2019,08,LORETO,MARISCAL RAMON CASTILLA,36.000,69.000,0.926667,0
2019,08,LORETO,MAYNAS,421.000,932.000,0.940143,0
2019,08,LORETO,PUTUMAYO,13.000,26.000,0.948462,0
2019,08,LORETO,REQUENA,33.000,63.000,0.915455,0
2019,08,LORETO,UCAYALI,88.000,183.000,0.930795,0
2019,08,MADRE DE DIOS,MANU,9.550,29.000,1.801047,0
2019,08,MADRE DE DIOS,TAHUAMANU,8.800,31.500,1.697727,0
2019,08,MADRE DE DIOS,TAMBOPATA,19.600,92.500,2.075510,0
2019,08,MOQUEGUA,GENERAL SANCHEZ CERRO,5.483,6.000,2.500000,0
2019,08,MOQUEGUA,MARISCAL NIETO,0.000,6.000,0.000000,1
2019,08,PASCO,OXAPAMPA,0.000,10.000,0.000000,1
2019,08,PIURA,AYABACA,0.000,86.000,0.000000,1
2019,08,PIURA,HUANCABAMBA,7.000,38.000,0.800000,0
2019,08,PIURA,MORROPON,146.000,1454.000,1.492466,0
2019,08,PIURA,PAITA,8.000,4.000,2.000000,0
2019,08,PIURA,PIURA,1868.000,11584.000,2.000964,0
2019,08,PIURA,SECHURA,4.000,6.000,2.000000,0
2019,08,PIURA,SULLANA,3789.000,4287.000,2.000000,0
2019,08,PUNO,CARABAYA,2.000,1.000,0.800000,0
2019,08,PUNO,SANDIA,2.500,5.000,0.920000,0
2019,08,SAN MARTIN,BELLAVISTA,5.500,30.400,1.400000,0
2019,08,SAN MARTIN,EL DORADO,6.000,14.000,0.500000,0
2019,08,SAN MARTIN,HUALLAGA,9.000,45.500,1.233333,0
2019,08,SAN MARTIN,LAMAS,28.500,84.000,1.217544,0
2019,08,SAN MARTIN,MARISCAL CACERES,33.500,28.000,1.272388,0
2019,08,SAN MARTIN,MOYOBAMBA,5.500,83.000,0.963636,0
2019,08,SAN MARTIN,PICOTA,67.000,82.500,2.044776,0
2019,08,SAN MARTIN,RIOJA,13.000,22.000,0.500000,0
2019,08,SAN MARTIN,SAN MARTIN,60.300,80.000,0.561028,0
2019,08,SAN MARTIN,TOCACHE,16.000,33.000,0.662500,0
2019,08,TUMBES,CONTRALMIRANTE VILLAR,61.960,71.150,2.500000,0
2019,08,TUMBES,TUMBES,108.717,574.900,2.917325,0
2019,08,TUMBES,ZARUMILLA,354.607,1975.569,2.900000,0
2019,08,UCAYALI,ATALAYA,140.240,187.000,0.562433,0
2019,08,UCAYALI,CORONEL PORTILLO,372.109,1437.640,0.524585,0
2019,08,UCAYALI,PADRE ABAD,195.780,472.000,0.599699,0
2019,08,UCAYALI,PURUS,21.860,29.000,0.580000,0
2019,09,AMAZONAS,BAGUA,13.300,22.000,2.030827,0
2019,09,AMAZONAS,CHACHAPOYAS,22.700,43.000,1.065551,0
2019,09,AMAZONAS,LUYA,22.900,30.000,1.400437,0
2019,09,AMAZONAS,UTCUBAMBA,320.000,578.000,1.834062,0
2019,09,ANCASH,CASMA,30.000,53.000,1.933333,0
2019,09,ANCASH,HUARMEY,4.000,4.000,1.800000,0
2019,09,ANCASH,HUAYLAS,13.000,12.000,1.676923,0
2019,09,ANCASH,SANTA,8.000,5.000,1.850000,0
2019,09,APURIMAC,ABANCAY,26.000,29.500,1.657692,0
2019,09,APURIMAC,ANDAHUAYLAS,0.000,23.500,0.000000,1
2019,09,APURIMAC,AYMARAES,1.500,5.000,0.800000,0
2019,09,APURIMAC,CHINCHEROS,0.000,21.500,0.000000,1
2019,09,APURIMAC,GRAU,2.000,2.000,1.100000,0
2019,09,AREQUIPA,CARAVELI,0.000,3.000,0.000000,1
2019,09,AREQUIPA,LA UNION,0.000,10.000,0.000000,1
2019,09,AYACUCHO,HUAMANGA,2.170,2.670,1.400000,0
2019,09,AYACUCHO,HUANTA,0.000,9.670,0.000000,1
2019,09,AYACUCHO,LA MAR,8.500,19.500,1.823529,0
2019,09,AYACUCHO,LUCANAS,0.000,16.000,0.000000,1
2019,09,AYACUCHO,PARINACOCHAS,0.000,2.000,0.000000,1
2019,09,AYACUCHO,PAUCAR DEL SARA SARA,0.000,9.000,0.000000,1
2019,09,AYACUCHO,SUCRE,0.000,5.000,0.000000,1
2019,09,AYACUCHO,VILCAS HUAMAN,0.000,8.670,0.000000,1
2019,09,CAJAMARCA,CAJABAMBA,4.100,15.900,1.390244,0
2019,09,CAJAMARCA,CHOTA,0.000,32.250,0.000000,1
2019,09,CAJAMARCA,JAEN,2.749,16.000,1.496981,0
2019,09,CAJAMARCA,SAN IGNACIO,1.850,10.000,1.500000,0
2019,09,CAJAMARCA,SAN MARCOS,1.620,9.000,1.200000,0
2019,09,CAJAMARCA,SAN MIGUEL,14.000,30.000,0.342857,0
2019,09,CAJAMARCA,SANTA CRUZ,0.000,4.500,0.000000,1
2019,09,CUSCO,LA CONVENCION,88.250,288.000,1.339377,0
2019,09,HUANCAVELICA,ACOBAMBA,0.000,4.000,0.000000,1
2019,09,HUANCAVELICA,ANGARAES,0.000,3.000,0.000000,1
2019,09,HUANCAVELICA,CASTROVIRREYNA,0.000,1.000,0.000000,1
2019,09,HUANCAVELICA,CHURCAMPA,0.000,6.000,0.000000,1
2019,09,HUANCAVELICA,HUAYTARA,1.100,3.000,0.620000,0
2019,09,HUANCAVELICA,TAYACAJA,0.000,22.000,0.000000,1
2019,09,HUANUCO,HUACAYBAMBA,0.000,9.000,0.000000,1
2019,09,HUANUCO,HUAMALIES,9.800,22.000,1.400000,0
2019,09,HUANUCO,HUANUCO,6.800,11.250,1.013235,0
2019,09,HUANUCO,LEONCIO PRADO,39.200,103.000,1.081122,0
2019,09,HUANUCO,MARAÑON,0.000,7.000,0.000000,1
2019,09,HUANUCO,PUERTO INCA,2.000,4.000,1.990000,0
2019,09,ICA,CHINCHA,0.000,4.000,0.000000,1
2019,09,ICA,ICA,0.454,20.720,1.477533,0
2019,09,ICA,NASCA,0.000,17.590,0.000000,1
2019,09,ICA,PALPA,7.520,3.109,1.166755,0
2019,09,ICA,PISCO,40.000,35.400,1.200000,0
2019,09,JUNIN,CHANCHAMAYO,39.950,105.000,0.603191,0
2019,09,JUNIN,HUANCAYO,4.400,25.000,0.700000,0
2019,09,JUNIN,SATIPO,97.100,223.000,0.803553,0
2019,09,LA LIBERTAD,ASCOPE,0.000,4.000,0.000000,1
2019,09,LA LIBERTAD,BOLIVAR,8.190,15.500,0.834139,0
2019,09,LA LIBERTAD,CHEPEN,0.000,15.000,0.000000,1
2019,09,LA LIBERTAD,GRAN CHIMU,0.000,2.500,0.000000,1
2019,09,LA LIBERTAD,OTUZCO,0.000,2.000,0.000000,1
2019,09,LA LIBERTAD,PATAZ,0.620,11.250,0.870000,0
2019,09,LA LIBERTAD,SANCHEZ CARRION,0.700,11.500,0.820000,0
2019,09,LA LIBERTAD,VIRU,0.540,98.500,0.850000,0
2019,09,LAMBAYEQUE,CHICLAYO,0.000,8.000,0.000000,1
2019,09,LAMBAYEQUE,FERREÑAFE,0.000,19.000,0.000000,1
2019,09,LAMBAYEQUE,LAMBAYEQUE,5472.000,2257.000,0.653591,0
2019,09,LIMA,CAÑETE,0.000,3.000,0.000000,1
2019,09,LIMA,HUAURA,0.000,21.000,0.000000,1
2019,09,LIMA,LIMA,0.000,2.000,0.000000,1
2019,09,LORETO,ALTO AMAZONAS,247.000,481.000,0.928866,0
2019,09,LORETO,DATEM DEL MARAÑON,17.000,50.000,0.913529,0
2019,09,LORETO,LORETO,38.000,92.000,0.933421,0
2019,09,LORETO,MARISCAL RAMON CASTILLA,32.000,69.000,0.926562,0
2019,09,LORETO,MAYNAS,424.000,932.000,0.942901,0
2019,09,LORETO,PUTUMAYO,15.000,26.000,0.930000,0
2019,09,LORETO,REQUENA,22.000,63.000,0.915455,0
2019,09,LORETO,UCAYALI,84.000,183.000,0.945238,0
2019,09,MADRE DE DIOS,MANU,9.100,29.000,1.540659,0
2019,09,MADRE DE DIOS,TAHUAMANU,9.200,31.500,1.558696,0
2019,09,MADRE DE DIOS,TAMBOPATA,16.900,92.500,1.523077,0
2019,09,MOQUEGUA,GENERAL SANCHEZ CERRO,0.000,6.000,0.000000,1
2019,09,MOQUEGUA,MARISCAL NIETO,6.635,6.000,2.500000,0
2019,09,PASCO,OXAPAMPA,0.000,10.000,0.000000,1
2019,09,PIURA,AYABACA,2.000,86.000,0.500000,0
2019,09,PIURA,HUANCABAMBA,8.000,38.000,0.800000,0
2019,09,PIURA,MORROPON,155.000,1454.000,1.551613,0
2019,09,PIURA,PAITA,5.000,4.000,0.800000,0
2019,09,PIURA,PIURA,3055.000,11584.000,1.267267,0
2019,09,PIURA,SECHURA,4.000,6.000,1.200000,0
2019,09,PIURA,SULLANA,3498.000,4287.000,0.800000,0
2019,09,PUNO,CARABAYA,0.000,1.000,0.000000,1
2019,09,PUNO,SANDIA,0.000,5.000,0.000000,1
2019,09,SAN MARTIN,BELLAVISTA,3.250,30.400,1.476923,0
2019,09,SAN MARTIN,EL DORADO,7.000,14.000,0.471429,0
2019,09,SAN MARTIN,HUALLAGA,9.000,45.500,1.332222,0
2019,09,SAN MARTIN,LAMAS,20.500,84.000,1.032927,0
2019,09,SAN MARTIN,MARISCAL CACERES,22.000,28.000,1.304091,0
2019,09,SAN MARTIN,MOYOBAMBA,3.600,83.000,0.986111,0
2019,09,SAN MARTIN,PICOTA,42.000,82.500,2.140476,0
2019,09,SAN MARTIN,RIOJA,14.000,18.000,0.535714,0
2019,09,SAN MARTIN,SAN MARTIN,29.800,80.000,0.675839,0
2019,09,SAN MARTIN,TOCACHE,16.000,33.000,0.618750,0
2019,09,TUMBES,CONTRALMIRANTE VILLAR,82.080,71.150,1.500000,0
2019,09,TUMBES,TUMBES,377.908,590.400,1.491133,0
2019,09,TUMBES,ZARUMILLA,1050.334,1981.569,2.949640,0
2019,09,UCAYALI,ATALAYA,86.050,187.000,0.612585,0
2019,09,UCAYALI,CORONEL PORTILLO,214.279,1437.640,0.594118,0
2019,09,UCAYALI,PADRE ABAD,162.840,475.000,0.623483,0
2019,09,UCAYALI,PURUS,26.740,30.000,0.620000,0
2019,10,AMAZONAS,BAGUA,11.300,22.000,2.325664,0
2019,10,AMAZONAS,CHACHAPOYAS,22.920,43.000,1.399058,0
2019,10,AMAZONAS,LUYA,18.500,30.000,1.581081,0
2019,10,AMAZONAS,UTCUBAMBA,305.000,578.000,1.842295,0
2019,10,ANCASH,CASMA,30.000,53.000,2.083333,0
2019,10,ANCASH,HUARMEY,3.000,4.000,1.750000,0
2019,10,ANCASH,HUAYLAS,13.000,12.000,1.710000,0
2019,10,ANCASH,SANTA,7.000,5.000,1.900000,0
2019,10,APURIMAC,ABANCAY,2.000,29.500,1.000000,0
2019,10,APURIMAC,ANDAHUAYLAS,0.000,23.500,0.000000,1
2019,10,APURIMAC,AYMARAES,1.300,5.000,0.661538,0
2019,10,APURIMAC,CHINCHEROS,0.000,21.500,0.000000,1
2019,10,APURIMAC,GRAU,0.000,2.000,0.000000,1
2019,10,AREQUIPA,CARAVELI,0.000,3.000,0.000000,1
2019,10,AREQUIPA,LA UNION,0.000,10.000,0.000000,1
2019,10,AYACUCHO,HUAMANGA,2.140,2.860,1.460000,0
2019,10,AYACUCHO,HUANTA,0.000,13.670,0.000000,1
2019,10,AYACUCHO,LA MAR,0.000,19.500,0.000000,1
2019,10,AYACUCHO,LUCANAS,0.000,16.000,0.000000,1
2019,10,AYACUCHO,PARINACOCHAS,0.000,2.000,0.000000,1
2019,10,AYACUCHO,PAUCAR DEL SARA SARA,0.000,9.000,0.000000,1
2019,10,AYACUCHO,SUCRE,0.000,5.000,0.000000,1
2019,10,AYACUCHO,VILCAS HUAMAN,0.000,8.670,0.000000,1
2019,10,CAJAMARCA,CAJABAMBA,4.900,15.900,1.400000,0
2019,10,CAJAMARCA,CHOTA,0.000,32.250,0.000000,1
2019,10,CAJAMARCA,JAEN,7.590,16.000,1.384980,0
2019,10,CAJAMARCA,SAN IGNACIO,2.200,10.000,2.000000,0
2019,10,CAJAMARCA,SAN MARCOS,4.100,9.000,0.878049,0
2019,10,CAJAMARCA,SAN MIGUEL,5.000,30.000,0.200000,0
2019,10,CAJAMARCA,SANTA CRUZ,0.000,4.500,0.000000,1
2019,10,CUSCO,LA CONVENCION,81.250,288.000,1.100000,0
2019,10,HUANCAVELICA,ACOBAMBA,0.000,4.000,0.000000,1
2019,10,HUANCAVELICA,ANGARAES,0.000,3.000,0.000000,1
2019,10,HUANCAVELICA,CASTROVIRREYNA,0.000,1.000,0.000000,1
2019,10,HUANCAVELICA,CHURCAMPA,0.000,6.000,0.000000,1
2019,10,HUANCAVELICA,HUAYTARA,1.500,3.000,0.620000,0
2019,10,HUANCAVELICA,TAYACAJA,0.000,22.000,0.000000,1
2019,10,HUANUCO,HUACAYBAMBA,0.000,9.000,0.000000,1
2019,10,HUANUCO,HUAMALIES,8.000,22.000,1.500000,0
2019,10,HUANUCO,HUANUCO,4.000,11.250,0.753750,0
2019,10,HUANUCO,LEONCIO PRADO,25.000,103.000,1.084800,0
2019,10,HUANUCO,MARAÑON,0.000,7.000,0.000000,1
2019,10,HUANUCO,PUERTO INCA,5.000,4.000,1.544000,0
2019,10,ICA,CHINCHA,0.000,4.000,0.000000,1
2019,10,ICA,ICA,0.000,20.720,0.000000,1
2019,10,ICA,NASCA,0.000,17.590,0.000000,1
2019,10,ICA,PALPA,0.000,3.109,0.000000,1
2019,10,ICA,PISCO,37.000,35.400,1.000000,0
2019,10,JUNIN,CHANCHAMAYO,33.750,101.000,0.715407,0
2019,10,JUNIN,HUANCAYO,4.950,25.000,0.650000,0
2019,10,JUNIN,SATIPO,91.200,229.000,0.798410,0
2019,10,LA LIBERTAD,ASCOPE,0.000,4.000,0.000000,1
2019,10,LA LIBERTAD,BOLIVAR,5.880,15.500,0.814388,0
2019,10,LA LIBERTAD,CHEPEN,0.000,16.000,0.000000,1
2019,10,LA LIBERTAD,GRAN CHIMU,0.000,2.500,0.000000,1
2019,10,LA LIBERTAD,OTUZCO,0.000,2.000,0.000000,1
2019,10,LA LIBERTAD,PATAZ,0.000,11.250,0.000000,1
2019,10,LA LIBERTAD,SANCHEZ CARRION,0.900,11.500,0.800000,0
2019,10,LA LIBERTAD,VIRU,0.410,98.500,0.850000,0
2019,10,LAMBAYEQUE,CHICLAYO,0.000,8.000,0.000000,1
2019,10,LAMBAYEQUE,FERREÑAFE,0.000,19.000,0.000000,1
2019,10,LAMBAYEQUE,LAMBAYEQUE,6244.000,2257.000,0.684606,0
2019,10,LIMA,CAÑETE,0.000,3.000,0.000000,1
2019,10,LIMA,HUAURA,0.000,21.000,0.000000,1
2019,10,LIMA,LIMA,0.000,2.000,0.000000,1
2019,10,LORETO,ALTO AMAZONAS,2.000,481.000,0.950000,0
2019,10,LORETO,DATEM DEL MARAÑON,0.000,50.000,0.000000,1
2019,10,LORETO,LORETO,38.000,92.000,0.956842,0
2019,10,LORETO,MARISCAL RAMON CASTILLA,0.000,69.000,0.000000,1
2019,10,LORETO,MAYNAS,378.000,932.000,0.946799,0
2019,10,LORETO,PUTUMAYO,5.000,26.000,0.950000,0
2019,10,LORETO,REQUENA,16.000,63.000,0.938750,0
2019,10,LORETO,UCAYALI,69.000,183.000,0.970000,0
2019,10,MADRE DE DIOS,MANU,11.000,29.000,1.825455,0
2019,10,MADRE DE DIOS,TAHUAMANU,7.400,31.500,2.000000,0
2019,10,MADRE DE DIOS,TAMBOPATA,18.900,92.500,1.648148,0
2019,10,MOQUEGUA,GENERAL SANCHEZ CERRO,0.000,6.000,0.000000,1
2019,10,MOQUEGUA,MARISCAL NIETO,0.000,6.000,0.000000,1
2019,10,PASCO,OXAPAMPA,0.000,10.000,0.000000,1
2019,10,PIURA,AYABACA,6.000,86.000,0.450000,0
2019,10,PIURA,HUANCABAMBA,10.000,38.000,0.800000,0
2019,10,PIURA,MORROPON,175.000,1454.000,1.422857,0
2019,10,PIURA,PAITA,3.000,4.000,0.700000,0
2019,10,PIURA,PIURA,3813.000,11584.000,0.753842,0
2019,10,PIURA,SECHURA,3.000,6.000,1.000000,0
2019,10,PIURA,SULLANA,2989.000,4287.000,0.699866,0
2019,10,PUNO,CARABAYA,0.000,1.000,0.000000,1
2019,10,PUNO,SANDIA,0.000,5.000,0.000000,1
2019,10,SAN MARTIN,BELLAVISTA,2.400,30.400,1.604167,0
2019,10,SAN MARTIN,EL DORADO,5.000,14.000,0.460000,0
2019,10,SAN MARTIN,HUALLAGA,37.000,45.500,1.439189,0
2019,10,SAN MARTIN,LAMAS,23.500,84.000,1.002128,0
2019,10,SAN MARTIN,MARISCAL CACERES,22.000,28.000,1.278864,0
2019,10,SAN MARTIN,MOYOBAMBA,6.800,83.000,0.955882,0
2019,10,SAN MARTIN,PICOTA,39.000,82.500,2.051282,0
2019,10,SAN MARTIN,RIOJA,14.000,18.000,0.542857,0
2019,10,SAN MARTIN,SAN MARTIN,30.300,86.000,0.663366,0
2019,10,SAN MARTIN,TOCACHE,15.000,33.000,0.593333,0
2019,10,TUMBES,CONTRALMIRANTE VILLAR,102.200,71.400,1.250000,0
2019,10,TUMBES,TUMBES,471.626,603.900,1.501385,0
2019,10,TUMBES,ZARUMILLA,1512.633,1994.570,1.750000,0
2019,10,UCAYALI,ATALAYA,130.360,187.000,0.633361,0
2019,10,UCAYALI,CORONEL PORTILLO,422.000,1447.640,0.615615,0
2019,10,UCAYALI,PADRE ABAD,297.730,477.000,0.644162,0
2019,10,UCAYALI,PURUS,25.900,30.000,0.640000,0
2019,11,AMAZONAS,BAGUA,11.400,22.000,2.342105,0
2019,11,AMAZONAS,CHACHAPOYAS,21.820,43.000,1.681943,0
2019,11,AMAZONAS,LUYA,18.400,30.000,1.573913,0
2019,11,AMAZONAS,UTCUBAMBA,340.000,578.000,2.000000,0
2019,11,ANCASH,CASMA,34.000,53.000,2.000000,0
2019,11,ANCASH,HUARMEY,4.000,4.000,1.700000,0
2019,11,ANCASH,HUAYLAS,15.000,12.000,1.720000,0
2019,11,ANCASH,SANTA,8.000,5.000,1.850000,0
2019,11,APURIMAC,ABANCAY,1.000,29.500,1.100000,0
2019,11,APURIMAC,ANDAHUAYLAS,0.000,23.500,0.000000,1
2019,11,APURIMAC,AYMARAES,1.600,5.000,0.731250,0
2019,11,APURIMAC,CHINCHEROS,0.000,26.500,0.000000,1
2019,11,APURIMAC,GRAU,0.000,2.000,0.000000,1
2019,11,AREQUIPA,CARAVELI,0.000,3.000,0.000000,1
2019,11,AREQUIPA,LA UNION,0.000,10.000,0.000000,1
2019,11,AYACUCHO,HUAMANGA,2.330,3.330,1.200000,0
2019,11,AYACUCHO,HUANTA,0.000,13.670,0.000000,1
2019,11,AYACUCHO,LA MAR,0.000,19.500,0.000000,1
2019,11,AYACUCHO,LUCANAS,0.000,16.000,0.000000,1
2019,11,AYACUCHO,PARINACOCHAS,0.000,2.000,0.000000,1
2019,11,AYACUCHO,PAUCAR DEL SARA SARA,0.000,9.000,0.000000,1
2019,11,AYACUCHO,SUCRE,0.000,5.000,0.000000,1
2019,11,AYACUCHO,VILCAS HUAMAN,0.000,8.670,0.000000,1
2019,11,CAJAMARCA,CAJABAMBA,5.800,15.900,1.241379,0
2019,11,CAJAMARCA,CHOTA,0.000,32.250,0.000000,1
2019,11,CAJAMARCA,JAEN,9.930,16.000,1.386808,0
2019,11,CAJAMARCA,SAN IGNACIO,0.000,10.000,0.000000,1
2019,11,CAJAMARCA,SAN MARCOS,3.950,9.000,0.841772,0
2019,11,CAJAMARCA,SAN MIGUEL,21.000,30.000,0.200000,0
2019,11,CAJAMARCA,SANTA CRUZ,0.000,4.500,0.000000,1
2019,11,CUSCO,LA CONVENCION,89.200,288.000,1.348935,0
2019,11,HUANCAVELICA,ACOBAMBA,0.000,4.000,0.000000,1
2019,11,HUANCAVELICA,ANGARAES,0.000,3.000,0.000000,1
2019,11,HUANCAVELICA,CASTROVIRREYNA,0.000,2.000,0.000000,1
2019,11,HUANCAVELICA,CHURCAMPA,0.000,6.000,0.000000,1
2019,11,HUANCAVELICA,HUAYTARA,1.300,3.000,0.620000,0
2019,11,HUANCAVELICA,TAYACAJA,0.000,22.000,0.000000,1
2019,11,HUANUCO,HUACAYBAMBA,0.000,9.000,0.000000,1
2019,11,HUANUCO,HUAMALIES,7.300,22.000,1.600000,0
2019,11,HUANUCO,HUANUCO,1.500,11.250,1.000000,0
2019,11,HUANUCO,LEONCIO PRADO,10.700,103.000,1.094393,0
2019,11,HUANUCO,MARAÑON,0.000,7.000,0.000000,1
2019,11,HUANUCO,PUERTO INCA,5.000,4.000,1.976000,0
2019,11,ICA,CHINCHA,0.000,4.000,0.000000,1
2019,11,ICA,ICA,0.000,20.720,0.000000,1
2019,11,ICA,NASCA,0.000,17.590,0.000000,1
2019,11,ICA,PALPA,0.000,3.109,0.000000,1
2019,11,ICA,PISCO,0.000,35.400,0.000000,1
2019,11,JUNIN,CHANCHAMAYO,39.800,101.000,0.660804,0
2019,11,JUNIN,HUANCAYO,2.750,25.000,0.900000,0
2019,11,JUNIN,SATIPO,102.200,235.000,0.787231,0
2019,11,LA LIBERTAD,ASCOPE,0.000,4.000,0.000000,1
2019,11,LA LIBERTAD,BOLIVAR,5.600,15.500,0.840000,0
2019,11,LA LIBERTAD,CHEPEN,0.000,16.000,0.000000,1
2019,11,LA LIBERTAD,GRAN CHIMU,0.000,2.500,0.000000,1
2019,11,LA LIBERTAD,OTUZCO,0.000,2.000,0.000000,1
2019,11,LA LIBERTAD,PATAZ,0.000,11.250,0.000000,1
2019,11,LA LIBERTAD,SANCHEZ CARRION,0.560,11.500,0.840000,0
2019,11,LA LIBERTAD,VIRU,0.440,98.500,0.870000,0
2019,11,LAMBAYEQUE,CHICLAYO,0.000,8.000,0.000000,1
2019,11,LAMBAYEQUE,FERREÑAFE,0.000,19.000,0.000000,1
2019,11,LAMBAYEQUE,LAMBAYEQUE,6309.000,2289.000,0.960834,0
2019,11,LIMA,CAÑETE,0.000,3.000,0.000000,1
2019,11,LIMA,HUAURA,0.000,21.000,0.000000,1
2019,11,LIMA,LIMA,0.000,2.000,0.000000,1
2019,11,LORETO,ALTO AMAZONAS,60.000,481.000,0.942000,0
2019,11,LORETO,DATEM DEL MARAÑON,13.000,50.000,0.928462,0
2019,11,LORETO,LORETO,26.000,92.000,0.953077,0
2019,11,LORETO,MARISCAL RAMON CASTILLA,12.000,69.000,0.933333,0
2019,11,LORETO,MAYNAS,390.000,932.000,0.961077,0
2019,11,LORETO,PUTUMAYO,5.000,26.000,0.930000,0
2019,11,LORETO,REQUENA,19.000,63.000,0.936316,0
2019,11,LORETO,UCAYALI,43.000,183.000,0.966047,0
2019,11,MADRE DE DIOS,MANU,13.100,29.000,2.403817,0
2019,11,MADRE DE DIOS,TAHUAMANU,9.000,31.500,2.500000,0
2019,11,MADRE DE DIOS,TAMBOPATA,16.300,92.500,2.607362,0
2019,11,MOQUEGUA,GENERAL SANCHEZ CERRO,0.000,6.000,0.000000,1
2019,11,MOQUEGUA,MARISCAL NIETO,0.000,6.000,0.000000,1
2019,11,PASCO,OXAPAMPA,0.000,10.000,0.000000,1
2019,11,PIURA,AYABACA,6.000,86.000,0.833333,0
2019,11,PIURA,HUANCABAMBA,10.000,38.000,0.800000,0
2019,11,PIURA,MORROPON,367.000,1453.000,1.405450,0
2019,11,PIURA,PAITA,3.000,4.000,1.400000,0
2019,11,PIURA,PIURA,7196.000,11584.000,1.494261,0
2019,11,PIURA,SECHURA,0.000,6.000,0.000000,1
2019,11,PIURA,SULLANA,2413.000,4287.000,1.400000,0
2019,11,PUNO,CARABAYA,0.000,1.000,0.000000,1
2019,11,PUNO,SANDIA,0.000,5.000,0.000000,1
2019,11,SAN MARTIN,BELLAVISTA,8.500,30.400,0.754118,0
2019,11,SAN MARTIN,EL DORADO,5.000,14.000,0.460000,0
2019,11,SAN MARTIN,HUALLAGA,53.000,45.500,1.239623,0
2019,11,SAN MARTIN,LAMAS,21.000,84.000,0.776190,0
2019,11,SAN MARTIN,MARISCAL CACERES,18.500,28.000,1.297838,0
2019,11,SAN MARTIN,MOYOBAMBA,5.600,83.000,0.964286,0
2019,11,SAN MARTIN,PICOTA,52.000,82.500,1.850000,0
2019,11,SAN MARTIN,RIOJA,10.000,20.000,0.500000,0
2019,11,SAN MARTIN,SAN MARTIN,51.700,109.000,0.617988,0
2019,11,SAN MARTIN,TOCACHE,14.000,33.000,0.592857,0
2019,11,TUMBES,CONTRALMIRANTE VILLAR,95.030,72.400,1.750000,0
2019,11,TUMBES,TUMBES,738.948,619.200,2.160842,0
2019,11,TUMBES,ZARUMILLA,2408.605,2002.570,2.200000,0
2019,11,UCAYALI,ATALAYA,122.549,187.000,0.655411,0
2019,11,UCAYALI,CORONEL PORTILLO,384.740,1454.640,0.642767,0
2019,11,UCAYALI,PADRE ABAD,241.020,480.000,0.678667,0
2019,11,UCAYALI,PURUS,21.340,30.000,0.680000,0
2019,12,AMAZONAS,BAGUA,13.600,22.000,1.938235,0
2019,12,AMAZONAS,CHACHAPOYAS,22.930,43.000,1.451731,0
2019,12,AMAZONAS,LUYA,15.890,30.000,1.289113,0
2019,12,AMAZONAS,UTCUBAMBA,248.000,578.000,1.800000,0
2019,12,ANCASH,CASMA,38.000,64.000,1.994737,0
2019,12,ANCASH,HUARMEY,4.000,4.000,1.800000,0
2019,12,ANCASH,HUAYLAS,15.000,12.000,1.696667,0
2019,12,ANCASH,SANTA,8.000,5.000,1.700000,0
2019,12,APURIMAC,ABANCAY,1.000,29.500,1.000000,0
2019,12,APURIMAC,ANDAHUAYLAS,0.000,23.500,0.000000,1
2019,12,APURIMAC,AYMARAES,1.200,5.000,0.616667,0
2019,12,APURIMAC,CHINCHEROS,0.000,26.500,0.000000,1
2019,12,APURIMAC,GRAU,0.000,2.000,0.000000,1
2019,12,AREQUIPA,CARAVELI,0.000,3.000,0.000000,1
2019,12,AREQUIPA,LA UNION,0.000,10.000,0.000000,1
2019,12,AYACUCHO,HUAMANGA,2.830,3.170,1.220000,0
2019,12,AYACUCHO,HUANTA,0.000,13.670,0.000000,1
2019,12,AYACUCHO,LA MAR,0.000,19.500,0.000000,1
2019,12,AYACUCHO,LUCANAS,0.000,16.000,0.000000,1
2019,12,AYACUCHO,PARINACOCHAS,0.000,2.000,0.000000,1
2019,12,AYACUCHO,PAUCAR DEL SARA SARA,0.000,9.000,0.000000,1
2019,12,AYACUCHO,SUCRE,0.000,5.000,0.000000,1
2019,12,AYACUCHO,VILCAS HUAMAN,0.000,8.670,0.000000,1
2019,12,CAJAMARCA,CAJABAMBA,4.400,15.900,1.218182,0
2019,12,CAJAMARCA,CHOTA,0.000,32.250,0.000000,1
2019,12,CAJAMARCA,JAEN,12.550,16.000,1.432271,0
2019,12,CAJAMARCA,SAN IGNACIO,0.000,10.000,0.000000,1
2019,12,CAJAMARCA,SAN MARCOS,3.800,9.000,0.650921,0
2019,12,CAJAMARCA,SAN MIGUEL,0.000,30.000,0.000000,1
2019,12,CAJAMARCA,SANTA CRUZ,0.000,4.500,0.000000,1
2019,12,CUSCO,LA CONVENCION,90.500,288.000,1.152486,0
2019,12,HUANCAVELICA,ACOBAMBA,0.000,4.000,0.000000,1
2019,12,HUANCAVELICA,ANGARAES,0.000,3.000,0.000000,1
2019,12,HUANCAVELICA,CASTROVIRREYNA,0.000,2.000,0.000000,1
2019,12,HUANCAVELICA,CHURCAMPA,0.000,6.000,0.000000,1
2019,12,HUANCAVELICA,HUAYTARA,1.100,3.000,0.620000,0
2019,12,HUANCAVELICA,TAYACAJA,0.000,22.000,0.000000,1
2019,12,HUANUCO,HUACAYBAMBA,0.000,9.000,0.000000,1
2019,12,HUANUCO,HUAMALIES,7.500,22.000,1.700000,0
2019,12,HUANUCO,HUANUCO,0.500,11.250,1.300000,0
2019,12,HUANUCO,LEONCIO PRADO,7.500,103.000,1.233333,0
2019,12,HUANUCO,MARAÑON,0.000,7.000,0.000000,1
2019,12,HUANUCO,PUERTO INCA,5.000,4.000,2.330000,0
2019,12,ICA,CHINCHA,0.000,4.000,0.000000,1
2019,12,ICA,ICA,0.000,20.720,0.000000,1
2019,12,ICA,NASCA,0.000,17.590,0.000000,1
2019,12,ICA,PALPA,0.000,3.109,0.000000,1
2019,12,ICA,PISCO,46.500,35.400,1.200000,0
2019,12,JUNIN,CHANCHAMAYO,44.400,101.000,0.741216,0
2019,12,JUNIN,HUANCAYO,3.300,25.000,1.000000,0
2019,12,JUNIN,SATIPO,125.400,239.000,0.812281,0
2019,12,LA LIBERTAD,ASCOPE,0.000,4.000,0.000000,1
2019,12,LA LIBERTAD,BOLIVAR,3.400,15.500,0.858235,0
2019,12,LA LIBERTAD,CHEPEN,0.000,16.000,0.000000,1
2019,12,LA LIBERTAD,GRAN CHIMU,0.000,2.500,0.000000,1
2019,12,LA LIBERTAD,OTUZCO,0.000,2.000,0.000000,1
2019,12,LA LIBERTAD,PATAZ,0.000,11.250,0.000000,1
2019,12,LA LIBERTAD,SANCHEZ CARRION,0.000,11.500,0.000000,1
2019,12,LA LIBERTAD,VIRU,0.510,98.500,0.820000,0
2019,12,LAMBAYEQUE,CHICLAYO,0.000,8.000,0.000000,1
2019,12,LAMBAYEQUE,FERREÑAFE,0.000,19.000,0.000000,1
2019,12,LAMBAYEQUE,LAMBAYEQUE,3361.000,2265.000,0.532342,0
2019,12,LIMA,CAÑETE,0.000,3.000,0.000000,1
2019,12,LIMA,HUAURA,0.000,21.000,0.000000,1
2019,12,LIMA,LIMA,0.000,2.000,0.000000,1
2019,12,LORETO,ALTO AMAZONAS,103.000,481.000,0.935437,0
2019,12,LORETO,DATEM DEL MARAÑON,25.000,50.000,0.935600,0
2019,12,LORETO,LORETO,33.000,92.000,0.962727,0
2019,12,LORETO,MARISCAL RAMON CASTILLA,80.000,69.000,0.936250,0
2019,12,LORETO,MAYNAS,351.000,932.000,0.965043,0
2019,12,LORETO,PUTUMAYO,17.000,26.000,0.939412,0
2019,12,LORETO,REQUENA,22.000,63.000,0.945455,0
2019,12,LORETO,UCAYALI,77.000,183.000,0.966753,0
2019,12,MADRE DE DIOS,MANU,18.000,29.000,1.551667,0
2019,12,MADRE DE DIOS,TAHUAMANU,7.500,31.500,1.525333,0
2019,12,MADRE DE DIOS,TAMBOPATA,27.900,92.500,1.537634,0
2019,12,MOQUEGUA,GENERAL SANCHEZ CERRO,0.000,6.000,0.000000,1
2019,12,MOQUEGUA,MARISCAL NIETO,0.000,6.000,0.000000,1
2019,12,PASCO,OXAPAMPA,0.000,10.000,0.000000,1
2019,12,PIURA,AYABACA,6.000,86.000,0.633333,0
2019,12,PIURA,HUANCABAMBA,10.000,38.000,0.800000,0
2019,12,PIURA,MORROPON,1159.000,1453.000,1.452459,0
2019,12,PIURA,PAITA,4.000,4.000,0.900000,0
2019,12,PIURA,PIURA,8463.000,11584.000,0.635460,0
2019,12,PIURA,SECHURA,0.000,8.000,0.000000,1
2019,12,PIURA,SULLANA,2818.000,4287.000,0.900000,0
2019,12,PUNO,CARABAYA,0.000,1.000,0.000000,1
2019,12,PUNO,SANDIA,0.000,5.000,0.000000,1
2019,12,SAN MARTIN,BELLAVISTA,14.000,33.400,1.000000,0
2019,12,SAN MARTIN,EL DORADO,9.000,14.000,0.422222,0
2019,12,SAN MARTIN,HUALLAGA,75.000,45.500,0.939333,0
2019,12,SAN MARTIN,LAMAS,21.000,92.000,0.876190,0
2019,12,SAN MARTIN,MARISCAL CACERES,12.500,34.000,1.301200,0
2019,12,SAN MARTIN,MOYOBAMBA,9.000,83.000,0.988889,0
2019,12,SAN MARTIN,PICOTA,53.000,87.500,1.528302,0
2019,12,SAN MARTIN,RIOJA,18.000,20.000,0.516667,0
2019,12,SAN MARTIN,SAN MARTIN,40.100,109.000,0.685786,0
2019,12,SAN MARTIN,TOCACHE,9.000,33.000,0.655556,0
2019,12,TUMBES,CONTRALMIRANTE VILLAR,90.840,72.400,1.500000,0
2019,12,TUMBES,TUMBES,850.605,623.200,1.816203,0
2019,12,TUMBES,ZARUMILLA,2766.898,2010.570,1.380000,0
2019,12,UCAYALI,ATALAYA,146.000,187.000,0.656617,0
2019,12,UCAYALI,CORONEL PORTILLO,448.750,1460.640,0.635883,0
2019,12,UCAYALI,PADRE ABAD,254.649,484.000,0.664966,0
2019,12,UCAYALI,PURUS,17.000,30.000,0.700000,0
2020,01,AMAZONAS,BAGUA,20.300,22.000,1.317241,0
2020,01,AMAZONAS,CHACHAPOYAS,23.150,43.000,1.543110,0
2020,01,AMAZONAS,LUYA,51.500,30.000,1.740000,0
2020,01,AMAZONAS,UTCUBAMBA,431.000,578.000,0.999072,0
2020,01,ANCASH,CASMA,43.000,64.000,1.674419,0
2020,01,ANCASH,HUARMEY,5.000,4.000,1.500000,0
2020,01,ANCASH,HUAYLAS,17.000,12.000,1.617647,0
2020,01,ANCASH,SANTA,5.000,5.000,1.800000,0
2020,01,APURIMAC,ABANCAY,19.000,29.500,1.852632,0
2020,01,APURIMAC,ANDAHUAYLAS,6.410,23.500,1.500000,0
2020,01,APURIMAC,AYMARAES,1.500,5.000,0.833333,0
2020,01,APURIMAC,CHINCHEROS,6.000,38.500,1.500000,0
2020,01,APURIMAC,GRAU,2.000,2.000,1.100000,0
2020,01,AREQUIPA,CARAVELI,0.000,3.000,0.000000,1
2020,01,AREQUIPA,LA UNION,0.000,10.000,0.000000,1
2020,01,AYACUCHO,HUAMANGA,1.000,2.400,1.580000,0
2020,01,AYACUCHO,HUANTA,1.000,13.670,1.000000,0
2020,01,AYACUCHO,LA MAR,5.500,19.500,2.181818,0
2020,01,AYACUCHO,LUCANAS,0.000,16.000,0.000000,1
2020,01,AYACUCHO,PARINACOCHAS,0.000,2.000,0.000000,1
2020,01,AYACUCHO,PAUCAR DEL SARA SARA,0.000,9.000,0.000000,1
2020,01,AYACUCHO,SUCRE,0.000,5.000,0.000000,1
2020,01,AYACUCHO,VILCAS HUAMAN,0.000,8.670,0.000000,1
2020,01,CAJAMARCA,CAJABAMBA,5.800,15.900,1.100000,0
2020,01,CAJAMARCA,CHOTA,1.000,32.250,1.100000,0
2020,01,CAJAMARCA,JAEN,19.820,16.000,1.074773,0
2020,01,CAJAMARCA,SAN IGNACIO,0.000,10.000,0.000000,1
2020,01,CAJAMARCA,SAN MARCOS,1.650,9.000,0.700000,0
2020,01,CAJAMARCA,SAN MIGUEL,0.000,30.000,0.000000,1
2020,01,CAJAMARCA,SANTA CRUZ,0.000,4.500,0.000000,1
2020,01,CUSCO,LA CONVENCION,382.500,288.000,1.213595,0
2020,01,HUANCAVELICA,ACOBAMBA,0.000,4.000,0.000000,1
2020,01,HUANCAVELICA,ANGARAES,0.000,3.000,0.000000,1
2020,01,HUANCAVELICA,CASTROVIRREYNA,0.000,2.000,0.000000,1
2020,01,HUANCAVELICA,CHURCAMPA,0.000,6.000,0.000000,1
2020,01,HUANCAVELICA,HUAYTARA,0.000,3.000,0.000000,1
2020,01,HUANCAVELICA,TAYACAJA,0.000,22.000,0.000000,1
2020,01,HUANUCO,HUACAYBAMBA,9.000,9.000,2.250000,0
2020,01,HUANUCO,HUAMALIES,3.600,22.000,1.200000,0
2020,01,HUANUCO,HUANUCO,1.500,11.250,1.070000,0
2020,01,HUANUCO,LEONCIO PRADO,28.800,103.000,1.016319,0
2020,01,HUANUCO,MARAÑON,2.600,7.000,0.911538,0
2020,01,HUANUCO,PUERTO INCA,2.000,4.000,2.530000,0
2020,01,ICA,CHINCHA,0.000,4.000,0.000000,1
2020,01,ICA,ICA,0.000,20.720,0.000000,1
2020,01,ICA,NASCA,0.000,17.590,0.000000,1
2020,01,ICA,PALPA,0.000,3.109,0.000000,1
2020,01,ICA,PISCO,38.000,35.400,1.200000,0
2020,01,JUNIN,CHANCHAMAYO,47.100,98.000,0.749682,0
2020,01,JUNIN,HUANCAYO,7.700,25.000,0.800000,0
2020,01,JUNIN,SATIPO,134.650,239.000,0.825863,0
2020,01,LA LIBERTAD,ASCOPE,0.000,4.000,0.000000,1
2020,01,LA LIBERTAD,BOLIVAR,13.740,14.500,0.723290,0
2020,01,LA LIBERTAD,CHEPEN,13.750,16.000,1.500000,0
2020,01,LA LIBERTAD,GRAN CHIMU,0.620,2.500,0.800000,0
2020,01,LA LIBERTAD,OTUZCO,1.400,2.000,0.800000,0
2020,01,LA LIBERTAD,PATAZ,3.900,11.250,0.867436,0
2020,01,LA LIBERTAD,SANCHEZ CARRION,9.880,11.500,0.893117,0
2020,01,LA LIBERTAD,VIRU,0.970,98.500,0.900000,0
2020,01,LAMBAYEQUE,CHICLAYO,0.000,8.000,0.000000,1
2020,01,LAMBAYEQUE,FERREÑAFE,0.000,19.000,0.000000,1
2020,01,LAMBAYEQUE,LAMBAYEQUE,4749.000,2265.000,0.363279,0
2020,01,LIMA,CAÑETE,0.000,3.000,0.000000,1
2020,01,LIMA,HUAURA,6.000,21.000,2.000000,0
2020,01,LIMA,LIMA,0.000,2.000,0.000000,1
2020,01,LORETO,ALTO AMAZONAS,327.000,481.000,0.909633,0
2020,01,LORETO,DATEM DEL MARAÑON,32.000,50.000,0.930312,0
2020,01,LORETO,LORETO,64.000,92.000,0.942656,0
2020,01,LORETO,MARISCAL RAMON CASTILLA,33.000,69.000,0.908788,0
2020,01,LORETO,MAYNAS,524.000,932.000,0.956584,0
2020,01,LORETO,PUTUMAYO,8.000,26.000,0.925000,0
2020,01,LORETO,REQUENA,34.000,63.000,0.925000,0
2020,01,LORETO,UCAYALI,100.000,183.000,0.966500,0
2020,01,MADRE DE DIOS,MANU,12.600,29.000,1.491270,0
2020,01,MADRE DE DIOS,TAHUAMANU,9.100,31.500,1.500000,0
2020,01,MADRE DE DIOS,TAMBOPATA,33.400,92.500,1.666467,0
2020,01,MOQUEGUA,GENERAL SANCHEZ CERRO,0.000,6.000,0.000000,1
2020,01,MOQUEGUA,MARISCAL NIETO,0.000,6.000,0.000000,1
2020,01,PASCO,OXAPAMPA,0.000,10.000,0.000000,1
2020,01,PIURA,AYABACA,13.000,87.000,0.961538,0
2020,01,PIURA,HUANCABAMBA,10.000,38.000,0.800000,0
2020,01,PIURA,MORROPON,1300.000,1453.000,0.825269,0
2020,01,PIURA,PAITA,4.000,4.000,0.900000,0
2020,01,PIURA,PIURA,6827.000,11584.000,0.636092,0
2020,01,PIURA,SECHURA,0.000,8.000,0.000000,1
2020,01,PIURA,SULLANA,2900.000,4287.000,0.900000,0
2020,01,PUNO,CARABAYA,0.000,1.000,0.000000,1
2020,01,PUNO,SANDIA,0.000,5.000,0.000000,1
2020,01,SAN MARTIN,BELLAVISTA,15.850,33.400,1.246057,0
2020,01,SAN MARTIN,EL DORADO,10.000,14.000,0.480000,0
2020,01,SAN MARTIN,HUALLAGA,56.000,45.500,0.887500,0
2020,01,SAN MARTIN,LAMAS,42.000,97.000,0.971429,0
2020,01,SAN MARTIN,MARISCAL CACERES,44.500,34.000,1.328427,0
2020,01,SAN MARTIN,MOYOBAMBA,35.000,83.000,1.107143,0
2020,01,SAN MARTIN,PICOTA,66.000,87.500,1.227273,0
2020,01,SAN MARTIN,RIOJA,16.620,20.000,0.500000,0
2020,01,SAN MARTIN,SAN MARTIN,40.000,123.000,0.746250,0
2020,01,SAN MARTIN,TOCACHE,23.000,33.000,0.513043,0
2020,01,TUMBES,CONTRALMIRANTE VILLAR,106.780,72.400,1.000000,0
2020,01,TUMBES,TUMBES,904.642,623.200,1.003219,0
2020,01,TUMBES,ZARUMILLA,3917.927,2022.570,0.985980,0
2020,01,UCAYALI,ATALAYA,173.898,187.000,0.638405,0
2020,01,UCAYALI,CORONEL PORTILLO,519.930,1460.640,0.623221,0
2020,01,UCAYALI,PADRE ABAD,371.119,489.000,0.646177,0
2020,01,UCAYALI,PURUS,20.200,30.000,0.680000,0
2020,02,AMAZONAS,BAGUA,26.700,22.000,1.376030,0
2020,02,AMAZONAS,CHACHAPOYAS,23.380,43.000,2.178315,0
2020,02,AMAZONAS,LUYA,49.400,30.000,1.731781,0
2020,02,AMAZONAS,UTCUBAMBA,482.000,578.000,1.063071,0
2020,02,ANCASH,CASMA,43.000,64.000,1.672093,0
2020,02,ANCASH,HUARMEY,5.000,4.000,1.600000,0
2020,02,ANCASH,HUAYLAS,18.000,12.000,1.700000,0
2020,02,ANCASH,SANTA,6.000,5.000,1.700000,0
2020,02,APURIMAC,ABANCAY,7.000,29.500,0.857143,0
2020,02,APURIMAC,ANDAHUAYLAS,16.950,23.500,1.286136,0
2020,02,APURIMAC,AYMARAES,2.000,5.000,0.925000,0
2020,02,APURIMAC,CHINCHEROS,27.000,38.500,1.764815,0
2020,02,APURIMAC,GRAU,0.000,2.000,0.000000,1
2020,02,AREQUIPA,CARAVELI,0.000,3.000,0.000000,1
2020,02,AREQUIPA,LA UNION,0.000,10.000,0.000000,1
2020,02,AYACUCHO,HUAMANGA,1.330,2.670,1.470000,0
2020,02,AYACUCHO,HUANTA,2.000,13.670,1.000000,0
2020,02,AYACUCHO,LA MAR,6.500,19.500,1.615385,0
2020,02,AYACUCHO,LUCANAS,0.000,16.000,0.000000,1
2020,02,AYACUCHO,PARINACOCHAS,0.000,2.000,0.000000,1
2020,02,AYACUCHO,PAUCAR DEL SARA SARA,6.000,9.000,1.000000,0
2020,02,AYACUCHO,SUCRE,0.000,5.000,0.000000,1
2020,02,AYACUCHO,VILCAS HUAMAN,0.000,8.670,0.000000,1
2020,02,CAJAMARCA,CAJABAMBA,8.500,15.900,1.070588,0
2020,02,CAJAMARCA,CHOTA,6.000,32.250,1.100000,0
2020,02,CAJAMARCA,JAEN,16.090,16.000,1.066625,0
2020,02,CAJAMARCA,SAN IGNACIO,0.000,10.000,0.000000,1
2020,02,CAJAMARCA,SAN MARCOS,6.250,9.000,0.700000,0
2020,02,CAJAMARCA,SAN MIGUEL,0.000,30.000,0.000000,1
2020,02,CAJAMARCA,SANTA CRUZ,0.000,4.500,0.000000,1
2020,02,CUSCO,LA CONVENCION,357.900,288.000,1.175971,0
2020,02,HUANCAVELICA,ACOBAMBA,0.000,4.000,0.000000,1
2020,02,HUANCAVELICA,ANGARAES,0.000,3.000,0.000000,1
2020,02,HUANCAVELICA,CASTROVIRREYNA,0.000,2.000,0.000000,1
2020,02,HUANCAVELICA,CHURCAMPA,0.000,6.000,0.000000,1
2020,02,HUANCAVELICA,HUAYTARA,0.000,3.000,0.000000,1
2020,02,HUANCAVELICA,TAYACAJA,0.000,22.000,0.000000,1
2020,02,HUANUCO,HUACAYBAMBA,11.300,9.000,2.023894,0
2020,02,HUANUCO,HUAMALIES,8.800,22.000,1.000000,0
2020,02,HUANUCO,HUANUCO,2.500,11.250,1.000000,0
2020,02,HUANUCO,LEONCIO PRADO,57.400,103.000,0.785645,0
2020,02,HUANUCO,MARAÑON,4.800,7.000,0.800000,0
2020,02,HUANUCO,PUERTO INCA,2.000,4.000,2.860000,0
2020,02,ICA,CHINCHA,0.000,4.000,0.000000,1
2020,02,ICA,ICA,55.800,20.720,1.500000,0
2020,02,ICA,NASCA,0.000,17.590,0.000000,1
2020,02,ICA,PALPA,0.000,3.109,0.000000,1
2020,02,ICA,PISCO,0.000,35.400,0.000000,1
2020,02,JUNIN,CHANCHAMAYO,48.600,92.000,0.688272,0
2020,02,JUNIN,HUANCAYO,12.800,25.000,0.700000,0
2020,02,JUNIN,SATIPO,176.100,239.000,0.742334,0
2020,02,LA LIBERTAD,ASCOPE,0.000,4.000,0.000000,1
2020,02,LA LIBERTAD,BOLIVAR,15.150,14.500,0.783168,0
2020,02,LA LIBERTAD,CHEPEN,13.750,16.000,1.500000,0
2020,02,LA LIBERTAD,GRAN CHIMU,0.670,2.500,0.780000,0
2020,02,LA LIBERTAD,OTUZCO,0.970,2.000,0.900000,0
2020,02,LA LIBERTAD,PATAZ,10.060,11.250,0.900000,0
2020,02,LA LIBERTAD,SANCHEZ CARRION,7.668,11.500,0.900000,0
2020,02,LA LIBERTAD,VIRU,1.200,98.500,0.900000,0
2020,02,LAMBAYEQUE,CHICLAYO,0.000,8.000,0.000000,1
2020,02,LAMBAYEQUE,FERREÑAFE,12.000,19.000,0.200000,0
2020,02,LAMBAYEQUE,LAMBAYEQUE,4866.000,2261.000,0.248490,0
2020,02,LIMA,CAÑETE,0.000,3.000,0.000000,1
2020,02,LIMA,HUAURA,0.000,21.000,0.000000,1
2020,02,LIMA,LIMA,0.000,2.000,0.000000,1
2020,02,LORETO,ALTO AMAZONAS,288.000,481.000,0.909653,0
2020,02,LORETO,DATEM DEL MARAÑON,44.000,50.000,0.931591,0
2020,02,LORETO,LORETO,63.000,92.000,0.947460,0
2020,02,LORETO,MARISCAL RAMON CASTILLA,44.000,69.000,0.912955,0
2020,02,LORETO,MAYNAS,511.000,932.000,0.964853,0
2020,02,LORETO,PUTUMAYO,12.000,26.000,0.924167,0
2020,02,LORETO,REQUENA,40.000,63.000,0.936750,0
2020,02,LORETO,UCAYALI,117.000,183.000,0.972222,0
2020,02,MADRE DE DIOS,MANU,10.900,29.000,1.719266,0
2020,02,MADRE DE DIOS,TAHUAMANU,9.300,31.500,1.419355,0
2020,02,MADRE DE DIOS,TAMBOPATA,25.600,92.500,1.614453,0
2020,02,MOQUEGUA,GENERAL SANCHEZ CERRO,0.000,6.000,0.000000,1
2020,02,MOQUEGUA,MARISCAL NIETO,0.000,6.000,0.000000,1
2020,02,PASCO,OXAPAMPA,0.000,10.000,0.000000,1
2020,02,PIURA,AYABACA,17.000,87.000,0.429412,0
2020,02,PIURA,HUANCABAMBA,16.000,38.000,0.762500,0
2020,02,PIURA,MORROPON,1391.000,1453.000,0.587707,0
2020,02,PIURA,PAITA,6.000,4.000,0.500000,0
2020,02,PIURA,PIURA,6917.000,11584.000,0.602096,0
2020,02,PIURA,SECHURA,0.000,8.000,0.000000,1
2020,02,PIURA,SULLANA,4510.000,4287.000,0.500000,0
2020,02,PUNO,CARABAYA,0.000,1.000,0.000000,1
2020,02,PUNO,SANDIA,0.000,5.000,0.000000,1
2020,02,SAN MARTIN,BELLAVISTA,21.450,33.400,0.781352,0
2020,02,SAN MARTIN,EL DORADO,6.000,14.000,0.466667,0
2020,02,SAN MARTIN,HUALLAGA,32.000,45.500,0.987500,0
2020,02,SAN MARTIN,LAMAS,55.000,102.000,1.229091,0
2020,02,SAN MARTIN,MARISCAL CACERES,46.500,34.000,1.284301,0
2020,02,SAN MARTIN,MOYOBAMBA,40.000,83.000,0.963000,0
2020,02,SAN MARTIN,PICOTA,57.000,87.500,1.000000,0
2020,02,SAN MARTIN,RIOJA,25.000,20.000,0.500000,0
2020,02,SAN MARTIN,SAN MARTIN,58.500,136.000,0.784615,0
2020,02,SAN MARTIN,TOCACHE,38.000,33.000,0.521053,0
2020,02,TUMBES,CONTRALMIRANTE VILLAR,110.980,72.900,0.750000,0
2020,02,TUMBES,TUMBES,888.241,623.200,0.750836,0
2020,02,TUMBES,ZARUMILLA,5571.033,2035.570,0.771023,0
2020,02,UCAYALI,ATALAYA,210.230,188.000,0.621209,0
2020,02,UCAYALI,CORONEL PORTILLO,791.239,1464.640,0.615444,0
2020,02,UCAYALI,PADRE ABAD,438.080,492.000,0.608034,0
2020,02,UCAYALI,PURUS,27.640,30.000,0.650000,0
2020,03,AMAZONAS,BAGUA,29.500,22.000,1.401695,0
2020,03,AMAZONAS,CHACHAPOYAS,23.580,43.000,1.544792,0
2020,03,AMAZONAS,LUYA,24.950,30.000,1.686172,0
2020,03,AMAZONAS,UTCUBAMBA,577.000,578.000,1.162218,0
2020,03,ANCASH,CASMA,46.000,64.000,1.714783,0
2020,03,ANCASH,HUARMEY,4.000,4.000,1.600000,0
2020,03,ANCASH,HUAYLAS,17.000,12.000,1.776471,0
2020,03,ANCASH,SANTA,5.000,5.000,1.800000,0
2020,03,APURIMAC,ABANCAY,23.000,29.500,1.739130,0
2020,03,APURIMAC,ANDAHUAYLAS,22.200,23.500,1.497297,0
2020,03,APURIMAC,AYMARAES,1.600,5.000,0.793750,0
2020,03,APURIMAC,CHINCHEROS,21.500,38.500,1.965116,0
2020,03,APURIMAC,GRAU,1.000,2.000,1.100000,0
2020,03,AREQUIPA,CARAVELI,0.000,3.000,0.000000,1
2020,03,AREQUIPA,LA UNION,29.320,10.000,2.064802,0
2020,03,AYACUCHO,HUAMANGA,1.400,2.400,1.400000,0
2020,03,AYACUCHO,HUANTA,6.500,13.250,1.289231,0
2020,03,AYACUCHO,LA MAR,10.500,19.670,1.901905,0
2020,03,AYACUCHO,LUCANAS,1.000,16.000,1.880000,0
2020,03,AYACUCHO,PARINACOCHAS,0.000,2.000,0.000000,1
2020,03,AYACUCHO,PAUCAR DEL SARA SARA,3.000,9.000,2.500000,0
2020,03,AYACUCHO,SUCRE,11.000,5.000,1.000000,0
2020,03,AYACUCHO,VILCAS HUAMAN,5.000,8.670,1.530000,0
2020,03,CAJAMARCA,CAJABAMBA,5.100,15.900,8.000000,0
2020,03,CAJAMARCA,CHOTA,25.000,32.250,1.148000,0
2020,03,CAJAMARCA,JAEN,14.569,16.000,1.114277,0
2020,03,CAJAMARCA,SAN IGNACIO,2.780,10.000,1.500000,0
2020,03,CAJAMARCA,SAN MARCOS,0.000,9.000,0.000000,1
2020,03,CAJAMARCA,SAN MIGUEL,0.000,30.000,0.000000,1
2020,03,CAJAMARCA,SANTA CRUZ,4.000,4.500,1.200000,0
2020,03,CUSCO,LA CONVENCION,163.000,288.000,1.560736,0
2020,03,HUANCAVELICA,ACOBAMBA,1.800,4.000,0.600000,0
2020,03,HUANCAVELICA,ANGARAES,0.000,3.000,0.000000,1
2020,03,HUANCAVELICA,CASTROVIRREYNA,0.000,2.000,0.000000,1
2020,03,HUANCAVELICA,CHURCAMPA,2.400,6.000,1.000000,0
2020,03,HUANCAVELICA,HUAYTARA,0.000,3.000,0.000000,1
2020,03,HUANCAVELICA,TAYACAJA,0.000,22.000,0.000000,1
2020,03,HUANUCO,HUACAYBAMBA,20.000,9.000,2.145000,0
2020,03,HUANUCO,HUAMALIES,11.800,22.000,1.200000,0
2020,03,HUANUCO,HUANUCO,3.400,11.250,1.000000,0
2020,03,HUANUCO,LEONCIO PRADO,80.200,103.000,0.918204,0
2020,03,HUANUCO,MARAÑON,5.000,7.000,0.787000,0
2020,03,HUANUCO,PUERTO INCA,2.000,4.000,2.600000,0
2020,03,ICA,CHINCHA,0.000,4.000,0.000000,1
2020,03,ICA,ICA,248.800,20.720,1.496945,0
2020,03,ICA,NASCA,0.000,17.590,0.000000,1
2020,03,ICA,PALPA,0.000,3.109,0.000000,1
2020,03,ICA,PISCO,0.000,35.400,0.000000,1
2020,03,JUNIN,CHANCHAMAYO,48.600,88.000,0.876337,0
2020,03,JUNIN,HUANCAYO,9.600,25.000,1.000000,0
2020,03,JUNIN,SATIPO,267.900,239.000,0.768440,0
2020,03,LA LIBERTAD,ASCOPE,0.000,4.000,0.000000,1
2020,03,LA LIBERTAD,BOLIVAR,12.640,14.500,0.804747,0
2020,03,LA LIBERTAD,CHEPEN,13.750,16.000,1.000000,0
2020,03,LA LIBERTAD,GRAN CHIMU,5.900,2.500,0.890508,0
2020,03,LA LIBERTAD,OTUZCO,1.700,2.000,0.800000,0
2020,03,LA LIBERTAD,PATAZ,13.410,11.250,0.900000,0
2020,03,LA LIBERTAD,SANCHEZ CARRION,15.540,11.500,0.900000,0
2020,03,LA LIBERTAD,VIRU,0.980,98.500,0.900000,0
2020,03,LAMBAYEQUE,CHICLAYO,0.000,8.000,0.000000,1
2020,03,LAMBAYEQUE,FERREÑAFE,12.000,19.000,0.400000,0
2020,03,LAMBAYEQUE,LAMBAYEQUE,2127.000,2261.000,0.421457,0
2020,03,LIMA,CAÑETE,0.000,3.000,0.000000,1
2020,03,LIMA,HUAURA,0.000,21.000,0.000000,1
2020,03,LIMA,LIMA,0.000,2.000,0.000000,1
2020,03,LORETO,ALTO AMAZONAS,307.000,481.000,0.919544,0
2020,03,LORETO,DATEM DEL MARAÑON,47.000,50.000,0.942128,0
2020,03,LORETO,LORETO,78.000,92.000,0.946538,0
2020,03,LORETO,MARISCAL RAMON CASTILLA,44.000,69.000,0.912955,0
2020,03,LORETO,MAYNAS,511.000,932.000,0.968532,0
2020,03,LORETO,PUTUMAYO,11.000,26.000,0.920000,0
2020,03,LORETO,REQUENA,44.000,63.000,0.929773,0
2020,03,LORETO,UCAYALI,116.000,183.000,0.981121,0
2020,03,MADRE DE DIOS,MANU,12.900,29.000,1.731008,0
2020,03,MADRE DE DIOS,TAHUAMANU,17.200,31.500,1.955814,0
2020,03,MADRE DE DIOS,TAMBOPATA,34.100,92.500,1.944282,0
2020,03,MOQUEGUA,GENERAL SANCHEZ CERRO,15.820,8.000,2.199621,0
2020,03,MOQUEGUA,MARISCAL NIETO,13.153,6.000,2.125089,0
2020,03,PASCO,OXAPAMPA,0.000,10.000,0.000000,1
2020,03,PIURA,AYABACA,18.000,87.000,0.500000,0
2020,03,PIURA,HUANCABAMBA,10.000,38.000,0.730000,0
2020,03,PIURA,MORROPON,1393.000,1453.000,0.747021,0
2020,03,PIURA,PAITA,6.000,4.000,0.500000,0
2020,03,PIURA,PIURA,10933.000,11584.000,0.852758,0
2020,03,PIURA,SECHURA,0.000,8.000,0.000000,1
2020,03,PIURA,SULLANA,5627.000,4287.000,0.500000,0
2020,03,PUNO,CARABAYA,0.000,1.000,0.000000,1
2020,03,PUNO,SANDIA,0.000,5.000,0.000000,1
2020,03,SAN MARTIN,BELLAVISTA,22.000,33.400,1.354545,0
2020,03,SAN MARTIN,EL DORADO,19.000,14.000,0.605263,0
2020,03,SAN MARTIN,HUALLAGA,75.000,45.500,1.429333,0
2020,03,SAN MARTIN,LAMAS,73.000,102.000,1.343836,0
2020,03,SAN MARTIN,MARISCAL CACERES,34.500,34.000,1.287101,0
2020,03,SAN MARTIN,MOYOBAMBA,42.000,83.000,1.063333,0
2020,03,SAN MARTIN,PICOTA,151.000,87.500,1.811258,0
2020,03,SAN MARTIN,RIOJA,18.000,20.000,0.500000,0
2020,03,SAN MARTIN,SAN MARTIN,134.000,147.000,1.146269,0
2020,03,SAN MARTIN,TOCACHE,39.000,33.000,0.746154,0
2020,03,TUMBES,CONTRALMIRANTE VILLAR,115.760,73.400,0.750000,0
2020,03,TUMBES,TUMBES,821.014,623.200,0.800575,0
2020,03,TUMBES,ZARUMILLA,5406.175,2044.570,1.300000,0
2020,03,UCAYALI,ATALAYA,236.270,188.000,0.580413,0
2020,03,UCAYALI,CORONEL PORTILLO,989.739,1464.640,0.566017,0
2020,03,UCAYALI,PADRE ABAD,472.229,492.000,0.591879,0
2020,03,UCAYALI,PURUS,29.500,30.000,0.620000,0
2020,04,AMAZONAS,BAGUA,33.800,22.000,1.310947,0
2020,04,AMAZONAS,CHACHAPOYAS,23.630,43.000,1.565129,0
2020,04,AMAZONAS,LUYA,25.050,30.000,1.662675,0
2020,04,AMAZONAS,UTCUBAMBA,516.000,578.000,1.111240,0
2020,04,ANCASH,CASMA,50.000,64.000,1.895000,0
2020,04,ANCASH,HUARMEY,4.000,4.000,1.700000,0
2020,04,ANCASH,HUAYLAS,14.000,12.000,1.928571,0
2020,04,ANCASH,SANTA,6.000,5.000,2.000000,0
2020,04,APURIMAC,ABANCAY,5.000,29.500,1.000000,0
2020,04,APURIMAC,ANDAHUAYLAS,29.300,23.500,1.561433,0
2020,04,APURIMAC,AYMARAES,1.600,5.000,0.700000,0
2020,04,APURIMAC,CHINCHEROS,11.500,38.500,2.156522,0
2020,04,APURIMAC,GRAU,0.000,2.000,0.000000,1
2020,04,AREQUIPA,CARAVELI,0.000,3.000,0.000000,1
2020,04,AREQUIPA,LA UNION,0.000,10.000,0.000000,1
2020,04,AYACUCHO,HUAMANGA,0.600,2.000,0.720000,0
2020,04,AYACUCHO,HUANTA,16.000,13.670,1.150000,0
2020,04,AYACUCHO,LA MAR,11.000,19.500,1.463636,0
2020,04,AYACUCHO,LUCANAS,25.500,16.000,1.618039,0
2020,04,AYACUCHO,PARINACOCHAS,2.000,2.000,1.500000,0
2020,04,AYACUCHO,PAUCAR DEL SARA SARA,8.000,9.000,2.125000,0
2020,04,AYACUCHO,SUCRE,13.000,5.000,1.000000,0
2020,04,AYACUCHO,VILCAS HUAMAN,9.330,8.670,1.378403,0
2020,04,CAJAMARCA,CAJABAMBA,5.900,15.900,7.000000,0
2020,04,CAJAMARCA,CHOTA,27.000,32.250,1.137037,0
2020,04,CAJAMARCA,JAEN,11.409,16.000,1.113104,0
2020,04,CAJAMARCA,SAN IGNACIO,3.200,10.000,2.000000,0
2020,04,CAJAMARCA,SAN MARCOS,3.859,9.000,2.292692,0
2020,04,CAJAMARCA,SAN MIGUEL,11.000,30.000,0.050000,0
2020,04,CAJAMARCA,SANTA CRUZ,3.000,4.500,1.300000,0
2020,04,CUSCO,LA CONVENCION,55.500,288.000,1.200000,0
2020,04,HUANCAVELICA,ACOBAMBA,6.500,4.000,0.956923,0
2020,04,HUANCAVELICA,ANGARAES,3.000,3.000,1.050000,0
2020,04,HUANCAVELICA,CASTROVIRREYNA,0.000,2.000,0.000000,1
2020,04,HUANCAVELICA,CHURCAMPA,5.900,6.000,1.401695,0
2020,04,HUANCAVELICA,HUAYTARA,2.900,3.000,1.265517,0
2020,04,HUANCAVELICA,TAYACAJA,20.900,22.000,1.145933,0
2020,04,HUANUCO,HUACAYBAMBA,10.500,9.000,1.976190,0
2020,04,HUANUCO,HUAMALIES,17.100,22.000,1.000000,0
2020,04,HUANUCO,HUANUCO,6.800,11.250,1.007353,0
2020,04,HUANUCO,LEONCIO PRADO,101.900,103.000,0.847448,0
2020,04,HUANUCO,MARAÑON,9.000,7.000,0.833333,0
2020,04,HUANUCO,PUERTO INCA,2.000,4.000,2.600000,0
2020,04,ICA,CHINCHA,0.000,4.000,0.000000,1
2020,04,ICA,ICA,291.500,20.720,1.498799,0
2020,04,ICA,NASCA,0.000,17.590,0.000000,1
2020,04,ICA,PALPA,0.000,3.109,0.000000,1
2020,04,ICA,PISCO,53.000,35.400,2.500000,0
2020,04,JUNIN,CHANCHAMAYO,48.750,88.000,0.773846,0
2020,04,JUNIN,HUANCAYO,12.800,25.000,0.800000,0
2020,04,JUNIN,SATIPO,310.800,239.000,0.717503,0
2020,04,LA LIBERTAD,ASCOPE,0.000,4.000,0.000000,1
2020,04,LA LIBERTAD,BOLIVAR,9.510,14.500,0.900000,0
2020,04,LA LIBERTAD,CHEPEN,13.000,16.000,1.000000,0
2020,04,LA LIBERTAD,GRAN CHIMU,6.750,2.500,0.894444,0
2020,04,LA LIBERTAD,OTUZCO,0.000,2.000,0.000000,1
2020,04,LA LIBERTAD,PATAZ,8.900,11.250,0.900000,0
2020,04,LA LIBERTAD,SANCHEZ CARRION,10.700,11.500,0.900000,0
2020,04,LA LIBERTAD,VIRU,0.700,98.500,0.900000,0
2020,04,LAMBAYEQUE,CHICLAYO,0.000,8.000,0.000000,1
2020,04,LAMBAYEQUE,FERREÑAFE,48.000,19.000,0.350000,0
2020,04,LAMBAYEQUE,LAMBAYEQUE,2086.000,2261.000,0.458078,0
2020,04,LIMA,CAÑETE,0.000,3.000,0.000000,1
2020,04,LIMA,HUAURA,0.000,21.000,0.000000,1
2020,04,LIMA,LIMA,0.000,2.000,0.000000,1
2020,04,LORETO,ALTO AMAZONAS,298.000,481.000,0.920067,0
2020,04,LORETO,DATEM DEL MARAÑON,32.000,50.000,0.922813,0
2020,04,LORETO,LORETO,59.000,92.000,0.935424,0
2020,04,LORETO,MARISCAL RAMON CASTILLA,42.000,69.000,0.923095,0
2020,04,LORETO,MAYNAS,546.000,932.000,0.969304,0
2020,04,LORETO,PUTUMAYO,13.000,26.000,0.910000,0
2020,04,LORETO,REQUENA,41.000,63.000,0.929512,0
2020,04,LORETO,UCAYALI,103.000,183.000,0.952524,0
2020,04,MADRE DE DIOS,MANU,10.900,29.000,1.583486,0
2020,04,MADRE DE DIOS,TAHUAMANU,17.200,31.500,1.687209,0
2020,04,MADRE DE DIOS,TAMBOPATA,26.100,92.500,1.458621,0
2020,04,MOQUEGUA,GENERAL SANCHEZ CERRO,4.518,8.000,2.000000,0
2020,04,MOQUEGUA,MARISCAL NIETO,0.000,6.000,0.000000,1
2020,04,PASCO,OXAPAMPA,0.000,10.000,0.000000,1
2020,04,PIURA,AYABACA,17.000,87.000,0.500000,0
2020,04,PIURA,HUANCABAMBA,10.000,38.000,0.800000,0
2020,04,PIURA,MORROPON,1290.000,1453.000,0.972093,0
2020,04,PIURA,PAITA,6.000,4.000,0.500000,0
2020,04,PIURA,PIURA,10789.000,11584.000,0.627296,0
2020,04,PIURA,SECHURA,0.000,8.000,0.000000,1
2020,04,PIURA,SULLANA,6215.000,4287.000,0.500000,0
2020,04,PUNO,CARABAYA,0.000,1.000,0.000000,1
2020,04,PUNO,SANDIA,2.000,5.000,1.000000,0
2020,04,SAN MARTIN,BELLAVISTA,25.500,33.400,1.427451,0
2020,04,SAN MARTIN,EL DORADO,12.000,14.000,0.575000,0
2020,04,SAN MARTIN,HUALLAGA,59.000,45.500,1.627119,0
2020,04,SAN MARTIN,LAMAS,140.000,102.000,1.297143,0
2020,04,SAN MARTIN,MARISCAL CACERES,32.000,34.000,1.287500,0
2020,04,SAN MARTIN,MOYOBAMBA,44.000,83.000,1.250000,0
2020,04,SAN MARTIN,PICOTA,105.000,87.500,1.950476,0
2020,04,SAN MARTIN,RIOJA,4.500,20.000,0.500000,0
2020,04,SAN MARTIN,SAN MARTIN,220.500,148.000,1.228798,0
2020,04,SAN MARTIN,TOCACHE,53.000,33.000,0.686792,0
2020,04,TUMBES,CONTRALMIRANTE VILLAR,114.560,73.400,0.630000,0
2020,04,TUMBES,TUMBES,820.052,623.200,0.999154,0
2020,04,TUMBES,ZARUMILLA,4985.465,2054.569,1.167495,0
2020,04,UCAYALI,ATALAYA,192.040,195.000,0.618814,0
2020,04,UCAYALI,CORONEL PORTILLO,776.620,1466.640,0.586477,0
2020,04,UCAYALI,PADRE ABAD,319.610,500.000,0.610003,0
2020,04,UCAYALI,PURUS,33.600,30.000,0.620000,0
2020,05,AMAZONAS,BAGUA,18.000,22.000,1.608333,0
2020,05,AMAZONAS,CHACHAPOYAS,27.590,43.000,1.300000,0
2020,05,AMAZONAS,LUYA,25.220,30.000,1.724980,0
2020,05,AMAZONAS,UTCUBAMBA,502.000,578.000,1.066036,0
2020,05,ANCASH,CASMA,53.000,64.000,1.905660,0
2020,05,ANCASH,HUARMEY,5.000,4.000,1.800000,0
2020,05,ANCASH,HUAYLAS,14.000,12.000,2.000000,0
2020,05,ANCASH,SANTA,7.000,5.000,2.000000,0
2020,05,APURIMAC,ABANCAY,26.000,29.500,1.146154,0
2020,05,APURIMAC,ANDAHUAYLAS,0.000,23.500,0.000000,1
2020,05,APURIMAC,AYMARAES,2.100,5.000,0.914286,0
2020,05,APURIMAC,CHINCHEROS,0.000,38.500,0.000000,1
2020,05,APURIMAC,GRAU,1.000,2.000,1.100000,0
2020,05,AREQUIPA,CARAVELI,6.220,3.000,1.700000,0
2020,05,AREQUIPA,LA UNION,0.000,10.000,0.000000,1
2020,05,AYACUCHO,HUAMANGA,1.000,1.750,1.520000,0
2020,05,AYACUCHO,HUANTA,30.000,13.250,1.408333,0
2020,05,AYACUCHO,LA MAR,18.000,19.500,1.877778,0
2020,05,AYACUCHO,LUCANAS,22.500,16.000,1.606222,0
2020,05,AYACUCHO,PARINACOCHAS,3.000,2.000,1.666667,0
2020,05,AYACUCHO,PAUCAR DEL SARA SARA,9.000,9.000,2.500000,0
2020,05,AYACUCHO,SUCRE,9.000,5.000,1.166667,0
2020,05,AYACUCHO,VILCAS HUAMAN,10.170,8.670,1.452557,0
2020,05,CAJAMARCA,CAJABAMBA,6.900,15.900,12.347826,0
2020,05,CAJAMARCA,CHOTA,33.500,32.250,1.135821,0
2020,05,CAJAMARCA,JAEN,9.000,16.000,1.134444,0
2020,05,CAJAMARCA,SAN IGNACIO,3.200,10.000,2.200000,0
2020,05,CAJAMARCA,SAN MARCOS,3.850,9.000,1.200000,0
2020,05,CAJAMARCA,SAN MIGUEL,22.500,30.000,2.044444,0
2020,05,CAJAMARCA,SANTA CRUZ,10.000,4.500,1.100000,0
2020,05,CUSCO,LA CONVENCION,51.500,288.000,1.500000,0
2020,05,HUANCAVELICA,ACOBAMBA,8.200,4.000,1.028049,0
2020,05,HUANCAVELICA,ANGARAES,6.900,3.000,1.185507,0
2020,05,HUANCAVELICA,CASTROVIRREYNA,1.600,2.000,0.800000,0
2020,05,HUANCAVELICA,CHURCAMPA,8.400,6.000,1.371429,0
2020,05,HUANCAVELICA,HUAYTARA,4.700,3.000,1.706383,0
2020,05,HUANCAVELICA,TAYACAJA,33.800,22.000,1.136095,0
2020,05,HUANUCO,HUACAYBAMBA,6.000,9.000,1.396667,0
2020,05,HUANUCO,HUAMALIES,18.000,22.000,1.000000,0
2020,05,HUANUCO,HUANUCO,8.000,11.250,0.933750,0
2020,05,HUANUCO,LEONCIO PRADO,126.300,103.000,0.898242,0
2020,05,HUANUCO,MARAÑON,12.700,7.000,0.927559,0
2020,05,HUANUCO,PUERTO INCA,2.000,4.000,2.500000,0
2020,05,ICA,CHINCHA,0.000,4.000,0.000000,1
2020,05,ICA,ICA,70.050,20.720,1.263383,0
2020,05,ICA,NASCA,0.000,17.590,0.000000,1
2020,05,ICA,PALPA,0.000,3.109,0.000000,1
2020,05,ICA,PISCO,0.000,35.400,0.000000,1
2020,05,JUNIN,CHANCHAMAYO,58.100,88.000,0.712392,0
2020,05,JUNIN,HUANCAYO,16.000,25.000,0.750000,0
2020,05,JUNIN,SATIPO,330.800,239.000,0.690357,0
2020,05,LA LIBERTAD,ASCOPE,0.000,4.000,0.000000,1
2020,05,LA LIBERTAD,BOLIVAR,8.360,14.500,0.600000,0
2020,05,LA LIBERTAD,CHEPEN,13.500,16.000,0.500000,0
2020,05,LA LIBERTAD,GRAN CHIMU,3.300,2.500,0.700000,0
2020,05,LA LIBERTAD,OTUZCO,0.600,2.000,0.600000,0
2020,05,LA LIBERTAD,PATAZ,10.900,11.250,0.700000,0
2020,05,LA LIBERTAD,SANCHEZ CARRION,6.360,11.500,0.700000,0
2020,05,LA LIBERTAD,VIRU,0.700,98.500,0.600000,0
2020,05,LAMBAYEQUE,CHICLAYO,0.000,8.000,0.000000,1
2020,05,LAMBAYEQUE,FERREÑAFE,8.000,19.000,0.350000,0
2020,05,LAMBAYEQUE,LAMBAYEQUE,4124.000,2261.000,0.484069,0
2020,05,LIMA,CAÑETE,0.000,3.000,0.000000,1
2020,05,LIMA,HUAURA,0.000,21.000,0.000000,1
2020,05,LIMA,LIMA,0.000,2.000,0.000000,1
2020,05,LORETO,ALTO AMAZONAS,306.000,481.000,0.912941,0
2020,05,LORETO,DATEM DEL MARAÑON,30.000,50.000,0.924667,0
2020,05,LORETO,LORETO,59.000,92.000,0.920508,0
2020,05,LORETO,MARISCAL RAMON CASTILLA,39.000,69.000,0.923590,0
2020,05,LORETO,MAYNAS,520.000,932.000,0.962019,0
2020,05,LORETO,PUTUMAYO,15.000,26.000,0.920000,0
2020,05,LORETO,REQUENA,43.000,63.000,0.916977,0
2020,05,LORETO,UCAYALI,89.000,183.000,0.944157,0
2020,05,MADRE DE DIOS,MANU,13.000,29.000,1.830000,0
2020,05,MADRE DE DIOS,TAHUAMANU,13.300,31.500,1.885714,0
2020,05,MADRE DE DIOS,TAMBOPATA,30.000,92.500,1.825333,0
2020,05,MOQUEGUA,GENERAL SANCHEZ CERRO,0.000,8.000,0.000000,1
2020,05,MOQUEGUA,MARISCAL NIETO,13.225,6.000,1.675331,0
2020,05,PASCO,OXAPAMPA,54.000,10.000,1.188889,0
2020,05,PIURA,AYABACA,10.000,87.000,0.580000,0
2020,05,PIURA,HUANCABAMBA,7.000,38.000,0.808571,0
2020,05,PIURA,MORROPON,1394.000,1453.000,0.607030,0
2020,05,PIURA,PAITA,8.000,4.000,0.500000,0
2020,05,PIURA,PIURA,10324.000,11584.000,0.615934,0
2020,05,PIURA,SECHURA,0.000,8.000,0.000000,1
2020,05,PIURA,SULLANA,8842.000,4287.000,0.300905,0
2020,05,PUNO,CARABAYA,2.000,1.000,0.700000,0
2020,05,PUNO,SANDIA,12.000,5.000,0.991667,0
2020,05,SAN MARTIN,BELLAVISTA,29.000,33.400,1.486207,0
2020,05,SAN MARTIN,EL DORADO,11.000,14.000,0.554545,0
2020,05,SAN MARTIN,HUALLAGA,37.000,45.500,1.727027,0
2020,05,SAN MARTIN,LAMAS,91.000,102.000,1.241758,0
2020,05,SAN MARTIN,MARISCAL CACERES,33.000,34.000,1.237879,0
2020,05,SAN MARTIN,MOYOBAMBA,42.000,83.000,1.219048,0
2020,05,SAN MARTIN,PICOTA,109.000,87.500,1.921101,0
2020,05,SAN MARTIN,RIOJA,6.400,20.000,1.000000,0
2020,05,SAN MARTIN,SAN MARTIN,157.000,149.000,1.162420,0
2020,05,SAN MARTIN,TOCACHE,93.000,33.000,0.756989,0
2020,05,TUMBES,CONTRALMIRANTE VILLAR,114.560,73.400,0.880000,0
2020,05,TUMBES,TUMBES,672.858,623.200,0.968537,0
2020,05,TUMBES,ZARUMILLA,4623.660,2063.570,1.080000,0
2020,05,UCAYALI,ATALAYA,187.040,204.000,0.612396,0
2020,05,UCAYALI,CORONEL PORTILLO,708.890,1480.640,0.602489,0
2020,05,UCAYALI,PADRE ABAD,422.010,509.000,0.611696,0
2020,05,UCAYALI,PURUS,31.900,30.500,0.620000,0
2020,06,AMAZONAS,BAGUA,20.800,22.500,1.581731,0
2020,06,AMAZONAS,CHACHAPOYAS,22.350,43.000,1.376957,0
2020,06,AMAZONAS,LUYA,25.170,30.000,1.782479,0
2020,06,AMAZONAS,UTCUBAMBA,514.000,578.000,1.003891,0
2020,06,ANCASH,CASMA,51.000,64.000,1.978431,0
2020,06,ANCASH,HUARMEY,5.000,4.000,2.000000,0
2020,06,ANCASH,HUAYLAS,16.000,12.000,2.000000,0
2020,06,ANCASH,SANTA,7.000,5.000,2.000000,0
2020,06,APURIMAC,ABANCAY,7.000,29.500,1.000000,0
2020,06,APURIMAC,ANDAHUAYLAS,0.000,23.500,0.000000,1
2020,06,APURIMAC,AYMARAES,2.200,5.000,0.700000,0
2020,06,APURIMAC,CHINCHEROS,0.000,38.500,0.000000,1
2020,06,APURIMAC,GRAU,0.000,2.000,0.000000,1
2020,06,AREQUIPA,CARAVELI,0.000,3.000,0.000000,1
2020,06,AREQUIPA,LA UNION,0.000,10.000,0.000000,1
2020,06,AYACUCHO,HUAMANGA,0.670,2.000,1.200000,0
2020,06,AYACUCHO,HUANTA,11.500,13.250,1.639130,0
2020,06,AYACUCHO,LA MAR,18.500,19.500,2.124324,0
2020,06,AYACUCHO,LUCANAS,27.500,16.000,1.690909,0
2020,06,AYACUCHO,PARINACOCHAS,4.000,2.000,1.000000,0
2020,06,AYACUCHO,PAUCAR DEL SARA SARA,15.000,9.000,2.630000,0
2020,06,AYACUCHO,SUCRE,0.000,5.000,0.000000,1
2020,06,AYACUCHO,VILCAS HUAMAN,8.830,8.670,1.542525,0
2020,06,CAJAMARCA,CAJABAMBA,6.600,15.900,8.000000,0
2020,06,CAJAMARCA,CHOTA,32.000,32.250,1.134375,0
2020,06,CAJAMARCA,JAEN,6.570,16.000,1.100000,0
2020,06,CAJAMARCA,SAN IGNACIO,7.600,10.000,1.389474,0
2020,06,CAJAMARCA,SAN MARCOS,1.650,9.000,1.500000,0
2020,06,CAJAMARCA,SAN MIGUEL,22.000,30.000,0.990909,0
2020,06,CAJAMARCA,SANTA CRUZ,6.000,4.500,1.100000,0
2020,06,CUSCO,LA CONVENCION,52.500,288.000,1.450000,0
2020,06,HUANCAVELICA,ACOBAMBA,6.000,4.000,0.995000,0
2020,06,HUANCAVELICA,ANGARAES,4.300,3.000,1.383721,0
2020,06,HUANCAVELICA,CASTROVIRREYNA,3.800,2.000,1.000000,0
2020,06,HUANCAVELICA,CHURCAMPA,7.900,6.000,1.070886,0
2020,06,HUANCAVELICA,HUAYTARA,2.400,3.000,1.541667,0
2020,06,HUANCAVELICA,TAYACAJA,23.000,22.000,1.017391,0
2020,06,HUANUCO,HUACAYBAMBA,0.000,9.000,0.000000,1
2020,06,HUANUCO,HUAMALIES,21.000,22.000,0.950000,0
2020,06,HUANUCO,HUANUCO,11.000,11.250,1.006818,0
2020,06,HUANUCO,LEONCIO PRADO,156.000,103.000,0.869167,0
2020,06,HUANUCO,MARAÑON,10.000,7.000,0.910000,0
2020,06,HUANUCO,PUERTO INCA,2.000,4.000,2.925000,0
2020,06,ICA,CHINCHA,0.000,4.000,0.000000,1
2020,06,ICA,ICA,52.550,20.720,1.088297,0
2020,06,ICA,NASCA,77.000,17.590,1.297403,0
2020,06,ICA,PALPA,0.000,3.109,0.000000,1
2020,06,ICA,PISCO,212.500,35.400,2.190588,0
2020,06,JUNIN,CHANCHAMAYO,58.150,87.000,0.730610,0
2020,06,JUNIN,HUANCAYO,12.800,25.000,0.700000,0
2020,06,JUNIN,SATIPO,321.600,239.000,0.676741,0
2020,06,LA LIBERTAD,ASCOPE,0.000,4.000,0.000000,1
2020,06,LA LIBERTAD,BOLIVAR,6.100,14.500,0.900000,0
2020,06,LA LIBERTAD,CHEPEN,13.600,16.000,0.600000,0
2020,06,LA LIBERTAD,GRAN CHIMU,0.560,2.500,0.900000,0
2020,06,LA LIBERTAD,OTUZCO,1.200,2.000,0.900000,0
2020,06,LA LIBERTAD,PATAZ,8.220,11.250,0.821533,0
2020,06,LA LIBERTAD,SANCHEZ CARRION,1.100,11.500,0.818182,0
2020,06,LA LIBERTAD,VIRU,0.700,98.500,0.900000,0
2020,06,LAMBAYEQUE,CHICLAYO,0.000,8.000,0.000000,1
2020,06,LAMBAYEQUE,FERREÑAFE,8.000,19.000,0.350000,0
2020,06,LAMBAYEQUE,LAMBAYEQUE,3027.000,2261.000,0.649868,0
2020,06,LIMA,CAÑETE,0.000,3.000,0.000000,1
2020,06,LIMA,HUAURA,3.800,21.000,1.300000,0
2020,06,LIMA,LIMA,0.000,2.000,0.000000,1
2020,06,LORETO,ALTO AMAZONAS,248.000,481.000,0.930887,0
2020,06,LORETO,DATEM DEL MARAÑON,33.000,50.000,0.920909,0
2020,06,LORETO,LORETO,38.000,92.000,0.927105,0
2020,06,LORETO,MARISCAL RAMON CASTILLA,47.000,69.000,0.924681,0
2020,06,LORETO,MAYNAS,501.000,932.000,0.951896,0
2020,06,LORETO,PUTUMAYO,16.000,26.000,0.920000,0
2020,06,LORETO,REQUENA,43.000,63.000,0.918837,0
2020,06,LORETO,UCAYALI,101.000,183.000,0.942079,0
2020,06,MADRE DE DIOS,MANU,13.500,29.000,1.898519,0
2020,06,MADRE DE DIOS,TAHUAMANU,9.200,31.500,1.921739,0
2020,06,MADRE DE DIOS,TAMBOPATA,34.600,92.500,2.000000,0
2020,06,MOQUEGUA,GENERAL SANCHEZ CERRO,0.000,8.000,0.000000,1
2020,06,MOQUEGUA,MARISCAL NIETO,0.000,6.000,0.000000,1
2020,06,PASCO,OXAPAMPA,40.000,10.000,1.750000,0
2020,06,PIURA,AYABACA,16.000,87.000,0.612500,0
2020,06,PIURA,HUANCABAMBA,10.000,38.000,0.780000,0
2020,06,PIURA,MORROPON,1319.000,1453.000,0.405307,0
2020,06,PIURA,PAITA,3.000,4.000,0.800000,0
2020,06,PIURA,PIURA,10364.000,11584.000,0.415795,0
2020,06,PIURA,SECHURA,0.000,8.000,0.000000,1
2020,06,PIURA,SULLANA,3519.000,4287.000,0.800000,0
2020,06,PUNO,CARABAYA,3.000,1.000,0.900000,0
2020,06,PUNO,SANDIA,18.000,5.000,1.083333,0
2020,06,SAN MARTIN,BELLAVISTA,29.000,33.400,1.148276,0
2020,06,SAN MARTIN,EL DORADO,18.000,14.000,0.488889,0
2020,06,SAN MARTIN,HUALLAGA,22.000,45.500,1.486364,0
2020,06,SAN MARTIN,LAMAS,63.000,103.000,1.254762,0
2020,06,SAN MARTIN,MARISCAL CACERES,20.000,34.000,1.255000,0
2020,06,SAN MARTIN,MOYOBAMBA,10.000,83.000,1.070000,0
2020,06,SAN MARTIN,PICOTA,95.000,87.500,1.264211,0
2020,06,SAN MARTIN,RIOJA,4.200,20.000,1.000000,0
2020,06,SAN MARTIN,SAN MARTIN,75.500,152.000,1.231788,0
2020,06,SAN MARTIN,TOCACHE,90.000,33.000,0.500000,0
2020,06,TUMBES,CONTRALMIRANTE VILLAR,112.500,73.400,1.250000,0
2020,06,TUMBES,TUMBES,279.024,630.200,1.640653,0
2020,06,TUMBES,ZARUMILLA,3604.200,2069.570,1.620000,0
2020,06,UCAYALI,ATALAYA,167.770,210.000,0.619708,0
2020,06,UCAYALI,CORONEL PORTILLO,578.880,1492.640,0.611931,0
2020,06,UCAYALI,PADRE ABAD,424.330,519.000,0.609250,0
2020,06,UCAYALI,PURUS,35.200,31.000,0.620000,0
2020,07,AMAZONAS,BAGUA,21.700,22.500,1.386636,0
2020,07,AMAZONAS,CHACHAPOYAS,22.930,43.000,1.678761,0
2020,07,AMAZONAS,LUYA,25.230,30.000,1.842529,0
2020,07,AMAZONAS,UTCUBAMBA,544.000,578.000,1.004596,0
2020,07,ANCASH,CASMA,47.000,64.000,2.076596,0
2020,07,ANCASH,HUARMEY,4.000,4.000,2.200000,0
2020,07,ANCASH,HUAYLAS,13.000,12.000,2.276923,0
2020,07,ANCASH,SANTA,6.000,5.000,2.000000,0
2020,07,APURIMAC,ABANCAY,24.000,29.500,1.075000,0
2020,07,APURIMAC,ANDAHUAYLAS,0.000,23.500,0.000000,1
2020,07,APURIMAC,AYMARAES,2.600,5.000,0.930769,0
2020,07,APURIMAC,CHINCHEROS,0.000,38.500,0.000000,1
2020,07,APURIMAC,GRAU,1.000,2.000,1.100000,0
2020,07,AREQUIPA,CARAVELI,9.500,3.000,1.000000,0
2020,07,AREQUIPA,LA UNION,0.000,10.000,0.000000,1
2020,07,AYACUCHO,HUAMANGA,1.250,2.000,1.350000,0
2020,07,AYACUCHO,HUANTA,3.330,13.670,2.258589,0
2020,07,AYACUCHO,LA MAR,11.000,19.500,1.161818,0
2020,07,AYACUCHO,LUCANAS,18.000,16.000,1.666667,0
2020,07,AYACUCHO,PARINACOCHAS,3.000,2.000,1.666667,0
2020,07,AYACUCHO,PAUCAR DEL SARA SARA,23.000,9.000,2.246957,0
2020,07,AYACUCHO,SUCRE,0.000,5.000,0.000000,1
2020,07,AYACUCHO,VILCAS HUAMAN,9.000,8.670,1.489111,0
2020,07,CAJAMARCA,CAJABAMBA,5.500,15.900,12.727273,0
2020,07,CAJAMARCA,CHOTA,19.000,32.250,1.163158,0
2020,07,CAJAMARCA,JAEN,4.738,16.000,1.100000,0
2020,07,CAJAMARCA,SAN IGNACIO,7.630,10.000,2.000000,0
2020,07,CAJAMARCA,SAN MARCOS,2.250,9.000,1.500000,0
2020,07,CAJAMARCA,SAN MIGUEL,24.000,30.000,1.615000,0
2020,07,CAJAMARCA,SANTA CRUZ,5.000,4.500,1.200000,0
2020,07,CUSCO,LA CONVENCION,51.500,288.000,1.600000,0
2020,07,HUANCAVELICA,ACOBAMBA,1.900,4.000,1.110526,0
2020,07,HUANCAVELICA,ANGARAES,1.600,3.000,1.387500,0
2020,07,HUANCAVELICA,CASTROVIRREYNA,1.000,2.000,1.000000,0
2020,07,HUANCAVELICA,CHURCAMPA,4.000,6.000,1.000000,0
2020,07,HUANCAVELICA,HUAYTARA,0.500,3.000,1.250000,0
2020,07,HUANCAVELICA,TAYACAJA,9.600,22.000,1.079167,0
2020,07,HUANUCO,HUACAYBAMBA,0.000,9.000,0.000000,1
2020,07,HUANUCO,HUAMALIES,13.200,22.000,1.000000,0
2020,07,HUANUCO,HUANUCO,12.000,11.250,1.180000,0
2020,07,HUANUCO,LEONCIO PRADO,92.300,103.000,0.879307,0
2020,07,HUANUCO,MARAÑON,5.500,7.000,0.815455,0
2020,07,HUANUCO,PUERTO INCA,1.000,4.000,2.920000,0
2020,07,ICA,CHINCHA,0.000,4.000,0.000000,1
2020,07,ICA,ICA,49.170,20.720,1.367582,0
2020,07,ICA,NASCA,207.000,17.590,1.478744,0
2020,07,ICA,PALPA,0.860,3.109,1.200000,0
2020,07,ICA,PISCO,15.000,35.400,1.500000,0
2020,07,JUNIN,CHANCHAMAYO,50.700,85.000,0.823866,0
2020,07,JUNIN,HUANCAYO,9.600,25.000,0.800000,0
2020,07,JUNIN,SATIPO,206.100,239.000,0.646482,0
2020,07,LA LIBERTAD,ASCOPE,0.000,4.000,0.000000,1
2020,07,LA LIBERTAD,BOLIVAR,6.400,14.500,1.095313,0
2020,07,LA LIBERTAD,CHEPEN,0.000,16.000,0.000000,1
2020,07,LA LIBERTAD,GRAN CHIMU,0.100,2.500,1.100000,0
2020,07,LA LIBERTAD,OTUZCO,2.600,2.000,1.200000,0
2020,07,LA LIBERTAD,PATAZ,4.200,11.250,1.200000,0
2020,07,LA LIBERTAD,SANCHEZ CARRION,0.900,11.500,1.200000,0
2020,07,LA LIBERTAD,VIRU,0.600,98.500,1.200000,0
2020,07,LAMBAYEQUE,CHICLAYO,0.000,8.000,0.000000,1
2020,07,LAMBAYEQUE,FERREÑAFE,0.000,19.000,0.000000,1
2020,07,LAMBAYEQUE,LAMBAYEQUE,1833.000,2261.000,1.331031,0
2020,07,LIMA,CAÑETE,0.000,3.000,0.000000,1
2020,07,LIMA,HUAURA,0.000,21.000,0.000000,1
2020,07,LIMA,LIMA,0.000,2.000,0.000000,1
2020,07,LORETO,ALTO AMAZONAS,245.000,481.000,0.913347,0
2020,07,LORETO,DATEM DEL MARAÑON,33.000,50.000,0.917879,0
2020,07,LORETO,LORETO,38.000,92.000,0.923684,0
2020,07,LORETO,MARISCAL RAMON CASTILLA,41.000,69.000,0.920000,0
2020,07,LORETO,MAYNAS,452.000,932.000,0.944712,0
2020,07,LORETO,PUTUMAYO,13.000,26.000,0.920000,0
2020,07,LORETO,REQUENA,35.000,63.000,0.914286,0
2020,07,LORETO,UCAYALI,96.000,183.000,0.937604,0
2020,07,MADRE DE DIOS,MANU,11.500,29.000,1.917391,0
2020,07,MADRE DE DIOS,TAHUAMANU,9.300,31.500,1.880645,0
2020,07,MADRE DE DIOS,TAMBOPATA,30.300,92.500,2.037624,0
2020,07,MOQUEGUA,GENERAL SANCHEZ CERRO,5.510,8.000,1.150000,0
2020,07,MOQUEGUA,MARISCAL NIETO,6.650,6.000,1.400000,0
2020,07,PASCO,OXAPAMPA,0.000,10.000,0.000000,1
2020,07,PIURA,AYABACA,0.000,87.000,0.000000,1
2020,07,PIURA,HUANCABAMBA,10.000,38.000,0.780000,0
2020,07,PIURA,MORROPON,1094.000,1453.000,1.085375,0
2020,07,PIURA,PAITA,3.000,4.000,0.800000,0
2020,07,PIURA,PIURA,3175.000,11584.000,0.840913,0
2020,07,PIURA,SECHURA,0.000,8.000,0.000000,1
2020,07,PIURA,SULLANA,3537.000,4287.000,0.800000,0
2020,07,PUNO,CARABAYA,4.000,1.000,0.800000,0
2020,07,PUNO,SANDIA,11.000,5.000,0.981818,0
2020,07,SAN MARTIN,BELLAVISTA,13.000,33.400,0.992308,0
2020,07,SAN MARTIN,EL DORADO,9.000,14.000,0.477778,0
2020,07,SAN MARTIN,HUALLAGA,14.000,45.500,1.585714,0
2020,07,SAN MARTIN,LAMAS,40.000,103.000,1.350000,0
2020,07,SAN MARTIN,MARISCAL CACERES,11.000,34.000,1.300000,0
2020,07,SAN MARTIN,MOYOBAMBA,18.000,83.000,1.050000,0
2020,07,SAN MARTIN,PICOTA,81.000,82.500,1.649383,0
2020,07,SAN MARTIN,RIOJA,19.200,20.000,1.000000,0
2020,07,SAN MARTIN,SAN MARTIN,92.000,155.000,1.369565,0
2020,07,SAN MARTIN,TOCACHE,25.000,33.000,0.664000,0
2020,07,TUMBES,CONTRALMIRANTE VILLAR,112.500,73.900,2.000000,0
2020,07,TUMBES,TUMBES,150.415,636.200,2.215663,0
2020,07,TUMBES,ZARUMILLA,1300.445,2074.570,2.733387,0
2020,07,UCAYALI,ATALAYA,141.840,211.000,0.607296,0
2020,07,UCAYALI,CORONEL PORTILLO,686.720,1498.640,0.591701,0
2020,07,UCAYALI,PADRE ABAD,352.690,524.000,0.612162,0
2020,07,UCAYALI,PURUS,32.700,31.000,0.620000,0
2020,08,AMAZONAS,BAGUA,13.600,22.500,2.129412,0
2020,08,AMAZONAS,CHACHAPOYAS,23.050,43.000,2.016443,0
2020,08,AMAZONAS,LUYA,21.310,30.000,1.905913,0
2020,08,AMAZONAS,UTCUBAMBA,333.000,578.000,1.493994,0
2020,08,ANCASH,CASMA,47.000,64.000,2.497872,0
2020,08,ANCASH,HUARMEY,4.000,4.000,2.500000,0
2020,08,ANCASH,HUAYLAS,11.000,12.000,2.500000,0
2020,08,ANCASH,SANTA,6.000,5.000,2.500000,0
2020,08,APURIMAC,ABANCAY,5.000,29.500,0.800000,0
2020,08,APURIMAC,ANDAHUAYLAS,0.000,23.500,0.000000,1
2020,08,APURIMAC,AYMARAES,1.500,5.000,0.900000,0
2020,08,APURIMAC,CHINCHEROS,0.000,38.500,0.000000,1
2020,08,APURIMAC,GRAU,0.000,2.000,0.000000,1
2020,08,AREQUIPA,CARAVELI,0.000,3.000,0.000000,1
2020,08,AREQUIPA,LA UNION,0.000,10.000,0.000000,1
2020,08,AYACUCHO,HUAMANGA,1.250,2.000,1.350000,0
2020,08,AYACUCHO,HUANTA,1.000,13.670,1.300000,0
2020,08,AYACUCHO,LA MAR,9.000,19.500,2.333333,0
2020,08,AYACUCHO,LUCANAS,0.000,16.000,0.000000,1
2020,08,AYACUCHO,PARINACOCHAS,0.000,2.000,0.000000,1
2020,08,AYACUCHO,PAUCAR DEL SARA SARA,0.000,9.000,0.000000,1
2020,08,AYACUCHO,SUCRE,0.000,5.000,0.000000,1
2020,08,AYACUCHO,VILCAS HUAMAN,2.000,8.670,1.500000,0
2020,08,CAJAMARCA,CAJABAMBA,4.700,15.900,12.340426,0
2020,08,CAJAMARCA,CHOTA,5.000,32.250,1.100000,0
2020,08,CAJAMARCA,JAEN,4.760,16.000,1.106723,0
2020,08,CAJAMARCA,SAN IGNACIO,5.570,10.000,2.631957,0
2020,08,CAJAMARCA,SAN MARCOS,1.750,9.000,1.500000,0
2020,08,CAJAMARCA,SAN MIGUEL,37.500,30.000,1.624000,0
2020,08,CAJAMARCA,SANTA CRUZ,0.000,4.500,0.000000,1
2020,08,CUSCO,LA CONVENCION,45.600,288.000,1.400000,0
2020,08,HUANCAVELICA,ACOBAMBA,0.000,4.000,0.000000,1
2020,08,HUANCAVELICA,ANGARAES,0.000,3.000,0.000000,1
2020,08,HUANCAVELICA,CASTROVIRREYNA,0.000,2.000,0.000000,1
2020,08,HUANCAVELICA,CHURCAMPA,1.000,6.000,1.000000,0
2020,08,HUANCAVELICA,HUAYTARA,0.000,3.000,0.000000,1
2020,08,HUANCAVELICA,TAYACAJA,1.200,22.000,1.200000,0
2020,08,HUANUCO,HUACAYBAMBA,0.000,9.000,0.000000,1
2020,08,HUANUCO,HUAMALIES,10.900,22.000,1.200000,0
2020,08,HUANUCO,HUANUCO,8.400,11.250,1.436786,0
2020,08,HUANUCO,LEONCIO PRADO,68.100,103.000,0.967900,0
2020,08,HUANUCO,MARAÑON,2.600,7.000,0.900000,0
2020,08,HUANUCO,PUERTO INCA,2.000,4.000,3.060000,0
2020,08,ICA,CHINCHA,0.000,4.000,0.000000,1
2020,08,ICA,ICA,27.800,20.720,1.434496,0
2020,08,ICA,NASCA,45.000,17.590,1.200000,0
2020,08,ICA,PALPA,0.000,3.109,0.000000,1
2020,08,ICA,PISCO,125.000,35.400,1.000000,0
2020,08,JUNIN,CHANCHAMAYO,27.500,85.000,0.827273,0
2020,08,JUNIN,HUANCAYO,12.800,25.000,1.100000,0
2020,08,JUNIN,SATIPO,121.100,239.000,0.688315,0
2020,08,LA LIBERTAD,ASCOPE,0.000,5.000,0.000000,1
2020,08,LA LIBERTAD,BOLIVAR,7.660,17.000,1.000000,0
2020,08,LA LIBERTAD,CHEPEN,13.600,17.000,1.200000,0
2020,08,LA LIBERTAD,GRAN CHIMU,0.000,2.500,0.000000,1
2020,08,LA LIBERTAD,OTUZCO,0.680,2.000,1.200000,0
2020,08,LA LIBERTAD,PATAZ,3.400,11.250,1.247059,0
2020,08,LA LIBERTAD,SANCHEZ CARRION,0.500,12.500,1.300000,0
2020,08,LA LIBERTAD,VIRU,0.430,113.500,1.300000,0
2020,08,LAMBAYEQUE,CHICLAYO,0.000,8.000,0.000000,1
2020,08,LAMBAYEQUE,FERREÑAFE,8.000,19.000,0.350000,0
2020,08,LAMBAYEQUE,LAMBAYEQUE,2048.000,2261.000,1.546118,0
2020,08,LIMA,CAÑETE,0.000,3.000,0.000000,1
2020,08,LIMA,HUAURA,0.000,21.000,0.000000,1
2020,08,LIMA,LIMA,0.000,2.000,0.000000,1
2020,08,LORETO,ALTO AMAZONAS,238.000,481.000,0.901849,0
2020,08,LORETO,DATEM DEL MARAÑON,25.000,50.000,0.914800,0
2020,08,LORETO,LORETO,42.000,92.000,0.935238,0
2020,08,LORETO,MARISCAL RAMON CASTILLA,35.000,69.000,0.916571,0
2020,08,LORETO,MAYNAS,430.000,932.000,0.943302,0
2020,08,LORETO,PUTUMAYO,14.000,26.000,0.929286,0
2020,08,LORETO,REQUENA,32.000,63.000,0.921563,0
2020,08,LORETO,UCAYALI,89.000,183.000,0.934719,0
2020,08,MADRE DE DIOS,MANU,11.500,29.000,1.683478,0
2020,08,MADRE DE DIOS,TAHUAMANU,9.300,31.500,1.602151,0
2020,08,MADRE DE DIOS,TAMBOPATA,35.200,92.500,1.551989,0
2020,08,MOQUEGUA,GENERAL SANCHEZ CERRO,0.000,8.000,0.000000,1
2020,08,MOQUEGUA,MARISCAL NIETO,0.000,6.000,0.000000,1
2020,08,PASCO,OXAPAMPA,0.000,10.000,0.000000,1
2020,08,PIURA,AYABACA,0.000,87.000,0.000000,1
2020,08,PIURA,HUANCABAMBA,9.000,38.000,0.800000,0
2020,08,PIURA,MORROPON,165.000,1453.000,1.227576,0
2020,08,PIURA,PAITA,3.000,4.000,1.100000,0
2020,08,PIURA,PIURA,4911.000,11584.000,1.576237,0
2020,08,PIURA,SECHURA,0.000,8.000,0.000000,1
2020,08,PIURA,SULLANA,3533.000,4287.000,1.100000,0
2020,08,PUNO,CARABAYA,2.000,1.000,0.800000,0
2020,08,PUNO,SANDIA,3.500,5.000,1.085714,0
2020,08,SAN MARTIN,BELLAVISTA,10.700,48.400,1.519626,0
2020,08,SAN MARTIN,EL DORADO,21.500,14.000,0.500000,0
2020,08,SAN MARTIN,HUALLAGA,25.000,45.500,1.708000,0
2020,08,SAN MARTIN,LAMAS,53.000,103.000,1.300377,0
2020,08,SAN MARTIN,MARISCAL CACERES,25.000,34.000,1.452000,0
2020,08,SAN MARTIN,MOYOBAMBA,14.000,83.000,1.103571,0
2020,08,SAN MARTIN,PICOTA,57.000,82.500,3.561404,0
2020,08,SAN MARTIN,RIOJA,2.000,20.000,0.500000,0
2020,08,SAN MARTIN,SAN MARTIN,28.700,155.000,1.395470,0
2020,08,SAN MARTIN,TOCACHE,19.000,33.000,0.500000,0
2020,08,TUMBES,CONTRALMIRANTE VILLAR,104.730,73.900,2.250000,0
2020,08,TUMBES,TUMBES,131.495,644.200,2.809765,0
2020,08,TUMBES,ZARUMILLA,647.403,2080.570,3.184381,0
2020,08,UCAYALI,ATALAYA,99.120,211.000,0.612270,0
2020,08,UCAYALI,CORONEL PORTILLO,565.950,1503.640,0.595121,0
2020,08,UCAYALI,PADRE ABAD,266.130,530.000,0.619108,0
2020,08,UCAYALI,PURUS,32.180,31.000,0.620000,0
2020,09,AMAZONAS,BAGUA,11.400,22.500,2.186842,0
2020,09,AMAZONAS,CHACHAPOYAS,22.760,43.000,2.065993,0
2020,09,AMAZONAS,LUYA,22.300,30.000,1.890135,0
2020,09,AMAZONAS,UTCUBAMBA,320.000,578.000,1.802188,0
2020,09,ANCASH,CASMA,48.000,64.000,2.525000,0
2020,09,ANCASH,HUARMEY,4.000,4.000,2.600000,0
2020,09,ANCASH,HUAYLAS,14.000,12.000,2.600000,0
2020,09,ANCASH,SANTA,5.000,5.000,2.600000,0
2020,09,APURIMAC,ABANCAY,28.000,29.500,1.100000,0
2020,09,APURIMAC,ANDAHUAYLAS,0.000,23.500,0.000000,1
2020,09,APURIMAC,AYMARAES,1.400,5.000,0.914286,0
2020,09,APURIMAC,CHINCHEROS,0.000,38.500,0.000000,1
2020,09,APURIMAC,GRAU,2.000,2.000,1.200000,0
2020,09,AREQUIPA,CARAVELI,0.000,3.000,0.000000,1
2020,09,AREQUIPA,LA UNION,0.000,10.000,0.000000,1
2020,09,AYACUCHO,HUAMANGA,1.400,1.800,1.200000,0
2020,09,AYACUCHO,HUANTA,0.000,13.670,0.000000,1
2020,09,AYACUCHO,LA MAR,4.000,19.500,2.030000,0
2020,09,AYACUCHO,LUCANAS,0.000,16.000,0.000000,1
2020,09,AYACUCHO,PARINACOCHAS,0.000,2.000,0.000000,1
2020,09,AYACUCHO,PAUCAR DEL SARA SARA,0.000,9.000,0.000000,1
2020,09,AYACUCHO,SUCRE,0.000,5.000,0.000000,1
2020,09,AYACUCHO,VILCAS HUAMAN,0.000,8.670,0.000000,1
2020,09,CAJAMARCA,CAJABAMBA,4.700,15.900,8.553191,0
2020,09,CAJAMARCA,CHOTA,0.000,32.250,0.000000,1
2020,09,CAJAMARCA,JAEN,4.190,16.000,1.105012,0
2020,09,CAJAMARCA,SAN IGNACIO,1.850,10.000,2.200000,0
2020,09,CAJAMARCA,SAN MARCOS,1.800,9.000,1.200000,0
2020,09,CAJAMARCA,SAN MIGUEL,22.000,30.000,2.000000,0
2020,09,CAJAMARCA,SANTA CRUZ,0.000,4.500,0.000000,1
2020,09,CUSCO,LA CONVENCION,90.000,288.000,1.538333,0
2020,09,HUANCAVELICA,ACOBAMBA,0.000,4.000,0.000000,1
2020,09,HUANCAVELICA,ANGARAES,0.000,3.000,0.000000,1
2020,09,HUANCAVELICA,CASTROVIRREYNA,0.000,2.000,0.000000,1
2020,09,HUANCAVELICA,CHURCAMPA,0.000,6.000,0.000000,1
2020,09,HUANCAVELICA,HUAYTARA,1.000,3.000,0.650000,0
2020,09,HUANCAVELICA,TAYACAJA,0.000,22.000,0.000000,1
2020,09,HUANUCO,HUACAYBAMBA,0.000,9.000,0.000000,1
2020,09,HUANUCO,HUAMALIES,10.000,22.000,1.300000,0
2020,09,HUANUCO,HUANUCO,6.000,11.250,1.405000,0
2020,09,HUANUCO,LEONCIO PRADO,43.400,103.000,1.052442,0
2020,09,HUANUCO,MARAÑON,0.000,7.000,0.000000,1
2020,09,HUANUCO,PUERTO INCA,1.600,4.000,3.425000,0
2020,09,ICA,CHINCHA,0.000,4.000,0.000000,1
2020,09,ICA,ICA,3.650,20.720,1.487671,0
2020,09,ICA,NASCA,24.500,17.590,1.500000,0
2020,09,ICA,PALPA,12.090,3.109,1.200000,0
2020,09,ICA,PISCO,67.500,35.400,1.277778,0
2020,09,JUNIN,CHANCHAMAYO,34.500,85.000,0.846522,0
2020,09,JUNIN,HUANCAYO,3.200,25.000,1.200000,0
2020,09,JUNIN,SATIPO,111.850,239.000,0.734868,0
2020,09,LA LIBERTAD,ASCOPE,0.000,5.000,0.000000,1
2020,09,LA LIBERTAD,BOLIVAR,6.400,17.000,1.256250,0
2020,09,LA LIBERTAD,CHEPEN,13.200,17.000,1.300000,0
2020,09,LA LIBERTAD,GRAN CHIMU,0.000,2.500,0.000000,1
2020,09,LA LIBERTAD,OTUZCO,0.000,2.000,0.000000,1
2020,09,LA LIBERTAD,PATAZ,0.450,11.250,1.300000,0
2020,09,LA LIBERTAD,SANCHEZ CARRION,0.600,12.500,1.300000,0
2020,09,LA LIBERTAD,VIRU,0.500,113.500,1.300000,0
2020,09,LAMBAYEQUE,CHICLAYO,0.000,8.000,0.000000,1
2020,09,LAMBAYEQUE,FERREÑAFE,0.000,19.000,0.000000,1
2020,09,LAMBAYEQUE,LAMBAYEQUE,2356.000,2261.000,1.582755,0
2020,09,LIMA,CAÑETE,0.000,3.000,0.000000,1
2020,09,LIMA,HUAURA,0.000,19.000,0.000000,1
2020,09,LIMA,LIMA,0.000,0.000,0.000000,1
2020,09,LORETO,ALTO AMAZONAS,249.000,481.000,0.919719,0
2020,09,LORETO,DATEM DEL MARAÑON,21.000,50.000,0.917143,0
2020,09,LORETO,LORETO,40.000,92.000,0.936250,0
2020,09,LORETO,MARISCAL RAMON CASTILLA,31.000,69.000,0.916452,0
2020,09,LORETO,MAYNAS,421.000,932.000,0.936746,0
2020,09,LORETO,PUTUMAYO,14.000,26.000,0.928571,0
2020,09,LORETO,REQUENA,23.000,63.000,0.907391,0
2020,09,LORETO,UCAYALI,85.000,183.000,0.936000,0
2020,09,MADRE DE DIOS,MANU,11.200,29.000,1.600000,0
2020,09,MADRE DE DIOS,TAHUAMANU,10.000,31.500,1.541000,0
2020,09,MADRE DE DIOS,TAMBOPATA,30.300,92.500,1.574587,0
2020,09,MOQUEGUA,GENERAL SANCHEZ CERRO,0.000,8.000,0.000000,1
2020,09,MOQUEGUA,MARISCAL NIETO,0.000,6.000,0.000000,1
2020,09,PASCO,OXAPAMPA,0.000,10.000,0.000000,1
2020,09,PIURA,AYABACA,4.000,87.000,1.375000,0
2020,09,PIURA,HUANCABAMBA,10.000,38.000,0.800000,0
2020,09,PIURA,MORROPON,165.000,1453.000,1.302424,0
2020,09,PIURA,PAITA,3.000,4.000,1.500000,0
2020,09,PIURA,PIURA,8916.000,11584.000,1.425258,0
2020,09,PIURA,SECHURA,5.000,8.000,1.000000,0
2020,09,PIURA,SULLANA,3216.000,4287.000,1.498507,0
2020,09,PUNO,CARABAYA,0.000,1.000,0.000000,1
2020,09,PUNO,SANDIA,0.000,5.000,0.000000,1
2020,09,SAN MARTIN,BELLAVISTA,7.000,55.400,1.554286,0
2020,09,SAN MARTIN,EL DORADO,20.000,14.000,0.700000,0
2020,09,SAN MARTIN,HUALLAGA,8.000,45.500,1.737500,0
2020,09,SAN MARTIN,LAMAS,42.000,103.000,1.659524,0
2020,09,SAN MARTIN,MARISCAL CACERES,24.000,34.000,1.308750,0
2020,09,SAN MARTIN,MOYOBAMBA,22.000,83.000,1.018182,0
2020,09,SAN MARTIN,PICOTA,42.000,82.500,3.590476,0
2020,09,SAN MARTIN,RIOJA,16.000,20.000,0.550000,0
2020,09,SAN MARTIN,SAN MARTIN,40.500,155.000,1.234568,0
2020,09,SAN MARTIN,TOCACHE,17.000,33.000,0.541176,0
2020,09,TUMBES,CONTRALMIRANTE VILLAR,108.540,74.650,2.000000,0
2020,09,TUMBES,TUMBES,397.231,652.700,2.216712,0
2020,09,TUMBES,ZARUMILLA,842.442,2091.570,2.600000,0
2020,09,UCAYALI,ATALAYA,138.670,211.000,0.601007,0
2020,09,UCAYALI,CORONEL PORTILLO,434.470,1511.640,0.588823,0
2020,09,UCAYALI,PADRE ABAD,241.770,541.000,0.608608,0
2020,09,UCAYALI,PURUS,28.430,31.000,0.620000,0
2020,10,AMAZONAS,BAGUA,10.800,22.500,1.961111,0
2020,10,AMAZONAS,CHACHAPOYAS,23.030,43.000,1.838819,0
2020,10,AMAZONAS,LUYA,25.720,30.000,1.812597,0
2020,10,AMAZONAS,UTCUBAMBA,305.000,578.000,1.855082,0
2020,10,ANCASH,CASMA,44.000,64.000,2.500000,0
2020,10,ANCASH,HUARMEY,3.000,4.000,2.650000,0
2020,10,ANCASH,HUAYLAS,12.000,12.000,2.500000,0
2020,10,ANCASH,SANTA,4.000,5.000,2.600000,0
2020,10,APURIMAC,ABANCAY,0.000,29.500,0.000000,1
2020,10,APURIMAC,ANDAHUAYLAS,0.000,23.500,0.000000,1
2020,10,APURIMAC,AYMARAES,1.400,5.000,0.914286,0
2020,10,APURIMAC,CHINCHEROS,0.000,38.500,0.000000,1
2020,10,APURIMAC,GRAU,0.000,2.000,0.000000,1
2020,10,AREQUIPA,CARAVELI,0.000,3.000,0.000000,1
2020,10,AREQUIPA,LA UNION,0.000,10.000,0.000000,1
2020,10,AYACUCHO,HUAMANGA,1.600,1.800,1.450000,0
2020,10,AYACUCHO,HUANTA,0.000,13.670,0.000000,1
2020,10,AYACUCHO,LA MAR,1.000,19.500,1.300000,0
2020,10,AYACUCHO,LUCANAS,0.000,16.000,0.000000,1
2020,10,AYACUCHO,PARINACOCHAS,0.000,2.000,0.000000,1
2020,10,AYACUCHO,PAUCAR DEL SARA SARA,0.000,9.000,0.000000,1
2020,10,AYACUCHO,SUCRE,0.000,5.000,0.000000,1
2020,10,AYACUCHO,VILCAS HUAMAN,0.000,8.670,0.000000,1
2020,10,CAJAMARCA,CAJABAMBA,4.629,15.900,8.945561,0
2020,10,CAJAMARCA,CHOTA,0.000,32.250,0.000000,1
2020,10,CAJAMARCA,JAEN,7.260,16.000,1.109229,0
2020,10,CAJAMARCA,SAN IGNACIO,2.100,10.000,1.500000,0
2020,10,CAJAMARCA,SAN MARCOS,4.200,9.000,1.500000,0
2020,10,CAJAMARCA,SAN MIGUEL,11.000,30.000,1.700000,0
2020,10,CAJAMARCA,SANTA CRUZ,0.000,4.500,0.000000,1
2020,10,CUSCO,LA CONVENCION,84.500,288.000,1.697041,0
2020,10,HUANCAVELICA,ACOBAMBA,0.000,4.000,0.000000,1
2020,10,HUANCAVELICA,ANGARAES,0.000,3.000,0.000000,1
2020,10,HUANCAVELICA,CASTROVIRREYNA,0.000,2.000,0.000000,1
2020,10,HUANCAVELICA,CHURCAMPA,0.000,6.000,0.000000,1
2020,10,HUANCAVELICA,HUAYTARA,1.400,3.000,0.650000,0
2020,10,HUANCAVELICA,TAYACAJA,0.000,22.000,0.000000,1
2020,10,HUANUCO,HUACAYBAMBA,0.000,9.000,0.000000,1
2020,10,HUANUCO,HUAMALIES,9.000,22.000,1.300000,0
2020,10,HUANUCO,HUANUCO,3.000,11.250,1.453333,0
2020,10,HUANUCO,LEONCIO PRADO,25.000,103.000,1.108800,0
2020,10,HUANUCO,MARAÑON,0.000,7.000,0.000000,1
2020,10,HUANUCO,PUERTO INCA,4.000,4.000,3.360000,0
2020,10,ICA,CHINCHA,7.250,4.000,2.000000,0
2020,10,ICA,ICA,0.000,20.720,0.000000,1
2020,10,ICA,NASCA,0.000,17.590,0.000000,1
2020,10,ICA,PALPA,4.269,3.109,1.300000,0
2020,10,ICA,PISCO,0.000,35.400,0.000000,1
2020,10,JUNIN,CHANCHAMAYO,29.600,78.000,0.925000,0
2020,10,JUNIN,HUANCAYO,9.600,25.000,1.200000,0
2020,10,JUNIN,SATIPO,92.200,239.000,0.730748,0
2020,10,LA LIBERTAD,ASCOPE,0.000,5.000,0.000000,1
2020,10,LA LIBERTAD,BOLIVAR,4.800,17.000,1.600000,0
2020,10,LA LIBERTAD,CHEPEN,0.000,17.000,0.000000,1
2020,10,LA LIBERTAD,GRAN CHIMU,0.000,2.500,0.000000,1
2020,10,LA LIBERTAD,OTUZCO,0.000,2.000,0.000000,1
2020,10,LA LIBERTAD,PATAZ,0.000,11.250,0.000000,1
2020,10,LA LIBERTAD,SANCHEZ CARRION,0.800,12.500,1.600000,0
2020,10,LA LIBERTAD,VIRU,0.420,113.500,1.600000,0
2020,10,LAMBAYEQUE,CHICLAYO,0.000,8.000,0.000000,1
2020,10,LAMBAYEQUE,FERREÑAFE,0.000,19.000,0.000000,1
2020,10,LAMBAYEQUE,LAMBAYEQUE,2778.000,2261.000,1.299694,0
2020,10,LIMA,CAÑETE,0.000,3.000,0.000000,1
2020,10,LIMA,HUAURA,0.000,19.000,0.000000,1
2020,10,LORETO,ALTO AMAZONAS,2.000,481.000,0.960000,0
2020,10,LORETO,DATEM DEL MARAÑON,0.000,50.000,0.000000,1
2020,10,LORETO,LORETO,37.000,92.000,0.945135,0
2020,10,LORETO,MARISCAL RAMON CASTILLA,0.000,69.000,0.000000,1
2020,10,LORETO,MAYNAS,379.000,932.000,0.940580,0
2020,10,LORETO,PUTUMAYO,5.000,26.000,0.950000,0
2020,10,LORETO,REQUENA,16.000,63.000,0.928125,0
2020,10,LORETO,UCAYALI,68.000,183.000,0.971176,0
2020,10,MADRE DE DIOS,MANU,13.100,30.000,1.542748,0
2020,10,MADRE DE DIOS,TAHUAMANU,7.600,31.500,1.750000,0
2020,10,MADRE DE DIOS,TAMBOPATA,30.500,92.500,1.538033,0
2020,10,MOQUEGUA,GENERAL SANCHEZ CERRO,0.000,8.000,0.000000,1
2020,10,MOQUEGUA,MARISCAL NIETO,6.590,6.000,2.200000,0
2020,10,PASCO,OXAPAMPA,0.000,10.000,0.000000,1
2020,10,PIURA,AYABACA,28.000,87.000,1.482143,0
2020,10,PIURA,HUANCABAMBA,10.000,38.000,0.800000,0
2020,10,PIURA,MORROPON,323.000,1453.000,1.615170,0
2020,10,PIURA,PAITA,3.000,4.000,1.200000,0
2020,10,PIURA,PIURA,8751.000,11584.000,1.116570,0
2020,10,PIURA,SECHURA,5.000,8.000,1.500000,0
2020,10,PIURA,SULLANA,3216.000,4287.000,1.200000,0
2020,10,PUNO,CARABAYA,0.000,1.000,0.000000,1
2020,10,PUNO,SANDIA,0.000,5.000,0.000000,1
2020,10,SAN MARTIN,BELLAVISTA,5.150,70.400,1.563107,0
2020,10,SAN MARTIN,EL DORADO,12.000,14.000,0.833333,0
2020,10,SAN MARTIN,HUALLAGA,23.000,45.500,1.834783,0
2020,10,SAN MARTIN,LAMAS,31.000,103.000,1.306452,0
2020,10,SAN MARTIN,MARISCAL CACERES,28.000,34.000,1.307500,0
2020,10,SAN MARTIN,MOYOBAMBA,12.000,83.000,1.033333,0
2020,10,SAN MARTIN,PICOTA,50.000,82.500,2.592000,0
2020,10,SAN MARTIN,RIOJA,17.000,20.000,0.500000,0
2020,10,SAN MARTIN,SAN MARTIN,39.000,155.000,1.269231,0
2020,10,SAN MARTIN,TOCACHE,16.000,33.000,0.550000,0
2020,10,TUMBES,CONTRALMIRANTE VILLAR,118.400,77.150,2.250000,0
2020,10,TUMBES,TUMBES,520.171,662.700,2.313645,0
2020,10,TUMBES,ZARUMILLA,2729.733,2101.570,2.750000,0
2020,10,UCAYALI,ATALAYA,139.140,211.000,0.600625,0
2020,10,UCAYALI,CORONEL PORTILLO,466.929,1511.640,0.608514,0
2020,10,UCAYALI,PADRE ABAD,291.900,553.000,0.601470,0
2020,10,UCAYALI,PURUS,34.250,31.000,0.620000,0
2020,11,AMAZONAS,BAGUA,10.700,22.500,2.242991,0
2020,11,AMAZONAS,CHACHAPOYAS,22.820,43.000,1.600000,0
2020,11,AMAZONAS,LUYA,25.620,30.000,1.813427,0
2020,11,AMAZONAS,UTCUBAMBA,345.000,578.000,2.000000,0
2020,11,ANCASH,CASMA,43.000,64.000,2.423256,0
2020,11,ANCASH,HUARMEY,4.000,4.000,2.500000,0
2020,11,ANCASH,HUAYLAS,11.000,12.000,2.600000,0
2020,11,ANCASH,SANTA,3.000,5.000,2.600000,0
2020,11,APURIMAC,ABANCAY,2.000,29.500,1.000000,0
2020,11,APURIMAC,ANDAHUAYLAS,0.000,23.500,0.000000,1
2020,11,APURIMAC,AYMARAES,0.400,5.000,0.700000,0
2020,11,APURIMAC,CHINCHEROS,0.000,38.500,0.000000,1
2020,11,APURIMAC,GRAU,0.000,2.000,0.000000,1
2020,11,AREQUIPA,CARAVELI,0.000,3.000,0.000000,1
2020,11,AREQUIPA,LA UNION,0.000,10.000,0.000000,1
2020,11,AYACUCHO,HUAMANGA,0.600,1.600,1.700000,0
2020,11,AYACUCHO,HUANTA,0.000,13.670,0.000000,1
2020,11,AYACUCHO,LA MAR,1.500,19.500,1.216667,0
2020,11,AYACUCHO,LUCANAS,0.000,16.000,0.000000,1
2020,11,AYACUCHO,PARINACOCHAS,0.000,2.000,0.000000,1
2020,11,AYACUCHO,PAUCAR DEL SARA SARA,0.000,9.000,0.000000,1
2020,11,AYACUCHO,SUCRE,0.000,5.000,0.000000,1
2020,11,AYACUCHO,VILCAS HUAMAN,0.000,8.670,0.000000,1
2020,11,CAJAMARCA,CAJABAMBA,4.800,15.900,8.275000,0
2020,11,CAJAMARCA,CHOTA,0.000,32.250,0.000000,1
2020,11,CAJAMARCA,JAEN,9.700,16.000,1.119639,0
2020,11,CAJAMARCA,SAN IGNACIO,0.000,10.000,0.000000,1
2020,11,CAJAMARCA,SAN MARCOS,4.100,9.000,2.092683,0
2020,11,CAJAMARCA,SAN MIGUEL,11.000,30.000,2.000000,0
2020,11,CAJAMARCA,SANTA CRUZ,0.000,4.500,0.000000,1
2020,11,CUSCO,LA CONVENCION,88.500,288.000,1.118644,0
2020,11,HUANCAVELICA,ACOBAMBA,0.000,4.000,0.000000,1
2020,11,HUANCAVELICA,ANGARAES,0.000,3.000,0.000000,1
2020,11,HUANCAVELICA,CASTROVIRREYNA,0.000,2.000,0.000000,1
2020,11,HUANCAVELICA,CHURCAMPA,0.000,6.000,0.000000,1
2020,11,HUANCAVELICA,HUAYTARA,1.000,3.000,0.650000,0
2020,11,HUANCAVELICA,TAYACAJA,0.000,22.000,0.000000,1
2020,11,HUANUCO,HUACAYBAMBA,0.000,9.000,0.000000,1
2020,11,HUANUCO,HUAMALIES,8.000,22.000,1.400000,0
2020,11,HUANUCO,HUANUCO,1.800,11.250,1.420000,0
2020,11,HUANUCO,LEONCIO PRADO,12.000,103.000,1.063333,0
2020,11,HUANUCO,MARAÑON,0.000,7.000,0.000000,1
2020,11,HUANUCO,PUERTO INCA,5.000,4.000,3.518000,0
2020,11,ICA,CHINCHA,1.300,4.000,1.800000,0
2020,11,ICA,ICA,0.000,20.720,0.000000,1
2020,11,ICA,NASCA,0.000,17.590,0.000000,1
2020,11,ICA,PALPA,0.000,3.109,0.000000,1
2020,11,ICA,PISCO,10.000,35.400,1.500000,0
2020,11,JUNIN,CHANCHAMAYO,34.200,78.000,0.857895,0
2020,11,JUNIN,HUANCAYO,4.800,25.000,1.100000,0
2020,11,JUNIN,SATIPO,110.000,240.000,0.731182,0
2020,11,LA LIBERTAD,ASCOPE,0.000,5.000,0.000000,1
2020,11,LA LIBERTAD,BOLIVAR,4.300,17.000,1.560000,0
2020,11,LA LIBERTAD,CHEPEN,12.700,17.000,1.400000,0
2020,11,LA LIBERTAD,GRAN CHIMU,0.000,2.500,0.000000,1
2020,11,LA LIBERTAD,OTUZCO,0.000,2.000,0.000000,1
2020,11,LA LIBERTAD,PATAZ,0.000,11.250,0.000000,1
2020,11,LA LIBERTAD,SANCHEZ CARRION,0.500,12.500,1.600000,0
2020,11,LA LIBERTAD,VIRU,0.450,113.500,1.600000,0
2020,11,LAMBAYEQUE,CHICLAYO,0.000,8.000,0.000000,1
2020,11,LAMBAYEQUE,FERREÑAFE,0.000,19.000,0.000000,1
2020,11,LAMBAYEQUE,LAMBAYEQUE,2856.000,2261.000,0.898547,0
2020,11,LIMA,CAÑETE,0.000,3.000,0.000000,1
2020,11,LIMA,HUAURA,0.000,19.000,0.000000,1
2020,11,LORETO,ALTO AMAZONAS,63.000,481.000,0.954127,0
2020,11,LORETO,DATEM DEL MARAÑON,13.000,50.000,0.923077,0
2020,11,LORETO,LORETO,26.000,92.000,0.954231,0
2020,11,LORETO,MARISCAL RAMON CASTILLA,12.000,69.000,0.930833,0
2020,11,LORETO,MAYNAS,394.000,932.000,0.958680,0
2020,11,LORETO,PUTUMAYO,5.000,26.000,0.930000,0
2020,11,LORETO,REQUENA,19.000,63.000,0.934211,0
2020,11,LORETO,UCAYALI,42.000,183.000,0.961667,0
2020,11,MADRE DE DIOS,MANU,9.400,30.000,1.540426,0
2020,11,MADRE DE DIOS,TAHUAMANU,18.800,31.500,1.500000,0
2020,11,MADRE DE DIOS,TAMBOPATA,17.600,98.500,1.634659,0
2020,11,MOQUEGUA,GENERAL SANCHEZ CERRO,0.000,8.000,0.000000,1
2020,11,MOQUEGUA,MARISCAL NIETO,0.000,6.000,0.000000,1
2020,11,PASCO,OXAPAMPA,0.000,10.000,0.000000,1
2020,11,PIURA,AYABACA,30.000,87.000,1.866667,0
2020,11,PIURA,HUANCABAMBA,10.000,38.000,0.780000,0
2020,11,PIURA,MORROPON,500.000,1453.000,1.445000,0
2020,11,PIURA,PAITA,5.000,4.000,1.200000,0
2020,11,PIURA,PIURA,8307.000,11584.000,1.301950,0
2020,11,PIURA,SECHURA,4.000,8.000,1.050000,0
2020,11,PIURA,SULLANA,4224.000,4287.000,1.198580,0
2020,11,PUNO,CARABAYA,0.000,1.000,0.000000,1
2020,11,PUNO,SANDIA,0.000,5.000,0.000000,1
2020,11,SAN MARTIN,BELLAVISTA,11.500,70.400,1.157391,0
2020,11,SAN MARTIN,EL DORADO,28.000,14.000,0.750000,0
2020,11,SAN MARTIN,HUALLAGA,54.000,45.500,1.587037,0
2020,11,SAN MARTIN,LAMAS,29.000,103.000,1.039310,0
2020,11,SAN MARTIN,MARISCAL CACERES,16.500,34.000,1.273939,0
2020,11,SAN MARTIN,MOYOBAMBA,14.000,83.000,1.035714,0
2020,11,SAN MARTIN,PICOTA,58.000,82.500,2.184483,0
2020,11,SAN MARTIN,RIOJA,15.000,20.000,0.500000,0
2020,11,SAN MARTIN,SAN MARTIN,53.000,181.000,1.207547,0
2020,11,SAN MARTIN,TOCACHE,18.000,33.000,0.558333,0
2020,11,TUMBES,CONTRALMIRANTE VILLAR,124.300,79.400,2.000000,0
2020,11,TUMBES,TUMBES,761.276,668.700,2.499149,0
2020,11,TUMBES,ZARUMILLA,2866.374,2109.570,2.848459,0
2020,11,UCAYALI,ATALAYA,159.110,211.000,0.606002,0
2020,11,UCAYALI,CORONEL PORTILLO,586.340,1515.640,0.611385,0
2020,11,UCAYALI,PADRE ABAD,252.819,556.000,0.616367,0
2020,11,UCAYALI,PURUS,26.250,33.000,0.700000,0
2020,12,AMAZONAS,BAGUA,14.700,28.500,2.217687,0
2020,12,AMAZONAS,CHACHAPOYAS,22.890,43.000,2.714548,0
2020,12,AMAZONAS,LUYA,26.840,30.000,1.814456,0
2020,12,AMAZONAS,UTCUBAMBA,265.000,578.000,1.800000,0
2020,12,ANCASH,CASMA,48.000,64.000,2.187500,0
2020,12,ANCASH,HUARMEY,5.000,4.000,2.600000,0
2020,12,ANCASH,HUAYLAS,14.000,12.000,2.400000,0
2020,12,ANCASH,SANTA,4.000,5.000,2.000000,0
2020,12,APURIMAC,ABANCAY,5.000,29.500,0.800000,0
2020,12,APURIMAC,ANDAHUAYLAS,0.000,23.500,0.000000,1
2020,12,APURIMAC,AYMARAES,0.400,5.000,0.700000,0
2020,12,APURIMAC,CHINCHEROS,0.000,38.500,0.000000,1
2020,12,APURIMAC,GRAU,0.000,2.000,0.000000,1
2020,12,AREQUIPA,CARAVELI,0.000,3.000,0.000000,1
2020,12,AREQUIPA,LA UNION,0.000,10.000,0.000000,1
2020,12,AYACUCHO,HUAMANGA,1.250,2.000,1.350000,0
2020,12,AYACUCHO,HUANTA,0.000,13.670,0.000000,1
2020,12,AYACUCHO,LA MAR,9.500,19.500,2.328947,0
2020,12,AYACUCHO,LUCANAS,0.000,16.000,0.000000,1
2020,12,AYACUCHO,PARINACOCHAS,0.000,2.000,0.000000,1
2020,12,AYACUCHO,PAUCAR DEL SARA SARA,0.000,9.000,0.000000,1
2020,12,AYACUCHO,SUCRE,0.000,5.000,0.000000,1
2020,12,AYACUCHO,VILCAS HUAMAN,0.000,8.670,0.000000,1
2020,12,CAJAMARCA,CAJABAMBA,5.300,15.900,1.267925,0
2020,12,CAJAMARCA,CHOTA,0.000,32.250,0.000000,1
2020,12,CAJAMARCA,JAEN,11.880,16.000,1.105850,0
2020,12,CAJAMARCA,SAN IGNACIO,0.000,10.000,0.000000,1
2020,12,CAJAMARCA,SAN MARCOS,4.140,9.000,2.280193,0
2020,12,CAJAMARCA,SAN MIGUEL,0.000,30.000,0.000000,1
2020,12,CAJAMARCA,SANTA CRUZ,0.000,4.500,0.000000,1
2020,12,CUSCO,LA CONVENCION,93.600,288.000,1.176923,0
2020,12,HUANCAVELICA,ACOBAMBA,0.000,4.000,0.000000,1
2020,12,HUANCAVELICA,ANGARAES,0.000,3.000,0.000000,1
2020,12,HUANCAVELICA,CASTROVIRREYNA,0.000,2.000,0.000000,1
2020,12,HUANCAVELICA,CHURCAMPA,0.000,6.000,0.000000,1
2020,12,HUANCAVELICA,HUAYTARA,1.100,3.000,0.600000,0
2020,12,HUANCAVELICA,TAYACAJA,0.000,22.000,0.000000,1
2020,12,HUANUCO,HUACAYBAMBA,0.000,9.000,0.000000,1
2020,12,HUANUCO,HUAMALIES,7.800,22.000,1.200000,0
2020,12,HUANUCO,HUANUCO,1.200,11.250,1.200000,0
2020,12,HUANUCO,LEONCIO PRADO,7.200,103.000,0.926944,0
2020,12,HUANUCO,MARAÑON,0.000,7.000,0.000000,1
2020,12,HUANUCO,PUERTO INCA,6.000,4.000,3.100000,0
2020,12,ICA,CHINCHA,0.000,4.000,0.000000,1
2020,12,ICA,ICA,0.000,20.720,0.000000,1
2020,12,ICA,NASCA,0.000,17.590,0.000000,1
2020,12,ICA,PALPA,0.000,3.109,0.000000,1
2020,12,ICA,PISCO,20.000,35.400,1.500000,0
2020,12,JUNIN,CHANCHAMAYO,39.900,77.000,0.869925,0
2020,12,JUNIN,HUANCAYO,6.400,25.000,1.200000,0
2020,12,JUNIN,SATIPO,135.800,241.000,0.742342,0
2020,12,LA LIBERTAD,ASCOPE,0.000,5.000,0.000000,1
2020,12,LA LIBERTAD,BOLIVAR,2.600,17.000,1.600000,0
2020,12,LA LIBERTAD,CHEPEN,10.000,17.000,1.300000,0
2020,12,LA LIBERTAD,GRAN CHIMU,0.000,2.500,0.000000,1
2020,12,LA LIBERTAD,OTUZCO,0.000,2.000,0.000000,1
2020,12,LA LIBERTAD,PATAZ,0.000,11.250,0.000000,1
2020,12,LA LIBERTAD,SANCHEZ CARRION,0.000,12.500,0.000000,1
2020,12,LA LIBERTAD,VIRU,0.520,113.500,1.600000,0
2020,12,LAMBAYEQUE,CHICLAYO,0.000,8.000,0.000000,1
2020,12,LAMBAYEQUE,FERREÑAFE,0.000,19.000,0.000000,1
2020,12,LAMBAYEQUE,LAMBAYEQUE,4417.000,2261.000,0.600000,0
2020,12,LIMA,CAÑETE,0.000,3.000,0.000000,1
2020,12,LIMA,HUAURA,0.000,19.000,0.000000,1
2020,12,LORETO,ALTO AMAZONAS,106.000,481.000,0.951509,0
2020,12,LORETO,DATEM DEL MARAÑON,25.000,50.000,0.927200,0
2020,12,LORETO,LORETO,33.000,92.000,0.955455,0
2020,12,LORETO,MARISCAL RAMON CASTILLA,83.000,69.000,0.931566,0
2020,12,LORETO,MAYNAS,363.000,932.000,0.966088,0
2020,12,LORETO,PUTUMAYO,18.000,26.000,0.924444,0
2020,12,LORETO,REQUENA,23.000,63.000,0.940435,0
2020,12,LORETO,UCAYALI,82.000,183.000,0.962195,0
2020,12,MADRE DE DIOS,MANU,9.800,31.000,1.918367,0
2020,12,MADRE DE DIOS,TAHUAMANU,11.300,33.500,1.500000,0
2020,12,MADRE DE DIOS,TAMBOPATA,21.000,103.500,1.871429,0
2020,12,MOQUEGUA,GENERAL SANCHEZ CERRO,0.000,8.000,0.000000,1
2020,12,MOQUEGUA,MARISCAL NIETO,0.000,6.000,0.000000,1
2020,12,PASCO,OXAPAMPA,0.000,10.000,0.000000,1
2020,12,PIURA,AYABACA,10.000,87.000,1.200000,0
2020,12,PIURA,HUANCABAMBA,10.000,38.000,0.800000,0
2020,12,PIURA,MORROPON,1142.000,1453.000,1.094921,0
2020,12,PIURA,PAITA,4.000,4.000,1.200000,0
2020,12,PIURA,PIURA,9709.000,11584.000,1.209307,0
2020,12,PIURA,SECHURA,4.000,8.000,0.550000,0
2020,12,PIURA,SULLANA,7825.000,4287.000,1.199974,0
2020,12,PUNO,CARABAYA,0.000,1.000,0.000000,1
2020,12,PUNO,SANDIA,0.000,5.000,0.000000,1
2020,12,SAN MARTIN,BELLAVISTA,16.000,70.400,1.075000,0
2020,12,SAN MARTIN,EL DORADO,9.000,14.000,1.000000,0
2020,12,SAN MARTIN,HUALLAGA,77.000,45.500,1.366234,0
2020,12,SAN MARTIN,LAMAS,23.000,103.000,1.095652,0
2020,12,SAN MARTIN,MARISCAL CACERES,12.800,34.000,1.305781,0
2020,12,SAN MARTIN,MOYOBAMBA,20.000,83.000,1.035000,0
2020,12,SAN MARTIN,PICOTA,86.000,82.500,1.565116,0
2020,12,SAN MARTIN,RIOJA,32.000,20.000,0.500000,0
2020,12,SAN MARTIN,SAN MARTIN,47.500,182.000,1.257895,0
2020,12,SAN MARTIN,TOCACHE,26.000,33.000,0.567308,0
2020,12,TUMBES,CONTRALMIRANTE VILLAR,142.030,79.400,1.250000,0
2020,12,TUMBES,TUMBES,946.755,674.700,2.415071,0
2020,12,TUMBES,ZARUMILLA,2938.287,2116.570,2.000000,0
2020,12,UCAYALI,ATALAYA,157.640,211.000,0.598942,0
2020,12,UCAYALI,CORONEL PORTILLO,554.690,1496.640,0.627831,0
2020,12,UCAYALI,PADRE ABAD,331.800,560.000,0.615268,0
2020,12,UCAYALI,PURUS,23.900,33.000,0.700000,0
2021,01,AMAZONAS,BAGUA,6.700,28.500,2.126866,0
2021,01,AMAZONAS,CHACHAPOYAS,23.160,43.000,1.500000,0
2021,01,AMAZONAS,LUYA,26.990,30.000,1.801964,0
2021,01,AMAZONAS,UTCUBAMBA,412.800,578.000,1.261870,0
2021,01,ANCASH,CASMA,44.000,64.000,2.200000,0
2021,01,ANCASH,HUARMEY,5.000,4.000,1.800000,0
2021,01,ANCASH,HUAYLAS,20.000,12.000,1.800000,0
2021,01,ANCASH,SANTA,5.000,5.000,1.780000,0
2021,01,APURIMAC,ABANCAY,23.000,29.500,1.104348,0
2021,01,APURIMAC,ANDAHUAYLAS,8.550,23.500,1.729825,0
2021,01,APURIMAC,AYMARAES,1.100,5.000,0.836364,0
2021,01,APURIMAC,CHINCHEROS,4.000,38.500,1.750000,0
2021,01,APURIMAC,GRAU,2.000,2.000,0.900000,0
2021,01,AREQUIPA,CARAVELI,0.000,3.000,0.000000,1
2021,01,AREQUIPA,LA UNION,0.000,10.000,0.000000,1
2021,01,AYACUCHO,HUAMANGA,0.750,2.000,1.300000,0
2021,01,AYACUCHO,HUANTA,0.000,13.000,0.000000,1
2021,01,AYACUCHO,LA MAR,3.500,19.500,1.985714,0
2021,01,AYACUCHO,LUCANAS,0.000,16.000,0.000000,1
2021,01,AYACUCHO,PARINACOCHAS,0.000,2.000,0.000000,1
2021,01,AYACUCHO,PAUCAR DEL SARA SARA,0.000,9.000,0.000000,1
2021,01,AYACUCHO,SUCRE,0.000,4.000,0.000000,1
2021,01,AYACUCHO,VILCAS HUAMAN,0.000,8.670,0.000000,1
2021,01,CAJAMARCA,CAJABAMBA,5.020,15.900,1.328486,0
2021,01,CAJAMARCA,CHOTA,2.000,32.250,1.000000,0
2021,01,CAJAMARCA,JAEN,19.757,16.000,1.100000,0
2021,01,CAJAMARCA,SAN IGNACIO,0.000,10.000,0.000000,1
2021,01,CAJAMARCA,SAN MARCOS,1.850,9.000,1.900000,0
2021,01,CAJAMARCA,SAN MIGUEL,0.000,30.000,0.000000,1
2021,01,CAJAMARCA,SANTA CRUZ,0.000,4.500,0.000000,1
2021,01,CUSCO,LA CONVENCION,383.600,288.000,1.155266,0
2021,01,HUANCAVELICA,ACOBAMBA,0.000,4.000,0.000000,1
2021,01,HUANCAVELICA,ANGARAES,0.000,3.000,0.000000,1
2021,01,HUANCAVELICA,CASTROVIRREYNA,0.200,2.000,2.000000,0
2021,01,HUANCAVELICA,CHURCAMPA,0.000,6.000,0.000000,1
2021,01,HUANCAVELICA,HUAYTARA,0.000,3.000,0.000000,1
2021,01,HUANCAVELICA,TAYACAJA,0.000,22.000,0.000000,1
2021,01,HUANUCO,HUACAYBAMBA,9.800,9.000,3.404082,0
2021,01,HUANUCO,HUAMALIES,5.200,22.000,1.200000,0
2021,01,HUANUCO,HUANUCO,0.000,11.250,0.000000,1
2021,01,HUANUCO,LEONCIO PRADO,33.300,103.000,1.176577,0
2021,01,HUANUCO,MARAÑON,2.500,7.000,0.948000,0
2021,01,HUANUCO,PUERTO INCA,3.000,4.000,3.430000,0
2021,01,ICA,CHINCHA,0.000,4.000,0.000000,1
2021,01,ICA,ICA,0.000,20.720,0.000000,1
2021,01,ICA,NASCA,0.000,17.590,0.000000,1
2021,01,ICA,PALPA,0.000,3.109,0.000000,1
2021,01,ICA,PISCO,20.000,35.400,1.500000,0
2021,01,JUNIN,CHANCHAMAYO,38.800,75.000,0.825258,0
2021,01,JUNIN,HUANCAYO,11.900,25.000,0.500000,0
2021,01,JUNIN,SATIPO,132.300,241.000,0.834240,0
2021,01,LA LIBERTAD,ASCOPE,2.500,5.000,0.900000,0
2021,01,LA LIBERTAD,BOLIVAR,6.680,10.000,0.900000,0
2021,01,LA LIBERTAD,CHEPEN,15.700,17.000,0.900000,0
2021,01,LA LIBERTAD,GRAN CHIMU,0.540,2.500,0.900000,0
2021,01,LA LIBERTAD,OTUZCO,1.500,2.000,0.900000,0
2021,01,LA LIBERTAD,PATAZ,3.710,11.250,0.955256,0
2021,01,LA LIBERTAD,SANCHEZ CARRION,5.320,7.500,0.966353,0
2021,01,LA LIBERTAD,VIRU,0.980,120.500,0.900000,0
2021,01,LAMBAYEQUE,CHICLAYO,0.000,8.000,0.000000,1
2021,01,LAMBAYEQUE,FERREÑAFE,0.000,19.000,0.000000,1
2021,01,LAMBAYEQUE,LAMBAYEQUE,5878.000,2321.000,0.416965,0
2021,01,LIMA,CAÑETE,0.000,3.000,0.000000,1
2021,01,LIMA,HUAURA,8.000,19.000,2.000000,0
2021,01,LORETO,ALTO AMAZONAS,330.000,481.000,0.900182,0
2021,01,LORETO,DATEM DEL MARAÑON,31.000,50.000,0.931613,0
2021,01,LORETO,LORETO,66.000,92.000,0.943333,0
2021,01,LORETO,MARISCAL RAMON CASTILLA,34.000,69.000,0.912059,0
2021,01,LORETO,MAYNAS,525.000,932.000,0.954400,0
2021,01,LORETO,PUTUMAYO,9.000,26.000,0.933333,0
2021,01,LORETO,REQUENA,35.000,63.000,0.925429,0
2021,01,LORETO,UCAYALI,103.000,183.000,0.976117,0
2021,01,MADRE DE DIOS,MANU,11.300,32.000,1.368142,0
2021,01,MADRE DE DIOS,TAHUAMANU,6.100,37.500,1.534426,0
2021,01,MADRE DE DIOS,TAMBOPATA,41.600,107.500,1.582933,0
2021,01,MOQUEGUA,GENERAL SANCHEZ CERRO,0.000,13.000,0.000000,1
2021,01,MOQUEGUA,MARISCAL NIETO,0.000,6.000,0.000000,1
2021,01,PASCO,OXAPAMPA,0.000,10.000,0.000000,1
2021,01,PIURA,AYABACA,27.000,87.000,0.977778,0
2021,01,PIURA,HUANCABAMBA,19.000,38.000,0.800000,0
2021,01,PIURA,MORROPON,1353.000,1453.000,0.683962,0
2021,01,PIURA,PAITA,8.000,4.000,1.200000,0
2021,01,PIURA,PIURA,9508.000,11615.000,1.085612,0
2021,01,PIURA,SECHURA,7.000,8.000,1.000000,0
2021,01,PIURA,SULLANA,3319.000,4460.000,1.199699,0
2021,01,PUNO,CARABAYA,0.000,1.000,0.000000,1
2021,01,PUNO,SANDIA,0.000,5.000,0.000000,1
2021,01,SAN MARTIN,BELLAVISTA,11.000,70.400,1.154545,0
2021,01,SAN MARTIN,EL DORADO,14.000,14.000,0.600000,0
2021,01,SAN MARTIN,HUALLAGA,48.000,45.500,0.987500,0
2021,01,SAN MARTIN,LAMAS,51.000,108.000,1.017647,0
2021,01,SAN MARTIN,MARISCAL CACERES,29.000,34.000,1.377586,0
2021,01,SAN MARTIN,MOYOBAMBA,43.000,83.000,0.904651,0
2021,01,SAN MARTIN,PICOTA,83.000,82.500,1.375904,0
2021,01,SAN MARTIN,RIOJA,18.000,20.000,0.500000,0
2021,01,SAN MARTIN,SAN MARTIN,43.500,183.000,1.143678,0
2021,01,SAN MARTIN,TOCACHE,27.000,33.000,0.722222,0
2021,01,TUMBES,CONTRALMIRANTE VILLAR,159.120,79.900,0.750000,0
2021,01,TUMBES,TUMBES,1185.030,674.700,1.303053,0
2021,01,TUMBES,ZARUMILLA,4831.079,2131.570,0.900000,0
2021,01,UCAYALI,ATALAYA,168.760,213.000,0.597272,0
2021,01,UCAYALI,CORONEL PORTILLO,581.910,1497.640,0.617684,0
2021,01,UCAYALI,PADRE ABAD,377.730,582.000,0.616154,0
2021,01,UCAYALI,PURUS,21.500,35.000,0.720000,0
2021,02,AMAZONAS,BAGUA,22.000,28.500,1.318182,0
2021,02,AMAZONAS,CHACHAPOYAS,23.270,43.000,1.621315,0
2021,02,AMAZONAS,LUYA,27.960,30.000,1.766452,0
2021,02,AMAZONAS,UTCUBAMBA,470.000,578.000,1.120851,0
2021,02,ANCASH,CASMA,45.000,64.000,1.722222,0
2021,02,ANCASH,HUARMEY,5.000,4.000,2.000000,0
2021,02,ANCASH,HUAYLAS,19.000,12.000,1.926316,0
2021,02,ANCASH,SANTA,6.000,5.000,1.800000,0
2021,02,APURIMAC,ABANCAY,5.000,29.500,0.880000,0
2021,02,APURIMAC,ANDAHUAYLAS,14.670,23.500,1.835719,0
2021,02,APURIMAC,AYMARAES,1.100,5.000,0.836364,0
2021,02,APURIMAC,CHINCHEROS,28.000,42.500,2.107143,0
2021,02,APURIMAC,GRAU,0.000,2.000,0.000000,1
2021,02,AREQUIPA,CARAVELI,0.000,3.000,0.000000,1
2021,02,AREQUIPA,LA UNION,0.000,10.000,0.000000,1
2021,02,AYACUCHO,HUAMANGA,1.000,2.000,1.200000,0
2021,02,AYACUCHO,HUANTA,0.000,13.000,0.000000,1
2021,02,AYACUCHO,LA MAR,11.000,19.500,2.054545,0
2021,02,AYACUCHO,LUCANAS,0.000,16.000,0.000000,1
2021,02,AYACUCHO,PARINACOCHAS,0.000,2.000,0.000000,1
2021,02,AYACUCHO,PAUCAR DEL SARA SARA,0.000,9.000,0.000000,1
2021,02,AYACUCHO,SUCRE,0.000,4.000,0.000000,1
2021,02,AYACUCHO,VILCAS HUAMAN,0.000,8.670,0.000000,1
2021,02,CAJAMARCA,CAJABAMBA,5.150,15.900,1.272621,0
2021,02,CAJAMARCA,CHOTA,6.000,32.250,1.000000,0
2021,02,CAJAMARCA,JAEN,15.640,16.000,1.100000,0
2021,02,CAJAMARCA,SAN IGNACIO,0.000,10.000,0.000000,1
2021,02,CAJAMARCA,SAN MARCOS,6.460,9.000,1.413932,0
2021,02,CAJAMARCA,SAN MIGUEL,0.000,30.000,0.000000,1
2021,02,CAJAMARCA,SANTA CRUZ,0.000,4.500,0.000000,1
2021,02,CUSCO,LA CONVENCION,363.400,288.000,1.082664,0
2021,02,HUANCAVELICA,ACOBAMBA,0.000,4.000,0.000000,1
2021,02,HUANCAVELICA,ANGARAES,0.000,3.000,0.000000,1
2021,02,HUANCAVELICA,CASTROVIRREYNA,0.300,2.000,2.500000,0
2021,02,HUANCAVELICA,CHURCAMPA,0.000,6.000,0.000000,1
2021,02,HUANCAVELICA,HUAYTARA,0.000,3.000,0.000000,1
2021,02,HUANCAVELICA,TAYACAJA,0.000,22.000,0.000000,1
2021,02,HUANUCO,HUACAYBAMBA,12.000,9.000,3.383333,0
2021,02,HUANUCO,HUAMALIES,9.000,22.000,1.200000,0
2021,02,HUANUCO,HUANUCO,2.200,11.250,0.850000,0
2021,02,HUANUCO,LEONCIO PRADO,58.500,103.000,1.072222,0
2021,02,HUANUCO,MARAÑON,3.500,7.000,0.900000,0
2021,02,HUANUCO,PUERTO INCA,2.000,4.000,2.720000,0
2021,02,ICA,CHINCHA,0.000,4.000,0.000000,1
2021,02,ICA,ICA,65.800,20.720,1.800000,0
2021,02,ICA,NASCA,0.000,17.590,0.000000,1
2021,02,ICA,PALPA,0.000,3.109,0.000000,1
2021,02,ICA,PISCO,2.000,35.400,1.500000,0
2021,02,JUNIN,CHANCHAMAYO,37.350,75.000,0.900000,0
2021,02,JUNIN,HUANCAYO,15.300,25.000,0.650000,0
2021,02,JUNIN,SATIPO,205.380,241.000,0.859772,0
2021,02,LA LIBERTAD,ASCOPE,2.600,5.000,1.000000,0
2021,02,LA LIBERTAD,BOLIVAR,6.080,10.000,1.000000,0
2021,02,LA LIBERTAD,CHEPEN,15.300,17.000,0.900000,0
2021,02,LA LIBERTAD,GRAN CHIMU,0.630,2.500,1.000000,0
2021,02,LA LIBERTAD,OTUZCO,1.340,2.000,1.000000,0
2021,02,LA LIBERTAD,PATAZ,10.150,11.250,1.000000,0
2021,02,LA LIBERTAD,SANCHEZ CARRION,4.230,6.500,1.000000,0
2021,02,LA LIBERTAD,VIRU,1.300,120.500,0.900000,0
2021,02,LAMBAYEQUE,CHICLAYO,0.000,8.000,0.000000,1
2021,02,LAMBAYEQUE,FERREÑAFE,20.000,19.000,0.350000,0
2021,02,LAMBAYEQUE,LAMBAYEQUE,6142.000,2321.000,0.390614,0
2021,02,LIMA,CAÑETE,0.000,3.000,0.000000,1
2021,02,LIMA,HUAURA,0.000,19.000,0.000000,1
2021,02,LORETO,ALTO AMAZONAS,290.000,481.000,0.919586,0
2021,02,LORETO,DATEM DEL MARAÑON,42.000,50.000,0.934524,0
2021,02,LORETO,LORETO,63.000,92.000,0.948730,0
2021,02,LORETO,MARISCAL RAMON CASTILLA,44.000,69.000,0.910000,0
2021,02,LORETO,MAYNAS,510.000,932.000,0.962196,0
2021,02,LORETO,PUTUMAYO,12.000,26.000,0.924167,0
2021,02,LORETO,REQUENA,40.000,63.000,0.933500,0
2021,02,LORETO,UCAYALI,115.000,183.000,0.971913,0
2021,02,MADRE DE DIOS,MANU,11.000,32.000,1.401818,0
2021,02,MADRE DE DIOS,TAHUAMANU,10.900,37.500,1.399083,0
2021,02,MADRE DE DIOS,TAMBOPATA,34.400,107.500,1.500000,0
2021,02,MOQUEGUA,GENERAL SANCHEZ CERRO,0.000,13.000,0.000000,1
2021,02,MOQUEGUA,MARISCAL NIETO,0.000,6.000,0.000000,1
2021,02,PASCO,OXAPAMPA,0.000,10.000,0.000000,1
2021,02,PIURA,AYABACA,54.000,87.000,0.788889,0
2021,02,PIURA,HUANCABAMBA,16.000,38.000,0.850000,0
2021,02,PIURA,MORROPON,1217.000,1453.000,0.631224,0
2021,02,PIURA,PAITA,9.000,4.000,1.000000,0
2021,02,PIURA,PIURA,10117.000,11682.000,0.884363,0
2021,02,PIURA,SECHURA,8.000,8.000,0.800000,0
2021,02,PIURA,SULLANA,3543.000,4460.000,1.000000,0
2021,02,PUNO,CARABAYA,0.000,1.000,0.000000,1
2021,02,PUNO,SANDIA,0.000,5.000,0.000000,1
2021,02,SAN MARTIN,BELLAVISTA,22.000,70.400,0.640909,0
2021,02,SAN MARTIN,EL DORADO,8.000,14.000,0.625000,0
2021,02,SAN MARTIN,HUALLAGA,37.000,45.500,0.986486,0
2021,02,SAN MARTIN,LAMAS,86.000,114.000,0.980233,0
2021,02,SAN MARTIN,MARISCAL CACERES,27.500,34.000,1.378000,0
2021,02,SAN MARTIN,MOYOBAMBA,50.000,83.000,0.913600,0
2021,02,SAN MARTIN,PICOTA,102.000,82.500,1.325490,0
2021,02,SAN MARTIN,RIOJA,22.000,20.000,0.500000,0
2021,02,SAN MARTIN,SAN MARTIN,48.000,193.000,1.151042,0
2021,02,SAN MARTIN,TOCACHE,43.000,33.000,0.704651,0
2021,02,TUMBES,CONTRALMIRANTE VILLAR,159.120,80.400,0.630000,0
2021,02,TUMBES,TUMBES,1102.451,674.700,0.747900,0
2021,02,TUMBES,ZARUMILLA,6337.154,2145.570,0.870000,0
2021,02,UCAYALI,ATALAYA,180.220,213.000,0.585096,0
2021,02,UCAYALI,CORONEL PORTILLO,886.280,1498.640,0.601207,0
2021,02,UCAYALI,PADRE ABAD,397.480,587.000,0.608111,0
2021,02,UCAYALI,PURUS,26.520,36.000,0.720000,0
2021,03,AMAZONAS,BAGUA,21.800,28.500,1.302752,0
2021,03,AMAZONAS,CHACHAPOYAS,23.450,43.000,1.735522,0
2021,03,AMAZONAS,LUYA,21.300,30.000,1.631455,0
2021,03,AMAZONAS,UTCUBAMBA,557.000,578.000,1.191382,0
2021,03,ANCASH,CASMA,44.000,64.000,1.834091,0
2021,03,ANCASH,HUARMEY,4.000,4.000,2.000000,0
2021,03,ANCASH,HUAYLAS,21.000,12.000,1.885714,0
2021,03,ANCASH,SANTA,5.000,5.000,1.840000,0
2021,03,APURIMAC,ABANCAY,23.000,29.500,1.213043,0
2021,03,APURIMAC,ANDAHUAYLAS,32.100,23.500,1.646417,0
2021,03,APURIMAC,AYMARAES,5.600,5.000,0.967857,0
2021,03,APURIMAC,CHINCHEROS,22.700,42.500,2.048899,0
2021,03,APURIMAC,GRAU,2.000,2.000,1.200000,0
2021,03,AREQUIPA,CARAVELI,0.000,3.000,0.000000,1
2021,03,AREQUIPA,LA UNION,31.000,10.000,2.256452,0
2021,03,AYACUCHO,HUAMANGA,1.000,1.800,1.520000,0
2021,03,AYACUCHO,HUANTA,10.000,12.670,1.544000,0
2021,03,AYACUCHO,LA MAR,13.500,19.500,2.181481,0
2021,03,AYACUCHO,LUCANAS,2.000,16.000,1.800000,0
2021,03,AYACUCHO,PARINACOCHAS,0.000,2.000,0.000000,1
2021,03,AYACUCHO,PAUCAR DEL SARA SARA,0.000,9.000,0.000000,1
2021,03,AYACUCHO,SUCRE,6.000,4.000,2.050000,0
2021,03,AYACUCHO,VILCAS HUAMAN,5.000,8.670,1.698000,0
2021,03,CAJAMARCA,CAJABAMBA,5.200,15.900,1.261538,0
2021,03,CAJAMARCA,CHOTA,21.000,32.250,1.028571,0
2021,03,CAJAMARCA,JAEN,14.490,16.000,1.100000,0
2021,03,CAJAMARCA,SAN IGNACIO,2.600,10.000,1.800000,0
2021,03,CAJAMARCA,SAN MARCOS,0.000,9.000,0.000000,1
2021,03,CAJAMARCA,SAN MIGUEL,0.000,30.000,0.000000,1
2021,03,CAJAMARCA,SANTA CRUZ,5.000,4.500,1.200000,0
2021,03,CUSCO,LA CONVENCION,167.000,288.000,1.180838,0
2021,03,HUANCAVELICA,ACOBAMBA,1.700,4.000,0.894118,0
2021,03,HUANCAVELICA,ANGARAES,0.750,3.000,0.900000,0
2021,03,HUANCAVELICA,CASTROVIRREYNA,0.400,2.000,3.000000,0
2021,03,HUANCAVELICA,CHURCAMPA,2.000,6.000,1.200000,0
2021,03,HUANCAVELICA,HUAYTARA,0.000,3.000,0.000000,1
2021,03,HUANCAVELICA,TAYACAJA,0.000,22.000,0.000000,1
2021,03,HUANUCO,HUACAYBAMBA,20.500,9.000,3.379512,0
2021,03,HUANUCO,HUAMALIES,12.000,22.000,1.100000,0
2021,03,HUANUCO,HUANUCO,3.500,11.250,1.000000,0
2021,03,HUANUCO,LEONCIO PRADO,78.800,103.000,1.053173,0
2021,03,HUANUCO,MARAÑON,6.200,7.000,0.925806,0
2021,03,HUANUCO,PUERTO INCA,2.000,4.000,2.250000,0
2021,03,ICA,CHINCHA,0.000,4.000,0.000000,1
2021,03,ICA,ICA,187.400,20.720,1.500000,0
2021,03,ICA,NASCA,0.000,17.590,0.000000,1
2021,03,ICA,PALPA,0.000,3.109,0.000000,1
2021,03,ICA,PISCO,5.000,35.400,1.500000,0
2021,03,JUNIN,CHANCHAMAYO,42.700,75.000,0.889344,0
2021,03,JUNIN,HUANCAYO,10.200,25.000,0.850000,0
2021,03,JUNIN,SATIPO,296.200,241.000,0.848413,0
2021,03,LA LIBERTAD,ASCOPE,2.500,5.000,1.000000,0
2021,03,LA LIBERTAD,BOLIVAR,6.180,10.000,1.000000,0
2021,03,LA LIBERTAD,CHEPEN,14.000,17.000,1.000000,0
2021,03,LA LIBERTAD,GRAN CHIMU,3.030,1.500,1.000000,0
2021,03,LA LIBERTAD,OTUZCO,1.800,2.000,0.900000,0
2021,03,LA LIBERTAD,PATAZ,13.760,11.250,1.044259,0
2021,03,LA LIBERTAD,SANCHEZ CARRION,7.900,6.500,1.050000,0
2021,03,LA LIBERTAD,VIRU,0.950,120.500,1.050000,0
2021,03,LAMBAYEQUE,CHICLAYO,0.000,8.000,0.000000,1
2021,03,LAMBAYEQUE,FERREÑAFE,32.000,19.000,0.387500,0
2021,03,LAMBAYEQUE,LAMBAYEQUE,5477.000,2321.000,0.603235,0
2021,03,LIMA,CAÑETE,0.000,3.000,0.000000,1
2021,03,LIMA,HUAURA,0.000,19.000,0.000000,1
2021,03,LORETO,ALTO AMAZONAS,308.000,481.000,0.911851,0
2021,03,LORETO,DATEM DEL MARAÑON,47.000,50.000,0.934681,0
2021,03,LORETO,LORETO,76.000,92.000,0.943421,0
2021,03,LORETO,MARISCAL RAMON CASTILLA,45.000,69.000,0.913111,0
2021,03,LORETO,MAYNAS,512.000,932.000,0.963867,0
2021,03,LORETO,PUTUMAYO,11.000,26.000,0.920000,0
2021,03,LORETO,REQUENA,45.000,63.000,0.931333,0
2021,03,LORETO,UCAYALI,117.000,183.000,0.971709,0
2021,03,MADRE DE DIOS,MANU,14.000,32.000,1.528571,0
2021,03,MADRE DE DIOS,TAHUAMANU,10.000,37.500,1.500000,0
2021,03,MADRE DE DIOS,TAMBOPATA,39.000,107.500,1.500000,0
2021,03,MOQUEGUA,GENERAL SANCHEZ CERRO,15.440,13.000,2.098964,0
2021,03,MOQUEGUA,MARISCAL NIETO,13.200,6.000,1.849621,0
2021,03,PASCO,OXAPAMPA,0.000,10.000,0.000000,1
2021,03,PIURA,AYABACA,52.000,87.000,0.861538,0
2021,03,PIURA,HUANCABAMBA,7.000,38.000,0.800000,0
2021,03,PIURA,MORROPON,1266.000,1453.000,0.812954,0
2021,03,PIURA,PAITA,8.000,4.000,0.800000,0
2021,03,PIURA,PIURA,9920.000,11682.000,0.966633,0
2021,03,PIURA,SECHURA,5.000,8.000,0.800000,0
2021,03,PIURA,SULLANA,5151.000,4460.000,1.000000,0
2021,03,PUNO,CARABAYA,0.000,1.000,0.000000,1
2021,03,PUNO,SANDIA,0.000,5.000,0.000000,1
2021,03,SAN MARTIN,BELLAVISTA,22.000,70.400,1.036364,0
2021,03,SAN MARTIN,EL DORADO,15.000,14.000,0.973333,0
2021,03,SAN MARTIN,HUALLAGA,79.000,45.500,0.987342,0
2021,03,SAN MARTIN,LAMAS,85.000,114.000,0.994118,0
2021,03,SAN MARTIN,MARISCAL CACERES,24.000,34.000,1.314583,0
2021,03,SAN MARTIN,MOYOBAMBA,47.000,83.000,0.907660,0
2021,03,SAN MARTIN,PICOTA,144.000,82.500,1.147917,0
2021,03,SAN MARTIN,RIOJA,30.000,20.000,0.500000,0
2021,03,SAN MARTIN,SAN MARTIN,143.000,216.000,1.241259,0
2021,03,SAN MARTIN,TOCACHE,32.000,33.000,0.590625,0
2021,03,TUMBES,CONTRALMIRANTE VILLAR,160.919,81.100,0.750000,0
2021,03,TUMBES,TUMBES,980.547,674.700,0.754919,0
2021,03,TUMBES,ZARUMILLA,6702.789,2162.570,1.080000,0
2021,03,UCAYALI,ATALAYA,155.650,213.000,0.596357,0
2021,03,UCAYALI,CORONEL PORTILLO,1054.720,1506.640,0.599726,0
2021,03,UCAYALI,PADRE ABAD,515.719,591.000,0.607594,0
2021,03,UCAYALI,PURUS,31.700,36.000,0.720000,0
2021,04,AMAZONAS,BAGUA,16.700,28.500,1.155689,0
2021,04,AMAZONAS,CHACHAPOYAS,24.040,43.000,1.679035,0
2021,04,AMAZONAS,LUYA,20.800,30.000,1.691346,0
2021,04,AMAZONAS,UTCUBAMBA,529.000,578.000,1.140454,0
2021,04,ANCASH,CASMA,42.000,64.000,1.800000,0
2021,04,ANCASH,HUARMEY,4.000,4.000,2.000000,0
2021,04,ANCASH,HUAYLAS,20.000,12.000,1.920000,0
2021,04,ANCASH,SANTA,6.000,5.000,1.800000,0
2021,04,APURIMAC,ABANCAY,8.000,29.500,0.687500,0
2021,04,APURIMAC,ANDAHUAYLAS,16.000,23.500,1.628750,0
2021,04,APURIMAC,AYMARAES,1.900,5.000,0.805263,0
2021,04,APURIMAC,CHINCHEROS,10.440,42.500,2.370115,0
2021,04,APURIMAC,GRAU,0.000,2.000,0.000000,1
2021,04,AREQUIPA,CARAVELI,0.000,3.000,0.000000,1
2021,04,AREQUIPA,LA UNION,0.000,10.000,0.000000,1
2021,04,AYACUCHO,HUAMANGA,1.000,2.000,1.400000,0
2021,04,AYACUCHO,HUANTA,12.750,12.500,1.652549,0
2021,04,AYACUCHO,LA MAR,15.000,19.500,2.480000,0
2021,04,AYACUCHO,LUCANAS,11.000,16.000,1.809091,0
2021,04,AYACUCHO,PARINACOCHAS,2.000,2.000,1.400000,0
2021,04,AYACUCHO,PAUCAR DEL SARA SARA,0.000,9.000,0.000000,1
2021,04,AYACUCHO,SUCRE,10.000,4.000,2.110000,0
2021,04,AYACUCHO,VILCAS HUAMAN,8.330,8.670,1.413457,0
2021,04,CAJAMARCA,CAJABAMBA,5.350,15.900,1.262056,0
2021,04,CAJAMARCA,CHOTA,21.000,32.250,1.033333,0
2021,04,CAJAMARCA,JAEN,11.799,16.000,1.100000,0
2021,04,CAJAMARCA,SAN IGNACIO,3.400,10.000,1.800000,0
2021,04,CAJAMARCA,SAN MARCOS,4.150,9.000,1.777108,0
2021,04,CAJAMARCA,SAN MIGUEL,10.000,30.000,2.000000,0
2021,04,CAJAMARCA,SANTA CRUZ,4.000,4.500,1.200000,0
2021,04,CUSCO,LA CONVENCION,61.000,288.000,1.200000,0
2021,04,HUANCAVELICA,ACOBAMBA,6.600,4.000,1.062121,0
2021,04,HUANCAVELICA,ANGARAES,4.750,3.000,1.265789,0
2021,04,HUANCAVELICA,CASTROVIRREYNA,0.450,6.300,3.000000,0
2021,04,HUANCAVELICA,CHURCAMPA,5.800,6.000,1.244828,0
2021,04,HUANCAVELICA,HUAYTARA,2.700,3.000,1.500000,0
2021,04,HUANCAVELICA,TAYACAJA,22.500,22.000,1.149778,0
2021,04,HUANUCO,HUACAYBAMBA,11.000,9.000,3.350000,0
2021,04,HUANUCO,HUAMALIES,19.000,22.000,1.100000,0
2021,04,HUANUCO,HUANUCO,6.600,11.250,1.000000,0
2021,04,HUANUCO,LEONCIO PRADO,101.000,103.000,1.014990,0
2021,04,HUANUCO,MARAÑON,8.000,7.000,0.906250,0
2021,04,HUANUCO,PUERTO INCA,2.000,4.000,1.820000,0
2021,04,ICA,CHINCHA,0.000,4.000,0.000000,1
2021,04,ICA,ICA,237.500,20.720,1.498400,0
2021,04,ICA,NASCA,0.000,17.590,0.000000,1
2021,04,ICA,PALPA,0.000,3.109,0.000000,1
2021,04,ICA,PISCO,0.000,35.400,0.000000,1
2021,04,JUNIN,CHANCHAMAYO,45.200,75.000,0.947788,0
2021,04,JUNIN,HUANCAYO,13.600,25.000,0.900000,0
2021,04,JUNIN,SATIPO,346.100,241.000,0.820110,0
2021,04,LA LIBERTAD,ASCOPE,2.400,5.000,1.100000,0
2021,04,LA LIBERTAD,BOLIVAR,5.730,10.000,1.100000,0
2021,04,LA LIBERTAD,CHEPEN,13.400,17.000,1.100000,0
2021,04,LA LIBERTAD,GRAN CHIMU,3.800,1.500,0.900000,0
2021,04,LA LIBERTAD,OTUZCO,0.000,2.000,0.000000,1
2021,04,LA LIBERTAD,PATAZ,9.889,11.250,0.942315,0
2021,04,LA LIBERTAD,SANCHEZ CARRION,6.120,6.500,0.900000,0
2021,04,LA LIBERTAD,VIRU,0.690,120.500,1.100000,0
2021,04,LAMBAYEQUE,CHICLAYO,0.000,8.000,0.000000,1
2021,04,LAMBAYEQUE,FERREÑAFE,58.000,19.000,0.368966,0
2021,04,LAMBAYEQUE,LAMBAYEQUE,3265.000,2321.000,0.482864,0
2021,04,LIMA,CAÑETE,0.000,3.000,0.000000,1
2021,04,LIMA,HUAURA,0.000,19.000,0.000000,1
2021,04,LORETO,ALTO AMAZONAS,301.000,481.000,0.911130,0
2021,04,LORETO,DATEM DEL MARAÑON,32.000,50.000,0.918750,0
2021,04,LORETO,LORETO,59.000,92.000,0.937966,0
2021,04,LORETO,MARISCAL RAMON CASTILLA,42.000,69.000,0.916190,0
2021,04,LORETO,MAYNAS,548.000,932.000,0.968650,0
2021,04,LORETO,PUTUMAYO,13.000,26.000,0.910000,0
2021,04,LORETO,REQUENA,41.000,63.000,0.921220,0
2021,04,LORETO,UCAYALI,103.000,183.000,0.955825,0
2021,04,MADRE DE DIOS,MANU,14.500,32.000,1.362759,0
2021,04,MADRE DE DIOS,TAHUAMANU,9.500,37.500,1.338947,0
2021,04,MADRE DE DIOS,TAMBOPATA,39.400,107.500,1.420812,0
2021,04,MOQUEGUA,GENERAL SANCHEZ CERRO,5.380,13.000,2.300000,0
2021,04,MOQUEGUA,MARISCAL NIETO,0.000,6.000,0.000000,1
2021,04,PASCO,OXAPAMPA,20.000,10.000,2.000000,0
2021,04,PIURA,AYABACA,24.000,87.000,0.533333,0
2021,04,PIURA,HUANCABAMBA,10.000,38.000,0.800000,0
2021,04,PIURA,MORROPON,1371.000,1453.000,0.817651,0
2021,04,PIURA,PAITA,6.000,4.000,0.800000,0
2021,04,PIURA,PIURA,10043.000,11682.000,0.743509,0
2021,04,PIURA,SECHURA,5.000,8.000,1.000000,0
2021,04,PIURA,SULLANA,4831.000,4460.000,0.800000,0
2021,04,PUNO,CARABAYA,0.000,1.000,0.000000,1
2021,04,PUNO,SANDIA,2.000,5.000,1.000000,0
2021,04,SAN MARTIN,BELLAVISTA,26.500,70.400,1.271698,0
2021,04,SAN MARTIN,EL DORADO,15.000,14.000,0.786667,0
2021,04,SAN MARTIN,HUALLAGA,59.000,45.500,1.455932,0
2021,04,SAN MARTIN,LAMAS,139.000,114.000,1.058633,0
2021,04,SAN MARTIN,MARISCAL CACERES,21.800,34.000,1.406193,0
2021,04,SAN MARTIN,MOYOBAMBA,78.000,83.000,0.901538,0
2021,04,SAN MARTIN,PICOTA,127.000,82.500,1.127559,0
2021,04,SAN MARTIN,RIOJA,34.000,20.000,0.500000,0
2021,04,SAN MARTIN,SAN MARTIN,195.500,220.000,1.157289,0
2021,04,SAN MARTIN,TOCACHE,15.000,33.000,0.673333,0
2021,04,TUMBES,CONTRALMIRANTE VILLAR,165.460,81.600,0.880000,0
2021,04,TUMBES,TUMBES,962.030,674.700,0.918401,0
2021,04,TUMBES,ZARUMILLA,6393.259,2172.570,1.330000,0
2021,04,UCAYALI,ATALAYA,143.600,213.000,0.600919,0
2021,04,UCAYALI,CORONEL PORTILLO,844.849,1512.640,0.603330,0
2021,04,UCAYALI,PADRE ABAD,439.140,594.000,0.601303,0
2021,04,UCAYALI,PURUS,35.270,36.500,0.720000,0
2021,05,AMAZONAS,BAGUA,17.100,28.500,1.397076,0
2021,05,AMAZONAS,CHACHAPOYAS,24.040,43.000,1.531448,0
2021,05,AMAZONAS,LUYA,26.020,30.000,1.726057,0
2021,05,AMAZONAS,UTCUBAMBA,516.000,578.000,1.072674,0
2021,05,ANCASH,CASMA,45.000,64.000,1.700000,0
2021,05,ANCASH,HUARMEY,5.000,4.000,2.000000,0
2021,05,ANCASH,HUAYLAS,19.000,12.000,1.800000,0
2021,05,ANCASH,SANTA,6.000,5.000,1.850000,0
2021,05,APURIMAC,ABANCAY,23.000,29.500,1.373913,0
2021,05,APURIMAC,ANDAHUAYLAS,0.000,23.500,0.000000,1
2021,05,APURIMAC,AYMARAES,1.900,5.000,0.678947,0
2021,05,APURIMAC,CHINCHEROS,0.000,42.500,0.000000,1
2021,05,APURIMAC,GRAU,2.000,2.000,1.300000,0
2021,05,AREQUIPA,CARAVELI,0.000,3.000,0.000000,1
2021,05,AREQUIPA,LA UNION,0.000,10.000,0.000000,1
2021,05,AYACUCHO,HUAMANGA,1.000,2.000,1.200000,0
2021,05,AYACUCHO,HUANTA,22.670,12.670,1.617777,0
2021,05,AYACUCHO,LA MAR,17.000,19.500,2.500000,0
2021,05,AYACUCHO,LUCANAS,11.500,16.000,1.752174,0
2021,05,AYACUCHO,PARINACOCHAS,3.000,2.000,1.400000,0
2021,05,AYACUCHO,PAUCAR DEL SARA SARA,10.000,9.000,2.200000,0
2021,05,AYACUCHO,SUCRE,9.000,4.000,2.444444,0
2021,05,AYACUCHO,VILCAS HUAMAN,8.670,8.670,1.552353,0
2021,05,CAJAMARCA,CAJABAMBA,5.400,15.900,1.260185,0
2021,05,CAJAMARCA,CHOTA,24.000,32.250,1.020833,0
2021,05,CAJAMARCA,JAEN,9.920,16.000,1.116935,0
2021,05,CAJAMARCA,SAN IGNACIO,4.500,10.000,2.000000,0
2021,05,CAJAMARCA,SAN MARCOS,4.130,9.000,1.400000,0
2021,05,CAJAMARCA,SAN MIGUEL,15.000,30.000,2.000000,0
2021,05,CAJAMARCA,SANTA CRUZ,11.000,4.500,1.090909,0
2021,05,CUSCO,LA CONVENCION,52.200,288.000,0.700000,0
2021,05,HUANCAVELICA,ACOBAMBA,6.600,4.000,1.039394,0
2021,05,HUANCAVELICA,ANGARAES,6.350,3.000,1.142520,0
2021,05,HUANCAVELICA,CASTROVIRREYNA,0.400,6.300,3.000000,0
2021,05,HUANCAVELICA,CHURCAMPA,8.800,6.000,1.077273,0
2021,05,HUANCAVELICA,HUAYTARA,5.000,3.000,2.000000,0
2021,05,HUANCAVELICA,TAYACAJA,37.000,22.000,1.154054,0
2021,05,HUANUCO,HUACAYBAMBA,5.000,9.000,3.210000,0
2021,05,HUANUCO,HUAMALIES,19.400,22.000,1.200000,0
2021,05,HUANUCO,HUANUCO,8.900,11.250,0.820225,0
2021,05,HUANUCO,LEONCIO PRADO,122.900,103.000,1.080431,0
2021,05,HUANUCO,MARAÑON,13.300,7.000,0.904286,0
2021,05,HUANUCO,PUERTO INCA,1.400,4.000,1.800000,0
2021,05,ICA,CHINCHA,0.000,4.000,0.000000,1
2021,05,ICA,ICA,63.400,20.720,1.452681,0
2021,05,ICA,NASCA,0.000,17.590,0.000000,1
2021,05,ICA,PALPA,0.000,3.109,0.000000,1
2021,05,ICA,PISCO,10.000,35.400,1.200000,0
2021,05,JUNIN,CHANCHAMAYO,55.900,75.000,0.875850,0
2021,05,JUNIN,HUANCAYO,13.600,25.000,1.200000,0
2021,05,JUNIN,SATIPO,350.300,241.000,0.720782,0
2021,05,LA LIBERTAD,ASCOPE,2.450,5.000,1.000000,0
2021,05,LA LIBERTAD,BOLIVAR,4.570,10.000,1.023414,0
2021,05,LA LIBERTAD,CHEPEN,13.900,17.000,1.100000,0
2021,05,LA LIBERTAD,GRAN CHIMU,2.080,1.500,1.071154,0
2021,05,LA LIBERTAD,OTUZCO,0.650,2.000,1.000000,0
2021,05,LA LIBERTAD,PATAZ,11.100,11.250,0.900000,0
2021,05,LA LIBERTAD,SANCHEZ CARRION,3.440,6.500,0.900000,0
2021,05,LA LIBERTAD,VIRU,0.690,120.500,1.000000,0
2021,05,LAMBAYEQUE,CHICLAYO,0.000,8.000,0.000000,1
2021,05,LAMBAYEQUE,FERREÑAFE,14.000,19.000,0.428571,0
2021,05,LAMBAYEQUE,LAMBAYEQUE,3307.000,2293.000,0.482446,0
2021,05,LIMA,CAÑETE,0.000,3.000,0.000000,1
2021,05,LIMA,HUAURA,0.000,19.000,0.000000,1
2021,05,LORETO,ALTO AMAZONAS,309.000,481.000,0.912816,0
2021,05,LORETO,DATEM DEL MARAÑON,31.000,50.000,0.920645,0
2021,05,LORETO,LORETO,61.000,92.000,0.922459,0
2021,05,LORETO,MARISCAL RAMON CASTILLA,39.000,69.000,0.923590,0
2021,05,LORETO,MAYNAS,521.000,932.000,0.956123,0
2021,05,LORETO,PUTUMAYO,15.000,26.000,0.910000,0
2021,05,LORETO,REQUENA,44.000,63.000,0.906364,0
2021,05,LORETO,UCAYALI,86.000,183.000,0.941163,0
2021,05,MADRE DE DIOS,MANU,18.700,32.000,1.489840,0
2021,05,MADRE DE DIOS,TAHUAMANU,10.100,37.500,1.559406,0
2021,05,MADRE DE DIOS,TAMBOPATA,40.000,107.500,1.600000,0
2021,05,MOQUEGUA,GENERAL SANCHEZ CERRO,0.000,13.000,0.000000,1
2021,05,MOQUEGUA,MARISCAL NIETO,13.259,6.000,1.900000,0
2021,05,PASCO,OXAPAMPA,60.000,10.000,2.500000,0
2021,05,PIURA,AYABACA,31.000,87.000,0.864516,0
2021,05,PIURA,HUANCABAMBA,10.000,38.000,0.710000,0
2021,05,PIURA,MORROPON,1303.000,1453.000,0.809056,0
2021,05,PIURA,PAITA,4.000,4.000,1.000000,0
2021,05,PIURA,PIURA,7901.000,11682.000,0.763569,0
2021,05,PIURA,SECHURA,7.000,8.000,1.000000,0
2021,05,PIURA,SULLANA,5280.000,4460.000,1.000000,0
2021,05,PUNO,CARABAYA,2.000,1.000,0.700000,0
2021,05,PUNO,SANDIA,12.000,5.000,0.991667,0
2021,05,SAN MARTIN,BELLAVISTA,29.000,70.400,0.972414,0
2021,05,SAN MARTIN,EL DORADO,12.000,14.000,0.550000,0
2021,05,SAN MARTIN,HUALLAGA,32.000,45.500,2.121875,0
2021,05,SAN MARTIN,LAMAS,104.000,114.000,1.052885,0
2021,05,SAN MARTIN,MARISCAL CACERES,30.000,34.000,1.278000,0
2021,05,SAN MARTIN,MOYOBAMBA,70.000,83.000,1.298571,0
2021,05,SAN MARTIN,PICOTA,122.000,82.500,1.180328,0
2021,05,SAN MARTIN,RIOJA,50.000,20.000,0.500000,0
2021,05,SAN MARTIN,SAN MARTIN,175.500,225.000,1.220798,0
2021,05,SAN MARTIN,TOCACHE,12.000,33.000,0.500000,0
2021,05,TUMBES,CONTRALMIRANTE VILLAR,160.419,81.600,0.880000,0
2021,05,TUMBES,TUMBES,794.533,674.700,0.789197,0
2021,05,TUMBES,ZARUMILLA,5312.005,2181.570,0.820000,0
2021,05,UCAYALI,ATALAYA,153.430,215.000,0.595678,0
2021,05,UCAYALI,CORONEL PORTILLO,921.810,1520.640,0.600321,0
2021,05,UCAYALI,PADRE ABAD,648.280,597.000,0.592135,0
2021,05,UCAYALI,PURUS,29.340,36.500,0.700000,0
2021,06,AMAZONAS,BAGUA,16.800,28.500,1.458929,0
2021,06,AMAZONAS,CHACHAPOYAS,23.030,43.000,2.721841,0
2021,06,AMAZONAS,LUYA,23.900,30.000,1.749791,0
2021,06,AMAZONAS,UTCUBAMBA,514.000,578.000,1.003891,0
2021,06,ANCASH,CASMA,43.000,64.000,1.667442,0
2021,06,ANCASH,HUARMEY,5.000,4.000,2.000000,0
2021,06,ANCASH,HUAYLAS,18.000,12.000,1.722222,0
2021,06,ANCASH,SANTA,6.000,5.000,1.600000,0
2021,06,APURIMAC,ABANCAY,8.000,29.500,0.887500,0
2021,06,APURIMAC,ANDAHUAYLAS,0.000,23.500,0.000000,1
2021,06,APURIMAC,AYMARAES,1.800,5.000,0.866667,0
2021,06,APURIMAC,CHINCHEROS,0.000,49.500,0.000000,1
2021,06,APURIMAC,GRAU,0.000,2.000,0.000000,1
2021,06,AREQUIPA,CARAVELI,9.310,3.000,1.500000,0
2021,06,AREQUIPA,LA UNION,0.000,10.000,0.000000,1
2021,06,AYACUCHO,HUAMANGA,1.250,2.000,1.350000,0
2021,06,AYACUCHO,HUANTA,15.500,12.500,1.603226,0
2021,06,AYACUCHO,LA MAR,13.830,19.330,2.593138,0
2021,06,AYACUCHO,LUCANAS,10.000,16.000,1.750000,0
2021,06,AYACUCHO,PARINACOCHAS,4.000,2.000,1.350000,0
2021,06,AYACUCHO,PAUCAR DEL SARA SARA,24.000,9.000,2.200000,0
2021,06,AYACUCHO,SUCRE,0.000,4.000,0.000000,1
2021,06,AYACUCHO,VILCAS HUAMAN,10.670,8.670,1.500000,0
2021,06,CAJAMARCA,CAJABAMBA,5.360,15.900,1.261381,0
2021,06,CAJAMARCA,CHOTA,30.500,32.250,1.036066,0
2021,06,CAJAMARCA,JAEN,6.840,16.000,1.126462,0
2021,06,CAJAMARCA,SAN IGNACIO,6.850,10.000,2.000000,0
2021,06,CAJAMARCA,SAN MARCOS,1.600,9.000,1.600000,0
2021,06,CAJAMARCA,SAN MIGUEL,22.000,30.000,1.200000,0
2021,06,CAJAMARCA,SANTA CRUZ,4.000,4.500,1.200000,0
2021,06,CUSCO,LA CONVENCION,52.500,288.000,1.200000,0
2021,06,HUANCAVELICA,ACOBAMBA,4.300,4.000,1.159884,0
2021,06,HUANCAVELICA,ANGARAES,3.450,3.000,1.159420,0
2021,06,HUANCAVELICA,CASTROVIRREYNA,0.450,6.300,3.000000,0
2021,06,HUANCAVELICA,CHURCAMPA,8.100,6.000,0.960494,0
2021,06,HUANCAVELICA,HUAYTARA,2.500,3.000,2.000000,0
2021,06,HUANCAVELICA,TAYACAJA,23.800,22.000,1.089916,0
2021,06,HUANUCO,HUACAYBAMBA,0.000,9.000,0.000000,1
2021,06,HUANUCO,HUAMALIES,23.000,22.000,1.000000,0
2021,06,HUANUCO,HUANUCO,11.000,11.250,0.880000,0
2021,06,HUANUCO,LEONCIO PRADO,160.800,103.000,0.962786,0
2021,06,HUANUCO,MARAÑON,10.700,7.000,0.915047,0
2021,06,HUANUCO,PUERTO INCA,1.500,4.000,1.673333,0
2021,06,ICA,CHINCHA,0.000,4.000,0.000000,1
2021,06,ICA,ICA,56.319,20.720,1.275831,0
2021,06,ICA,NASCA,83.100,17.590,1.206859,0
2021,06,ICA,PALPA,0.000,3.109,0.000000,1
2021,06,ICA,PISCO,97.200,35.400,1.131481,0
2021,06,JUNIN,CHANCHAMAYO,54.250,75.000,1.000000,0
2021,06,JUNIN,HUANCAYO,13.600,25.000,1.700000,0
2021,06,JUNIN,SATIPO,348.900,241.000,0.697034,0
2021,06,LA LIBERTAD,ASCOPE,2.490,5.000,1.000000,0
2021,06,LA LIBERTAD,BOLIVAR,3.400,10.000,0.900000,0
2021,06,LA LIBERTAD,CHEPEN,14.000,17.000,1.000000,0
2021,06,LA LIBERTAD,GRAN CHIMU,0.520,1.500,0.900000,0
2021,06,LA LIBERTAD,OTUZCO,1.000,2.000,0.900000,0
2021,06,LA LIBERTAD,PATAZ,8.810,11.250,0.900000,0
2021,06,LA LIBERTAD,SANCHEZ CARRION,1.010,6.500,0.900000,0
2021,06,LA LIBERTAD,VIRU,0.690,120.500,1.000000,0
2021,06,LAMBAYEQUE,CHICLAYO,0.000,8.000,0.000000,1
2021,06,LAMBAYEQUE,FERREÑAFE,9.000,19.000,0.341111,0
2021,06,LAMBAYEQUE,LAMBAYEQUE,2129.000,2293.000,0.586858,0
2021,06,LIMA,CAÑETE,0.000,3.000,0.000000,1
2021,06,LIMA,HUAURA,38.700,19.000,1.300000,0
2021,06,LORETO,ALTO AMAZONAS,251.000,481.000,0.912590,0
2021,06,LORETO,DATEM DEL MARAÑON,33.000,50.000,0.915758,0
2021,06,LORETO,LORETO,39.000,92.000,0.924615,0
2021,06,LORETO,MARISCAL RAMON CASTILLA,47.000,69.000,0.923404,0
2021,06,LORETO,MAYNAS,503.000,932.000,0.958072,0
2021,06,LORETO,PUTUMAYO,16.000,26.000,0.910000,0
2021,06,LORETO,REQUENA,43.000,63.000,0.910000,0
2021,06,LORETO,UCAYALI,107.000,183.000,0.940748,0
2021,06,MADRE DE DIOS,MANU,11.200,32.000,1.500000,0
2021,06,MADRE DE DIOS,TAHUAMANU,9.400,37.500,1.559574,0
2021,06,MADRE DE DIOS,TAMBOPATA,37.600,107.500,1.581383,0
2021,06,MOQUEGUA,GENERAL SANCHEZ CERRO,0.000,13.000,0.000000,1
2021,06,MOQUEGUA,MARISCAL NIETO,6.658,6.000,2.000000,0
2021,06,PASCO,OXAPAMPA,20.000,10.000,2.500000,0
2021,06,PIURA,AYABACA,22.000,87.000,0.886364,0
2021,06,PIURA,HUANCABAMBA,10.000,38.000,0.800000,0
2021,06,PIURA,MORROPON,1363.000,1453.000,0.627146,0
2021,06,PIURA,PAITA,6.000,4.000,0.800000,0
2021,06,PIURA,PIURA,5493.000,11682.000,1.000000,0
2021,06,PIURA,SECHURA,5.000,8.000,1.000000,0
2021,06,PIURA,SULLANA,4863.000,4460.000,0.800000,0
2021,06,PUNO,CARABAYA,3.100,1.000,0.700000,0
2021,06,PUNO,SANDIA,19.200,5.000,1.101042,0
2021,06,SAN MARTIN,BELLAVISTA,28.500,70.400,1.033333,0
2021,06,SAN MARTIN,EL DORADO,24.000,14.000,0.500000,0
2021,06,SAN MARTIN,HUALLAGA,23.000,45.500,2.221739,0
2021,06,SAN MARTIN,LAMAS,103.000,114.000,0.985437,0
2021,06,SAN MARTIN,MARISCAL CACERES,23.000,34.000,1.293478,0
2021,06,SAN MARTIN,MOYOBAMBA,0.000,83.000,0.000000,1
2021,06,SAN MARTIN,PICOTA,100.000,82.500,1.365000,0
2021,06,SAN MARTIN,RIOJA,11.000,20.000,0.500000,0
2021,06,SAN MARTIN,SAN MARTIN,72.500,225.000,1.296552,0
2021,06,SAN MARTIN,TOCACHE,14.000,33.000,0.550000,0
2021,06,TUMBES,CONTRALMIRANTE VILLAR,141.090,81.600,1.250000,0
2021,06,TUMBES,TUMBES,326.606,674.700,1.728381,0
2021,06,TUMBES,ZARUMILLA,3917.315,2188.570,1.370000,0
2021,06,UCAYALI,ATALAYA,121.200,215.000,0.620000,0
2021,06,UCAYALI,CORONEL PORTILLO,779.450,1522.640,0.600333,0
2021,06,UCAYALI,PADRE ABAD,473.229,600.000,0.605437,0
2021,06,UCAYALI,PURUS,33.700,36.500,0.730000,0
2021,07,AMAZONAS,BAGUA,15.300,28.500,1.441176,0
2021,07,AMAZONAS,CHACHAPOYAS,22.000,43.000,2.959091,0
2021,07,AMAZONAS,LUYA,22.750,30.000,1.787692,0
2021,07,AMAZONAS,UTCUBAMBA,546.000,578.000,1.004579,0
2021,07,ANCASH,CASMA,44.000,64.000,1.563636,0
2021,07,ANCASH,HUARMEY,5.000,4.000,2.200000,0
2021,07,ANCASH,HUAYLAS,20.000,12.000,1.800000,0
2021,07,ANCASH,SANTA,7.000,5.000,1.800000,0
2021,07,APURIMAC,ABANCAY,23.000,29.500,1.252174,0
2021,07,APURIMAC,ANDAHUAYLAS,0.000,23.500,0.000000,1
2021,07,APURIMAC,AYMARAES,1.800,5.000,0.950000,0
2021,07,APURIMAC,CHINCHEROS,0.000,49.500,0.000000,1
2021,07,APURIMAC,GRAU,1.000,2.000,1.400000,0
2021,07,AREQUIPA,CARAVELI,0.000,3.000,0.000000,1
2021,07,AREQUIPA,LA UNION,0.000,10.000,0.000000,1
2021,07,AYACUCHO,HUAMANGA,1.200,1.800,1.480000,0
2021,07,AYACUCHO,HUANTA,6.330,12.670,1.567314,0
2021,07,AYACUCHO,LA MAR,12.830,19.670,2.386984,0
2021,07,AYACUCHO,LUCANAS,6.000,16.000,1.666667,0
2021,07,AYACUCHO,PARINACOCHAS,3.000,2.000,1.300000,0
2021,07,AYACUCHO,PAUCAR DEL SARA SARA,0.000,9.000,0.000000,1
2021,07,AYACUCHO,SUCRE,0.000,4.000,0.000000,1
2021,07,AYACUCHO,VILCAS HUAMAN,9.500,8.670,1.342105,0
2021,07,CAJAMARCA,CAJABAMBA,5.520,15.900,9.476087,0
2021,07,CAJAMARCA,CHOTA,20.000,32.250,1.025000,0
2021,07,CAJAMARCA,JAEN,9.530,16.000,1.116275,0
2021,07,CAJAMARCA,SAN IGNACIO,7.500,10.000,2.000000,0
2021,07,CAJAMARCA,SAN MARCOS,2.300,9.000,1.600000,0
2021,07,CAJAMARCA,SAN MIGUEL,31.000,30.000,1.441935,0
2021,07,CAJAMARCA,SANTA CRUZ,5.000,4.500,1.120000,0
2021,07,CUSCO,LA CONVENCION,53.000,288.000,1.200000,0
2021,07,HUANCAVELICA,ACOBAMBA,1.250,4.000,1.256000,0
2021,07,HUANCAVELICA,ANGARAES,0.750,3.000,1.400000,0
2021,07,HUANCAVELICA,CASTROVIRREYNA,0.450,6.300,3.000000,0
2021,07,HUANCAVELICA,CHURCAMPA,4.000,6.000,1.000000,0
2021,07,HUANCAVELICA,HUAYTARA,0.600,3.000,1.750000,0
2021,07,HUANCAVELICA,TAYACAJA,9.300,22.000,1.020430,0
2021,07,HUANUCO,HUACAYBAMBA,0.000,9.000,0.000000,1
2021,07,HUANUCO,HUAMALIES,14.000,22.000,1.000000,0
2021,07,HUANUCO,HUANUCO,12.500,11.250,1.132960,0
2021,07,HUANUCO,LEONCIO PRADO,95.200,103.000,0.982206,0
2021,07,HUANUCO,MARAÑON,6.400,7.000,0.911719,0
2021,07,HUANUCO,PUERTO INCA,1.400,4.000,1.621429,0
2021,07,ICA,CHINCHA,0.000,4.000,0.000000,1
2021,07,ICA,ICA,31.190,20.720,1.223854,0
2021,07,ICA,NASCA,205.000,17.590,1.250000,0
2021,07,ICA,PALPA,0.880,3.109,1.000000,0
2021,07,ICA,PISCO,177.300,35.400,1.163424,0
2021,07,JUNIN,CHANCHAMAYO,48.200,75.000,1.000000,0
2021,07,JUNIN,HUANCAYO,8.500,25.000,1.000000,0
2021,07,JUNIN,SATIPO,230.400,241.000,0.651476,0
2021,07,LA LIBERTAD,ASCOPE,0.000,5.000,0.000000,1
2021,07,LA LIBERTAD,BOLIVAR,3.370,10.000,1.000000,0
2021,07,LA LIBERTAD,CHEPEN,0.000,17.000,0.000000,1
2021,07,LA LIBERTAD,GRAN CHIMU,0.200,1.500,0.900000,0
2021,07,LA LIBERTAD,OTUZCO,2.450,2.000,1.000000,0
2021,07,LA LIBERTAD,PATAZ,4.357,11.250,0.900000,0
2021,07,LA LIBERTAD,SANCHEZ CARRION,0.800,6.500,0.900000,0
2021,07,LA LIBERTAD,VIRU,0.568,120.500,1.100000,0
2021,07,LAMBAYEQUE,CHICLAYO,0.000,8.000,0.000000,1
2021,07,LAMBAYEQUE,FERREÑAFE,11.000,19.000,0.407273,0
2021,07,LAMBAYEQUE,LAMBAYEQUE,2046.000,2293.000,0.562141,0
2021,07,LIMA,CAÑETE,0.000,3.000,0.000000,1
2021,07,LIMA,HUAURA,0.000,19.000,0.000000,1
2021,07,LORETO,ALTO AMAZONAS,248.000,481.000,0.913024,0
2021,07,LORETO,DATEM DEL MARAÑON,32.000,50.000,0.917813,0
2021,07,LORETO,LORETO,37.000,92.000,0.921351,0
2021,07,LORETO,MARISCAL RAMON CASTILLA,41.000,69.000,0.920000,0
2021,07,LORETO,MAYNAS,451.000,932.000,0.943171,0
2021,07,LORETO,PUTUMAYO,14.000,26.000,0.910000,0
2021,07,LORETO,REQUENA,34.000,63.000,0.913529,0
2021,07,LORETO,UCAYALI,94.000,183.000,0.930106,0
2021,07,MADRE DE DIOS,MANU,14.900,32.000,1.626174,0
2021,07,MADRE DE DIOS,TAHUAMANU,12.800,37.500,1.739844,0
2021,07,MADRE DE DIOS,TAMBOPATA,37.600,107.500,1.701064,0
2021,07,MOQUEGUA,GENERAL SANCHEZ CERRO,5.400,13.000,2.300000,0
2021,07,MOQUEGUA,MARISCAL NIETO,0.000,6.000,0.000000,1
2021,07,PASCO,OXAPAMPA,0.000,10.000,0.000000,1
2021,07,PIURA,AYABACA,10.000,87.000,1.000000,0
2021,07,PIURA,HUANCABAMBA,10.000,38.000,0.708000,0
2021,07,PIURA,MORROPON,1126.000,1453.000,1.011510,0
2021,07,PIURA,PAITA,7.000,4.000,1.000000,0
2021,07,PIURA,PIURA,5507.000,11682.000,1.000000,0
2021,07,PIURA,SECHURA,5.000,8.000,1.000000,0
2021,07,PIURA,SULLANA,7233.000,4460.000,1.000000,0
2021,07,PUNO,CARABAYA,5.000,1.000,0.700000,0
2021,07,PUNO,SANDIA,12.100,5.000,1.100826,0
2021,07,SAN MARTIN,BELLAVISTA,14.000,70.400,1.450000,0
2021,07,SAN MARTIN,EL DORADO,12.000,14.000,0.541667,0
2021,07,SAN MARTIN,HUALLAGA,10.000,45.500,2.320000,0
2021,07,SAN MARTIN,LAMAS,77.000,114.000,1.012987,0
2021,07,SAN MARTIN,MARISCAL CACERES,31.000,34.000,1.317742,0
2021,07,SAN MARTIN,MOYOBAMBA,0.000,83.000,0.000000,1
2021,07,SAN MARTIN,PICOTA,68.000,82.500,1.758824,0
2021,07,SAN MARTIN,RIOJA,9.000,20.000,0.600000,0
2021,07,SAN MARTIN,SAN MARTIN,66.500,225.000,1.312030,0
2021,07,SAN MARTIN,TOCACHE,25.000,33.000,0.600000,0
2021,07,TUMBES,CONTRALMIRANTE VILLAR,110.940,83.850,1.500000,0
2021,07,TUMBES,TUMBES,195.297,678.700,1.994368,0
2021,07,TUMBES,ZARUMILLA,2325.270,2198.570,2.300000,0
2021,07,UCAYALI,ATALAYA,138.090,215.000,0.622505,0
2021,07,UCAYALI,CORONEL PORTILLO,697.410,1531.640,0.604208,0
2021,07,UCAYALI,PADRE ABAD,414.000,604.000,0.603948,0
2021,07,UCAYALI,PURUS,25.760,36.500,0.750000,0
2021,08,AMAZONAS,BAGUA,13.400,28.500,1.823881,0
2021,08,AMAZONAS,CHACHAPOYAS,20.200,43.000,2.925743,0
2021,08,AMAZONAS,LUYA,20.610,30.000,1.823193,0
2021,08,AMAZONAS,UTCUBAMBA,333.000,578.000,1.269670,0
2021,08,ANCASH,CASMA,38.000,64.000,1.815789,0
2021,08,ANCASH,HUARMEY,4.000,4.000,2.300000,0
2021,08,ANCASH,HUAYLAS,17.000,12.000,1.882353,0
2021,08,ANCASH,SANTA,6.000,5.000,2.000000,0
2021,08,APURIMAC,ABANCAY,7.000,29.500,0.828571,0
2021,08,APURIMAC,ANDAHUAYLAS,0.000,23.500,0.000000,1
2021,08,APURIMAC,AYMARAES,1.400,5.000,0.850000,0
2021,08,APURIMAC,CHINCHEROS,0.000,49.500,0.000000,1
2021,08,APURIMAC,GRAU,0.000,2.000,0.000000,1
2021,08,AREQUIPA,CARAVELI,0.000,3.000,0.000000,1
2021,08,AREQUIPA,LA UNION,0.000,10.000,0.000000,1
2021,08,AYACUCHO,HUAMANGA,1.000,1.750,1.250000,0
2021,08,AYACUCHO,HUANTA,5.000,13.000,1.710000,0
2021,08,AYACUCHO,LA MAR,10.000,19.670,2.100000,0
2021,08,AYACUCHO,LUCANAS,0.000,16.000,0.000000,1
2021,08,AYACUCHO,PARINACOCHAS,0.000,2.000,0.000000,1
2021,08,AYACUCHO,PAUCAR DEL SARA SARA,0.000,9.000,0.000000,1
2021,08,AYACUCHO,SUCRE,0.000,4.000,0.000000,1
2021,08,AYACUCHO,VILCAS HUAMAN,2.000,8.670,1.500000,0
2021,08,CAJAMARCA,CAJABAMBA,3.500,15.900,1.293714,0
2021,08,CAJAMARCA,CHOTA,5.000,32.250,0.800000,0
2021,08,CAJAMARCA,JAEN,5.160,16.000,1.137422,0
2021,08,CAJAMARCA,SAN IGNACIO,5.830,10.000,2.130189,0
2021,08,CAJAMARCA,SAN MARCOS,1.580,9.000,1.600000,0
2021,08,CAJAMARCA,SAN MIGUEL,36.500,30.000,1.413699,0
2021,08,CAJAMARCA,SANTA CRUZ,0.000,4.500,0.000000,1
2021,08,CUSCO,LA CONVENCION,45.000,288.000,1.100000,0
2021,08,HUANCAVELICA,ACOBAMBA,0.000,4.000,0.000000,1
2021,08,HUANCAVELICA,ANGARAES,0.000,3.000,0.000000,1
2021,08,HUANCAVELICA,CASTROVIRREYNA,0.400,6.300,3.000000,0
2021,08,HUANCAVELICA,CHURCAMPA,1.200,6.000,1.000000,0
2021,08,HUANCAVELICA,HUAYTARA,0.000,3.000,0.000000,1
2021,08,HUANCAVELICA,TAYACAJA,0.000,19.000,0.000000,1
2021,08,HUANUCO,HUACAYBAMBA,0.000,9.000,0.000000,1
2021,08,HUANUCO,HUAMALIES,16.200,22.000,1.000000,0
2021,08,HUANUCO,HUANUCO,8.000,11.250,1.046875,0
2021,08,HUANUCO,LEONCIO PRADO,67.200,103.000,1.043274,0
2021,08,HUANUCO,MARAÑON,2.600,7.000,0.957692,0
2021,08,HUANUCO,PUERTO INCA,2.000,4.000,1.720000,0
2021,08,ICA,CHINCHA,0.000,4.000,0.000000,1
2021,08,ICA,ICA,6.950,20.720,1.438849,0
2021,08,ICA,NASCA,42.850,17.590,1.380000,0
2021,08,ICA,PALPA,0.000,3.110,0.000000,1
2021,08,ICA,PISCO,185.400,35.400,1.189213,0
2021,08,JUNIN,CHANCHAMAYO,32.150,75.000,0.995801,0
2021,08,JUNIN,HUANCAYO,10.200,25.000,1.500000,0
2021,08,JUNIN,SATIPO,136.400,241.000,0.654619,0
2021,08,LA LIBERTAD,ASCOPE,2.400,5.000,1.000000,0
2021,08,LA LIBERTAD,BOLIVAR,3.800,10.000,1.000000,0
2021,08,LA LIBERTAD,CHEPEN,0.000,17.000,0.000000,1
2021,08,LA LIBERTAD,GRAN CHIMU,0.000,1.500,0.000000,1
2021,08,LA LIBERTAD,OTUZCO,0.630,2.000,1.000000,0
2021,08,LA LIBERTAD,PATAZ,3.950,11.250,0.900000,0
2021,08,LA LIBERTAD,SANCHEZ CARRION,0.700,14.500,0.900000,0
2021,08,LA LIBERTAD,VIRU,0.400,120.500,1.000000,0
2021,08,LAMBAYEQUE,CHICLAYO,0.000,8.000,0.000000,1
2021,08,LAMBAYEQUE,FERREÑAFE,11.000,19.000,0.350000,0
2021,08,LAMBAYEQUE,LAMBAYEQUE,2858.000,2293.000,0.782792,0
2021,08,LIMA,CAÑETE,0.000,3.000,0.000000,1
2021,08,LIMA,HUAURA,0.000,19.000,0.000000,1
2021,08,LORETO,ALTO AMAZONAS,242.000,481.000,0.919421,0
2021,08,LORETO,DATEM DEL MARAÑON,27.000,50.000,0.919630,0
2021,08,LORETO,LORETO,44.000,92.000,0.934545,0
2021,08,LORETO,MARISCAL RAMON CASTILLA,35.000,69.000,0.913714,0
2021,08,LORETO,MAYNAS,433.000,932.000,0.944157,0
2021,08,LORETO,PUTUMAYO,14.000,26.000,0.929286,0
2021,08,LORETO,REQUENA,34.000,63.000,0.913529,0
2021,08,LORETO,UCAYALI,86.000,183.000,0.929767,0
2021,08,MADRE DE DIOS,MANU,11.500,32.000,1.896522,0
2021,08,MADRE DE DIOS,TAHUAMANU,9.400,37.500,1.719149,0
2021,08,MADRE DE DIOS,TAMBOPATA,33.800,109.500,1.555621,0
2021,08,MOQUEGUA,GENERAL SANCHEZ CERRO,0.000,13.000,0.000000,1
2021,08,MOQUEGUA,MARISCAL NIETO,0.000,6.000,0.000000,1
2021,08,PASCO,OXAPAMPA,0.000,10.000,0.000000,1
2021,08,PIURA,AYABACA,10.000,87.000,1.200000,0
2021,08,PIURA,HUANCABAMBA,10.000,38.000,0.624000,0
2021,08,PIURA,MORROPON,1065.000,1453.000,0.830047,0
2021,08,PIURA,PAITA,7.000,8.000,1.000000,0
2021,08,PIURA,PIURA,7316.000,11683.000,1.016979,0
2021,08,PIURA,SECHURA,7.000,8.000,1.100000,0
2021,08,PIURA,SULLANA,6333.000,4460.000,1.000000,0
2021,08,PUNO,CARABAYA,0.300,1.000,0.700000,0
2021,08,PUNO,SANDIA,1.400,5.000,1.107143,0
2021,08,SAN MARTIN,BELLAVISTA,12.000,70.400,1.408333,0
2021,08,SAN MARTIN,EL DORADO,16.000,14.000,0.550000,0
2021,08,SAN MARTIN,HUALLAGA,25.000,45.500,2.284000,0
2021,08,SAN MARTIN,LAMAS,71.000,114.000,1.336620,0
2021,08,SAN MARTIN,MARISCAL CACERES,38.000,34.000,1.334211,0
2021,08,SAN MARTIN,MOYOBAMBA,0.000,74.000,0.000000,1
2021,08,SAN MARTIN,PICOTA,52.000,82.500,1.934615,0
2021,08,SAN MARTIN,RIOJA,0.000,22.000,0.000000,1
2021,08,SAN MARTIN,SAN MARTIN,43.500,225.000,1.344828,0
2021,08,SAN MARTIN,TOCACHE,7.000,13.000,0.500000,0
2021,08,TUMBES,CONTRALMIRANTE VILLAR,102.200,84.850,2.000000,0
2021,08,TUMBES,TUMBES,144.769,678.700,2.103784,0
2021,08,TUMBES,ZARUMILLA,1540.723,2207.569,2.000000,0
2021,08,UCAYALI,ATALAYA,111.700,215.000,0.631370,0
2021,08,UCAYALI,CORONEL PORTILLO,643.290,1533.640,0.620313,0
2021,08,UCAYALI,PADRE ABAD,319.190,611.000,0.615066,0
2021,08,UCAYALI,PURUS,19.200,36.500,0.750000,0
2021,09,AMAZONAS,BAGUA,14.000,28.500,1.795714,0
2021,09,AMAZONAS,CHACHAPOYAS,20.100,43.000,2.876119,0
2021,09,AMAZONAS,LUYA,21.800,30.000,1.788073,0
2021,09,AMAZONAS,UTCUBAMBA,321.000,578.000,3.303738,0
2021,09,ANCASH,CASMA,41.000,64.000,1.909756,0
2021,09,ANCASH,HUARMEY,5.000,4.000,2.500000,0
2021,09,ANCASH,HUAYLAS,20.000,12.000,1.910000,0
2021,09,ANCASH,SANTA,7.000,5.000,2.300000,0
2021,09,APURIMAC,ABANCAY,20.000,29.500,1.370000,0
2021,09,APURIMAC,ANDAHUAYLAS,0.000,23.500,0.000000,1
2021,09,APURIMAC,AYMARAES,1.400,5.000,0.757143,0
2021,09,APURIMAC,CHINCHEROS,0.000,49.500,0.000000,1
2021,09,APURIMAC,GRAU,1.000,2.000,1.500000,0
2021,09,AREQUIPA,CARAVELI,0.000,3.000,0.000000,1
2021,09,AREQUIPA,LA UNION,0.000,10.000,0.000000,1
2021,09,AYACUCHO,HUAMANGA,0.750,1.500,1.180000,0
2021,09,AYACUCHO,HUANTA,0.000,13.000,0.000000,1
2021,09,AYACUCHO,LA MAR,11.000,19.500,2.536364,0
2021,09,AYACUCHO,LUCANAS,0.000,5.000,0.000000,1
2021,09,AYACUCHO,PARINACOCHAS,0.000,2.000,0.000000,1
2021,09,AYACUCHO,PAUCAR DEL SARA SARA,0.000,9.000,0.000000,1
2021,09,AYACUCHO,SUCRE,0.000,4.000,0.000000,1
2021,09,AYACUCHO,VILCAS HUAMAN,0.000,8.670,0.000000,1
2021,09,CAJAMARCA,CAJABAMBA,5.539,15.900,1.367720,0
2021,09,CAJAMARCA,CHOTA,0.000,32.250,0.000000,1
2021,09,CAJAMARCA,JAEN,5.079,16.000,1.134436,0
2021,09,CAJAMARCA,SAN IGNACIO,1.920,10.000,2.000000,0
2021,09,CAJAMARCA,SAN MARCOS,1.550,9.000,1.500000,0
2021,09,CAJAMARCA,SAN MIGUEL,22.000,30.000,1.600000,0
2021,09,CAJAMARCA,SANTA CRUZ,0.000,4.500,0.000000,1
2021,09,CUSCO,LA CONVENCION,99.000,288.000,0.918182,0
2021,09,HUANCAVELICA,ACOBAMBA,0.000,4.000,0.000000,1
2021,09,HUANCAVELICA,ANGARAES,0.000,3.000,0.000000,1
2021,09,HUANCAVELICA,CASTROVIRREYNA,0.600,6.300,3.000000,0
2021,09,HUANCAVELICA,CHURCAMPA,0.000,6.000,0.000000,1
2021,09,HUANCAVELICA,HUAYTARA,0.850,3.000,0.700000,0
2021,09,HUANCAVELICA,TAYACAJA,0.000,19.000,0.000000,1
2021,09,HUANUCO,HUACAYBAMBA,0.000,9.000,0.000000,1
2021,09,HUANUCO,HUAMALIES,13.800,22.000,1.100000,0
2021,09,HUANUCO,HUANUCO,6.100,11.250,1.245902,0
2021,09,HUANUCO,LEONCIO PRADO,43.700,103.000,1.146430,0
2021,09,HUANUCO,MARAÑON,0.000,7.000,0.000000,1
2021,09,HUANUCO,PUERTO INCA,1.500,4.000,2.220000,0
2021,09,ICA,CHINCHA,0.000,7.000,0.000000,1
2021,09,ICA,ICA,0.000,20.720,0.000000,1
2021,09,ICA,NASCA,0.000,17.590,0.000000,1
2021,09,ICA,PALPA,20.290,3.110,1.127058,0
2021,09,ICA,PISCO,15.000,35.400,1.000000,0
2021,09,JUNIN,CHANCHAMAYO,35.730,75.000,1.073216,0
2021,09,JUNIN,HUANCAYO,5.100,25.000,1.600000,0
2021,09,JUNIN,SATIPO,124.940,241.000,0.780391,0
2021,09,LA LIBERTAD,ASCOPE,2.500,5.000,1.300000,0
2021,09,LA LIBERTAD,BOLIVAR,0.000,10.000,0.000000,1
2021,09,LA LIBERTAD,CHEPEN,13.600,17.000,1.300000,0
2021,09,LA LIBERTAD,GRAN CHIMU,0.000,1.500,0.000000,1
2021,09,LA LIBERTAD,OTUZCO,0.000,2.000,0.000000,1
2021,09,LA LIBERTAD,PATAZ,0.468,11.250,1.100000,0
2021,09,LA LIBERTAD,SANCHEZ CARRION,0.600,14.500,0.900000,0
2021,09,LA LIBERTAD,VIRU,0.480,120.500,1.300000,0
2021,09,LAMBAYEQUE,CHICLAYO,0.000,8.000,0.000000,1
2021,09,LAMBAYEQUE,FERREÑAFE,0.000,19.000,0.000000,1
2021,09,LAMBAYEQUE,LAMBAYEQUE,2268.000,2293.000,1.241623,0
2021,09,LIMA,CAÑETE,0.000,3.000,0.000000,1
2021,09,LIMA,HUAURA,0.000,19.000,0.000000,1
2021,09,LORETO,ALTO AMAZONAS,253.000,481.000,0.919723,0
2021,09,LORETO,DATEM DEL MARAÑON,21.000,50.000,0.920952,0
2021,09,LORETO,LORETO,42.000,92.000,0.938571,0
2021,09,LORETO,MARISCAL RAMON CASTILLA,32.000,69.000,0.920000,0
2021,09,LORETO,MAYNAS,423.000,932.000,0.937660,0
2021,09,LORETO,PUTUMAYO,14.000,26.000,0.928571,0
2021,09,LORETO,REQUENA,24.000,67.000,0.922917,0
2021,09,LORETO,UCAYALI,86.000,183.000,0.937674,0
2021,09,MADRE DE DIOS,MANU,9.400,32.000,2.663830,0
2021,09,MADRE DE DIOS,TAHUAMANU,9.600,37.500,2.839583,0
2021,09,MADRE DE DIOS,TAMBOPATA,26.500,109.500,3.283019,0
2021,09,MOQUEGUA,GENERAL SANCHEZ CERRO,0.000,13.000,0.000000,1
2021,09,MOQUEGUA,MARISCAL NIETO,0.000,6.000,0.000000,1
2021,09,PASCO,OXAPAMPA,0.000,10.000,0.000000,1
2021,09,PIURA,AYABACA,10.000,87.000,1.350000,0
2021,09,PIURA,HUANCABAMBA,10.000,38.000,0.811000,0
2021,09,PIURA,MORROPON,516.000,1453.000,1.524186,0
2021,09,PIURA,PAITA,7.000,8.000,1.510000,0
2021,09,PIURA,PIURA,8683.000,11683.000,1.053819,0
2021,09,PIURA,SECHURA,5.000,8.000,1.500000,0
2021,09,PIURA,SULLANA,7233.000,4460.000,1.510000,0
2021,09,PUNO,CARABAYA,0.000,1.000,0.000000,1
2021,09,PUNO,SANDIA,0.000,5.000,0.000000,1
2021,09,SAN MARTIN,BELLAVISTA,6.500,70.400,1.638462,0
2021,09,SAN MARTIN,EL DORADO,13.000,14.000,0.584615,0
2021,09,SAN MARTIN,HUALLAGA,8.000,51.500,2.325000,0
2021,09,SAN MARTIN,LAMAS,41.000,114.000,1.668293,0
2021,09,SAN MARTIN,MARISCAL CACERES,37.000,34.000,1.386486,0
2021,09,SAN MARTIN,MOYOBAMBA,0.000,74.000,0.000000,1
2021,09,SAN MARTIN,PICOTA,40.000,82.500,1.945000,0
2021,09,SAN MARTIN,RIOJA,5.400,22.000,0.600000,0
2021,09,SAN MARTIN,SAN MARTIN,45.000,225.000,1.233333,0
2021,09,SAN MARTIN,TOCACHE,3.000,13.000,0.500000,0
2021,09,TUMBES,CONTRALMIRANTE VILLAR,84.730,84.350,3.000000,0
2021,09,TUMBES,TUMBES,445.918,678.700,2.575821,0
2021,09,TUMBES,ZARUMILLA,779.444,2217.069,3.000000,0
2021,09,UCAYALI,ATALAYA,138.500,215.000,0.623084,0
2021,09,UCAYALI,CORONEL PORTILLO,534.428,1537.640,0.631022,0
2021,09,UCAYALI,PADRE ABAD,324.660,616.000,0.623362,0
2021,09,UCAYALI,PURUS,22.800,36.500,0.780000,0
2021,10,AMAZONAS,BAGUA,15.600,28.500,2.065385,0
2021,10,AMAZONAS,CHACHAPOYAS,18.200,43.000,3.357143,0
2021,10,AMAZONAS,LUYA,20.690,30.000,1.739971,0
2021,10,AMAZONAS,UTCUBAMBA,306.000,578.000,3.143791,0
2021,10,ANCASH,CASMA,40.000,64.000,2.035000,0
2021,10,ANCASH,HUARMEY,5.000,4.000,2.500000,0
2021,10,ANCASH,HUAYLAS,18.000,12.000,1.944444,0
2021,10,ANCASH,SANTA,6.000,5.000,2.500000,0
2021,10,APURIMAC,ABANCAY,6.000,29.500,1.400000,0
2021,10,APURIMAC,ANDAHUAYLAS,0.000,23.500,0.000000,1
2021,10,APURIMAC,AYMARAES,1.400,5.000,0.871429,0
2021,10,APURIMAC,CHINCHEROS,0.000,50.250,0.000000,1
2021,10,APURIMAC,GRAU,0.000,2.000,0.000000,1
2021,10,AREQUIPA,CARAVELI,0.000,3.000,0.000000,1
2021,10,AREQUIPA,LA UNION,0.000,10.000,0.000000,1
2021,10,AYACUCHO,HUAMANGA,0.670,2.000,1.090000,0
2021,10,AYACUCHO,HUANTA,0.000,13.000,0.000000,1
2021,10,AYACUCHO,LA MAR,3.000,19.500,1.300000,0
2021,10,AYACUCHO,LUCANAS,0.000,5.000,0.000000,1
2021,10,AYACUCHO,PARINACOCHAS,0.000,2.000,0.000000,1
2021,10,AYACUCHO,PAUCAR DEL SARA SARA,0.000,9.000,0.000000,1
2021,10,AYACUCHO,SUCRE,0.000,4.000,0.000000,1
2021,10,AYACUCHO,VILCAS HUAMAN,0.000,8.670,0.000000,1
2021,10,CAJAMARCA,CAJABAMBA,5.556,15.900,1.371883,0
2021,10,CAJAMARCA,CHOTA,0.000,32.250,0.000000,1
2021,10,CAJAMARCA,JAEN,7.770,16.000,1.168211,0
2021,10,CAJAMARCA,SAN IGNACIO,2.150,10.000,1.850000,0
2021,10,CAJAMARCA,SAN MARCOS,4.040,9.000,2.000000,0
2021,10,CAJAMARCA,SAN MIGUEL,12.000,30.000,1.600000,0
2021,10,CAJAMARCA,SANTA CRUZ,0.000,4.500,0.000000,1
2021,10,CUSCO,LA CONVENCION,88.500,288.000,1.150847,0
2021,10,HUANCAVELICA,ACOBAMBA,0.000,4.000,0.000000,1
2021,10,HUANCAVELICA,ANGARAES,0.000,3.000,0.000000,1
2021,10,HUANCAVELICA,CASTROVIRREYNA,0.700,6.300,3.000000,0
2021,10,HUANCAVELICA,CHURCAMPA,0.000,6.000,0.000000,1
2021,10,HUANCAVELICA,HUAYTARA,1.100,3.000,0.700000,0
2021,10,HUANCAVELICA,TAYACAJA,0.000,19.000,0.000000,1
2021,10,HUANUCO,HUACAYBAMBA,0.000,9.000,0.000000,1
2021,10,HUANUCO,HUAMALIES,13.000,22.000,1.000000,0
2021,10,HUANUCO,HUANUCO,2.600,11.250,2.300000,0
2021,10,HUANUCO,LEONCIO PRADO,28.000,103.000,0.980857,0
2021,10,HUANUCO,MARAÑON,0.000,7.000,0.000000,1
2021,10,HUANUCO,PUERTO INCA,4.000,4.000,2.000000,0
2021,10,ICA,CHINCHA,4.600,7.000,1.500000,0
2021,10,ICA,ICA,0.000,20.720,0.000000,1
2021,10,ICA,NASCA,0.000,17.590,0.000000,1
2021,10,ICA,PALPA,0.000,3.110,0.000000,1
2021,10,ICA,PISCO,0.000,35.400,0.000000,1
2021,10,JUNIN,CHANCHAMAYO,35.100,75.000,1.065812,0
2021,10,JUNIN,HUANCAYO,8.500,25.000,1.600000,0
2021,10,JUNIN,SATIPO,102.200,241.000,0.904501,0
2021,10,LA LIBERTAD,ASCOPE,0.000,5.000,0.000000,1
2021,10,LA LIBERTAD,BOLIVAR,0.180,10.000,1.000000,0
2021,10,LA LIBERTAD,CHEPEN,0.000,17.000,0.000000,1
2021,10,LA LIBERTAD,GRAN CHIMU,0.000,1.500,0.000000,1
2021,10,LA LIBERTAD,OTUZCO,0.000,2.000,0.000000,1
2021,10,LA LIBERTAD,PATAZ,0.000,11.250,0.000000,1
2021,10,LA LIBERTAD,SANCHEZ CARRION,0.790,14.500,0.900000,0
2021,10,LA LIBERTAD,VIRU,0.410,120.500,1.300000,0
2021,10,LAMBAYEQUE,CHICLAYO,0.000,8.000,0.000000,1
2021,10,LAMBAYEQUE,FERREÑAFE,2.000,19.000,0.350000,0
2021,10,LAMBAYEQUE,LAMBAYEQUE,2520.000,2293.000,1.047976,0
2021,10,LIMA,CAÑETE,0.000,3.000,0.000000,1
2021,10,LIMA,HUAURA,0.000,19.000,0.000000,1
2021,10,LORETO,ALTO AMAZONAS,2.000,481.000,0.960000,0
2021,10,LORETO,DATEM DEL MARAÑON,0.000,50.000,0.000000,1
2021,10,LORETO,LORETO,37.000,92.000,0.956486,0
2021,10,LORETO,MARISCAL RAMON CASTILLA,0.000,69.000,0.000000,1
2021,10,LORETO,MAYNAS,387.000,932.000,0.951912,0
2021,10,LORETO,PUTUMAYO,6.000,26.000,0.960000,0
2021,10,LORETO,REQUENA,18.000,67.000,0.930000,0
2021,10,LORETO,UCAYALI,67.000,183.000,0.976567,0
2021,10,MADRE DE DIOS,MANU,11.200,32.000,3.258929,0
2021,10,MADRE DE DIOS,TAHUAMANU,9.100,37.500,3.906593,0
2021,10,MADRE DE DIOS,TAMBOPATA,42.400,109.500,4.028302,0
2021,10,MOQUEGUA,GENERAL SANCHEZ CERRO,0.000,13.000,0.000000,1
2021,10,MOQUEGUA,MARISCAL NIETO,6.500,6.000,2.200000,0
2021,10,PASCO,OXAPAMPA,0.000,10.000,0.000000,1
2021,10,PIURA,AYABACA,37.000,87.000,0.907297,0
2021,10,PIURA,HUANCABAMBA,9.000,38.000,0.813333,0
2021,10,PIURA,MORROPON,447.000,1453.000,1.717472,0
2021,10,PIURA,PAITA,8.000,8.000,1.000000,0
2021,10,PIURA,PIURA,9686.000,11683.000,1.078027,0
2021,10,PIURA,SECHURA,7.000,8.000,1.295714,0
2021,10,PIURA,SULLANA,8042.000,4460.000,1.000000,0
2021,10,PUNO,CARABAYA,0.000,1.000,0.000000,1
2021,10,PUNO,SANDIA,0.000,5.000,0.000000,1
2021,10,SAN MARTIN,BELLAVISTA,5.000,70.900,1.500000,0
2021,10,SAN MARTIN,EL DORADO,10.000,14.000,0.500000,0
2021,10,SAN MARTIN,HUALLAGA,27.000,51.500,1.840741,0
2021,10,SAN MARTIN,LAMAS,43.000,114.000,1.498837,0
2021,10,SAN MARTIN,MARISCAL CACERES,32.000,34.000,1.718750,0
2021,10,SAN MARTIN,MOYOBAMBA,0.000,74.000,0.000000,1
2021,10,SAN MARTIN,PICOTA,27.000,82.500,3.170370,0
2021,10,SAN MARTIN,RIOJA,3.600,22.000,0.600000,0
2021,10,SAN MARTIN,SAN MARTIN,40.000,225.000,1.275000,0
2021,10,SAN MARTIN,TOCACHE,10.000,13.000,0.500000,0
2021,10,TUMBES,CONTRALMIRANTE VILLAR,76.240,87.100,2.500000,0
2021,10,TUMBES,TUMBES,596.203,680.700,1.751283,0
2021,10,TUMBES,ZARUMILLA,3044.065,2222.070,1.870000,0
2021,10,UCAYALI,ATALAYA,175.700,215.000,0.644001,0
2021,10,UCAYALI,CORONEL PORTILLO,519.920,1538.640,0.655395,0
2021,10,UCAYALI,PADRE ABAD,354.310,618.000,0.640000,0
2021,10,UCAYALI,PURUS,26.300,37.000,0.800000,0
2021,11,AMAZONAS,BAGUA,14.100,34.500,2.063830,0
2021,11,AMAZONAS,CHACHAPOYAS,19.200,43.000,2.070833,0
2021,11,AMAZONAS,LUYA,21.700,30.000,1.678802,0
2021,11,AMAZONAS,UTCUBAMBA,346.000,578.000,3.819364,0
2021,11,ANCASH,CASMA,40.000,64.000,2.020000,0
2021,11,ANCASH,HUARMEY,5.000,4.000,2.400000,0
2021,11,ANCASH,HUAYLAS,20.000,12.000,2.000000,0
2021,11,ANCASH,SANTA,6.000,5.000,2.600000,0
2021,11,APURIMAC,ABANCAY,5.000,31.500,1.000000,0
2021,11,APURIMAC,ANDAHUAYLAS,0.000,23.500,0.000000,1
2021,11,APURIMAC,AYMARAES,1.200,5.000,0.900000,0
2021,11,APURIMAC,CHINCHEROS,0.000,50.250,0.000000,1
2021,11,APURIMAC,GRAU,0.000,2.000,0.000000,1
2021,11,AREQUIPA,CARAVELI,0.000,3.000,0.000000,1
2021,11,AREQUIPA,LA UNION,0.000,10.000,0.000000,1
2021,11,AYACUCHO,HUAMANGA,1.000,2.000,1.680000,0
2021,11,AYACUCHO,HUANTA,0.000,13.000,0.000000,1
2021,11,AYACUCHO,LA MAR,3.000,19.500,1.300000,0
2021,11,AYACUCHO,LUCANAS,0.000,5.000,0.000000,1
2021,11,AYACUCHO,PARINACOCHAS,0.000,2.000,0.000000,1
2021,11,AYACUCHO,PAUCAR DEL SARA SARA,0.000,9.000,0.000000,1
2021,11,AYACUCHO,SUCRE,0.000,4.000,0.000000,1
2021,11,AYACUCHO,VILCAS HUAMAN,0.000,8.670,0.000000,1
2021,11,CAJAMARCA,CAJABAMBA,5.507,15.900,1.398840,0
2021,11,CAJAMARCA,CHOTA,0.000,32.250,0.000000,1
2021,11,CAJAMARCA,JAEN,13.470,16.000,2.212101,0
2021,11,CAJAMARCA,SAN IGNACIO,0.000,10.000,0.000000,1
2021,11,CAJAMARCA,SAN MARCOS,3.460,9.000,3.332948,0
2021,11,CAJAMARCA,SAN MIGUEL,11.000,30.000,1.600000,0
2021,11,CAJAMARCA,SANTA CRUZ,0.000,4.500,0.000000,1
2021,11,CUSCO,LA CONVENCION,96.400,288.000,1.200000,0
2021,11,HUANCAVELICA,ACOBAMBA,0.000,4.000,0.000000,1
2021,11,HUANCAVELICA,ANGARAES,0.000,3.000,0.000000,1
2021,11,HUANCAVELICA,CASTROVIRREYNA,0.500,6.300,3.000000,0
2021,11,HUANCAVELICA,CHURCAMPA,0.000,6.000,0.000000,1
2021,11,HUANCAVELICA,HUAYTARA,1.500,3.000,0.700000,0
2021,11,HUANCAVELICA,TAYACAJA,0.000,22.000,0.000000,1
2021,11,HUANUCO,HUACAYBAMBA,0.000,9.000,0.000000,1
2021,11,HUANUCO,HUAMALIES,12.600,22.000,1.100000,0
2021,11,HUANUCO,HUANUCO,1.900,11.250,1.300000,0
2021,11,HUANUCO,LEONCIO PRADO,13.400,103.000,1.017910,0
2021,11,HUANUCO,MARAÑON,0.000,7.000,0.000000,1
2021,11,HUANUCO,PUERTO INCA,5.000,4.000,1.440000,0
2021,11,ICA,CHINCHA,1.550,7.000,1.500000,0
2021,11,ICA,ICA,0.000,20.720,0.000000,1
2021,11,ICA,NASCA,0.000,17.590,0.000000,1
2021,11,ICA,PALPA,0.000,3.110,0.000000,1
2021,11,ICA,PISCO,0.000,35.400,0.000000,1
2021,11,JUNIN,CHANCHAMAYO,35.050,75.000,1.002996,0
2021,11,JUNIN,HUANCAYO,10.200,25.000,1.600000,0
2021,11,JUNIN,SATIPO,128.300,241.000,0.960717,0
2021,11,LA LIBERTAD,ASCOPE,2.300,5.000,1.400000,0
2021,11,LA LIBERTAD,BOLIVAR,0.000,10.000,0.000000,1
2021,11,LA LIBERTAD,CHEPEN,13.000,37.000,1.400000,0
2021,11,LA LIBERTAD,GRAN CHIMU,0.000,1.500,0.000000,1
2021,11,LA LIBERTAD,OTUZCO,0.000,2.000,0.000000,1
2021,11,LA LIBERTAD,PATAZ,0.000,11.250,0.000000,1
2021,11,LA LIBERTAD,SANCHEZ CARRION,0.480,14.500,1.100000,0
2021,11,LA LIBERTAD,VIRU,0.430,120.500,1.400000,0
2021,11,LAMBAYEQUE,CHICLAYO,0.000,8.000,0.000000,1
2021,11,LAMBAYEQUE,FERREÑAFE,8.000,19.000,0.350000,0
2021,11,LAMBAYEQUE,LAMBAYEQUE,2885.000,2293.000,0.783009,0
2021,11,LIMA,CAÑETE,0.000,3.000,0.000000,1
2021,11,LIMA,HUAURA,0.000,19.000,0.000000,1
2021,11,LORETO,ALTO AMAZONAS,61.000,481.000,0.943607,0
2021,11,LORETO,DATEM DEL MARAÑON,13.000,50.000,0.935385,0
2021,11,LORETO,LORETO,26.000,92.000,0.963846,0
2021,11,LORETO,MARISCAL RAMON CASTILLA,13.000,69.000,0.935385,0
2021,11,LORETO,MAYNAS,397.000,932.000,0.967557,0
2021,11,LORETO,PUTUMAYO,5.000,26.000,0.930000,0
2021,11,LORETO,REQUENA,20.000,67.000,0.935000,0
2021,11,LORETO,UCAYALI,43.000,183.000,0.973256,0
2021,11,MADRE DE DIOS,MANU,20.300,32.000,3.295567,0
2021,11,MADRE DE DIOS,TAHUAMANU,19.000,37.500,3.563158,0
2021,11,MADRE DE DIOS,TAMBOPATA,31.000,112.500,4.000000,0
2021,11,MOQUEGUA,GENERAL SANCHEZ CERRO,0.000,13.000,0.000000,1
2021,11,MOQUEGUA,MARISCAL NIETO,0.000,6.000,0.000000,1
2021,11,PASCO,OXAPAMPA,0.000,10.000,0.000000,1
2021,11,PIURA,AYABACA,46.000,87.000,1.074348,0
2021,11,PIURA,HUANCABAMBA,10.000,38.000,0.809000,0
2021,11,PIURA,MORROPON,657.000,1453.000,1.410715,0
2021,11,PIURA,PAITA,8.000,8.000,1.000000,0
2021,11,PIURA,PIURA,9155.000,11683.000,1.457953,0
2021,11,PIURA,SECHURA,2.000,8.000,1.200000,0
2021,11,PIURA,SULLANA,7042.000,4460.000,1.001136,0
2021,11,PUNO,CARABAYA,0.000,1.000,0.000000,1
2021,11,PUNO,SANDIA,0.000,5.000,0.000000,1
2021,11,SAN MARTIN,BELLAVISTA,16.000,70.900,1.500000,0
2021,11,SAN MARTIN,EL DORADO,16.000,14.000,0.500000,0
2021,11,SAN MARTIN,HUALLAGA,50.000,51.500,1.720000,0
2021,11,SAN MARTIN,LAMAS,38.000,114.000,1.218421,0
2021,11,SAN MARTIN,MARISCAL CACERES,26.000,34.000,1.946154,0
2021,11,SAN MARTIN,MOYOBAMBA,0.000,74.000,0.000000,1
2021,11,SAN MARTIN,PICOTA,39.000,82.500,2.971795,0
2021,11,SAN MARTIN,RIOJA,0.000,22.500,0.000000,1
2021,11,SAN MARTIN,SAN MARTIN,59.500,225.000,1.331933,0
2021,11,SAN MARTIN,TOCACHE,5.000,13.000,0.500000,0
2021,11,TUMBES,CONTRALMIRANTE VILLAR,121.970,89.850,1.500000,0
2021,11,TUMBES,TUMBES,892.700,681.500,1.000114,0
2021,11,TUMBES,ZARUMILLA,3254.380,2230.070,1.160000,0
2021,11,UCAYALI,ATALAYA,194.090,215.000,0.665172,0
2021,11,UCAYALI,CORONEL PORTILLO,646.910,1541.640,0.733327,0
2021,11,UCAYALI,PADRE ABAD,332.060,626.000,0.674332,0
2021,11,UCAYALI,PURUS,21.500,37.000,1.000000,0
2021,12,AMAZONAS,BAGUA,18.100,41.500,2.107735,0
2021,12,AMAZONAS,CHACHAPOYAS,20.300,43.000,2.239409,0
2021,12,AMAZONAS,LUYA,22.150,30.000,1.693454,0
2021,12,AMAZONAS,UTCUBAMBA,270.000,578.000,3.500000,0
2021,12,ANCASH,CASMA,41.000,64.000,2.017073,0
2021,12,ANCASH,HUARMEY,5.000,4.000,2.500000,0
2021,12,ANCASH,HUAYLAS,22.000,12.000,2.000000,0
2021,12,ANCASH,SANTA,7.000,5.000,2.500000,0
2021,12,APURIMAC,ABANCAY,0.000,31.500,0.000000,1
2021,12,APURIMAC,ANDAHUAYLAS,0.000,23.500,0.000000,1
2021,12,APURIMAC,AYMARAES,0.900,5.000,0.866667,0
2021,12,APURIMAC,CHINCHEROS,0.000,50.250,0.000000,1
2021,12,APURIMAC,GRAU,0.000,2.000,0.000000,1
2021,12,AREQUIPA,CARAVELI,0.000,3.000,0.000000,1
2021,12,AREQUIPA,LA UNION,0.000,10.000,0.000000,1
2021,12,AYACUCHO,HUAMANGA,0.750,2.000,1.680000,0
2021,12,AYACUCHO,HUANTA,0.000,13.000,0.000000,1
2021,12,AYACUCHO,LA MAR,4.000,19.500,1.725000,0
2021,12,AYACUCHO,LUCANAS,0.000,5.000,0.000000,1
2021,12,AYACUCHO,PARINACOCHAS,0.000,2.000,0.000000,1
2021,12,AYACUCHO,PAUCAR DEL SARA SARA,0.000,9.000,0.000000,1
2021,12,AYACUCHO,SUCRE,0.000,4.000,0.000000,1
2021,12,AYACUCHO,VILCAS HUAMAN,0.000,8.670,0.000000,1
2021,12,CAJAMARCA,CAJABAMBA,5.717,15.900,1.407863,0
2021,12,CAJAMARCA,CHOTA,0.000,32.250,0.000000,1
2021,12,CAJAMARCA,JAEN,13.480,16.000,1.140356,0
2021,12,CAJAMARCA,SAN IGNACIO,0.000,10.000,0.000000,1
2021,12,CAJAMARCA,SAN MARCOS,3.460,9.000,3.000000,0
2021,12,CAJAMARCA,SAN MIGUEL,0.000,30.000,0.000000,1
2021,12,CAJAMARCA,SANTA CRUZ,0.000,4.500,0.000000,1
2021,12,CUSCO,LA CONVENCION,98.200,288.000,1.200000,0
2021,12,HUANCAVELICA,ACOBAMBA,0.000,4.000,0.000000,1
2021,12,HUANCAVELICA,ANGARAES,0.000,3.000,0.000000,1
2021,12,HUANCAVELICA,CASTROVIRREYNA,0.400,6.300,2.500000,0
2021,12,HUANCAVELICA,CHURCAMPA,0.000,6.000,0.000000,1
2021,12,HUANCAVELICA,HUAYTARA,1.000,3.000,0.700000,0
2021,12,HUANCAVELICA,TAYACAJA,0.000,22.000,0.000000,1
2021,12,HUANUCO,HUACAYBAMBA,0.000,9.000,0.000000,1
2021,12,HUANUCO,HUAMALIES,12.100,22.000,1.100000,0
2021,12,HUANUCO,HUANUCO,0.400,11.250,1.100000,0
2021,12,HUANUCO,LEONCIO PRADO,8.900,103.000,1.054270,0
2021,12,HUANUCO,MARAÑON,0.000,7.000,0.000000,1
2021,12,HUANUCO,PUERTO INCA,5.000,4.000,1.496000,0
2021,12,ICA,CHINCHA,0.000,7.000,0.000000,1
2021,12,ICA,ICA,0.000,20.720,0.000000,1
2021,12,ICA,NASCA,0.000,17.590,0.000000,1
2021,12,ICA,PALPA,0.000,3.110,0.000000,1
2021,12,ICA,PISCO,16.000,35.400,1.000000,0
2021,12,JUNIN,CHANCHAMAYO,49.700,73.000,0.965594,0
2021,12,JUNIN,HUANCAYO,17.000,25.000,1.600000,0
2021,12,JUNIN,SATIPO,155.100,241.000,1.000000,0
2021,12,LA LIBERTAD,ASCOPE,1.830,5.000,1.400000,0
2021,12,LA LIBERTAD,BOLIVAR,0.000,10.000,0.000000,1
2021,12,LA LIBERTAD,CHEPEN,10.300,37.000,1.450000,0
2021,12,LA LIBERTAD,GRAN CHIMU,0.000,1.500,0.000000,1
2021,12,LA LIBERTAD,OTUZCO,0.000,2.000,0.000000,1
2021,12,LA LIBERTAD,PATAZ,0.000,11.250,0.000000,1
2021,12,LA LIBERTAD,SANCHEZ CARRION,0.000,14.500,0.000000,1
2021,12,LA LIBERTAD,VIRU,0.490,120.500,1.300000,0
2021,12,LAMBAYEQUE,CHICLAYO,0.000,8.000,0.000000,1
2021,12,LAMBAYEQUE,FERREÑAFE,16.000,19.000,0.423750,0
2021,12,LAMBAYEQUE,LAMBAYEQUE,5573.000,2293.000,0.479856,0
2021,12,LIMA,CAÑETE,0.000,3.000,0.000000,1
2021,12,LIMA,HUAURA,0.000,19.000,0.000000,1
2021,12,LORETO,ALTO AMAZONAS,108.000,481.000,0.934630,0
2021,12,LORETO,DATEM DEL MARAÑON,25.000,50.000,0.940000,0
2021,12,LORETO,LORETO,33.000,92.000,0.966364,0
2021,12,LORETO,MARISCAL RAMON CASTILLA,84.000,69.000,0.944286,0
2021,12,LORETO,MAYNAS,370.000,932.000,0.981595,0
2021,12,LORETO,PUTUMAYO,18.000,26.000,0.938889,0
2021,12,LORETO,REQUENA,23.000,67.000,0.946087,0
2021,12,LORETO,UCAYALI,86.000,183.000,0.973837,0
2021,12,MADRE DE DIOS,MANU,7.400,32.000,2.100000,0
2021,12,MADRE DE DIOS,TAHUAMANU,9.300,37.500,2.164516,0
2021,12,MADRE DE DIOS,TAMBOPATA,27.200,113.500,2.516912,0
2021,12,MOQUEGUA,GENERAL SANCHEZ CERRO,2.350,13.000,2.000000,0
2021,12,MOQUEGUA,MARISCAL NIETO,0.000,6.000,0.000000,1
2021,12,PASCO,OXAPAMPA,0.000,10.000,0.000000,1
2021,12,PIURA,AYABACA,23.000,87.000,1.443478,0
2021,12,PIURA,HUANCABAMBA,10.000,38.000,0.809000,0
2021,12,PIURA,MORROPON,1220.000,1453.000,0.832238,0
2021,12,PIURA,PAITA,8.000,8.000,1.000000,0
2021,12,PIURA,PIURA,5206.000,11683.000,1.397322,0
2021,12,PIURA,SECHURA,7.000,8.000,1.000000,0
2021,12,PIURA,SULLANA,8042.000,4460.000,1.000000,0
2021,12,PUNO,CARABAYA,0.000,1.000,0.000000,1
2021,12,PUNO,SANDIA,0.000,5.000,0.000000,1
2021,12,SAN MARTIN,BELLAVISTA,15.750,70.900,1.500000,0
2021,12,SAN MARTIN,EL DORADO,14.000,14.000,0.500000,0
2021,12,SAN MARTIN,HUALLAGA,81.000,51.500,1.487654,0
2021,12,SAN MARTIN,LAMAS,36.000,114.000,1.016667,0
2021,12,SAN MARTIN,MARISCAL CACERES,20.200,34.000,1.958416,0
2021,12,SAN MARTIN,MOYOBAMBA,0.000,74.000,0.000000,1
2021,12,SAN MARTIN,PICOTA,48.000,82.500,2.535417,0
2021,12,SAN MARTIN,RIOJA,0.000,22.500,0.000000,1
2021,12,SAN MARTIN,SAN MARTIN,49.300,225.000,1.256592,0
2021,12,SAN MARTIN,TOCACHE,3.000,13.000,0.500000,0
2021,12,TUMBES,CONTRALMIRANTE VILLAR,161.060,91.850,1.250000,0
2021,12,TUMBES,TUMBES,1116.520,681.500,1.226986,0
2021,12,TUMBES,ZARUMILLA,4521.130,2250.070,1.000000,0
2021,12,UCAYALI,ATALAYA,168.849,218.000,1.605716,0
2021,12,UCAYALI,CORONEL PORTILLO,750.330,1549.640,1.480415,0
2021,12,UCAYALI,PADRE ABAD,383.630,628.000,1.387462,0
2021,12,UCAYALI,PURUS,16.500,38.000,1.600000,0
2022,01,AMAZONAS,BAGUA,12.600,41.500,1.820635,0
2022,01,AMAZONAS,CHACHAPOYAS,21.400,43.000,2.600935,0
2022,01,AMAZONAS,LUYA,22.300,30.000,1.688789,0
2022,01,AMAZONAS,UTCUBAMBA,429.000,578.000,2.165035,0
2022,01,ANCASH,CASMA,40.000,64.000,2.300000,0
2022,01,ANCASH,HUARMEY,6.000,4.000,2.000000,0
2022,01,ANCASH,HUAYLAS,19.000,12.000,2.000000,0
2022,01,ANCASH,SANTA,6.000,5.000,2.000000,0
2022,01,APURIMAC,ABANCAY,22.000,31.500,1.563636,0
2022,01,APURIMAC,ANDAHUAYLAS,9.000,23.500,2.044444,0
2022,01,APURIMAC,AYMARAES,1.400,5.000,0.871429,0
2022,01,APURIMAC,CHINCHEROS,2.550,50.250,1.500000,0
2022,01,APURIMAC,GRAU,2.000,2.000,1.400000,0
2022,01,AREQUIPA,CARAVELI,0.000,3.000,0.000000,1
2022,01,AREQUIPA,LA UNION,0.000,10.000,0.000000,1
2022,01,AYACUCHO,HUAMANGA,1.000,2.000,1.850000,0
2022,01,AYACUCHO,HUANTA,0.000,13.000,0.000000,1
2022,01,AYACUCHO,LA MAR,3.000,15.500,2.200000,0
2022,01,AYACUCHO,LUCANAS,0.000,5.000,0.000000,1
2022,01,AYACUCHO,PARINACOCHAS,0.000,2.000,0.000000,1
2022,01,AYACUCHO,PAUCAR DEL SARA SARA,0.000,9.000,0.000000,1
2022,01,AYACUCHO,SUCRE,0.000,1.000,0.000000,1
2022,01,AYACUCHO,VILCAS HUAMAN,0.000,8.670,0.000000,1
2022,01,CAJAMARCA,CAJABAMBA,9.517,15.900,1.493643,0
2022,01,CAJAMARCA,CHOTA,1.000,32.250,1.000000,0
2022,01,CAJAMARCA,JAEN,19.439,16.000,1.147788,0
2022,01,CAJAMARCA,SAN IGNACIO,0.000,10.000,0.000000,1
2022,01,CAJAMARCA,SAN MARCOS,1.530,9.000,2.000000,0
2022,01,CAJAMARCA,SAN MIGUEL,0.000,30.000,0.000000,1
2022,01,CAJAMARCA,SANTA CRUZ,0.000,4.500,0.000000,1
2022,01,CUSCO,LA CONVENCION,429.000,288.000,1.146387,0
2022,01,HUANCAVELICA,ACOBAMBA,0.000,4.000,0.000000,1
2022,01,HUANCAVELICA,ANGARAES,0.000,3.000,0.000000,1
2022,01,HUANCAVELICA,CASTROVIRREYNA,0.350,6.300,2.600000,0
2022,01,HUANCAVELICA,CHURCAMPA,0.000,6.000,0.000000,1
2022,01,HUANCAVELICA,HUAYTARA,0.000,3.000,0.000000,1
2022,01,HUANCAVELICA,TAYACAJA,0.000,22.000,0.000000,1
2022,01,HUANUCO,HUACAYBAMBA,10.000,9.000,3.067000,0
2022,01,HUANUCO,HUAMALIES,5.700,22.000,1.300000,0
2022,01,HUANUCO,HUANUCO,1.500,11.250,1.000000,0
2022,01,HUANUCO,LEONCIO PRADO,32.200,103.000,1.211491,0
2022,01,HUANUCO,MARAÑON,2.100,7.000,0.990476,0
2022,01,HUANUCO,PUERTO INCA,3.000,4.000,1.726667,0
2022,01,ICA,CHINCHA,0.000,7.000,0.000000,1
2022,01,ICA,ICA,0.000,20.720,0.000000,1
2022,01,ICA,NASCA,0.000,17.590,0.000000,1
2022,01,ICA,PALPA,0.000,3.110,0.000000,1
2022,01,ICA,PISCO,0.000,35.400,0.000000,1
2022,01,JUNIN,CHANCHAMAYO,42.850,73.000,0.917736,0
2022,01,JUNIN,HUANCAYO,13.600,25.000,0.700000,0
2022,01,JUNIN,SATIPO,163.300,241.000,1.015309,0
2022,01,LA LIBERTAD,ASCOPE,2.370,5.000,1.100000,0
2022,01,LA LIBERTAD,BOLIVAR,5.620,9.000,1.000000,0
2022,01,LA LIBERTAD,CHEPEN,7.400,32.000,1.000000,0
2022,01,LA LIBERTAD,GRAN CHIMU,0.520,1.500,1.000000,0
2022,01,LA LIBERTAD,OTUZCO,1.420,2.000,1.000000,0
2022,01,LA LIBERTAD,PATAZ,3.730,11.250,1.000000,0
2022,01,LA LIBERTAD,SANCHEZ CARRION,4.200,29.500,1.072619,0
2022,01,LA LIBERTAD,VIRU,0.950,120.500,1.100000,0
2022,01,LAMBAYEQUE,CHICLAYO,0.000,8.000,0.000000,1
2022,01,LAMBAYEQUE,FERREÑAFE,8.000,19.000,0.350000,0
2022,01,LAMBAYEQUE,LAMBAYEQUE,5794.000,2298.000,0.598619,0
2022,01,LIMA,CAÑETE,0.000,3.000,0.000000,1
2022,01,LIMA,HUAURA,7.800,19.000,1.300000,0
2022,01,LORETO,ALTO AMAZONAS,334.000,481.000,0.909012,0
2022,01,LORETO,DATEM DEL MARAÑON,31.000,50.000,0.933871,0
2022,01,LORETO,LORETO,67.000,92.000,0.945672,0
2022,01,LORETO,MARISCAL RAMON CASTILLA,34.000,69.000,0.918235,0
2022,01,LORETO,MAYNAS,529.000,932.000,0.958733,0
2022,01,LORETO,PUTUMAYO,8.000,26.000,0.935000,0
2022,01,LORETO,REQUENA,36.000,67.000,0.919444,0
2022,01,LORETO,UCAYALI,106.000,183.000,0.976321,0
2022,01,MADRE DE DIOS,MANU,12.600,32.000,2.055556,0
2022,01,MADRE DE DIOS,TAHUAMANU,9.600,37.500,2.000000,0
2022,01,MADRE DE DIOS,TAMBOPATA,30.700,113.500,2.244300,0
2022,01,MOQUEGUA,GENERAL SANCHEZ CERRO,0.000,13.000,0.000000,1
2022,01,MOQUEGUA,MARISCAL NIETO,0.000,6.000,0.000000,1
2022,01,PASCO,OXAPAMPA,0.000,10.000,0.000000,1
2022,01,PIURA,AYABACA,32.000,87.000,1.093750,0
2022,01,PIURA,HUANCABAMBA,10.000,38.000,0.804000,0
2022,01,PIURA,MORROPON,1557.000,1453.000,1.000000,0
2022,01,PIURA,PAITA,10.000,8.000,1.000000,0
2022,01,PIURA,PIURA,14642.000,11683.000,1.001434,0
2022,01,PIURA,SECHURA,5.000,6.000,1.000000,0
2022,01,PIURA,SULLANA,8042.000,4460.000,1.000000,0
2022,01,PUNO,CARABAYA,0.000,1.000,0.000000,1
2022,01,PUNO,SANDIA,0.000,5.000,0.000000,1
2022,01,SAN MARTIN,BELLAVISTA,11.000,70.900,1.454545,0
2022,01,SAN MARTIN,EL DORADO,15.000,19.500,0.500000,0
2022,01,SAN MARTIN,HUALLAGA,45.000,51.500,1.571111,0
2022,01,SAN MARTIN,LAMAS,58.000,114.000,1.000000,0
2022,01,SAN MARTIN,MARISCAL CACERES,27.000,34.000,1.925926,0
2022,01,SAN MARTIN,MOYOBAMBA,5.000,74.000,0.800000,0
2022,01,SAN MARTIN,PICOTA,78.000,82.500,1.900000,0
2022,01,SAN MARTIN,RIOJA,15.000,22.500,0.600000,0
2022,01,SAN MARTIN,SAN MARTIN,45.000,196.000,1.294444,0
2022,01,SAN MARTIN,TOCACHE,3.000,13.000,0.600000,0
2022,01,TUMBES,CONTRALMIRANTE VILLAR,163.060,93.100,1.250000,0
2022,01,TUMBES,TUMBES,1326.798,681.500,1.502760,0
2022,01,TUMBES,ZARUMILLA,3818.985,2262.070,2.000000,0
2022,01,UCAYALI,ATALAYA,157.437,230.000,1.563159,0
2022,01,UCAYALI,CORONEL PORTILLO,709.749,1552.640,1.539853,0
2022,01,UCAYALI,PADRE ABAD,331.060,631.000,1.495783,0
2022,01,UCAYALI,PURUS,22.710,38.000,1.600000,0
2022,02,AMAZONAS,BAGUA,20.700,41.500,1.434783,0
2022,02,AMAZONAS,CHACHAPOYAS,21.300,43.000,2.679812,0
2022,02,AMAZONAS,LUYA,18.400,30.000,1.776087,0
2022,02,AMAZONAS,UTCUBAMBA,474.000,578.000,1.804641,0
2022,02,ANCASH,CASMA,44.000,64.000,1.902273,0
2022,02,ANCASH,HUARMEY,4.000,4.000,2.600000,0
2022,02,ANCASH,HUAYLAS,20.000,12.000,2.000000,0
2022,02,ANCASH,SANTA,7.000,5.000,2.000000,0
2022,02,APURIMAC,ABANCAY,5.000,31.500,1.000000,0
2022,02,APURIMAC,ANDAHUAYLAS,25.150,23.500,1.509940,0
2022,02,APURIMAC,AYMARAES,1.600,5.000,0.856250,0
2022,02,APURIMAC,CHINCHEROS,12.000,50.250,2.000000,0
2022,02,APURIMAC,GRAU,0.000,2.000,0.000000,1
2022,02,AREQUIPA,CARAVELI,0.000,3.000,0.000000,1
2022,02,AREQUIPA,LA UNION,0.000,10.000,0.000000,1
2022,02,AYACUCHO,HUAMANGA,1.500,2.000,1.700000,0
2022,02,AYACUCHO,HUANTA,13.000,13.000,2.307692,0
2022,02,AYACUCHO,LA MAR,4.000,15.500,1.500000,0
2022,02,AYACUCHO,LUCANAS,0.000,5.000,0.000000,1
2022,02,AYACUCHO,PARINACOCHAS,0.000,2.000,0.000000,1
2022,02,AYACUCHO,PAUCAR DEL SARA SARA,0.000,9.000,0.000000,1
2022,02,AYACUCHO,SUCRE,0.000,1.000,0.000000,1
2022,02,AYACUCHO,VILCAS HUAMAN,0.000,8.670,0.000000,1
2022,02,CAJAMARCA,CAJABAMBA,9.680,15.900,1.447045,0
2022,02,CAJAMARCA,CHOTA,5.000,32.250,1.000000,0
2022,02,CAJAMARCA,JAEN,15.530,16.000,1.131520,0
2022,02,CAJAMARCA,SAN IGNACIO,0.000,10.000,0.000000,1
2022,02,CAJAMARCA,SAN MARCOS,5.950,9.000,2.322689,0
2022,02,CAJAMARCA,SAN MIGUEL,0.000,30.000,0.000000,1
2022,02,CAJAMARCA,SANTA CRUZ,0.000,4.500,0.000000,1
2022,02,CUSCO,LA CONVENCION,277.200,288.000,1.137590,0
2022,02,HUANCAVELICA,ACOBAMBA,0.000,4.000,0.000000,1
2022,02,HUANCAVELICA,ANGARAES,0.000,3.000,0.000000,1
2022,02,HUANCAVELICA,CASTROVIRREYNA,0.350,6.300,2.500000,0
2022,02,HUANCAVELICA,CHURCAMPA,0.000,6.000,0.000000,1
2022,02,HUANCAVELICA,HUAYTARA,0.000,3.000,0.000000,1
2022,02,HUANCAVELICA,TAYACAJA,0.000,22.000,0.000000,1
2022,02,HUANUCO,HUACAYBAMBA,12.000,9.000,3.057500,0
2022,02,HUANUCO,HUAMALIES,9.400,22.000,1.200000,0
2022,02,HUANUCO,HUANUCO,2.500,11.250,0.900000,0
2022,02,HUANUCO,LEONCIO PRADO,62.500,103.000,1.101760,0
2022,02,HUANUCO,MARAÑON,4.100,7.000,0.983902,0
2022,02,HUANUCO,PUERTO INCA,3.000,4.000,1.930000,0
2022,02,ICA,CHINCHA,0.000,7.000,0.000000,1
2022,02,ICA,ICA,80.400,20.720,2.000000,0
2022,02,ICA,NASCA,0.000,17.590,0.000000,1
2022,02,ICA,PALPA,0.000,3.110,0.000000,1
2022,02,ICA,PISCO,0.000,35.400,0.000000,1
2022,02,JUNIN,CHANCHAMAYO,42.100,73.000,0.914608,0
2022,02,JUNIN,HUANCAYO,13.600,25.000,1.000000,0
2022,02,JUNIN,SATIPO,239.020,241.000,0.999582,0
2022,02,LA LIBERTAD,ASCOPE,2.450,5.000,0.780000,0
2022,02,LA LIBERTAD,BOLIVAR,5.470,9.000,0.900000,0
2022,02,LA LIBERTAD,CHEPEN,7.600,32.000,1.000000,0
2022,02,LA LIBERTAD,GRAN CHIMU,0.610,1.500,1.000000,0
2022,02,LA LIBERTAD,OTUZCO,1.200,2.000,1.000000,0
2022,02,LA LIBERTAD,PATAZ,9.200,11.000,0.900000,0
2022,02,LA LIBERTAD,SANCHEZ CARRION,3.040,29.500,1.000000,0
2022,02,LA LIBERTAD,VIRU,1.200,120.500,1.000000,0
2022,02,LAMBAYEQUE,CHICLAYO,0.000,8.000,0.000000,1
2022,02,LAMBAYEQUE,FERREÑAFE,28.000,19.000,0.421429,0
2022,02,LAMBAYEQUE,LAMBAYEQUE,5655.000,2298.000,0.487781,0
2022,02,LIMA,CAÑETE,0.000,3.000,0.000000,1
2022,02,LIMA,HUAURA,0.000,19.000,0.000000,1
2022,02,LORETO,ALTO AMAZONAS,297.000,481.000,0.909630,0
2022,02,LORETO,DATEM DEL MARAÑON,45.000,50.000,0.941111,0
2022,02,LORETO,LORETO,63.000,92.000,0.959365,0
2022,02,LORETO,MARISCAL RAMON CASTILLA,44.000,69.000,0.920000,0
2022,02,LORETO,MAYNAS,513.000,932.000,0.964678,0
2022,02,LORETO,PUTUMAYO,12.000,26.000,0.933333,0
2022,02,LORETO,REQUENA,42.000,67.000,0.926667,0
2022,02,LORETO,UCAYALI,117.000,183.000,0.977692,0
2022,02,MADRE DE DIOS,MANU,11.000,32.000,2.259091,0
2022,02,MADRE DE DIOS,TAHUAMANU,17.100,37.500,2.191813,0
2022,02,MADRE DE DIOS,TAMBOPATA,46.000,113.500,2.290000,0
2022,02,MOQUEGUA,GENERAL SANCHEZ CERRO,0.000,13.000,0.000000,1
2022,02,MOQUEGUA,MARISCAL NIETO,0.000,6.000,0.000000,1
2022,02,PASCO,OXAPAMPA,0.000,10.000,0.000000,1
2022,02,PIURA,AYABACA,34.000,87.000,1.122059,0
2022,02,PIURA,HUANCABAMBA,26.000,38.000,0.842308,0
2022,02,PIURA,MORROPON,1506.000,1453.000,0.999954,0
2022,02,PIURA,PAITA,10.000,8.000,1.000000,0
2022,02,PIURA,PIURA,16089.000,11616.000,0.940750,0
2022,02,PIURA,SECHURA,2.000,6.000,1.000000,0
2022,02,PIURA,SULLANA,9109.000,4460.000,1.009976,0
2022,02,PUNO,CARABAYA,0.000,1.000,0.000000,1
2022,02,PUNO,SANDIA,0.000,5.000,0.000000,1
2022,02,SAN MARTIN,BELLAVISTA,22.000,70.900,1.454545,0
2022,02,SAN MARTIN,EL DORADO,19.000,19.500,0.500000,0
2022,02,SAN MARTIN,HUALLAGA,32.000,51.500,1.079688,0
2022,02,SAN MARTIN,LAMAS,85.000,114.000,1.658824,0
2022,02,SAN MARTIN,MARISCAL CACERES,28.000,34.000,1.928571,0
2022,02,SAN MARTIN,MOYOBAMBA,39.000,74.000,1.076923,0
2022,02,SAN MARTIN,PICOTA,93.000,82.500,1.429032,0
2022,02,SAN MARTIN,RIOJA,21.400,22.500,0.600000,0
2022,02,SAN MARTIN,SAN MARTIN,50.500,206.000,1.301980,0
2022,02,SAN MARTIN,TOCACHE,8.000,13.000,0.600000,0
2022,02,TUMBES,CONTRALMIRANTE VILLAR,155.219,94.850,1.250000,0
2022,02,TUMBES,TUMBES,1195.915,683.500,1.331614,0
2022,02,TUMBES,ZARUMILLA,3417.405,2273.070,1.620000,0
2022,02,UCAYALI,ATALAYA,184.480,230.000,1.564451,0
2022,02,UCAYALI,CORONEL PORTILLO,939.880,1558.640,1.525951,0
2022,02,UCAYALI,PADRE ABAD,394.570,631.000,1.509278,0
2022,02,UCAYALI,PURUS,31.500,38.000,1.800000,0
2022,03,AMAZONAS,BAGUA,22.100,41.500,1.466063,0
2022,03,AMAZONAS,CHACHAPOYAS,21.400,43.000,2.710748,0
2022,03,AMAZONAS,LUYA,20.700,30.000,1.754106,0
2022,03,AMAZONAS,UTCUBAMBA,586.000,578.000,3.213481,0
2022,03,ANCASH,CASMA,42.000,64.000,1.933333,0
2022,03,ANCASH,HUARMEY,4.000,4.000,2.500000,0
2022,03,ANCASH,HUAYLAS,19.000,12.000,2.000000,0
2022,03,ANCASH,SANTA,8.000,5.000,2.000000,0
2022,03,APURIMAC,ABANCAY,25.000,31.500,1.436000,0
2022,03,APURIMAC,ANDAHUAYLAS,30.890,23.500,1.681968,0
2022,03,APURIMAC,AYMARAES,1.900,5.000,0.910526,0
2022,03,APURIMAC,CHINCHEROS,38.500,50.250,2.175325,0
2022,03,APURIMAC,GRAU,2.000,2.000,1.500000,0
2022,03,AREQUIPA,CARAVELI,7.000,3.000,2.000000,0
2022,03,AREQUIPA,LA UNION,27.820,10.000,2.257009,0
2022,03,AYACUCHO,HUAMANGA,1.500,2.000,1.500000,0
2022,03,AYACUCHO,HUANTA,17.000,13.000,2.235294,0
2022,03,AYACUCHO,LA MAR,8.000,15.330,2.728750,0
2022,03,AYACUCHO,LUCANAS,2.000,5.000,1.800000,0
2022,03,AYACUCHO,PARINACOCHAS,0.000,2.000,0.000000,1
2022,03,AYACUCHO,PAUCAR DEL SARA SARA,0.000,9.000,0.000000,1
2022,03,AYACUCHO,SUCRE,2.000,1.000,4.000000,0
2022,03,AYACUCHO,VILCAS HUAMAN,6.330,8.670,1.736967,0
2022,03,CAJAMARCA,CAJABAMBA,9.740,15.900,1.444405,0
2022,03,CAJAMARCA,CHOTA,25.000,32.250,0.892000,0
2022,03,CAJAMARCA,JAEN,14.190,16.000,1.129457,0
2022,03,CAJAMARCA,SAN IGNACIO,5.000,10.000,2.500000,0
2022,03,CAJAMARCA,SAN MARCOS,1.920,9.000,3.000000,0
2022,03,CAJAMARCA,SAN MIGUEL,0.000,30.000,0.000000,1
2022,03,CAJAMARCA,SANTA CRUZ,5.000,4.500,1.000000,0
2022,03,CUSCO,LA CONVENCION,183.000,288.000,1.200000,0
2022,03,HUANCAVELICA,ACOBAMBA,2.600,4.000,1.292308,0
2022,03,HUANCAVELICA,ANGARAES,0.550,3.000,1.200000,0
2022,03,HUANCAVELICA,CASTROVIRREYNA,0.500,6.300,3.000000,0
2022,03,HUANCAVELICA,CHURCAMPA,1.600,6.000,1.000000,0
2022,03,HUANCAVELICA,HUAYTARA,1.000,3.000,2.000000,0
2022,03,HUANCAVELICA,TAYACAJA,0.000,21.000,0.000000,1
2022,03,HUANUCO,HUACAYBAMBA,19.000,9.000,3.068421,0
2022,03,HUANUCO,HUAMALIES,14.000,22.000,1.200000,0
2022,03,HUANUCO,HUANUCO,2.900,11.250,1.350000,0
2022,03,HUANUCO,LEONCIO PRADO,80.300,103.000,1.092653,0
2022,03,HUANUCO,MARAÑON,6.700,7.000,1.000000,0
2022,03,HUANUCO,PUERTO INCA,2.000,4.000,1.900000,0
2022,03,ICA,CHINCHA,0.000,7.000,0.000000,1
2022,03,ICA,ICA,200.700,20.720,2.500000,0
2022,03,ICA,NASCA,0.000,17.590,0.000000,1
2022,03,ICA,PALPA,0.000,3.110,0.000000,1
2022,03,ICA,PISCO,0.000,35.400,0.000000,1
2022,03,JUNIN,CHANCHAMAYO,42.250,71.000,0.889112,0
2022,03,JUNIN,HUANCAYO,11.900,25.000,1.200000,0
2022,03,JUNIN,SATIPO,337.850,241.000,1.002664,0
2022,03,LA LIBERTAD,ASCOPE,2.370,5.000,1.200000,0
2022,03,LA LIBERTAD,BOLIVAR,5.330,9.000,1.200000,0
2022,03,LA LIBERTAD,CHEPEN,7.500,32.000,1.400000,0
2022,03,LA LIBERTAD,GRAN CHIMU,2.800,1.500,1.225000,0
2022,03,LA LIBERTAD,OTUZCO,1.700,2.000,1.300000,0
2022,03,LA LIBERTAD,PATAZ,13.170,11.000,1.177965,0
2022,03,LA LIBERTAD,SANCHEZ CARRION,6.520,29.500,1.000000,0
2022,03,LA LIBERTAD,VIRU,0.930,120.500,1.300000,0
2022,03,LAMBAYEQUE,CHICLAYO,0.000,8.000,0.000000,1
2022,03,LAMBAYEQUE,FERREÑAFE,37.000,19.000,0.428378,0
2022,03,LAMBAYEQUE,LAMBAYEQUE,5305.000,2298.000,0.612383,0
2022,03,LIMA,CAÑETE,0.000,3.000,0.000000,1
2022,03,LIMA,HUAURA,0.000,19.000,0.000000,1
2022,03,LORETO,ALTO AMAZONAS,309.000,481.000,0.911877,0
2022,03,LORETO,DATEM DEL MARAÑON,47.000,50.000,0.945106,0
2022,03,LORETO,LORETO,77.000,92.000,0.949221,0
2022,03,LORETO,MARISCAL RAMON CASTILLA,44.000,69.000,0.923182,0
2022,03,LORETO,MAYNAS,516.000,932.000,0.968430,0
2022,03,LORETO,PUTUMAYO,10.000,26.000,0.930000,0
2022,03,LORETO,REQUENA,43.000,67.000,0.938140,0
2022,03,LORETO,UCAYALI,119.000,183.000,0.973361,0
2022,03,MADRE DE DIOS,MANU,18.900,32.000,1.720106,0
2022,03,MADRE DE DIOS,TAHUAMANU,13.200,37.500,1.884848,0
2022,03,MADRE DE DIOS,TAMBOPATA,37.800,113.500,1.541799,0
2022,03,MOQUEGUA,GENERAL SANCHEZ CERRO,11.080,13.000,2.404693,0
2022,03,MOQUEGUA,MARISCAL NIETO,12.350,6.000,2.104453,0
2022,03,PASCO,OXAPAMPA,0.000,10.000,0.000000,1
2022,03,PIURA,AYABACA,44.000,87.000,1.014091,0
2022,03,PIURA,HUANCABAMBA,11.000,38.000,0.769091,0
2022,03,PIURA,MORROPON,1570.000,1453.000,1.036662,0
2022,03,PIURA,PAITA,13.000,8.000,1.046154,0
2022,03,PIURA,PIURA,13668.000,11616.000,0.942499,0
2022,03,PIURA,SECHURA,2.000,6.000,1.000000,0
2022,03,PIURA,SULLANA,11103.000,4443.000,0.999966,0
2022,03,PUNO,CARABAYA,0.000,1.000,0.000000,1
2022,03,PUNO,SANDIA,0.000,5.000,0.000000,1
2022,03,SAN MARTIN,BELLAVISTA,22.000,70.900,1.095455,0
2022,03,SAN MARTIN,EL DORADO,21.000,19.500,1.000000,0
2022,03,SAN MARTIN,HUALLAGA,75.000,51.500,1.172000,0
2022,03,SAN MARTIN,LAMAS,85.000,114.000,1.784706,0
2022,03,SAN MARTIN,MARISCAL CACERES,30.000,34.000,1.966667,0
2022,03,SAN MARTIN,MOYOBAMBA,83.000,75.000,1.740964,0
2022,03,SAN MARTIN,PICOTA,93.000,82.500,0.965591,0
2022,03,SAN MARTIN,RIOJA,28.800,22.500,0.800000,0
2022,03,SAN MARTIN,SAN MARTIN,151.000,216.000,1.215232,0
2022,03,SAN MARTIN,TOCACHE,36.000,13.000,0.600000,0
2022,03,TUMBES,CONTRALMIRANTE VILLAR,156.219,96.350,1.500000,0
2022,03,TUMBES,TUMBES,1190.098,684.500,1.539070,0
2022,03,TUMBES,ZARUMILLA,3136.690,2279.070,1.620000,0
2022,03,UCAYALI,ATALAYA,198.729,230.000,1.587969,0
2022,03,UCAYALI,CORONEL PORTILLO,1002.612,1563.640,1.548194,0
2022,03,UCAYALI,PADRE ABAD,455.300,631.000,1.590925,0
2022,03,UCAYALI,PURUS,27.590,38.000,1.800000,0
2022,04,AMAZONAS,BAGUA,20.100,41.500,1.411443,0
2022,04,AMAZONAS,CHACHAPOYAS,21.500,43.000,2.689023,0
2022,04,AMAZONAS,LUYA,21.600,30.000,2.225000,0
2022,04,AMAZONAS,UTCUBAMBA,530.000,578.000,1.795849,0
2022,04,ANCASH,CASMA,41.000,64.000,2.082927,0
2022,04,ANCASH,HUARMEY,4.000,4.000,2.600000,0
2022,04,ANCASH,HUAYLAS,16.000,12.000,2.000000,0
2022,04,ANCASH,SANTA,7.000,5.000,2.000000,0
2022,04,APURIMAC,ABANCAY,2.000,31.500,1.000000,0
2022,04,APURIMAC,ANDAHUAYLAS,4.000,23.500,2.000000,0
2022,04,APURIMAC,AYMARAES,1.600,5.000,0.900000,0
2022,04,APURIMAC,CHINCHEROS,15.200,50.250,2.197368,0
2022,04,APURIMAC,GRAU,0.000,2.000,0.000000,1
2022,04,AREQUIPA,CARAVELI,0.000,3.000,0.000000,1
2022,04,AREQUIPA,LA UNION,0.000,10.000,0.000000,1
2022,04,AYACUCHO,HUAMANGA,1.500,2.000,1.500000,0
2022,04,AYACUCHO,HUANTA,13.670,12.670,2.061083,0
2022,04,AYACUCHO,LA MAR,16.000,15.670,2.353125,0
2022,04,AYACUCHO,LUCANAS,11.500,5.000,1.947826,0
2022,04,AYACUCHO,PARINACOCHAS,2.000,2.000,1.400000,0
2022,04,AYACUCHO,PAUCAR DEL SARA SARA,13.000,9.000,2.692308,0
2022,04,AYACUCHO,SUCRE,4.000,1.000,4.000000,0
2022,04,AYACUCHO,VILCAS HUAMAN,5.330,8.670,2.000000,0
2022,04,CAJAMARCA,CAJABAMBA,9.559,15.900,1.403002,0
2022,04,CAJAMARCA,CHOTA,25.000,32.250,0.848000,0
2022,04,CAJAMARCA,JAEN,11.720,16.000,1.100000,0
2022,04,CAJAMARCA,SAN IGNACIO,6.800,10.000,2.505882,0
2022,04,CAJAMARCA,SAN MARCOS,1.530,9.000,2.000000,0
2022,04,CAJAMARCA,SAN MIGUEL,5.000,30.000,1.000000,0
2022,04,CAJAMARCA,SANTA CRUZ,3.000,4.500,1.000000,0
2022,04,CUSCO,LA CONVENCION,70.000,288.000,1.200000,0
2022,04,HUANCAVELICA,ACOBAMBA,6.650,4.000,1.291729,0
2022,04,HUANCAVELICA,ANGARAES,5.100,3.000,1.307843,0
2022,04,HUANCAVELICA,CASTROVIRREYNA,0.400,6.300,3.000000,0
2022,04,HUANCAVELICA,CHURCAMPA,5.300,6.000,1.313208,0
2022,04,HUANCAVELICA,HUAYTARA,2.200,3.000,2.500000,0
2022,04,HUANCAVELICA,TAYACAJA,27.000,21.000,1.285926,0
2022,04,HUANUCO,HUACAYBAMBA,11.000,9.000,3.060000,0
2022,04,HUANUCO,HUAMALIES,19.200,22.000,1.100000,0
2022,04,HUANUCO,HUANUCO,7.300,11.250,1.302055,0
2022,04,HUANUCO,LEONCIO PRADO,103.500,103.000,1.192754,0
2022,04,HUANUCO,MARAÑON,8.300,7.000,1.024096,0
2022,04,HUANUCO,PUERTO INCA,2.000,4.000,2.000000,0
2022,04,ICA,CHINCHA,0.000,7.000,0.000000,1
2022,04,ICA,ICA,164.640,20.720,1.963958,0
2022,04,ICA,NASCA,0.000,17.590,0.000000,1
2022,04,ICA,PALPA,0.000,3.110,0.000000,1
2022,04,ICA,PISCO,0.000,35.400,0.000000,1
2022,04,JUNIN,CHANCHAMAYO,43.400,70.000,1.000000,0
2022,04,JUNIN,HUANCAYO,12.750,25.000,1.400000,0
2022,04,JUNIN,SATIPO,394.700,241.000,1.003876,0
2022,04,LA LIBERTAD,ASCOPE,2.250,5.000,1.200000,0
2022,04,LA LIBERTAD,BOLIVAR,4.930,9.000,1.144016,0
2022,04,LA LIBERTAD,CHEPEN,7.200,32.000,1.000000,0
2022,04,LA LIBERTAD,GRAN CHIMU,3.580,1.500,1.200000,0
2022,04,LA LIBERTAD,OTUZCO,0.000,2.000,0.000000,1
2022,04,LA LIBERTAD,PATAZ,9.670,11.000,1.152017,0
2022,04,LA LIBERTAD,SANCHEZ CARRION,6.680,29.500,1.200000,0
2022,04,LA LIBERTAD,VIRU,0.670,120.500,1.200000,0
2022,04,LAMBAYEQUE,CHICLAYO,0.000,8.000,0.000000,1
2022,04,LAMBAYEQUE,FERREÑAFE,9.000,19.000,0.450000,0
2022,04,LAMBAYEQUE,LAMBAYEQUE,3017.000,2298.000,0.637952,0
2022,04,LIMA,CAÑETE,0.000,3.000,0.000000,1
2022,04,LIMA,HUAURA,0.000,19.000,0.000000,1
2022,04,LORETO,ALTO AMAZONAS,305.000,481.000,0.920721,0
2022,04,LORETO,DATEM DEL MARAÑON,35.000,50.000,0.935429,0
2022,04,LORETO,LORETO,60.000,92.000,0.948667,0
2022,04,LORETO,MARISCAL RAMON CASTILLA,39.000,69.000,0.920000,0
2022,04,LORETO,MAYNAS,552.000,932.000,0.965489,0
2022,04,LORETO,PUTUMAYO,12.000,26.000,0.920000,0
2022,04,LORETO,REQUENA,41.000,67.000,0.931951,0
2022,04,LORETO,UCAYALI,103.000,183.000,0.966505,0
2022,04,MADRE DE DIOS,MANU,14.900,32.000,1.862416,0
2022,04,MADRE DE DIOS,TAHUAMANU,17.200,37.500,2.000000,0
2022,04,MADRE DE DIOS,TAMBOPATA,45.800,113.500,1.901747,0
2022,04,MOQUEGUA,GENERAL SANCHEZ CERRO,10.350,13.000,2.359420,0
2022,04,MOQUEGUA,MARISCAL NIETO,4.800,6.000,2.100000,0
2022,04,PASCO,OXAPAMPA,30.000,10.000,2.000000,0
2022,04,PIURA,AYABACA,41.000,87.000,0.742927,0
2022,04,PIURA,HUANCABAMBA,10.000,38.000,0.813000,0
2022,04,PIURA,MORROPON,1684.000,1453.000,0.822387,0
2022,04,PIURA,PAITA,13.000,8.000,1.223077,0
2022,04,PIURA,PIURA,11744.000,11660.000,0.912274,0
2022,04,PIURA,SECHURA,5.000,6.000,1.060000,0
2022,04,PIURA,SULLANA,11153.000,4443.000,1.209825,0
2022,04,PUNO,CARABAYA,0.000,1.000,0.000000,1
2022,04,PUNO,SANDIA,2.100,5.000,1.200000,0
2022,04,SAN MARTIN,BELLAVISTA,25.000,70.900,1.272000,0
2022,04,SAN MARTIN,EL DORADO,19.000,19.500,1.000000,0
2022,04,SAN MARTIN,HUALLAGA,54.000,51.500,1.172222,0
2022,04,SAN MARTIN,LAMAS,121.000,114.000,1.997521,0
2022,04,SAN MARTIN,MARISCAL CACERES,31.000,34.000,1.974194,0
2022,04,SAN MARTIN,MOYOBAMBA,115.000,76.000,1.910435,0
2022,04,SAN MARTIN,PICOTA,96.000,82.500,1.022917,0
2022,04,SAN MARTIN,RIOJA,38.000,22.500,0.800000,0
2022,04,SAN MARTIN,SAN MARTIN,162.500,219.000,1.201538,0
2022,04,SAN MARTIN,TOCACHE,48.000,13.000,0.600000,0
2022,04,TUMBES,CONTRALMIRANTE VILLAR,149.930,96.350,1.250000,0
2022,04,TUMBES,TUMBES,1069.215,684.500,1.629614,0
2022,04,TUMBES,ZARUMILLA,2550.930,2290.070,1.700000,0
2022,04,UCAYALI,ATALAYA,175.119,230.000,1.678804,0
2022,04,UCAYALI,CORONEL PORTILLO,904.929,1563.640,1.530325,0
2022,04,UCAYALI,PADRE ABAD,433.479,633.000,1.592861,0
2022,04,UCAYALI,PURUS,32.750,38.000,1.800000,0
2022,05,AMAZONAS,BAGUA,15.500,41.500,1.406452,0
2022,05,AMAZONAS,CHACHAPOYAS,20.400,43.000,2.947059,0
2022,05,AMAZONAS,LUYA,22.900,30.000,2.184279,0
2022,05,AMAZONAS,UTCUBAMBA,525.000,578.000,1.779429,0
2022,05,ANCASH,CASMA,39.000,64.000,2.124103,0
2022,05,ANCASH,HUARMEY,3.000,4.000,2.500000,0
2022,05,ANCASH,HUAYLAS,13.000,12.000,2.076923,0
2022,05,ANCASH,SANTA,8.000,5.000,2.300000,0
2022,05,APURIMAC,ABANCAY,18.000,31.500,1.361111,0
2022,05,APURIMAC,ANDAHUAYLAS,0.000,23.500,0.000000,1
2022,05,APURIMAC,AYMARAES,1.800,5.000,0.911111,0
2022,05,APURIMAC,CHINCHEROS,0.000,50.250,0.000000,1
2022,05,APURIMAC,GRAU,2.000,2.000,1.500000,0
2022,05,AREQUIPA,CARAVELI,0.000,3.000,0.000000,1
2022,05,AREQUIPA,LA UNION,0.000,10.000,0.000000,1
2022,05,AYACUCHO,HUAMANGA,1.500,2.000,1.700000,0
2022,05,AYACUCHO,HUANTA,12.000,12.670,2.045000,0
2022,05,AYACUCHO,LA MAR,15.000,15.670,2.516667,0
2022,05,AYACUCHO,LUCANAS,18.000,5.000,1.911111,0
2022,05,AYACUCHO,PARINACOCHAS,4.000,2.000,1.400000,0
2022,05,AYACUCHO,PAUCAR DEL SARA SARA,11.000,9.000,2.636364,0
2022,05,AYACUCHO,SUCRE,0.000,1.000,0.000000,1
2022,05,AYACUCHO,VILCAS HUAMAN,10.670,8.670,1.784442,0
2022,05,CAJAMARCA,CAJABAMBA,9.660,15.900,1.421615,0
2022,05,CAJAMARCA,CHOTA,30.000,32.250,0.850000,0
2022,05,CAJAMARCA,JAEN,9.740,16.000,1.100000,0
2022,05,CAJAMARCA,SAN IGNACIO,6.600,10.000,2.000000,0
2022,05,CAJAMARCA,SAN MARCOS,4.030,9.000,2.300000,0
2022,05,CAJAMARCA,SAN MIGUEL,6.000,30.000,1.166667,0
2022,05,CAJAMARCA,SANTA CRUZ,13.000,4.500,1.000000,0
2022,05,CUSCO,LA CONVENCION,69.000,288.000,1.200000,0
2022,05,HUANCAVELICA,ACOBAMBA,7.900,4.000,1.443038,0
2022,05,HUANCAVELICA,ANGARAES,5.200,3.000,1.273077,0
2022,05,HUANCAVELICA,CASTROVIRREYNA,0.450,6.300,2.600000,0
2022,05,HUANCAVELICA,CHURCAMPA,11.000,6.000,1.281818,0
2022,05,HUANCAVELICA,HUAYTARA,3.700,3.000,2.500000,0
2022,05,HUANCAVELICA,TAYACAJA,37.000,21.000,1.335135,0
2022,05,HUANUCO,HUACAYBAMBA,3.000,9.000,3.120000,0
2022,05,HUANUCO,HUAMALIES,19.300,22.000,1.200000,0
2022,05,HUANUCO,HUANUCO,8.700,11.250,1.354023,0
2022,05,HUANUCO,LEONCIO PRADO,117.500,103.000,1.179064,0
2022,05,HUANUCO,MARAÑON,14.200,7.000,1.170423,0
2022,05,HUANUCO,PUERTO INCA,1.000,4.000,1.800000,0
2022,05,ICA,CHINCHA,0.000,7.000,0.000000,1
2022,05,ICA,ICA,41.630,20.720,1.482825,0
2022,05,ICA,NASCA,0.000,17.590,0.000000,1
2022,05,ICA,PALPA,0.000,3.110,0.000000,1
2022,05,ICA,PISCO,30.000,35.400,1.000000,0
2022,05,JUNIN,CHANCHAMAYO,47.150,70.000,1.037858,0
2022,05,JUNIN,HUANCAYO,12.750,25.000,1.000000,0
2022,05,JUNIN,SATIPO,376.400,241.000,1.110654,0
2022,05,LA LIBERTAD,ASCOPE,2.320,8.500,1.000000,0
2022,05,LA LIBERTAD,BOLIVAR,4.130,9.000,1.085230,0
2022,05,LA LIBERTAD,CHEPEN,6.900,32.000,1.000000,0
2022,05,LA LIBERTAD,GRAN CHIMU,1.980,1.500,1.000000,0
2022,05,LA LIBERTAD,OTUZCO,0.610,2.000,1.200000,0
2022,05,LA LIBERTAD,PATAZ,10.370,11.000,1.068467,0
2022,05,LA LIBERTAD,SANCHEZ CARRION,4.200,29.500,1.200000,0
2022,05,LA LIBERTAD,VIRU,0.680,120.500,1.000000,0
2022,05,LAMBAYEQUE,CHICLAYO,0.000,8.000,0.000000,1
2022,05,LAMBAYEQUE,FERREÑAFE,24.800,19.000,0.386290,0
2022,05,LAMBAYEQUE,LAMBAYEQUE,5243.000,2298.000,0.636048,0
2022,05,LIMA,CAÑETE,0.000,3.000,0.000000,1
2022,05,LIMA,HUAURA,0.000,19.000,0.000000,1
2022,05,LORETO,ALTO AMAZONAS,310.000,481.000,0.922194,0
2022,05,LORETO,DATEM DEL MARAÑON,32.000,50.000,0.920000,0
2022,05,LORETO,LORETO,61.000,92.000,0.924426,0
2022,05,LORETO,MARISCAL RAMON CASTILLA,39.000,69.000,0.921795,0
2022,05,LORETO,MAYNAS,524.000,932.000,0.964065,0
2022,05,LORETO,PUTUMAYO,15.000,26.000,0.920000,0
2022,05,LORETO,REQUENA,45.000,67.000,0.915556,0
2022,05,LORETO,UCAYALI,88.000,183.000,0.953864,0
2022,05,MADRE DE DIOS,MANU,10.500,32.000,1.765714,0
2022,05,MADRE DE DIOS,TAHUAMANU,14.000,38.500,2.095000,0
2022,05,MADRE DE DIOS,TAMBOPATA,38.900,113.500,3.047815,0
2022,05,MOQUEGUA,GENERAL SANCHEZ CERRO,0.000,13.000,0.000000,1
2022,05,MOQUEGUA,MARISCAL NIETO,6.750,6.000,2.300000,0
2022,05,PASCO,OXAPAMPA,50.000,10.000,2.000000,0
2022,05,PIURA,AYABACA,23.000,87.000,0.822174,0
2022,05,PIURA,HUANCABAMBA,10.000,38.000,0.817000,0
2022,05,PIURA,MORROPON,1714.000,1453.000,1.001284,0
2022,05,PIURA,PAITA,20.000,8.000,1.105000,0
2022,05,PIURA,PIURA,8905.000,11661.000,0.834568,0
2022,05,PIURA,SECHURA,4.000,7.000,1.750000,0
2022,05,PIURA,SULLANA,11047.000,4443.000,1.000183,0
2022,05,PUNO,CARABAYA,2.000,1.000,0.700000,0
2022,05,PUNO,SANDIA,12.300,5.000,1.050407,0
2022,05,SAN MARTIN,BELLAVISTA,29.000,70.900,1.389655,0
2022,05,SAN MARTIN,EL DORADO,15.500,19.500,1.000000,0
2022,05,SAN MARTIN,HUALLAGA,36.000,51.500,1.263889,0
2022,05,SAN MARTIN,LAMAS,95.000,114.000,1.763158,0
2022,05,SAN MARTIN,MARISCAL CACERES,34.000,34.000,1.967647,0
2022,05,SAN MARTIN,MOYOBAMBA,50.000,76.000,2.092000,0
2022,05,SAN MARTIN,PICOTA,83.000,82.500,1.006024,0
2022,05,SAN MARTIN,RIOJA,44.000,22.500,1.000000,0
2022,05,SAN MARTIN,SAN MARTIN,111.500,219.000,1.275785,0
2022,05,SAN MARTIN,TOCACHE,40.000,13.000,0.600000,0
2022,05,TUMBES,CONTRALMIRANTE VILLAR,142.640,96.350,1.000000,0
2022,05,TUMBES,TUMBES,954.714,684.500,1.496546,0
2022,05,TUMBES,ZARUMILLA,2253.290,2300.070,1.250000,0
2022,05,UCAYALI,ATALAYA,176.550,232.000,1.639671,0
2022,05,UCAYALI,CORONEL PORTILLO,973.260,1571.640,1.528430,0
2022,05,UCAYALI,PADRE ABAD,533.000,634.000,1.554961,0
2022,05,UCAYALI,PURUS,27.890,38.000,1.800000,0
2022,06,AMAZONAS,BAGUA,17.300,41.500,2.500000,0
2022,06,AMAZONAS,CHACHAPOYAS,21.300,43.000,3.425352,0
2022,06,AMAZONAS,LUYA,22.200,30.000,2.292342,0
2022,06,AMAZONAS,UTCUBAMBA,519.000,578.000,1.302312,0
2022,06,ANCASH,CASMA,36.000,64.000,2.161111,0
2022,06,ANCASH,HUARMEY,4.000,4.000,2.200000,0
2022,06,ANCASH,HUAYLAS,11.000,12.000,2.500000,0
2022,06,ANCASH,SANTA,7.000,5.000,2.400000,0
2022,06,APURIMAC,ABANCAY,3.000,31.500,1.000000,0
2022,06,APURIMAC,ANDAHUAYLAS,0.000,23.500,0.000000,1
2022,06,APURIMAC,AYMARAES,1.800,5.000,0.911111,0
2022,06,APURIMAC,CHINCHEROS,0.000,50.250,0.000000,1
2022,06,APURIMAC,GRAU,0.000,2.000,0.000000,1
2022,06,AREQUIPA,CARAVELI,13.539,3.000,3.000000,0
2022,06,AREQUIPA,LA UNION,0.000,10.000,0.000000,1
2022,06,AYACUCHO,HUAMANGA,1.250,2.000,1.700000,0
2022,06,AYACUCHO,HUANTA,10.000,13.000,1.950000,0
2022,06,AYACUCHO,LA MAR,13.250,15.750,2.287547,0
2022,06,AYACUCHO,LUCANAS,4.000,5.000,1.500000,0
2022,06,AYACUCHO,PARINACOCHAS,5.000,2.000,1.380000,0
2022,06,AYACUCHO,PAUCAR DEL SARA SARA,28.000,9.000,2.428571,0
2022,06,AYACUCHO,SUCRE,0.000,1.000,0.000000,1
2022,06,AYACUCHO,VILCAS HUAMAN,11.670,8.670,1.542845,0
2022,06,CAJAMARCA,CAJABAMBA,8.917,15.900,1.435235,0
2022,06,CAJAMARCA,CHOTA,31.500,32.250,0.826984,0
2022,06,CAJAMARCA,JAEN,6.380,16.000,1.100000,0
2022,06,CAJAMARCA,SAN IGNACIO,5.350,10.000,2.000000,0
2022,06,CAJAMARCA,SAN MARCOS,1.530,9.000,2.300000,0
2022,06,CAJAMARCA,SAN MIGUEL,13.000,30.000,1.261538,0
2022,06,CAJAMARCA,SANTA CRUZ,9.000,4.500,1.111111,0
2022,06,CUSCO,LA CONVENCION,70.000,288.000,1.200000,0
2022,06,HUANCAVELICA,ACOBAMBA,2.750,4.000,1.321818,0
2022,06,HUANCAVELICA,ANGARAES,3.150,3.000,1.285714,0
2022,06,HUANCAVELICA,CASTROVIRREYNA,0.450,6.300,2.500000,0
2022,06,HUANCAVELICA,CHURCAMPA,7.600,6.000,1.142105,0
2022,06,HUANCAVELICA,HUAYTARA,2.750,3.000,2.043636,0
2022,06,HUANCAVELICA,TAYACAJA,21.500,21.000,1.376744,0
2022,06,HUANUCO,HUACAYBAMBA,0.000,9.000,0.000000,1
2022,06,HUANUCO,HUAMALIES,24.000,22.000,1.200000,0
2022,06,HUANUCO,HUANUCO,11.100,11.250,1.423423,0
2022,06,HUANUCO,LEONCIO PRADO,160.800,103.000,1.159453,0
2022,06,HUANUCO,MARAÑON,9.200,7.000,1.182609,0
2022,06,HUANUCO,PUERTO INCA,1.000,4.000,1.900000,0
2022,06,ICA,CHINCHA,0.000,7.000,0.000000,1
2022,06,ICA,ICA,59.150,20.720,1.418935,0
2022,06,ICA,NASCA,99.820,17.590,1.201823,0
2022,06,ICA,PALPA,0.000,3.110,0.000000,1
2022,06,ICA,PISCO,102.000,35.400,1.000000,0
2022,06,JUNIN,CHANCHAMAYO,47.150,70.000,0.900371,0
2022,06,JUNIN,HUANCAYO,11.900,25.000,0.900000,0
2022,06,JUNIN,SATIPO,387.900,241.000,1.204305,0
2022,06,LA LIBERTAD,ASCOPE,2.359,8.500,1.000000,0
2022,06,LA LIBERTAD,BOLIVAR,2.940,9.000,1.000000,0
2022,06,LA LIBERTAD,CHEPEN,6.700,32.000,1.000000,0
2022,06,LA LIBERTAD,GRAN CHIMU,0.480,1.500,1.000000,0
2022,06,LA LIBERTAD,OTUZCO,1.100,2.000,1.200000,0
2022,06,LA LIBERTAD,PATAZ,8.550,11.000,1.000000,0
2022,06,LA LIBERTAD,SANCHEZ CARRION,1.220,29.500,1.121311,0
2022,06,LA LIBERTAD,VIRU,0.650,120.500,1.000000,0
2022,06,LAMBAYEQUE,CHICLAYO,0.000,8.000,0.000000,1
2022,06,LAMBAYEQUE,FERREÑAFE,8.000,19.000,0.350000,0
2022,06,LAMBAYEQUE,LAMBAYEQUE,2329.000,2298.000,0.645857,0
2022,06,LIMA,CAÑETE,0.000,3.000,0.000000,1
2022,06,LIMA,HUAURA,45.600,19.000,1.300000,0
2022,06,LORETO,ALTO AMAZONAS,252.000,481.000,0.923056,0
2022,06,LORETO,DATEM DEL MARAÑON,33.000,50.000,0.924848,0
2022,06,LORETO,LORETO,37.000,92.000,0.929189,0
2022,06,LORETO,MARISCAL RAMON CASTILLA,46.000,69.000,0.924783,0
2022,06,LORETO,MAYNAS,508.000,932.000,0.961024,0
2022,06,LORETO,PUTUMAYO,15.000,26.000,0.920000,0
2022,06,LORETO,REQUENA,42.000,67.000,0.926190,0
2022,06,LORETO,UCAYALI,106.000,183.000,0.948491,0
2022,06,MADRE DE DIOS,MANU,12.900,33.000,2.619380,0
2022,06,MADRE DE DIOS,TAHUAMANU,17.800,38.500,2.764045,0
2022,06,MADRE DE DIOS,TAMBOPATA,44.500,113.500,2.758427,0
2022,06,MOQUEGUA,GENERAL SANCHEZ CERRO,0.000,13.000,0.000000,1
2022,06,MOQUEGUA,MARISCAL NIETO,0.000,6.000,0.000000,1
2022,06,PASCO,OXAPAMPA,20.000,10.000,2.300000,0
2022,06,PIURA,AYABACA,25.000,87.000,0.980000,0
2022,06,PIURA,HUANCABAMBA,10.000,38.000,0.808000,0
2022,06,PIURA,MORROPON,1664.000,1453.000,1.102674,0
2022,06,PIURA,PAITA,12.000,8.000,1.000000,0
2022,06,PIURA,PIURA,5786.000,11662.000,0.938080,0
2022,06,PIURA,SECHURA,4.000,7.000,2.125000,0
2022,06,PIURA,SULLANA,9160.000,4443.000,1.000183,0
2022,06,PUNO,CARABAYA,3.200,1.000,0.700000,0
2022,06,PUNO,SANDIA,19.200,5.000,1.116146,0
2022,06,SAN MARTIN,BELLAVISTA,28.000,70.900,1.460714,0
2022,06,SAN MARTIN,EL DORADO,16.000,19.500,0.800000,0
2022,06,SAN MARTIN,HUALLAGA,23.000,51.500,1.986957,0
2022,06,SAN MARTIN,LAMAS,108.000,114.000,1.888889,0
2022,06,SAN MARTIN,MARISCAL CACERES,35.000,34.000,2.000000,0
2022,06,SAN MARTIN,MOYOBAMBA,0.000,76.000,0.000000,1
2022,06,SAN MARTIN,PICOTA,69.000,82.500,1.039130,0
2022,06,SAN MARTIN,RIOJA,15.000,22.500,1.000000,0
2022,06,SAN MARTIN,SAN MARTIN,74.000,219.000,1.314189,0
2022,06,SAN MARTIN,TOCACHE,18.000,13.000,0.600000,0
2022,06,TUMBES,CONTRALMIRANTE VILLAR,145.512,98.350,1.500000,0
2022,06,TUMBES,TUMBES,377.880,683.700,1.714457,0
2022,06,TUMBES,ZARUMILLA,1614.730,2308.070,1.120000,0
2022,06,UCAYALI,ATALAYA,180.480,233.000,1.428191,0
2022,06,UCAYALI,CORONEL PORTILLO,1087.459,1575.640,1.295821,0
2022,06,UCAYALI,PADRE ABAD,486.860,636.000,1.369086,0
2022,06,UCAYALI,PURUS,24.800,38.000,1.600000,0
2022,07,AMAZONAS,BAGUA,17.000,41.500,2.500000,0
2022,07,AMAZONAS,CHACHAPOYAS,20.200,43.000,3.548515,0
2022,07,AMAZONAS,LUYA,18.500,30.000,2.372973,0
2022,07,AMAZONAS,UTCUBAMBA,531.000,578.000,1.251789,0
2022,07,ANCASH,CASMA,37.000,64.000,2.291892,0
2022,07,ANCASH,HUARMEY,3.000,4.000,2.300000,0
2022,07,ANCASH,HUAYLAS,9.000,12.000,2.444444,0
2022,07,ANCASH,SANTA,7.000,5.000,2.500000,0
2022,07,APURIMAC,ABANCAY,18.000,31.500,1.244444,0
2022,07,APURIMAC,ANDAHUAYLAS,0.000,23.500,0.000000,1
2022,07,APURIMAC,AYMARAES,1.300,5.000,0.907692,0
2022,07,APURIMAC,CHINCHEROS,0.000,57.250,0.000000,1
2022,07,APURIMAC,GRAU,1.000,2.000,1.600000,0
2022,07,AREQUIPA,CARAVELI,0.000,3.000,0.000000,1
2022,07,AREQUIPA,LA UNION,0.000,10.000,0.000000,1
2022,07,AYACUCHO,HUAMANGA,0.500,2.000,0.850000,0
2022,07,AYACUCHO,HUANTA,10.500,13.000,2.035714,0
2022,07,AYACUCHO,LA MAR,11.500,15.500,2.600870,0
2022,07,AYACUCHO,LUCANAS,3.000,5.000,1.500000,0
2022,07,AYACUCHO,PARINACOCHAS,2.000,2.000,1.400000,0
2022,07,AYACUCHO,PAUCAR DEL SARA SARA,0.000,9.000,0.000000,1
2022,07,AYACUCHO,SUCRE,0.000,1.000,0.000000,1
2022,07,AYACUCHO,VILCAS HUAMAN,10.500,8.670,1.547619,0
2022,07,CAJAMARCA,CAJABAMBA,8.770,15.900,1.450969,0
2022,07,CAJAMARCA,CHOTA,17.500,32.250,0.948571,0
2022,07,CAJAMARCA,JAEN,6.330,16.000,1.122196,0
2022,07,CAJAMARCA,SAN IGNACIO,6.600,10.000,2.100000,0
2022,07,CAJAMARCA,SAN MARCOS,1.530,9.000,2.000000,0
2022,07,CAJAMARCA,SAN MIGUEL,34.000,30.000,1.429412,0
2022,07,CAJAMARCA,SANTA CRUZ,9.000,4.500,1.133333,0
2022,07,CUSCO,LA CONVENCION,54.000,288.000,1.200000,0
2022,07,HUANCAVELICA,ACOBAMBA,0.550,4.000,1.350000,0
2022,07,HUANCAVELICA,ANGARAES,1.000,3.000,1.300000,0
2022,07,HUANCAVELICA,CASTROVIRREYNA,0.400,6.300,2.500000,0
2022,07,HUANCAVELICA,CHURCAMPA,3.800,6.000,1.000000,0
2022,07,HUANCAVELICA,HUAYTARA,1.250,3.000,1.300000,0
2022,07,HUANCAVELICA,TAYACAJA,9.800,21.000,1.473469,0
2022,07,HUANUCO,HUACAYBAMBA,0.000,9.000,0.000000,1
2022,07,HUANUCO,HUAMALIES,12.000,22.000,1.500000,0
2022,07,HUANUCO,HUANUCO,12.500,11.250,1.597600,0
2022,07,HUANUCO,LEONCIO PRADO,96.500,103.000,1.302694,0
2022,07,HUANUCO,MARAÑON,6.900,7.000,1.100000,0
2022,07,HUANUCO,PUERTO INCA,1.600,4.000,2.000000,0
2022,07,ICA,CHINCHA,0.000,7.000,0.000000,1
2022,07,ICA,ICA,66.450,20.720,1.377442,0
2022,07,ICA,NASCA,217.300,17.590,1.200000,0
2022,07,ICA,PALPA,0.720,3.110,1.200000,0
2022,07,ICA,PISCO,232.000,35.400,1.000000,0
2022,07,JUNIN,CHANCHAMAYO,44.850,70.000,0.951449,0
2022,07,JUNIN,HUANCAYO,10.200,25.000,0.900000,0
2022,07,JUNIN,SATIPO,250.800,241.000,1.182137,0
2022,07,LA LIBERTAD,ASCOPE,0.000,8.500,0.000000,1
2022,07,LA LIBERTAD,BOLIVAR,2.830,9.000,1.054064,0
2022,07,LA LIBERTAD,CHEPEN,7.100,32.000,1.100000,0
2022,07,LA LIBERTAD,GRAN CHIMU,0.180,1.500,1.000000,0
2022,07,LA LIBERTAD,OTUZCO,2.700,2.000,1.100000,0
2022,07,LA LIBERTAD,PATAZ,4.240,11.000,1.018632,0
2022,07,LA LIBERTAD,SANCHEZ CARRION,0.700,29.500,1.100000,0
2022,07,LA LIBERTAD,VIRU,0.560,120.500,1.000000,0
2022,07,LAMBAYEQUE,CHICLAYO,0.000,8.000,0.000000,1
2022,07,LAMBAYEQUE,FERREÑAFE,2.000,19.000,0.350000,0
2022,07,LAMBAYEQUE,LAMBAYEQUE,1695.000,2298.000,0.719676,0
2022,07,LIMA,CAÑETE,0.000,3.000,0.000000,1
2022,07,LIMA,HUAURA,0.000,19.000,0.000000,1
2022,07,LORETO,ALTO AMAZONAS,253.000,481.000,0.923518,0
2022,07,LORETO,DATEM DEL MARAÑON,32.000,50.000,0.927813,0
2022,07,LORETO,LORETO,37.000,92.000,0.929459,0
2022,07,LORETO,MARISCAL RAMON CASTILLA,41.000,69.000,0.925854,0
2022,07,LORETO,MAYNAS,457.000,932.000,0.955492,0
2022,07,LORETO,PUTUMAYO,14.000,26.000,0.920000,0
2022,07,LORETO,REQUENA,35.000,67.000,0.923429,0
2022,07,LORETO,UCAYALI,95.000,183.000,0.942211,0
2022,07,MADRE DE DIOS,MANU,11.100,33.000,2.236036,0
2022,07,MADRE DE DIOS,TAHUAMANU,16.800,38.500,2.755357,0
2022,07,MADRE DE DIOS,TAMBOPATA,49.300,113.500,2.421907,0
2022,07,MOQUEGUA,GENERAL SANCHEZ CERRO,4.800,13.000,2.500000,0
2022,07,MOQUEGUA,MARISCAL NIETO,0.000,6.000,0.000000,1
2022,07,PASCO,OXAPAMPA,0.000,10.000,0.000000,1
2022,07,PIURA,AYABACA,17.000,87.000,0.865882,0
2022,07,PIURA,HUANCABAMBA,10.000,38.000,0.837000,0
2022,07,PIURA,MORROPON,1611.000,1453.000,1.166853,0
2022,07,PIURA,PAITA,16.000,8.000,1.000000,0
2022,07,PIURA,PIURA,4960.000,11663.000,1.335181,0
2022,07,PIURA,SECHURA,4.000,7.000,1.800000,0
2022,07,PIURA,SULLANA,9201.000,4443.000,1.000336,0
2022,07,PUNO,CARABAYA,5.100,1.000,0.700000,0
2022,07,PUNO,SANDIA,12.200,5.000,1.101639,0
2022,07,SAN MARTIN,BELLAVISTA,14.000,70.900,1.500000,0
2022,07,SAN MARTIN,EL DORADO,4.000,19.500,0.600000,0
2022,07,SAN MARTIN,HUALLAGA,10.000,51.500,1.990000,0
2022,07,SAN MARTIN,LAMAS,62.000,114.000,2.135484,0
2022,07,SAN MARTIN,MARISCAL CACERES,50.000,34.000,2.000000,0
2022,07,SAN MARTIN,MOYOBAMBA,0.000,77.000,0.000000,1
2022,07,SAN MARTIN,PICOTA,44.000,82.500,1.593182,0
2022,07,SAN MARTIN,RIOJA,7.500,22.500,1.000000,0
2022,07,SAN MARTIN,SAN MARTIN,84.000,219.000,1.315476,0
2022,07,SAN MARTIN,TOCACHE,3.000,13.000,0.600000,0
2022,07,TUMBES,CONTRALMIRANTE VILLAR,127.000,100.350,2.000000,0
2022,07,TUMBES,TUMBES,210.627,683.700,2.088528,0
2022,07,TUMBES,ZARUMILLA,908.750,2319.070,2.500000,0
2022,07,UCAYALI,ATALAYA,177.030,238.000,1.468918,0
2022,07,UCAYALI,CORONEL PORTILLO,856.330,1589.640,1.383643,0
2022,07,UCAYALI,PADRE ABAD,450.500,639.000,1.453028,0
2022,07,UCAYALI,PURUS,22.750,39.000,1.800000,0
2022,08,AMAZONAS,BAGUA,17.200,46.500,5.000000,0
2022,08,AMAZONAS,CHACHAPOYAS,17.500,43.000,3.148571,0
2022,08,AMAZONAS,LUYA,20.610,30.000,2.253421,0
2022,08,AMAZONAS,UTCUBAMBA,336.000,578.000,1.356250,0
2022,08,ANCASH,CASMA,36.000,64.000,2.625000,0
2022,08,ANCASH,HUARMEY,3.000,4.000,3.000000,0
2022,08,ANCASH,HUAYLAS,10.000,12.000,2.550000,0
2022,08,ANCASH,SANTA,6.000,5.000,3.000000,0
2022,08,APURIMAC,ABANCAY,2.000,31.500,0.800000,0
2022,08,APURIMAC,ANDAHUAYLAS,0.000,23.500,0.000000,1
2022,08,APURIMAC,AYMARAES,1.300,5.000,0.907692,0
2022,08,APURIMAC,CHINCHEROS,0.000,57.250,0.000000,1
2022,08,APURIMAC,GRAU,0.000,2.000,0.000000,1
2022,08,AREQUIPA,CARAVELI,0.000,3.000,0.000000,1
2022,08,AREQUIPA,LA UNION,0.000,10.000,0.000000,1
2022,08,AYACUCHO,HUAMANGA,1.000,2.000,1.730000,0
2022,08,AYACUCHO,HUANTA,4.000,13.000,2.000000,0
2022,08,AYACUCHO,LA MAR,7.500,15.500,2.102667,0
2022,08,AYACUCHO,LUCANAS,0.000,5.000,0.000000,1
2022,08,AYACUCHO,PARINACOCHAS,0.000,2.000,0.000000,1
2022,08,AYACUCHO,PAUCAR DEL SARA SARA,0.000,9.000,0.000000,1
2022,08,AYACUCHO,SUCRE,0.000,1.000,0.000000,1
2022,08,AYACUCHO,VILCAS HUAMAN,0.000,8.670,0.000000,1
2022,08,CAJAMARCA,CAJABAMBA,8.550,15.900,1.483871,0
2022,08,CAJAMARCA,CHOTA,5.000,61.250,0.800000,0
2022,08,CAJAMARCA,JAEN,5.390,16.000,3.500000,0
2022,08,CAJAMARCA,SAN IGNACIO,14.840,28.000,0.602224,0
2022,08,CAJAMARCA,SAN MARCOS,1.530,9.000,2.000000,0
2022,08,CAJAMARCA,SAN MIGUEL,43.000,30.000,1.362791,0
2022,08,CAJAMARCA,SANTA CRUZ,0.000,4.500,0.000000,1
2022,08,CUSCO,LA CONVENCION,49.000,288.000,1.200000,0
2022,08,HUANCAVELICA,ACOBAMBA,0.000,4.000,0.000000,1
2022,08,HUANCAVELICA,ANGARAES,0.000,3.000,0.000000,1
2022,08,HUANCAVELICA,CASTROVIRREYNA,0.600,6.300,2.500000,0
2022,08,HUANCAVELICA,CHURCAMPA,1.000,6.000,1.100000,0
2022,08,HUANCAVELICA,HUAYTARA,2.000,3.000,1.000000,0
2022,08,HUANCAVELICA,TAYACAJA,0.000,26.000,0.000000,1
2022,08,HUANUCO,HUACAYBAMBA,0.000,9.000,0.000000,1
2022,08,HUANUCO,HUAMALIES,14.200,22.000,1.800000,0
2022,08,HUANUCO,HUANUCO,7.800,11.250,1.532051,0
2022,08,HUANUCO,LEONCIO PRADO,72.400,103.000,1.915331,0
2022,08,HUANUCO,MARAÑON,3.400,7.000,1.341176,0
2022,08,HUANUCO,PUERTO INCA,2.000,4.000,1.900000,0
2022,08,ICA,CHINCHA,0.000,7.000,0.000000,1
2022,08,ICA,ICA,10.960,20.720,1.434854,0
2022,08,ICA,NASCA,93.400,17.590,1.300000,0
2022,08,ICA,PALPA,0.000,3.110,0.000000,1
2022,08,ICA,PISCO,105.000,35.400,1.017143,0
2022,08,JUNIN,CHANCHAMAYO,34.150,70.000,1.146706,0
2022,08,JUNIN,HUANCAYO,8.500,25.000,1.600000,0
2022,08,JUNIN,SATIPO,152.500,241.000,1.279148,0
2022,08,LA LIBERTAD,ASCOPE,2.200,8.500,1.000000,0
2022,08,LA LIBERTAD,BOLIVAR,3.480,9.000,1.120000,0
2022,08,LA LIBERTAD,CHEPEN,7.000,41.000,1.120000,0
2022,08,LA LIBERTAD,GRAN CHIMU,0.000,1.500,0.000000,1
2022,08,LA LIBERTAD,OTUZCO,0.740,2.000,1.000000,0
2022,08,LA LIBERTAD,PATAZ,3.800,11.000,1.000000,0
2022,08,LA LIBERTAD,SANCHEZ CARRION,0.600,29.500,1.000000,0
2022,08,LA LIBERTAD,VIRU,0.420,120.500,1.000000,0
2022,08,LAMBAYEQUE,CHICLAYO,0.000,8.000,0.000000,1
2022,08,LAMBAYEQUE,FERREÑAFE,49.000,19.000,0.456122,0
2022,08,LAMBAYEQUE,LAMBAYEQUE,1192.000,2298.000,1.554362,0
2022,08,LIMA,CAÑETE,0.000,3.000,0.000000,1
2022,08,LIMA,HUAURA,0.000,19.000,0.000000,1
2022,08,LORETO,ALTO AMAZONAS,245.000,481.000,0.929429,0
2022,08,LORETO,DATEM DEL MARAÑON,28.000,50.000,0.928929,0
2022,08,LORETO,LORETO,45.000,92.000,0.946889,0
2022,08,LORETO,MARISCAL RAMON CASTILLA,37.000,69.000,0.920000,0
2022,08,LORETO,MAYNAS,441.000,932.000,0.948617,0
2022,08,LORETO,PUTUMAYO,13.000,26.000,0.948462,0
2022,08,LORETO,REQUENA,33.000,67.000,0.923030,0
2022,08,LORETO,UCAYALI,87.000,183.000,0.939655,0
2022,08,MADRE DE DIOS,MANU,10.800,33.000,2.516667,0
2022,08,MADRE DE DIOS,TAHUAMANU,13.200,38.500,2.718182,0
2022,08,MADRE DE DIOS,TAMBOPATA,37.400,113.500,2.792781,0
2022,08,MOQUEGUA,GENERAL SANCHEZ CERRO,0.000,13.000,0.000000,1
2022,08,MOQUEGUA,MARISCAL NIETO,6.580,6.000,2.500000,0
2022,08,PASCO,OXAPAMPA,0.000,10.000,0.000000,1
2022,08,PIURA,AYABACA,34.000,87.000,1.510000,0
2022,08,PIURA,HUANCABAMBA,10.800,38.000,0.824259,0
2022,08,PIURA,MORROPON,1413.000,1453.000,1.370000,0
2022,08,PIURA,PAITA,16.000,8.000,1.055000,0
2022,08,PIURA,PIURA,6937.000,11663.000,1.723218,0
2022,08,PIURA,SECHURA,4.000,7.000,3.000000,0
2022,08,PIURA,SULLANA,9161.000,4443.000,1.199236,0
2022,08,PUNO,CARABAYA,0.200,1.000,0.800000,0
2022,08,PUNO,SANDIA,0.700,5.000,1.171429,0
2022,08,SAN MARTIN,BELLAVISTA,10.500,70.900,1.457143,0
2022,08,SAN MARTIN,EL DORADO,9.000,19.500,0.600000,0
2022,08,SAN MARTIN,HUALLAGA,9.000,51.500,1.988889,0
2022,08,SAN MARTIN,LAMAS,45.300,114.000,2.363135,0
2022,08,SAN MARTIN,MARISCAL CACERES,11.000,34.000,2.000000,0
2022,08,SAN MARTIN,MOYOBAMBA,0.000,78.000,0.000000,1
2022,08,SAN MARTIN,PICOTA,34.000,82.500,3.094118,0
2022,08,SAN MARTIN,RIOJA,0.000,24.000,0.000000,1
2022,08,SAN MARTIN,SAN MARTIN,61.000,219.000,1.327869,0
2022,08,SAN MARTIN,TOCACHE,0.000,13.000,0.000000,1
2022,08,TUMBES,CONTRALMIRANTE VILLAR,103.990,104.350,3.000000,0
2022,08,TUMBES,TUMBES,143.070,683.700,3.688894,0
2022,08,TUMBES,ZARUMILLA,509.680,2331.070,3.000000,0
2022,08,UCAYALI,ATALAYA,109.640,238.000,1.588740,0
2022,08,UCAYALI,CORONEL PORTILLO,620.899,1584.640,1.511852,0
2022,08,UCAYALI,PADRE ABAD,322.140,561.000,1.558676,0
2022,08,UCAYALI,PURUS,16.530,39.000,1.800000,0
2022,09,AMAZONAS,BAGUA,19.800,48.500,5.000000,0
2022,09,AMAZONAS,CHACHAPOYAS,15.600,43.000,4.292308,0
2022,09,AMAZONAS,LUYA,22.650,30.000,2.507947,0
2022,09,AMAZONAS,UTCUBAMBA,321.000,578.000,2.902025,0
2022,09,ANCASH,CASMA,35.000,64.000,2.620000,0
2022,09,ANCASH,HUARMEY,3.000,4.000,3.000000,0
2022,09,ANCASH,HUAYLAS,9.000,12.000,2.600000,0
2022,09,ANCASH,SANTA,6.000,5.000,3.000000,0
2022,09,APURIMAC,ABANCAY,21.000,31.500,1.419048,0
2022,09,APURIMAC,ANDAHUAYLAS,0.000,23.500,0.000000,1
2022,09,APURIMAC,AYMARAES,1.000,5.000,0.900000,0
2022,09,APURIMAC,CHINCHEROS,0.000,57.250,0.000000,1
2022,09,APURIMAC,GRAU,1.000,2.000,1.650000,0
2022,09,AREQUIPA,CARAVELI,0.000,3.000,0.000000,1
2022,09,AREQUIPA,LA UNION,0.000,10.000,0.000000,1
2022,09,AYACUCHO,HUAMANGA,0.670,2.000,1.330000,0
2022,09,AYACUCHO,HUANTA,1.000,13.000,2.500000,0
2022,09,AYACUCHO,LA MAR,6.000,15.500,2.000000,0
2022,09,AYACUCHO,LUCANAS,0.000,5.000,0.000000,1
2022,09,AYACUCHO,PARINACOCHAS,0.000,2.000,0.000000,1
2022,09,AYACUCHO,PAUCAR DEL SARA SARA,0.000,9.000,0.000000,1
2022,09,AYACUCHO,SUCRE,0.000,1.000,0.000000,1
2022,09,AYACUCHO,VILCAS HUAMAN,0.000,8.670,0.000000,1
2022,09,CAJAMARCA,CAJABAMBA,8.400,15.900,1.505357,0
2022,09,CAJAMARCA,CHOTA,0.000,61.250,0.000000,1
2022,09,CAJAMARCA,JAEN,6.008,16.000,3.500000,0
2022,09,CAJAMARCA,SAN IGNACIO,7.800,28.000,0.582308,0
2022,09,CAJAMARCA,SAN MARCOS,0.000,9.000,0.000000,1
2022,09,CAJAMARCA,SAN MIGUEL,35.400,30.000,1.376271,0
2022,09,CAJAMARCA,SANTA CRUZ,0.000,4.500,0.000000,1
2022,09,CUSCO,LA CONVENCION,113.000,288.000,1.100000,0
2022,09,HUANCAVELICA,ACOBAMBA,0.000,4.000,0.000000,1
2022,09,HUANCAVELICA,ANGARAES,0.000,3.000,0.000000,1
2022,09,HUANCAVELICA,CASTROVIRREYNA,0.600,6.300,3.000000,0
2022,09,HUANCAVELICA,CHURCAMPA,0.000,6.000,0.000000,1
2022,09,HUANCAVELICA,HUAYTARA,0.800,3.000,1.200000,0
2022,09,HUANCAVELICA,TAYACAJA,0.000,26.000,0.000000,1
2022,09,HUANUCO,HUACAYBAMBA,0.000,9.000,0.000000,1
2022,09,HUANUCO,HUAMALIES,15.000,22.000,1.900000,0
2022,09,HUANUCO,HUANUCO,6.100,11.250,1.621311,0
2022,09,HUANUCO,LEONCIO PRADO,49.000,103.000,2.030612,0
2022,09,HUANUCO,MARAÑON,0.000,7.000,0.000000,1
2022,09,HUANUCO,PUERTO INCA,2.000,4.000,2.000000,0
2022,09,ICA,CHINCHA,0.000,7.000,0.000000,1
2022,09,ICA,ICA,0.000,20.720,0.000000,1
2022,09,ICA,NASCA,0.000,17.590,0.000000,1
2022,09,ICA,PALPA,34.250,3.110,2.423007,0
2022,09,ICA,PISCO,25.000,35.400,1.260000,0
2022,09,JUNIN,CHANCHAMAYO,34.600,70.000,1.156647,0
2022,09,JUNIN,HUANCAYO,6.800,25.000,1.700000,0
2022,09,JUNIN,SATIPO,143.740,241.000,1.291930,0
2022,09,LA LIBERTAD,ASCOPE,2.370,8.500,1.300000,0
2022,09,LA LIBERTAD,BOLIVAR,0.000,9.000,0.000000,1
2022,09,LA LIBERTAD,CHEPEN,6.700,41.000,1.150000,0
2022,09,LA LIBERTAD,GRAN CHIMU,0.000,1.500,0.000000,1
2022,09,LA LIBERTAD,OTUZCO,0.000,2.000,0.000000,1
2022,09,LA LIBERTAD,PATAZ,0.450,11.000,1.200000,0
2022,09,LA LIBERTAD,SANCHEZ CARRION,0.510,29.500,1.200000,0
2022,09,LA LIBERTAD,VIRU,0.490,120.500,1.300000,0
2022,09,LAMBAYEQUE,CHICLAYO,0.000,8.000,0.000000,1
2022,09,LAMBAYEQUE,FERREÑAFE,0.000,19.000,0.000000,1
2022,09,LAMBAYEQUE,LAMBAYEQUE,1267.000,2292.000,2.161839,0
2022,09,LIMA,CAÑETE,0.000,3.000,0.000000,1
2022,09,LIMA,HUAURA,0.000,19.000,0.000000,1
2022,09,LORETO,ALTO AMAZONAS,251.000,481.000,0.929442,0
2022,09,LORETO,DATEM DEL MARAÑON,20.000,50.000,0.929500,0
2022,09,LORETO,LORETO,41.000,92.000,0.950244,0
2022,09,LORETO,MARISCAL RAMON CASTILLA,31.000,69.000,0.930000,0
2022,09,LORETO,MAYNAS,416.000,932.000,0.955505,0
2022,09,LORETO,PUTUMAYO,13.000,26.000,0.946923,0
2022,09,LORETO,REQUENA,23.000,67.000,0.931739,0
2022,09,LORETO,UCAYALI,87.000,183.000,0.940805,0
2022,09,MADRE DE DIOS,MANU,8.800,33.000,3.079545,0
2022,09,MADRE DE DIOS,TAHUAMANU,9.200,38.500,3.441304,0
2022,09,MADRE DE DIOS,TAMBOPATA,29.700,113.500,3.330976,0
2022,09,MOQUEGUA,GENERAL SANCHEZ CERRO,0.000,13.000,0.000000,1
2022,09,MOQUEGUA,MARISCAL NIETO,0.000,6.000,0.000000,1
2022,09,PASCO,OXAPAMPA,0.000,10.000,0.000000,1
2022,09,PIURA,AYABACA,49.000,87.000,1.518163,0
2022,09,PIURA,HUANCABAMBA,10.000,38.000,0.819000,0
2022,09,PIURA,MORROPON,595.000,1453.000,1.372252,0
2022,09,PIURA,PAITA,16.000,8.000,1.200000,0
2022,09,PIURA,PIURA,7635.000,11677.000,1.940005,0
2022,09,PIURA,SECHURA,3.000,7.000,3.066667,0
2022,09,PIURA,SULLANA,9161.000,4443.000,1.170172,0
2022,09,PUNO,CARABAYA,0.000,1.000,0.000000,1
2022,09,PUNO,SANDIA,0.000,5.000,0.000000,1
2022,09,SAN MARTIN,BELLAVISTA,7.100,70.900,1.500000,0
2022,09,SAN MARTIN,EL DORADO,5.000,19.500,2.000000,0
2022,09,SAN MARTIN,HUALLAGA,7.000,51.500,2.485714,0
2022,09,SAN MARTIN,LAMAS,31.000,114.000,3.419355,0
2022,09,SAN MARTIN,MARISCAL CACERES,44.000,34.000,2.000000,0
2022,09,SAN MARTIN,MOYOBAMBA,0.000,78.000,0.000000,1
2022,09,SAN MARTIN,PICOTA,21.000,82.500,4.619048,0
2022,09,SAN MARTIN,RIOJA,0.000,24.500,0.000000,1
2022,09,SAN MARTIN,SAN MARTIN,63.500,219.000,1.259843,0
2022,09,SAN MARTIN,TOCACHE,0.000,13.000,0.000000,1
2022,09,TUMBES,CONTRALMIRANTE VILLAR,81.730,106.350,3.750000,0
2022,09,TUMBES,TUMBES,567.462,683.900,4.138044,0
2022,09,TUMBES,ZARUMILLA,1428.600,2340.070,4.000000,0
2022,09,UCAYALI,ATALAYA,130.020,238.000,1.753396,0
2022,09,UCAYALI,CORONEL PORTILLO,542.340,1584.640,1.748336,0
2022,09,UCAYALI,PADRE ABAD,323.540,561.000,1.808398,0
2022,09,UCAYALI,PURUS,12.500,39.000,1.900000,0
2022,10,AMAZONAS,BAGUA,21.900,60.500,5.000000,0
2022,10,AMAZONAS,CHACHAPOYAS,12.200,43.000,3.647541,0
2022,10,AMAZONAS,LUYA,20.710,30.000,3.240077,0
2022,10,AMAZONAS,UTCUBAMBA,320.000,578.000,2.932188,0
2022,10,ANCASH,CASMA,34.000,64.000,2.917647,0
2022,10,ANCASH,HUARMEY,2.500,4.000,3.000000,0
2022,10,ANCASH,HUAYLAS,10.000,12.000,3.000000,0
2022,10,ANCASH,SANTA,5.000,5.000,3.200000,0
2022,10,APURIMAC,ABANCAY,2.000,31.500,1.000000,0
2022,10,APURIMAC,ANDAHUAYLAS,0.000,23.500,0.000000,1
2022,10,APURIMAC,AYMARAES,1.400,5.000,1.014286,0
2022,10,APURIMAC,CHINCHEROS,0.000,57.250,0.000000,1
2022,10,APURIMAC,GRAU,0.000,2.000,0.000000,1
2022,10,AREQUIPA,CARAVELI,0.000,3.000,0.000000,1
2022,10,AREQUIPA,LA UNION,0.000,10.000,0.000000,1
2022,10,AYACUCHO,HUAMANGA,1.000,2.000,3.000000,0
2022,10,AYACUCHO,HUANTA,2.000,13.000,2.500000,0
2022,10,AYACUCHO,LA MAR,4.000,15.500,1.500000,0
2022,10,AYACUCHO,LUCANAS,0.000,5.000,0.000000,1
2022,10,AYACUCHO,PARINACOCHAS,0.000,2.000,0.000000,1
2022,10,AYACUCHO,PAUCAR DEL SARA SARA,0.000,9.000,0.000000,1
2022,10,AYACUCHO,SUCRE,0.000,1.000,0.000000,1
2022,10,AYACUCHO,VILCAS HUAMAN,0.000,8.670,0.000000,1
2022,10,CAJAMARCA,CAJABAMBA,8.220,15.900,1.497543,0
2022,10,CAJAMARCA,CHOTA,0.000,61.250,0.000000,1
2022,10,CAJAMARCA,JAEN,8.649,16.000,3.500000,0
2022,10,CAJAMARCA,SAN IGNACIO,0.000,28.000,0.000000,1
2022,10,CAJAMARCA,SAN MARCOS,4.030,9.000,5.700000,0
2022,10,CAJAMARCA,SAN MIGUEL,19.000,30.000,1.436842,0
2022,10,CAJAMARCA,SANTA CRUZ,0.000,4.500,0.000000,1
2022,10,CUSCO,LA CONVENCION,100.000,288.000,1.100000,0
2022,10,HUANCAVELICA,ACOBAMBA,0.000,4.000,0.000000,1
2022,10,HUANCAVELICA,ANGARAES,0.000,3.000,0.000000,1
2022,10,HUANCAVELICA,CASTROVIRREYNA,0.500,6.300,3.000000,0
2022,10,HUANCAVELICA,CHURCAMPA,0.000,6.000,0.000000,1
2022,10,HUANCAVELICA,HUAYTARA,0.000,3.000,0.000000,1
2022,10,HUANCAVELICA,TAYACAJA,0.000,26.000,0.000000,1
2022,10,HUANUCO,HUACAYBAMBA,0.000,9.000,0.000000,1
2022,10,HUANUCO,HUAMALIES,13.000,22.000,1.900000,0
2022,10,HUANUCO,HUANUCO,2.700,11.250,2.000000,0
2022,10,HUANUCO,LEONCIO PRADO,28.000,103.000,2.042143,0
2022,10,HUANUCO,MARAÑON,0.000,7.000,0.000000,1
2022,10,HUANUCO,PUERTO INCA,3.000,4.000,3.000000,0
2022,10,ICA,CHINCHA,5.700,7.000,1.800000,0
2022,10,ICA,ICA,0.000,20.720,0.000000,1
2022,10,ICA,NASCA,0.000,17.590,0.000000,1
2022,10,ICA,PALPA,0.000,3.110,0.000000,1
2022,10,ICA,PISCO,0.000,35.400,0.000000,1
2022,10,JUNIN,CHANCHAMAYO,35.319,70.000,1.052770,0
2022,10,JUNIN,HUANCAYO,8.500,25.000,1.800000,0
2022,10,JUNIN,SATIPO,118.100,241.000,1.270195,0
2022,10,LA LIBERTAD,ASCOPE,0.000,8.500,0.000000,1
2022,10,LA LIBERTAD,BOLIVAR,0.000,9.000,0.000000,1
2022,10,LA LIBERTAD,CHEPEN,7.200,41.000,1.000000,0
2022,10,LA LIBERTAD,GRAN CHIMU,0.000,1.500,0.000000,1
2022,10,LA LIBERTAD,OTUZCO,0.000,2.000,0.000000,1
2022,10,LA LIBERTAD,PATAZ,0.000,11.000,0.000000,1
2022,10,LA LIBERTAD,SANCHEZ CARRION,0.680,29.500,1.000000,0
2022,10,LA LIBERTAD,VIRU,0.420,120.500,1.300000,0
2022,10,LAMBAYEQUE,CHICLAYO,0.000,8.000,0.000000,1
2022,10,LAMBAYEQUE,FERREÑAFE,0.000,19.000,0.000000,1
2022,10,LAMBAYEQUE,LAMBAYEQUE,672.000,2292.000,2.595536,0
2022,10,LIMA,CAÑETE,0.000,3.000,0.000000,1
2022,10,LIMA,HUAURA,0.000,19.000,0.000000,1
2022,10,LORETO,ALTO AMAZONAS,2.000,481.000,0.970000,0
2022,10,LORETO,DATEM DEL MARAÑON,0.000,50.000,0.000000,1
2022,10,LORETO,LORETO,39.000,92.000,0.954872,0
2022,10,LORETO,MARISCAL RAMON CASTILLA,0.000,69.000,0.000000,1
2022,10,LORETO,MAYNAS,382.000,932.000,0.956414,0
2022,10,LORETO,PUTUMAYO,5.000,26.000,0.980000,0
2022,10,LORETO,REQUENA,18.000,67.000,0.943333,0
2022,10,LORETO,UCAYALI,69.000,183.000,0.982029,0
2022,10,MADRE DE DIOS,MANU,11.000,33.000,3.581818,0
2022,10,MADRE DE DIOS,TAHUAMANU,9.300,38.500,4.198925,0
2022,10,MADRE DE DIOS,TAMBOPATA,33.300,113.500,3.956757,0
2022,10,MOQUEGUA,GENERAL SANCHEZ CERRO,0.000,13.000,0.000000,1
2022,10,MOQUEGUA,MARISCAL NIETO,7.500,6.000,3.500000,0
2022,10,PASCO,OXAPAMPA,0.000,10.000,0.000000,1
2022,10,PIURA,AYABACA,43.000,87.000,2.296047,0
2022,10,PIURA,HUANCABAMBA,7.000,38.000,0.810000,0
2022,10,PIURA,MORROPON,1012.000,1453.000,2.367846,0
2022,10,PIURA,PAITA,12.000,8.000,2.540000,0
2022,10,PIURA,PIURA,6855.000,11677.000,2.755978,0
2022,10,PIURA,SECHURA,12.000,7.000,1.840000,0
2022,10,PIURA,SULLANA,6624.000,4443.000,2.499164,0
2022,10,PUNO,CARABAYA,0.000,1.000,0.000000,1
2022,10,PUNO,SANDIA,0.000,5.000,0.000000,1
2022,10,SAN MARTIN,BELLAVISTA,5.000,70.900,2.000000,0
2022,10,SAN MARTIN,EL DORADO,16.000,19.500,2.062500,0
2022,10,SAN MARTIN,HUALLAGA,30.000,51.500,2.486667,0
2022,10,SAN MARTIN,LAMAS,30.500,114.500,2.909836,0
2022,10,SAN MARTIN,MARISCAL CACERES,44.000,34.000,2.000000,0
2022,10,SAN MARTIN,MOYOBAMBA,0.000,78.000,0.000000,1
2022,10,SAN MARTIN,PICOTA,22.900,82.500,4.659389,0
2022,10,SAN MARTIN,RIOJA,0.000,25.000,0.000000,1
2022,10,SAN MARTIN,SAN MARTIN,46.000,219.000,1.288043,0
2022,10,SAN MARTIN,TOCACHE,2.000,13.000,0.600000,0
2022,10,TUMBES,CONTRALMIRANTE VILLAR,75.740,106.350,4.000000,0
2022,10,TUMBES,TUMBES,686.465,683.900,4.508784,0
2022,10,TUMBES,ZARUMILLA,2376.410,2353.070,5.250000,0
2022,10,UCAYALI,ATALAYA,126.970,238.000,1.894499,0
2022,10,UCAYALI,CORONEL PORTILLO,377.519,1584.640,1.895530,0
2022,10,UCAYALI,PADRE ABAD,267.340,564.000,1.888992,0
2022,10,UCAYALI,PURUS,9.840,39.000,2.000000,0
2022,11,AMAZONAS,BAGUA,20.700,64.500,3.103865,0
2022,11,AMAZONAS,CHACHAPOYAS,13.300,43.000,4.000000,0
2022,11,AMAZONAS,LUYA,20.830,30.000,4.102928,0
2022,11,AMAZONAS,UTCUBAMBA,330.000,578.000,3.107576,0
2022,11,ANCASH,CASMA,33.000,64.000,2.672727,0
2022,11,ANCASH,HUARMEY,3.000,4.000,3.500000,0
2022,11,ANCASH,HUAYLAS,9.000,12.000,2.500000,0
2022,11,ANCASH,SANTA,5.000,5.000,3.000000,0
2022,11,APURIMAC,ABANCAY,6.000,31.500,1.000000,0
2022,11,APURIMAC,ANDAHUAYLAS,0.000,28.500,0.000000,1
2022,11,APURIMAC,AYMARAES,0.000,2.000,0.000000,1
2022,11,APURIMAC,CHINCHEROS,0.000,58.000,0.000000,1
2022,11,APURIMAC,GRAU,0.000,2.000,0.000000,1
2022,11,AREQUIPA,CARAVELI,0.000,3.000,0.000000,1
2022,11,AREQUIPA,LA UNION,0.000,10.000,0.000000,1
2022,11,AYACUCHO,HUAMANGA,1.250,2.000,2.620000,0
2022,11,AYACUCHO,HUANTA,6.250,12.500,2.160000,0
2022,11,AYACUCHO,LA MAR,4.000,15.500,1.500000,0
2022,11,AYACUCHO,LUCANAS,0.000,5.000,0.000000,1
2022,11,AYACUCHO,PARINACOCHAS,0.000,2.000,0.000000,1
2022,11,AYACUCHO,PAUCAR DEL SARA SARA,0.000,9.000,0.000000,1
2022,11,AYACUCHO,SUCRE,0.000,1.000,0.000000,1
2022,11,AYACUCHO,VILCAS HUAMAN,0.000,8.670,0.000000,1
2022,11,CAJAMARCA,CAJABAMBA,8.110,15.900,1.496584,0
2022,11,CAJAMARCA,CHOTA,0.000,61.250,0.000000,1
2022,11,CAJAMARCA,JAEN,11.510,16.000,3.500000,0
2022,11,CAJAMARCA,SAN IGNACIO,0.000,28.000,0.000000,1
2022,11,CAJAMARCA,SAN MARCOS,3.450,9.000,4.500000,0
2022,11,CAJAMARCA,SAN MIGUEL,0.000,30.000,0.000000,1
2022,11,CAJAMARCA,SANTA CRUZ,0.000,4.500,0.000000,1
2022,11,CUSCO,LA CONVENCION,113.000,288.000,1.200000,0
2022,11,HUANCAVELICA,ACOBAMBA,0.000,4.000,0.000000,1
2022,11,HUANCAVELICA,ANGARAES,0.000,3.000,0.000000,1
2022,11,HUANCAVELICA,CASTROVIRREYNA,0.550,6.300,2.800000,0
2022,11,HUANCAVELICA,CHURCAMPA,0.000,6.000,0.000000,1
2022,11,HUANCAVELICA,HUAYTARA,0.000,3.000,0.000000,1
2022,11,HUANCAVELICA,TAYACAJA,0.000,26.000,0.000000,1
2022,11,HUANUCO,HUACAYBAMBA,0.000,9.000,0.000000,1
2022,11,HUANUCO,HUAMALIES,12.000,22.000,2.300000,0
2022,11,HUANUCO,HUANUCO,1.800,11.250,1.800000,0
2022,11,HUANUCO,LEONCIO PRADO,13.000,103.000,2.469231,0
2022,11,HUANUCO,MARAÑON,0.000,7.000,0.000000,1
2022,11,HUANUCO,PUERTO INCA,3.000,4.000,2.900000,0
2022,11,ICA,CHINCHA,1.900,7.000,2.000000,0
2022,11,ICA,ICA,0.000,20.720,0.000000,1
2022,11,ICA,NASCA,0.000,17.590,0.000000,1
2022,11,ICA,PALPA,0.000,3.110,0.000000,1
2022,11,ICA,PISCO,0.000,35.400,0.000000,1
2022,11,JUNIN,CHANCHAMAYO,35.100,70.000,1.149573,0
2022,11,JUNIN,HUANCAYO,11.900,25.000,1.800000,0
2022,11,JUNIN,SATIPO,133.600,241.000,1.370734,0
2022,11,LA LIBERTAD,ASCOPE,2.200,8.500,1.300000,0
2022,11,LA LIBERTAD,BOLIVAR,0.000,9.000,0.000000,1
2022,11,LA LIBERTAD,CHEPEN,7.000,41.000,1.000000,0
2022,11,LA LIBERTAD,GRAN CHIMU,0.000,1.500,0.000000,1
2022,11,LA LIBERTAD,OTUZCO,0.000,2.000,0.000000,1
2022,11,LA LIBERTAD,PATAZ,0.000,11.000,0.000000,1
2022,11,LA LIBERTAD,SANCHEZ CARRION,0.360,29.500,1.100000,0
2022,11,LA LIBERTAD,VIRU,0.440,120.500,1.300000,0
2022,11,LAMBAYEQUE,CHICLAYO,0.000,8.000,0.000000,1
2022,11,LAMBAYEQUE,FERREÑAFE,0.000,19.000,0.000000,1
2022,11,LAMBAYEQUE,LAMBAYEQUE,2195.000,2292.000,1.159923,0
2022,11,LIMA,CAÑETE,0.000,3.000,0.000000,1
2022,11,LIMA,HUAURA,0.000,19.000,0.000000,1
2022,11,LORETO,ALTO AMAZONAS,63.000,481.000,0.959841,0
2022,11,LORETO,DATEM DEL MARAÑON,12.000,50.000,0.940833,0
2022,11,LORETO,LORETO,24.000,92.000,0.968333,0
2022,11,LORETO,MARISCAL RAMON CASTILLA,15.000,69.000,0.952000,0
2022,11,LORETO,MAYNAS,398.000,932.000,0.969271,0
2022,11,LORETO,PUTUMAYO,4.000,26.000,0.950000,0
2022,11,LORETO,REQUENA,17.000,67.000,0.948235,0
2022,11,LORETO,UCAYALI,44.000,183.000,0.980455,0
2022,11,MADRE DE DIOS,MANU,16.400,33.000,4.584146,0
2022,11,MADRE DE DIOS,TAHUAMANU,9.400,38.500,5.500000,0
2022,11,MADRE DE DIOS,TAMBOPATA,37.500,113.500,5.050667,0
2022,11,MOQUEGUA,GENERAL SANCHEZ CERRO,0.000,13.000,0.000000,1
2022,11,MOQUEGUA,MARISCAL NIETO,0.000,6.000,0.000000,1
2022,11,PASCO,OXAPAMPA,0.000,10.000,0.000000,1
2022,11,PIURA,AYABACA,46.000,87.000,2.370000,0
2022,11,PIURA,HUANCABAMBA,10.000,38.000,0.810000,0
2022,11,PIURA,MORROPON,724.000,1453.000,2.396588,0
2022,11,PIURA,PAITA,12.000,8.000,2.510000,0
2022,11,PIURA,PIURA,8134.000,11744.000,1.785816,0
2022,11,PIURA,SECHURA,10.000,7.000,1.508000,0
2022,11,PIURA,SULLANA,6245.000,4443.000,2.500050,0
2022,11,PUNO,CARABAYA,0.000,1.000,0.000000,1
2022,11,PUNO,SANDIA,0.000,5.000,0.000000,1
2022,11,SAN MARTIN,BELLAVISTA,16.000,70.900,2.156250,0
2022,11,SAN MARTIN,EL DORADO,16.000,19.500,2.062500,0
2022,11,SAN MARTIN,HUALLAGA,51.000,51.500,2.386275,0
2022,11,SAN MARTIN,LAMAS,19.000,114.500,2.763158,0
2022,11,SAN MARTIN,MARISCAL CACERES,29.000,34.000,2.000000,0
2022,11,SAN MARTIN,MOYOBAMBA,0.000,78.000,0.000000,1
2022,11,SAN MARTIN,PICOTA,28.800,82.500,4.454861,0
2022,11,SAN MARTIN,RIOJA,5.200,25.000,1.200000,0
2022,11,SAN MARTIN,SAN MARTIN,55.000,219.000,1.300000,0
2022,11,SAN MARTIN,TOCACHE,3.000,13.000,0.600000,0
2022,11,TUMBES,CONTRALMIRANTE VILLAR,121.595,106.350,3.000000,0
2022,11,TUMBES,TUMBES,1058.587,684.900,2.310190,0
2022,11,TUMBES,ZARUMILLA,3243.665,2364.070,4.500000,0
2022,11,UCAYALI,ATALAYA,97.330,238.000,1.955594,0
2022,11,UCAYALI,CORONEL PORTILLO,253.390,1561.640,2.036763,0
2022,11,UCAYALI,PADRE ABAD,194.660,564.000,2.135518,0
2022,11,UCAYALI,PURUS,7.190,39.000,2.150000,0
2022,12,AMAZONAS,BAGUA,21.700,64.500,2.500000,0
2022,12,AMAZONAS,CHACHAPOYAS,12.300,43.000,4.869106,0
2022,12,AMAZONAS,LUYA,23.570,30.000,3.549406,0
2022,12,AMAZONAS,UTCUBAMBA,327.000,578.000,3.084709,0
2022,12,ANCASH,CASMA,43.000,64.000,2.500000,0
2022,12,ANCASH,HUARMEY,5.000,4.000,3.600000,0
2022,12,ANCASH,HUAYLAS,10.000,12.000,2.400000,0
2022,12,ANCASH,SANTA,7.000,5.000,2.800000,0
2022,12,APURIMAC,ABANCAY,5.000,31.500,1.000000,0
2022,12,APURIMAC,ANDAHUAYLAS,0.000,28.500,0.000000,1
2022,12,APURIMAC,AYMARAES,1.200,5.000,1.258333,0
2022,12,APURIMAC,CHINCHEROS,0.000,58.000,0.000000,1
2022,12,APURIMAC,GRAU,0.000,2.000,0.000000,1
2022,12,AREQUIPA,CARAVELI,0.000,3.000,0.000000,1
2022,12,AREQUIPA,LA UNION,0.000,10.000,0.000000,1
2022,12,AYACUCHO,HUAMANGA,0.670,2.000,2.670000,0
2022,12,AYACUCHO,HUANTA,2.000,13.000,3.000000,0
2022,12,AYACUCHO,LA MAR,5.330,15.670,2.500938,0
2022,12,AYACUCHO,LUCANAS,0.000,5.000,0.000000,1
2022,12,AYACUCHO,PARINACOCHAS,0.000,2.000,0.000000,1
2022,12,AYACUCHO,PAUCAR DEL SARA SARA,0.000,9.000,0.000000,1
2022,12,AYACUCHO,SUCRE,0.000,1.000,0.000000,1
2022,12,AYACUCHO,VILCAS HUAMAN,0.000,8.670,0.000000,1
2022,12,CAJAMARCA,CAJABAMBA,8.320,15.900,1.512440,0
2022,12,CAJAMARCA,CHOTA,0.000,61.250,0.000000,1
2022,12,CAJAMARCA,JAEN,10.250,16.000,3.500000,0
2022,12,CAJAMARCA,SAN IGNACIO,0.000,28.000,0.000000,1
2022,12,CAJAMARCA,SAN MARCOS,1.530,9.000,4.000000,0
2022,12,CAJAMARCA,SAN MIGUEL,0.000,30.000,0.000000,1
2022,12,CAJAMARCA,SANTA CRUZ,0.000,4.500,0.000000,1
2022,12,CUSCO,LA CONVENCION,107.000,288.000,1.200000,0
2022,12,HUANCAVELICA,ACOBAMBA,0.000,4.000,0.000000,1
2022,12,HUANCAVELICA,ANGARAES,0.000,3.000,0.000000,1
2022,12,HUANCAVELICA,CASTROVIRREYNA,0.600,6.300,2.000000,0
2022,12,HUANCAVELICA,CHURCAMPA,0.000,6.000,0.000000,1
2022,12,HUANCAVELICA,HUAYTARA,0.000,3.000,0.000000,1
2022,12,HUANCAVELICA,TAYACAJA,0.000,26.000,0.000000,1
2022,12,HUANUCO,HUACAYBAMBA,0.000,9.000,0.000000,1
2022,12,HUANUCO,HUAMALIES,11.500,22.000,3.000000,0
2022,12,HUANUCO,HUANUCO,0.100,11.250,1.700000,0
2022,12,HUANUCO,LEONCIO PRADO,6.500,103.000,3.000000,0
2022,12,HUANUCO,MARAÑON,0.000,7.000,0.000000,1
2022,12,HUANUCO,PUERTO INCA,5.000,4.000,3.000000,0
2022,12,ICA,CHINCHA,0.000,7.000,0.000000,1
2022,12,ICA,ICA,0.000,20.720,0.000000,1
2022,12,ICA,NASCA,0.000,17.590,0.000000,1
2022,12,ICA,PALPA,0.000,3.110,0.000000,1
2022,12,ICA,PISCO,13.000,35.400,1.000000,0
2022,12,JUNIN,CHANCHAMAYO,38.600,70.000,1.170466,0
2022,12,JUNIN,HUANCAYO,15.300,25.000,1.800000,0
2022,12,JUNIN,SATIPO,153.440,241.000,1.331830,0
2022,12,LA LIBERTAD,ASCOPE,1.700,8.500,1.200000,0
2022,12,LA LIBERTAD,BOLIVAR,0.000,9.000,0.000000,1
2022,12,LA LIBERTAD,CHEPEN,7.300,41.000,1.000000,0
2022,12,LA LIBERTAD,GRAN CHIMU,0.000,1.500,0.000000,1
2022,12,LA LIBERTAD,OTUZCO,0.000,2.000,0.000000,1
2022,12,LA LIBERTAD,PATAZ,0.000,11.000,0.000000,1
2022,12,LA LIBERTAD,SANCHEZ CARRION,0.000,29.500,0.000000,1
2022,12,LA LIBERTAD,VIRU,0.500,120.500,1.200000,0
2022,12,LAMBAYEQUE,CHICLAYO,0.000,8.000,0.000000,1
2022,12,LAMBAYEQUE,FERREÑAFE,5.000,19.000,0.350000,0
2022,12,LAMBAYEQUE,LAMBAYEQUE,1888.000,2292.000,0.861970,0
2022,12,LIMA,CAÑETE,0.000,3.000,0.000000,1
2022,12,LIMA,HUAURA,0.000,19.000,0.000000,1
2022,12,LORETO,ALTO AMAZONAS,110.000,481.000,0.962364,0
2022,12,LORETO,DATEM DEL MARAÑON,24.000,50.000,0.956250,0
2022,12,LORETO,LORETO,30.000,92.000,0.974333,0
2022,12,LORETO,MARISCAL RAMON CASTILLA,86.000,69.000,0.955814,0
2022,12,LORETO,MAYNAS,366.000,932.000,0.979044,0
2022,12,LORETO,PUTUMAYO,19.000,26.000,0.937368,0
2022,12,LORETO,REQUENA,23.000,67.000,0.948261,0
2022,12,LORETO,UCAYALI,92.000,183.000,0.980217,0
2022,12,MADRE DE DIOS,MANU,12.800,33.000,4.449219,0
2022,12,MADRE DE DIOS,TAHUAMANU,8.700,38.500,3.937931,0
2022,12,MADRE DE DIOS,TAMBOPATA,33.400,113.500,5.059880,0
2022,12,MOQUEGUA,GENERAL SANCHEZ CERRO,0.000,13.000,0.000000,1
2022,12,MOQUEGUA,MARISCAL NIETO,0.000,6.000,0.000000,1
2022,12,PASCO,OXAPAMPA,0.000,10.000,0.000000,1
2022,12,PIURA,AYABACA,47.000,87.000,2.465319,0
2022,12,PIURA,HUANCABAMBA,10.000,38.000,0.761000,0
2022,12,PIURA,MORROPON,1500.000,1453.000,2.005573,0
2022,12,PIURA,PAITA,10.000,8.000,2.510000,0
2022,12,PIURA,PIURA,13741.000,11744.000,1.966390,0
2022,12,PIURA,SECHURA,11.000,7.000,1.508182,0
2022,12,PIURA,SULLANA,5227.000,4443.000,2.500052,0
2022,12,PUNO,CARABAYA,0.000,1.000,0.000000,1
2022,12,PUNO,SANDIA,0.000,5.000,0.000000,1
2022,12,SAN MARTIN,BELLAVISTA,16.000,70.900,2.156250,0
2022,12,SAN MARTIN,EL DORADO,15.000,19.500,1.933333,0
2022,12,SAN MARTIN,HUALLAGA,85.000,51.500,2.387059,0
2022,12,SAN MARTIN,LAMAS,21.000,99.500,2.666667,0
2022,12,SAN MARTIN,MARISCAL CACERES,25.000,34.000,2.000000,0
2022,12,SAN MARTIN,MOYOBAMBA,0.000,78.000,0.000000,1
2022,12,SAN MARTIN,PICOTA,51.000,82.500,2.723529,0
2022,12,SAN MARTIN,RIOJA,6.500,25.000,1.200000,0
2022,12,SAN MARTIN,SAN MARTIN,53.500,219.000,1.224299,0
2022,12,SAN MARTIN,TOCACHE,6.000,13.000,0.600000,0
2022,12,TUMBES,CONTRALMIRANTE VILLAR,153.219,106.350,1.750000,0
2022,12,TUMBES,TUMBES,1304.703,684.900,1.729572,0
2022,12,TUMBES,ZARUMILLA,3430.495,2376.070,2.800000,0
2022,12,UCAYALI,ATALAYA,113.820,238.000,1.836338,0
2022,12,UCAYALI,CORONEL PORTILLO,428.110,1575.640,1.845300,0
2022,12,UCAYALI,PADRE ABAD,243.110,564.000,1.839478,0
2022,12,UCAYALI,PURUS,10.260,40.000,2.000000,0
2023,01,AMAZONAS,BAGUA,25.600,76.500,3.994141,0
2023,01,AMAZONAS,CHACHAPOYAS,14.400,43.000,5.083333,0
2023,01,AMAZONAS,LUYA,22.300,30.000,2.455605,0
2023,01,AMAZONAS,UTCUBAMBA,423.400,578.000,1.932263,0
2023,01,ANCASH,CASMA,40.000,64.000,2.700000,0
2023,01,ANCASH,HUARMEY,5.000,4.000,2.600000,0
2023,01,ANCASH,HUAYLAS,20.000,12.000,2.440000,0
2023,01,ANCASH,SANTA,5.000,5.000,2.500000,0
2023,01,APURIMAC,ABANCAY,24.000,33.500,1.266667,0
2023,01,APURIMAC,ANDAHUAYLAS,14.750,28.500,2.445424,0
2023,01,APURIMAC,AYMARAES,1.200,5.000,1.150000,0
2023,01,APURIMAC,CHINCHEROS,4.250,58.000,2.294118,0
2023,01,APURIMAC,GRAU,1.000,2.000,0.800000,0
2023,01,AREQUIPA,CARAVELI,0.000,3.000,0.000000,1
2023,01,AREQUIPA,LA UNION,0.000,10.000,0.000000,1
2023,01,AYACUCHO,HUAMANGA,1.500,2.000,2.800000,0
2023,01,AYACUCHO,HUANTA,0.000,13.000,0.000000,1
2023,01,AYACUCHO,LA MAR,7.000,15.500,2.142857,0
2023,01,AYACUCHO,LUCANAS,0.000,4.000,0.000000,1
2023,01,AYACUCHO,PARINACOCHAS,0.000,2.000,0.000000,1
2023,01,AYACUCHO,PAUCAR DEL SARA SARA,0.000,9.000,0.000000,1
2023,01,AYACUCHO,SUCRE,0.000,0.000,0.000000,1
2023,01,AYACUCHO,VILCAS HUAMAN,0.000,8.670,0.000000,1
2023,01,CAJAMARCA,CAJABAMBA,5.350,15.900,1.528411,0
2023,01,CAJAMARCA,CHOTA,2.000,61.250,1.000000,0
2023,01,CAJAMARCA,JAEN,11.620,16.000,3.200000,0
2023,01,CAJAMARCA,SAN IGNACIO,0.000,28.000,0.000000,1
2023,01,CAJAMARCA,SAN MARCOS,0.000,9.000,0.000000,1
2023,01,CAJAMARCA,SAN MIGUEL,0.000,30.000,0.000000,1
2023,01,CAJAMARCA,SANTA CRUZ,0.000,4.500,0.000000,1
2023,01,CUSCO,LA CONVENCION,487.000,288.000,1.157906,0
2023,01,HUANCAVELICA,ACOBAMBA,0.000,4.000,0.000000,1
2023,01,HUANCAVELICA,ANGARAES,0.000,3.000,0.000000,1
2023,01,HUANCAVELICA,CASTROVIRREYNA,0.550,6.300,2.500000,0
2023,01,HUANCAVELICA,CHURCAMPA,0.000,6.000,0.000000,1
2023,01,HUANCAVELICA,HUAYTARA,1.000,3.000,4.000000,0
2023,01,HUANCAVELICA,TAYACAJA,0.000,26.000,0.000000,1
2023,01,HUANUCO,HUACAYBAMBA,10.000,9.000,3.394000,0
2023,01,HUANUCO,HUAMALIES,6.000,22.000,2.200000,0
2023,01,HUANUCO,HUANUCO,2.000,11.250,1.600000,0
2023,01,HUANUCO,LEONCIO PRADO,30.300,103.000,1.866337,0
2023,01,HUANUCO,MARAÑON,2.700,7.000,1.566667,0
2023,01,HUANUCO,PUERTO INCA,3.000,18.000,3.400000,0
2023,01,ICA,CHINCHA,0.000,7.000,0.000000,1
2023,01,ICA,ICA,0.000,20.720,0.000000,1
2023,01,ICA,NASCA,0.000,17.590,0.000000,1
2023,01,ICA,PALPA,0.000,3.110,0.000000,1
2023,01,ICA,PISCO,0.000,35.400,0.000000,1
2023,01,JUNIN,CHANCHAMAYO,39.900,70.000,1.163158,0
2023,01,JUNIN,HUANCAYO,13.600,25.000,1.300000,0
2023,01,JUNIN,SATIPO,177.750,241.000,1.360534,0
2023,01,LA LIBERTAD,ASCOPE,2.340,8.500,1.300000,0
2023,01,LA LIBERTAD,BOLIVAR,5.440,9.000,1.336765,0
2023,01,LA LIBERTAD,CHEPEN,4.300,34.000,1.000000,0
2023,01,LA LIBERTAD,GRAN CHIMU,0.000,1.500,0.000000,1
2023,01,LA LIBERTAD,OTUZCO,0.000,2.000,0.000000,1
2023,01,LA LIBERTAD,PATAZ,0.000,11.000,0.000000,1
2023,01,LA LIBERTAD,SANCHEZ CARRION,0.000,37.000,0.000000,1
2023,01,LA LIBERTAD,VIRU,0.980,120.500,1.200000,0
2023,01,LAMBAYEQUE,CHICLAYO,0.000,8.000,0.000000,1
2023,01,LAMBAYEQUE,FERREÑAFE,48.000,19.000,0.491667,0
2023,01,LAMBAYEQUE,LAMBAYEQUE,3027.000,3123.000,0.708953,0
2023,01,LIMA,CAÑETE,0.000,3.000,0.000000,1
2023,01,LIMA,HUAURA,7.200,19.000,1.300000,0
2023,01,LORETO,ALTO AMAZONAS,337.000,481.000,0.919318,0
2023,01,LORETO,DATEM DEL MARAÑON,29.000,50.000,0.946897,0
2023,01,LORETO,LORETO,67.000,92.000,0.980746,0
2023,01,LORETO,MARISCAL RAMON CASTILLA,33.000,69.000,0.933636,0
2023,01,LORETO,MAYNAS,526.000,932.000,0.965437,0
2023,01,LORETO,PUTUMAYO,7.000,26.000,0.954286,0
2023,01,LORETO,REQUENA,35.000,67.000,0.931429,0
2023,01,LORETO,UCAYALI,107.000,183.000,0.986542,0
2023,01,MADRE DE DIOS,MANU,10.600,33.000,3.353774,0
2023,01,MADRE DE DIOS,TAHUAMANU,12.900,38.500,4.262791,0
2023,01,MADRE DE DIOS,TAMBOPATA,30.300,114.500,4.381188,0
2023,01,MOQUEGUA,GENERAL SANCHEZ CERRO,0.000,13.000,0.000000,1
2023,01,MOQUEGUA,MARISCAL NIETO,0.000,6.000,0.000000,1
2023,01,PASCO,OXAPAMPA,0.000,10.000,0.000000,1
2023,01,PIURA,AYABACA,47.000,87.000,4.414468,0
2023,01,PIURA,HUANCABAMBA,10.000,38.000,0.808000,0
2023,01,PIURA,MORROPON,1713.000,1453.000,2.184606,0
2023,01,PIURA,PAITA,11.000,8.000,2.000000,0
2023,01,PIURA,PIURA,10622.000,11744.000,0.980733,0
2023,01,PIURA,SECHURA,7.000,7.000,1.538571,0
2023,01,PIURA,SULLANA,5746.000,4442.000,2.000000,0
2023,01,PUNO,CARABAYA,0.000,1.000,0.000000,1
2023,01,PUNO,SANDIA,0.000,5.000,0.000000,1
2023,01,SAN MARTIN,BELLAVISTA,14.500,70.900,2.051724,0
2023,01,SAN MARTIN,EL DORADO,14.000,14.000,1.928571,0
2023,01,SAN MARTIN,HUALLAGA,43.000,51.500,2.386047,0
2023,01,SAN MARTIN,LAMAS,43.000,96.500,2.176744,0
2023,01,SAN MARTIN,MARISCAL CACERES,39.000,34.000,2.000000,0
2023,01,SAN MARTIN,MOYOBAMBA,0.000,78.000,0.000000,1
2023,01,SAN MARTIN,PICOTA,81.000,82.500,2.704938,0
2023,01,SAN MARTIN,RIOJA,24.000,25.000,1.000000,0
2023,01,SAN MARTIN,SAN MARTIN,50.500,219.000,1.391089,0
2023,01,SAN MARTIN,TOCACHE,13.000,13.000,0.600000,0
2023,01,TUMBES,CONTRALMIRANTE VILLAR,163.560,104.350,1.250000,0
2023,01,TUMBES,TUMBES,1405.313,684.900,1.373233,0
2023,01,TUMBES,ZARUMILLA,4682.025,2352.070,1.750000,0
2023,01,UCAYALI,ATALAYA,165.040,238.000,1.928027,0
2023,01,UCAYALI,CORONEL PORTILLO,650.429,1580.640,1.780878,0
2023,01,UCAYALI,PADRE ABAD,310.190,565.000,1.855484,0
2023,01,UCAYALI,PURUS,16.480,40.000,2.150000,0
2023,02,AMAZONAS,BAGUA,28.200,76.500,2.000000,0
2023,02,AMAZONAS,CHACHAPOYAS,19.700,43.000,4.752284,0
2023,02,AMAZONAS,LUYA,18.100,30.000,2.548619,0
2023,02,AMAZONAS,UTCUBAMBA,481.000,578.000,1.542620,0
2023,02,ANCASH,CASMA,39.000,64.000,2.687692,0
2023,02,ANCASH,HUARMEY,5.000,4.000,2.800000,0
2023,02,ANCASH,HUAYLAS,24.000,12.000,2.708333,0
2023,02,ANCASH,SANTA,4.000,5.000,2.500000,0
2023,02,APURIMAC,ABANCAY,8.000,33.500,0.925000,0
2023,02,APURIMAC,ANDAHUAYLAS,17.090,28.500,1.795202,0
2023,02,APURIMAC,AYMARAES,4.600,5.000,1.408696,0
2023,02,APURIMAC,CHINCHEROS,5.280,58.000,1.905303,0
2023,02,APURIMAC,GRAU,0.000,2.000,0.000000,1
2023,02,AREQUIPA,CARAVELI,0.000,3.000,0.000000,1
2023,02,AREQUIPA,LA UNION,0.000,10.000,0.000000,1
2023,02,AYACUCHO,HUAMANGA,2.670,2.000,2.800000,0
2023,02,AYACUCHO,HUANTA,1.000,13.000,3.000000,0
2023,02,AYACUCHO,LA MAR,7.000,15.500,2.291429,0
2023,02,AYACUCHO,LUCANAS,0.000,4.000,0.000000,1
2023,02,AYACUCHO,PARINACOCHAS,0.000,2.000,0.000000,1
2023,02,AYACUCHO,PAUCAR DEL SARA SARA,0.000,9.000,0.000000,1
2023,02,AYACUCHO,VILCAS HUAMAN,0.000,8.670,0.000000,1
2023,02,CAJAMARCA,CAJABAMBA,5.450,15.900,1.525927,0
2023,02,CAJAMARCA,CHOTA,4.000,61.250,1.150000,0
2023,02,CAJAMARCA,JAEN,19.120,16.000,3.097751,0
2023,02,CAJAMARCA,SAN IGNACIO,0.000,28.000,0.000000,1
2023,02,CAJAMARCA,SAN MARCOS,4.030,9.000,3.000000,0
2023,02,CAJAMARCA,SAN MIGUEL,0.000,30.000,0.000000,1
2023,02,CAJAMARCA,SANTA CRUZ,0.000,4.500,0.000000,1
2023,02,CUSCO,LA CONVENCION,388.000,288.000,1.139433,0
2023,02,HUANCAVELICA,ACOBAMBA,0.000,4.000,0.000000,1
2023,02,HUANCAVELICA,ANGARAES,0.000,3.000,0.000000,1
2023,02,HUANCAVELICA,CASTROVIRREYNA,0.400,6.300,2.300000,0
2023,02,HUANCAVELICA,CHURCAMPA,0.000,6.000,0.000000,1
2023,02,HUANCAVELICA,HUAYTARA,2.000,3.000,4.500000,0
2023,02,HUANCAVELICA,TAYACAJA,0.000,26.000,0.000000,1
2023,02,HUANUCO,HUACAYBAMBA,11.200,9.000,3.371429,0
2023,02,HUANUCO,HUAMALIES,9.200,22.000,2.300000,0
2023,02,HUANUCO,HUANUCO,3.000,11.250,1.900000,0
2023,02,HUANUCO,LEONCIO PRADO,60.400,103.000,2.072185,0
2023,02,HUANUCO,MARAÑON,4.400,7.000,1.515909,0
2023,02,HUANUCO,PUERTO INCA,3.000,18.000,3.000000,0
2023,02,ICA,CHINCHA,0.000,7.000,0.000000,1
2023,02,ICA,ICA,65.700,20.720,2.500000,0
2023,02,ICA,NASCA,0.000,17.590,0.000000,1
2023,02,ICA,PALPA,0.000,3.110,0.000000,1
2023,02,ICA,PISCO,0.000,35.400,0.000000,1
2023,02,JUNIN,CHANCHAMAYO,42.850,70.000,1.163361,0
2023,02,JUNIN,HUANCAYO,11.900,25.000,1.200000,0
2023,02,JUNIN,SATIPO,251.920,241.000,1.108574,0
2023,02,LA LIBERTAD,ASCOPE,2.420,8.500,1.450000,0
2023,02,LA LIBERTAD,BOLIVAR,5.430,9.000,1.245120,0
2023,02,LA LIBERTAD,CHEPEN,4.370,34.000,1.000000,0
2023,02,LA LIBERTAD,GRAN CHIMU,0.000,1.500,0.000000,1
2023,02,LA LIBERTAD,OTUZCO,1.440,2.000,1.200000,0
2023,02,LA LIBERTAD,PATAZ,7.680,11.000,1.220313,0
2023,02,LA LIBERTAD,SANCHEZ CARRION,0.360,37.000,1.200000,0
2023,02,LA LIBERTAD,VIRU,88.250,120.500,1.401416,0
2023,02,LAMBAYEQUE,CHICLAYO,0.000,8.000,0.000000,1
2023,02,LAMBAYEQUE,FERREÑAFE,48.000,19.000,0.491667,0
2023,02,LAMBAYEQUE,LAMBAYEQUE,2760.000,3123.000,0.911862,0
2023,02,LIMA,CAÑETE,0.000,3.000,0.000000,1
2023,02,LIMA,HUAURA,0.000,19.000,0.000000,1
2023,02,LORETO,ALTO AMAZONAS,298.000,481.000,0.920201,0
2023,02,LORETO,DATEM DEL MARAÑON,41.000,50.000,0.952439,0
2023,02,LORETO,LORETO,62.000,92.000,0.992903,0
2023,02,LORETO,MARISCAL RAMON CASTILLA,43.000,69.000,0.928605,0
2023,02,LORETO,MAYNAS,512.000,932.000,0.975625,0
2023,02,LORETO,PUTUMAYO,11.000,26.000,0.943636,0
2023,02,LORETO,REQUENA,40.000,67.000,0.935000,0
2023,02,LORETO,UCAYALI,118.000,183.000,0.985932,0
2023,02,MADRE DE DIOS,MANU,14.100,33.000,3.000000,0
2023,02,MADRE DE DIOS,TAHUAMANU,16.600,38.500,2.478313,0
2023,02,MADRE DE DIOS,TAMBOPATA,32.700,114.500,2.492355,0
2023,02,MOQUEGUA,GENERAL SANCHEZ CERRO,0.000,13.000,0.000000,1
2023,02,MOQUEGUA,MARISCAL NIETO,0.000,6.000,0.000000,1
2023,02,PASCO,OXAPAMPA,0.000,10.000,0.000000,1
2023,02,PIURA,AYABACA,48.000,87.000,3.543542,0
2023,02,PIURA,HUANCABAMBA,9.000,38.000,0.808889,0
2023,02,PIURA,MORROPON,1760.000,1453.000,1.345722,0
2023,02,PIURA,PAITA,11.000,8.000,2.000000,0
2023,02,PIURA,PIURA,14862.000,11744.000,1.322504,0
2023,02,PIURA,SECHURA,9.000,7.000,1.587778,0
2023,02,PIURA,SULLANA,5949.000,4442.000,2.000000,0
2023,02,PUNO,CARABAYA,0.000,1.000,0.000000,1
2023,02,PUNO,SANDIA,0.000,5.000,0.000000,1
2023,02,SAN MARTIN,BELLAVISTA,17.000,70.900,1.985294,0
2023,02,SAN MARTIN,EL DORADO,32.000,14.000,2.000000,0
2023,02,SAN MARTIN,HUALLAGA,27.000,51.500,2.474074,0
2023,02,SAN MARTIN,LAMAS,116.000,97.500,2.776724,0
2023,02,SAN MARTIN,MARISCAL CACERES,47.000,34.000,2.000000,0
2023,02,SAN MARTIN,MOYOBAMBA,69.000,78.000,2.543478,0
2023,02,SAN MARTIN,PICOTA,106.000,82.500,2.566038,0
2023,02,SAN MARTIN,RIOJA,49.410,25.000,1.000000,0
2023,02,SAN MARTIN,SAN MARTIN,52.000,219.000,1.413462,0
2023,02,SAN MARTIN,TOCACHE,17.000,13.000,0.600000,0
2023,02,TUMBES,CONTRALMIRANTE VILLAR,147.060,102.250,1.750000,0
2023,02,TUMBES,TUMBES,1306.614,684.400,2.500000,0
2023,02,TUMBES,ZARUMILLA,4889.060,2366.070,1.750000,0
2023,02,UCAYALI,ATALAYA,210.610,238.000,1.737565,0
2023,02,UCAYALI,CORONEL PORTILLO,785.220,1611.640,1.657444,0
2023,02,UCAYALI,PADRE ABAD,357.580,565.000,1.728629,0
2023,02,UCAYALI,PURUS,18.200,40.000,2.200000,0
2023,03,AMAZONAS,BAGUA,31.600,76.500,2.599684,0
2023,03,AMAZONAS,CHACHAPOYAS,18.800,43.000,3.051064,0
2023,03,AMAZONAS,LUYA,20.700,30.000,2.344444,0
2023,03,AMAZONAS,UTCUBAMBA,584.000,578.000,1.622945,0
2023,03,ANCASH,CASMA,28.000,64.000,2.885714,0
2023,03,ANCASH,HUARMEY,4.000,4.000,3.000000,0
2023,03,ANCASH,HUAYLAS,20.000,12.000,3.040000,0
2023,03,ANCASH,SANTA,3.000,5.000,2.600000,0
2023,03,APURIMAC,ABANCAY,28.000,33.500,1.228571,0
2023,03,APURIMAC,ANDAHUAYLAS,48.330,28.500,1.868508,0
2023,03,APURIMAC,AYMARAES,1.600,5.000,1.143750,0
2023,03,APURIMAC,CHINCHEROS,45.250,58.000,2.157459,0
2023,03,APURIMAC,GRAU,2.000,2.000,1.600000,0
2023,03,AREQUIPA,CARAVELI,6.420,3.000,2.500000,0
2023,03,AREQUIPA,LA UNION,31.720,10.000,2.618222,0
2023,03,AYACUCHO,HUAMANGA,2.000,2.000,2.750000,0
2023,03,AYACUCHO,HUANTA,21.500,13.000,2.962791,0
2023,03,AYACUCHO,LA MAR,10.000,15.500,2.408000,0
2023,03,AYACUCHO,LUCANAS,2.000,4.000,2.000000,0
2023,03,AYACUCHO,PARINACOCHAS,0.000,2.000,0.000000,1
2023,03,AYACUCHO,PAUCAR DEL SARA SARA,0.000,9.000,0.000000,1
2023,03,AYACUCHO,VILCAS HUAMAN,3.330,8.670,2.051051,0
2023,03,CAJAMARCA,CAJABAMBA,5.579,15.900,1.525766,0
2023,03,CAJAMARCA,CHOTA,30.000,61.250,1.085833,0
2023,03,CAJAMARCA,JAEN,15.720,16.000,3.135369,0
2023,03,CAJAMARCA,SAN IGNACIO,5.150,28.000,0.574757,0
2023,03,CAJAMARCA,SAN MARCOS,0.000,9.000,0.000000,1
2023,03,CAJAMARCA,SAN MIGUEL,0.000,30.000,0.000000,1
2023,03,CAJAMARCA,SANTA CRUZ,4.000,4.500,1.000000,0
2023,03,CUSCO,LA CONVENCION,193.000,288.000,1.200000,0
2023,03,HUANCAVELICA,ACOBAMBA,1.200,4.000,1.200000,0
2023,03,HUANCAVELICA,ANGARAES,0.600,3.000,1.500000,0
2023,03,HUANCAVELICA,CASTROVIRREYNA,0.700,6.300,2.500000,0
2023,03,HUANCAVELICA,CHURCAMPA,2.000,6.000,1.200000,0
2023,03,HUANCAVELICA,HUAYTARA,1.000,3.000,4.500000,0
2023,03,HUANCAVELICA,TAYACAJA,0.000,26.000,0.000000,1
2023,03,HUANUCO,HUACAYBAMBA,18.200,9.000,3.423077,0
2023,03,HUANUCO,HUAMALIES,13.000,22.000,1.900000,0
2023,03,HUANUCO,HUANUCO,3.800,11.250,1.350000,0
2023,03,HUANUCO,LEONCIO PRADO,80.400,103.000,1.777363,0
2023,03,HUANUCO,MARAÑON,5.800,7.000,1.663793,0
2023,03,HUANUCO,PUERTO INCA,2.000,18.000,3.500000,0
2023,03,ICA,CHINCHA,0.000,7.000,0.000000,1
2023,03,ICA,ICA,158.900,20.720,2.500000,0
2023,03,ICA,NASCA,0.000,17.590,0.000000,1
2023,03,ICA,PALPA,0.000,3.110,0.000000,1
2023,03,ICA,PISCO,0.000,35.400,0.000000,1
2023,03,JUNIN,CHANCHAMAYO,42.900,70.000,1.139627,0
2023,03,JUNIN,HUANCAYO,13.600,25.000,1.500000,0
2023,03,JUNIN,SATIPO,356.100,241.000,1.307217,0
2023,03,LA LIBERTAD,ASCOPE,2.340,8.500,1.400000,0
2023,03,LA LIBERTAD,BOLIVAR,5.268,9.000,1.338497,0
2023,03,LA LIBERTAD,CHEPEN,4.240,34.000,1.143396,0
2023,03,LA LIBERTAD,GRAN CHIMU,0.000,1.500,0.000000,1
2023,03,LA LIBERTAD,OTUZCO,1.230,2.000,1.300000,0
2023,03,LA LIBERTAD,PATAZ,14.260,11.000,1.294670,0
2023,03,LA LIBERTAD,SANCHEZ CARRION,2.540,37.000,1.300000,0
2023,03,LA LIBERTAD,VIRU,87.960,120.500,1.448363,0
2023,03,LAMBAYEQUE,CHICLAYO,0.000,8.000,0.000000,1
2023,03,LAMBAYEQUE,FERREÑAFE,0.000,19.000,0.000000,1
2023,03,LAMBAYEQUE,LAMBAYEQUE,2553.000,3107.000,0.934038,0
2023,03,LIMA,CAÑETE,0.000,3.000,0.000000,1
2023,03,LIMA,HUAURA,0.000,19.000,0.000000,1
2023,03,LORETO,ALTO AMAZONAS,314.000,481.000,0.930191,0
2023,03,LORETO,DATEM DEL MARAÑON,46.000,50.000,0.959130,0
2023,03,LORETO,LORETO,78.000,92.000,0.988205,0
2023,03,LORETO,MARISCAL RAMON CASTILLA,41.000,69.000,0.933171,0
2023,03,LORETO,MAYNAS,520.000,932.000,0.978904,0
2023,03,LORETO,PUTUMAYO,10.000,26.000,0.940000,0
2023,03,LORETO,REQUENA,41.000,67.000,0.943659,0
2023,03,LORETO,UCAYALI,119.000,183.000,0.984118,0
2023,03,MADRE DE DIOS,MANU,14.500,33.000,2.506897,0
2023,03,MADRE DE DIOS,TAHUAMANU,13.300,38.500,2.820301,0
2023,03,MADRE DE DIOS,TAMBOPATA,41.300,114.500,2.763923,0
2023,03,MOQUEGUA,GENERAL SANCHEZ CERRO,0.000,13.000,0.000000,1
2023,03,MOQUEGUA,MARISCAL NIETO,6.400,6.000,3.500000,0
2023,03,PASCO,OXAPAMPA,0.000,10.000,0.000000,1
2023,03,PIURA,AYABACA,39.000,87.000,0.970513,0
2023,03,PIURA,HUANCABAMBA,10.000,39.000,0.809000,0
2023,03,PIURA,MORROPON,928.000,1376.000,1.426864,0
2023,03,PIURA,PAITA,31.000,8.000,1.505161,0
2023,03,PIURA,PIURA,8407.000,11933.000,1.287120,0
2023,03,PIURA,SECHURA,4.000,5.000,1.610000,0
2023,03,PIURA,SULLANA,7651.000,4442.000,1.509986,0
2023,03,PUNO,CARABAYA,0.000,1.000,0.000000,1
2023,03,PUNO,SANDIA,0.000,5.000,0.000000,1
2023,03,SAN MARTIN,BELLAVISTA,26.000,70.900,1.903846,0
2023,03,SAN MARTIN,EL DORADO,45.000,14.000,2.000000,0
2023,03,SAN MARTIN,HUALLAGA,81.000,51.500,2.272840,0
2023,03,SAN MARTIN,LAMAS,112.000,97.500,2.299107,0
2023,03,SAN MARTIN,MARISCAL CACERES,55.000,34.000,2.000000,0
2023,03,SAN MARTIN,MOYOBAMBA,60.000,78.000,2.655000,0
2023,03,SAN MARTIN,PICOTA,106.000,82.500,2.506604,0
2023,03,SAN MARTIN,RIOJA,44.000,25.000,1.022727,0
2023,03,SAN MARTIN,SAN MARTIN,168.000,219.000,2.000000,0
2023,03,SAN MARTIN,TOCACHE,36.000,13.000,0.600000,0
2023,03,TUMBES,CONTRALMIRANTE VILLAR,88.669,102.250,2.000000,0
2023,03,TUMBES,TUMBES,1111.462,684.400,2.454438,0
2023,03,TUMBES,ZARUMILLA,4638.205,2380.070,2.200000,0
2023,03,UCAYALI,ATALAYA,211.050,238.000,1.659334,0
2023,03,UCAYALI,CORONEL PORTILLO,850.720,1630.610,1.595079,0
2023,03,UCAYALI,PADRE ABAD,394.090,584.000,1.661285,0
2023,03,UCAYALI,PURUS,22.500,40.000,2.150000,0
2023,04,AMAZONAS,BAGUA,31.000,76.500,3.150000,0
2023,04,AMAZONAS,CHACHAPOYAS,19.700,43.000,3.223858,0
2023,04,AMAZONAS,LUYA,22.700,30.000,2.351982,0
2023,04,AMAZONAS,UTCUBAMBA,537.000,578.000,3.000000,0
2023,04,ANCASH,CASMA,25.000,64.000,3.064000,0
2023,04,ANCASH,HUARMEY,3.000,4.000,3.000000,0
2023,04,ANCASH,HUAYLAS,20.000,12.000,3.100000,0
2023,04,ANCASH,SANTA,3.000,5.000,2.500000,0
2023,04,APURIMAC,ABANCAY,2.000,33.500,0.800000,0
2023,04,APURIMAC,ANDAHUAYLAS,9.560,28.500,2.074477,0
2023,04,APURIMAC,AYMARAES,1.700,5.000,1.035294,0
2023,04,APURIMAC,CHINCHEROS,15.150,58.000,2.376238,0
2023,04,APURIMAC,GRAU,0.000,2.000,0.000000,1
2023,04,AREQUIPA,CARAVELI,0.000,3.000,0.000000,1
2023,04,AREQUIPA,LA UNION,0.000,10.000,0.000000,1
2023,04,AYACUCHO,HUAMANGA,0.670,2.000,1.670000,0
2023,04,AYACUCHO,HUANTA,24.670,12.670,4.436157,0
2023,04,AYACUCHO,LA MAR,16.000,15.580,2.561250,0
2023,04,AYACUCHO,LUCANAS,10.000,4.000,2.150000,0
2023,04,AYACUCHO,PARINACOCHAS,2.000,2.000,1.335000,0
2023,04,AYACUCHO,PAUCAR DEL SARA SARA,14.000,9.000,2.857143,0
2023,04,AYACUCHO,VILCAS HUAMAN,7.170,8.670,1.813808,0
2023,04,CAJAMARCA,CAJABAMBA,5.410,15.900,1.562847,0
2023,04,CAJAMARCA,CHOTA,29.100,61.250,1.129897,0
2023,04,CAJAMARCA,JAEN,14.500,16.000,2.700000,0
2023,04,CAJAMARCA,SAN IGNACIO,7.100,28.000,0.575352,0
2023,04,CAJAMARCA,SAN MARCOS,3.480,9.000,2.500000,0
2023,04,CAJAMARCA,SAN MIGUEL,0.000,30.000,0.000000,1
2023,04,CAJAMARCA,SANTA CRUZ,3.000,4.500,1.200000,0
2023,04,CUSCO,LA CONVENCION,75.000,288.000,1.200000,0
2023,04,HUANCAVELICA,ACOBAMBA,6.200,4.000,1.500000,0
2023,04,HUANCAVELICA,ANGARAES,5.100,3.000,1.662745,0
2023,04,HUANCAVELICA,CASTROVIRREYNA,0.700,6.300,2.700000,0
2023,04,HUANCAVELICA,CHURCAMPA,6.600,6.000,1.657576,0
2023,04,HUANCAVELICA,HUAYTARA,0.900,3.000,3.222222,0
2023,04,HUANCAVELICA,TAYACAJA,26.000,26.000,1.418462,0
2023,04,HUANUCO,HUACAYBAMBA,9.900,9.000,3.360606,0
2023,04,HUANUCO,HUAMALIES,20.000,22.000,1.900000,0
2023,04,HUANUCO,HUANUCO,3.900,11.250,1.430769,0
2023,04,HUANUCO,LEONCIO PRADO,104.300,103.000,1.806999,0
2023,04,HUANUCO,MARAÑON,9.700,7.000,1.473196,0
2023,04,HUANUCO,PUERTO INCA,2.000,18.000,3.500000,0
2023,04,ICA,CHINCHA,0.000,7.000,0.000000,1
2023,04,ICA,ICA,209.450,20.720,1.999164,0
2023,04,ICA,NASCA,0.000,17.590,0.000000,1
2023,04,ICA,PALPA,0.000,3.110,0.000000,1
2023,04,ICA,PISCO,0.000,35.400,0.000000,1
2023,04,JUNIN,CHANCHAMAYO,43.650,70.000,1.228179,0
2023,04,JUNIN,HUANCAYO,13.940,25.000,1.200000,0
2023,04,JUNIN,SATIPO,430.000,241.000,1.417302,0
2023,04,LA LIBERTAD,ASCOPE,2.200,8.500,1.400000,0
2023,04,LA LIBERTAD,BOLIVAR,4.650,9.000,1.266667,0
2023,04,LA LIBERTAD,CHEPEN,4.250,34.000,1.138824,0
2023,04,LA LIBERTAD,GRAN CHIMU,0.500,1.500,1.300000,0
2023,04,LA LIBERTAD,OTUZCO,1.600,2.000,1.400000,0
2023,04,LA LIBERTAD,PATAZ,9.109,11.000,1.346207,0
2023,04,LA LIBERTAD,SANCHEZ CARRION,6.200,37.000,1.400000,0
2023,04,LA LIBERTAD,VIRU,53.250,120.500,1.400000,0
2023,04,LAMBAYEQUE,CHICLAYO,0.000,8.000,0.000000,1
2023,04,LAMBAYEQUE,FERREÑAFE,15.000,19.000,1.353333,0
2023,04,LAMBAYEQUE,LAMBAYEQUE,2942.000,3107.000,0.729436,0
2023,04,LIMA,CAÑETE,0.000,0.000,0.000000,1
2023,04,LIMA,HUAURA,0.000,19.000,0.000000,1
2023,04,LORETO,ALTO AMAZONAS,306.000,481.000,0.930719,0
2023,04,LORETO,DATEM DEL MARAÑON,35.000,50.000,0.936571,0
2023,04,LORETO,LORETO,60.000,92.000,0.963833,0
2023,04,LORETO,MARISCAL RAMON CASTILLA,41.000,69.000,0.930000,0
2023,04,LORETO,MAYNAS,551.000,932.000,0.969673,0
2023,04,LORETO,PUTUMAYO,12.000,26.000,0.930000,0
2023,04,LORETO,REQUENA,43.000,67.000,0.936279,0
2023,04,LORETO,UCAYALI,108.000,183.000,0.966944,0
2023,04,MADRE DE DIOS,MANU,10.400,33.000,2.534615,0
2023,04,MADRE DE DIOS,TAHUAMANU,17.200,38.500,2.863953,0
2023,04,MADRE DE DIOS,TAMBOPATA,55.300,114.500,1.984629,0
2023,04,MOQUEGUA,GENERAL SANCHEZ CERRO,7.000,13.000,3.000000,0
2023,04,MOQUEGUA,MARISCAL NIETO,0.000,6.000,0.000000,1
2023,04,PASCO,OXAPAMPA,47.500,10.000,0.500000,0
2023,04,PIURA,AYABACA,27.000,87.000,2.284074,0
2023,04,PIURA,HUANCABAMBA,15.000,39.000,0.808667,0
2023,04,PIURA,MORROPON,976.000,1347.000,1.615430,0
2023,04,PIURA,PAITA,0.000,8.000,0.000000,1
2023,04,PIURA,PIURA,6491.000,11801.000,1.184888,0
2023,04,PIURA,SECHURA,3.000,5.000,1.810000,0
2023,04,PIURA,SULLANA,3862.000,3759.000,0.503786,0
2023,04,PUNO,CARABAYA,0.000,1.000,0.000000,1
2023,04,PUNO,SANDIA,2.000,5.000,2.500000,0
2023,04,SAN MARTIN,BELLAVISTA,32.000,70.900,1.921875,0
2023,04,SAN MARTIN,EL DORADO,34.000,14.000,2.000000,0
2023,04,SAN MARTIN,HUALLAGA,53.000,50.500,2.169811,0
2023,04,SAN MARTIN,LAMAS,113.000,97.500,1.884956,0
2023,04,SAN MARTIN,MARISCAL CACERES,99.000,34.000,2.000000,0
2023,04,SAN MARTIN,MOYOBAMBA,41.000,78.000,2.812195,0
2023,04,SAN MARTIN,PICOTA,111.000,82.500,1.783784,0
2023,04,SAN MARTIN,RIOJA,31.500,25.000,1.023810,0
2023,04,SAN MARTIN,SAN MARTIN,164.000,219.000,2.000000,0
2023,04,SAN MARTIN,TOCACHE,50.000,13.000,0.600000,0
2023,04,TUMBES,CONTRALMIRANTE VILLAR,86.940,102.250,1.250000,0
2023,04,TUMBES,TUMBES,1011.238,684.400,1.549345,0
2023,04,TUMBES,ZARUMILLA,4877.420,2399.070,1.040000,0
2023,04,UCAYALI,ATALAYA,194.060,238.000,1.638583,0
2023,04,UCAYALI,CORONEL PORTILLO,735.230,1628.610,1.565652,0
2023,04,UCAYALI,PADRE ABAD,361.039,599.000,1.600023,0
2023,04,UCAYALI,PURUS,27.300,40.000,2.200000,0
2023,05,AMAZONAS,BAGUA,26.400,76.500,2.321970,0
2023,05,AMAZONAS,CHACHAPOYAS,20.000,43.000,3.400000,0
2023,05,AMAZONAS,LUYA,22.900,30.000,2.383843,0
2023,05,AMAZONAS,UTCUBAMBA,517.000,578.000,2.482398,0
2023,05,ANCASH,CASMA,26.000,64.000,3.061538,0
2023,05,ANCASH,HUARMEY,4.000,4.000,3.000000,0
2023,05,ANCASH,HUAYLAS,18.000,12.000,3.222222,0
2023,05,ANCASH,SANTA,4.000,5.000,2.800000,0
2023,05,APURIMAC,ABANCAY,29.000,33.500,2.334483,0
2023,05,APURIMAC,ANDAHUAYLAS,0.000,28.000,0.000000,1
2023,05,APURIMAC,AYMARAES,1.500,5.000,1.073333,0
2023,05,APURIMAC,CHINCHEROS,0.000,58.000,0.000000,1
2023,05,APURIMAC,GRAU,3.000,2.000,1.700000,0
2023,05,AREQUIPA,CARAVELI,0.000,3.000,0.000000,1
2023,05,AREQUIPA,LA UNION,0.000,10.000,0.000000,1
2023,05,AYACUCHO,HUAMANGA,1.000,2.000,1.530000,0
2023,05,AYACUCHO,HUANTA,10.670,12.670,4.733365,0
2023,05,AYACUCHO,LA MAR,22.750,15.580,2.713187,0
2023,05,AYACUCHO,LUCANAS,8.000,4.000,2.312500,0
2023,05,AYACUCHO,PARINACOCHAS,4.000,2.000,1.335000,0
2023,05,AYACUCHO,PAUCAR DEL SARA SARA,17.000,9.000,3.029412,0
2023,05,AYACUCHO,VILCAS HUAMAN,9.670,8.670,1.900527,0
2023,05,CAJAMARCA,CAJABAMBA,5.210,15.900,1.592610,0
2023,05,CAJAMARCA,CHOTA,36.000,61.250,1.155556,0
2023,05,CAJAMARCA,JAEN,10.830,16.000,2.700000,0
2023,05,CAJAMARCA,SAN IGNACIO,6.600,28.000,0.584848,0
2023,05,CAJAMARCA,SAN MARCOS,4.030,9.000,5.000000,0
2023,05,CAJAMARCA,SAN MIGUEL,6.000,30.000,1.333333,0
2023,05,CAJAMARCA,SANTA CRUZ,9.000,4.500,1.133333,0
2023,05,CUSCO,LA CONVENCION,73.000,288.000,1.200000,0
2023,05,HUANCAVELICA,ACOBAMBA,8.800,4.000,1.417045,0
2023,05,HUANCAVELICA,ANGARAES,5.850,3.000,1.528205,0
2023,05,HUANCAVELICA,CASTROVIRREYNA,1.000,6.300,2.500000,0
2023,05,HUANCAVELICA,CHURCAMPA,11.000,6.000,1.422727,0
2023,05,HUANCAVELICA,HUAYTARA,1.700,3.000,3.000000,0
2023,05,HUANCAVELICA,TAYACAJA,37.250,26.000,1.654497,0
2023,05,HUANUCO,HUACAYBAMBA,0.000,9.000,0.000000,1
2023,05,HUANUCO,HUAMALIES,20.500,22.000,1.500000,0
2023,05,HUANUCO,HUANUCO,6.000,11.250,1.440000,0
2023,05,HUANUCO,LEONCIO PRADO,120.100,103.000,1.519900,0
2023,05,HUANUCO,MARAÑON,13.400,7.000,1.500000,0
2023,05,HUANUCO,PUERTO INCA,1.000,18.000,3.300000,0
2023,05,ICA,CHINCHA,0.000,7.000,0.000000,1
2023,05,ICA,ICA,70.100,20.720,1.907989,0
2023,05,ICA,NASCA,0.000,17.590,0.000000,1
2023,05,ICA,PALPA,0.000,3.110,0.000000,1
2023,05,ICA,PISCO,35.000,35.400,1.500000,0
2023,05,JUNIN,CHANCHAMAYO,45.050,70.000,1.105216,0
2023,05,JUNIN,HUANCAYO,13.600,25.000,1.300000,0
2023,05,JUNIN,SATIPO,406.100,241.000,1.237700,0
2023,05,LA LIBERTAD,ASCOPE,2.279,8.500,1.400000,0
2023,05,LA LIBERTAD,BOLIVAR,4.030,9.000,1.369975,0
2023,05,LA LIBERTAD,CHEPEN,4.050,37.000,1.276543,0
2023,05,LA LIBERTAD,GRAN CHIMU,2.320,1.500,1.400000,0
2023,05,LA LIBERTAD,OTUZCO,0.620,2.000,1.400000,0
2023,05,LA LIBERTAD,PATAZ,10.428,11.000,1.300000,0
2023,05,LA LIBERTAD,SANCHEZ CARRION,5.380,37.000,1.300000,0
2023,05,LA LIBERTAD,VIRU,62.700,120.500,1.201116,0
2023,05,LAMBAYEQUE,CHICLAYO,0.000,8.000,0.000000,1
2023,05,LAMBAYEQUE,FERREÑAFE,10.000,19.000,1.660000,0
2023,05,LAMBAYEQUE,LAMBAYEQUE,4118.000,3107.000,0.708220,0
2023,05,LIMA,HUAURA,0.000,19.000,0.000000,1
2023,05,LORETO,ALTO AMAZONAS,313.000,481.000,0.930383,0
2023,05,LORETO,DATEM DEL MARAÑON,28.000,50.000,0.922857,0
2023,05,LORETO,LORETO,61.000,92.000,0.931967,0
2023,05,LORETO,MARISCAL RAMON CASTILLA,38.000,69.000,0.932368,0
2023,05,LORETO,MAYNAS,527.000,932.000,0.971594,0
2023,05,LORETO,PUTUMAYO,14.000,26.000,0.920000,0
2023,05,LORETO,REQUENA,44.000,67.000,0.925909,0
2023,05,LORETO,UCAYALI,87.000,183.000,0.957816,0
2023,05,MADRE DE DIOS,MANU,10.350,33.000,2.595652,0
2023,05,MADRE DE DIOS,TAHUAMANU,13.100,38.500,2.948092,0
2023,05,MADRE DE DIOS,TAMBOPATA,36.100,114.500,2.696399,0
2023,05,MOQUEGUA,GENERAL SANCHEZ CERRO,21.000,13.000,3.500000,0
2023,05,MOQUEGUA,MARISCAL NIETO,40.000,6.000,3.300000,0
2023,05,PASCO,OXAPAMPA,33.400,10.000,5.000000,0
2023,05,PIURA,AYABACA,19.000,87.000,2.544737,0
2023,05,PIURA,HUANCABAMBA,10.000,41.000,0.844000,0
2023,05,PIURA,MORROPON,664.000,1347.000,1.379714,0
2023,05,PIURA,PAITA,36.000,8.000,1.000000,0
2023,05,PIURA,PIURA,4192.000,11892.000,1.798447,0
2023,05,PIURA,SECHURA,4.000,5.000,1.702500,0
2023,05,PIURA,SULLANA,3168.000,3759.000,0.696433,0
2023,05,PUNO,CARABAYA,2.000,1.000,0.700000,0
2023,05,PUNO,SANDIA,13.400,5.000,1.238806,0
2023,05,SAN MARTIN,BELLAVISTA,32.000,70.900,1.500000,0
2023,05,SAN MARTIN,EL DORADO,18.000,14.000,2.000000,0
2023,05,SAN MARTIN,HUALLAGA,35.000,50.500,2.265714,0
2023,05,SAN MARTIN,LAMAS,81.000,97.500,1.545679,0
2023,05,SAN MARTIN,MARISCAL CACERES,78.000,34.000,2.000000,0
2023,05,SAN MARTIN,MOYOBAMBA,33.000,78.000,2.915152,0
2023,05,SAN MARTIN,PICOTA,106.000,82.500,2.101887,0
2023,05,SAN MARTIN,RIOJA,20.100,25.000,2.000000,0
2023,05,SAN MARTIN,SAN MARTIN,116.000,219.000,2.000000,0
2023,05,SAN MARTIN,TOCACHE,30.000,13.000,0.600000,0
2023,05,TUMBES,CONTRALMIRANTE VILLAR,141.900,101.000,1.250000,0
2023,05,TUMBES,TUMBES,889.500,682.400,1.310219,0
2023,05,TUMBES,ZARUMILLA,4184.410,2414.070,1.040000,0
2023,05,UCAYALI,ATALAYA,148.419,240.000,1.767585,0
2023,05,UCAYALI,CORONEL PORTILLO,548.539,1578.610,1.660903,0
2023,05,UCAYALI,PADRE ABAD,282.950,599.000,1.750000,0
2023,05,UCAYALI,PURUS,18.600,40.000,2.500000,0
2023,06,AMAZONAS,BAGUA,24.300,76.500,2.654733,0
2023,06,AMAZONAS,CHACHAPOYAS,19.700,43.000,3.200000,0
2023,06,AMAZONAS,LUYA,22.300,30.000,2.111211,0
2023,06,AMAZONAS,UTCUBAMBA,520.000,578.000,1.737500,0
2023,06,ANCASH,CASMA,23.000,64.000,3.365217,0
2023,06,ANCASH,HUARMEY,3.000,4.000,3.500000,0
2023,06,ANCASH,HUAYLAS,15.000,12.000,3.500000,0
2023,06,ANCASH,SANTA,3.000,5.000,3.500000,0
2023,06,APURIMAC,ABANCAY,2.000,33.500,1.000000,0
2023,06,APURIMAC,ANDAHUAYLAS,0.000,28.000,0.000000,1
2023,06,APURIMAC,AYMARAES,1.300,5.000,0.892308,0
2023,06,APURIMAC,CHINCHEROS,0.000,58.000,0.000000,1
2023,06,APURIMAC,GRAU,0.000,2.000,0.000000,1
2023,06,AREQUIPA,CARAVELI,12.300,3.000,3.200000,0
2023,06,AREQUIPA,LA UNION,0.000,10.000,0.000000,1
2023,06,AYACUCHO,HUAMANGA,0.670,2.000,1.530000,0
2023,06,AYACUCHO,HUANTA,3.000,13.000,2.333333,0
2023,06,AYACUCHO,LA MAR,8.500,15.500,2.303529,0
2023,06,AYACUCHO,LUCANAS,4.000,4.000,8.000000,0
2023,06,AYACUCHO,PARINACOCHAS,5.000,2.000,1.350000,0
2023,06,AYACUCHO,PAUCAR DEL SARA SARA,20.000,9.000,2.645000,0
2023,06,AYACUCHO,VILCAS HUAMAN,10.670,8.670,2.000000,0
2023,06,CAJAMARCA,CAJABAMBA,4.990,15.900,1.595090,0
2023,06,CAJAMARCA,CHOTA,37.500,61.250,1.265333,0
2023,06,CAJAMARCA,JAEN,6.100,16.000,2.641311,0
2023,06,CAJAMARCA,SAN IGNACIO,5.400,28.000,0.650000,0
2023,06,CAJAMARCA,SAN MARCOS,1.530,9.000,3.000000,0
2023,06,CAJAMARCA,SAN MIGUEL,14.000,30.000,1.257143,0
2023,06,CAJAMARCA,SANTA CRUZ,8.000,4.500,1.150000,0
2023,06,CUSCO,LA CONVENCION,78.000,288.000,1.200000,0
2023,06,HUANCAVELICA,ACOBAMBA,4.450,4.000,1.362921,0
2023,06,HUANCAVELICA,ANGARAES,2.450,3.000,1.836735,0
2023,06,HUANCAVELICA,CASTROVIRREYNA,0.800,6.300,2.000000,0
2023,06,HUANCAVELICA,CHURCAMPA,9.400,6.000,1.479787,0
2023,06,HUANCAVELICA,HUAYTARA,1.800,3.000,2.388889,0
2023,06,HUANCAVELICA,TAYACAJA,25.200,26.000,1.488095,0
2023,06,HUANUCO,HUACAYBAMBA,0.000,9.000,0.000000,1
2023,06,HUANUCO,HUAMALIES,23.000,22.000,1.800000,0
2023,06,HUANUCO,HUANUCO,12.000,11.250,1.583333,0
2023,06,HUANUCO,LEONCIO PRADO,161.400,103.000,1.826332,0
2023,06,HUANUCO,MARAÑON,9.600,7.000,1.641667,0
2023,06,HUANUCO,PUERTO INCA,1.000,18.000,3.200000,0
2023,06,ICA,CHINCHA,0.000,7.000,0.000000,1
2023,06,ICA,ICA,93.150,20.720,1.627536,0
2023,06,ICA,NASCA,94.720,17.590,2.000000,0
2023,06,ICA,PALPA,0.000,3.110,0.000000,1
2023,06,ICA,PISCO,122.000,35.400,1.800000,0
2023,06,JUNIN,CHANCHAMAYO,46.000,70.000,1.024457,0
2023,06,JUNIN,HUANCAYO,12.750,25.000,1.200000,0
2023,06,JUNIN,SATIPO,428.300,241.000,1.167336,0
2023,06,LA LIBERTAD,ASCOPE,2.330,8.500,1.300000,0
2023,06,LA LIBERTAD,BOLIVAR,2.850,9.000,1.427368,0
2023,06,LA LIBERTAD,CHEPEN,3.930,37.000,1.277863,0
2023,06,LA LIBERTAD,GRAN CHIMU,3.670,1.500,1.400000,0
2023,06,LA LIBERTAD,OTUZCO,1.150,2.000,1.400000,0
2023,06,LA LIBERTAD,PATAZ,8.839,11.000,1.371388,0
2023,06,LA LIBERTAD,SANCHEZ CARRION,3.548,37.000,1.321984,0
2023,06,LA LIBERTAD,VIRU,61.470,120.500,1.400000,0
2023,06,LAMBAYEQUE,CHICLAYO,0.000,8.000,0.000000,1
2023,06,LAMBAYEQUE,FERREÑAFE,0.000,19.000,0.000000,1
2023,06,LAMBAYEQUE,LAMBAYEQUE,2131.000,3107.000,0.727109,0
2023,06,LIMA,HUAURA,43.200,19.000,1.800000,0
2023,06,LORETO,ALTO AMAZONAS,256.000,481.000,0.932969,0
2023,06,LORETO,DATEM DEL MARAÑON,30.000,50.000,0.929000,0
2023,06,LORETO,LORETO,39.000,92.000,0.935128,0
2023,06,LORETO,MARISCAL RAMON CASTILLA,44.000,69.000,0.935000,0
2023,06,LORETO,MAYNAS,507.000,932.000,0.965128,0
2023,06,LORETO,PUTUMAYO,14.000,26.000,0.930000,0
2023,06,LORETO,REQUENA,41.000,67.000,0.935122,0
2023,06,LORETO,UCAYALI,108.000,183.000,0.955278,0
2023,06,MADRE DE DIOS,MANU,8.800,33.000,2.428977,0
2023,06,MADRE DE DIOS,TAHUAMANU,15.600,38.500,2.464744,0
2023,06,MADRE DE DIOS,TAMBOPATA,37.100,114.500,2.540970,0
2023,06,MOQUEGUA,GENERAL SANCHEZ CERRO,21.000,13.000,3.500000,0
2023,06,MOQUEGUA,MARISCAL NIETO,0.000,6.000,0.000000,1
2023,06,PASCO,OXAPAMPA,22.800,10.000,5.000000,0
2023,06,PIURA,AYABACA,13.000,87.000,2.888462,0
2023,06,PIURA,HUANCABAMBA,10.000,41.000,0.866000,0
2023,06,PIURA,MORROPON,642.000,1347.000,1.628069,0
2023,06,PIURA,PAITA,30.000,8.000,1.200000,0
2023,06,PIURA,PIURA,3511.000,11955.000,2.002478,0
2023,06,PIURA,SECHURA,4.000,5.000,2.125000,0
2023,06,PIURA,SULLANA,3085.000,3759.000,1.181190,0
2023,06,PUNO,CARABAYA,3.150,1.000,0.700000,0
2023,06,PUNO,SANDIA,20.300,5.000,1.224631,0
2023,06,SAN MARTIN,BELLAVISTA,27.000,70.900,1.451852,0
2023,06,SAN MARTIN,EL DORADO,17.000,14.000,2.000000,0
2023,06,SAN MARTIN,HUALLAGA,23.000,50.500,2.104348,0
2023,06,SAN MARTIN,LAMAS,142.000,97.500,2.066901,0
2023,06,SAN MARTIN,MARISCAL CACERES,57.000,34.000,2.000000,0
2023,06,SAN MARTIN,MOYOBAMBA,0.000,78.000,0.000000,1
2023,06,SAN MARTIN,PICOTA,93.000,82.500,2.336559,0
2023,06,SAN MARTIN,RIOJA,9.000,25.000,3.500000,0
2023,06,SAN MARTIN,SAN MARTIN,101.000,219.000,2.000000,0
2023,06,SAN MARTIN,TOCACHE,11.000,13.000,0.600000,0
2023,06,TUMBES,CONTRALMIRANTE VILLAR,132.400,102.500,2.000000,0
2023,06,TUMBES,TUMBES,421.089,683.300,2.141134,0
2023,06,TUMBES,ZARUMILLA,4630.905,2424.070,1.370000,0
2023,06,UCAYALI,ATALAYA,135.790,240.000,1.821872,0
2023,06,UCAYALI,CORONEL PORTILLO,607.480,1578.610,1.715819,0
2023,06,UCAYALI,PADRE ABAD,317.260,599.000,1.771426,0
2023,06,UCAYALI,PURUS,14.600,40.000,2.650000,0
2023,07,AMAZONAS,BAGUA,24.000,76.500,2.812500,0
2023,07,AMAZONAS,CHACHAPOYAS,20.300,43.000,3.000000,0
2023,07,AMAZONAS,LUYA,18.500,30.000,2.186486,0
2023,07,AMAZONAS,UTCUBAMBA,531.000,578.000,1.412241,0
2023,07,ANCASH,CASMA,20.000,64.000,4.930000,0
2023,07,ANCASH,HUARMEY,5.000,4.000,5.000000,0
2023,07,ANCASH,HUAYLAS,12.000,12.000,5.000000,0
2023,07,ANCASH,SANTA,3.000,5.000,5.000000,0
2023,07,APURIMAC,ABANCAY,38.000,33.500,2.473684,0
2023,07,APURIMAC,ANDAHUAYLAS,0.000,28.000,0.000000,1
2023,07,APURIMAC,AYMARAES,1.100,5.000,0.872727,0
2023,07,APURIMAC,CHINCHEROS,0.000,58.000,0.000000,1
2023,07,APURIMAC,GRAU,1.000,2.000,1.700000,0
2023,07,AREQUIPA,CARAVELI,0.000,3.000,0.000000,1
2023,07,AREQUIPA,LA UNION,0.000,10.000,0.000000,1
2023,07,AYACUCHO,HUAMANGA,1.500,2.000,2.700000,0
2023,07,AYACUCHO,HUANTA,3.000,13.000,3.000000,0
2023,07,AYACUCHO,LA MAR,9.000,15.500,2.286667,0
2023,07,AYACUCHO,LUCANAS,4.000,4.000,8.000000,0
2023,07,AYACUCHO,PARINACOCHAS,2.000,2.000,1.385000,0
2023,07,AYACUCHO,PAUCAR DEL SARA SARA,0.000,9.000,0.000000,1
2023,07,AYACUCHO,VILCAS HUAMAN,11.670,8.670,2.400171,0
2023,07,CAJAMARCA,CAJABAMBA,4.620,15.900,1.609091,0
2023,07,CAJAMARCA,CHOTA,27.000,61.250,1.281481,0
2023,07,CAJAMARCA,JAEN,5.160,16.000,3.693023,0
2023,07,CAJAMARCA,SAN IGNACIO,6.500,28.000,2.938462,0
2023,07,CAJAMARCA,SAN MARCOS,5.960,9.000,5.000000,0
2023,07,CAJAMARCA,SAN MIGUEL,37.000,30.000,2.729730,0
2023,07,CAJAMARCA,SANTA CRUZ,7.000,4.500,1.242857,0
2023,07,CUSCO,LA CONVENCION,58.000,288.000,1.200000,0
2023,07,HUANCAVELICA,ACOBAMBA,0.800,4.000,1.887500,0
2023,07,HUANCAVELICA,ANGARAES,0.900,3.000,2.000000,0
2023,07,HUANCAVELICA,CASTROVIRREYNA,1.200,6.300,2.500000,0
2023,07,HUANCAVELICA,CHURCAMPA,4.800,6.000,1.604167,0
2023,07,HUANCAVELICA,HUAYTARA,2.400,3.000,2.875000,0
2023,07,HUANCAVELICA,TAYACAJA,7.600,26.000,1.684211,0
2023,07,HUANUCO,HUACAYBAMBA,0.000,9.000,0.000000,1
2023,07,HUANUCO,HUAMALIES,13.000,22.000,2.000000,0
2023,07,HUANUCO,HUANUCO,15.000,11.250,2.122667,0
2023,07,HUANUCO,LEONCIO PRADO,99.600,103.000,2.517369,0
2023,07,HUANUCO,MARAÑON,6.400,7.000,2.182812,0
2023,07,HUANUCO,PUERTO INCA,2.000,18.000,3.500000,0
2023,07,ICA,CHINCHA,0.000,7.000,0.000000,1
2023,07,ICA,ICA,60.070,20.720,1.827451,0
2023,07,ICA,NASCA,238.400,17.590,3.000000,0
2023,07,ICA,PALPA,0.770,3.110,2.500000,0
2023,07,ICA,PISCO,228.000,35.400,2.384211,0
2023,07,JUNIN,CHANCHAMAYO,38.250,70.000,1.357647,0
2023,07,JUNIN,HUANCAYO,11.900,25.000,1.500000,0
2023,07,JUNIN,SATIPO,274.900,241.000,1.551983,0
2023,07,LA LIBERTAD,ASCOPE,0.000,8.500,0.000000,1
2023,07,LA LIBERTAD,BOLIVAR,2.770,9.000,1.423105,0
2023,07,LA LIBERTAD,CHEPEN,4.150,37.000,1.412048,0
2023,07,LA LIBERTAD,GRAN CHIMU,1.990,1.500,1.434673,0
2023,07,LA LIBERTAD,OTUZCO,2.840,2.000,1.500000,0
2023,07,LA LIBERTAD,PATAZ,4.500,11.000,1.485556,0
2023,07,LA LIBERTAD,SANCHEZ CARRION,0.740,37.000,1.500000,0
2023,07,LA LIBERTAD,VIRU,52.980,120.500,1.698905,0
2023,07,LAMBAYEQUE,CHICLAYO,0.000,8.000,0.000000,1
2023,07,LAMBAYEQUE,FERREÑAFE,132.000,19.000,2.878788,0
2023,07,LAMBAYEQUE,LAMBAYEQUE,2132.000,3107.000,1.556871,0
2023,07,LIMA,HUAURA,0.000,19.000,0.000000,1
2023,07,LORETO,ALTO AMAZONAS,255.000,481.000,0.933843,0
2023,07,LORETO,DATEM DEL MARAÑON,28.000,50.000,0.929286,0
2023,07,LORETO,LORETO,36.000,92.000,0.930000,0
2023,07,LORETO,MARISCAL RAMON CASTILLA,42.000,69.000,0.930000,0
2023,07,LORETO,MAYNAS,447.000,932.000,0.960067,0
2023,07,LORETO,PUTUMAYO,13.000,26.000,0.930000,0
2023,07,LORETO,REQUENA,34.000,67.000,0.917647,0
2023,07,LORETO,UCAYALI,96.000,183.000,0.956146,0
2023,07,MADRE DE DIOS,MANU,9.400,33.000,2.925532,0
2023,07,MADRE DE DIOS,TAHUAMANU,11.750,38.500,2.702128,0
2023,07,MADRE DE DIOS,TAMBOPATA,33.600,114.500,3.257143,0
2023,07,MOQUEGUA,GENERAL SANCHEZ CERRO,0.000,13.000,0.000000,1
2023,07,MOQUEGUA,MARISCAL NIETO,0.000,6.000,0.000000,1
2023,07,PASCO,OXAPAMPA,0.000,10.000,0.000000,1
2023,07,PIURA,AYABACA,8.000,87.000,3.812500,0
2023,07,PIURA,HUANCABAMBA,10.000,41.000,0.800000,0
2023,07,PIURA,MORROPON,1318.000,1347.000,1.784977,0
2023,07,PIURA,PAITA,36.000,10.000,1.500000,0
2023,07,PIURA,PIURA,3535.000,12007.000,2.329901,0
2023,07,PIURA,SECHURA,2.000,5.000,4.450000,0
2023,07,PIURA,SULLANA,3028.000,3759.000,2.416116,0
2023,07,PUNO,CARABAYA,5.000,1.000,0.700000,0
2023,07,PUNO,SANDIA,12.300,5.000,1.048780,0
2023,07,SAN MARTIN,BELLAVISTA,15.000,70.900,2.066667,0
2023,07,SAN MARTIN,EL DORADO,5.000,14.000,2.000000,0
2023,07,SAN MARTIN,HUALLAGA,10.000,50.500,2.330000,0
2023,07,SAN MARTIN,LAMAS,51.000,97.500,2.490196,0
2023,07,SAN MARTIN,MARISCAL CACERES,19.000,34.000,2.000000,0
2023,07,SAN MARTIN,MOYOBAMBA,0.000,78.000,0.000000,1
2023,07,SAN MARTIN,PICOTA,55.000,82.500,2.509091,0
2023,07,SAN MARTIN,RIOJA,7.500,25.000,4.000000,0
2023,07,SAN MARTIN,SAN MARTIN,62.500,219.000,2.000000,0
2023,07,SAN MARTIN,TOCACHE,7.000,13.000,0.600000,0
2023,07,TUMBES,CONTRALMIRANTE VILLAR,111.430,104.500,3.750000,0
2023,07,TUMBES,TUMBES,264.172,688.300,4.088194,0
2023,07,TUMBES,ZARUMILLA,829.498,2434.070,3.000000,0
2023,07,UCAYALI,ATALAYA,126.640,240.000,1.825324,0
2023,07,UCAYALI,CORONEL PORTILLO,650.159,1592.610,1.764029,0
2023,07,UCAYALI,PADRE ABAD,334.500,599.000,1.788513,0
2023,07,UCAYALI,PURUS,11.740,40.000,2.650000,0
2023,08,AMAZONAS,BAGUA,24.450,76.500,5.014315,0
2023,08,AMAZONAS,CHACHAPOYAS,17.200,43.000,7.000000,0
2023,08,AMAZONAS,LUYA,20.800,30.000,2.169712,0
2023,08,AMAZONAS,UTCUBAMBA,336.000,578.000,2.320536,0
2023,08,ANCASH,CASMA,18.000,64.000,5.833333,0
2023,08,ANCASH,HUARMEY,3.000,4.000,6.000000,0
2023,08,ANCASH,HUAYLAS,12.000,12.000,5.000000,0
2023,08,ANCASH,SANTA,2.000,5.000,5.500000,0
2023,08,APURIMAC,ABANCAY,5.000,33.500,1.000000,0
2023,08,APURIMAC,ANDAHUAYLAS,0.000,28.000,0.000000,1
2023,08,APURIMAC,AYMARAES,1.000,5.000,0.980000,0
2023,08,APURIMAC,CHINCHEROS,0.000,56.500,0.000000,1
2023,08,APURIMAC,GRAU,0.000,2.000,0.000000,1
2023,08,AREQUIPA,CARAVELI,0.000,3.000,0.000000,1
2023,08,AREQUIPA,LA UNION,0.000,10.000,0.000000,1
2023,08,AYACUCHO,HUAMANGA,1.000,2.000,2.000000,0
2023,08,AYACUCHO,HUANTA,2.000,13.000,8.000000,0
2023,08,AYACUCHO,LA MAR,8.000,15.500,2.300000,0
2023,08,AYACUCHO,LUCANAS,0.000,4.000,0.000000,1
2023,08,AYACUCHO,PARINACOCHAS,0.000,2.330,0.000000,1
2023,08,AYACUCHO,PAUCAR DEL SARA SARA,0.000,9.000,0.000000,1
2023,08,AYACUCHO,VILCAS HUAMAN,0.000,8.670,0.000000,1
2023,08,CAJAMARCA,CAJABAMBA,4.390,15.900,1.657426,0
2023,08,CAJAMARCA,CHOTA,6.000,61.250,1.800000,0
2023,08,CAJAMARCA,JAEN,4.919,16.000,9.200000,0
2023,08,CAJAMARCA,SAN IGNACIO,15.800,28.000,5.721519,0
2023,08,CAJAMARCA,SAN MARCOS,1.530,9.000,9.000000,0
2023,08,CAJAMARCA,SAN MIGUEL,41.000,30.000,5.731707,0
2023,08,CAJAMARCA,SANTA CRUZ,0.000,4.500,0.000000,1
2023,08,CUSCO,LA CONVENCION,60.000,288.000,2.000000,0
2023,08,HUANCAVELICA,ACOBAMBA,0.000,4.000,0.000000,1
2023,08,HUANCAVELICA,ANGARAES,0.000,3.000,0.000000,1
2023,08,HUANCAVELICA,CASTROVIRREYNA,0.800,6.300,7.000000,0
2023,08,HUANCAVELICA,CHURCAMPA,1.400,6.000,4.500000,0
2023,08,HUANCAVELICA,HUAYTARA,2.200,3.000,4.500000,0
2023,08,HUANCAVELICA,TAYACAJA,0.000,26.000,0.000000,1
2023,08,HUANUCO,HUACAYBAMBA,0.000,9.000,0.000000,1
2023,08,HUANUCO,HUAMALIES,14.000,22.000,4.900000,0
2023,08,HUANUCO,HUANUCO,10.500,11.250,2.125714,0
2023,08,HUANUCO,LEONCIO PRADO,67.800,103.000,5.234218,0
2023,08,HUANUCO,MARAÑON,4.200,7.000,4.880952,0
2023,08,HUANUCO,PUERTO INCA,2.000,18.000,5.325000,0
2023,08,ICA,CHINCHA,0.000,7.000,0.000000,1
2023,08,ICA,ICA,5.250,20.720,2.933333,0
2023,08,ICA,NASCA,95.000,17.590,5.000000,0
2023,08,ICA,PALPA,0.000,3.110,0.000000,1
2023,08,ICA,PISCO,120.000,35.400,2.940000,0
2023,08,JUNIN,CHANCHAMAYO,33.400,70.000,3.035329,0
2023,08,JUNIN,HUANCAYO,5.100,25.000,3.500000,0
2023,08,JUNIN,SATIPO,191.800,241.000,2.762148,0
2023,08,LA LIBERTAD,ASCOPE,2.170,8.500,1.500000,0
2023,08,LA LIBERTAD,BOLIVAR,3.420,9.000,1.695789,0
2023,08,LA LIBERTAD,CHEPEN,4.110,37.000,1.487105,0
2023,08,LA LIBERTAD,GRAN CHIMU,0.600,1.500,1.700000,0
2023,08,LA LIBERTAD,OTUZCO,0.780,2.000,1.600000,0
2023,08,LA LIBERTAD,PATAZ,4.520,11.000,1.885398,0
2023,08,LA LIBERTAD,SANCHEZ CARRION,0.630,37.000,2.000000,0
2023,08,LA LIBERTAD,VIRU,0.450,120.500,3.000000,0
2023,08,LAMBAYEQUE,CHICLAYO,0.000,8.000,0.000000,1
2023,08,LAMBAYEQUE,FERREÑAFE,8.000,19.000,2.500000,0
2023,08,LAMBAYEQUE,LAMBAYEQUE,806.000,3107.000,6.463027,0
2023,08,LIMA,HUAURA,0.000,19.000,0.000000,1
2023,08,LORETO,ALTO AMAZONAS,243.000,481.000,0.949588,0
2023,08,LORETO,DATEM DEL MARAÑON,26.000,50.000,0.943077,0
2023,08,LORETO,LORETO,45.000,92.000,0.949778,0
2023,08,LORETO,MARISCAL RAMON CASTILLA,34.000,69.000,0.940588,0
2023,08,LORETO,MAYNAS,439.000,932.000,0.968542,0
2023,08,LORETO,PUTUMAYO,15.000,26.000,0.974000,0
2023,08,LORETO,REQUENA,32.000,67.000,0.932500,0
2023,08,LORETO,UCAYALI,89.000,183.000,0.966854,0
2023,08,MADRE DE DIOS,MANU,5.700,33.000,6.394737,0
2023,08,MADRE DE DIOS,TAHUAMANU,9.100,38.500,7.000000,0
2023,08,MADRE DE DIOS,TAMBOPATA,24.500,114.500,6.510204,0
2023,08,MOQUEGUA,GENERAL SANCHEZ CERRO,18.000,13.000,3.500000,0
2023,08,MOQUEGUA,MARISCAL NIETO,0.000,3.500,0.000000,1
2023,08,PASCO,OXAPAMPA,0.000,10.000,0.000000,1
2023,08,PIURA,AYABACA,0.000,87.000,0.000000,1
2023,08,PIURA,HUANCABAMBA,10.000,41.000,0.765000,0
2023,08,PIURA,MORROPON,201.000,1347.000,6.532338,0
2023,08,PIURA,PAITA,24.000,18.000,3.600000,0
2023,08,PIURA,PIURA,1383.000,12007.000,7.120029,0
2023,08,PIURA,SECHURA,2.000,5.000,8.000000,0
2023,08,PIURA,SULLANA,2985.000,3759.000,3.001340,0
2023,08,PUNO,CARABAYA,0.200,1.000,0.700000,0
2023,08,PUNO,SANDIA,0.700,5.000,1.328571,0
2023,08,SAN MARTIN,BELLAVISTA,7.500,70.900,4.200000,0
2023,08,SAN MARTIN,EL DORADO,0.000,14.000,0.000000,1
2023,08,SAN MARTIN,HUALLAGA,7.000,50.500,2.964286,0
2023,08,SAN MARTIN,LAMAS,50.000,97.500,4.880000,0
2023,08,SAN MARTIN,MARISCAL CACERES,0.000,34.000,0.000000,1
2023,08,SAN MARTIN,MOYOBAMBA,0.000,78.000,0.000000,1
2023,08,SAN MARTIN,PICOTA,20.000,82.500,8.240000,0
2023,08,SAN MARTIN,RIOJA,0.000,25.000,0.000000,1
2023,08,SAN MARTIN,SAN MARTIN,30.500,219.000,8.000000,0
2023,08,SAN MARTIN,TOCACHE,0.000,13.000,0.000000,1
2023,08,TUMBES,CONTRALMIRANTE VILLAR,43.398,106.000,6.250000,0
2023,08,TUMBES,TUMBES,182.521,702.300,7.233196,0
2023,08,TUMBES,ZARUMILLA,646.950,2447.070,5.000000,0
2023,08,UCAYALI,ATALAYA,86.099,240.000,6.930123,0
2023,08,UCAYALI,CORONEL PORTILLO,456.770,1592.610,6.234718,0
2023,08,UCAYALI,PADRE ABAD,293.499,599.000,7.692023,0
2023,08,UCAYALI,PURUS,9.740,40.000,9.250000,0
2023,09,AMAZONAS,BAGUA,23.700,76.500,7.177215,0
2023,09,AMAZONAS,CHACHAPOYAS,16.100,43.000,5.763975,0
2023,09,AMAZONAS,LUYA,22.650,30.000,6.597130,0
2023,09,AMAZONAS,UTCUBAMBA,481.000,578.000,4.351351,0
2023,09,ANCASH,CASMA,16.000,64.000,7.000000,0
2023,09,ANCASH,HUARMEY,3.000,4.000,7.000000,0
2023,09,ANCASH,HUAYLAS,10.000,12.000,6.400000,0
2023,09,ANCASH,SANTA,2.000,5.000,5.000000,0
2023,09,APURIMAC,ABANCAY,26.000,33.500,3.215385,0
2023,09,APURIMAC,ANDAHUAYLAS,0.000,28.000,0.000000,1
2023,09,APURIMAC,AYMARAES,0.900,5.000,6.222222,0
2023,09,APURIMAC,CHINCHEROS,0.000,56.500,0.000000,1
2023,09,APURIMAC,GRAU,1.000,2.000,1.800000,0
2023,09,AREQUIPA,CARAVELI,0.000,3.000,0.000000,1
2023,09,AREQUIPA,LA UNION,0.000,10.000,0.000000,1
2023,09,AYACUCHO,HUAMANGA,1.000,2.000,1.800000,0
2023,09,AYACUCHO,HUANTA,0.000,13.000,0.000000,1
2023,09,AYACUCHO,LA MAR,9.000,15.500,2.388889,0
2023,09,AYACUCHO,LUCANAS,0.000,4.000,0.000000,1
2023,09,AYACUCHO,PARINACOCHAS,0.000,3.500,0.000000,1
2023,09,AYACUCHO,PAUCAR DEL SARA SARA,0.000,9.000,0.000000,1
2023,09,AYACUCHO,VILCAS HUAMAN,0.000,8.670,0.000000,1
2023,09,CAJAMARCA,CAJABAMBA,4.260,15.900,1.657324,0
2023,09,CAJAMARCA,CHOTA,0.000,61.250,0.000000,1
2023,09,CAJAMARCA,JAEN,4.290,16.000,9.200000,0
2023,09,CAJAMARCA,SAN IGNACIO,6.800,28.000,6.941176,0
2023,09,CAJAMARCA,SAN MARCOS,1.530,9.000,6.000000,0
2023,09,CAJAMARCA,SAN MIGUEL,37.000,30.000,5.743243,0
2023,09,CAJAMARCA,SANTA CRUZ,0.000,4.500,0.000000,1
2023,09,CUSCO,LA CONVENCION,129.000,288.000,1.565891,0
2023,09,HUANCAVELICA,ACOBAMBA,0.000,4.000,0.000000,1
2023,09,HUANCAVELICA,ANGARAES,0.000,3.000,0.000000,1
2023,09,HUANCAVELICA,CASTROVIRREYNA,0.400,6.300,8.000000,0
2023,09,HUANCAVELICA,CHURCAMPA,0.000,6.000,0.000000,1
2023,09,HUANCAVELICA,HUAYTARA,0.650,3.000,6.000000,0
2023,09,HUANCAVELICA,TAYACAJA,0.000,26.000,0.000000,1
2023,09,HUANUCO,HUACAYBAMBA,0.000,9.000,0.000000,1
2023,09,HUANUCO,HUAMALIES,16.000,22.000,5.800000,0
2023,09,HUANUCO,HUANUCO,6.600,11.250,4.809091,0
2023,09,HUANUCO,LEONCIO PRADO,48.300,103.000,6.773292,0
2023,09,HUANUCO,MARAÑON,0.000,7.000,0.000000,1
2023,09,HUANUCO,PUERTO INCA,2.000,20.000,5.640000,0
2023,09,ICA,CHINCHA,0.000,7.000,0.000000,1
2023,09,ICA,ICA,0.000,27.720,0.000000,1
2023,09,ICA,NASCA,0.000,17.590,0.000000,1
2023,09,ICA,PALPA,39.480,6.110,3.120061,0
2023,09,ICA,PISCO,24.000,35.400,2.800000,0
2023,09,JUNIN,CHANCHAMAYO,33.800,66.000,3.534911,0
2023,09,JUNIN,HUANCAYO,7.650,25.000,3.800000,0
2023,09,JUNIN,SATIPO,163.750,241.000,3.451420,0
2023,09,LA LIBERTAD,ASCOPE,2.340,8.500,3.000000,0
2023,09,LA LIBERTAD,BOLIVAR,0.000,9.000,0.000000,1
2023,09,LA LIBERTAD,CHEPEN,4.050,37.000,1.679012,0
2023,09,LA LIBERTAD,GRAN CHIMU,0.490,1.500,3.000000,0
2023,09,LA LIBERTAD,OTUZCO,0.000,2.000,0.000000,1
2023,09,LA LIBERTAD,PATAZ,1.300,11.000,3.000000,0
2023,09,LA LIBERTAD,SANCHEZ CARRION,0.540,37.000,3.000000,0
2023,09,LA LIBERTAD,VIRU,0.530,120.500,3.000000,0
2023,09,LAMBAYEQUE,CHICLAYO,0.000,8.000,0.000000,1
2023,09,LAMBAYEQUE,FERREÑAFE,0.000,19.000,0.000000,1
2023,09,LAMBAYEQUE,LAMBAYEQUE,2412.000,3107.000,7.220377,0
2023,09,LIMA,HUAURA,0.000,19.000,0.000000,1
2023,09,LORETO,ALTO AMAZONAS,255.000,481.000,0.929569,0
2023,09,LORETO,DATEM DEL MARAÑON,18.000,50.000,0.940000,0
2023,09,LORETO,LORETO,41.000,92.000,0.950488,0
2023,09,LORETO,MARISCAL RAMON CASTILLA,32.000,69.000,0.930000,0
2023,09,LORETO,MAYNAS,416.000,932.000,0.964399,0
2023,09,LORETO,PUTUMAYO,13.000,26.000,0.955385,0
2023,09,LORETO,REQUENA,24.000,67.000,0.941667,0
2023,09,LORETO,UCAYALI,89.000,183.000,0.951348,0
2023,09,MADRE DE DIOS,MANU,8.000,33.000,6.987500,0
2023,09,MADRE DE DIOS,TAHUAMANU,8.400,38.500,7.000000,0
2023,09,MADRE DE DIOS,TAMBOPATA,27.900,114.500,7.756272,0
2023,09,MOQUEGUA,GENERAL SANCHEZ CERRO,0.000,13.000,0.000000,1
2023,09,MOQUEGUA,MARISCAL NIETO,0.000,3.500,0.000000,1
2023,09,PASCO,OXAPAMPA,0.000,10.000,0.000000,1
2023,09,PIURA,AYABACA,1.000,87.000,9.000000,0
2023,09,PIURA,HUANCABAMBA,10.000,41.000,0.795000,0
2023,09,PIURA,MORROPON,517.000,1347.000,5.350097,0
2023,09,PIURA,PAITA,10.000,18.000,9.100000,0
2023,09,PIURA,PIURA,1960.000,12007.000,7.033929,0
2023,09,PIURA,SECHURA,4.000,5.000,8.000000,0
2023,09,PIURA,SULLANA,4699.000,3759.000,9.199702,0
2023,09,PUNO,CARABAYA,0.000,1.000,0.000000,1
2023,09,PUNO,SANDIA,0.000,5.000,0.000000,1
2023,09,SAN MARTIN,BELLAVISTA,4.250,70.900,5.717647,0
2023,09,SAN MARTIN,EL DORADO,0.000,14.000,0.000000,1
2023,09,SAN MARTIN,HUALLAGA,4.000,50.500,4.800000,0
2023,09,SAN MARTIN,LAMAS,38.000,97.500,3.315789,0
2023,09,SAN MARTIN,MARISCAL CACERES,0.000,34.000,0.000000,1
2023,09,SAN MARTIN,MOYOBAMBA,0.000,78.000,0.000000,1
2023,09,SAN MARTIN,PICOTA,22.000,82.500,7.900000,0
2023,09,SAN MARTIN,RIOJA,0.000,25.000,0.000000,1
2023,09,SAN MARTIN,SAN MARTIN,48.000,219.000,8.000000,0
2023,09,SAN MARTIN,TOCACHE,0.000,13.000,0.000000,1
2023,09,TUMBES,CONTRALMIRANTE VILLAR,42.792,108.500,8.250000,0
2023,09,TUMBES,TUMBES,408.073,720.200,8.663294,0
2023,09,TUMBES,ZARUMILLA,732.590,2461.070,10.000000,0
2023,09,UCAYALI,ATALAYA,116.890,240.000,4.996358,0
2023,09,UCAYALI,CORONEL PORTILLO,389.739,1592.610,4.922383,0
2023,09,UCAYALI,PADRE ABAD,272.320,599.000,5.856241,0
2023,09,UCAYALI,PURUS,7.410,41.500,6.350000,0
2023,10,AMAZONAS,BAGUA,25.900,76.500,5.000000,0
2023,10,AMAZONAS,CHACHAPOYAS,17.200,43.000,8.244186,0
2023,10,AMAZONAS,LUYA,20.710,30.000,6.787446,0
2023,10,AMAZONAS,UTCUBAMBA,243.000,578.000,4.000000,0
2023,10,ANCASH,CASMA,19.000,64.000,4.084211,0
2023,10,ANCASH,HUARMEY,3.000,4.000,4.000000,0
2023,10,ANCASH,HUAYLAS,11.000,12.000,4.000000,0
2023,10,ANCASH,SANTA,2.000,5.000,4.000000,0
2023,10,APURIMAC,ABANCAY,5.000,33.500,1.000000,0
2023,10,APURIMAC,ANDAHUAYLAS,0.000,28.000,0.000000,1
2023,10,APURIMAC,AYMARAES,0.900,5.000,3.722222,0
2023,10,APURIMAC,CHINCHEROS,0.000,56.500,0.000000,1
2023,10,APURIMAC,GRAU,0.000,2.000,0.000000,1
2023,10,AREQUIPA,CARAVELI,0.000,3.000,0.000000,1
2023,10,AREQUIPA,LA UNION,0.000,10.000,0.000000,1
2023,10,AYACUCHO,HUAMANGA,0.000,2.000,0.000000,1
2023,10,AYACUCHO,HUANTA,0.000,13.000,0.000000,1
2023,10,AYACUCHO,LA MAR,6.000,15.500,2.133333,0
2023,10,AYACUCHO,LUCANAS,0.000,4.000,0.000000,1
2023,10,AYACUCHO,PARINACOCHAS,0.000,3.500,0.000000,1
2023,10,AYACUCHO,PAUCAR DEL SARA SARA,0.000,9.000,0.000000,1
2023,10,AYACUCHO,VILCAS HUAMAN,0.000,8.670,0.000000,1
2023,10,CAJAMARCA,CAJABAMBA,4.160,15.900,1.656731,0
2023,10,CAJAMARCA,CHOTA,0.000,61.250,0.000000,1
2023,10,CAJAMARCA,JAEN,4.060,16.000,3.900000,0
2023,10,CAJAMARCA,SAN IGNACIO,0.000,28.000,0.000000,1
2023,10,CAJAMARCA,SAN MARCOS,3.060,9.000,6.000000,0
2023,10,CAJAMARCA,SAN MIGUEL,22.000,30.000,5.772727,0
2023,10,CAJAMARCA,SANTA CRUZ,0.000,4.500,0.000000,1
2023,10,CUSCO,LA CONVENCION,105.000,288.000,1.491429,0
2023,10,HUANCAVELICA,ACOBAMBA,0.000,4.000,0.000000,1
2023,10,HUANCAVELICA,ANGARAES,0.000,3.000,0.000000,1
2023,10,HUANCAVELICA,CASTROVIRREYNA,1.000,6.300,3.000000,0
2023,10,HUANCAVELICA,CHURCAMPA,0.000,6.000,0.000000,1
2023,10,HUANCAVELICA,HUAYTARA,0.000,3.000,0.000000,1
2023,10,HUANCAVELICA,TAYACAJA,0.000,26.000,0.000000,1
2023,10,HUANUCO,HUACAYBAMBA,0.000,9.000,0.000000,1
2023,10,HUANUCO,HUAMALIES,12.000,22.000,3.000000,0
2023,10,HUANUCO,HUANUCO,3.800,11.250,2.100000,0
2023,10,HUANUCO,LEONCIO PRADO,27.000,103.000,3.363704,0
2023,10,HUANUCO,MARAÑON,0.000,7.000,0.000000,1
2023,10,HUANUCO,PUERTO INCA,3.000,22.000,3.000000,0
2023,10,ICA,CHINCHA,7.500,7.000,1.200000,0
2023,10,ICA,ICA,0.000,27.720,0.000000,1
2023,10,ICA,NASCA,0.000,17.590,0.000000,1
2023,10,ICA,PALPA,0.000,6.110,0.000000,1
2023,10,ICA,PISCO,0.000,35.400,0.000000,1
2023,10,JUNIN,CHANCHAMAYO,29.300,65.000,2.022526,0
2023,10,JUNIN,HUANCAYO,8.500,25.000,2.000000,0
2023,10,JUNIN,SATIPO,144.600,241.000,1.959059,0
2023,10,LA LIBERTAD,ASCOPE,0.000,8.500,0.000000,1
2023,10,LA LIBERTAD,BOLIVAR,0.150,9.000,2.000000,0
2023,10,LA LIBERTAD,CHEPEN,4.100,37.000,1.707317,0
2023,10,LA LIBERTAD,GRAN CHIMU,0.150,1.500,2.000000,0
2023,10,LA LIBERTAD,OTUZCO,0.000,2.000,0.000000,1
2023,10,LA LIBERTAD,PATAZ,0.600,11.000,1.000000,0
2023,10,LA LIBERTAD,SANCHEZ CARRION,0.720,37.000,2.500000,0
2023,10,LA LIBERTAD,VIRU,0.440,120.500,2.000000,0
2023,10,LAMBAYEQUE,CHICLAYO,0.000,8.000,0.000000,1
2023,10,LAMBAYEQUE,FERREÑAFE,0.000,19.000,0.000000,1
2023,10,LAMBAYEQUE,LAMBAYEQUE,1906.000,3107.000,2.000000,0
2023,10,LIMA,HUAURA,0.000,19.000,0.000000,1
2023,10,LORETO,ALTO AMAZONAS,1.000,481.000,0.980000,0
2023,10,LORETO,DATEM DEL MARAÑON,0.000,50.000,0.000000,1
2023,10,LORETO,LORETO,39.000,92.000,0.965641,0
2023,10,LORETO,MARISCAL RAMON CASTILLA,0.000,69.000,0.000000,1
2023,10,LORETO,MAYNAS,382.000,932.000,0.968665,0
2023,10,LORETO,PUTUMAYO,5.000,26.000,0.980000,0
2023,10,LORETO,REQUENA,17.000,67.000,0.954706,0
2023,10,LORETO,UCAYALI,71.000,183.000,0.979859,0
2023,10,MADRE DE DIOS,MANU,10.000,33.000,4.970000,0
2023,10,MADRE DE DIOS,TAHUAMANU,6.300,38.500,5.492063,0
2023,10,MADRE DE DIOS,TAMBOPATA,38.700,114.500,5.408269,0
2023,10,MOQUEGUA,GENERAL SANCHEZ CERRO,0.000,13.000,0.000000,1
2023,10,MOQUEGUA,MARISCAL NIETO,0.000,3.500,0.000000,1
2023,10,PASCO,OXAPAMPA,0.000,10.000,0.000000,1
2023,10,PIURA,AYABACA,6.000,87.000,0.833333,0
2023,10,PIURA,HUANCABAMBA,10.000,61.000,0.809000,0
2023,10,PIURA,MORROPON,832.000,1347.000,1.501575,0
2023,10,PIURA,PAITA,11.000,18.000,5.818182,0
2023,10,PIURA,PIURA,4088.000,12007.000,1.477554,0
2023,10,PIURA,SECHURA,4.000,5.000,1.322500,0
2023,10,PIURA,SULLANA,5638.000,3759.000,3.000000,0
2023,10,PUNO,CARABAYA,0.000,1.000,0.000000,1
2023,10,PUNO,SANDIA,0.000,5.000,0.000000,1
2023,10,SAN MARTIN,BELLAVISTA,5.000,70.900,6.900000,0
2023,10,SAN MARTIN,EL DORADO,0.000,14.000,0.000000,1
2023,10,SAN MARTIN,HUALLAGA,30.000,50.500,4.306667,0
2023,10,SAN MARTIN,LAMAS,41.000,97.500,2.146341,0
2023,10,SAN MARTIN,MARISCAL CACERES,0.000,34.000,0.000000,1
2023,10,SAN MARTIN,MOYOBAMBA,0.000,78.000,0.000000,1
2023,10,SAN MARTIN,PICOTA,48.000,82.500,6.760417,0
2023,10,SAN MARTIN,RIOJA,0.000,25.000,0.000000,1
2023,10,SAN MARTIN,SAN MARTIN,37.000,219.000,8.000000,0
2023,10,SAN MARTIN,TOCACHE,0.000,13.000,0.000000,1
2023,10,TUMBES,CONTRALMIRANTE VILLAR,85.634,111.000,2.000000,0
2023,10,TUMBES,TUMBES,676.644,736.200,1.460603,0
2023,10,TUMBES,ZARUMILLA,1537.500,2469.070,4.910000,0
2023,10,UCAYALI,ATALAYA,105.659,240.000,4.363329,0
2023,10,UCAYALI,CORONEL PORTILLO,379.940,1592.610,4.523392,0
2023,10,UCAYALI,PADRE ABAD,249.530,621.000,5.132116,0
2023,10,UCAYALI,PURUS,6.580,42.500,6.000000,0
2023,11,AMAZONAS,BAGUA,27.250,76.500,1.992661,0
2023,11,AMAZONAS,CHACHAPOYAS,16.100,43.000,4.372671,0
2023,11,AMAZONAS,LUYA,20.130,30.000,2.954943,0
2023,11,AMAZONAS,UTCUBAMBA,295.000,578.000,1.800000,0
2023,11,ANCASH,CASMA,19.000,64.000,2.894737,0
2023,11,ANCASH,HUARMEY,4.000,4.000,2.500000,0
2023,11,ANCASH,HUAYLAS,14.000,12.000,2.500000,0
2023,11,ANCASH,SANTA,5.000,5.000,2.300000,0
2023,11,APURIMAC,ABANCAY,17.000,33.500,2.611765,0
2023,11,APURIMAC,ANDAHUAYLAS,0.000,33.000,0.000000,1
2023,11,APURIMAC,AYMARAES,0.700,5.000,1.442857,0
2023,11,APURIMAC,CHINCHEROS,0.000,56.500,0.000000,1
2023,11,APURIMAC,GRAU,0.000,2.000,0.000000,1
2023,11,AREQUIPA,CARAVELI,0.000,3.000,0.000000,1
2023,11,AREQUIPA,LA UNION,0.000,10.000,0.000000,1
2023,11,AYACUCHO,HUAMANGA,1.250,2.000,2.620000,0
2023,11,AYACUCHO,HUANTA,0.000,13.000,0.000000,1
2023,11,AYACUCHO,LA MAR,5.500,15.500,1.612727,0
2023,11,AYACUCHO,LUCANAS,0.000,4.000,0.000000,1
2023,11,AYACUCHO,PARINACOCHAS,0.000,3.500,0.000000,1
2023,11,AYACUCHO,PAUCAR DEL SARA SARA,0.000,9.000,0.000000,1
2023,11,AYACUCHO,VILCAS HUAMAN,0.000,8.670,0.000000,1
2023,11,CAJAMARCA,CAJABAMBA,4.280,15.900,1.656542,0
2023,11,CAJAMARCA,CHOTA,0.000,61.250,0.000000,1
2023,11,CAJAMARCA,JAEN,4.840,16.000,2.700000,0
2023,11,CAJAMARCA,SAN IGNACIO,0.000,28.000,0.000000,1
2023,11,CAJAMARCA,SAN MARCOS,3.030,9.000,5.000000,0
2023,11,CAJAMARCA,SAN MIGUEL,0.000,30.000,0.000000,1
2023,11,CAJAMARCA,SANTA CRUZ,0.000,4.500,0.000000,1
2023,11,CUSCO,LA CONVENCION,121.000,288.000,1.568595,0
2023,11,HUANCAVELICA,ACOBAMBA,0.000,4.000,0.000000,1
2023,11,HUANCAVELICA,ANGARAES,0.000,4.000,0.000000,1
2023,11,HUANCAVELICA,CASTROVIRREYNA,0.800,6.300,2.000000,0
2023,11,HUANCAVELICA,CHURCAMPA,0.000,6.000,0.000000,1
2023,11,HUANCAVELICA,HUAYTARA,0.000,3.000,0.000000,1
2023,11,HUANCAVELICA,TAYACAJA,0.000,26.000,0.000000,1
2023,11,HUANUCO,HUACAYBAMBA,0.000,9.000,0.000000,1
2023,11,HUANUCO,HUAMALIES,11.500,22.000,2.000000,0
2023,11,HUANUCO,HUANUCO,2.000,11.250,1.000000,0
2023,11,HUANUCO,LEONCIO PRADO,15.500,103.000,2.000000,0
2023,11,HUANUCO,MARAÑON,0.000,7.000,0.000000,1
2023,11,HUANUCO,PUERTO INCA,3.000,23.000,2.233333,0
2023,11,ICA,CHINCHA,2.300,7.000,1.300000,0
2023,11,ICA,ICA,0.000,27.720,0.000000,1
2023,11,ICA,NASCA,0.000,17.590,0.000000,1
2023,11,ICA,PALPA,0.000,6.110,0.000000,1
2023,11,ICA,PISCO,0.000,35.400,0.000000,1
2023,11,JUNIN,CHANCHAMAYO,32.900,65.000,1.000000,0
2023,11,JUNIN,HUANCAYO,10.200,25.000,1.000000,0
2023,11,JUNIN,SATIPO,152.750,241.000,1.316530,0
2023,11,LA LIBERTAD,ASCOPE,2.170,8.500,1.000000,0
2023,11,LA LIBERTAD,BOLIVAR,0.000,9.000,0.000000,1
2023,11,LA LIBERTAD,CHEPEN,4.120,37.000,1.000000,0
2023,11,LA LIBERTAD,GRAN CHIMU,0.000,1.500,0.000000,1
2023,11,LA LIBERTAD,OTUZCO,0.000,2.000,0.000000,1
2023,11,LA LIBERTAD,PATAZ,0.000,11.000,0.000000,1
2023,11,LA LIBERTAD,SANCHEZ CARRION,0.720,37.000,1.000000,0
2023,11,LA LIBERTAD,VIRU,0.460,120.500,1.000000,0
2023,11,LAMBAYEQUE,CHICLAYO,0.000,8.000,0.000000,1
2023,11,LAMBAYEQUE,FERREÑAFE,0.000,19.000,0.000000,1
2023,11,LAMBAYEQUE,LAMBAYEQUE,1801.000,3107.000,0.832038,0
2023,11,LIMA,HUAURA,0.000,11.000,0.000000,1
2023,11,LORETO,ALTO AMAZONAS,67.000,481.000,0.961642,0
2023,11,LORETO,DATEM DEL MARAÑON,13.000,50.000,0.946154,0
2023,11,LORETO,LORETO,28.000,92.000,0.979286,0
2023,11,LORETO,MARISCAL RAMON CASTILLA,13.000,69.000,0.960769,0
2023,11,LORETO,MAYNAS,399.000,932.000,0.967794,0
2023,11,LORETO,PUTUMAYO,4.000,26.000,0.940000,0
2023,11,LORETO,REQUENA,18.000,67.000,0.953889,0
2023,11,LORETO,UCAYALI,46.000,183.000,0.982174,0
2023,11,MADRE DE DIOS,MANU,18.200,37.000,3.060440,0
2023,11,MADRE DE DIOS,TAHUAMANU,8.800,38.500,2.214773,0
2023,11,MADRE DE DIOS,TAMBOPATA,33.500,126.500,4.046567,0
2023,11,MOQUEGUA,GENERAL SANCHEZ CERRO,0.000,13.000,0.000000,1
2023,11,MOQUEGUA,MARISCAL NIETO,0.000,3.500,0.000000,1
2023,11,PASCO,OXAPAMPA,0.000,10.000,0.000000,1
2023,11,PIURA,AYABACA,19.000,87.000,6.868421,0
2023,11,PIURA,HUANCABAMBA,10.000,61.000,0.800000,0
2023,11,PIURA,MORROPON,1574.000,1347.000,1.223634,0
2023,11,PIURA,PAITA,16.000,18.000,1.000000,0
2023,11,PIURA,PIURA,7983.000,12007.000,0.798113,0
2023,11,PIURA,SECHURA,4.000,5.000,0.795000,0
2023,11,PIURA,SULLANA,6056.000,3759.000,1.000000,0
2023,11,PUNO,CARABAYA,0.000,1.000,0.000000,1
2023,11,PUNO,SANDIA,0.000,5.000,0.000000,1
2023,11,SAN MARTIN,BELLAVISTA,15.000,70.900,1.000000,0
2023,11,SAN MARTIN,EL DORADO,5.000,14.000,2.000000,0
2023,11,SAN MARTIN,HUALLAGA,59.000,50.500,4.138983,0
2023,11,SAN MARTIN,LAMAS,30.000,97.500,2.233333,0
2023,11,SAN MARTIN,MARISCAL CACERES,13.000,34.000,2.230769,0
2023,11,SAN MARTIN,MOYOBAMBA,0.000,78.000,0.000000,1
2023,11,SAN MARTIN,PICOTA,83.000,82.500,2.957831,0
2023,11,SAN MARTIN,RIOJA,7.000,25.000,2.714286,0
2023,11,SAN MARTIN,SAN MARTIN,49.500,219.000,1.300000,0
2023,11,SAN MARTIN,TOCACHE,6.000,13.000,0.650000,0
2023,11,TUMBES,CONTRALMIRANTE VILLAR,156.400,111.000,1.000000,0
2023,11,TUMBES,TUMBES,962.725,749.200,1.055330,0
2023,11,TUMBES,ZARUMILLA,3233.450,2481.070,1.250000,0
2023,11,UCAYALI,ATALAYA,92.010,240.000,4.725698,0
2023,11,UCAYALI,CORONEL PORTILLO,316.760,1625.610,4.587050,0
2023,11,UCAYALI,PADRE ABAD,215.855,621.000,5.107881,0
2023,11,UCAYALI,PURUS,5.360,42.500,6.000000,0
2023,12,AMAZONAS,BAGUA,26.350,76.500,1.720304,0
2023,12,AMAZONAS,CHACHAPOYAS,18.200,43.000,3.384615,0
2023,12,AMAZONAS,LUYA,21.310,30.000,2.323463,0
2023,12,AMAZONAS,UTCUBAMBA,327.000,578.000,1.416820,0
2023,12,ANCASH,CASMA,32.000,64.000,2.137500,0
2023,12,ANCASH,HUARMEY,5.000,4.000,2.200000,0
2023,12,ANCASH,HUAYLAS,17.000,12.000,2.000000,0
2023,12,ANCASH,SANTA,5.000,5.000,2.000000,0
2023,12,APURIMAC,ABANCAY,8.000,33.500,1.000000,0
2023,12,APURIMAC,ANDAHUAYLAS,0.000,33.000,0.000000,1
2023,12,APURIMAC,AYMARAES,0.800,5.000,0.937500,0
2023,12,APURIMAC,CHINCHEROS,0.000,56.500,0.000000,1
2023,12,APURIMAC,GRAU,0.000,2.000,0.000000,1
2023,12,AREQUIPA,CARAVELI,0.000,3.000,0.000000,1
2023,12,AREQUIPA,LA UNION,0.000,10.000,0.000000,1
2023,12,AYACUCHO,HUAMANGA,1.000,2.000,2.800000,0
2023,12,AYACUCHO,HUANTA,0.000,13.000,0.000000,1
2023,12,AYACUCHO,LA MAR,8.500,15.500,1.572941,0
2023,12,AYACUCHO,LUCANAS,0.000,4.000,0.000000,1
2023,12,AYACUCHO,PARINACOCHAS,0.000,3.500,0.000000,1
2023,12,AYACUCHO,PAUCAR DEL SARA SARA,0.000,9.000,0.000000,1
2023,12,AYACUCHO,VILCAS HUAMAN,0.000,8.670,0.000000,1
2023,12,CAJAMARCA,CAJABAMBA,4.379,15.900,1.656771,0
2023,12,CAJAMARCA,CHOTA,0.000,61.250,0.000000,1
2023,12,CAJAMARCA,JAEN,5.670,16.000,2.700000,0
2023,12,CAJAMARCA,SAN IGNACIO,0.000,28.000,0.000000,1
2023,12,CAJAMARCA,SAN MARCOS,3.030,9.000,4.000000,0
2023,12,CAJAMARCA,SAN MIGUEL,0.000,30.000,0.000000,1
2023,12,CAJAMARCA,SANTA CRUZ,0.000,4.500,0.000000,1
2023,12,CUSCO,LA CONVENCION,117.000,288.000,1.636752,0
2023,12,HUANCAVELICA,ACOBAMBA,0.000,4.000,0.000000,1
2023,12,HUANCAVELICA,ANGARAES,0.000,5.000,0.000000,1
2023,12,HUANCAVELICA,CASTROVIRREYNA,0.700,6.300,2.000000,0
2023,12,HUANCAVELICA,CHURCAMPA,0.000,6.000,0.000000,1
2023,12,HUANCAVELICA,HUAYTARA,0.000,3.000,0.000000,1
2023,12,HUANCAVELICA,TAYACAJA,0.000,26.000,0.000000,1
2023,12,HUANUCO,HUACAYBAMBA,4.500,9.000,1.902222,0
2023,12,HUANUCO,HUAMALIES,11.200,22.000,1.500000,0
2023,12,HUANUCO,HUANUCO,0.000,11.250,0.000000,1
2023,12,HUANUCO,LEONCIO PRADO,9.900,103.000,1.372727,0
2023,12,HUANUCO,MARAÑON,0.000,7.000,0.000000,1
2023,12,HUANUCO,PUERTO INCA,4.000,23.000,1.000000,0
2023,12,ICA,CHINCHA,0.000,7.000,0.000000,1
2023,12,ICA,ICA,0.000,27.720,0.000000,1
2023,12,ICA,NASCA,0.000,17.590,0.000000,1
2023,12,ICA,PALPA,0.000,6.110,0.000000,1
2023,12,ICA,PISCO,0.000,35.400,0.000000,1
2023,12,JUNIN,CHANCHAMAYO,33.000,66.000,0.970303,0
2023,12,JUNIN,HUANCAYO,15.300,25.000,0.900000,0
2023,12,JUNIN,SATIPO,149.100,241.000,1.236754,0
2023,12,LA LIBERTAD,ASCOPE,1.670,8.500,0.900000,0
2023,12,LA LIBERTAD,BOLIVAR,0.000,9.000,0.000000,1
2023,12,LA LIBERTAD,CHEPEN,4.100,37.000,0.985854,0
2023,12,LA LIBERTAD,GRAN CHIMU,0.000,1.500,0.000000,1
2023,12,LA LIBERTAD,OTUZCO,0.000,2.000,0.000000,1
2023,12,LA LIBERTAD,PATAZ,0.000,11.000,0.000000,1
2023,12,LA LIBERTAD,SANCHEZ CARRION,0.000,37.000,0.000000,1
2023,12,LA LIBERTAD,VIRU,0.520,120.500,0.900000,0
2023,12,LAMBAYEQUE,CHICLAYO,0.000,8.000,0.000000,1
2023,12,LAMBAYEQUE,FERREÑAFE,48.000,19.000,2.500000,0
2023,12,LAMBAYEQUE,LAMBAYEQUE,2560.000,3107.000,0.582031,0
2023,12,LIMA,HUAURA,0.000,11.000,0.000000,1
2023,12,LORETO,ALTO AMAZONAS,115.000,481.000,0.970522,0
2023,12,LORETO,DATEM DEL MARAÑON,22.000,50.000,0.962727,0
2023,12,LORETO,LORETO,34.000,92.000,0.975588,0
2023,12,LORETO,MARISCAL RAMON CASTILLA,89.000,69.000,0.971910,0
2023,12,LORETO,MAYNAS,379.000,932.000,0.994354,0
2023,12,LORETO,PUTUMAYO,19.000,26.000,0.947368,0
2023,12,LORETO,REQUENA,24.000,67.000,0.958333,0
2023,12,LORETO,UCAYALI,94.000,183.000,0.974149,0
2023,12,MADRE DE DIOS,MANU,11.400,37.000,3.021053,0
2023,12,MADRE DE DIOS,TAHUAMANU,10.920,38.500,3.146520,0
2023,12,MADRE DE DIOS,TAMBOPATA,26.400,128.500,3.178030,0
2023,12,MOQUEGUA,GENERAL SANCHEZ CERRO,16.200,13.000,3.000000,0
2023,12,MOQUEGUA,MARISCAL NIETO,0.000,3.500,0.000000,1
2023,12,PASCO,OXAPAMPA,0.000,10.000,0.000000,1
2023,12,PIURA,AYABACA,207.000,87.000,3.422222,0
2023,12,PIURA,HUANCABAMBA,20.000,61.000,0.802000,0
2023,12,PIURA,MORROPON,1421.000,1347.000,1.241802,0
2023,12,PIURA,PAITA,27.000,18.000,1.000000,0
2023,12,PIURA,PIURA,13436.000,12125.000,0.836209,0
2023,12,PIURA,SECHURA,4.000,5.000,1.200000,0
2023,12,PIURA,SULLANA,5637.000,3759.000,1.000000,0
2023,12,PUNO,CARABAYA,0.000,1.000,0.000000,1
2023,12,PUNO,SANDIA,0.000,5.000,0.000000,1
2023,12,SAN MARTIN,BELLAVISTA,15.000,70.900,1.000000,0
2023,12,SAN MARTIN,EL DORADO,10.000,14.000,2.000000,0
2023,12,SAN MARTIN,HUALLAGA,72.000,50.500,2.190972,0
2023,12,SAN MARTIN,LAMAS,34.000,100.500,2.029412,0
2023,12,SAN MARTIN,MARISCAL CACERES,13.000,34.000,2.230769,0
2023,12,SAN MARTIN,MOYOBAMBA,0.000,78.000,0.000000,1
2023,12,SAN MARTIN,PICOTA,67.000,82.500,1.101493,0
2023,12,SAN MARTIN,RIOJA,8.000,25.000,2.750000,0
2023,12,SAN MARTIN,SAN MARTIN,61.500,219.000,1.271545,0
2023,12,SAN MARTIN,TOCACHE,14.000,13.000,0.778571,0
2023,12,TUMBES,CONTRALMIRANTE VILLAR,170.089,111.000,0.750000,0
2023,12,TUMBES,TUMBES,1167.320,767.200,1.248147,0
2023,12,TUMBES,ZARUMILLA,3446.230,2495.070,0.850000,0
2023,12,UCAYALI,ATALAYA,88.459,240.000,3.183852,0
2023,12,UCAYALI,CORONEL PORTILLO,361.800,1626.000,3.040519,0
2023,12,UCAYALI,PADRE ABAD,230.700,621.000,3.130462,0
2023,12,UCAYALI,PURUS,4.780,43.000,6.000000,0
2024,01,AMAZONAS,BAGUA,34.700,76.500,1.465418,0
2024,01,AMAZONAS,CHACHAPOYAS,17.100,43.000,2.119883,0
2024,01,AMAZONAS,LUYA,15.200,30.000,2.371053,0
2024,01,AMAZONAS,UTCUBAMBA,440.500,578.000,1.304086,0
2024,01,ANCASH,CASMA,37.000,64.000,2.000000,0
2024,01,ANCASH,HUARMEY,5.000,4.000,2.000000,0
2024,01,ANCASH,HUAYLAS,17.000,12.000,2.000000,0
2024,01,ANCASH,SANTA,5.000,5.000,2.000000,0
2024,01,APURIMAC,ABANCAY,23.000,33.500,1.086957,0
2024,01,APURIMAC,ANDAHUAYLAS,12.220,33.000,2.000000,0
2024,01,APURIMAC,AYMARAES,1.400,5.000,1.214286,0
2024,01,APURIMAC,CHINCHEROS,3.500,56.500,2.500000,0
2024,01,APURIMAC,GRAU,2.000,2.000,1.800000,0
2024,01,AREQUIPA,CARAVELI,0.000,3.000,0.000000,1
2024,01,AREQUIPA,LA UNION,0.000,10.000,0.000000,1
2024,01,AYACUCHO,HUAMANGA,1.000,2.000,1.800000,0
2024,01,AYACUCHO,HUANTA,1.000,13.000,3.000000,0
2024,01,AYACUCHO,LA MAR,5.000,15.500,1.720000,0
2024,01,AYACUCHO,LUCANAS,0.000,4.000,0.000000,1
2024,01,AYACUCHO,PARINACOCHAS,0.000,3.500,0.000000,1
2024,01,AYACUCHO,PAUCAR DEL SARA SARA,0.000,9.000,0.000000,1
2024,01,AYACUCHO,VILCAS HUAMAN,0.000,8.670,0.000000,1
2024,01,CAJAMARCA,CAJABAMBA,4.459,15.900,1.671765,0
2024,01,CAJAMARCA,CHOTA,2.000,61.250,1.000000,0
2024,01,CAJAMARCA,JAEN,18.640,16.000,2.700000,0
2024,01,CAJAMARCA,SAN IGNACIO,0.000,28.000,0.000000,1
2024,01,CAJAMARCA,SAN MARCOS,1.500,9.000,3.000000,0
2024,01,CAJAMARCA,SAN MIGUEL,0.000,30.000,0.000000,1
2024,01,CAJAMARCA,SANTA CRUZ,0.000,4.500,0.000000,1
2024,01,CUSCO,LA CONVENCION,487.000,288.000,1.157906,0
2024,01,HUANCAVELICA,ACOBAMBA,0.000,4.000,0.000000,1
2024,01,HUANCAVELICA,ANGARAES,0.000,5.000,0.000000,1
2024,01,HUANCAVELICA,CASTROVIRREYNA,0.800,6.300,1.350000,0
2024,01,HUANCAVELICA,CHURCAMPA,0.000,6.000,0.000000,1
2024,01,HUANCAVELICA,HUAYTARA,1.100,3.000,1.954545,0
2024,01,HUANCAVELICA,TAYACAJA,0.000,26.000,0.000000,1
2024,01,HUANUCO,HUACAYBAMBA,0.000,9.000,0.000000,1
2024,01,HUANUCO,HUAMALIES,7.000,22.000,2.000000,0
2024,01,HUANUCO,HUANUCO,1.000,11.250,1.900000,0
2024,01,HUANUCO,LEONCIO PRADO,33.900,103.000,1.988201,0
2024,01,HUANUCO,MARAÑON,5.100,7.000,1.970588,0
2024,01,HUANUCO,PUERTO INCA,5.000,23.000,2.000000,0
2024,01,ICA,CHINCHA,0.000,7.000,0.000000,1
2024,01,ICA,ICA,0.000,27.720,0.000000,1
2024,01,ICA,NASCA,0.000,17.590,0.000000,1
2024,01,ICA,PALPA,0.000,6.110,0.000000,1
2024,01,ICA,PISCO,20.000,23.400,2.000000,0
2024,01,JUNIN,CHANCHAMAYO,35.250,65.000,1.000000,0
2024,01,JUNIN,HUANCAYO,16.800,25.000,1.000000,0
2024,01,JUNIN,SATIPO,203.500,241.000,1.083784,0
2024,01,LA LIBERTAD,ASCOPE,2.359,8.500,0.900000,0
2024,01,LA LIBERTAD,BOLIVAR,6.510,9.000,0.800000,0
2024,01,LA LIBERTAD,CHEPEN,6.280,37.000,0.957325,0
2024,01,LA LIBERTAD,GRAN CHIMU,0.000,1.500,0.000000,1
2024,01,LA LIBERTAD,OTUZCO,0.000,2.000,0.000000,1
2024,01,LA LIBERTAD,PATAZ,0.000,11.000,0.000000,1
2024,01,LA LIBERTAD,SANCHEZ CARRION,0.000,37.000,0.000000,1
2024,01,LA LIBERTAD,VIRU,14.700,120.500,0.900000,0
2024,01,LAMBAYEQUE,CHICLAYO,0.000,8.000,0.000000,1
2024,01,LAMBAYEQUE,FERREÑAFE,44.000,19.000,2.300000,0
2024,01,LAMBAYEQUE,LAMBAYEQUE,5749.000,3137.000,1.251244,0
2024,01,LIMA,HUAURA,8.400,11.000,1.350000,0
2024,01,LORETO,ALTO AMAZONAS,337.000,481.000,0.948368,0
2024,01,LORETO,DATEM DEL MARAÑON,26.000,50.000,0.958077,0
2024,01,LORETO,LORETO,68.000,92.000,0.987647,0
2024,01,LORETO,MARISCAL RAMON CASTILLA,34.000,69.000,0.953824,0
2024,01,LORETO,MAYNAS,531.000,932.000,0.971733,0
2024,01,LORETO,PUTUMAYO,8.000,26.000,0.977500,0
2024,01,LORETO,REQUENA,35.000,67.000,0.942286,0
2024,01,LORETO,UCAYALI,111.000,183.000,0.991892,0
2024,01,MADRE DE DIOS,MANU,15.000,40.000,2.560000,0
2024,01,MADRE DE DIOS,TAHUAMANU,11.700,38.500,2.184615,0
2024,01,MADRE DE DIOS,TAMBOPATA,50.400,130.500,2.603175,0
2024,01,MOQUEGUA,GENERAL SANCHEZ CERRO,0.000,13.000,0.000000,1
2024,01,MOQUEGUA,MARISCAL NIETO,0.000,3.500,0.000000,1
2024,01,PASCO,OXAPAMPA,0.000,10.000,0.000000,1
2024,01,PIURA,AYABACA,130.000,87.000,1.460692,0
2024,01,PIURA,HUANCABAMBA,60.000,61.000,0.800000,0
2024,01,PIURA,MORROPON,1558.000,1347.000,0.965982,0
2024,01,PIURA,PAITA,27.000,18.000,0.900000,0
2024,01,PIURA,PIURA,13869.000,12125.000,0.704661,0
2024,01,PIURA,SECHURA,4.000,5.000,0.852500,0
2024,01,PIURA,SULLANA,5451.000,3759.000,0.900128,0
2024,01,PUNO,CARABAYA,0.000,1.000,0.000000,1
2024,01,PUNO,SANDIA,0.000,5.000,0.000000,1
2024,01,SAN MARTIN,BELLAVISTA,14.000,62.500,1.357143,0
2024,01,SAN MARTIN,EL DORADO,11.000,14.000,2.000000,0
2024,01,SAN MARTIN,HUALLAGA,45.000,50.500,0.974444,0
2024,01,SAN MARTIN,LAMAS,55.000,95.500,2.072727,0
2024,01,SAN MARTIN,MARISCAL CACERES,13.000,34.000,1.000000,0
2024,01,SAN MARTIN,MOYOBAMBA,0.000,78.000,0.000000,1
2024,01,SAN MARTIN,PICOTA,93.000,82.500,0.892473,0
2024,01,SAN MARTIN,RIOJA,20.000,25.000,0.910000,0
2024,01,SAN MARTIN,SAN MARTIN,37.000,219.000,1.305405,0
2024,01,SAN MARTIN,TOCACHE,14.000,13.000,0.735714,0
2024,01,TUMBES,CONTRALMIRANTE VILLAR,181.839,111.000,1.000000,0
2024,01,TUMBES,TUMBES,1301.358,767.400,1.249975,0
2024,01,TUMBES,ZARUMILLA,4296.280,2503.070,1.400000,0
2024,01,UCAYALI,ATALAYA,128.279,240.000,3.065287,0
2024,01,UCAYALI,CORONEL PORTILLO,422.270,1626.000,2.960727,0
2024,01,UCAYALI,PADRE ABAD,271.989,621.000,3.000000,0
2024,01,UCAYALI,PURUS,6.850,43.500,5.000000,0
2024,02,AMAZONAS,BAGUA,32.150,76.500,1.200000,0
2024,02,AMAZONAS,CHACHAPOYAS,18.200,43.000,2.046154,0
2024,02,AMAZONAS,LUYA,23.600,30.000,2.585593,0
2024,02,AMAZONAS,UTCUBAMBA,481.000,578.000,1.300000,0
2024,02,ANCASH,CASMA,40.000,64.000,2.000000,0
2024,02,ANCASH,HUARMEY,6.000,4.000,2.000000,0
2024,02,ANCASH,HUAYLAS,20.000,12.000,2.080000,0
2024,02,ANCASH,SANTA,6.000,5.000,2.000000,0
2024,02,APURIMAC,ABANCAY,4.000,33.500,1.050000,0
2024,02,APURIMAC,ANDAHUAYLAS,35.080,33.000,1.703107,0
2024,02,APURIMAC,AYMARAES,1.600,5.000,1.125000,0
2024,02,APURIMAC,CHINCHEROS,31.700,56.500,2.283912,0
2024,02,APURIMAC,GRAU,0.000,2.000,0.000000,1
2024,02,AREQUIPA,CARAVELI,0.000,3.000,0.000000,1
2024,02,AREQUIPA,LA UNION,0.000,10.000,0.000000,1
2024,02,AYACUCHO,HUAMANGA,1.500,2.000,2.700000,0
2024,02,AYACUCHO,HUANTA,11.000,13.000,2.909091,0
2024,02,AYACUCHO,LA MAR,8.500,15.500,1.658824,0
2024,02,AYACUCHO,LUCANAS,0.000,4.000,0.000000,1
2024,02,AYACUCHO,PARINACOCHAS,0.000,3.500,0.000000,1
2024,02,AYACUCHO,PAUCAR DEL SARA SARA,0.000,9.000,0.000000,1
2024,02,AYACUCHO,VILCAS HUAMAN,2.000,8.670,2.500000,0
2024,02,CAJAMARCA,CAJABAMBA,4.520,15.900,1.669978,0
2024,02,CAJAMARCA,CHOTA,6.000,61.250,1.250000,0
2024,02,CAJAMARCA,JAEN,19.310,16.000,2.000000,0
2024,02,CAJAMARCA,SAN IGNACIO,0.000,28.000,0.000000,1
2024,02,CAJAMARCA,SAN MARCOS,3.000,9.000,2.000000,0
2024,02,CAJAMARCA,SAN MIGUEL,0.000,30.000,0.000000,1
2024,02,CAJAMARCA,SANTA CRUZ,0.000,4.500,0.000000,1
2024,02,CUSCO,LA CONVENCION,418.000,288.000,1.137799,0
2024,02,HUANCAVELICA,ACOBAMBA,0.000,4.000,0.000000,1
2024,02,HUANCAVELICA,ANGARAES,0.000,5.000,0.000000,1
2024,02,HUANCAVELICA,CASTROVIRREYNA,1.000,6.300,1.000000,0
2024,02,HUANCAVELICA,CHURCAMPA,0.000,6.000,0.000000,1
2024,02,HUANCAVELICA,HUAYTARA,3.300,3.000,2.000000,0
2024,02,HUANCAVELICA,TAYACAJA,0.000,26.000,0.000000,1
2024,02,HUANUCO,HUACAYBAMBA,8.000,9.000,2.513750,0
2024,02,HUANUCO,HUAMALIES,10.000,22.000,2.000000,0
2024,02,HUANUCO,HUANUCO,3.000,11.250,1.900000,0
2024,02,HUANUCO,LEONCIO PRADO,60.500,103.000,1.981157,0
2024,02,HUANUCO,MARAÑON,5.500,7.000,2.149091,0
2024,02,HUANUCO,PUERTO INCA,5.000,23.000,2.000000,0
2024,02,ICA,CHINCHA,0.000,7.000,0.000000,1
2024,02,ICA,ICA,100.200,25.720,2.000000,0
2024,02,ICA,NASCA,0.000,17.590,0.000000,1
2024,02,ICA,PALPA,0.000,6.110,0.000000,1
2024,02,ICA,PISCO,0.000,23.400,0.000000,1
2024,02,JUNIN,CHANCHAMAYO,38.450,65.000,1.000000,0
2024,02,JUNIN,HUANCAYO,19.200,25.000,1.200000,0
2024,02,JUNIN,SATIPO,261.800,241.000,1.034454,0
2024,02,LA LIBERTAD,ASCOPE,2.450,8.500,0.900000,0
2024,02,LA LIBERTAD,BOLIVAR,6.010,9.000,0.900000,0
2024,02,LA LIBERTAD,CHEPEN,4.340,37.000,0.900000,0
2024,02,LA LIBERTAD,GRAN CHIMU,0.000,1.500,0.000000,1
2024,02,LA LIBERTAD,OTUZCO,1.470,2.000,0.900000,0
2024,02,LA LIBERTAD,PATAZ,7.520,11.000,0.900000,0
2024,02,LA LIBERTAD,SANCHEZ CARRION,0.510,37.000,0.900000,0
2024,02,LA LIBERTAD,VIRU,125.800,120.500,0.900000,0
2024,02,LAMBAYEQUE,CHICLAYO,0.000,8.000,0.000000,1
2024,02,LAMBAYEQUE,FERREÑAFE,12.000,19.000,2.400000,0
2024,02,LAMBAYEQUE,LAMBAYEQUE,8182.000,3137.000,0.789704,0
2024,02,LIMA,HUAURA,0.000,11.000,0.000000,1
2024,02,LORETO,ALTO AMAZONAS,302.000,481.000,0.939669,0
2024,02,LORETO,DATEM DEL MARAÑON,41.000,50.000,0.950976,0
2024,02,LORETO,LORETO,63.000,92.000,0.976667,0
2024,02,LORETO,MARISCAL RAMON CASTILLA,42.000,69.000,0.944048,0
2024,02,LORETO,MAYNAS,512.000,932.000,0.982559,0
2024,02,LORETO,PUTUMAYO,11.000,26.000,0.953636,0
2024,02,LORETO,REQUENA,40.000,67.000,0.937250,0
2024,02,LORETO,UCAYALI,120.000,183.000,0.993333,0
2024,02,MADRE DE DIOS,MANU,12.600,41.000,2.500000,0
2024,02,MADRE DE DIOS,TAHUAMANU,14.900,39.500,2.718121,0
2024,02,MADRE DE DIOS,TAMBOPATA,39.700,132.500,2.701511,0
2024,02,MOQUEGUA,GENERAL SANCHEZ CERRO,0.000,13.000,0.000000,1
2024,02,MOQUEGUA,MARISCAL NIETO,0.000,3.500,0.000000,1
2024,02,PASCO,OXAPAMPA,0.000,10.000,0.000000,1
2024,02,PIURA,AYABACA,267.000,87.000,0.978652,0
2024,02,PIURA,HUANCABAMBA,58.000,61.000,0.800000,0
2024,02,PIURA,MORROPON,1627.000,1347.000,0.847449,0
2024,02,PIURA,PAITA,28.000,18.000,0.906429,0
2024,02,PIURA,PIURA,16375.000,12125.000,0.704724,0
2024,02,PIURA,SECHURA,6.000,5.000,0.713333,0
2024,02,PIURA,SULLANA,5638.000,3759.000,0.900000,0
2024,02,PUNO,CARABAYA,0.000,1.000,0.000000,1
2024,02,PUNO,SANDIA,0.000,5.000,0.000000,1
2024,02,SAN MARTIN,BELLAVISTA,75.000,62.500,1.000000,0
2024,02,SAN MARTIN,EL DORADO,25.000,14.000,1.000000,0
2024,02,SAN MARTIN,HUALLAGA,34.000,50.500,0.573529,0
2024,02,SAN MARTIN,LAMAS,66.000,95.500,1.589394,0
2024,02,SAN MARTIN,MARISCAL CACERES,62.000,34.000,0.500000,0
2024,02,SAN MARTIN,MOYOBAMBA,25.000,75.000,2.000000,0
2024,02,SAN MARTIN,PICOTA,105.000,82.500,0.890476,0
2024,02,SAN MARTIN,RIOJA,30.000,25.000,0.743333,0
2024,02,SAN MARTIN,SAN MARTIN,61.000,216.000,1.262295,0
2024,02,SAN MARTIN,TOCACHE,25.000,13.000,0.600000,0
2024,02,TUMBES,CONTRALMIRANTE VILLAR,170.304,111.000,1.000000,0
2024,02,TUMBES,TUMBES,1206.104,788.400,1.000106,0
2024,02,TUMBES,ZARUMILLA,6008.010,2514.069,0.870000,0
2024,02,UCAYALI,ATALAYA,142.210,240.000,3.068982,0
2024,02,UCAYALI,CORONEL PORTILLO,418.270,1626.000,2.923557,0
2024,02,UCAYALI,PADRE ABAD,303.889,621.000,3.000000,0
2024,02,UCAYALI,PURUS,7.250,44.500,5.000000,0
2024,03,AMAZONAS,BAGUA,33.900,76.500,1.012389,0
2024,03,AMAZONAS,CHACHAPOYAS,19.200,43.000,2.109375,0
2024,03,AMAZONAS,LUYA,19.400,30.000,2.390722,0
2024,03,AMAZONAS,UTCUBAMBA,587.000,549.000,1.240886,0
2024,03,ANCASH,CASMA,35.000,64.000,2.000000,0
2024,03,ANCASH,HUARMEY,6.000,4.000,2.000000,0
2024,03,ANCASH,HUAYLAS,20.000,12.000,2.080000,0
2024,03,ANCASH,SANTA,5.000,5.000,2.100000,0
2024,03,APURIMAC,ABANCAY,27.000,33.500,0.985185,0
2024,03,APURIMAC,ANDAHUAYLAS,34.290,33.000,2.050627,0
2024,03,APURIMAC,AYMARAES,2.600,7.000,1.057692,0
2024,03,APURIMAC,CHINCHEROS,54.300,56.500,1.911602,0
2024,03,APURIMAC,GRAU,2.000,2.000,1.800000,0
2024,03,AREQUIPA,CARAVELI,7.500,3.000,2.600000,0
2024,03,AREQUIPA,LA UNION,31.130,10.000,2.668969,0
2024,03,AYACUCHO,HUAMANGA,1.250,2.000,1.650000,0
2024,03,AYACUCHO,HUANTA,15.330,12.670,3.021853,0
2024,03,AYACUCHO,LA MAR,10.500,15.500,1.859048,0
2024,03,AYACUCHO,LUCANAS,2.000,4.000,1.500000,0
2024,03,AYACUCHO,PARINACOCHAS,0.000,3.500,0.000000,1
2024,03,AYACUCHO,PAUCAR DEL SARA SARA,0.000,9.000,0.000000,1
2024,03,AYACUCHO,VILCAS HUAMAN,6.330,8.670,1.789889,0
2024,03,CAJAMARCA,CAJABAMBA,4.620,15.900,1.670866,0
2024,03,CAJAMARCA,CHOTA,34.000,61.250,1.085294,0
2024,03,CAJAMARCA,JAEN,15.880,16.000,2.000000,0
2024,03,CAJAMARCA,SAN IGNACIO,7.710,28.000,2.000000,0
2024,03,CAJAMARCA,SAN MARCOS,0.000,9.000,0.000000,1
2024,03,CAJAMARCA,SAN MIGUEL,0.000,30.000,0.000000,1
2024,03,CAJAMARCA,SANTA CRUZ,4.000,4.500,1.000000,0
2024,03,CUSCO,LA CONVENCION,198.000,288.000,1.200000,0
2024,03,HUANCAVELICA,ACOBAMBA,0.000,4.000,0.000000,1
2024,03,HUANCAVELICA,ANGARAES,1.900,5.000,1.000000,0
2024,03,HUANCAVELICA,CASTROVIRREYNA,1.200,6.300,1.000000,0
2024,03,HUANCAVELICA,CHURCAMPA,2.800,6.000,1.250000,0
2024,03,HUANCAVELICA,HUAYTARA,4.900,3.000,2.500000,0
2024,03,HUANCAVELICA,TAYACAJA,1.200,26.000,1.150000,0
2024,03,HUANUCO,HUACAYBAMBA,13.000,9.000,2.574615,0
2024,03,HUANUCO,HUAMALIES,15.000,22.000,2.000000,0
2024,03,HUANUCO,HUANUCO,3.500,11.250,2.000000,0
2024,03,HUANUCO,LEONCIO PRADO,89.800,103.000,1.766147,0
2024,03,HUANUCO,MARAÑON,7.200,7.000,1.597222,0
2024,03,HUANUCO,PUERTO INCA,4.000,23.000,1.702500,0
2024,03,ICA,CHINCHA,0.000,7.000,0.000000,1
2024,03,ICA,ICA,50.800,25.720,2.500000,0
2024,03,ICA,NASCA,0.000,17.590,0.000000,1
2024,03,ICA,PALPA,0.000,6.110,0.000000,1
2024,03,ICA,PISCO,0.000,23.400,0.000000,1
2024,03,JUNIN,CHANCHAMAYO,43.200,65.000,1.000000,0
2024,03,JUNIN,HUANCAYO,21.600,24.000,1.000000,0
2024,03,JUNIN,SATIPO,402.100,241.000,0.998433,0
2024,03,LA LIBERTAD,ASCOPE,2.350,8.500,1.000000,0
2024,03,LA LIBERTAD,BOLIVAR,6.360,9.000,1.000000,0
2024,03,LA LIBERTAD,CHEPEN,4.150,37.000,1.000000,0
2024,03,LA LIBERTAD,GRAN CHIMU,0.000,1.500,0.000000,1
2024,03,LA LIBERTAD,OTUZCO,1.200,2.000,1.000000,0
2024,03,LA LIBERTAD,PATAZ,14.169,11.000,1.000000,0
2024,03,LA LIBERTAD,SANCHEZ CARRION,2.550,37.000,1.000000,0
2024,03,LA LIBERTAD,VIRU,119.200,120.500,1.000000,0
2024,03,LAMBAYEQUE,CHICLAYO,0.000,8.000,0.000000,1
2024,03,LAMBAYEQUE,FERREÑAFE,22.000,19.000,1.800000,0
2024,03,LAMBAYEQUE,LAMBAYEQUE,6143.000,3137.000,0.907358,0
2024,03,LIMA,HUAURA,0.000,11.000,0.000000,1
2024,03,LORETO,ALTO AMAZONAS,314.000,481.000,0.950064,0
2024,03,LORETO,DATEM DEL MARAÑON,43.000,50.000,0.971628,0
2024,03,LORETO,LORETO,77.000,92.000,1.011039,0
2024,03,LORETO,MARISCAL RAMON CASTILLA,41.000,69.000,0.947073,0
2024,03,LORETO,MAYNAS,515.000,932.000,0.987379,0
2024,03,LORETO,PUTUMAYO,9.000,26.000,0.950000,0
2024,03,LORETO,REQUENA,39.000,67.000,0.963590,0
2024,03,LORETO,UCAYALI,122.000,183.000,0.995738,0
2024,03,MADRE DE DIOS,MANU,13.300,42.000,2.563910,0
2024,03,MADRE DE DIOS,TAHUAMANU,14.980,39.500,2.556742,0
2024,03,MADRE DE DIOS,TAMBOPATA,33.000,132.500,2.696970,0
2024,03,MOQUEGUA,GENERAL SANCHEZ CERRO,5.000,13.000,2.000000,0
2024,03,MOQUEGUA,MARISCAL NIETO,0.000,3.500,0.000000,1
2024,03,PASCO,OXAPAMPA,22.000,10.000,2.000000,0
2024,03,PIURA,AYABACA,264.000,87.000,0.986364,0
2024,03,PIURA,HUANCABAMBA,70.000,61.000,0.811429,0
2024,03,PIURA,MORROPON,1656.000,1345.000,0.891244,0
2024,03,PIURA,PAITA,24.000,18.000,0.527500,0
2024,03,PIURA,PIURA,18046.000,12120.000,0.997716,0
2024,03,PIURA,SECHURA,8.000,5.000,0.957500,0
2024,03,PIURA,SULLANA,4532.000,3759.000,0.500002,0
2024,03,PUNO,CARABAYA,0.000,1.000,0.000000,1
2024,03,PUNO,SANDIA,0.000,5.000,0.000000,1
2024,03,SAN MARTIN,BELLAVISTA,101.000,62.500,1.000000,0
2024,03,SAN MARTIN,EL DORADO,42.000,14.000,1.000000,0
2024,03,SAN MARTIN,HUALLAGA,91.000,50.500,0.473077,0
2024,03,SAN MARTIN,LAMAS,86.000,95.500,1.094186,0
2024,03,SAN MARTIN,MARISCAL CACERES,72.000,34.000,0.500000,0
2024,03,SAN MARTIN,MOYOBAMBA,69.900,42.000,1.681831,0
2024,03,SAN MARTIN,PICOTA,125.000,82.500,1.093600,0
2024,03,SAN MARTIN,RIOJA,38.000,25.000,0.700000,0
2024,03,SAN MARTIN,SAN MARTIN,177.000,216.000,0.568362,0
2024,03,SAN MARTIN,TOCACHE,31.000,13.000,0.600000,0
2024,03,TUMBES,CONTRALMIRANTE VILLAR,162.364,112.250,1.000000,0
2024,03,TUMBES,TUMBES,1005.600,788.400,1.000000,0
2024,03,TUMBES,ZARUMILLA,7211.640,2525.069,0.890000,0
2024,03,UCAYALI,ATALAYA,159.200,240.000,3.065955,0
2024,03,UCAYALI,CORONEL PORTILLO,473.450,1629.000,2.969041,0
2024,03,UCAYALI,PADRE ABAD,297.540,625.000,3.000000,0
2024,03,UCAYALI,PURUS,9.750,45.000,5.000000,0
2024,04,AMAZONAS,BAGUA,32.900,76.500,1.200000,0
2024,04,AMAZONAS,CHACHAPOYAS,18.300,43.000,2.187978,0
2024,04,AMAZONAS,LUYA,20.800,30.000,2.007212,0
2024,04,AMAZONAS,UTCUBAMBA,524.000,549.000,1.200000,0
2024,04,ANCASH,CASMA,37.000,64.000,2.135135,0
2024,04,ANCASH,HUARMEY,5.000,4.000,2.200000,0
2024,04,ANCASH,HUAYLAS,8.000,12.000,2.200000,0
2024,04,ANCASH,SANTA,6.000,5.000,2.200000,0
2024,04,APURIMAC,ABANCAY,2.000,33.500,1.100000,0
2024,04,APURIMAC,ANDAHUAYLAS,11.690,33.000,2.021471,0
2024,04,APURIMAC,AYMARAES,2.500,7.000,1.000000,0
2024,04,APURIMAC,CHINCHEROS,15.000,56.500,2.000000,0
2024,04,APURIMAC,GRAU,0.000,2.000,0.000000,1
2024,04,AREQUIPA,CARAVELI,0.000,3.000,0.000000,1
2024,04,AREQUIPA,LA UNION,0.000,10.000,0.000000,1
2024,04,AYACUCHO,HUAMANGA,1.330,2.000,2.370000,0
2024,04,AYACUCHO,HUANTA,14.000,12.670,2.964286,0
2024,04,AYACUCHO,LA MAR,16.500,15.670,2.292727,0
2024,04,AYACUCHO,LUCANAS,12.000,4.000,2.083333,0
2024,04,AYACUCHO,PARINACOCHAS,1.330,3.330,1.261955,0
2024,04,AYACUCHO,PAUCAR DEL SARA SARA,14.000,9.000,2.992857,0
2024,04,AYACUCHO,VILCAS HUAMAN,6.330,8.670,1.815956,0
2024,04,CAJAMARCA,CAJABAMBA,4.760,15.900,1.669433,0
2024,04,CAJAMARCA,CHOTA,34.500,61.250,1.086957,0
2024,04,CAJAMARCA,JAEN,14.650,16.000,2.000000,0
2024,04,CAJAMARCA,SAN IGNACIO,9.500,28.000,2.000000,0
2024,04,CAJAMARCA,SAN MARCOS,3.000,9.000,2.000000,0
2024,04,CAJAMARCA,SAN MIGUEL,0.000,30.000,0.000000,1
2024,04,CAJAMARCA,SANTA CRUZ,4.000,4.500,1.200000,0
2024,04,CUSCO,LA CONVENCION,80.000,288.000,1.200000,0
2024,04,HUANCAVELICA,ACOBAMBA,2.600,4.000,1.723077,0
2024,04,HUANCAVELICA,ANGARAES,3.500,5.000,1.200000,0
2024,04,HUANCAVELICA,CASTROVIRREYNA,1.100,6.300,1.650000,0
2024,04,HUANCAVELICA,CHURCAMPA,5.400,6.000,1.240741,0
2024,04,HUANCAVELICA,HUAYTARA,3.800,3.000,2.131579,0
2024,04,HUANCAVELICA,TAYACAJA,23.400,26.000,1.114530,0
2024,04,HUANUCO,HUACAYBAMBA,19.000,9.000,2.573158,0
2024,04,HUANUCO,HUAMALIES,17.000,22.000,1.900000,0
2024,04,HUANUCO,HUANUCO,5.500,11.250,1.877273,0
2024,04,HUANUCO,LEONCIO PRADO,103.600,103.000,1.710618,0
2024,04,HUANUCO,MARAÑON,11.400,7.000,1.438596,0
2024,04,HUANUCO,PUERTO INCA,4.000,23.000,2.100000,0
2024,04,ICA,CHINCHA,0.000,7.000,0.000000,1
2024,04,ICA,ICA,282.400,25.720,2.493803,0
2024,04,ICA,NASCA,0.000,17.590,0.000000,1
2024,04,ICA,PALPA,0.000,6.110,0.000000,1
2024,04,ICA,PISCO,0.000,23.400,0.000000,1
2024,04,JUNIN,CHANCHAMAYO,45.250,65.000,1.000000,0
2024,04,JUNIN,HUANCAYO,19.200,24.000,1.100000,0
2024,04,JUNIN,SATIPO,454.800,241.000,1.056288,0
2024,04,LA LIBERTAD,ASCOPE,3.080,8.500,1.000000,0
2024,04,LA LIBERTAD,BOLIVAR,5.540,9.000,1.000000,0
2024,04,LA LIBERTAD,CHEPEN,4.240,37.000,1.000000,0
2024,04,LA LIBERTAD,GRAN CHIMU,0.480,1.500,1.000000,0
2024,04,LA LIBERTAD,OTUZCO,1.580,2.000,1.000000,0
2024,04,LA LIBERTAD,PATAZ,9.210,11.000,1.000000,0
2024,04,LA LIBERTAD,SANCHEZ CARRION,7.010,37.000,1.000000,0
2024,04,LA LIBERTAD,VIRU,74.300,120.500,1.000000,0
2024,04,LAMBAYEQUE,CHICLAYO,0.000,8.000,0.000000,1
2024,04,LAMBAYEQUE,FERREÑAFE,22.000,19.000,1.800000,0
2024,04,LAMBAYEQUE,LAMBAYEQUE,6323.000,3137.000,1.003827,0
2024,04,LIMA,HUAURA,0.000,11.000,0.000000,1
2024,04,LORETO,ALTO AMAZONAS,316.000,481.000,0.941709,0
2024,04,LORETO,DATEM DEL MARAÑON,32.000,50.000,0.954063,0
2024,04,LORETO,LORETO,62.000,92.000,0.981935,0
2024,04,LORETO,MARISCAL RAMON CASTILLA,39.000,69.000,0.955128,0
2024,04,LORETO,MAYNAS,546.000,932.000,0.988077,0
2024,04,LORETO,PUTUMAYO,12.000,26.000,0.950000,0
2024,04,LORETO,REQUENA,41.000,67.000,0.959512,0
2024,04,LORETO,UCAYALI,110.000,183.000,0.980909,0
2024,04,MADRE DE DIOS,MANU,11.800,43.000,2.906780,0
2024,04,MADRE DE DIOS,TAHUAMANU,15.300,39.500,2.735948,0
2024,04,MADRE DE DIOS,TAMBOPATA,39.800,132.500,2.918342,0
2024,04,MOQUEGUA,GENERAL SANCHEZ CERRO,19.900,13.000,3.067839,0
2024,04,MOQUEGUA,MARISCAL NIETO,0.000,3.500,0.000000,1
2024,04,PASCO,OXAPAMPA,12.100,10.000,2.000000,0
2024,04,PIURA,AYABACA,150.000,87.000,1.350200,0
2024,04,PIURA,HUANCABAMBA,90.000,63.000,1.777778,0
2024,04,PIURA,MORROPON,1506.000,1345.000,0.857769,0
2024,04,PIURA,PAITA,36.000,18.000,0.504444,0
2024,04,PIURA,PIURA,14465.000,12120.000,0.801027,0
2024,04,PIURA,SECHURA,8.000,5.000,0.802500,0
2024,04,PIURA,SULLANA,8460.000,3759.000,0.519961,0
2024,04,PUNO,CARABAYA,0.000,1.000,0.000000,1
2024,04,PUNO,SANDIA,2.300,5.000,1.200000,0
2024,04,SAN MARTIN,BELLAVISTA,103.000,62.500,1.000000,0
2024,04,SAN MARTIN,EL DORADO,36.000,14.000,1.000000,0
2024,04,SAN MARTIN,HUALLAGA,55.000,50.500,0.949091,0
2024,04,SAN MARTIN,LAMAS,87.000,95.500,1.024138,0
2024,04,SAN MARTIN,MARISCAL CACERES,109.000,34.000,0.500000,0
2024,04,SAN MARTIN,MOYOBAMBA,81.700,44.000,1.648837,0
2024,04,SAN MARTIN,PICOTA,119.000,85.500,1.252101,0
2024,04,SAN MARTIN,RIOJA,38.000,25.000,0.697368,0
2024,04,SAN MARTIN,SAN MARTIN,175.000,216.000,0.624000,0
2024,04,SAN MARTIN,TOCACHE,40.000,13.000,0.600000,0
2024,04,TUMBES,CONTRALMIRANTE VILLAR,148.590,112.250,1.750000,0
2024,04,TUMBES,TUMBES,1129.088,805.400,1.500000,0
2024,04,TUMBES,ZARUMILLA,5714.770,2537.069,1.200000,0
2024,04,UCAYALI,ATALAYA,145.625,240.000,3.067257,0
2024,04,UCAYALI,CORONEL PORTILLO,529.868,1629.000,2.939853,0
2024,04,UCAYALI,PADRE ABAD,323.210,627.000,3.000000,0
2024,04,UCAYALI,PURUS,15.700,46.000,4.000000,0
2024,05,AMAZONAS,BAGUA,31.700,76.500,1.487382,0
2024,05,AMAZONAS,CHACHAPOYAS,17.400,43.000,2.126437,0
2024,05,AMAZONAS,LUYA,23.550,30.000,1.889384,0
2024,05,AMAZONAS,UTCUBAMBA,515.000,549.000,1.187379,0
2024,05,ANCASH,CASMA,32.000,64.000,2.206250,0
2024,05,ANCASH,HUARMEY,4.000,4.000,2.300000,0
2024,05,ANCASH,HUAYLAS,20.000,12.000,2.305000,0
2024,05,ANCASH,SANTA,5.000,5.000,2.500000,0
2024,05,APURIMAC,ABANCAY,18.000,33.500,1.158333,0
2024,05,APURIMAC,ANDAHUAYLAS,1.000,33.000,2.800000,0
2024,05,APURIMAC,AYMARAES,2.200,7.000,1.000000,0
2024,05,APURIMAC,CHINCHEROS,0.000,56.500,0.000000,1
2024,05,APURIMAC,GRAU,1.000,2.000,1.700000,0
2024,05,AREQUIPA,CARAVELI,0.000,3.000,0.000000,1
2024,05,AREQUIPA,LA UNION,0.000,10.000,0.000000,1
2024,05,AYACUCHO,HUAMANGA,1.500,2.000,2.330000,0
2024,05,AYACUCHO,HUANTA,22.500,13.000,3.382222,0
2024,05,AYACUCHO,LA MAR,19.000,15.580,2.379211,0
2024,05,AYACUCHO,LUCANAS,11.000,4.000,2.000000,0
2024,05,AYACUCHO,PARINACOCHAS,2.670,3.330,1.348989,0
2024,05,AYACUCHO,PAUCAR DEL SARA SARA,19.000,9.000,3.078947,0
2024,05,AYACUCHO,VILCAS HUAMAN,7.330,8.670,1.772851,0
2024,05,CAJAMARCA,CAJABAMBA,4.610,15.900,1.668265,0
2024,05,CAJAMARCA,CHOTA,39.500,61.250,1.091772,0
2024,05,CAJAMARCA,JAEN,10.939,16.000,2.000000,0
2024,05,CAJAMARCA,SAN IGNACIO,8.500,28.000,2.000000,0
2024,05,CAJAMARCA,SAN MARCOS,3.000,9.000,1.000000,0
2024,05,CAJAMARCA,SAN MIGUEL,5.000,30.000,1.100000,0
2024,05,CAJAMARCA,SANTA CRUZ,8.000,4.500,1.250000,0
2024,05,CUSCO,LA CONVENCION,75.000,288.000,1.200000,0
2024,05,HUANCAVELICA,ACOBAMBA,7.000,4.000,1.400000,0
2024,05,HUANCAVELICA,ANGARAES,4.100,5.000,1.104878,0
2024,05,HUANCAVELICA,CASTROVIRREYNA,1.000,6.300,1.200000,0
2024,05,HUANCAVELICA,CHURCAMPA,9.400,6.000,0.923404,0
2024,05,HUANCAVELICA,HUAYTARA,2.800,3.000,2.053571,0
2024,05,HUANCAVELICA,TAYACAJA,35.100,28.000,1.005983,0
2024,05,HUANUCO,HUACAYBAMBA,11.000,9.000,2.289091,0
2024,05,HUANUCO,HUAMALIES,21.000,22.000,1.600000,0
2024,05,HUANUCO,HUANUCO,8.000,11.250,1.222500,0
2024,05,HUANUCO,LEONCIO PRADO,126.500,103.000,1.641897,0
2024,05,HUANUCO,MARAÑON,14.500,7.000,1.334483,0
2024,05,HUANUCO,PUERTO INCA,4.000,23.000,2.200000,0
2024,05,ICA,CHINCHA,0.000,7.000,0.000000,1
2024,05,ICA,ICA,36.250,25.720,1.981379,0
2024,05,ICA,NASCA,0.000,17.590,0.000000,1
2024,05,ICA,PALPA,0.000,6.110,0.000000,1
2024,05,ICA,PISCO,12.250,23.400,1.300000,0
2024,05,JUNIN,CHANCHAMAYO,45.600,65.000,1.000000,0
2024,05,JUNIN,HUANCAYO,16.800,24.000,2.400000,0
2024,05,JUNIN,SATIPO,434.150,241.000,1.011286,0
2024,05,LA LIBERTAD,ASCOPE,3.170,8.500,1.000000,0
2024,05,LA LIBERTAD,BOLIVAR,5.129,9.000,1.000000,0
2024,05,LA LIBERTAD,CHEPEN,4.020,37.000,1.000000,0
2024,05,LA LIBERTAD,GRAN CHIMU,2.089,1.500,1.000000,0
2024,05,LA LIBERTAD,OTUZCO,0.600,2.000,1.000000,0
2024,05,LA LIBERTAD,PATAZ,10.349,11.000,1.000000,0
2024,05,LA LIBERTAD,SANCHEZ CARRION,5.750,37.000,1.000000,0
2024,05,LA LIBERTAD,VIRU,86.500,120.500,1.000000,0
2024,05,LAMBAYEQUE,CHICLAYO,0.000,8.000,0.000000,1
2024,05,LAMBAYEQUE,FERREÑAFE,22.000,19.000,1.800000,0
2024,05,LAMBAYEQUE,LAMBAYEQUE,4400.000,3137.000,0.877750,0
2024,05,LIMA,HUAURA,0.000,11.000,0.000000,1
2024,05,LORETO,ALTO AMAZONAS,316.000,481.000,0.949873,0
2024,05,LORETO,DATEM DEL MARAÑON,28.000,50.000,0.941429,0
2024,05,LORETO,LORETO,60.000,92.000,0.945000,0
2024,05,LORETO,MARISCAL RAMON CASTILLA,37.000,69.000,0.948378,0
2024,05,LORETO,MAYNAS,525.000,932.000,0.987524,0
2024,05,LORETO,PUTUMAYO,14.000,26.000,0.930000,0
2024,05,LORETO,REQUENA,43.000,67.000,0.936977,0
2024,05,LORETO,UCAYALI,91.000,183.000,0.969780,0
2024,05,MADRE DE DIOS,MANU,18.400,44.000,3.032609,0
2024,05,MADRE DE DIOS,TAHUAMANU,15.100,39.500,2.556954,0
2024,05,MADRE DE DIOS,TAMBOPATA,30.800,133.500,2.728571,0
2024,05,MOQUEGUA,GENERAL SANCHEZ CERRO,24.000,13.000,3.000000,0
2024,05,MOQUEGUA,MARISCAL NIETO,7.000,3.500,2.800000,0
2024,05,PASCO,OXAPAMPA,21.000,10.000,1.800000,0
2024,05,PIURA,AYABACA,134.000,87.000,0.782836,0
2024,05,PIURA,HUANCABAMBA,70.000,63.000,1.657143,0
2024,05,PIURA,MORROPON,1537.000,1345.000,1.000000,0
2024,05,PIURA,PAITA,42.000,18.000,0.800000,0
2024,05,PIURA,PIURA,12837.000,12120.000,0.819889,0
2024,05,PIURA,SECHURA,8.000,5.000,0.900000,0
2024,05,PIURA,SULLANA,10554.000,3759.000,0.809720,0
2024,05,PUNO,CARABAYA,2.000,1.000,0.700000,0
2024,05,PUNO,SANDIA,14.300,5.000,1.479021,0
2024,05,SAN MARTIN,BELLAVISTA,125.000,62.500,1.000000,0
2024,05,SAN MARTIN,EL DORADO,19.000,14.000,1.000000,0
2024,05,SAN MARTIN,HUALLAGA,23.000,50.500,1.339130,0
2024,05,SAN MARTIN,LAMAS,98.000,95.500,1.028571,0
2024,05,SAN MARTIN,MARISCAL CACERES,79.000,34.000,0.500000,0
2024,05,SAN MARTIN,MOYOBAMBA,88.200,44.000,1.669388,0
2024,05,SAN MARTIN,PICOTA,103.000,85.500,1.261165,0
2024,05,SAN MARTIN,RIOJA,29.000,25.000,0.855172,0
2024,05,SAN MARTIN,SAN MARTIN,106.000,216.000,0.745283,0
2024,05,SAN MARTIN,TOCACHE,35.000,13.000,0.600000,0
2024,05,TUMBES,CONTRALMIRANTE VILLAR,151.355,112.250,1.750000,0
2024,05,TUMBES,TUMBES,929.949,824.400,1.500000,0
2024,05,TUMBES,ZARUMILLA,3913.840,2549.069,1.600000,0
2024,05,UCAYALI,ATALAYA,116.269,249.000,3.792376,0
2024,05,UCAYALI,CORONEL PORTILLO,432.429,1629.000,3.586422,0
2024,05,UCAYALI,PADRE ABAD,273.720,628.000,3.787398,0
2024,05,UCAYALI,PURUS,11.670,47.000,4.500000,0
2024,06,AMAZONAS,BAGUA,32.500,76.500,1.353538,0
2024,06,AMAZONAS,CHACHAPOYAS,16.800,43.000,2.954762,0
2024,06,AMAZONAS,LUYA,24.500,30.000,2.161224,0
2024,06,AMAZONAS,UTCUBAMBA,512.000,549.000,1.187109,0
2024,06,ANCASH,CASMA,33.000,64.000,2.333333,0
2024,06,ANCASH,HUARMEY,5.000,4.000,2.400000,0
2024,06,ANCASH,HUAYLAS,19.000,12.000,2.536842,0
2024,06,ANCASH,SANTA,6.000,5.000,2.600000,0
2024,06,APURIMAC,ABANCAY,8.000,33.500,0.925000,0
2024,06,APURIMAC,ANDAHUAYLAS,0.000,33.000,0.000000,1
2024,06,APURIMAC,AYMARAES,2.200,7.000,1.000000,0
2024,06,APURIMAC,CHINCHEROS,0.000,56.500,0.000000,1
2024,06,APURIMAC,GRAU,0.000,2.000,0.000000,1
2024,06,AREQUIPA,CARAVELI,13.500,3.000,3.000000,0
2024,06,AREQUIPA,LA UNION,0.000,10.000,0.000000,1
2024,06,AYACUCHO,HUAMANGA,1.500,2.000,1.720000,0
2024,06,AYACUCHO,HUANTA,3.000,13.000,3.500000,0
2024,06,AYACUCHO,LA MAR,10.500,15.500,2.121429,0
2024,06,AYACUCHO,LUCANAS,4.000,4.000,2.500000,0
2024,06,AYACUCHO,PARINACOCHAS,3.670,3.330,1.443706,0
2024,06,AYACUCHO,PAUCAR DEL SARA SARA,15.000,9.000,2.913333,0
2024,06,AYACUCHO,VILCAS HUAMAN,6.670,8.670,1.614993,0
2024,06,CAJAMARCA,CAJABAMBA,4.529,15.900,1.699691,0
2024,06,CAJAMARCA,CHOTA,40.100,61.250,1.088529,0
2024,06,CAJAMARCA,JAEN,6.169,16.000,2.000000,0
2024,06,CAJAMARCA,SAN IGNACIO,7.300,28.000,2.000000,0
2024,06,CAJAMARCA,SAN MARCOS,1.500,9.000,1.000000,0
2024,06,CAJAMARCA,SAN MIGUEL,14.000,30.000,1.014286,0
2024,06,CAJAMARCA,SANTA CRUZ,8.000,4.500,1.325000,0
2024,06,CUSCO,LA CONVENCION,70.000,288.000,1.200000,0
2024,06,HUANCAVELICA,ACOBAMBA,9.500,4.000,1.531579,0
2024,06,HUANCAVELICA,ANGARAES,3.300,5.000,1.090909,0
2024,06,HUANCAVELICA,CASTROVIRREYNA,4.200,6.300,2.000000,0
2024,06,HUANCAVELICA,CHURCAMPA,9.600,6.000,1.129167,0
2024,06,HUANCAVELICA,HUAYTARA,0.800,3.000,2.500000,0
2024,06,HUANCAVELICA,TAYACAJA,27.100,28.000,1.031365,0
2024,06,HUANUCO,HUACAYBAMBA,0.000,9.000,0.000000,1
2024,06,HUANUCO,HUAMALIES,24.000,22.000,1.700000,0
2024,06,HUANUCO,HUANUCO,10.800,11.250,1.178704,0
2024,06,HUANUCO,LEONCIO PRADO,152.100,103.000,1.745957,0
2024,06,HUANUCO,MARAÑON,8.900,7.000,1.575281,0
2024,06,HUANUCO,PUERTO INCA,6.000,23.000,2.071667,0
2024,06,ICA,CHINCHA,0.000,7.000,0.000000,1
2024,06,ICA,ICA,86.850,25.720,1.733161,0
2024,06,ICA,NASCA,98.370,17.590,2.000000,0
2024,06,ICA,PALPA,0.000,6.110,0.000000,1
2024,06,ICA,PISCO,51.850,23.400,1.951784,0
2024,06,JUNIN,CHANCHAMAYO,45.100,65.000,0.990022,0
2024,06,JUNIN,HUANCAYO,19.200,24.000,1.700000,0
2024,06,JUNIN,SATIPO,451.500,241.000,1.002126,0
2024,06,LA LIBERTAD,ASCOPE,3.209,8.500,1.000000,0
2024,06,LA LIBERTAD,BOLIVAR,3.540,9.000,1.000000,0
2024,06,LA LIBERTAD,CHEPEN,3.910,37.000,1.000000,0
2024,06,LA LIBERTAD,GRAN CHIMU,3.890,1.500,1.000000,0
2024,06,LA LIBERTAD,OTUZCO,1.129,2.000,1.000000,0
2024,06,LA LIBERTAD,PATAZ,8.857,11.000,1.000000,0
2024,06,LA LIBERTAD,SANCHEZ CARRION,4.120,37.000,1.000000,0
2024,06,LA LIBERTAD,VIRU,84.600,120.500,1.000000,0
2024,06,LAMBAYEQUE,CHICLAYO,0.000,8.000,0.000000,1
2024,06,LAMBAYEQUE,FERREÑAFE,16.000,19.000,0.500000,0
2024,06,LAMBAYEQUE,LAMBAYEQUE,2651.000,3137.000,0.871445,0
2024,06,LIMA,HUAURA,29.000,11.000,1.500000,0
2024,06,LORETO,ALTO AMAZONAS,260.000,481.000,0.952308,0
2024,06,LORETO,DATEM DEL MARAÑON,29.000,50.000,0.949310,0
2024,06,LORETO,LORETO,41.000,92.000,0.955854,0
2024,06,LORETO,MARISCAL RAMON CASTILLA,44.000,69.000,0.955227,0
2024,06,LORETO,MAYNAS,507.000,932.000,0.981144,0
2024,06,LORETO,PUTUMAYO,14.000,26.000,0.950000,0
2024,06,LORETO,REQUENA,39.000,67.000,0.961538,0
2024,06,LORETO,UCAYALI,104.000,183.000,0.975385,0
2024,06,MADRE DE DIOS,MANU,11.800,44.000,2.726271,0
2024,06,MADRE DE DIOS,TAHUAMANU,18.700,39.500,2.348663,0
2024,06,MADRE DE DIOS,TAMBOPATA,39.800,134.500,2.500000,0
2024,06,MOQUEGUA,GENERAL SANCHEZ CERRO,0.000,13.000,0.000000,1
2024,06,MOQUEGUA,MARISCAL NIETO,10.000,3.500,2.500000,0
2024,06,PASCO,OXAPAMPA,12.000,10.000,2.000000,0
2024,06,PIURA,AYABACA,90.000,87.000,0.972778,0
2024,06,PIURA,HUANCABAMBA,90.000,63.000,1.688889,0
2024,06,PIURA,MORROPON,1566.000,1345.000,1.000000,0
2024,06,PIURA,PAITA,42.000,18.000,1.000000,0
2024,06,PIURA,PIURA,9129.000,12120.000,0.828776,0
2024,06,PIURA,SECHURA,6.000,5.000,0.906667,0
2024,06,PIURA,SULLANA,9413.000,3759.000,1.000000,0
2024,06,PUNO,CARABAYA,3.200,1.000,0.700000,0
2024,06,PUNO,SANDIA,18.000,5.000,1.166667,0
2024,06,SAN MARTIN,BELLAVISTA,87.000,62.500,1.396552,0
2024,06,SAN MARTIN,EL DORADO,20.000,14.000,1.000000,0
2024,06,SAN MARTIN,HUALLAGA,17.000,50.500,1.764706,0
2024,06,SAN MARTIN,LAMAS,85.000,95.500,1.040000,0
2024,06,SAN MARTIN,MARISCAL CACERES,60.000,34.000,0.500000,0
2024,06,SAN MARTIN,MOYOBAMBA,30.500,44.000,2.418033,0
2024,06,SAN MARTIN,PICOTA,103.000,85.500,1.200000,0
2024,06,SAN MARTIN,RIOJA,19.000,25.000,0.836842,0
2024,06,SAN MARTIN,SAN MARTIN,85.000,216.000,0.707059,0
2024,06,SAN MARTIN,TOCACHE,21.000,13.000,0.671429,0
2024,06,TUMBES,CONTRALMIRANTE VILLAR,147.800,112.750,2.000000,0
2024,06,TUMBES,TUMBES,368.155,832.400,1.981462,0
2024,06,TUMBES,ZARUMILLA,2410.410,2559.069,1.750000,0
2024,06,UCAYALI,ATALAYA,110.980,274.000,4.332862,0
2024,06,UCAYALI,CORONEL PORTILLO,463.489,1652.000,4.183012,0
2024,06,UCAYALI,PADRE ABAD,248.769,631.000,4.405179,0
2024,06,UCAYALI,PURUS,8.619,47.000,5.000000,0
2024,07,AMAZONAS,BAGUA,33.250,76.500,2.517293,0
2024,07,AMAZONAS,CHACHAPOYAS,15.700,43.000,2.570701,0
2024,07,AMAZONAS,LUYA,22.400,30.000,2.140179,0
2024,07,AMAZONAS,UTCUBAMBA,546.000,549.000,1.187912,0
2024,07,ANCASH,CASMA,27.000,64.000,2.222222,0
2024,07,ANCASH,HUARMEY,5.000,4.000,2.400000,0
2024,07,ANCASH,HUAYLAS,18.000,12.000,2.566667,0
2024,07,ANCASH,SANTA,6.000,5.000,2.200000,0
2024,07,APURIMAC,ABANCAY,19.000,33.500,1.236842,0
2024,07,APURIMAC,ANDAHUAYLAS,0.000,33.000,0.000000,1
2024,07,APURIMAC,AYMARAES,0.000,7.000,0.000000,1
2024,07,APURIMAC,CHINCHEROS,0.000,56.500,0.000000,1
2024,07,APURIMAC,GRAU,1.000,2.000,1.800000,0
2024,07,AREQUIPA,CARAVELI,0.000,3.000,0.000000,1
2024,07,AREQUIPA,LA UNION,0.000,10.000,0.000000,1
2024,07,AYACUCHO,HUAMANGA,0.750,1.000,1.150000,0
2024,07,AYACUCHO,HUANTA,3.000,14.750,3.000000,0
2024,07,AYACUCHO,LA MAR,11.000,15.500,2.051818,0
2024,07,AYACUCHO,LUCANAS,4.000,4.000,2.550000,0
2024,07,AYACUCHO,PARINACOCHAS,1.330,3.330,1.319474,0
2024,07,AYACUCHO,PAUCAR DEL SARA SARA,0.000,9.000,0.000000,1
2024,07,AYACUCHO,VILCAS HUAMAN,5.000,8.670,1.650000,0
2024,07,CAJAMARCA,CAJABAMBA,4.360,15.900,1.712087,0
2024,07,CAJAMARCA,CHOTA,29.000,61.250,1.052414,0
2024,07,CAJAMARCA,JAEN,5.210,16.000,2.000000,0
2024,07,CAJAMARCA,SAN IGNACIO,6.500,28.000,2.000000,0
2024,07,CAJAMARCA,SAN MARCOS,4.500,9.000,1.000000,0
2024,07,CAJAMARCA,SAN MIGUEL,37.000,30.000,1.000000,0
2024,07,CAJAMARCA,SANTA CRUZ,8.000,4.500,1.400000,0
2024,07,CUSCO,LA CONVENCION,60.000,288.000,1.200000,0
2024,07,HUANCAVELICA,ACOBAMBA,3.000,4.000,1.066667,0
2024,07,HUANCAVELICA,ANGARAES,1.800,5.000,1.155556,0
2024,07,HUANCAVELICA,CASTROVIRREYNA,3.750,6.300,0.957333,0
2024,07,HUANCAVELICA,CHURCAMPA,5.000,6.000,1.000000,0
2024,07,HUANCAVELICA,HUAYTARA,0.000,3.000,0.000000,1
2024,07,HUANCAVELICA,TAYACAJA,18.200,28.000,1.108242,0
2024,07,HUANUCO,HUACAYBAMBA,0.000,9.000,0.000000,1
2024,07,HUANUCO,HUAMALIES,12.000,22.000,2.100000,0
2024,07,HUANUCO,HUANUCO,14.000,11.250,1.245857,0
2024,07,HUANUCO,LEONCIO PRADO,101.500,103.000,2.083251,0
2024,07,HUANUCO,MARAÑON,6.500,7.000,1.876923,0
2024,07,HUANUCO,PUERTO INCA,5.000,23.000,2.000000,0
2024,07,ICA,CHINCHA,0.000,7.000,0.000000,1
2024,07,ICA,ICA,30.550,25.720,1.993453,0
2024,07,ICA,NASCA,270.570,17.590,3.000000,0
2024,07,ICA,PALPA,0.780,6.110,2.700000,0
2024,07,ICA,PISCO,166.150,23.400,2.364670,0
2024,07,JUNIN,CHANCHAMAYO,40.000,65.000,1.000000,0
2024,07,JUNIN,HUANCAYO,14.400,24.000,1.300000,0
2024,07,JUNIN,SATIPO,311.300,241.000,1.052939,0
2024,07,LA LIBERTAD,ASCOPE,0.890,8.500,1.000000,0
2024,07,LA LIBERTAD,BOLIVAR,3.570,9.000,1.000000,0
2024,07,LA LIBERTAD,CHEPEN,4.130,37.000,1.000000,0
2024,07,LA LIBERTAD,GRAN CHIMU,2.050,1.500,1.000000,0
2024,07,LA LIBERTAD,OTUZCO,2.780,2.000,1.000000,0
2024,07,LA LIBERTAD,PATAZ,4.450,11.000,1.000000,0
2024,07,LA LIBERTAD,SANCHEZ CARRION,1.050,37.000,1.000000,0
2024,07,LA LIBERTAD,VIRU,72.880,120.500,1.000000,0
2024,07,LAMBAYEQUE,CHICLAYO,0.000,8.000,0.000000,1
2024,07,LAMBAYEQUE,FERREÑAFE,44.000,19.000,1.800000,0
2024,07,LAMBAYEQUE,LAMBAYEQUE,2979.000,3137.000,0.810104,0
2024,07,LIMA,HUAURA,0.000,11.000,0.000000,1
2024,07,LORETO,ALTO AMAZONAS,263.000,481.000,0.962129,0
2024,07,LORETO,DATEM DEL MARAÑON,29.000,50.000,0.944828,0
2024,07,LORETO,LORETO,35.000,92.000,0.950286,0
2024,07,LORETO,MARISCAL RAMON CASTILLA,42.000,69.000,0.950000,0
2024,07,LORETO,MAYNAS,452.000,932.000,0.974513,0
2024,07,LORETO,PUTUMAYO,13.000,26.000,0.920000,0
2024,07,LORETO,REQUENA,35.000,67.000,0.928571,0
2024,07,LORETO,UCAYALI,100.000,183.000,0.969000,0
2024,07,MADRE DE DIOS,MANU,16.800,44.000,2.800595,0
2024,07,MADRE DE DIOS,TAHUAMANU,12.150,39.500,2.830453,0
2024,07,MADRE DE DIOS,TAMBOPATA,40.500,134.500,2.396296,0
2024,07,MOQUEGUA,GENERAL SANCHEZ CERRO,20.500,13.000,3.121951,0
2024,07,MOQUEGUA,MARISCAL NIETO,12.300,3.500,2.012195,0
2024,07,PASCO,OXAPAMPA,44.000,10.000,1.886364,0
2024,07,PIURA,AYABACA,98.000,87.000,1.195918,0
2024,07,PIURA,HUANCABAMBA,50.000,63.000,1.600000,0
2024,07,PIURA,MORROPON,1154.000,1345.000,1.492712,0
2024,07,PIURA,PAITA,44.000,18.000,1.000000,0
2024,07,PIURA,PIURA,6037.000,12120.000,0.829535,0
2024,07,PIURA,SECHURA,8.000,5.000,0.900000,0
2024,07,PIURA,SULLANA,7455.000,3759.000,1.000000,0
2024,07,PUNO,CARABAYA,5.000,1.000,0.700000,0
2024,07,PUNO,SANDIA,12.000,5.000,1.425000,0
2024,07,SAN MARTIN,BELLAVISTA,33.000,62.500,1.000000,0
2024,07,SAN MARTIN,EL DORADO,9.000,14.000,1.000000,0
2024,07,SAN MARTIN,HUALLAGA,10.000,50.500,1.930000,0
2024,07,SAN MARTIN,LAMAS,89.000,95.500,1.024719,0
2024,07,SAN MARTIN,MARISCAL CACERES,0.000,34.000,0.000000,1
2024,07,SAN MARTIN,MOYOBAMBA,0.000,44.000,0.000000,1
2024,07,SAN MARTIN,PICOTA,85.000,85.500,1.364706,0
2024,07,SAN MARTIN,RIOJA,12.000,25.000,0.800000,0
2024,07,SAN MARTIN,SAN MARTIN,51.000,216.000,1.599020,0
2024,07,SAN MARTIN,TOCACHE,8.000,13.000,0.662500,0
2024,07,TUMBES,CONTRALMIRANTE VILLAR,135.740,112.750,1.750000,0
2024,07,TUMBES,TUMBES,236.859,841.400,1.550336,0
2024,07,TUMBES,ZARUMILLA,2389.250,2565.069,2.000000,0
2024,07,UCAYALI,ATALAYA,105.370,285.000,4.536106,0
2024,07,UCAYALI,CORONEL PORTILLO,522.200,1656.000,4.507655,0
2024,07,UCAYALI,PADRE ABAD,269.040,626.000,4.443468,0
2024,07,UCAYALI,PURUS,10.360,50.000,6.000000,0
2024,08,AMAZONAS,BAGUA,29.850,76.500,2.642546,0
2024,08,AMAZONAS,CHACHAPOYAS,15.200,43.000,1.957895,0
2024,08,AMAZONAS,LUYA,22.500,30.000,2.123556,0
2024,08,AMAZONAS,UTCUBAMBA,332.000,549.000,2.213855,0
2024,08,ANCASH,CASMA,32.000,64.000,2.225000,0
2024,08,ANCASH,HUARMEY,4.000,4.000,2.300000,0
2024,08,ANCASH,HUAYLAS,18.000,12.000,2.500000,0
2024,08,ANCASH,SANTA,5.000,5.000,2.200000,0
2024,08,APURIMAC,ABANCAY,4.000,33.500,0.900000,0
2024,08,APURIMAC,ANDAHUAYLAS,0.000,33.000,0.000000,1
2024,08,APURIMAC,AYMARAES,1.800,7.000,1.000000,0
2024,08,APURIMAC,CHINCHEROS,0.000,56.500,0.000000,1
2024,08,APURIMAC,GRAU,0.000,2.000,0.000000,1
2024,08,AREQUIPA,CARAVELI,0.000,3.000,0.000000,1
2024,08,AREQUIPA,LA UNION,0.000,10.000,0.000000,1
2024,08,AYACUCHO,HUAMANGA,1.000,1.330,2.470000,0
2024,08,AYACUCHO,HUANTA,2.000,24.750,2.300000,0
2024,08,AYACUCHO,LA MAR,5.000,33.000,2.020000,0
2024,08,AYACUCHO,LUCANAS,0.000,4.000,0.000000,1
2024,08,AYACUCHO,PARINACOCHAS,0.000,3.500,0.000000,1
2024,08,AYACUCHO,PAUCAR DEL SARA SARA,0.000,9.000,0.000000,1
2024,08,AYACUCHO,VILCAS HUAMAN,0.000,8.670,0.000000,1
2024,08,CAJAMARCA,CAJABAMBA,4.240,15.900,1.726722,0
2024,08,CAJAMARCA,CHOTA,5.000,61.250,1.400000,0
2024,08,CAJAMARCA,JAEN,5.990,16.000,2.000000,0
2024,08,CAJAMARCA,SAN IGNACIO,9.500,28.000,2.000000,0
2024,08,CAJAMARCA,SAN MARCOS,1.500,9.000,0.800000,0
2024,08,CAJAMARCA,SAN MIGUEL,41.000,30.000,1.878049,0
2024,08,CAJAMARCA,SANTA CRUZ,0.000,4.500,0.000000,1
2024,08,CUSCO,LA CONVENCION,55.000,288.000,1.200000,0
2024,08,HUANCAVELICA,ACOBAMBA,1.600,4.000,1.125000,0
2024,08,HUANCAVELICA,ANGARAES,1.000,5.000,1.000000,0
2024,08,HUANCAVELICA,CASTROVIRREYNA,2.720,6.300,0.800000,0
2024,08,HUANCAVELICA,CHURCAMPA,1.800,6.000,1.000000,0
2024,08,HUANCAVELICA,HUAYTARA,0.000,3.000,0.000000,1
2024,08,HUANCAVELICA,TAYACAJA,3.000,28.000,1.100000,0
2024,08,HUANUCO,HUACAYBAMBA,0.000,9.000,0.000000,1
2024,08,HUANUCO,HUAMALIES,13.000,22.000,1.900000,0
2024,08,HUANUCO,HUANUCO,10.000,11.250,1.296500,0
2024,08,HUANUCO,LEONCIO PRADO,74.000,103.000,1.898919,0
2024,08,HUANUCO,MARAÑON,2.000,7.000,1.950000,0
2024,08,HUANUCO,PUERTO INCA,5.000,23.000,1.948000,0
2024,08,ICA,CHINCHA,0.000,7.000,0.000000,1
2024,08,ICA,ICA,2.400,25.720,2.000000,0
2024,08,ICA,NASCA,109.250,17.590,5.000000,0
2024,08,ICA,PALPA,0.000,6.110,0.000000,1
2024,08,ICA,PISCO,18.020,23.400,1.945061,0
2024,08,JUNIN,CHANCHAMAYO,34.250,65.000,1.000000,0
2024,08,JUNIN,HUANCAYO,9.600,24.000,1.000000,0
2024,08,JUNIN,SATIPO,211.000,241.000,1.088531,0
2024,08,LA LIBERTAD,ASCOPE,2.100,8.500,1.000000,0
2024,08,LA LIBERTAD,BOLIVAR,3.619,9.000,1.000000,0
2024,08,LA LIBERTAD,CHEPEN,4.080,37.000,1.000000,0
2024,08,LA LIBERTAD,GRAN CHIMU,0.560,1.500,1.000000,0
2024,08,LA LIBERTAD,OTUZCO,0.750,2.000,1.000000,0
2024,08,LA LIBERTAD,PATAZ,3.929,11.000,1.000000,0
2024,08,LA LIBERTAD,SANCHEZ CARRION,0.900,37.000,1.000000,0
2024,08,LA LIBERTAD,VIRU,7.269,120.500,1.000000,0
2024,08,LAMBAYEQUE,CHICLAYO,0.000,8.000,0.000000,1
2024,08,LAMBAYEQUE,FERREÑAFE,112.000,19.000,0.700000,0
2024,08,LAMBAYEQUE,LAMBAYEQUE,2769.000,3137.000,0.757783,0
2024,08,LIMA,HUAURA,0.000,11.000,0.000000,1
2024,08,LORETO,ALTO AMAZONAS,248.000,481.000,0.960000,0
2024,08,LORETO,DATEM DEL MARAÑON,25.000,50.000,0.959200,0
2024,08,LORETO,LORETO,46.000,92.000,0.958261,0
2024,08,LORETO,MARISCAL RAMON CASTILLA,33.000,69.000,0.955455,0
2024,08,LORETO,MAYNAS,434.000,932.000,0.974240,0
2024,08,LORETO,PUTUMAYO,14.000,26.000,0.982857,0
2024,08,LORETO,REQUENA,31.000,67.000,0.950968,0
2024,08,LORETO,UCAYALI,91.000,183.000,0.980110,0
2024,08,MADRE DE DIOS,MANU,11.600,44.000,2.734483,0
2024,08,MADRE DE DIOS,TAHUAMANU,9.700,37.000,2.948454,0
2024,08,MADRE DE DIOS,TAMBOPATA,33.300,134.500,2.918318,0
2024,08,MOQUEGUA,GENERAL SANCHEZ CERRO,0.000,13.000,0.000000,1
2024,08,MOQUEGUA,MARISCAL NIETO,0.000,3.500,0.000000,1
2024,08,PASCO,OXAPAMPA,0.000,10.000,0.000000,1
2024,08,PIURA,AYABACA,44.000,87.000,1.200000,0
2024,08,PIURA,HUANCABAMBA,54.000,63.000,1.618519,0
2024,08,PIURA,MORROPON,714.000,1345.000,1.916246,0
2024,08,PIURA,PAITA,26.000,53.000,1.307692,0
2024,08,PIURA,PIURA,7530.000,12142.000,0.958818,0
2024,08,PIURA,SECHURA,6.000,5.000,0.833333,0
2024,08,PIURA,SULLANA,7518.000,3790.000,1.001862,0
2024,08,PUNO,CARABAYA,0.250,1.000,0.700000,0
2024,08,PUNO,SANDIA,0.800,5.000,1.275000,0
2024,08,SAN MARTIN,BELLAVISTA,11.300,55.500,1.721239,0
2024,08,SAN MARTIN,EL DORADO,0.000,14.000,0.000000,1
2024,08,SAN MARTIN,HUALLAGA,6.000,50.500,2.966667,0
2024,08,SAN MARTIN,LAMAS,94.000,95.500,1.425532,0
2024,08,SAN MARTIN,MARISCAL CACERES,0.000,34.000,0.000000,1
2024,08,SAN MARTIN,MOYOBAMBA,0.000,44.000,0.000000,1
2024,08,SAN MARTIN,PICOTA,43.000,85.250,1.286047,0
2024,08,SAN MARTIN,RIOJA,14.000,25.000,0.728571,0
2024,08,SAN MARTIN,SAN MARTIN,20.900,216.000,2.221053,0
2024,08,SAN MARTIN,TOCACHE,0.000,13.000,0.000000,1
2024,08,TUMBES,CONTRALMIRANTE VILLAR,135.630,112.750,1.500000,0
2024,08,TUMBES,TUMBES,208.808,842.400,1.427388,0
2024,08,TUMBES,ZARUMILLA,3017.710,2574.069,1.370000,0
2024,08,UCAYALI,ATALAYA,64.530,290.000,4.827003,0
2024,08,UCAYALI,CORONEL PORTILLO,458.048,1651.000,4.790607,0
2024,08,UCAYALI,PADRE ABAD,231.200,633.000,4.807638,0
2024,08,UCAYALI,PURUS,4.350,50.000,6.500000,0
2024,09,AMAZONAS,BAGUA,28.700,76.500,2.715331,0
2024,09,AMAZONAS,CHACHAPOYAS,15.100,43.000,2.000000,0
2024,09,AMAZONAS,LUYA,22.750,30.000,2.712088,0
2024,09,AMAZONAS,UTCUBAMBA,465.000,549.000,3.000000,0
2024,09,ANCASH,CASMA,17.000,64.000,2.247059,0
2024,09,ANCASH,HUARMEY,4.000,4.000,2.500000,0
2024,09,ANCASH,HUAYLAS,16.000,12.000,2.562500,0
2024,09,ANCASH,SANTA,5.000,5.000,2.300000,0
2024,09,APURIMAC,ABANCAY,20.000,33.500,1.110000,0
2024,09,APURIMAC,ANDAHUAYLAS,0.000,33.000,0.000000,1
2024,09,APURIMAC,AYMARAES,1.600,7.000,1.000000,0
2024,09,APURIMAC,CHINCHEROS,0.000,56.500,0.000000,1
2024,09,APURIMAC,GRAU,1.000,2.000,1.900000,0
2024,09,AREQUIPA,CARAVELI,0.000,3.000,0.000000,1
2024,09,AREQUIPA,LA UNION,0.000,10.000,0.000000,1
2024,09,AYACUCHO,HUAMANGA,0.670,1.330,1.870000,0
2024,09,AYACUCHO,HUANTA,1.000,24.750,2.500000,0
2024,09,AYACUCHO,LA MAR,5.000,33.000,2.060000,0
2024,09,AYACUCHO,LUCANAS,0.000,4.000,0.000000,1
2024,09,AYACUCHO,PARINACOCHAS,0.000,3.500,0.000000,1
2024,09,AYACUCHO,PAUCAR DEL SARA SARA,0.000,9.000,0.000000,1
2024,09,AYACUCHO,VILCAS HUAMAN,0.000,8.670,0.000000,1
2024,09,CAJAMARCA,CAJABAMBA,4.100,15.900,1.726878,0
2024,09,CAJAMARCA,CHOTA,0.000,61.250,0.000000,1
2024,09,CAJAMARCA,JAEN,3.949,16.000,2.500000,0
2024,09,CAJAMARCA,SAN IGNACIO,8.200,28.000,1.817073,0
2024,09,CAJAMARCA,SAN MARCOS,1.500,9.000,0.500000,0
2024,09,CAJAMARCA,SAN MIGUEL,40.000,30.000,1.950000,0
2024,09,CAJAMARCA,SANTA CRUZ,0.000,4.500,0.000000,1
2024,09,CUSCO,LA CONVENCION,108.000,275.000,1.750000,0
2024,09,HUANCAVELICA,ACOBAMBA,0.700,4.000,1.200000,0
2024,09,HUANCAVELICA,ANGARAES,0.400,5.000,1.050000,0
2024,09,HUANCAVELICA,CASTROVIRREYNA,2.220,6.300,1.132432,0
2024,09,HUANCAVELICA,CHURCAMPA,0.400,6.000,1.200000,0
2024,09,HUANCAVELICA,HUAYTARA,0.000,3.000,0.000000,1
2024,09,HUANCAVELICA,TAYACAJA,0.000,28.000,0.000000,1
2024,09,HUANUCO,HUACAYBAMBA,0.000,9.000,0.000000,1
2024,09,HUANUCO,HUAMALIES,16.700,22.000,2.000000,0
2024,09,HUANUCO,HUANUCO,7.200,11.250,1.289167,0
2024,09,HUANUCO,LEONCIO PRADO,49.300,103.000,1.972819,0
2024,09,HUANUCO,MARAÑON,0.000,7.000,0.000000,1
2024,09,HUANUCO,PUERTO INCA,6.000,23.000,1.900000,0
2024,09,ICA,CHINCHA,0.000,7.000,0.000000,1
2024,09,ICA,ICA,0.000,25.720,0.000000,1
2024,09,ICA,NASCA,0.000,0.090,0.000000,1
2024,09,ICA,PALPA,40.400,5.260,2.500000,0
2024,09,ICA,PISCO,0.000,17.400,0.000000,1
2024,09,JUNIN,CHANCHAMAYO,34.350,65.000,1.000000,0
2024,09,JUNIN,HUANCAYO,10.800,24.000,1.000000,0
2024,09,JUNIN,SATIPO,182.150,241.000,1.029646,0
2024,09,LA LIBERTAD,ASCOPE,2.350,8.500,1.000000,0
2024,09,LA LIBERTAD,BOLIVAR,0.000,9.000,0.000000,1
2024,09,LA LIBERTAD,CHEPEN,4.030,37.000,1.000000,0
2024,09,LA LIBERTAD,GRAN CHIMU,0.450,1.500,1.000000,0
2024,09,LA LIBERTAD,OTUZCO,0.000,2.000,0.000000,1
2024,09,LA LIBERTAD,PATAZ,1.200,11.000,1.000000,0
2024,09,LA LIBERTAD,SANCHEZ CARRION,0.750,37.000,1.000000,0
2024,09,LA LIBERTAD,VIRU,8.570,120.500,1.000000,0
2024,09,LAMBAYEQUE,CHICLAYO,0.000,8.000,0.000000,1
2024,09,LAMBAYEQUE,FERREÑAFE,0.000,19.000,0.000000,1
2024,09,LAMBAYEQUE,LAMBAYEQUE,1128.000,3137.000,0.488697,0
2024,09,LIMA,HUAURA,0.000,11.000,0.000000,1
2024,09,LORETO,ALTO AMAZONAS,259.000,481.000,0.948803,0
2024,09,LORETO,DATEM DEL MARAÑON,18.000,50.000,0.950000,0
2024,09,LORETO,LORETO,42.000,92.000,0.951429,0
2024,09,LORETO,MARISCAL RAMON CASTILLA,31.000,69.000,0.945484,0
2024,09,LORETO,MAYNAS,419.000,932.000,0.972697,0
2024,09,LORETO,PUTUMAYO,13.000,26.000,0.965385,0
2024,09,LORETO,REQUENA,23.000,67.000,0.959130,0
2024,09,LORETO,UCAYALI,93.000,183.000,0.963978,0
2024,09,MADRE DE DIOS,MANU,12.400,44.000,2.870968,0
2024,09,MADRE DE DIOS,TAHUAMANU,8.000,37.000,3.425000,0
2024,09,MADRE DE DIOS,TAMBOPATA,36.200,134.500,3.000000,0
2024,09,MOQUEGUA,GENERAL SANCHEZ CERRO,0.000,13.000,0.000000,1
2024,09,MOQUEGUA,MARISCAL NIETO,0.000,3.500,0.000000,1
2024,09,PASCO,OXAPAMPA,0.000,10.000,0.000000,1
2024,09,PIURA,AYABACA,39.000,87.000,1.310256,0
2024,09,PIURA,HUANCABAMBA,54.000,63.000,1.614815,0
2024,09,PIURA,MORROPON,526.000,1345.000,2.113688,0
2024,09,PIURA,PAITA,36.000,53.000,1.000000,0
2024,09,PIURA,PIURA,8251.000,12142.000,1.148309,0
2024,09,PIURA,SECHURA,8.000,5.000,0.802500,0
2024,09,PIURA,SULLANA,7518.000,3790.000,1.000133,0
2024,09,PUNO,CARABAYA,0.000,1.000,0.000000,1
2024,09,PUNO,SANDIA,0.000,5.000,0.000000,1
2024,09,SAN MARTIN,BELLAVISTA,7.300,55.500,1.705479,0
2024,09,SAN MARTIN,EL DORADO,0.000,14.000,0.000000,1
2024,09,SAN MARTIN,HUALLAGA,4.500,50.500,2.977778,0
2024,09,SAN MARTIN,LAMAS,52.000,95.500,1.346154,0
2024,09,SAN MARTIN,MARISCAL CACERES,0.000,34.000,0.000000,1
2024,09,SAN MARTIN,MOYOBAMBA,0.000,44.000,0.000000,1
2024,09,SAN MARTIN,PICOTA,26.000,85.250,1.276923,0
2024,09,SAN MARTIN,RIOJA,0.000,25.000,0.000000,1
2024,09,SAN MARTIN,SAN MARTIN,28.000,216.000,2.760714,0
2024,09,SAN MARTIN,TOCACHE,0.000,13.000,0.000000,1
2024,09,TUMBES,CONTRALMIRANTE VILLAR,143.510,113.750,1.500000,0
2024,09,TUMBES,TUMBES,398.430,848.400,1.579470,0
2024,09,TUMBES,ZARUMILLA,3317.540,2588.069,1.700000,0
2024,09,UCAYALI,ATALAYA,77.710,285.000,5.382962,0
2024,09,UCAYALI,CORONEL PORTILLO,316.460,1653.000,5.298867,0
2024,09,UCAYALI,PADRE ABAD,197.581,625.000,5.454690,0
2024,09,UCAYALI,PURUS,2.150,44.000,7.250000,0
2024,10,AMAZONAS,BAGUA,27.400,76.500,2.789781,0
2024,10,AMAZONAS,CHACHAPOYAS,13.100,43.000,2.023664,0
2024,10,AMAZONAS,LUYA,21.750,32.000,2.701379,0
2024,10,AMAZONAS,UTCUBAMBA,243.000,549.000,1.800000,0
2024,10,ANCASH,CASMA,28.000,64.000,2.250000,0
2024,10,ANCASH,HUARMEY,5.000,4.000,2.600000,0
2024,10,ANCASH,HUAYLAS,17.000,12.000,2.529412,0
2024,10,ANCASH,SANTA,4.000,5.000,2.500000,0
2024,10,APURIMAC,ABANCAY,4.000,33.500,0.900000,0
2024,10,APURIMAC,ANDAHUAYLAS,0.000,33.000,0.000000,1
2024,10,APURIMAC,AYMARAES,1.200,7.000,1.000000,0
2024,10,APURIMAC,CHINCHEROS,0.000,56.500,0.000000,1
2024,10,APURIMAC,GRAU,0.000,2.000,0.000000,1
2024,10,AREQUIPA,CARAVELI,0.000,3.000,0.000000,1
2024,10,AREQUIPA,LA UNION,0.000,11.000,0.000000,1
2024,10,AYACUCHO,HUAMANGA,1.000,2.000,2.600000,0
2024,10,AYACUCHO,HUANTA,1.000,24.750,3.000000,0
2024,10,AYACUCHO,LA MAR,6.000,33.000,2.170000,0
2024,10,AYACUCHO,LUCANAS,0.000,4.000,0.000000,1
2024,10,AYACUCHO,PARINACOCHAS,0.000,3.500,0.000000,1
2024,10,AYACUCHO,PAUCAR DEL SARA SARA,0.000,9.000,0.000000,1
2024,10,AYACUCHO,VILCAS HUAMAN,0.000,8.670,0.000000,1
2024,10,CAJAMARCA,CAJABAMBA,3.950,15.900,1.727570,0
2024,10,CAJAMARCA,CHOTA,0.000,61.250,0.000000,1
2024,10,CAJAMARCA,JAEN,3.610,16.000,2.500000,0
2024,10,CAJAMARCA,SAN IGNACIO,0.000,28.000,0.000000,1
2024,10,CAJAMARCA,SAN MARCOS,2.850,9.000,0.652632,0
2024,10,CAJAMARCA,SAN MIGUEL,23.000,30.000,2.565217,0
2024,10,CAJAMARCA,SANTA CRUZ,0.000,4.500,0.000000,1
2024,10,CUSCO,LA CONVENCION,128.000,275.000,1.714844,0
2024,10,HUANCAVELICA,ACOBAMBA,0.000,4.000,0.000000,1
2024,10,HUANCAVELICA,ANGARAES,0.000,5.000,0.000000,1
2024,10,HUANCAVELICA,CASTROVIRREYNA,2.140,6.300,1.500000,0
2024,10,HUANCAVELICA,CHURCAMPA,0.000,6.000,0.000000,1
2024,10,HUANCAVELICA,HUAYTARA,0.300,3.000,2.000000,0
2024,10,HUANCAVELICA,TAYACAJA,0.000,28.000,0.000000,1
2024,10,HUANUCO,HUACAYBAMBA,0.000,9.000,0.000000,1
2024,10,HUANUCO,HUAMALIES,12.800,22.000,2.300000,0
2024,10,HUANUCO,HUANUCO,4.000,11.250,1.900000,0
2024,10,HUANUCO,LEONCIO PRADO,25.200,103.000,2.199206,0
2024,10,HUANUCO,MARAÑON,0.000,7.000,0.000000,1
2024,10,HUANUCO,PUERTO INCA,4.000,23.000,2.000000,0
2024,10,ICA,CHINCHA,23.800,7.000,1.400000,0
2024,10,ICA,ICA,0.000,25.720,0.000000,1
2024,10,ICA,NASCA,0.000,0.090,0.000000,1
2024,10,ICA,PALPA,0.000,5.260,0.000000,1
2024,10,ICA,PISCO,0.000,17.400,0.000000,1
2024,10,JUNIN,CHANCHAMAYO,33.900,65.000,1.029646,0
2024,10,JUNIN,HUANCAYO,9.600,24.000,1.200000,0
2024,10,JUNIN,SATIPO,161.490,241.000,1.200557,0
2024,10,LA LIBERTAD,ASCOPE,0.000,8.500,0.000000,1
2024,10,LA LIBERTAD,BOLIVAR,0.100,9.000,1.000000,0
2024,10,LA LIBERTAD,CHEPEN,4.040,37.000,1.500000,0
2024,10,LA LIBERTAD,GRAN CHIMU,0.130,1.500,1.500000,0
2024,10,LA LIBERTAD,OTUZCO,0.000,2.000,0.000000,1
2024,10,LA LIBERTAD,PATAZ,0.620,11.000,1.400000,0
2024,10,LA LIBERTAD,SANCHEZ CARRION,0.850,37.000,1.300000,0
2024,10,LA LIBERTAD,VIRU,7.100,120.500,1.500000,0
2024,10,LAMBAYEQUE,CHICLAYO,0.000,8.000,0.000000,1
2024,10,LAMBAYEQUE,FERREÑAFE,0.000,19.000,0.000000,1
2024,10,LAMBAYEQUE,LAMBAYEQUE,974.000,3137.000,0.889887,0
2024,10,LIMA,HUAURA,0.000,11.000,0.000000,1
2024,10,LORETO,ALTO AMAZONAS,1.000,481.000,0.990000,0
2024,10,LORETO,DATEM DEL MARAÑON,0.000,50.000,0.000000,1
2024,10,LORETO,LORETO,40.000,92.000,0.928750,0
2024,10,LORETO,MARISCAL RAMON CASTILLA,0.000,69.000,0.000000,1
2024,10,LORETO,MAYNAS,386.000,932.000,0.975207,0
2024,10,LORETO,PUTUMAYO,5.000,26.000,0.980000,0
2024,10,LORETO,REQUENA,17.000,67.000,0.957647,0
2024,10,LORETO,UCAYALI,75.000,183.000,0.978400,0
2024,10,MADRE DE DIOS,MANU,11.100,44.000,2.812613,0
2024,10,MADRE DE DIOS,TAHUAMANU,8.200,37.000,3.000000,0
2024,10,MADRE DE DIOS,TAMBOPATA,18.200,134.500,2.704945,0
2024,10,MOQUEGUA,GENERAL SANCHEZ CERRO,0.000,13.000,0.000000,1
2024,10,MOQUEGUA,MARISCAL NIETO,0.000,3.500,0.000000,1
2024,10,PASCO,OXAPAMPA,0.000,10.000,0.000000,1
2024,10,PIURA,AYABACA,8.000,87.000,0.750000,0
2024,10,PIURA,HUANCABAMBA,58.000,63.000,1.586207,0
2024,10,PIURA,MORROPON,1083.000,1345.000,1.508310,0
2024,10,PIURA,PAITA,36.000,53.000,1.500000,0
2024,10,PIURA,PIURA,7566.000,12042.000,0.983849,0
2024,10,PIURA,SECHURA,8.000,5.000,0.802500,0
2024,10,PIURA,SULLANA,7518.000,3790.000,1.509944,0
2024,10,PUNO,CARABAYA,0.000,1.000,0.000000,1
2024,10,PUNO,SANDIA,0.000,5.000,0.000000,1
2024,10,SAN MARTIN,BELLAVISTA,7.800,55.500,1.628205,0
2024,10,SAN MARTIN,EL DORADO,0.000,14.000,0.000000,1
2024,10,SAN MARTIN,HUALLAGA,26.000,50.500,2.976923,0
2024,10,SAN MARTIN,LAMAS,62.000,95.500,1.346774,0
2024,10,SAN MARTIN,MARISCAL CACERES,0.000,34.000,0.000000,1
2024,10,SAN MARTIN,MOYOBAMBA,0.000,44.000,0.000000,1
2024,10,SAN MARTIN,PICOTA,29.000,85.250,1.279310,0
2024,10,SAN MARTIN,RIOJA,0.000,25.000,0.000000,1
2024,10,SAN MARTIN,SAN MARTIN,26.500,216.000,2.758491,0
2024,10,SAN MARTIN,TOCACHE,0.000,13.000,0.000000,1
2024,10,TUMBES,CONTRALMIRANTE VILLAR,145.828,115.250,1.500000,0
2024,10,TUMBES,TUMBES,913.040,853.400,2.000000,0
2024,10,TUMBES,ZARUMILLA,3463.540,2603.069,2.250000,0
2024,10,UCAYALI,ATALAYA,63.260,289.000,5.776742,0
2024,10,UCAYALI,CORONEL PORTILLO,269.870,1541.000,5.632805,0
2024,10,UCAYALI,PADRE ABAD,166.170,627.000,5.807525,0
2024,10,UCAYALI,PURUS,1.850,46.000,7.850000,0
2024,11,AMAZONAS,BAGUA,27.550,76.500,2.832668,0
2024,11,AMAZONAS,CHACHAPOYAS,11.800,43.000,2.000000,0
2024,11,AMAZONAS,LUYA,21.400,32.000,2.750467,0
2024,11,AMAZONAS,UTCUBAMBA,295.000,549.000,1.844068,0
2024,11,ANCASH,CASMA,28.000,64.000,2.521429,0
2024,11,ANCASH,HUARMEY,4.000,4.000,2.500000,0
2024,11,ANCASH,HUAYLAS,17.000,12.000,2.600000,0
2024,11,ANCASH,SANTA,5.000,5.000,2.600000,0
2024,11,APURIMAC,ABANCAY,14.000,33.500,1.085714,0
2024,11,APURIMAC,ANDAHUAYLAS,0.000,33.000,0.000000,1
2024,11,APURIMAC,AYMARAES,1.000,7.000,1.000000,0
2024,11,APURIMAC,CHINCHEROS,0.000,61.500,0.000000,1
2024,11,APURIMAC,GRAU,0.000,2.000,0.000000,1
2024,11,AREQUIPA,CARAVELI,0.000,3.000,0.000000,1
2024,11,AREQUIPA,LA UNION,0.000,11.000,0.000000,1
2024,11,AYACUCHO,HUAMANGA,0.500,2.500,1.150000,0
2024,11,AYACUCHO,HUANTA,0.000,24.750,0.000000,1
2024,11,AYACUCHO,LA MAR,7.000,33.000,2.285714,0
2024,11,AYACUCHO,LUCANAS,0.000,4.000,0.000000,1
2024,11,AYACUCHO,PARINACOCHAS,0.000,3.500,0.000000,1
2024,11,AYACUCHO,PAUCAR DEL SARA SARA,0.000,9.000,0.000000,1
2024,11,AYACUCHO,VILCAS HUAMAN,0.000,8.670,0.000000,1
2024,11,CAJAMARCA,CAJABAMBA,4.080,15.900,1.727132,0
2024,11,CAJAMARCA,CHOTA,0.000,61.250,0.000000,1
2024,11,CAJAMARCA,JAEN,3.029,16.000,2.500000,0
2024,11,CAJAMARCA,SAN IGNACIO,0.000,28.000,0.000000,1
2024,11,CAJAMARCA,SAN MARCOS,2.850,9.000,0.550877,0
2024,11,CAJAMARCA,SAN MIGUEL,0.000,30.000,0.000000,1
2024,11,CAJAMARCA,SANTA CRUZ,0.000,4.500,0.000000,1
2024,11,CUSCO,LA CONVENCION,137.000,275.000,1.810219,0
2024,11,HUANCAVELICA,ACOBAMBA,0.000,4.000,0.000000,1
2024,11,HUANCAVELICA,ANGARAES,0.000,6.000,0.000000,1
2024,11,HUANCAVELICA,CASTROVIRREYNA,2.850,6.300,1.000000,0
2024,11,HUANCAVELICA,CHURCAMPA,0.000,6.000,0.000000,1
2024,11,HUANCAVELICA,HUAYTARA,0.600,3.000,1.500000,0
2024,11,HUANCAVELICA,TAYACAJA,0.000,28.000,0.000000,1
2024,11,HUANUCO,HUACAYBAMBA,0.000,9.000,0.000000,1
2024,11,HUANUCO,HUAMALIES,12.500,22.000,2.200000,0
2024,11,HUANUCO,HUANUCO,2.000,11.250,1.620000,0
2024,11,HUANUCO,LEONCIO PRADO,14.500,103.000,1.953793,0
2024,11,HUANUCO,MARAÑON,0.000,7.000,0.000000,1
2024,11,HUANUCO,PUERTO INCA,6.000,23.000,2.130000,0
2024,11,ICA,CHINCHA,10.220,7.000,1.350000,0
2024,11,ICA,ICA,0.000,25.720,0.000000,1
2024,11,ICA,NASCA,0.000,0.090,0.000000,1
2024,11,ICA,PALPA,0.000,5.260,0.000000,1
2024,11,ICA,PISCO,0.000,17.400,0.000000,1
2024,11,JUNIN,CHANCHAMAYO,39.550,65.000,0.951833,0
2024,11,JUNIN,HUANCAYO,12.000,24.000,1.000000,0
2024,11,JUNIN,SATIPO,126.590,241.000,1.224583,0
2024,11,LA LIBERTAD,ASCOPE,2.129,8.500,1.500000,0
2024,11,LA LIBERTAD,BOLIVAR,0.000,9.000,0.000000,1
2024,11,LA LIBERTAD,CHEPEN,4.010,37.000,1.389776,0
2024,11,LA LIBERTAD,GRAN CHIMU,0.000,1.500,0.000000,1
2024,11,LA LIBERTAD,OTUZCO,0.000,2.000,0.000000,1
2024,11,LA LIBERTAD,PATAZ,0.000,11.000,0.000000,1
2024,11,LA LIBERTAD,SANCHEZ CARRION,0.820,37.000,1.200000,0
2024,11,LA LIBERTAD,VIRU,7.450,120.500,1.300000,0
2024,11,LAMBAYEQUE,CHICLAYO,0.000,8.000,0.000000,1
2024,11,LAMBAYEQUE,FERREÑAFE,0.000,19.000,0.000000,1
2024,11,LAMBAYEQUE,LAMBAYEQUE,2665.000,3137.000,0.635591,0
2024,11,LIMA,HUAURA,0.000,11.000,0.000000,1
2024,11,LORETO,ALTO AMAZONAS,71.000,481.000,0.950986,0
2024,11,LORETO,DATEM DEL MARAÑON,13.000,50.000,0.955385,0
2024,11,LORETO,LORETO,28.000,92.000,0.985357,0
2024,11,LORETO,MARISCAL RAMON CASTILLA,13.000,69.000,0.963077,0
2024,11,LORETO,MAYNAS,405.000,932.000,0.963457,0
2024,11,LORETO,PUTUMAYO,4.000,26.000,0.950000,0
2024,11,LORETO,REQUENA,18.000,67.000,0.965556,0
2024,11,LORETO,UCAYALI,49.000,183.000,0.993878,0
2024,11,MADRE DE DIOS,MANU,18.900,44.000,2.722222,0
2024,11,MADRE DE DIOS,TAHUAMANU,15.600,37.000,2.665385,0
2024,11,MADRE DE DIOS,TAMBOPATA,18.200,138.500,2.463736,0
2024,11,MOQUEGUA,GENERAL SANCHEZ CERRO,0.000,13.000,0.000000,1
2024,11,MOQUEGUA,MARISCAL NIETO,0.000,3.500,0.000000,1
2024,11,PASCO,OXAPAMPA,0.000,10.000,0.000000,1
2024,11,PIURA,AYABACA,6.000,87.000,0.950000,0
2024,11,PIURA,HUANCABAMBA,70.000,63.000,1.657143,0
2024,11,PIURA,MORROPON,1259.000,1345.000,1.498372,0
2024,11,PIURA,PAITA,36.000,53.000,1.500000,0
2024,11,PIURA,PIURA,5272.000,12042.000,1.493281,0
2024,11,PIURA,SECHURA,3.000,5.000,0.733333,0
2024,11,PIURA,SULLANA,7518.000,3790.000,1.500000,0
2024,11,PUNO,CARABAYA,0.000,1.000,0.000000,1
2024,11,PUNO,SANDIA,0.000,5.000,0.000000,1
2024,11,SAN MARTIN,BELLAVISTA,23.000,55.500,1.652174,0
2024,11,SAN MARTIN,EL DORADO,7.000,14.000,1.000000,0
2024,11,SAN MARTIN,HUALLAGA,51.000,50.500,3.413725,0
2024,11,SAN MARTIN,LAMAS,56.000,95.500,1.250000,0
2024,11,SAN MARTIN,MARISCAL CACERES,14.000,34.000,0.500000,0
2024,11,SAN MARTIN,MOYOBAMBA,0.000,44.000,0.000000,1
2024,11,SAN MARTIN,PICOTA,43.000,85.250,1.290698,0
2024,11,SAN MARTIN,RIOJA,7.000,25.000,0.828571,0
2024,11,SAN MARTIN,SAN MARTIN,41.200,216.000,2.964806,0
2024,11,SAN MARTIN,TOCACHE,5.000,13.000,1.000000,0
2024,11,TUMBES,CONTRALMIRANTE VILLAR,195.260,118.750,1.250000,0
2024,11,TUMBES,TUMBES,1238.790,857.900,1.436963,0
2024,11,TUMBES,ZARUMILLA,3782.680,2615.819,1.750000,0
2024,11,UCAYALI,ATALAYA,60.780,291.000,5.698620,0
2024,11,UCAYALI,CORONEL PORTILLO,290.359,1546.000,5.604044,0
2024,11,UCAYALI,PADRE ABAD,160.890,629.000,5.750000,0
2024,11,UCAYALI,PURUS,1.460,50.000,8.000000,0
2024,12,AMAZONAS,BAGUA,28.550,76.500,2.511559,0
2024,12,AMAZONAS,CHACHAPOYAS,12.900,43.000,2.230233,0
2024,12,AMAZONAS,LUYA,21.600,32.000,2.682407,0
2024,12,AMAZONAS,UTCUBAMBA,311.000,549.000,1.845016,0
2024,12,ANCASH,CASMA,35.000,64.000,2.351429,0
2024,12,ANCASH,HUARMEY,4.500,4.000,2.200000,0
2024,12,ANCASH,HUAYLAS,14.000,12.000,2.285714,0
2024,12,ANCASH,SANTA,5.000,5.000,2.500000,0
2024,12,APURIMAC,ABANCAY,0.000,33.500,0.000000,1
2024,12,APURIMAC,ANDAHUAYLAS,0.000,33.000,0.000000,1
2024,12,APURIMAC,AYMARAES,1.000,7.000,1.000000,0
2024,12,APURIMAC,CHINCHEROS,0.000,61.500,0.000000,1
2024,12,APURIMAC,GRAU,0.000,2.000,0.000000,1
2024,12,AREQUIPA,CARAVELI,0.000,3.000,0.000000,1
2024,12,AREQUIPA,LA UNION,0.000,11.000,0.000000,1
2024,12,AYACUCHO,HUAMANGA,1.000,2.330,2.830000,0
2024,12,AYACUCHO,HUANTA,0.000,24.750,0.000000,1
2024,12,AYACUCHO,LA MAR,8.000,33.000,2.415000,0
2024,12,AYACUCHO,LUCANAS,0.000,4.000,0.000000,1
2024,12,AYACUCHO,PARINACOCHAS,0.000,3.500,0.000000,1
2024,12,AYACUCHO,PAUCAR DEL SARA SARA,0.000,9.000,0.000000,1
2024,12,AYACUCHO,VILCAS HUAMAN,0.000,8.670,0.000000,1
2024,12,CAJAMARCA,CAJABAMBA,4.180,15.900,1.726986,0
2024,12,CAJAMARCA,CHOTA,0.000,61.250,0.000000,1
2024,12,CAJAMARCA,JAEN,4.920,16.000,2.500000,0
2024,12,CAJAMARCA,SAN IGNACIO,0.000,28.000,0.000000,1
2024,12,CAJAMARCA,SAN MARCOS,2.850,9.000,0.500000,0
2024,12,CAJAMARCA,SAN MIGUEL,0.000,30.000,0.000000,1
2024,12,CAJAMARCA,SANTA CRUZ,0.000,4.500,0.000000,1
2024,12,CUSCO,LA CONVENCION,85.000,275.000,1.818824,0
2024,12,HUANCAVELICA,ACOBAMBA,0.000,4.000,0.000000,1
2024,12,HUANCAVELICA,ANGARAES,0.000,6.000,0.000000,1
2024,12,HUANCAVELICA,CASTROVIRREYNA,2.550,6.300,0.857843,0
2024,12,HUANCAVELICA,CHURCAMPA,0.000,6.000,0.000000,1
2024,12,HUANCAVELICA,HUAYTARA,0.700,3.000,2.000000,0
2024,12,HUANCAVELICA,TAYACAJA,0.000,28.000,0.000000,1
2024,12,HUANUCO,HUACAYBAMBA,3.000,9.000,2.570000,0
2024,12,HUANUCO,HUAMALIES,11.400,22.000,2.000000,0
2024,12,HUANUCO,HUANUCO,0.000,11.250,0.000000,1
2024,12,HUANUCO,LEONCIO PRADO,12.600,103.000,1.752381,0
2024,12,HUANUCO,MARAÑON,0.000,7.000,0.000000,1
2024,12,HUANUCO,PUERTO INCA,6.000,23.000,1.900000,0
2024,12,ICA,CHINCHA,0.000,7.000,0.000000,1
2024,12,ICA,ICA,0.000,25.720,0.000000,1
2024,12,ICA,NASCA,0.000,0.090,0.000000,1
2024,12,ICA,PALPA,0.000,5.260,0.000000,1
2024,12,ICA,PISCO,0.000,17.400,0.000000,1
2024,12,JUNIN,CHANCHAMAYO,36.350,65.000,1.000000,0
2024,12,JUNIN,HUANCAYO,24.000,24.000,1.000000,0
2024,12,JUNIN,SATIPO,161.700,241.000,1.130612,0
2024,12,LA LIBERTAD,ASCOPE,1.650,8.500,1.100000,0
2024,12,LA LIBERTAD,BOLIVAR,0.000,9.000,0.000000,1
2024,12,LA LIBERTAD,CHEPEN,4.040,37.000,1.130693,0
2024,12,LA LIBERTAD,GRAN CHIMU,0.000,1.500,0.000000,1
2024,12,LA LIBERTAD,OTUZCO,0.000,2.000,0.000000,1
2024,12,LA LIBERTAD,PATAZ,0.000,11.000,0.000000,1
2024,12,LA LIBERTAD,SANCHEZ CARRION,0.000,37.000,0.000000,1
2024,12,LA LIBERTAD,VIRU,8.410,120.500,1.000000,0
2024,12,LAMBAYEQUE,CHICLAYO,0.000,8.000,0.000000,1
2024,12,LAMBAYEQUE,FERREÑAFE,10.000,19.000,0.600000,0
2024,12,LAMBAYEQUE,LAMBAYEQUE,3235.000,3137.000,0.674665,0
2024,12,LIMA,HUAURA,0.000,11.000,0.000000,1
2024,12,LORETO,ALTO AMAZONAS,116.000,481.000,0.978879,0
2024,12,LORETO,DATEM DEL MARAÑON,23.000,50.000,0.971304,0
2024,12,LORETO,LORETO,32.000,92.000,0.977812,0
2024,12,LORETO,MARISCAL RAMON CASTILLA,87.000,69.000,0.968736,0
2024,12,LORETO,MAYNAS,385.000,932.000,0.983896,0
2024,12,LORETO,PUTUMAYO,18.000,26.000,0.947778,0
2024,12,LORETO,REQUENA,24.000,67.000,0.960417,0
2024,12,LORETO,UCAYALI,94.000,183.000,0.982979,0
2024,12,MADRE DE DIOS,MANU,21.500,44.000,2.974419,0
2024,12,MADRE DE DIOS,TAHUAMANU,14.800,37.000,2.500000,0
2024,12,MADRE DE DIOS,TAMBOPATA,36.600,138.500,2.500000,0
2024,12,MOQUEGUA,GENERAL SANCHEZ CERRO,14.200,13.000,2.000000,0
2024,12,MOQUEGUA,MARISCAL NIETO,0.000,3.500,0.000000,1
2024,12,PASCO,OXAPAMPA,0.000,10.000,0.000000,1
2024,12,PIURA,AYABACA,8.000,87.000,0.950000,0
2024,12,PIURA,HUANCABAMBA,70.000,63.000,1.657143,0
2024,12,PIURA,MORROPON,1319.000,1345.000,1.027111,0
2024,12,PIURA,PAITA,20.000,53.000,1.500000,0
2024,12,PIURA,PIURA,4355.000,12042.000,1.398324,0
2024,12,PIURA,SECHURA,4.000,5.000,1.000000,0
2024,12,PIURA,SULLANA,7496.000,3778.000,1.500000,0
2024,12,PUNO,CARABAYA,0.000,1.000,0.000000,1
2024,12,PUNO,SANDIA,0.000,5.000,0.000000,1
2024,12,SAN MARTIN,BELLAVISTA,193.000,55.500,2.766839,0
2024,12,SAN MARTIN,EL DORADO,8.000,14.000,1.000000,0
2024,12,SAN MARTIN,HUALLAGA,109.000,50.500,3.412844,0
2024,12,SAN MARTIN,LAMAS,58.000,95.500,1.275862,0
2024,12,SAN MARTIN,MARISCAL CACERES,18.000,34.000,0.500000,0
2024,12,SAN MARTIN,MOYOBAMBA,0.000,44.000,0.000000,1
2024,12,SAN MARTIN,PICOTA,44.000,85.250,1.259091,0
2024,12,SAN MARTIN,RIOJA,16.000,25.000,0.750000,0
2024,12,SAN MARTIN,SAN MARTIN,58.000,216.000,2.868966,0
2024,12,SAN MARTIN,TOCACHE,8.000,13.000,1.000000,0
2024,12,TUMBES,CONTRALMIRANTE VILLAR,215.435,119.750,1.250000,0
2024,12,TUMBES,TUMBES,1261.950,857.900,1.458461,0
2024,12,TUMBES,ZARUMILLA,5807.100,2623.820,1.370000,0
2024,12,UCAYALI,ATALAYA,74.140,205.000,5.434873,0
2024,12,UCAYALI,CORONEL PORTILLO,303.280,1354.000,5.436412,0
2024,12,UCAYALI,PADRE ABAD,184.259,488.000,5.500000,0
2024,12,UCAYALI,PURUS,1.980,19.000,7.250000,0
2025,01,AMAZONAS,BAGUA,40.900,76.500,1.964792,0
2025,01,AMAZONAS,CHACHAPOYAS,15.800,43.000,2.227848,0
2025,01,AMAZONAS,LUYA,21.400,32.000,2.071495,0
2025,01,AMAZONAS,UTCUBAMBA,445.000,549.000,1.854382,0
2025,01,ANCASH,CASMA,38.000,64.000,2.200000,0
2025,01,ANCASH,HUARMEY,6.000,4.000,2.100000,0
2025,01,ANCASH,HUAYLAS,15.000,12.000,2.000000,0
2025,01,ANCASH,SANTA,5.000,5.000,2.000000,0
2025,01,APURIMAC,ABANCAY,25.000,33.500,0.884000,0
2025,01,APURIMAC,ANDAHUAYLAS,15.119,33.000,2.112693,0
2025,01,APURIMAC,AYMARAES,1.900,24.000,1.000000,0
2025,01,APURIMAC,CHINCHEROS,3.000,61.500,1.500000,0
2025,01,APURIMAC,GRAU,2.000,2.000,1.800000,0
2025,01,AREQUIPA,CARAVELI,0.000,3.000,0.000000,1
2025,01,AREQUIPA,LA UNION,0.000,11.000,0.000000,1
2025,01,AYACUCHO,HUAMANGA,1.000,2.330,2.270000,0
2025,01,AYACUCHO,HUANTA,4.000,24.750,2.125000,0
2025,01,AYACUCHO,LA MAR,7.000,33.000,2.428571,0
2025,01,AYACUCHO,LUCANAS,0.000,3.000,0.000000,1
2025,01,AYACUCHO,PARINACOCHAS,0.000,3.500,0.000000,1
2025,01,AYACUCHO,PAUCAR DEL SARA SARA,0.000,9.000,0.000000,1
2025,01,AYACUCHO,VILCAS HUAMAN,0.000,8.670,0.000000,1
2025,01,CAJAMARCA,CAJABAMBA,4.300,15.900,1.730419,0
2025,01,CAJAMARCA,CHOTA,2.500,32.250,1.000000,0
2025,01,CAJAMARCA,JAEN,12.790,16.000,2.500000,0
2025,01,CAJAMARCA,SAN IGNACIO,0.000,28.000,0.000000,1
2025,01,CAJAMARCA,SAN MARCOS,1.400,9.000,0.500000,0
2025,01,CAJAMARCA,SAN MIGUEL,0.000,30.000,0.000000,1
2025,01,CAJAMARCA,SANTA CRUZ,0.000,3.500,0.000000,1
2025,01,CUSCO,LA CONVENCION,508.000,281.000,1.194488,0
2025,01,HUANCAVELICA,ACOBAMBA,0.000,4.000,0.000000,1
2025,01,HUANCAVELICA,ANGARAES,0.000,6.000,0.000000,1
2025,01,HUANCAVELICA,CASTROVIRREYNA,3.710,6.300,1.000000,0
2025,01,HUANCAVELICA,CHURCAMPA,0.000,6.000,0.000000,1
2025,01,HUANCAVELICA,HUAYTARA,1.800,3.000,1.600000,0
2025,01,HUANCAVELICA,TAYACAJA,1.500,28.000,1.000000,0
2025,01,HUANUCO,HUACAYBAMBA,4.000,9.000,2.305000,0
2025,01,HUANUCO,HUAMALIES,7.400,22.000,1.900000,0
2025,01,HUANUCO,HUANUCO,0.000,11.250,0.000000,1
2025,01,HUANUCO,LEONCIO PRADO,35.200,103.000,1.864489,0
2025,01,HUANUCO,MARAÑON,6.400,7.000,1.487500,0
2025,01,HUANUCO,PUERTO INCA,7.000,23.000,2.000000,0
2025,01,ICA,CHINCHA,0.000,3.500,0.000000,1
2025,01,ICA,ICA,0.000,25.720,0.000000,1
2025,01,ICA,NASCA,0.000,17.590,0.000000,1
2025,01,ICA,PALPA,0.000,6.110,0.000000,1
2025,01,ICA,PISCO,16.800,17.400,2.000000,0
2025,01,JUNIN,CHANCHAMAYO,42.700,65.000,1.018267,0
2025,01,JUNIN,HUANCAYO,19.200,24.000,1.500000,0
2025,01,JUNIN,SATIPO,209.900,241.000,1.009147,0
2025,01,LA LIBERTAD,ASCOPE,2.300,8.500,0.950000,0
2025,01,LA LIBERTAD,BOLIVAR,0.000,9.000,0.000000,1
2025,01,LA LIBERTAD,CHEPEN,7.410,5.000,1.000000,0
2025,01,LA LIBERTAD,GRAN CHIMU,0.000,1.500,0.000000,1
2025,01,LA LIBERTAD,OTUZCO,0.000,2.000,0.000000,1
2025,01,LA LIBERTAD,PATAZ,0.000,11.000,0.000000,1
2025,01,LA LIBERTAD,SANCHEZ CARRION,0.000,37.000,0.000000,1
2025,01,LA LIBERTAD,VIRU,15.800,120.500,0.900000,0
2025,01,LAMBAYEQUE,CHICLAYO,0.000,8.000,0.000000,1
2025,01,LAMBAYEQUE,FERREÑAFE,0.000,19.000,0.000000,1
2025,01,LAMBAYEQUE,LAMBAYEQUE,4559.000,3137.000,0.652095,0
2025,01,LIMA,HUAURA,7.800,11.000,1.600000,0
2025,01,LORETO,ALTO AMAZONAS,342.000,481.000,0.930263,0
2025,01,LORETO,DATEM DEL MARAÑON,29.000,50.000,0.959655,0
2025,01,LORETO,LORETO,66.000,92.000,0.967576,0
2025,01,LORETO,MARISCAL RAMON CASTILLA,32.000,69.000,0.943437,0
2025,01,LORETO,MAYNAS,537.000,932.000,0.969832,0
2025,01,LORETO,PUTUMAYO,7.000,26.000,0.961429,0
2025,01,LORETO,REQUENA,36.000,65.000,0.948611,0
2025,01,LORETO,UCAYALI,109.000,183.000,0.991560,0
2025,01,MADRE DE DIOS,MANU,20.500,43.000,2.804341,0
2025,01,MADRE DE DIOS,TAHUAMANU,15.000,38.000,2.500000,0
2025,01,MADRE DE DIOS,TAMBOPATA,41.800,139.500,2.382775,0
2025,01,MOQUEGUA,GENERAL SANCHEZ CERRO,0.000,13.000,0.000000,1
2025,01,MOQUEGUA,MARISCAL NIETO,0.000,3.500,0.000000,1
2025,01,PASCO,OXAPAMPA,0.000,10.000,0.000000,1
2025,01,PIURA,AYABACA,3.000,87.000,0.700000,0
2025,01,PIURA,HUANCABAMBA,10.000,63.000,0.800000,0
2025,01,PIURA,MORROPON,1945.000,1345.000,0.665707,0
2025,01,PIURA,PAITA,36.000,53.000,0.505556,0
2025,01,PIURA,PIURA,11402.000,12042.000,0.714447,0
2025,01,PIURA,SECHURA,8.000,5.000,1.000000,0
2025,01,PIURA,SULLANA,7494.000,3778.000,0.500064,0
2025,01,PUNO,CARABAYA,0.000,1.000,0.000000,1
2025,01,PUNO,SANDIA,0.000,5.000,0.000000,1
2025,01,SAN MARTIN,BELLAVISTA,20.000,55.500,3.150000,0
2025,01,SAN MARTIN,EL DORADO,10.000,20.000,1.000000,0
2025,01,SAN MARTIN,HUALLAGA,49.000,50.500,1.961224,0
2025,01,SAN MARTIN,LAMAS,63.000,95.500,1.287302,0
2025,01,SAN MARTIN,MARISCAL CACERES,20.000,34.000,0.500000,0
2025,01,SAN MARTIN,MOYOBAMBA,0.000,28.000,0.000000,1
2025,01,SAN MARTIN,PICOTA,50.000,85.250,1.260000,0
2025,01,SAN MARTIN,RIOJA,44.000,25.000,0.745455,0
2025,01,SAN MARTIN,SAN MARTIN,40.000,216.000,2.127500,0
2025,01,SAN MARTIN,TOCACHE,21.000,13.000,1.000000,0
2025,01,TUMBES,CONTRALMIRANTE VILLAR,227.509,121.250,1.000000,0
2025,01,TUMBES,TUMBES,1308.607,862.900,1.439455,0
2025,01,TUMBES,ZARUMILLA,7587.510,2653.820,1.120000,0
2025,01,UCAYALI,ATALAYA,84.130,248.000,5.155860,0
2025,01,UCAYALI,CORONEL PORTILLO,338.190,1415.000,5.242539,0
2025,01,UCAYALI,PADRE ABAD,203.899,490.000,5.307776,0
2025,01,UCAYALI,PURUS,2.350,19.000,7.000000,0
2025,02,AMAZONAS,BAGUA,44.900,76.500,1.974165,0
2025,02,AMAZONAS,CHACHAPOYAS,16.600,43.000,2.408434,0
2025,02,AMAZONAS,LUYA,29.500,32.000,2.240678,0
2025,02,AMAZONAS,UTCUBAMBA,491.000,549.000,1.792872,0
2025,02,ANCASH,CASMA,39.000,64.000,2.346154,0
2025,02,ANCASH,HUARMEY,6.000,4.000,2.200000,0
2025,02,ANCASH,HUAYLAS,14.000,12.000,2.250000,0
2025,02,ANCASH,SANTA,5.000,5.000,2.100000,0
2025,02,APURIMAC,ABANCAY,5.000,31.500,0.800000,0
2025,02,APURIMAC,ANDAHUAYLAS,18.500,33.000,2.251351,0
2025,02,APURIMAC,AYMARAES,1.800,24.000,1.000000,0
2025,02,APURIMAC,CHINCHEROS,45.500,61.500,2.384615,0
2025,02,APURIMAC,GRAU,0.000,2.000,0.000000,1
2025,02,AREQUIPA,CARAVELI,0.000,3.000,0.000000,1
2025,02,AREQUIPA,LA UNION,0.000,11.000,0.000000,1
2025,02,AYACUCHO,HUAMANGA,1.000,2.500,2.000000,0
2025,02,AYACUCHO,HUANTA,4.000,24.750,2.375000,0
2025,02,AYACUCHO,LA MAR,7.500,33.000,2.380000,0
2025,02,AYACUCHO,LUCANAS,0.000,3.000,0.000000,1
2025,02,AYACUCHO,PARINACOCHAS,0.000,3.500,0.000000,1
2025,02,AYACUCHO,PAUCAR DEL SARA SARA,0.000,9.000,0.000000,1
2025,02,AYACUCHO,VILCAS HUAMAN,2.000,8.670,2.000000,0
2025,02,CAJAMARCA,CAJABAMBA,4.420,15.900,1.730090,0
2025,02,CAJAMARCA,CHOTA,5.300,32.250,1.141509,0
2025,02,CAJAMARCA,JAEN,19.730,16.000,2.500000,0
2025,02,CAJAMARCA,SAN IGNACIO,0.000,28.000,0.000000,1
2025,02,CAJAMARCA,SAN MARCOS,2.850,9.000,0.400000,0
2025,02,CAJAMARCA,SAN MIGUEL,0.000,30.000,0.000000,1
2025,02,CAJAMARCA,SANTA CRUZ,0.000,3.500,0.000000,1
2025,02,CUSCO,LA CONVENCION,469.000,281.000,1.215139,0
2025,02,HUANCAVELICA,ACOBAMBA,0.000,4.000,0.000000,1
2025,02,HUANCAVELICA,ANGARAES,0.000,6.000,0.000000,1
2025,02,HUANCAVELICA,CASTROVIRREYNA,4.110,6.300,1.000000,0
2025,02,HUANCAVELICA,CHURCAMPA,0.000,6.000,0.000000,1
2025,02,HUANCAVELICA,HUAYTARA,3.100,3.000,1.741935,0
2025,02,HUANCAVELICA,TAYACAJA,2.000,28.000,0.800000,0
2025,02,HUANUCO,HUACAYBAMBA,7.400,9.000,2.505405,0
2025,02,HUANUCO,HUAMALIES,9.700,22.000,2.000000,0
2025,02,HUANUCO,HUANUCO,2.600,11.250,1.500000,0
2025,02,HUANUCO,LEONCIO PRADO,58.100,103.000,1.963855,0
2025,02,HUANUCO,MARAÑON,7.500,7.000,1.648000,0
2025,02,HUANUCO,PUERTO INCA,7.000,23.000,2.328571,0
2025,02,ICA,CHINCHA,0.000,3.500,0.000000,1
2025,02,ICA,ICA,150.500,25.720,2.500000,0
2025,02,ICA,NASCA,0.000,17.590,0.000000,1
2025,02,ICA,PALPA,0.000,6.110,0.000000,1
2025,02,ICA,PISCO,0.000,17.400,0.000000,1
2025,02,JUNIN,CHANCHAMAYO,48.300,65.000,1.000000,0
2025,02,JUNIN,HUANCAYO,21.600,24.000,1.600000,0
2025,02,JUNIN,SATIPO,256.900,241.000,0.954301,0
2025,02,LA LIBERTAD,ASCOPE,2.470,8.500,1.000000,0
2025,02,LA LIBERTAD,BOLIVAR,6.490,9.000,1.104777,0
2025,02,LA LIBERTAD,CHEPEN,5.000,5.000,1.000000,0
2025,02,LA LIBERTAD,GRAN CHIMU,0.000,1.500,0.000000,1
2025,02,LA LIBERTAD,OTUZCO,1.500,2.000,1.000000,0
2025,02,LA LIBERTAD,PATAZ,3.040,11.000,1.000000,0
2025,02,LA LIBERTAD,SANCHEZ CARRION,4.040,37.000,0.950000,0
2025,02,LA LIBERTAD,VIRU,126.400,120.500,0.974604,0
2025,02,LAMBAYEQUE,CHICLAYO,0.000,5.000,0.000000,1
2025,02,LAMBAYEQUE,FERREÑAFE,0.000,19.000,0.000000,1
2025,02,LAMBAYEQUE,LAMBAYEQUE,5758.000,3137.000,0.672369,0
2025,02,LIMA,HUAURA,0.000,11.000,0.000000,1
2025,02,LORETO,ALTO AMAZONAS,304.000,481.000,0.948684,0
2025,02,LORETO,DATEM DEL MARAÑON,41.000,50.000,0.952439,0
2025,02,LORETO,LORETO,61.000,92.000,0.974754,0
2025,02,LORETO,MARISCAL RAMON CASTILLA,44.000,69.000,0.943182,0
2025,02,LORETO,MAYNAS,515.000,932.000,0.986233,0
2025,02,LORETO,PUTUMAYO,11.000,26.000,0.963636,0
2025,02,LORETO,REQUENA,38.000,65.000,0.950000,0
2025,02,LORETO,UCAYALI,121.000,183.000,0.994711,0
2025,02,MADRE DE DIOS,MANU,21.300,45.000,2.323474,0
2025,02,MADRE DE DIOS,TAHUAMANU,15.800,38.000,2.511392,0
2025,02,MADRE DE DIOS,TAMBOPATA,42.800,138.500,2.047664,0
2025,02,MOQUEGUA,GENERAL SANCHEZ CERRO,0.000,13.000,0.000000,1
2025,02,MOQUEGUA,MARISCAL NIETO,0.000,3.500,0.000000,1
2025,02,PASCO,OXAPAMPA,0.000,10.000,0.000000,1
2025,02,PIURA,AYABACA,17.000,87.000,0.752941,0
2025,02,PIURA,HUANCABAMBA,35.000,68.000,1.312286,0
2025,02,PIURA,MORROPON,1707.000,1345.000,0.986409,0
2025,02,PIURA,PAITA,27.000,53.000,0.860000,0
2025,02,PIURA,PIURA,13567.000,12043.000,0.897587,0
2025,02,PIURA,SECHURA,6.000,11.000,1.000000,0
2025,02,PIURA,SULLANA,5620.000,3806.000,0.860683,0
2025,02,PUNO,CARABAYA,0.000,1.000,0.000000,1
2025,02,PUNO,SANDIA,0.000,5.000,0.000000,1
2025,02,SAN MARTIN,BELLAVISTA,75.000,55.500,2.480000,0
2025,02,SAN MARTIN,EL DORADO,13.000,20.000,1.000000,0
2025,02,SAN MARTIN,HUALLAGA,34.000,50.500,0.961765,0
2025,02,SAN MARTIN,LAMAS,82.000,95.500,1.445122,0
2025,02,SAN MARTIN,MARISCAL CACERES,79.000,34.000,0.500000,0
2025,02,SAN MARTIN,MOYOBAMBA,24.700,28.000,2.428138,0
2025,02,SAN MARTIN,PICOTA,52.000,89.250,1.000000,0
2025,02,SAN MARTIN,RIOJA,42.000,25.000,0.742857,0
2025,02,SAN MARTIN,SAN MARTIN,64.000,216.000,1.948438,0
2025,02,SAN MARTIN,TOCACHE,29.000,13.000,1.000000,0
2025,02,TUMBES,CONTRALMIRANTE VILLAR,225.540,122.000,0.520163,0
2025,02,TUMBES,TUMBES,1323.720,862.900,1.499707,0
2025,02,TUMBES,ZARUMILLA,7424.860,2670.820,1.540000,0
2025,02,UCAYALI,ATALAYA,99.506,248.000,4.803757,0
2025,02,UCAYALI,CORONEL PORTILLO,380.960,1426.000,4.307079,0
2025,02,UCAYALI,PADRE ABAD,228.660,491.000,5.000000,0
2025,02,UCAYALI,PURUS,2.680,21.000,6.000000,0
2025,03,AMAZONAS,BAGUA,48.400,76.500,1.766942,0
2025,03,AMAZONAS,CHACHAPOYAS,16.900,43.000,2.350888,0
2025,03,AMAZONAS,LUYA,25.200,32.000,1.743651,0
2025,03,AMAZONAS,UTCUBAMBA,600.000,549.000,1.800000,0
2025,03,ANCASH,CASMA,40.000,64.000,2.367500,0
2025,03,ANCASH,HUARMEY,7.000,4.000,2.300000,0
2025,03,ANCASH,HUAYLAS,8.000,12.000,2.200000,0
2025,03,ANCASH,SANTA,6.000,5.000,2.200000,0
2025,03,APURIMAC,ABANCAY,6.000,31.500,1.000000,0
2025,03,APURIMAC,ANDAHUAYLAS,43.500,33.000,2.363908,0
2025,03,APURIMAC,AYMARAES,1.800,24.000,1.000000,0
2025,03,APURIMAC,CHINCHEROS,47.700,61.500,2.402600,0
2025,03,APURIMAC,GRAU,2.000,2.000,1.800000,0
2025,03,AREQUIPA,CARAVELI,6.500,3.000,2.800000,0
2025,03,AREQUIPA,LA UNION,29.000,11.000,2.511034,0
2025,03,AYACUCHO,HUAMANGA,1.000,2.500,2.000000,0
2025,03,AYACUCHO,HUANTA,5.250,24.750,2.066667,0
2025,03,AYACUCHO,LA MAR,12.100,33.000,2.217355,0
2025,03,AYACUCHO,LUCANAS,2.000,3.000,1.500000,0
2025,03,AYACUCHO,PARINACOCHAS,0.000,3.500,0.000000,1
2025,03,AYACUCHO,PAUCAR DEL SARA SARA,0.000,9.000,0.000000,1
2025,03,AYACUCHO,VILCAS HUAMAN,4.330,8.670,1.885681,0
2025,03,CAJAMARCA,CAJABAMBA,4.410,15.900,1.728912,0
2025,03,CAJAMARCA,CHOTA,39.000,32.250,1.116410,0
2025,03,CAJAMARCA,JAEN,16.220,16.000,2.600000,0
2025,03,CAJAMARCA,SAN IGNACIO,7.730,28.000,1.500000,0
2025,03,CAJAMARCA,SAN MARCOS,0.000,9.000,0.000000,1
2025,03,CAJAMARCA,SAN MIGUEL,0.000,30.000,0.000000,1
2025,03,CAJAMARCA,SANTA CRUZ,5.000,3.500,1.000000,0
2025,03,CUSCO,LA CONVENCION,233.000,281.000,1.371245,0
2025,03,HUANCAVELICA,ACOBAMBA,0.000,4.000,0.000000,1
2025,03,HUANCAVELICA,ANGARAES,1.500,6.000,0.866667,0
2025,03,HUANCAVELICA,CASTROVIRREYNA,4.230,6.300,0.850000,0
2025,03,HUANCAVELICA,CHURCAMPA,0.000,6.000,0.000000,1
2025,03,HUANCAVELICA,HUAYTARA,5.500,3.000,1.566364,0
2025,03,HUANCAVELICA,TAYACAJA,1.800,28.000,0.900000,0
2025,03,HUANUCO,HUACAYBAMBA,11.000,9.000,2.555455,0
2025,03,HUANUCO,HUAMALIES,13.000,22.000,1.600000,0
2025,03,HUANUCO,HUANUCO,3.700,11.250,1.540000,0
2025,03,HUANUCO,LEONCIO PRADO,88.600,103.000,1.773702,0
2025,03,HUANUCO,MARAÑON,8.400,7.000,1.433333,0
2025,03,HUANUCO,PUERTO INCA,9.000,23.000,2.500000,0
2025,03,ICA,CHINCHA,0.000,3.500,0.000000,1
2025,03,ICA,ICA,200.000,25.720,2.500000,0
2025,03,ICA,NASCA,0.000,17.590,0.000000,1
2025,03,ICA,PALPA,0.000,6.110,0.000000,1
2025,03,ICA,PISCO,0.000,17.400,0.000000,1
2025,03,JUNIN,CHANCHAMAYO,48.730,64.000,1.000000,0
2025,03,JUNIN,HUANCAYO,22.800,24.000,0.900000,0
2025,03,JUNIN,SATIPO,401.100,241.000,1.048367,0
2025,03,LA LIBERTAD,ASCOPE,2.370,8.500,1.000000,0
2025,03,LA LIBERTAD,BOLIVAR,6.540,9.000,1.000000,0
2025,03,LA LIBERTAD,CHEPEN,4.790,5.000,1.000000,0
2025,03,LA LIBERTAD,GRAN CHIMU,0.000,1.500,0.000000,1
2025,03,LA LIBERTAD,OTUZCO,1.250,2.000,1.000000,0
2025,03,LA LIBERTAD,PATAZ,5.170,11.000,1.000000,0
2025,03,LA LIBERTAD,SANCHEZ CARRION,6.300,33.000,1.000000,0
2025,03,LA LIBERTAD,VIRU,122.100,120.500,1.000000,0
2025,03,LAMBAYEQUE,CHICLAYO,0.000,5.000,0.000000,1
2025,03,LAMBAYEQUE,FERREÑAFE,24.000,19.000,1.700000,0
2025,03,LAMBAYEQUE,LAMBAYEQUE,5148.000,3137.000,0.900670,0
2025,03,LIMA,HUAURA,0.000,11.000,0.000000,1
2025,03,LORETO,ALTO AMAZONAS,325.000,481.000,0.960062,0
2025,03,LORETO,DATEM DEL MARAÑON,44.000,50.000,0.977955,0
2025,03,LORETO,LORETO,79.000,92.000,1.014430,0
2025,03,LORETO,MARISCAL RAMON CASTILLA,41.000,69.000,0.943171,0
2025,03,LORETO,MAYNAS,518.000,932.000,0.987780,0
2025,03,LORETO,PUTUMAYO,10.000,26.000,0.960000,0
2025,03,LORETO,REQUENA,41.000,65.000,0.953659,0
2025,03,LORETO,UCAYALI,124.000,183.000,0.995000,0
2025,03,MADRE DE DIOS,MANU,17.300,45.000,2.611561,0
2025,03,MADRE DE DIOS,TAHUAMANU,21.000,38.000,2.500000,0
2025,03,MADRE DE DIOS,TAMBOPATA,47.500,138.500,2.001053,0
2025,03,MOQUEGUA,GENERAL SANCHEZ CERRO,0.000,13.000,0.000000,1
2025,03,MOQUEGUA,MARISCAL NIETO,0.000,3.500,0.000000,1
2025,03,PASCO,OXAPAMPA,21.500,10.000,1.534884,0
2025,03,PIURA,AYABACA,19.000,87.000,0.863158,0
2025,03,PIURA,HUANCABAMBA,25.000,68.000,1.500000,0
2025,03,PIURA,MORROPON,1616.000,1345.000,1.000000,0
2025,03,PIURA,PAITA,27.000,53.000,1.500000,0
2025,03,PIURA,PIURA,17391.000,12085.000,1.261597,0
2025,03,PIURA,SECHURA,6.000,11.000,1.066667,0
2025,03,PIURA,SULLANA,5620.000,4676.000,1.500000,0
2025,03,PUNO,CARABAYA,0.000,1.000,0.000000,1
2025,03,PUNO,SANDIA,0.000,5.000,0.000000,1
2025,03,SAN MARTIN,BELLAVISTA,101.000,55.500,2.000000,0
2025,03,SAN MARTIN,EL DORADO,26.000,20.000,1.000000,0
2025,03,SAN MARTIN,HUALLAGA,93.000,50.500,0.862366,0
2025,03,SAN MARTIN,LAMAS,92.000,95.500,1.443478,0
2025,03,SAN MARTIN,MARISCAL CACERES,82.000,34.000,0.500000,0
2025,03,SAN MARTIN,MOYOBAMBA,60.650,28.000,2.501072,0
2025,03,SAN MARTIN,PICOTA,45.000,89.250,0.900000,0
2025,03,SAN MARTIN,RIOJA,44.000,25.000,0.713636,0
2025,03,SAN MARTIN,SAN MARTIN,81.000,216.000,1.833333,0
2025,03,SAN MARTIN,TOCACHE,35.000,13.000,1.000000,0
2025,03,TUMBES,CONTRALMIRANTE VILLAR,218.244,122.000,0.800000,0
2025,03,TUMBES,TUMBES,1108.605,850.700,1.266443,0
2025,03,TUMBES,ZARUMILLA,6121.939,2683.070,1.120000,0
2025,03,UCAYALI,ATALAYA,88.180,248.000,4.382511,0
2025,03,UCAYALI,CORONEL PORTILLO,366.769,1435.000,3.914222,0
2025,03,UCAYALI,PADRE ABAD,202.589,494.000,5.000000,0
2025,03,UCAYALI,PURUS,2.548,24.000,6.850000,0
2025,04,AMAZONAS,BAGUA,40.600,76.500,1.929310,0
2025,04,AMAZONAS,CHACHAPOYAS,15.200,43.000,1.984211,0
2025,04,AMAZONAS,LUYA,25.100,32.000,1.658964,0
2025,04,AMAZONAS,UTCUBAMBA,539.000,549.000,1.069573,0
2025,04,ANCASH,CASMA,38.000,64.000,2.421053,0
2025,04,ANCASH,HUARMEY,6.000,4.000,2.400000,0
2025,04,ANCASH,HUAYLAS,14.000,12.000,2.328571,0
2025,04,ANCASH,SANTA,5.000,5.000,2.300000,0
2025,04,APURIMAC,ABANCAY,21.000,31.500,1.166667,0
2025,04,APURIMAC,ANDAHUAYLAS,22.000,33.000,2.590909,0
2025,04,APURIMAC,AYMARAES,1.800,24.000,1.000000,0
2025,04,APURIMAC,CHINCHEROS,10.000,61.500,2.500000,0
2025,04,APURIMAC,GRAU,0.000,2.000,0.000000,1
2025,04,AREQUIPA,CARAVELI,0.000,3.000,0.000000,1
2025,04,AREQUIPA,LA UNION,0.000,11.000,0.000000,1
2025,04,AYACUCHO,HUAMANGA,1.000,2.500,2.300000,0
2025,04,AYACUCHO,HUANTA,11.200,24.800,2.312500,0
2025,04,AYACUCHO,LA MAR,16.070,33.170,2.169259,0
2025,04,AYACUCHO,LUCANAS,3.000,3.000,1.500000,0
2025,04,AYACUCHO,PARINACOCHAS,1.330,3.330,1.181654,0
2025,04,AYACUCHO,PAUCAR DEL SARA SARA,11.000,9.000,2.436364,0
2025,04,AYACUCHO,VILCAS HUAMAN,7.330,8.670,1.772851,0
2025,04,CAJAMARCA,CAJABAMBA,4.340,15.900,1.728618,0
2025,04,CAJAMARCA,CHOTA,39.000,32.250,1.011538,0
2025,04,CAJAMARCA,JAEN,14.970,16.000,2.600000,0
2025,04,CAJAMARCA,SAN IGNACIO,9.400,28.000,1.492553,0
2025,04,CAJAMARCA,SAN MARCOS,2.850,9.000,2.000000,0
2025,04,CAJAMARCA,SAN MIGUEL,0.000,30.000,0.000000,1
2025,04,CAJAMARCA,SANTA CRUZ,5.000,3.500,1.000000,0
2025,04,CUSCO,LA CONVENCION,116.000,281.000,1.500000,0
2025,04,HUANCAVELICA,ACOBAMBA,3.100,4.000,0.995161,0
2025,04,HUANCAVELICA,ANGARAES,3.400,6.000,0.864706,0
2025,04,HUANCAVELICA,CASTROVIRREYNA,3.070,6.300,0.884202,0
2025,04,HUANCAVELICA,CHURCAMPA,5.200,6.000,0.975000,0
2025,04,HUANCAVELICA,HUAYTARA,5.130,3.000,2.108480,0
2025,04,HUANCAVELICA,TAYACAJA,25.800,28.000,0.879070,0
2025,04,HUANUCO,HUACAYBAMBA,21.000,9.000,2.558571,0
2025,04,HUANUCO,HUAMALIES,16.000,22.000,1.700000,0
2025,04,HUANUCO,HUANUCO,5.000,11.500,1.209600,0
2025,04,HUANUCO,LEONCIO PRADO,110.000,103.000,1.928545,0
2025,04,HUANUCO,MARAÑON,10.000,7.000,1.680000,0
2025,04,HUANUCO,PUERTO INCA,10.000,23.000,2.400000,0
2025,04,ICA,CHINCHA,0.000,3.500,0.000000,1
2025,04,ICA,ICA,101.500,25.720,2.500000,0
2025,04,ICA,NASCA,0.000,17.590,0.000000,1
2025,04,ICA,PALPA,0.000,6.110,0.000000,1
2025,04,ICA,PISCO,0.000,17.400,0.000000,1
2025,04,JUNIN,CHANCHAMAYO,49.100,64.000,1.000000,0
2025,04,JUNIN,HUANCAYO,21.600,24.000,1.000000,0
2025,04,JUNIN,SATIPO,455.000,241.000,1.093538,0
2025,04,LA LIBERTAD,ASCOPE,3.500,8.500,1.000000,0
2025,04,LA LIBERTAD,BOLIVAR,6.330,9.000,1.050395,0
2025,04,LA LIBERTAD,CHEPEN,4.890,5.000,1.000000,0
2025,04,LA LIBERTAD,GRAN CHIMU,0.468,1.500,1.000000,0
2025,04,LA LIBERTAD,OTUZCO,1.620,2.000,1.000000,0
2025,04,LA LIBERTAD,PATAZ,12.150,11.000,1.016461,0
2025,04,LA LIBERTAD,SANCHEZ CARRION,10.100,33.000,1.000000,0
2025,04,LA LIBERTAD,VIRU,76.500,120.500,1.000000,0
2025,04,LAMBAYEQUE,CHICLAYO,0.000,5.000,0.000000,1
2025,04,LAMBAYEQUE,FERREÑAFE,9.000,19.000,0.800000,0
2025,04,LAMBAYEQUE,LAMBAYEQUE,3633.000,3137.000,0.873011,0
2025,04,LIMA,HUAURA,0.000,11.000,0.000000,1
2025,04,LORETO,ALTO AMAZONAS,319.000,481.000,0.950878,0
2025,04,LORETO,DATEM DEL MARAÑON,32.000,50.000,0.966562,0
2025,04,LORETO,LORETO,61.000,92.000,0.984918,0
2025,04,LORETO,MARISCAL RAMON CASTILLA,40.000,69.000,0.951250,0
2025,04,LORETO,MAYNAS,556.000,932.000,0.987482,0
2025,04,LORETO,PUTUMAYO,13.000,26.000,0.960000,0
2025,04,LORETO,REQUENA,42.000,65.000,0.966905,0
2025,04,LORETO,UCAYALI,113.000,183.000,0.993894,0
2025,04,MADRE DE DIOS,MANU,15.700,47.000,2.255414,0
2025,04,MADRE DE DIOS,TAHUAMANU,12.000,37.000,2.310000,0
2025,04,MADRE DE DIOS,TAMBOPATA,42.800,138.500,2.085280,0
2025,04,MOQUEGUA,GENERAL SANCHEZ CERRO,10.900,13.000,3.382569,0
2025,04,MOQUEGUA,MARISCAL NIETO,0.000,3.500,0.000000,1
2025,04,PASCO,OXAPAMPA,0.000,10.000,0.000000,1
2025,04,PIURA,AYABACA,55.000,85.000,1.236364,0
2025,04,PIURA,HUANCABAMBA,27.000,68.000,1.262963,0
2025,04,PIURA,MORROPON,1502.000,1343.000,0.829294,0
2025,04,PIURA,PAITA,36.000,53.000,1.500000,0
2025,04,PIURA,PIURA,16826.000,12117.000,1.263414,0
2025,04,PIURA,SECHURA,6.000,11.000,1.000000,0
2025,04,PIURA,SULLANA,7492.000,4696.000,1.500000,0
2025,04,PUNO,CARABAYA,0.000,1.000,0.000000,1
2025,04,PUNO,SANDIA,1.500,5.000,1.800000,0
2025,04,SAN MARTIN,BELLAVISTA,104.000,55.500,2.000000,0
2025,04,SAN MARTIN,EL DORADO,45.000,20.000,1.000000,0
2025,04,SAN MARTIN,HUALLAGA,56.000,50.500,0.964286,0
2025,04,SAN MARTIN,LAMAS,98.600,95.500,1.441582,0
2025,04,SAN MARTIN,MARISCAL CACERES,95.000,34.000,0.500000,0
2025,04,SAN MARTIN,MOYOBAMBA,117.500,28.000,2.189362,0
2025,04,SAN MARTIN,PICOTA,40.000,89.250,0.900000,0
2025,04,SAN MARTIN,RIOJA,39.000,25.000,0.741026,0
2025,04,SAN MARTIN,SAN MARTIN,95.500,216.000,1.918848,0
2025,04,SAN MARTIN,TOCACHE,47.000,13.000,1.000000,0
2025,04,TUMBES,CONTRALMIRANTE VILLAR,199.220,122.000,1.000000,0
2025,04,TUMBES,TUMBES,988.840,850.700,1.000000,0
2025,04,TUMBES,ZARUMILLA,6040.419,2690.320,1.120000,0
2025,04,UCAYALI,ATALAYA,61.010,248.000,4.961736,0
2025,04,UCAYALI,CORONEL PORTILLO,199.751,1441.000,4.334264,0
2025,04,UCAYALI,PADRE ABAD,165.020,495.000,5.225990,0
2025,04,UCAYALI,PURUS,1.410,25.000,7.000000,0
2025,05,AMAZONAS,BAGUA,31.700,76.500,2.217666,0
2025,05,AMAZONAS,CHACHAPOYAS,14.100,43.000,2.000000,0
2025,05,AMAZONAS,LUYA,26.100,32.000,1.556322,0
2025,05,AMAZONAS,UTCUBAMBA,515.000,549.000,1.057282,0
2025,05,ANCASH,CASMA,33.000,64.000,2.351515,0
2025,05,ANCASH,HUARMEY,6.000,4.000,2.600000,0
2025,05,ANCASH,HUAYLAS,13.000,12.000,2.200000,0
2025,05,ANCASH,SANTA,6.000,5.000,2.200000,0
2025,05,APURIMAC,ABANCAY,0.000,31.500,0.000000,1
2025,05,APURIMAC,ANDAHUAYLAS,1.550,33.000,3.500000,0
2025,05,APURIMAC,AYMARAES,1.700,24.000,0.964706,0
2025,05,APURIMAC,CHINCHEROS,0.000,61.500,0.000000,1
2025,05,APURIMAC,GRAU,1.000,2.000,1.600000,0
2025,05,AREQUIPA,CARAVELI,0.000,3.000,0.000000,1
2025,05,AREQUIPA,LA UNION,0.000,11.000,0.000000,1
2025,05,AYACUCHO,HUAMANGA,0.670,2.330,1.570000,0
2025,05,AYACUCHO,HUANTA,10.750,24.750,2.108837,0
2025,05,AYACUCHO,LA MAR,19.950,33.250,2.170927,0
2025,05,AYACUCHO,LUCANAS,4.000,3.000,1.600000,0
2025,05,AYACUCHO,PARINACOCHAS,2.670,3.330,1.171723,0
2025,05,AYACUCHO,PAUCAR DEL SARA SARA,16.000,9.000,2.525000,0
2025,05,AYACUCHO,VILCAS HUAMAN,7.330,8.670,1.629604,0
2025,05,CAJAMARCA,CAJABAMBA,4.280,15.900,1.728832,0
2025,05,CAJAMARCA,CHOTA,37.000,32.250,1.000000,0
2025,05,CAJAMARCA,JAEN,11.180,16.000,2.600000,0
2025,05,CAJAMARCA,SAN IGNACIO,8.500,28.000,1.500000,0
2025,05,CAJAMARCA,SAN MARCOS,2.850,9.000,1.491228,0
2025,05,CAJAMARCA,SAN MIGUEL,5.000,30.000,1.100000,0
2025,05,CAJAMARCA,SANTA CRUZ,9.000,3.500,1.166667,0
2025,05,CUSCO,LA CONVENCION,76.000,281.000,1.500000,0
2025,05,HUANCAVELICA,ACOBAMBA,7.350,4.000,1.146259,0
2025,05,HUANCAVELICA,ANGARAES,4.100,6.000,0.881098,0
2025,05,HUANCAVELICA,CASTROVIRREYNA,2.340,6.300,1.000000,0
2025,05,HUANCAVELICA,CHURCAMPA,9.800,6.000,0.889796,0
2025,05,HUANCAVELICA,HUAYTARA,2.600,3.000,2.069231,0
2025,05,HUANCAVELICA,TAYACAJA,39.000,28.000,0.830128,0
2025,05,HUANUCO,HUACAYBAMBA,11.000,9.000,2.561818,0
2025,05,HUANUCO,HUAMALIES,23.800,22.000,1.600000,0
2025,05,HUANUCO,HUANUCO,8.000,11.500,1.027500,0
2025,05,HUANUCO,LEONCIO PRADO,134.700,106.000,1.501559,0
2025,05,HUANUCO,MARAÑON,13.500,7.000,1.481481,0
2025,05,HUANUCO,PUERTO INCA,12.000,23.000,1.020833,0
2025,05,ICA,CHINCHA,0.000,3.500,0.000000,1
2025,05,ICA,ICA,37.550,25.720,2.258988,0
2025,05,ICA,NASCA,0.000,17.590,0.000000,1
2025,05,ICA,PALPA,0.000,6.110,0.000000,1
2025,05,ICA,PISCO,0.000,17.400,0.000000,1
2025,05,JUNIN,CHANCHAMAYO,52.430,64.000,0.911215,0
2025,05,JUNIN,HUANCAYO,16.800,24.000,1.000000,0
2025,05,JUNIN,SATIPO,437.300,241.000,0.930162,0
2025,05,LA LIBERTAD,ASCOPE,3.420,8.500,0.800000,0
2025,05,LA LIBERTAD,BOLIVAR,5.797,9.000,0.856926,0
2025,05,LA LIBERTAD,CHEPEN,4.620,5.000,0.800000,0
2025,05,LA LIBERTAD,GRAN CHIMU,2.010,1.500,0.682090,0
2025,05,LA LIBERTAD,OTUZCO,0.568,2.000,0.900000,0
2025,05,LA LIBERTAD,PATAZ,11.239,11.000,0.900000,0
2025,05,LA LIBERTAD,SANCHEZ CARRION,11.570,33.000,0.900000,0
2025,05,LA LIBERTAD,VIRU,88.900,120.500,0.800000,0
2025,05,LAMBAYEQUE,CHICLAYO,0.000,5.000,0.000000,1
2025,05,LAMBAYEQUE,FERREÑAFE,20.000,19.000,1.700000,0
2025,05,LAMBAYEQUE,LAMBAYEQUE,2757.000,3137.000,0.705767,0
2025,05,LIMA,HUAURA,0.000,11.000,0.000000,1
2025,05,LORETO,ALTO AMAZONAS,313.000,481.000,0.959904,0
2025,05,LORETO,DATEM DEL MARAÑON,28.000,50.000,0.959286,0
2025,05,LORETO,LORETO,61.000,92.000,0.957705,0
2025,05,LORETO,MARISCAL RAMON CASTILLA,37.000,69.000,0.958378,0
2025,05,LORETO,MAYNAS,532.000,932.000,0.992613,0
2025,05,LORETO,PUTUMAYO,15.000,26.000,0.960000,0
2025,05,LORETO,REQUENA,44.000,64.000,0.954773,0
2025,05,LORETO,UCAYALI,90.000,183.000,0.981333,0
2025,05,MADRE DE DIOS,MANU,17.100,46.000,2.578947,0
2025,05,MADRE DE DIOS,TAHUAMANU,15.200,38.000,2.075000,0
2025,05,MADRE DE DIOS,TAMBOPATA,46.200,138.500,2.082684,0
2025,05,MOQUEGUA,GENERAL SANCHEZ CERRO,23.000,13.000,3.000000,0
2025,05,MOQUEGUA,MARISCAL NIETO,7.000,3.500,2.500000,0
2025,05,PASCO,OXAPAMPA,31.200,10.000,1.500000,0
2025,05,PIURA,AYABACA,37.000,85.000,0.972973,0
2025,05,PIURA,HUANCABAMBA,18.000,68.000,1.200000,0
2025,05,PIURA,MORROPON,1768.000,1343.000,0.579581,0
2025,05,PIURA,PAITA,20.000,53.000,1.000000,0
2025,05,PIURA,PIURA,14740.000,12117.000,1.074372,0
2025,05,PIURA,SECHURA,6.000,11.000,1.000000,0
2025,05,PIURA,SULLANA,7484.000,4696.000,1.000000,0
2025,05,PUNO,CARABAYA,2.000,1.000,0.700000,0
2025,05,PUNO,SANDIA,11.540,5.000,1.458406,0
2025,05,SAN MARTIN,BELLAVISTA,125.000,55.500,2.000000,0
2025,05,SAN MARTIN,EL DORADO,54.000,20.000,1.000000,0
2025,05,SAN MARTIN,HUALLAGA,24.000,50.500,1.358333,0
2025,05,SAN MARTIN,LAMAS,92.000,95.500,1.440217,0
2025,05,SAN MARTIN,MARISCAL CACERES,16.000,34.000,0.500000,0
2025,05,SAN MARTIN,MOYOBAMBA,85.000,28.000,2.140000,0
2025,05,SAN MARTIN,PICOTA,40.000,92.250,1.000000,0
2025,05,SAN MARTIN,RIOJA,42.000,25.000,0.738095,0
2025,05,SAN MARTIN,SAN MARTIN,124.000,216.000,1.830645,0
2025,05,SAN MARTIN,TOCACHE,41.000,13.000,1.182927,0
2025,05,TUMBES,CONTRALMIRANTE VILLAR,178.245,122.000,1.000000,0
2025,05,TUMBES,TUMBES,919.300,850.700,1.000000,0
2025,05,TUMBES,ZARUMILLA,5550.830,2700.320,0.790000,0
2025,05,UCAYALI,ATALAYA,43.850,262.000,5.286239,0
2025,05,UCAYALI,CORONEL PORTILLO,163.930,1468.000,4.648399,0
2025,05,UCAYALI,PADRE ABAD,124.260,497.000,4.876231,0
2025,05,UCAYALI,PURUS,0.900,27.000,7.000000,0
2025,06,AMAZONAS,BAGUA,35.250,76.500,1.967660,0
2025,06,AMAZONAS,CHACHAPOYAS,11.200,43.000,2.714286,0
2025,06,AMAZONAS,LUYA,24.900,32.000,1.477912,0
2025,06,AMAZONAS,UTCUBAMBA,519.000,549.000,0.937187,0
2025,06,ANCASH,CASMA,36.000,64.000,2.333333,0
2025,06,ANCASH,HUARMEY,7.000,4.000,2.500000,0
2025,06,ANCASH,HUAYLAS,13.000,12.000,2.300000,0
2025,06,ANCASH,SANTA,5.000,5.000,2.100000,0
2025,06,APURIMAC,ABANCAY,5.000,31.500,1.080000,0
2025,06,APURIMAC,ANDAHUAYLAS,0.000,33.000,0.000000,1
2025,06,APURIMAC,AYMARAES,1.500,24.000,1.000000,0
2025,06,APURIMAC,CHINCHEROS,0.000,61.500,0.000000,1
2025,06,APURIMAC,GRAU,0.000,2.000,0.000000,1
2025,06,AREQUIPA,CARAVELI,13.000,3.000,2.500000,0
2025,06,AREQUIPA,LA UNION,0.000,11.000,0.000000,1
2025,06,AYACUCHO,HUAMANGA,0.330,2.330,0.800000,0
2025,06,AYACUCHO,HUANTA,7.000,24.750,2.428571,0
2025,06,AYACUCHO,LA MAR,11.500,33.000,2.245217,0
2025,06,AYACUCHO,LUCANAS,10.000,3.000,2.400000,0
2025,06,AYACUCHO,PARINACOCHAS,3.670,3.330,1.257520,0
2025,06,AYACUCHO,PAUCAR DEL SARA SARA,15.000,9.000,2.793333,0
2025,06,AYACUCHO,VILCAS HUAMAN,6.330,8.670,1.583112,0
2025,06,CAJAMARCA,CAJABAMBA,4.160,15.900,1.753534,0
2025,06,CAJAMARCA,CHOTA,41.000,32.250,1.006098,0
2025,06,CAJAMARCA,JAEN,6.300,16.000,2.600000,0
2025,06,CAJAMARCA,SAN IGNACIO,7.300,28.000,1.500000,0
2025,06,CAJAMARCA,SAN MARCOS,1.400,9.000,1.000000,0
2025,06,CAJAMARCA,SAN MIGUEL,14.000,30.000,1.142857,0
2025,06,CAJAMARCA,SANTA CRUZ,10.000,3.500,1.150000,0
2025,06,CUSCO,LA CONVENCION,46.000,281.000,1.500000,0
2025,06,HUANCAVELICA,ACOBAMBA,7.000,4.000,0.850000,0
2025,06,HUANCAVELICA,ANGARAES,5.250,6.000,0.957143,0
2025,06,HUANCAVELICA,CASTROVIRREYNA,2.440,6.300,0.879508,0
2025,06,HUANCAVELICA,CHURCAMPA,10.600,6.000,0.750943,0
2025,06,HUANCAVELICA,HUAYTARA,0.850,3.000,2.058824,0
2025,06,HUANCAVELICA,TAYACAJA,34.000,28.000,0.885294,0
2025,06,HUANUCO,HUACAYBAMBA,0.000,9.000,0.000000,1
2025,06,HUANUCO,HUAMALIES,25.000,22.000,1.300000,0
2025,06,HUANUCO,HUANUCO,12.000,11.500,1.077917,0
2025,06,HUANUCO,LEONCIO PRADO,161.000,109.000,1.196894,0
2025,06,HUANUCO,MARAÑON,9.000,7.000,1.394444,0
2025,06,HUANUCO,PUERTO INCA,15.000,23.000,1.253333,0
2025,06,ICA,CHINCHA,0.000,3.500,0.000000,1
2025,06,ICA,ICA,79.040,25.720,1.915296,0
2025,06,ICA,NASCA,89.630,17.590,3.800000,0
2025,06,ICA,PALPA,0.000,6.110,0.000000,1
2025,06,ICA,PISCO,58.000,17.400,1.800000,0
2025,06,JUNIN,CHANCHAMAYO,51.180,64.000,0.916764,0
2025,06,JUNIN,HUANCAYO,18.000,24.000,0.900000,0
2025,06,JUNIN,SATIPO,459.800,241.000,0.933134,0
2025,06,LA LIBERTAD,ASCOPE,3.579,8.500,0.900000,0
2025,06,LA LIBERTAD,BOLIVAR,5.447,9.000,1.106113,0
2025,06,LA LIBERTAD,CHEPEN,4.530,5.000,0.900000,0
2025,06,LA LIBERTAD,GRAN CHIMU,4.110,1.500,0.900000,0
2025,06,LA LIBERTAD,OTUZCO,1.160,2.000,0.900000,0
2025,06,LA LIBERTAD,PATAZ,10.045,11.000,0.974813,0
2025,06,LA LIBERTAD,SANCHEZ CARRION,10.150,33.000,0.920000,0
2025,06,LA LIBERTAD,VIRU,87.200,120.500,0.900000,0
2025,06,LAMBAYEQUE,CHICLAYO,0.000,5.000,0.000000,1
2025,06,LAMBAYEQUE,FERREÑAFE,0.000,19.000,0.000000,1
2025,06,LAMBAYEQUE,LAMBAYEQUE,1222.000,3137.000,0.703887,0
2025,06,LIMA,HUAURA,25.300,11.000,1.600000,0
2025,06,LORETO,ALTO AMAZONAS,265.000,481.000,0.971472,0
2025,06,LORETO,DATEM DEL MARAÑON,30.000,50.000,0.959000,0
2025,06,LORETO,LORETO,40.000,92.000,0.976000,0
2025,06,LORETO,MARISCAL RAMON CASTILLA,44.000,69.000,0.970000,0
2025,06,LORETO,MAYNAS,511.000,932.000,0.984266,0
2025,06,LORETO,PUTUMAYO,15.000,26.000,0.960000,0
2025,06,LORETO,REQUENA,38.000,64.000,0.959474,0
2025,06,LORETO,UCAYALI,107.000,183.000,0.981308,0
2025,06,MADRE DE DIOS,MANU,20.500,46.000,2.344878,0
2025,06,MADRE DE DIOS,TAHUAMANU,15.400,38.000,2.500000,0
2025,06,MADRE DE DIOS,TAMBOPATA,38.000,138.500,1.855263,0
2025,06,MOQUEGUA,GENERAL SANCHEZ CERRO,16.000,13.000,3.200000,0
2025,06,MOQUEGUA,MARISCAL NIETO,16.000,3.500,2.193750,0
2025,06,PASCO,OXAPAMPA,30.300,10.000,1.332508,0
2025,06,PIURA,AYABACA,50.000,85.000,1.076000,0
2025,06,PIURA,HUANCABAMBA,18.000,68.000,1.300000,0
2025,06,PIURA,MORROPON,2654.000,1343.000,0.646085,0
2025,06,PIURA,PAITA,0.000,53.000,0.000000,1
2025,06,PIURA,PIURA,13465.000,12117.000,0.981508,0
2025,06,PIURA,SECHURA,6.000,11.000,1.033333,0
2025,06,PIURA,SULLANA,7464.000,4696.000,1.000000,0
2025,06,PUNO,CARABAYA,3.250,1.000,0.700000,0
2025,06,PUNO,SANDIA,19.500,5.000,1.473333,0
2025,06,SAN MARTIN,BELLAVISTA,87.000,55.500,2.000000,0
2025,06,SAN MARTIN,EL DORADO,60.000,20.000,1.000000,0
2025,06,SAN MARTIN,HUALLAGA,18.000,50.500,1.466667,0
2025,06,SAN MARTIN,LAMAS,86.000,95.500,1.439535,0
2025,06,SAN MARTIN,MARISCAL CACERES,33.000,34.000,0.500000,0
2025,06,SAN MARTIN,MOYOBAMBA,2.000,28.000,2.600000,0
2025,06,SAN MARTIN,PICOTA,39.000,92.750,1.082051,0
2025,06,SAN MARTIN,RIOJA,40.000,25.000,0.717500,0
2025,06,SAN MARTIN,SAN MARTIN,99.000,216.000,1.321212,0
2025,06,SAN MARTIN,TOCACHE,28.000,13.000,1.607143,0
2025,06,TUMBES,CONTRALMIRANTE VILLAR,184.065,124.250,1.250000,0
2025,06,TUMBES,TUMBES,355.429,857.700,1.549820,0
2025,06,TUMBES,ZARUMILLA,4934.930,2707.320,0.750000,0
2025,06,UCAYALI,ATALAYA,52.320,280.000,5.130447,0
2025,06,UCAYALI,CORONEL PORTILLO,210.869,1474.000,4.321108,0
2025,06,UCAYALI,PADRE ABAD,137.780,500.000,5.222498,0
2025,06,UCAYALI,PURUS,1.280,27.000,7.000000,0
2025,07,AMAZONAS,BAGUA,27.200,76.500,2.132353,0
2025,07,AMAZONAS,CHACHAPOYAS,12.500,43.000,3.000000,0
2025,07,AMAZONAS,LUYA,25.400,32.000,1.492126,0
2025,07,AMAZONAS,UTCUBAMBA,515.000,549.000,0.957282,0
2025,07,ANCASH,CASMA,34.000,64.000,2.491176,0
2025,07,ANCASH,HUARMEY,0.000,4.000,0.000000,1
2025,07,ANCASH,HUAYLAS,11.000,12.000,2.400000,0
2025,07,ANCASH,SANTA,5.000,5.000,2.300000,0
2025,07,APURIMAC,ABANCAY,6.000,31.500,1.033333,0
2025,07,APURIMAC,ANDAHUAYLAS,0.000,33.000,0.000000,1
2025,07,APURIMAC,AYMARAES,1.500,24.000,1.000000,0
2025,07,APURIMAC,CHINCHEROS,0.000,61.500,0.000000,1
2025,07,APURIMAC,GRAU,1.000,2.000,1.800000,0
2025,07,AREQUIPA,CARAVELI,0.000,3.000,0.000000,1
2025,07,AREQUIPA,LA UNION,0.000,11.000,0.000000,1
2025,07,AYACUCHO,HUAMANGA,1.000,2.500,2.500000,0
2025,07,AYACUCHO,HUANTA,5.000,24.750,2.280000,0
2025,07,AYACUCHO,LA MAR,11.500,33.000,2.166087,0
2025,07,AYACUCHO,LUCANAS,5.000,3.000,2.800000,0
2025,07,AYACUCHO,PARINACOCHAS,1.330,3.330,1.402105,0
2025,07,AYACUCHO,PAUCAR DEL SARA SARA,0.000,9.000,0.000000,1
2025,07,AYACUCHO,VILCAS HUAMAN,4.330,8.670,1.703926,0
2025,07,CAJAMARCA,CAJABAMBA,4.060,15.900,1.748399,0
2025,07,CAJAMARCA,CHOTA,31.500,22.000,0.963492,0
2025,07,CAJAMARCA,JAEN,5.350,16.000,2.728224,0
2025,07,CAJAMARCA,SAN IGNACIO,6.500,28.000,1.615385,0
2025,07,CAJAMARCA,SAN MARCOS,2.900,9.000,1.500000,0
2025,07,CAJAMARCA,SAN MIGUEL,40.000,30.000,3.100000,0
2025,07,CAJAMARCA,SANTA CRUZ,10.000,3.500,1.180000,0
2025,07,CUSCO,LA CONVENCION,57.000,281.000,1.500000,0
2025,07,HUANCAVELICA,ACOBAMBA,3.900,4.000,0.919231,0
2025,07,HUANCAVELICA,ANGARAES,2.650,6.000,0.939623,0
2025,07,HUANCAVELICA,CASTROVIRREYNA,2.770,6.300,0.828881,0
2025,07,HUANCAVELICA,CHURCAMPA,10.000,6.000,0.772000,0
2025,07,HUANCAVELICA,HUAYTARA,0.150,3.000,2.200000,0
2025,07,HUANCAVELICA,TAYACAJA,24.500,28.000,0.834694,0
2025,07,HUANUCO,HUACAYBAMBA,0.000,9.000,0.000000,1
2025,07,HUANUCO,HUAMALIES,13.000,22.000,1.800000,0
2025,07,HUANUCO,HUANUCO,15.000,11.500,1.313333,0
2025,07,HUANUCO,LEONCIO PRADO,108.600,109.000,1.734254,0
2025,07,HUANUCO,MARAÑON,6.400,7.000,1.879687,0
2025,07,HUANUCO,PUERTO INCA,9.000,23.000,1.300000,0
2025,07,ICA,CHINCHA,0.000,3.500,0.000000,1
2025,07,ICA,ICA,38.510,25.720,1.780966,0
2025,07,ICA,NASCA,274.700,17.590,4.000000,0
2025,07,ICA,PALPA,30.800,6.110,2.800000,0
2025,07,ICA,PISCO,212.120,17.400,2.000000,0
2025,07,JUNIN,CHANCHAMAYO,83.000,64.000,1.010964,0
2025,07,JUNIN,HUANCAYO,12.000,24.000,1.100000,0
2025,07,JUNIN,SATIPO,318.600,241.000,1.041494,0
2025,07,LA LIBERTAD,ASCOPE,1.150,8.500,1.000000,0
2025,07,LA LIBERTAD,BOLIVAR,5.520,9.000,1.265217,0
2025,07,LA LIBERTAD,CHEPEN,4.780,5.000,1.000000,0
2025,07,LA LIBERTAD,GRAN CHIMU,2.120,1.500,1.000000,0
2025,07,LA LIBERTAD,OTUZCO,2.850,2.000,1.100000,0
2025,07,LA LIBERTAD,PATAZ,5.150,11.000,1.247379,0
2025,07,LA LIBERTAD,SANCHEZ CARRION,7.300,33.000,1.000000,0
2025,07,LA LIBERTAD,VIRU,75.170,120.500,1.015118,0
2025,07,LAMBAYEQUE,CHICLAYO,0.000,5.000,0.000000,1
2025,07,LAMBAYEQUE,FERREÑAFE,30.000,19.000,0.675000,0
2025,07,LAMBAYEQUE,LAMBAYEQUE,1338.000,3137.000,0.878625,0
2025,07,LIMA,HUAURA,0.000,11.000,0.000000,1
2025,07,LORETO,ALTO AMAZONAS,261.000,481.000,0.980498,0
2025,07,LORETO,DATEM DEL MARAÑON,28.000,50.000,0.964286,0
2025,07,LORETO,LORETO,36.000,92.000,0.972500,0
2025,07,LORETO,MARISCAL RAMON CASTILLA,44.000,69.000,0.969773,0
2025,07,LORETO,MAYNAS,458.000,932.000,0.989760,0
2025,07,LORETO,PUTUMAYO,14.000,26.000,0.950000,0
2025,07,LORETO,REQUENA,35.000,64.000,0.957429,0
2025,07,LORETO,UCAYALI,100.000,183.000,0.986200,0
2025,07,MADRE DE DIOS,MANU,16.600,46.000,2.557831,0
2025,07,MADRE DE DIOS,TAHUAMANU,17.400,38.000,2.480460,0
2025,07,MADRE DE DIOS,TAMBOPATA,48.700,138.500,2.453799,0
2025,07,MOQUEGUA,GENERAL SANCHEZ CERRO,8.700,13.000,2.896552,0
2025,07,MOQUEGUA,MARISCAL NIETO,7.600,3.500,2.600000,0
2025,07,PASCO,OXAPAMPA,11.000,10.000,1.000000,0
2025,07,PIURA,AYABACA,47.000,85.000,0.944681,0
2025,07,PIURA,HUANCABAMBA,22.000,68.000,1.500000,0
2025,07,PIURA,MORROPON,1050.000,1343.000,1.395238,0
2025,07,PIURA,PAITA,27.000,53.000,1.300000,0
2025,07,PIURA,PIURA,7907.000,12117.000,1.461616,0
2025,07,PIURA,SECHURA,6.000,11.000,1.183333,0
2025,07,PIURA,SULLANA,5622.000,4696.000,1.300000,0
2025,07,PUNO,CARABAYA,5.000,1.000,0.700000,0
2025,07,PUNO,SANDIA,12.000,5.000,1.500000,0
2025,07,SAN MARTIN,BELLAVISTA,33.000,55.500,2.000000,0
2025,07,SAN MARTIN,EL DORADO,61.000,20.000,1.000000,0
2025,07,SAN MARTIN,HUALLAGA,9.000,50.500,1.766667,0
2025,07,SAN MARTIN,LAMAS,79.000,95.500,1.439241,0
2025,07,SAN MARTIN,MARISCAL CACERES,14.000,34.000,0.500000,0
2025,07,SAN MARTIN,MOYOBAMBA,0.000,28.000,0.000000,1
2025,07,SAN MARTIN,PICOTA,57.000,92.750,1.800000,0
2025,07,SAN MARTIN,RIOJA,42.000,25.000,0.761905,0
2025,07,SAN MARTIN,SAN MARTIN,80.000,216.000,1.382500,0
2025,07,SAN MARTIN,TOCACHE,15.000,13.000,1.600000,0
2025,07,TUMBES,CONTRALMIRANTE VILLAR,177.400,124.250,2.500000,0
2025,07,TUMBES,TUMBES,277.320,859.700,1.999721,0
2025,07,TUMBES,ZARUMILLA,2880.320,2716.320,2.250000,0
2025,07,UCAYALI,ATALAYA,60.940,306.000,5.078807,0
2025,07,UCAYALI,CORONEL PORTILLO,247.687,1480.000,4.106700,0
2025,07,UCAYALI,PADRE ABAD,136.960,503.000,5.102591,0
2025,07,UCAYALI,PURUS,1.490,28.000,6.850000,0
2025,08,AMAZONAS,BAGUA,28.900,76.500,4.474048,0
2025,08,AMAZONAS,CHACHAPOYAS,12.400,43.000,3.017742,0
2025,08,AMAZONAS,LUYA,25.100,32.000,1.480080,0
2025,08,AMAZONAS,UTCUBAMBA,472.000,549.000,1.205720,0
2025,08,ANCASH,CASMA,28.000,64.000,2.675000,0
2025,08,ANCASH,HUARMEY,0.000,4.000,0.000000,1
2025,08,ANCASH,HUAYLAS,10.000,12.000,3.000000,0
2025,08,ANCASH,SANTA,4.000,5.000,3.000000,0
2025,08,APURIMAC,ABANCAY,10.000,31.500,1.750000,0
2025,08,APURIMAC,ANDAHUAYLAS,0.000,33.000,0.000000,1
2025,08,APURIMAC,AYMARAES,1.400,24.000,1.000000,0
2025,08,APURIMAC,CHINCHEROS,0.000,61.500,0.000000,1
2025,08,APURIMAC,GRAU,0.000,2.000,0.000000,1
2025,08,AREQUIPA,CARAVELI,0.000,3.000,0.000000,1
2025,08,AREQUIPA,LA UNION,0.000,11.000,0.000000,1
2025,08,AYACUCHO,HUAMANGA,1.000,2.500,3.500000,0
2025,08,AYACUCHO,HUANTA,19.000,24.750,3.731579,0
2025,08,AYACUCHO,LA MAR,7.000,33.000,2.671429,0
2025,08,AYACUCHO,LUCANAS,0.000,3.000,0.000000,1
2025,08,AYACUCHO,PARINACOCHAS,0.000,3.500,0.000000,1
2025,08,AYACUCHO,PAUCAR DEL SARA SARA,0.000,9.000,0.000000,1
2025,08,AYACUCHO,VILCAS HUAMAN,0.000,8.670,0.000000,1
2025,08,CAJAMARCA,CAJABAMBA,3.980,15.900,1.753693,0
2025,08,CAJAMARCA,CHOTA,5.000,20.000,1.200000,0
2025,08,CAJAMARCA,JAEN,5.110,16.000,3.055773,0
2025,08,CAJAMARCA,SAN IGNACIO,9.500,28.000,1.613158,0
2025,08,CAJAMARCA,SAN MARCOS,1.400,9.000,8.000000,0
2025,08,CAJAMARCA,SAN MIGUEL,44.000,30.000,4.136364,0
2025,08,CAJAMARCA,SANTA CRUZ,0.000,3.500,0.000000,1
2025,08,CUSCO,LA CONVENCION,36.000,281.000,1.500000,0
2025,08,HUANCAVELICA,ACOBAMBA,1.600,4.000,1.062500,0
2025,08,HUANCAVELICA,ANGARAES,0.600,6.000,2.000000,0
2025,08,HUANCAVELICA,CASTROVIRREYNA,1.580,5.000,2.646329,0
2025,08,HUANCAVELICA,CHURCAMPA,2.650,6.000,1.563396,0
2025,08,HUANCAVELICA,HUAYTARA,0.000,3.000,0.000000,1
2025,08,HUANCAVELICA,TAYACAJA,0.000,28.000,0.000000,1
2025,08,HUANUCO,HUACAYBAMBA,0.000,9.000,0.000000,1
2025,08,HUANUCO,HUAMALIES,14.000,22.000,2.000000,0
2025,08,HUANUCO,HUANUCO,10.500,12.000,2.080000,0
2025,08,HUANUCO,LEONCIO PRADO,75.500,109.000,2.137748,0
2025,08,HUANUCO,MARAÑON,2.500,7.000,2.180000,0
2025,08,HUANUCO,PUERTO INCA,8.000,23.000,1.318750,0
2025,08,ICA,CHINCHA,0.000,3.500,0.000000,1
2025,08,ICA,ICA,0.000,25.720,0.000000,1
2025,08,ICA,NASCA,143.200,17.590,3.800000,0
2025,08,ICA,PALPA,0.000,6.110,0.000000,1
2025,08,ICA,PISCO,36.700,17.400,2.000000,0
2025,08,JUNIN,CHANCHAMAYO,34.450,64.000,1.303338,0
2025,08,JUNIN,HUANCAYO,9.600,24.000,1.500000,0
2025,08,JUNIN,SATIPO,211.000,241.000,1.117583,0
2025,08,LA LIBERTAD,ASCOPE,2.120,8.500,0.900000,0
2025,08,LA LIBERTAD,BOLIVAR,4.460,9.000,1.500000,0
2025,08,LA LIBERTAD,CHEPEN,4.850,5.000,1.000000,0
2025,08,LA LIBERTAD,GRAN CHIMU,0.568,1.500,1.200000,0
2025,08,LA LIBERTAD,OTUZCO,0.770,2.000,1.500000,0
2025,08,LA LIBERTAD,PATAZ,4.830,11.000,1.752588,0
2025,08,LA LIBERTAD,SANCHEZ CARRION,6.200,33.000,1.500000,0
2025,08,LA LIBERTAD,VIRU,7.340,120.500,1.200000,0
2025,08,LAMBAYEQUE,CHICLAYO,0.000,5.000,0.000000,1
2025,08,LAMBAYEQUE,FERREÑAFE,0.000,19.000,0.000000,1
2025,08,LAMBAYEQUE,LAMBAYEQUE,2440.000,3137.000,2.142934,0
2025,08,LIMA,HUAURA,0.000,11.000,0.000000,1
2025,08,LORETO,ALTO AMAZONAS,245.000,481.000,0.981918,0
2025,08,LORETO,DATEM DEL MARAÑON,25.000,50.000,0.979200,0
2025,08,LORETO,LORETO,45.000,92.000,0.996889,0
2025,08,LORETO,MARISCAL RAMON CASTILLA,34.000,69.000,0.989118,0
2025,08,LORETO,MAYNAS,436.000,932.000,0.984220,0
2025,08,LORETO,PUTUMAYO,14.000,26.000,1.100000,0
2025,08,LORETO,REQUENA,33.000,64.000,0.980303,0
2025,08,LORETO,UCAYALI,94.000,183.000,0.998936,0
2025,08,MADRE DE DIOS,MANU,20.450,46.000,2.437653,0
2025,08,MADRE DE DIOS,TAHUAMANU,13.800,38.000,2.405797,0
2025,08,MADRE DE DIOS,TAMBOPATA,27.600,138.500,2.456522,0
2025,08,MOQUEGUA,GENERAL SANCHEZ CERRO,0.000,13.000,0.000000,1
2025,08,MOQUEGUA,MARISCAL NIETO,0.000,3.500,0.000000,1
2025,08,PASCO,OXAPAMPA,10.000,10.000,1.500000,0
2025,08,PIURA,AYABACA,32.000,85.000,3.500000,0
2025,08,PIURA,HUANCABAMBA,14.000,70.000,1.300000,0
2025,08,PIURA,MORROPON,689.000,1343.000,2.983019,0
2025,08,PIURA,PAITA,17.000,53.000,3.000000,0
2025,08,PIURA,PIURA,6737.000,12117.000,3.052887,0
2025,08,PIURA,SECHURA,7.000,11.000,2.600000,0
2025,08,PIURA,SULLANA,3373.000,4696.000,2.999496,0
2025,08,PUNO,CARABAYA,0.100,1.000,0.700000,0
2025,08,PUNO,SANDIA,3.800,5.000,1.231579,0
2025,08,SAN MARTIN,BELLAVISTA,10.300,55.500,2.000000,0
2025,08,SAN MARTIN,EL DORADO,27.000,20.000,1.000000,0
2025,08,SAN MARTIN,HUALLAGA,6.000,50.500,1.966667,0
2025,08,SAN MARTIN,LAMAS,75.000,95.500,1.441333,0
2025,08,SAN MARTIN,MARISCAL CACERES,0.000,34.000,0.000000,1
2025,08,SAN MARTIN,MOYOBAMBA,0.000,28.000,0.000000,1
2025,08,SAN MARTIN,PICOTA,50.000,93.750,1.490000,0
2025,08,SAN MARTIN,RIOJA,36.000,28.000,0.720833,0
2025,08,SAN MARTIN,SAN MARTIN,33.000,216.000,3.000000,0
2025,08,SAN MARTIN,TOCACHE,0.000,13.000,0.000000,1
2025,08,TUMBES,CONTRALMIRANTE VILLAR,96.370,124.250,3.500000,0
2025,08,TUMBES,TUMBES,217.480,864.700,4.418475,0
2025,08,TUMBES,ZARUMILLA,1549.779,2729.320,5.000000,0
2025,08,UCAYALI,ATALAYA,34.130,306.000,5.272288,0
2025,08,UCAYALI,CORONEL PORTILLO,158.419,1487.000,4.999699,0
2025,08,UCAYALI,PADRE ABAD,103.569,506.000,5.298407,0
2025,08,UCAYALI,PURUS,2.570,30.000,7.000000,0
2025,09,AMAZONAS,BAGUA,24.500,76.500,6.479592,0
2025,09,AMAZONAS,CHACHAPOYAS,10.300,43.000,4.660194,0
2025,09,AMAZONAS,LUYA,25.800,32.000,1.498062,0
2025,09,AMAZONAS,UTCUBAMBA,469.000,549.000,2.051386,0
2025,09,ANCASH,CASMA,24.000,64.000,3.300000,0
2025,09,ANCASH,HUARMEY,0.000,4.000,0.000000,1
2025,09,ANCASH,HUAYLAS,10.000,12.000,3.400000,0
2025,09,ANCASH,SANTA,4.000,5.000,3.500000,0
2025,09,APURIMAC,ABANCAY,5.000,31.500,1.000000,0
2025,09,APURIMAC,ANDAHUAYLAS,0.000,33.000,0.000000,1
2025,09,APURIMAC,AYMARAES,1.100,24.000,1.000000,0
2025,09,APURIMAC,CHINCHEROS,0.000,61.500,0.000000,1
2025,09,APURIMAC,GRAU,2.000,2.000,1.800000,0
2025,09,AREQUIPA,CARAVELI,0.000,3.000,0.000000,1
2025,09,AREQUIPA,LA UNION,0.000,11.000,0.000000,1
2025,09,AYACUCHO,HUAMANGA,0.670,2.330,2.670000,0
2025,09,AYACUCHO,HUANTA,2.000,24.750,2.750000,0
2025,09,AYACUCHO,LA MAR,6.000,33.000,2.666667,0
2025,09,AYACUCHO,LUCANAS,0.000,3.000,0.000000,1
2025,09,AYACUCHO,PARINACOCHAS,0.000,3.500,0.000000,1
2025,09,AYACUCHO,PAUCAR DEL SARA SARA,0.000,9.000,0.000000,1
2025,09,AYACUCHO,VILCAS HUAMAN,0.000,8.670,0.000000,1
2025,09,CAJAMARCA,CAJABAMBA,3.830,15.900,1.756136,0
2025,09,CAJAMARCA,CHOTA,0.000,14.000,0.000000,1
2025,09,CAJAMARCA,JAEN,4.440,16.000,3.110586,0
2025,09,CAJAMARCA,SAN IGNACIO,9.300,28.000,1.581183,0
2025,09,CAJAMARCA,SAN MARCOS,1.400,9.000,5.000000,0
2025,09,CAJAMARCA,SAN MIGUEL,40.000,30.000,7.000000,0
2025,09,CAJAMARCA,SANTA CRUZ,0.000,1.500,0.000000,1
2025,09,CUSCO,LA CONVENCION,25.000,281.000,1.500000,0
2025,09,HUANCAVELICA,ACOBAMBA,0.000,4.000,0.000000,1
2025,09,HUANCAVELICA,ANGARAES,0.000,6.000,0.000000,1
2025,09,HUANCAVELICA,CASTROVIRREYNA,1.580,5.000,2.770759,0
2025,09,HUANCAVELICA,CHURCAMPA,1.750,6.000,1.782571,0
2025,09,HUANCAVELICA,HUAYTARA,0.000,3.000,0.000000,1
2025,09,HUANCAVELICA,TAYACAJA,0.000,28.000,0.000000,1
2025,09,HUANUCO,HUACAYBAMBA,0.000,9.000,0.000000,1
2025,09,HUANUCO,HUAMALIES,17.000,22.000,2.300000,0
2025,09,HUANUCO,HUANUCO,8.500,12.000,2.256000,0
2025,09,HUANUCO,LEONCIO PRADO,47.000,109.000,2.517021,0
2025,09,HUANUCO,MARAÑON,0.000,7.000,0.000000,1
2025,09,HUANUCO,PUERTO INCA,7.000,23.000,2.507143,0
2025,09,ICA,CHINCHA,0.510,3.500,1.400000,0
2025,09,ICA,ICA,0.000,25.720,0.000000,1
2025,09,ICA,NASCA,0.000,17.590,0.000000,1
2025,09,ICA,PALPA,40.250,6.110,3.000000,0
2025,09,ICA,PISCO,0.000,17.400,0.000000,1
2025,09,JUNIN,CHANCHAMAYO,36.600,64.000,1.471038,0
2025,09,JUNIN,HUANCAYO,10.800,24.000,1.800000,0
2025,09,JUNIN,SATIPO,180.700,241.000,1.572551,0
2025,09,LA LIBERTAD,ASCOPE,2.300,8.500,1.000000,0
2025,09,LA LIBERTAD,BOLIVAR,2.510,9.000,1.500000,0
2025,09,LA LIBERTAD,CHEPEN,4.950,5.000,1.000000,0
2025,09,LA LIBERTAD,GRAN CHIMU,0.468,1.500,1.200000,0
2025,09,LA LIBERTAD,OTUZCO,0.000,2.000,0.000000,1
2025,09,LA LIBERTAD,PATAZ,2.480,11.000,1.500000,0
2025,09,LA LIBERTAD,SANCHEZ CARRION,5.200,33.000,1.500000,0
2025,09,LA LIBERTAD,VIRU,8.650,120.500,1.300000,0
2025,09,LAMBAYEQUE,CHICLAYO,0.000,5.000,0.000000,1
2025,09,LAMBAYEQUE,FERREÑAFE,0.000,19.000,0.000000,1
2025,09,LAMBAYEQUE,LAMBAYEQUE,1617.000,3137.000,1.733890,0
2025,09,LIMA,HUAURA,0.000,11.000,0.000000,1
2025,09,LORETO,ALTO AMAZONAS,258.000,481.000,0.977946,0
2025,09,LORETO,DATEM DEL MARAÑON,19.000,50.000,0.962632,0
2025,09,LORETO,LORETO,42.000,92.000,0.968095,0
2025,09,LORETO,MARISCAL RAMON CASTILLA,30.000,69.000,0.961333,0
2025,09,LORETO,MAYNAS,424.000,932.000,0.985519,0
2025,09,LORETO,PUTUMAYO,14.000,26.000,0.977143,0
2025,09,LORETO,REQUENA,23.000,64.000,0.972609,0
2025,09,LORETO,UCAYALI,94.000,183.000,0.977128,0
2025,09,MADRE DE DIOS,MANU,16.900,48.000,5.591716,0
2025,09,MADRE DE DIOS,TAHUAMANU,13.600,38.000,5.250000,0
2025,09,MADRE DE DIOS,TAMBOPATA,44.900,138.500,5.289532,0
2025,09,MOQUEGUA,GENERAL SANCHEZ CERRO,4.500,13.000,1.500000,0
2025,09,MOQUEGUA,MARISCAL NIETO,0.000,3.500,0.000000,1
2025,09,PASCO,OXAPAMPA,0.000,10.000,0.000000,1
2025,09,PIURA,AYABACA,24.000,85.000,4.000000,0
2025,09,PIURA,HUANCABAMBA,9.000,71.000,1.361111,0
2025,09,PIURA,MORROPON,686.000,1343.000,2.345044,0
2025,09,PIURA,PAITA,14.000,53.000,3.435714,0
2025,09,PIURA,PIURA,8379.000,12117.000,3.080654,0
2025,09,PIURA,SECHURA,6.000,11.000,2.833333,0
2025,09,PIURA,SULLANA,2998.000,4700.000,3.197899,0
2025,09,PIURA,TALARA,0.000,2.000,0.000000,1
2025,09,PUNO,CARABAYA,0.000,1.000,0.000000,1
2025,09,PUNO,SANDIA,0.000,5.000,0.000000,1
2025,09,SAN MARTIN,BELLAVISTA,7.300,55.500,2.000000,0
2025,09,SAN MARTIN,EL DORADO,17.000,20.000,1.000000,0
2025,09,SAN MARTIN,HUALLAGA,4.500,50.500,1.966667,0
2025,09,SAN MARTIN,LAMAS,75.000,95.500,1.954667,0
2025,09,SAN MARTIN,MARISCAL CACERES,0.000,34.000,0.000000,1
2025,09,SAN MARTIN,MOYOBAMBA,0.000,14.000,0.000000,1
2025,09,SAN MARTIN,PICOTA,46.000,93.750,1.234783,0
2025,09,SAN MARTIN,RIOJA,39.000,33.000,0.723077,0
2025,09,SAN MARTIN,SAN MARTIN,35.640,216.000,3.701459,0
2025,09,SAN MARTIN,TOCACHE,0.000,13.000,0.000000,1
2025,09,TUMBES,CONTRALMIRANTE VILLAR,61.274,124.250,4.000000,0
2025,09,TUMBES,TUMBES,293.730,864.700,3.750000,0
2025,09,TUMBES,ZARUMILLA,1729.369,2740.320,4.500000,0
2025,09,UCAYALI,ATALAYA,39.620,317.000,5.548521,0
2025,09,UCAYALI,CORONEL PORTILLO,120.599,1531.000,5.307983,0
2025,09,UCAYALI,PADRE ABAD,70.470,513.000,5.512026,0
2025,09,UCAYALI,PURUS,1.840,30.000,7.000000,0
2025,10,AMAZONAS,BAGUA,23.400,76.500,5.405983,0
2025,10,AMAZONAS,CHACHAPOYAS,9.300,43.000,4.929032,0
2025,10,AMAZONAS,LUYA,25.400,32.000,1.712598,0
2025,10,AMAZONAS,UTCUBAMBA,254.000,549.000,2.090945,0
2025,10,ANCASH,CASMA,27.000,64.000,3.185185,0
2025,10,ANCASH,HUARMEY,0.000,4.000,0.000000,1
2025,10,ANCASH,HUAYLAS,11.000,12.000,3.500000,0
2025,10,ANCASH,SANTA,4.000,5.000,3.000000,0
2025,10,APURIMAC,ABANCAY,10.000,31.500,3.000000,0
2025,10,APURIMAC,ANDAHUAYLAS,0.000,33.000,0.000000,1
2025,10,APURIMAC,AYMARAES,1.000,24.000,3.000000,0
2025,10,APURIMAC,CHINCHEROS,0.000,61.500,0.000000,1
2025,10,APURIMAC,GRAU,0.000,2.000,0.000000,1
2025,10,AREQUIPA,CARAVELI,0.000,3.000,0.000000,1
2025,10,AREQUIPA,LA UNION,0.000,11.000,0.000000,1
2025,10,AYACUCHO,HUAMANGA,0.250,2.000,1.000000,0
2025,10,AYACUCHO,HUANTA,1.000,25.250,2.500000,0
2025,10,AYACUCHO,LA MAR,5.000,33.000,2.680000,0
2025,10,AYACUCHO,LUCANAS,0.000,3.000,0.000000,1
2025,10,AYACUCHO,PARINACOCHAS,0.000,3.500,0.000000,1
2025,10,AYACUCHO,PAUCAR DEL SARA SARA,0.000,9.000,0.000000,1
2025,10,AYACUCHO,VILCAS HUAMAN,0.000,8.670,0.000000,1
2025,10,CAJAMARCA,CAJABAMBA,3.730,15.900,1.752413,0
2025,10,CAJAMARCA,CHOTA,0.000,14.000,0.000000,1
2025,10,CAJAMARCA,JAEN,4.200,16.000,3.111786,0
2025,10,CAJAMARCA,SAN IGNACIO,0.000,28.000,0.000000,1
2025,10,CAJAMARCA,SAN MARCOS,2.800,9.000,2.000000,0
2025,10,CAJAMARCA,SAN MIGUEL,25.000,30.000,6.280000,0
2025,10,CAJAMARCA,SANTA CRUZ,0.000,1.500,0.000000,1
2025,10,CUSCO,LA CONVENCION,32.000,281.000,1.500000,0
2025,10,HUANCAVELICA,ACOBAMBA,0.000,4.000,0.000000,1
2025,10,HUANCAVELICA,ANGARAES,0.000,6.000,0.000000,1
2025,10,HUANCAVELICA,CASTROVIRREYNA,1.950,5.000,2.189231,0
2025,10,HUANCAVELICA,CHURCAMPA,0.750,6.000,1.474000,0
2025,10,HUANCAVELICA,HUAYTARA,0.000,3.000,0.000000,1
2025,10,HUANCAVELICA,TAYACAJA,0.000,29.000,0.000000,1
2025,10,HUANUCO,HUACAYBAMBA,0.000,9.000,0.000000,1
2025,10,HUANUCO,HUAMALIES,13.000,22.000,2.700000,0
2025,10,HUANUCO,HUANUCO,4.700,12.000,1.800000,0
2025,10,HUANUCO,LEONCIO PRADO,21.000,110.000,2.685714,0
2025,10,HUANUCO,MARAÑON,0.000,7.000,0.000000,1
2025,10,HUANUCO,PUERTO INCA,6.000,23.000,1.680000,0
2025,10,ICA,CHINCHA,6.050,3.500,1.378512,0
2025,10,ICA,ICA,0.000,25.720,0.000000,1
2025,10,ICA,NASCA,0.000,17.590,0.000000,1
2025,10,ICA,PALPA,0.000,6.110,0.000000,1
2025,10,ICA,PISCO,0.000,17.400,0.000000,1
2025,10,JUNIN,CHANCHAMAYO,38.500,64.000,1.444675,0
2025,10,JUNIN,HUANCAYO,12.000,24.000,2.000000,0
2025,10,JUNIN,SATIPO,156.000,241.000,1.480192,0
2025,10,LA LIBERTAD,ASCOPE,0.000,8.500,0.000000,1
2025,10,LA LIBERTAD,BOLIVAR,1.900,9.000,1.500000,0
2025,10,LA LIBERTAD,CHEPEN,4.680,5.000,1.000000,0
2025,10,LA LIBERTAD,GRAN CHIMU,0.150,1.500,1.200000,0
2025,10,LA LIBERTAD,OTUZCO,0.000,2.000,0.000000,1
2025,10,LA LIBERTAD,PATAZ,2.010,11.000,1.500000,0
2025,10,LA LIBERTAD,SANCHEZ CARRION,5.930,33.000,1.500000,0
2025,10,LA LIBERTAD,VIRU,7.170,120.500,2.000000,0
2025,10,LAMBAYEQUE,CHICLAYO,0.000,5.000,0.000000,1
2025,10,LAMBAYEQUE,FERREÑAFE,0.000,19.000,0.000000,1
2025,10,LAMBAYEQUE,LAMBAYEQUE,580.000,3137.000,1.657759,0
2025,10,LIMA,HUAURA,0.000,11.000,0.000000,1
2025,10,LORETO,ALTO AMAZONAS,1.000,481.000,0.980000,0
2025,10,LORETO,DATEM DEL MARAÑON,0.000,50.000,0.000000,1
2025,10,LORETO,LORETO,42.000,92.000,0.964286,0
2025,10,LORETO,MARISCAL RAMON CASTILLA,0.000,69.000,0.000000,1
2025,10,LORETO,MAYNAS,393.000,932.000,0.981374,0
2025,10,LORETO,PUTUMAYO,6.000,26.000,1.000000,0
2025,10,LORETO,REQUENA,19.000,64.000,0.970526,0
2025,10,LORETO,UCAYALI,78.000,183.000,0.998718,0
2025,10,MADRE DE DIOS,MANU,19.400,48.000,5.350515,0
2025,10,MADRE DE DIOS,TAHUAMANU,8.400,38.000,4.904762,0
2025,10,MADRE DE DIOS,TAMBOPATA,27.500,139.500,5.540000,0
2025,10,MOQUEGUA,GENERAL SANCHEZ CERRO,0.000,13.000,0.000000,1
2025,10,MOQUEGUA,MARISCAL NIETO,0.000,3.500,0.000000,1
2025,10,PASCO,OXAPAMPA,0.000,10.000,0.000000,1
2025,10,PIURA,AYABACA,10.000,85.000,1.800000,0
2025,10,PIURA,HUANCABAMBA,47.000,71.000,2.591489,0
2025,10,PIURA,MORROPON,1293.000,1343.000,2.131864,0
2025,10,PIURA,PAITA,22.000,53.000,2.300000,0
2025,10,PIURA,PIURA,9986.000,12117.000,2.251612,0
2025,10,PIURA,SECHURA,5.000,11.000,2.600000,0
2025,10,PIURA,SULLANA,4496.000,4700.000,2.300000,0
2025,10,PIURA,TALARA,0.000,2.000,0.000000,1
2025,10,PUNO,CARABAYA,0.000,1.000,0.000000,1
2025,10,PUNO,SANDIA,0.000,5.000,0.000000,1
2025,10,SAN MARTIN,BELLAVISTA,7.800,55.500,2.000000,0
2025,10,SAN MARTIN,EL DORADO,15.000,20.000,2.213333,0
2025,10,SAN MARTIN,HUALLAGA,22.000,50.500,1.695455,0
2025,10,SAN MARTIN,LAMAS,89.000,95.500,1.977528,0
2025,10,SAN MARTIN,MARISCAL CACERES,25.000,34.000,0.500000,0
2025,10,SAN MARTIN,MOYOBAMBA,0.000,14.000,0.000000,1
2025,10,SAN MARTIN,PICOTA,38.000,93.750,1.000000,0
2025,10,SAN MARTIN,RIOJA,37.000,33.000,0.735135,0
2025,10,SAN MARTIN,SAN MARTIN,33.600,216.000,4.678571,0
2025,10,SAN MARTIN,TOCACHE,0.000,13.000,0.000000,1
2025,10,TUMBES,CONTRALMIRANTE VILLAR,127.720,122.250,2.500000,0
2025,10,TUMBES,TUMBES,339.670,877.100,2.026187,0
2025,10,TUMBES,ZARUMILLA,2485.310,2748.320,4.250000,0
2025,10,UCAYALI,ATALAYA,43.028,322.000,5.677612,0
2025,10,UCAYALI,CORONEL PORTILLO,131.079,1528.000,5.291178,0
2025,10,UCAYALI,PADRE ABAD,80.359,515.000,5.609735,0
2025,10,UCAYALI,PURUS,1.540,31.000,7.000000,0
2025,11,AMAZONAS,BAGUA,16.600,76.500,2.397590,0
2025,11,AMAZONAS,CHACHAPOYAS,9.200,43.000,5.132609,0
2025,11,AMAZONAS,LUYA,21.800,32.000,1.843578,0
2025,11,AMAZONAS,UTCUBAMBA,303.000,549.000,1.800000,0
2025,11,ANCASH,CASMA,27.000,64.000,2.800000,0
2025,11,ANCASH,HUARMEY,0.000,4.000,0.000000,1
2025,11,ANCASH,HUAYLAS,12.000,12.000,2.850000,0
2025,11,ANCASH,SANTA,5.000,5.000,2.500000,0
2025,11,APURIMAC,ABANCAY,5.000,31.500,3.000000,0
2025,11,APURIMAC,ANDAHUAYLAS,0.000,33.000,0.000000,1
2025,11,APURIMAC,AYMARAES,1.000,24.000,3.000000,0
2025,11,APURIMAC,CHINCHEROS,0.000,61.500,0.000000,1
2025,11,APURIMAC,GRAU,2.000,2.000,1.500000,0
2025,11,AREQUIPA,CARAVELI,0.000,3.000,0.000000,1
2025,11,AREQUIPA,LA UNION,0.000,11.000,0.000000,1
2025,11,AYACUCHO,HUAMANGA,0.670,2.000,2.800000,0
2025,11,AYACUCHO,HUANTA,0.000,25.250,0.000000,1
2025,11,AYACUCHO,LA MAR,9.000,33.000,2.633333,0
2025,11,AYACUCHO,LUCANAS,0.000,3.000,0.000000,1
2025,11,AYACUCHO,PARINACOCHAS,0.000,3.500,0.000000,1
2025,11,AYACUCHO,PAUCAR DEL SARA SARA,0.000,9.000,0.000000,1
2025,11,AYACUCHO,VILCAS HUAMAN,0.000,8.670,0.000000,1
2025,11,CAJAMARCA,CAJABAMBA,3.670,15.900,1.747221,0
2025,11,CAJAMARCA,CHOTA,0.000,14.000,0.000000,1
2025,11,CAJAMARCA,JAEN,5.070,16.000,2.800000,0
2025,11,CAJAMARCA,SAN IGNACIO,0.000,28.000,0.000000,1
2025,11,CAJAMARCA,SAN MARCOS,2.800,9.000,2.500000,0
2025,11,CAJAMARCA,SAN MIGUEL,0.000,30.000,0.000000,1
2025,11,CAJAMARCA,SANTA CRUZ,0.000,1.500,0.000000,1
2025,11,CUSCO,LA CONVENCION,0.000,281.000,0.000000,1
2025,11,HUANCAVELICA,ACOBAMBA,0.000,4.000,0.000000,1
2025,11,HUANCAVELICA,ANGARAES,0.000,6.000,0.000000,1
2025,11,HUANCAVELICA,CASTROVIRREYNA,1.880,5.000,2.013085,0
2025,11,HUANCAVELICA,CHURCAMPA,0.500,6.000,1.042000,0
2025,11,HUANCAVELICA,HUAYTARA,0.580,3.000,2.220000,0
2025,11,HUANCAVELICA,TAYACAJA,0.000,30.000,0.000000,1
2025,11,HUANUCO,HUACAYBAMBA,0.000,9.000,0.000000,1
2025,11,HUANUCO,HUAMALIES,12.000,22.000,2.300000,0
2025,11,HUANUCO,HUANUCO,1.300,12.000,1.500000,0
2025,11,HUANUCO,LEONCIO PRADO,10.000,110.000,2.490000,0
2025,11,HUANUCO,MARAÑON,0.000,7.000,0.000000,1
2025,11,HUANUCO,PUERTO INCA,6.000,23.000,1.391667,0
2025,11,ICA,CHINCHA,3.700,3.500,1.350000,0
2025,11,ICA,ICA,0.000,25.720,0.000000,1
2025,11,ICA,NASCA,0.000,17.590,0.000000,1
2025,11,ICA,PALPA,0.000,6.110,0.000000,1
2025,11,ICA,PISCO,0.000,17.400,0.000000,1
2025,11,JUNIN,CHANCHAMAYO,43.300,64.000,1.385219,0
2025,11,JUNIN,HUANCAYO,12.000,24.000,1.300000,0
2025,11,JUNIN,SATIPO,174.750,241.000,1.311960,0
2025,11,LA LIBERTAD,ASCOPE,2.180,8.500,1.120000,0
2025,11,LA LIBERTAD,BOLIVAR,0.000,9.000,0.000000,1
2025,11,LA LIBERTAD,CHEPEN,4.900,5.000,1.000000,0
2025,11,LA LIBERTAD,GRAN CHIMU,0.000,1.500,0.000000,1
2025,11,LA LIBERTAD,OTUZCO,0.000,2.000,0.000000,1
2025,11,LA LIBERTAD,PATAZ,1.720,11.000,1.500000,0
2025,11,LA LIBERTAD,SANCHEZ CARRION,5.720,33.000,1.500000,0
2025,11,LA LIBERTAD,VIRU,7.519,120.500,1.000000,0
2025,11,LAMBAYEQUE,CHICLAYO,0.000,5.000,0.000000,1
2025,11,LAMBAYEQUE,FERREÑAFE,0.000,19.000,0.000000,1
2025,11,LAMBAYEQUE,LAMBAYEQUE,3661.000,3137.000,1.784827,0
2025,11,LIMA,HUAURA,0.000,11.000,0.000000,1
2025,11,LIMA,LIMA,0.000,40.000,0.000000,1
2025,11,LORETO,ALTO AMAZONAS,72.000,481.000,0.975000,0
2025,11,LORETO,DATEM DEL MARAÑON,14.000,50.000,0.970714,0
2025,11,LORETO,LORETO,25.000,92.000,0.990000,0
2025,11,LORETO,MARISCAL RAMON CASTILLA,12.000,69.000,0.975000,0
2025,11,LORETO,MAYNAS,414.000,932.000,0.978937,0
2025,11,LORETO,PUTUMAYO,5.000,26.000,0.980000,0
2025,11,LORETO,REQUENA,19.000,64.000,0.978421,0
2025,11,LORETO,UCAYALI,50.000,183.000,1.000000,0
2025,11,MADRE DE DIOS,MANU,12.900,49.000,2.872093,0
2025,11,MADRE DE DIOS,TAHUAMANU,8.350,38.000,4.019162,0
2025,11,MADRE DE DIOS,TAMBOPATA,33.560,139.500,3.000000,0
2025,11,MOQUEGUA,GENERAL SANCHEZ CERRO,0.000,13.000,0.000000,1
2025,11,MOQUEGUA,MARISCAL NIETO,0.000,3.500,0.000000,1
2025,11,PASCO,OXAPAMPA,0.000,10.000,0.000000,1
2025,11,PIURA,AYABACA,26.000,85.000,1.473077,0
2025,11,PIURA,HUANCABAMBA,0.000,82.000,0.000000,1
2025,11,PIURA,MORROPON,1714.000,1343.000,1.236762,0
2025,11,PIURA,PAITA,36.000,53.000,1.600000,0
2025,11,PIURA,PIURA,14334.000,12117.000,1.316995,0
2025,11,PIURA,SECHURA,5.000,11.000,2.500000,0
2025,11,PIURA,SULLANA,7494.000,4810.000,1.599466,0
2025,11,PIURA,TALARA,0.000,2.000,0.000000,1
2025,11,PUNO,CARABAYA,0.000,1.000,0.000000,1
2025,11,PUNO,SANDIA,0.000,9.000,0.000000,1
2025,11,SAN MARTIN,BELLAVISTA,23.000,55.500,2.000000,0
2025,11,SAN MARTIN,EL DORADO,12.000,20.000,1.000000,0
2025,11,SAN MARTIN,HUALLAGA,52.000,50.500,1.711538,0
2025,11,SAN MARTIN,LAMAS,88.000,95.500,1.988068,0
2025,11,SAN MARTIN,MARISCAL CACERES,20.000,34.000,0.500000,0
2025,11,SAN MARTIN,MOYOBAMBA,0.000,14.000,0.000000,1
2025,11,SAN MARTIN,PICOTA,37.000,93.750,1.186486,0
2025,11,SAN MARTIN,RIOJA,37.000,33.000,0.735135,0
2025,11,SAN MARTIN,SAN MARTIN,56.500,216.000,4.867257,0
2025,11,SAN MARTIN,TOCACHE,7.000,13.000,1.200000,0
2025,11,TUMBES,CONTRALMIRANTE VILLAR,211.440,122.250,1.250000,0
2025,11,TUMBES,TUMBES,531.570,882.100,1.694062,0
2025,11,TUMBES,ZARUMILLA,3318.700,2756.320,2.160000,0
2025,11,UCAYALI,ATALAYA,52.729,327.000,5.517622,0
2025,11,UCAYALI,CORONEL PORTILLO,161.933,1546.000,5.201125,0
2025,11,UCAYALI,PADRE ABAD,98.790,515.000,5.385592,0
2025,11,UCAYALI,PURUS,2.190,33.000,7.000000,0
2025,12,AMAZONAS,BAGUA,21.800,76.500,1.223853,0
2025,12,AMAZONAS,CHACHAPOYAS,8.900,43.000,4.984270,0
2025,12,AMAZONAS,LUYA,21.800,32.000,1.729358,0
2025,12,AMAZONAS,UTCUBAMBA,316.000,549.000,1.328165,0
2025,12,ANCASH,CASMA,31.000,64.000,2.577419,0
2025,12,ANCASH,HUARMEY,8.000,4.000,2.400000,0
2025,12,ANCASH,HUAYLAS,13.000,12.000,2.500000,0
2025,12,ANCASH,SANTA,6.000,5.000,2.400000,0
2025,12,APURIMAC,ABANCAY,4.000,31.500,2.000000,0
2025,12,APURIMAC,ANDAHUAYLAS,0.000,33.000,0.000000,1
2025,12,APURIMAC,AYMARAES,1.000,24.000,3.000000,0
2025,12,APURIMAC,CHINCHEROS,0.000,61.500,0.000000,1
2025,12,APURIMAC,GRAU,0.000,2.000,0.000000,1
2025,12,AREQUIPA,CARAVELI,0.000,3.000,0.000000,1
2025,12,AREQUIPA,LA UNION,0.000,11.000,0.000000,1
2025,12,AYACUCHO,HUAMANGA,0.800,2.000,3.380000,0
2025,12,AYACUCHO,HUANTA,0.000,25.250,0.000000,1
2025,12,AYACUCHO,LA MAR,13.000,33.000,2.346154,0
2025,12,AYACUCHO,LUCANAS,0.000,3.000,0.000000,1
2025,12,AYACUCHO,PARINACOCHAS,0.000,3.500,0.000000,1
2025,12,AYACUCHO,PAUCAR DEL SARA SARA,0.000,9.000,0.000000,1
2025,12,AYACUCHO,VILCAS HUAMAN,0.000,8.670,0.000000,1
2025,12,CAJAMARCA,CAJABAMBA,3.940,15.900,1.757690,0
2025,12,CAJAMARCA,CHOTA,0.000,14.000,0.000000,1
2025,12,CAJAMARCA,JAEN,5.930,16.000,2.800000,0
2025,12,CAJAMARCA,SAN IGNACIO,0.000,28.000,0.000000,1
2025,12,CAJAMARCA,SAN MARCOS,2.800,9.000,2.500000,0
2025,12,CAJAMARCA,SAN MIGUEL,0.000,30.000,0.000000,1
2025,12,CAJAMARCA,SANTA CRUZ,0.000,1.500,0.000000,1
2025,12,CUSCO,LA CONVENCION,0.000,281.000,0.000000,1
2025,12,HUANCAVELICA,ACOBAMBA,0.000,4.000,0.000000,1
2025,12,HUANCAVELICA,ANGARAES,0.000,6.000,0.000000,1
2025,12,HUANCAVELICA,CASTROVIRREYNA,1.930,5.000,1.870466,0
2025,12,HUANCAVELICA,CHURCAMPA,1.500,6.000,1.300000,0
2025,12,HUANCAVELICA,HUAYTARA,0.830,3.000,2.240000,0
2025,12,HUANCAVELICA,TAYACAJA,0.000,31.000,0.000000,1
2025,12,HUANUCO,HUACAYBAMBA,0.000,9.000,0.000000,1
2025,12,HUANUCO,HUANUCO,0.000,12.000,0.000000,1
2025,12,ICA,CHINCHA,0.000,3.500,0.000000,1
2025,12,ICA,ICA,0.000,25.720,0.000000,1
2025,12,ICA,NASCA,0.000,17.590,0.000000,1
2025,12,ICA,PALPA,0.000,6.110,0.000000,1
2025,12,ICA,PISCO,0.000,17.400,0.000000,1
2025,12,JUNIN,CHANCHAMAYO,43.500,64.000,1.366897,0
2025,12,JUNIN,HUANCAYO,14.000,22.000,1.400000,0
2025,12,JUNIN,SATIPO,186.300,241.000,1.238218,0
2025,12,LA LIBERTAD,ASCOPE,1.750,8.500,1.100000,0
2025,12,LA LIBERTAD,BOLIVAR,0.000,9.000,0.000000,1
2025,12,LA LIBERTAD,CHEPEN,3.450,5.000,1.000000,0
2025,12,LA LIBERTAD,GRAN CHIMU,0.000,1.500,0.000000,1
2025,12,LA LIBERTAD,OTUZCO,0.000,2.000,0.000000,1
2025,12,LA LIBERTAD,PATAZ,0.000,11.000,0.000000,1
2025,12,LA LIBERTAD,SANCHEZ CARRION,0.000,33.000,0.000000,1
2025,12,LA LIBERTAD,VIRU,8.490,120.500,1.000000,0
2025,12,LAMBAYEQUE,CHICLAYO,0.000,5.000,0.000000,1
2025,12,LAMBAYEQUE,FERREÑAFE,0.000,19.000,0.000000,1
2025,12,LAMBAYEQUE,LAMBAYEQUE,3277.000,3137.000,0.514464,0
2025,12,LIMA,HUAURA,0.000,11.000,0.000000,1
2025,12,LIMA,LIMA,0.000,40.000,0.000000,1
2025,12,LORETO,ALTO AMAZONAS,118.000,481.000,0.998305,0
2025,12,LORETO,DATEM DEL MARAÑON,23.000,50.000,0.991304,0
2025,12,LORETO,LORETO,33.000,92.000,0.995758,0
2025,12,LORETO,MARISCAL RAMON CASTILLA,88.000,69.000,0.984318,0
2025,12,LORETO,MAYNAS,386.000,932.000,0.987953,0
2025,12,LORETO,PUTUMAYO,19.000,26.000,0.968421,0
2025,12,LORETO,REQUENA,24.000,64.000,0.977917,0
2025,12,LORETO,UCAYALI,100.000,183.000,0.999600,0
2025,12,MADRE DE DIOS,MANU,18.200,49.000,2.380769,0
2025,12,MADRE DE DIOS,TAHUAMANU,21.300,38.000,2.468075,0
2025,12,MADRE DE DIOS,TAMBOPATA,46.000,139.500,2.355435,0
2025,12,MOQUEGUA,GENERAL SANCHEZ CERRO,4.500,13.000,4.000000,0
2025,12,MOQUEGUA,MARISCAL NIETO,0.000,3.500,0.000000,1
2025,12,PASCO,OXAPAMPA,0.000,10.000,0.000000,1
2025,12,PIURA,AYABACA,24.000,85.000,2.000000,0
2025,12,PIURA,HUANCABAMBA,2.000,82.000,1.200000,0
2025,12,PIURA,MORROPON,1940.000,1343.000,1.245361,0
2025,12,PIURA,PAITA,36.000,53.000,0.900000,0
2025,12,PIURA,PIURA,14450.000,12117.000,1.097301,0
2025,12,PIURA,SECHURA,5.000,11.000,2.000000,0
2025,12,PIURA,SULLANA,7494.000,4810.000,0.900000,0
2025,12,PIURA,TALARA,0.000,2.000,0.000000,1
2025,12,PUNO,CARABAYA,0.000,1.000,0.000000,1
2025,12,PUNO,SANDIA,0.000,9.000,0.000000,1
2025,12,SAN MARTIN,BELLAVISTA,193.000,55.500,2.000000,0
2025,12,SAN MARTIN,EL DORADO,15.000,20.000,1.000000,0
2025,12,SAN MARTIN,HUALLAGA,111.000,50.500,1.702703,0
2025,12,SAN MARTIN,LAMAS,78.000,95.500,1.975641,0
2025,12,SAN MARTIN,MARISCAL CACERES,24.500,34.000,0.500000,0
2025,12,SAN MARTIN,MOYOBAMBA,0.000,14.000,0.000000,1
2025,12,SAN MARTIN,PICOTA,37.000,93.750,1.297297,0
2025,12,SAN MARTIN,RIOJA,38.000,33.000,0.767105,0
2025,12,SAN MARTIN,SAN MARTIN,69.000,216.000,4.927536,0
2025,12,SAN MARTIN,TOCACHE,15.000,13.000,1.200000,0
2025,12,TUMBES,CONTRALMIRANTE VILLAR,234.580,118.750,1.000000,0
2025,12,TUMBES,TUMBES,609.054,879.600,1.000000,0
2025,12,TUMBES,ZARUMILLA,4187.780,2759.570,1.250000,0
2025,12,UCAYALI,ATALAYA,64.420,328.000,5.106133,0
2025,12,UCAYALI,CORONEL PORTILLO,184.919,1558.000,4.954348,0
2025,12,UCAYALI,PADRE ABAD,109.169,515.000,5.076860,0
2025,12,UCAYALI,PURUS,2.379,33.000,6.000000,0
