fecha,titular,cuerpo_completo,fuente,url
2021-12-29,Ecosac apostará por uva blanca para fortalecer envíos a Asia," A partir de un reciente financiamiento de US$ 93.5 millones del BID Invest, DEG y Rabobank, Ecosac (Grupo Costa del Sol) iniciará la siembra de 250 hectáreas de uva blanca en Piura en el 2022. Así, planea profundizar su presencia en Asia. Su gerente general, Héctor Rubina, señaló que la empresa ya exporta langostinos a dicho continente y ha empezado a despachar uvas de mesa. Sin embargo, la nueva variedad licenciada será clave en la conquista de esa región. Y es que, tras el ingreso de ese producto, espera sumar más líneas de su portafolio como los pimientos en conservas. “Estamos tocando las puertas de nuestros mismos clientes de uvas y langostinos”, comentó. Refirió que apuntarán al canal de supermercados y tiendas especialistas. De esa manera, Ecosac estima que al menos un tercio de sus despachos se orienten a China, Corea del Sur y otros países asiáticos en los próximos años. En la actualidad, la mayoría se destina a Estados Unidos y Europa. La empresa también está abriendo mercados en América Latina. La compañía tiene más de 2.850 hectáreas de uvas, pimientos, lima, paltas y langostinos en Piura; y cuenta con tres plantas de procesos. Más de las dos terceras partes de las cosechas se concentran en el segundo semestre. Si bien las conservas tienen un mercado ganado, enfoca su crecimiento en productos frescos y congelados. Proyecciones En el inicio de diciembre, la empresa está en plena campaña de limones y viene culminando la de uvas, tras haber terminado la de pimientos. Por su parte, el clima y los precios internacionales han estado a favor. Al cierre del 2021, proyecta que las ventas crecerán casi en dos dígitos. Sin embargo, Rubina reconoce que la rentabilidad está siendo afectada por los sobrecostos en la cadena logística global y la pandemia. Para el 2022, el ejecutivo ve un panorama optimista por la creciente demanda de alimentos en el mundo. No obstante, anotó que la situación política local y factores externos suman desafíos a la actividad agroindustrial. En stand by proyectos de 2.800 hectáreas Para Ecosac, la siembra de uvas blancas será el único proyecto agrícola en el 2022. Y es que, aun cuando la empresa tenía iniciativas en 2,800 nuevas hectáreas para uvas, paltas y lima en Piura, las ha puesto en stand by por la inestabilidad política que vive el país. Héctor Rubina recordó que habían elaborado un plan a cinco años, que se ha paralizado por la situación local. ¿La empresa mira otro país? El ejecutivo dijo que aún no han evaluado tal posibilidad. En su caso, sostuvo que mantienen la expectativa de que la coyuntura política y económica en el país se regularice. Así, confió en reactivar los proyectos de nuevos cultivos en el 2022 o 2023. Fuente: Gestión",agraria.pe/agronegocios,https://agraria.pe/noticias/ecosac-apostara-por-uva-blanca-para-fortalecer-envios-a-asia-26508
2021-12-24,Productores piuranos exportaron más de 17.000 toneladas de limón Sutil y Tahití este año," Pequeños productores de Piura exportaron al mundo más de 17 mil toneladas de limón este año, informó el Servicio Nacional de Sanidad Agraria (Senasa). Según el registro oficial, la cifra de exportación de la presente campaña supera en más de 4 mil toneladas al volumen certificado en la campaña anterior (12.361 toneladas). Los principales destinos de exportación fueron Chile, que representó más del 70% de los envíos, seguido de Panamá y Reino Unido. Además, Países Bajos, Estados Unidos, República Dominicana y otros países como Argentina, que recientemente abrió su mercado a los cítricos peruanos, también pueden disfrutar de la calidad del limón norteño. Las acciones técnicas desplegadas por el Senasa, en articulación con pequeños productores de los valles de San Lorenzo (provincia de Piura), del Chira (provincia de Sullana) y Chulucanas (provincia de Morropón) y gremio exportador, han permitido proteger la sanidad del cultivo garantizando el éxito de la campaña. Las principales variedades de limón que se exportan son el Sutil y Tahití que se cultivan en más de 18 mil hectáreas según datos de la Dirección Regional de Agricultura Piura. Fuente: Agronoticias",agraria.pe/agronegocios,https://agraria.pe/noticias/productores-piuranos-exportaron-mas-de-17-000-toneladas-de-l-26473
2021-12-22,"Perú se ubica como el décimo proveedor de frutas a nivel mundial este año, desplazando a Italia y Ecuador"," Al cierre del presente año, las agroexportaciones peruanas sumarian US$ 8.807 millones, representando un incremento de 17% frente a lo alcanzado en 2020. Asimismo, en el 2022 se proyecta que superen los US$ 9.500 millones, lo que significaría un aumento de 11%. Así lo destacó la analista de Inteligencia comercial de Fresh Fruit, Gabriela Roldán, quien detalló que este año se registró crecimiento en todos los meses, incluso hubo meses donde los despachos agrarios crecieron por encima del 20%. “Una tasa de crecimiento mayor a 15% no se había alcanzado desde el 2014, cuando los envíos agrícolas crecieron 20%”, sostuvo. Detalló que este crecimiento se debió a que las empresas se adaptaron a la nueva normalidad y supieron atender las demandas de sus clientes. Asimismo, las empresas aprovecharon las oportunidades que trajo el cambio en los mercados internacionales. Perú, importante proveedor de alimentos en el mundo Destacó que gracias a la buena acogida de nuestros productos agrarios en el mercado internacional (sobre todo de las frutas), este año Perú se ubicará en el puesto 21 como proveedor mundial de alimentos, subiendo dos puestos respecto al 2020, desplazando a Australia y Chile. Este ranking es liderado por Estados Unidos y China. En cuanto al ranking mundial de proveedores de frutas (tanto fresca, procesada y congelada), este año Perú se ubicaría en la décima posición, subiendo dos casillas respecto al año anterior (desplazando a Italia y Ecuador). Este ranking está encabezado por Estados Unidos y España. “Por primera vez Perú se va a posicionar en el top ten de proveedores de frutas a nivel mundial”, manifestó. Gabriela Roldán detalló el comportamiento de la uva (fresca, congelada y procesada) cuyos despachos en el 2021 ascendieron a US$ 1.321 millones por 536.822 toneladas (creció 27% en valor y 20% en volumen); el arándano (en todas sus presentaciones) cuyos envíos sumaron US$ 1.279 millones por 223.794 toneladas (creció 25% en valor y 26% en volumen); y la palta (en sus 3 presentaciones) que alcanzó los US$ 1.210 millones por 588.483 toneladas (creció 44% en valor y 35% en volumen). “La uva, el arándano y la palta lideraron el ranking de las agroexportaciones este año, con una participación conjunta de 43% en la canasta. A su vez, las tres frutas lograron superar la barrera de los US$ 1.000 millones. El año pasado la uva y el arándano ya habían alcanzado esta meta y este año se les sumó la palta, un producto que tuvo gran acogida en los mercados internacionales”, comentó. Agregó que, en el caso de la uva, Perú se consolida como el segundo proveedor más importante a nivel global, con el 13% de participación, muy cerca de China, principal proveedor con el 14%. “El siguiente año podríamos convertirnos en el principal proveedor mundial de esta fruta”. Los principales destinos de esta fruta procedente de Perú fueron Estados Unidos, Países Bajos y China (incluido Hong Kong), que en conjunto concentraron el 66% del total. Además, por tercer año consecutivo el Perú lidera las exportaciones mundiales de arándanos, con el 30% de participación, mientras que Chile ocupa el segundo lugar en el ranking, participando con el 13%. El 92% de los despachos peruanos de arándanos se concentraron en Estados Unidos, Países Bajos y China. Finalmente, en palta, Perú volvió a consolidarse como el segundo proveedor del mundo, con el 16% de participación (en el 2020 participamos con el 14%), después de México que participa con el 42%. El 66% de las exportaciones peruanas de palta se dirigieron a Países Bajos, Estados Unidos y España. No todo fueron buenas noticias La analista de Inteligencia comercial de Fresh Fruit, indicó que no todos los productos agrícolas procedentes de Perú tuvieron buena acogida en el mercado internacional, sino que hubo algunos como la naranja fresca, jengibre fresco y banano fresco que enfrentaron dificultades. En el caso de la naranja, las deficiencias en la calidad del producto le impidieron seguir creciendo en el mercado internacional, donde la demanda es exigente. En jengibre, la recuperación del principal competidor (China), ocasionó que se reduzca su precio en 26% (US$ 1.56 el kilogramo). En cuanto al banano, las exportaciones de la fruta se vieron afectadas por problemas logísticos a nivel internacional. En el 2021, los despachos de naranja fresca sumaron US$ 9.4 millones por 24.222 toneladas (cayó 28% en valor y se redujo 20% en volumen), el jengibre fresco alcanzó los US$ 87 millones por 55.883 toneladas (se contrajo 21% en valor y aumentó 7% en volumen); mientras que el banano fresco ascendió a US$ 152 millones por 216.352 toneladas (cayó 1% en valor y se redujo 0.2% en volumen). Dato Esta información se difundió en el marco del lanzamiento de El Fresh Report 2021, que continúa con el esfuerzo iniciado hace 5 años para contar con un catálogo oficial que dé a conocer la oferta comercial del país: sus principales productos y protagonistas. Se trata, además, de un esfuerzo conjunto que une al Estado, a través del Ministerio de Relaciones Exteriores, PromPerú y Senasa, y al sector privado, mediante AGAP y Fresh Fruit Perú.",agraria.pe/agronegocios,https://agraria.pe/noticias/peru-se-ubica-como-el-decimo-proveedor-de-frutas-a-nivel-mun-26441
2021-12-21,Beta apunta a duplicar su superficie de uva de mesa hacia el 2023," En los próximos dos años, Complejo Agroindustrial Beta tiene el desafío no menor de llegar a (y gestionar) una superficie de 1.000 hectáreas de uva de mesa instaladas en el distrito de Chulucanas (Piura), casi el doble de lo que poseen en la actualidad. El crecimiento estará sustentado en variedades licenciadas, de las cuales ya tienen experiencia productiva en el país. La compañía continuará apostando por el recambio varietal, la proyección hacia el 2022 es sumar un área productiva de 300 hectáreas. Cinco años atrás, Complejo Agroindustrial Beta decidió dejar de concentrarse en la producción de espárrago y apostar por la diversificación productiva. El distrito piurano de Chulucanas fue una de las zonas elegidas para crecer en uva de mesa, además del tradicional valle de Ica, en el que actualmente tienen 300 hectáreas en producción. “Durante estos años hemos logrado que las variedades convencionales tengan la productividad adecuada para que estén dentro de márgenes viables para la empresa. Hemos mejorado además en manejo fitosanitario, de riego, de fertilización, de mano de obra. En riego, por ejemplo, trabajamos con sondas de medición de humedad, lo que nos ha ayudado a tener un mejor control sobre el cultivo”, destaca Marcela Briceño Rosas, subgerente agrícola de Beta. En Chulucanas la superficie productiva de uva de mesa se extiende sobre 562 hectáreas, casi el 80% está conformado por variedades tradicionales como Red Globe, Crimson y Thompson. Briceño destaca que estas variedades “todavía tienen espacio” en los mercados a los que apunta la compañía. Casi el 90% de la uva piurana que exporta Beta está orientada a los mercados de EE UU y Europa, el resto se reparte entre América Latina y países árabes. Muy diferente a lo que ocurre con la producción de Ica, en la que un gran porcentaje se exporta a China. Ambas campañas han logrado complementarse: mientras que la cosecha de Piura se concentra entre octubre y diciembre, la de Ica inicia en diciembre y se extiende hasta febrero. En la campaña 2021/2022, la proyección de la compañía es exportar 1.8 millones de cajas de uva de mesa, un 10% menos que la temporada anterior. Briceño explica que el resultado responde a que realizaron recientemente un recambio varietal, así que hay áreas que recién tienen un año. “En la próxima campaña esa superficie estará produciendo”, adelanta. Según estimaciones de la experta, en Piura el flujo no se cae mucho cuando se realiza el recambio varietal. Así, se puede tener al primer año una producción de 2.000 cajas por hectárea. Sumar 300 nuevas hectáreas en 2022 Parece una frase hecha, pero es que el ‘recambio varietal llegó para quedarse’, y en Beta lo tienen más que claro, por eso es que la empresa está decidida a sumar el próximo año unas 300 ha exclusivamente de variedades patentadas, entre las que destaca Sweet Globe y Allison, esta última una de las primeras variedades del programa genético de SNFL que se probó en el Perú. Esto como parte de su plan estratégico de crecimiento, que contempla que en los próximos dos años el área sembrada de uva de mesa alcance las 1.000 hectáreas en Chulucanas, casi el doble de lo que poseen en estos momentos. “Estamos programando que máximo se dé en el 2023”, anota. Briceño señala que, solo en noviembre, cambiarán 25 hectáreas de Crimson por Allison y 10 hectáreas de Thompson por Sweet Globe. Una de las fortalezas que se ha identificado en Allison —uva roja, sin semillas, tardía y de bayas grandes y ovaladas—es que muestra resistencia a la lluvia y toma color con una mejor facilidad, además ya se tiene un manejo establecido respecto al raleo. “Nosotros salimos con las rojas en noviembre y diciembre. Entonces tiene que resistir una lluvia, porque acá en Chulucanas de octubre a diciembre hay lluvias ligeras”, sostiene. La experta recalca que todas las variedades licenciadas por las que van a optar en el mediano plazo deben cumplir con un primer requisito, que es el de ser fértiles. Explica que debido a la zona en la que están ubicados, se busca este atributo para que, aún en época de lluvias o ante un eventual Fenómeno El Niño, no se registre ninguna afectación cuando la planta comience a brotar. Hoy Beta trabaja, además de con Allison y Sweet Globe, con Ivory y Sweet Celebration. El 50% de la superficie actual está conformada por Sweet Globe, una de las variedades estrella de IFG y que se caracteriza por ser de calibre grande con forma ovalada, piel fina y buen sabor. Aunque se ha afianzado el manejo respecto a las variedades licenciadas y hoy se cuenta con mayores conocimientos respecto hace cinco años, cada cierto tiempo surgen retos respecto a su manejo. Uno de estos, cuando se tiene una variedad verde licenciada es, por ejemplo, que se pega la estructura verde denominada caliptra. “Creo que ahí hay un tema de manejo, pero también de temperatura, de humedad”, dice, tras indicar que su manejo pasa por regular un poco el riego, el nitrógeno y conforme la planta se vuelve adulta, pasa por ir haciendo un seguimiento. Otro aspecto, es que se sobre ralea y si no se da un adecuado manejo existe el riesgo de quedarse sin fruta. La empresa está decidida a sumar el próximo año unas 300 hectáreas exclusivamente de variedades patentadas, entre las que destaca Sweet Globe y Allison. Esto como parte de su plan estratégico de crecimiento, que contempla que en los próximos dos años el área sembrada de uva de mesa alcance las 1.000 hectáreas en Chulucanas. Datos . Complejo Agroindustrial Beta viene trabajando desde hace dos años con Sweet Globe, una variedad cuya proyección en cosecha asciende a 3,500 cajas/ha. “Son productivas, el tema está en no llevarlas al extremo”, sostiene la sub gerente agrícola de Beta. La calidad y la carga tienen una relación innegable. . Debido al incremento de mano de obra, costos de fertilizantes u asociados, la experta anota que la producción no debería ser menor a 4.000 o 4.500 cajas por hectárea, para el caso de las variedades licenciadas. “Es un rango”, manifiesta Marcela Briceño. Fuente: Redagrícola",agraria.pe/agronegocios,https://agraria.pe/noticias/beta-apunta-a-duplicar-su-superficie-de-uva-de-mesa-hacia-el-26434
2021-12-20,Agroexportaciones peruanas crecieron 18% entre enero y noviembre del 2021," De acuerdo con las estimaciones de FreshFruit, las exportaciones peruanas de productos agrícolas en noviembre de este año alcanzaron los US$ 996 millones, mostrando un incremento de18% frente a lo alcanzado en igual mes del 2020. De enero a noviembre, las agroexportaciones peruanas sumaron US$ 7.809 millones, 18% más frente a similar periodo en el 2020 y 25% mayor al 2019. Cabe señalar que las exportaciones hasta noviembre del 2021 ya superaron los envíos que se habían realizado durante todo el 2020 (US$ 7.527 millones). El crecimiento alcanzado en lo que va del año se explica por las buenas campañas de los productos líderes, como la uva (39% de participación), el arándano (23%), el café (21%) y el mango (3%). Entre los pocos que tuvieron un mal año destacan el espárrago (5%) y la cebolla (2%). Más uva exportada sin afectar los precios En noviembre, las exportaciones peruanas de uva sumaron 105.734 toneladas por US$ 275 millones, 23% más en volumen y 27% más en valor con respecto al mismo mes del 2020. A pesar del incremento de la oferta peruana, el precio de la fruta en el mercado internacional creció 4%, hasta cotizarse en US$ 2.60 por kilogramo. Los principales destinos de la uva peruana durante el mes fueron Estados Unidos (35% de participación) y los Países Bajos (19%). Hacia el mercado norteamericano se enviaron 36,570 toneladas por US$ 96 millones, 8% más en volumen y 10% más en valor con respecto al año anterior. El precio que se pagó por la fruta en Estados Unidos fue de US$ 2.62 por kilogramo, 2% más que en el 2020. Los principales compradores fueron Terrasur Imports Inc., con 9% de participación, y Camposol Fresh USA Inc., con 7%. Los envíos hacia los Países Bajos, por su parte, sumaron 19,862 toneladas por US$ 47 millones, 58% más en volumen y 50% más en valor en comparación al mismo mes del 2020. La fruta peruana se cotizó en US$ 2.38 por kilogramo, 5% menos con respecto al año anterior. Entre los principales compradores estuvieron The Grape Hub Europe B.V., 15% de participación, y Sanlucar Fruit Import Netherlands B.V., con 6%. Arándanos mantienen sus precios Las exportaciones de arándano alcanzaron las 30.682 toneladas por US$ 163 millones, 4% más en volumen y 3% más en valor en comparación al 2020. A pesar del incremento de la oferta peruana, los precios se mantuvieron similares a los del año pasado, alcanzando los US$ 5.30 por kilogramo. En noviembre, los destinos más importantes para la fruta peruana fueron los Estados Unidos (53% de participación) y los Países Bajos (26%). Hacia el mercado norteamericano se enviaron 16,205 toneladas por US$ 84 millones, 3% menos en volumen y 2% menos en valor con respecto al 2020. El precio que se pagó por el arándano peruano en este destino fue de US$ 5.15 por kilogramo, 1% más con respecto al año anterior. Los principales compradores de la fruta peruana en Estados Unidos fueron Hortifrut Imports Inc., con 25% de participación, y Camposol Fresh USA Inc., con 11%. Las exportaciones de arándano peruano hacia los Países Bajos sumaron 8.042 toneladas por US$ 43 millones, 10% más en volumen y 20% más en valor en comparación al año anterior. En el mercado europeo, la fruta peruana se cotizó en US$ 5.38 por kilogramo, 9% mayor al obtenido en el 2020. Los compradores más importantes de la vid peruana en este destino fueron Camposol Fresh B.V., con 10% de participación, y Driscoll’s Of Europe B.V., con 8%. Café aumenta de manera sorpresiva En noviembre, las exportaciones peruanas de café sumaron 36.191 toneladas por US$ 151 millones, 21% más en volumen y 60% más en valor con respecto al mismo mes en el 2020. El incremento de la oferta peruana no tuvo un impacto en los precios, incluso crecieron 32% hasta cotizarse en US$ 4.16 por kilogramo. Los principales destinos del grano peruano durante el mes fueron Alemania, con 25% de participación, y Estados Unidos, con 17%. Hacia Alemania se enviaron 9.003 toneladas por US$ 39 millones, 53% más en volumen y 109% más en valor en comparación a similar periodo en el 2020. A pesar del incremento de la oferta peruana, los precios del café crecieron 37% hasta cotizarse en US$ 4.38 por kilogramo. En el mercado europeo, los principales compradores de café peruano fueron Koninklijke Douwe Egberts GmbH., con 23% de participación, y Benecke Coffee GmbH. & Co. KG, con 14%. Por otra parte, las exportaciones de café peruano hacia Estados Unidos sumaron 6.126 toneladas por US$ 27 millones, 10% menos en volumen y 16% más en valor en comparación al año anterior. En el mercado norteamericano, el grano peruano se cotizó en US$ 4.49 por kilogramo, 29% más al obtenido en el 2020. Los compradores más importantes de café peruano en este destino fueron Starbucks Coffee Trading Co., con 18% de participación, y Sustainable Harvest Inc., con 10%. Mango fresco empieza con buen pie Las exportaciones peruanas de mango en el primer mes de su campaña alcanzaron las 16.420 toneladas por US$ 24 millones, 58% más en volumen y 53% más en valor en comparación al 2020. A pesar del incremento de la oferta, el precio de la fruta peruana apenas se contrajo 3% hasta cotizarse en US$ 1.48 por kilogramo. Este resultado evidencia una recuperación de los envíos, ya que el año pasado las exportaciones se vieron afectadas por el efecto del cambio climático en la producción. Sin embargo, hay que estar atentos a los problemas logísticos que enfrentan los exportadores. No existen muchos itinerarios disponibles en los puertos del norte del país. En noviembre, los destinos más importantes de la fruta peruana fueron los Países Bajos (35% de participación) y Estados Unidos (15%). Hacia el mercado europeo se enviaron 5.820 toneladas por US$ 7 millones, 90% más en volumen y 76% más en valor con respecto al 2020. El precio que se pagó por el mango peruano en este destino fue de US$ 1.16 por kilogramo, 8% menos con respecto al año anterior. Los principales compradores de la fruta peruana en Estados Unidos fueron Nature’s Pride B.V., con 8% de participación, y Hars & Hagebauer B.V., con 6%. Las exportaciones de mango peruano hacia Estados Unidos sumaron 2.493 toneladas por US$ 3 millones, 241% más en volumen y 235% más en valor en comparación al año anterior. En el mercado norteamericano, la fruta peruana se cotizó en US$ 1.17 por kilogramo, 2% menos al obtenido en el 2020. Los compradores más importantes en Estados Unidos fueron Central American Produce Inc., con 24% de participación, y Amazon Produce Network Llc., con 13%. Envíos de espárrago se contraen Las exportaciones peruanas de espárrago sumaron 14.198 toneladas por US$ 37 millones, 15% menos en volumen y 18% menos en valor con respecto al mismo mes del 2020. A pesar de la contracción de la oferta peruana, el precio de la hortaliza se redujo 4% para cotizarse en US$ 2.63 por kilogramo. Los principales destinos del espárrago peruano durante el periodo analizado fueron Estados Unidos, con 68% de participación, y España, con 9%. Hacia el mercado norteamericano se enviaron 9.672 toneladas por US$ 22 millones, 20% menos en volumen y 24% menos en valor con respecto al año anterior. El precio que se pagó por la hortaliza en este destino fue de US$ 2.32 por kilogramo, 5% menos. Los compradores de espárrago más importantes en Estados Unidos fueron Southern Specialties Inc., con 11% de participación, y Alpine Fresh Inc., con 8%. Los principales destinos del espárrago peruano durante el periodo analizado fueron Estados Unidos, con 68% de participación, y España, con 9%. Hacia el mercado norteamericano se enviaron 9,672 toneladas por US$ 22 millones, 20% menos en volumen y 24% menos en valor con respecto al año anterior. El precio que se pagó por la hortaliza en este destino fue de US$ 2.32 por kilogramo, 5% menos. Los compradores de espárrago más importantes en Estados Unidos fueron Southern Specialties Inc., con 11% de participación, y Alpine Fresh Inc., con 8%. Caen los precios de la cebolla Las exportaciones de cebolla en el mes alcanzaron las 39.008 toneladas por US$ 13 millones, 9% menos en volumen y 19% menos en valor en comparación al año anterior. El precio que consiguió la hortaliza en el mercado internacional fue de US$ 0.34 por kilogramo, 10% menos con respecto al 2020. En noviembre, los destinos más importantes de la cebolla peruana fueron Estados Unidos, con 55% de participación, y España, con 21%. Hacia el mercado norteamericano se enviaron 21.630 toneladas por US$ 8 millones, 6% menos en volumen y 19% menos en valor. En este destino, se pagó US$ 0.38 por kilogramo, 14% menos. En Estados Unidos, los compradores más importantes de la hortaliza peruana fueron Shuman Farms Inc., con 23% de participación, y Bland Farms Llc., con 16%. En noviembre, los destinos más importantes de la cebolla peruana fueron Estados Unidos, con 55% de participación, y España, con 21%. Hacia el mercado norteamericano se enviaron 21,630 toneladas por US$ 8 millones, 6% menos en volumen y 19% menos en valor. En este destino, se pagó US$ 0.38 por kilogramo, 14% menos. En Estados Unidos, los compradores más importantes de la hortaliza peruana fueron Shuman Farms Inc., con 23% de participación, y Bland Farms Llc., con 16%. Fuente: Fresh Fruit",agraria.pe/agronegocios,https://agraria.pe/noticias/agroexportaciones-peruanas-crecieron-18-entre-enero-y-noviem-26425
2021-12-17,Apertura de nuevos mercados para el mango y cítrico peruanos se aplaza," Durante el 2021, el Servicio Nacional de Sanidad Agraria (Senasa) logró la apertura de cuatro nuevos mercados para diversos productos de agroexportación, como la palta Hass a Guatemala, arándanos a la India, cítricos y uva a Argentina, y cítricos y granadilla a Uruguay. También se tenía previsto el ingreso de los cítricos peruanos a Nueva Zelanda para la primera quincena de diciembre de este año, sin embargo, fuentes de la entidad informaron que dicha apertura se aplazaría para el primer trimestre del 2022, pues todavía hay pasos que concretar para proceder con los envíos. “Ya concluyó el periodo de consulta pública este mes de diciembre y posterior a ello, en base a los comentarios del Senasa, la Autoridad Fitosanitaria de Nueva Zelanda (MPI) procederá el proceso de publicación de los requisitos fitosanitarios acordados entre el Senasa y el MPI”, explicaron. La Asociación de Productores de Cítricos del Perú (Procitrus) estaba a la expectativa de sumar un nuevo mercado al considerar a Nueva Zelanda como un destino pequeño -solo tiene tres millones de habitantes- pero que pagaría buenos precios por la fruta en un contexto en que los envíos de los cítricos nacionales no pasan por un buen momento. El gremio había adelantado que posiblemente no se registre crecimiento en los envíos de cítricos este año. Hasta la semana 40, se habían despachado 256.000 toneladas -entre naranja, limón, toronja y tangelo- con una proyección de cerrar el año en 270.000 toneladas. En el 2020 se logró exportar 268.000 toneladas. Mango a Sudáfrica Para antes del cierre del 2021, el Senasa también tenía previsto el ingreso de la palta Hass a Malasia, arándanos a Indonesia, y aguaymanto y cúrcuma a Estados Unidos; aunque, a la fecha, no hay mayores noticias a menos de dos semanas del cierre del año. Pese a ello, fuentes de la entidad también indicaron que la apertura de Sudáfrica para el mango peruano podría concretarse en enero próximo, coincidiendo con la campaña 2021-2022, en que se proyecta totalizar envíos en fresco de hasta 240.000 toneladas, similar a las últimas dos campañas. Cabe indicar que, a la fecha, el 60% de los envíos se dirigen a Estados Unidos, el 30% a Europa y el 10% a Asia y resto de países de la región. Fuente: gestion.pe",agraria.pe/agronegocios,https://agraria.pe/noticias/apertura-de-nuevos-mercados-para-el-mango-y-citrico-peruanos-26408
2021-12-15,Más de 1.000 bionegocios formales operan con éxito en el Perú," Actualmente, 1.317 emprendimientos sostenibles, amigables con el ambiente, vienen operando exitosamente en el Perú. De ese total, el 75 % son micro y pequeñas empresas, concentradas en las regiones de Lima, San Martín, Junín y Piura, Cajamarca. Así lo señaló el ministro del Ambiente, Rubén Ramírez, quien destacó que ello representa una gran oportunidad para el desarrollo de políticas públicas que impulsen estos modelos de negocio que cuentan con prácticas responsables y generan impactos positivos en el ambiente, buscando rentabilidad económica y fomentando el bienestar social. Según el estudio “Línea de base de modelos de negocio amigables con la biodiversidad”, elaborado por la Dirección General de Economía y Financiamiento Ambiental del Minam, entre los productos más comercializados están: el café, cacao y sus derivados; mango, granos andinos, textiles de alpaca y ecoturismo. La investigación reveló también que las principales brechas identificadas para tales empresas son: el acceso al financiamiento, tecnología e innovación y el ingreso a nuevos mercados. Fuente: Agronoticias",agraria.pe/agronegocios,https://agraria.pe/noticias/mas-de-1-000-bionegocios-formales-operan-con-exito-en-el-per-26378
2021-12-14,"""Las primeras uvas de mesa que llegan a China tienen un mercado fuerte"""," La cosecha de uva de mesa peruana de esta campaña (2021/2022) inició a finales de octubre y se espera que el pico comience a principios de diciembre y se prolongue hasta marzo o abril. Las uvas de mesa peruanas que llegan a China han tenido una gran acogida en el mercado Jiangnan de Cantón y el precio es estable. International Fruit Genetics (IFG) es una empresa de cultivo de fruta de primera calidad con más de 45 variedades de uva de mesa. Cada año, los productores con licencia de IFG en Perú exportan más de dos millones de cajas de variedades de uva de mesa IFG™ a China, y van en aumento. Grace Márquez es la directora comercial de IFG para Perú y Ecuador, que nos presenta las condiciones en la zona de producción peruana: ""La alta humedad durante el período de floración supuso un desafío este año en la zona norte de Perú. Sin embargo, los volúmenes de producción de nuestra variedad Sweet Globe™ parecen sólidos, y estimamos alrededor de 5 millones de cajas para el norte y 5 millones de cajas en la zona de producción del sur, donde las condiciones meteorológicas han sido más normales"". Márquez añade: ""El año pasado, Perú exportó 8.5 millones de cajas (de 8.2 kg) de variedades de uva de mesa IFG, y este año, esperamos alcanzar aproximadamente 10 millones de cajas, lo que supone un 17% más en comparación con el 2020"". Los productores con licencia de IFG en Perú ya han comenzado a exportar variedades de uva de mesa a China. ""Las uvas Sweet Globe™ son nuestra mayor variedad exportada, con aproximadamente 1,5 millones de cajas. Esta variedad ofrece fruta de buena calidad año tras año. Nuestros productores entienden cómo manejar la variedad en el campo y durante la poscosecha, para entregar fruta de excelente calidad y minimizar la deshidratación del tallo"", señala Márquez. La primera cosecha de fruta de Piura llegó al mercado de Cantón con grandes expectativas y precios. ""En las próximas semanas, también se exportarán a China otras variedades de uva de mesa IFG™ como Sweet Favors™, Jack's Salute™, Cotton Candy™ y Sweet Sapphire™"". Desde el año pasado, los comerciantes de fruta se han enfrentado a múltiples retos, como la lentitud del mercado, los elevados costes de envío y la larga duración de los trámites aduaneros. Márquez comparte: ""Aunque la fruta importada al mercado chino se ha movido lentamente debido a la Covid-19, el mercado de exportación de Perú ha sido satisfactorio con precios más altos que en la temporada 2019-2020. La temporada pasada la variedad de uva de mesa IFG™ Sweet Globe™ se ganó la reputación de producto premium en el mercado chino. Esta temporada ha presentado algunas preocupaciones debido a cuestiones logísticas, sin embargo, nuestros licenciatarios no han tenido ningún problema"". Márquez expone sus expectativas de mercado para esta temporada: ""Perú está en el inicio de su temporada, lo que hace difícil medir la reacción del mercado. Sin embargo, según nuestros licenciatarios, el mercado va muy bien y con buenos precios. Las primeras uvas de mesa que han llegado a China han tenido un mercado fuerte hasta ahora. También ha habido una fuerte demanda en los mercados estadounidense y europeo, con un precio sólido"". Con un mayor consumo, los consumidores chinos buscan variedades diferentes, con una demanda de frutas de mayor calidad y excelente sabor. Los productores con licencia de IFG exportan más de 20 variedades de uva de mesa cada año. Cuando se le pregunta sobre qué variedad de uva de mesa peruana es la preferida por los consumidores chinos, Márquez responde: ""En China, nuestra uva de mesa Sweet Globe™ es la más popular entre los consumidores. Consideramos que esa es nuestra variedad estrella, con una oferta de calidad constante y una percepción positiva por parte de los importadores y compradores. La variedad también llega desde Australia, Sudáfrica y Chile más adelante en el año, ayudando a cerrar cualquier brecha de oferta y demanda"". Dato . Fundada en 2001 en Estados Unidos, IFG es una empresa líder mundial en el cultivo de frutas de primera calidad. La empresa es reconocida internacionalmente por sus variedades de fruta de máxima calidad y no transgénicas en los sectores de la uva de mesa, las cerezas y las pasas. IFG patenta sus variedades y concede licencias a comerciantes y productores de todo el mundo, con licenciatarios en 15 países, y su fruta se comercializa activamente en más de 30 países. Fuente: Fresh Plaza",agraria.pe/agronegocios,https://agraria.pe/noticias/las-primeras-uvas-de-mesa-que-llegan-a-china-tienen-un-merca-26369
2021-12-13,Ponen en marcha planta procesadora de mango congelado en Piura," El mango es sinónimo de desarrollo social y económico para las 118 familias que integran la Cooperativa de Productores Orgánicos Apromalpi, una organización agraria del distrito de Chulucanas que ahora cuenta con su propia planta procesadora de mango congelado. Esta infraestructura fue cofinanciada a través de un Plan de Negocio del Programa Agroideas del Ministerio de Desarrollo Agrario y Riego. La puesta en marcha de esta planta se realizó con la participación del director ejecutivo de Agroideas, Carlos Anderson Del Val, quien destacó el empeño de cada productor de esta organización. ""Ustedes son los y las protagonistas del éxito del funcionamiento de esta infraestructura que simboliza un futuro esperanzador para toda la localidad. Ese es el aporte de Agroideas, contribuir en la mejora de la calidad de vida de las familias agricultoras"", expresó. En el año 2019, los 118 socios de la Cooperativa Apromalpi, decidieron industrializar su producción de mango con miras a la exportación. Es así que optaron por implementar esta planta procesadora de mango congelado, que permite transformar la fruta de descarte en un producto con demanda internacional que mejorará la rentabilidad del agronegocio. ""Hay varias empresas que están exportando y hay competencia para la fruta fresca. En cambio, para este mango congelado, somos pocos los que estamos produciendo. Ese es nuestro beneficio"", cuenta Francisco Rojas quien, a sus 88 años, es el presidente y líder de Apromalpi. Este proyecto tuvo un valor total de S/ 2.2 millones, siendo S/1.15 millones el aporte de Agroideas y S/1.06 millones la contrapartida financiada por la organización. Con esta inversión, lograron la construcción de la planta, además de la implementación la línea de proceso completa: lavado, cámara de maduración, cubeteado, despegue, empaque, la sala de proceso, la cámara de pre frío, el túnel de congelado, la sala de empaque de producto además de la cámara de producto terminado. Cabe destacar que, además de darle valor agregado a su producción de mango, esta infraestructura ha generado 70 puestos de trabajo en planta, que son ocupados por jóvenes profesionales de la zona. Sumado a ella, permitirá a la cooperativa brindar servicios de procesamiento a otros productores de la localidad, generando así mayores ingresos para la cooperativa que ya cuenta con compromisos de venta para la campaña 2021 - 2022. ""Para esta campaña, tenemos proyectado exportar 5 contenedores de mango congelado, además de 70 contenedores de nuestra producción de mango fresco, con destino Canadá, Francia, España y Holanda"", explica Luis Matías, gerente de Apromalpi. A la fecha, el Midagri a través de Agroideas, ha aprobado un total de 94 Planes de Negocio en la región Piura en favor de 4 mil productores dedicados al cultivo de banano orgánico, cacao, mango, limón, café, entre otros. La inversión involucra S/42 millones por parte del Estado y S/19.9 millones por parte de las organizaciones agrarias, interviniendo más de 5 mil hectáreas de cultivo.",agraria.pe/agronegocios,https://agraria.pe/noticias/ponen-en-marcha-planta-procesadora-de-mango-congelado-en-piu-26349
2021-12-13,Agroexportaciones peruanas crecen 17.7% en valor entre enero y octubre del 2021," De enero a octubre del presente año, las agroexportaciones peruanas sumaron US$ 6.780 millones, mostrando un incremento de 17.7% frente a lo alcanzado en igual periodo del 2020, informó la Sociedad de Comercio Exterior del Perú (Comex Perú). La entidad detalló que, en los primeros diez meses del 2021, los despachos del agro tradicional ascendieron a US$ 536 millones (+1.2%) y el subsector agropecuario y/o agroindustria (no tradicional) alcanzaron los US$ 6.244 millones (+19.3%). Señaló que los principales mercados destinos de las agroexportaciones peruanas de enero a octubre del 2021 fueron Estados Unidos con adquisiciones por US$ 2.221 millones, mostrando un incremento de +13.2% (33% del total); Países Bajos con US$ 1.096 millones, registrando un aumento de +21.4% (16% del total); España con US$ 428 millones, +15.2% (6% del total); Chile con US$ 306 millones, 69.3% (5% del total); Reino Unido con US$ 297 millones, 9.8% (4% del total); Ecuador con US$ 235 millones, +16.1%; otros con US$ 2.198 millones, +17.3%. Manifestó que en los principales productos agrícolas tradicionales exportados de enero a octubre de este año fueron: Los demás cafés sin descafeinar, sin tostar US$ 484 millones (+1.9%); Demás azúcares de caña o remolacha refinados, US$ 28 millones (-19%); Melaza de caña, US$ 5 millones (+67.8%); Los demás azúcares de caña, US$ 5 millones (-2.2%); Lana sin cardar ni peinar, sucia, esquilada, US$ 5 millones (+19.6%); Azúcar en bruto sin adición de aromatizante ni colorante, US$ 2 millones (-31.8%); Café sin descafeinar, sin tostar, para siembra, US$ 2 millones (+49.8%); Borras del peinado de lana o pelo fino, US$ 1 millón (+107.6%); Las demás lanas sin cardar ni peinar, sucia, US$ 1 millón (+287.8%); Algodón sin cardar ni peinar, de fibra > a 34.92 mm, US$ 1 millón (+106.5%); Otros, US$ 2 millones (-6.9%). Por su parte, los principales productos agropecuarios y/o agroindustriales (no tradicionales) despachados en los primeros diez meses del 2021 fueron: Paltas frescas, US$ 1.050 millones (+40.2%); Arándanos frescos, US$ 969 millones (+31.2%); Uvas frescas, US$ 610 millones (+20.2%); Espárragos frescos o refrigerados, US$ 321 millones (+11%); Mangos frescos, US$ 235 millones (+8.3%); Otros, US$ 3.059 millones (+12%). Solo octubre Comex Perú manifestó que solo en el mes de octubre del 2021, las agroexportaciones peruanas sumaron US$ 983 millones (+12.2%). Esto debido a que los despachos agrícolas (tradicionales) alcanzaron los US$ 136 millones (+17.9%) y los envíos agropecuarios y/o agroindustriales (no tradicionales) ascendieron a US$ 848 millones (+11.4%). Los principales destinos de las agroexportaciones procedentes de Perú en octubre de este año fueron Estados Unidos con adquisiciones por US$ 369 millones, mostrando un incremento de +9.2%; Países Bajos con US$ 160 millones, registrando un aumento de +22.8; España con 37 millones, +2.5; Reino Unido con US$ 54 millones, +7.6%; Chile con US$ 24 millones, +30.6%; Ecuador con US$ 24 millones, +10.7%; otros con US$ 315 millones, +12%.",agraria.pe/agronegocios,https://agraria.pe/noticias/agroexportaciones-peruanas-crecen-17-7-en-valor-entre-enero--26347
2021-12-09,Sociedad Agrícola Rapel exportaría 3.500 contenedores de uva de mesa en la campaña 2021/2022," Piura se ha logrado consolidar como principal zona de producción de uva de mesa del grupo Verfrut, empresa frutícola de capitales chilenos dedicada a la producción, procesamiento y exportación de fruta fresca. Mientras en Chile se producen más de 2 millones de cajas, la producción de Rapel en el departamento norteño ya está bordeando los 7 millones de cajas anuales. Ambos orígenes contribuyen a atender a todo el hemisferio, desde los meses de septiembre, hasta fines de abril. “Piura ha pasado a ser la principal fuente de producción de uva de mesa de la compañía”, destaca su gerente general, Pablo Eyheralde. Para atender los volúmenes requeridos, la agrícola ha realizado en los últimos tres años un incremento considerable de superficie de uva de mesa: al pasar de 2.000 a 2.400 hectáreas, de las cuales cerca del 40% son variedades licenciadas. “Hemos estado realizando plantaciones entre el 2018 y el 2021, además hace dos años hicimos recambios varietales. Así llegamos a las 2.400 hectáreas”, explica. La mayor oferta y la necesidad de diferenciarse para atender a los respectivos mercados han llevado a Rapel a apuntar a un equilibrio entre la producción y la calidad de la uva de mesa, un cultivo que explica aproximadamente el 80% de sus envíos. “Definitivamente, por la mayor oferta hay más competencia y tienes que mejorar la calidad del producto. Es un trabajo que viene de varias temporadas”, sostiene Eyheralde. Campaña con vientos a favor La perspectiva de la agroexportadora es crecer en un 6% durante la campaña de uva de mesa 2021/2022, al concretar el envío de 3.500 contenedores, cada uno de ellos con un peso de unas 18 toneladas. En los próximos tres años, la estimación es que se mantenga la superficie y se llegue a los 4.000 contenedores. Además, buscarán afianzarse en términos de costos y productividad. “Estamos en periodo de afianzarnos con lo que tenemos y de evaluar cómo está la coyuntura económica mundial”, sostiene. ¿Cómo viene avanzando la campaña 2021/2022? ¿se han ajustado de alguna manera los tiempos por el frío? En términos generales, bien. En términos de comportamiento del campo, vienen cumpliendo nuestras expectativas, así que estamos conformes. El clima ha estado muy parecido al año pasado, hemos tenido bajas temperaturas. Hemos tenido temperaturas mínimas en cerca de 16°C, y máximas un poco más bajas de 28°C o 30°C. Pero en octubre se regularizó y empezaron las altas temperaturas. No han afectado la producción. La producción viene muy bien, con buena calidad y condición de frutas. Nuestro inicio se ha mantenido en octubre, pero en algunas variedades se ha adelantado un poco. Esto se ha dado sobre todo en variedades verdes, Sugraone principalmente. ¿En esta campaña qué mercados están priorizando? Estamos en medio de la temporada. Cuando los volúmenes son muy grandes es difícil recargar un mercado por sobre otro. Últimamente, mercados como Estados Unidos y Europa han estado súper fuertes, dado que el tema de la pandemia ha frenado el mercado asiático. Esta campaña creo que no será la excepción. Los más seguros serán Estados Unidos y Europa, que se llevan el 80% de los envíos y que han tenido la mayor continuidad. Con Asia hay que trabajar con mercados formales y ver qué pasa con China. Mencionaste que tienen variedades verdes ¿Cuáles son? ¿cómo se distribuyen? Más que hablar de nombres de variedades, estamos trabajando fuerte con IFG y con SNFL. Por un tema de política de empresa o estrategia comercial, no queremos entrar en detalles de cuál es nuestra principal variedad. Sin mencionar nombres ¿existe una predominancia de alguna variedad por color? Está súper repartido. Tanto en Chile como en Perú, el cliente te arma un programa anual equilibrado en verdes y rojas, siempre hablando sin semilla. Las calidades de racimos son tan buenas que, la verdad, más que diferenciar por nombre de variedad, hoy se habla de ‘rojas’ o ‘verdes’. ¿Qué tan productiva puede ser una variedad licenciada? Te da la seguridad de que en un año difícil no tendrás tantas variaciones. Tal vez en un año productivo no se marca la diferencia, pero frente a un año difícil tienes la tranquilidad de que tendrás la fertilidad que necesitas. Dijiste que estos dos últimos años han sido productivos, ¿qué factores han incidido de que sean así y cuál es la expectativa para los próximos años? Se trata de una combinación de factores. Pero creo que el tema climático ha jugado a favor de las fertilidades. Las variedades que te aseguran fertilidad te dan la ventaja de elegir los mejores racimos. Tienes que ralear o descargar, dependiendo, los mejores racimos. Una empresa como Rapel, que posee superficies bastantes extensas, ¿qué tanto destinan en tecnología para hacer un seguimiento del campo? Es un arma de doble filo. Es una herramienta costosa y al rubro le ha costado mucho dar con datos certeros. Se sigue afinando, pero cuando uno logra utilizar las herramientas los resultados son dos o tres veces mejor de lo que uno espera. Vale la pena la inversión tecnológica. Hay un mundo por desarrollar que hay que adaptarlo a la necesidad de cada campo. Hoy la tecnología está muy asociada al riego. Se ha avanzado muchísimo en eso, pero también hay que seguir desarrollando en otras áreas. Todavía se puede avanzar. Retos pendientes Rapel continúa en su búsqueda de optimizar el manejo de variedades licenciadas de uva de mesa, apoyándose en labores culturales y un programa fitosanitario que ponga foco en plagas como el chanchito blanco y en los nematodos. En su portafolio vienen incorporando alternativas de control biológico, con el objetivo de reducir el impacto ambiental y la residualidad. Mencionas que para ustedes es muy importante la calidad y condición de la fruta, ¿cuáles son los ejes o etapas clave? La transformación del racimo, a la hora del raleo, la descarga, la cosecha y el embalaje. Esos son los factores más determinantes para poder cuidar tu producción. ¿Cómo ajustar costos sin comprometer la calidad? Debes conocer bien tu campo, porque hay zonas que necesitan más apoyo que otras. Incluso en algunos casos se hace necesario modificar el riego por temperaturas. Pronóstico y cultivos potenciales Rapel continuará enfocada en su cultivo estrella, la uva de mesa, pero además realizará algunos ajustes en su negocio para ser más eficientes en costos y consolidarse en el manejo de variedades licenciadas. Respecto a los cultivos con los que han estado trabajando, anuncian que saldrán del negocio de banano debido a los altos costos, acompañados de presiones a la baja en el precio. Donde hay espacio para continuar desarrollándonos es en limones y arándanos. De acá a dos años ¿qué tan protagónica será la uva de mesa para la compañía? Llevamos 30 años en la uva y tenemos programas comerciales amarrados con nuestra producción de Chile. Se viene complementando. Chile, debido a la dificultad de mano de obra y por el tema climático, ha tenido que bajar sus volúmenes y eso les ha abierto espacios a los programas de Perú. La estrategia de acá es un complemento y no es comparable con alguna empresa de la zona. Cumplimos programas anuales y por eso tenemos estos volúmenes de producción. Si falta algún programa plantaremos alguna u otra hectárea. ¿Considerando estos factores hacia dónde camina Rapel? Dentro de la misma compañía tenemos que hacer gestión para trabajar lo más eficiente posible con los costos controlados, con variedades nuevas que aseguran producción, pero hay que ser detallistas para hacer las cosas bien. Me decías que un 40% son variedades licenciadas ¿ese porcentaje se va a modificar, va a permanecer? Hay que ver cómo se comportan los mercados. Definitivamente, una parte importante que tenemos de variedades rojas viene caminando bien. Es difícil proyectarse de 5 a 6 años, con todos los movimientos del mercado. Pero como tenemos la experiencia de las variedades, podemos tomar decisiones rápidas. Esa es una ventaja. Estamos en periodo de afianzarnos en tema de costos y productos con lo que tenemos y de evaluar cómo está el escenario político. Se espera que los mercados como Europa tengan un peso mayor ¿o hay espacio para desarrollarse mercados como Asia? Asia es una incertidumbre. Hace 3 o 4 años Asia tenía un 35% de nuestro volumen y hoy llega al 20% aproximadamente. El tema de la pandemia afectó mucho. Ellos cambian de decisión muy rápido. Por la pandemia cambió mucho todo. El canal de comercialización allá no es tan formal. Ellos reciben fruta por contenedores, lo abren… es un mercado completamente distinto. Eso juega a favor y en contra. Muy distinta la negociación. Sobre cultivos potenciales, entiendo que trabajan con arándano ¿ha logrado sostenerse? Sí. Es nuestra segunda campaña de arándano. Hay bastantes cosas que mejorar, pero venimos sacando los volúmenes esperados. Este año van a salir como 300 contenedores y para el próximo año, con la misma superficie de 350 ha, deberemos llegar a 450 contenedores. ¿Cómo ha evolucionado el negocio del banano? Este es el último año del banano, salieron 150 contenedores. A partir del próximo año ya no vamos a tener producción. Ese cultivo salió por los costos. Los costos, en general, para exportar el banano eran muy altos. El banano es un ‘commodity’ donde no tienes mucha capacidad de negociación con los clientes. Es vender algo muy comercializado, que tienes que vender al precio que hay. ¿Cuáles son los precios que ustedes manejaban cuando entraron al negocio de banano? ¿Cómo cambiaron? Estábamos en el banano orgánico, que tenía un ‘plus’. Se hablaba de US$13 la caja, pero hoy hay mucho banano. Ahora en orgánico está US$11 o US$12. Teníamos 150 hectáreas y las hemos ido bajando escalonadamente, y ya para el otro año no tenemos producción de banano. ¿Esas hectáreas serán replantadas en un futuro, próximo o mediano? Lo estamos evaluando con el área comercial, los costos han subido mucho y no cualquier especie es rentable. Es algo que se está evaluando en directorio y habrá que esperar cómo evoluciona todo el tema revuelto de la economía mundial. ¿En Piura, en general, a qué se está apuntando? Nosotros nos hemos enfocado ‘full’ en uvas. Como nuevo se habla de limones, pero nosotros aún no hemos exportado. A futuro, estamos enfocados en nuestra producción de uvas, arándanos y limones. ¿Hay espacio para crecer en limones? Tenemos 150 hectáreas de limones. Estamos recién explorando el mercado, son productos que iniciamos hace poco. Por ahora no tenemos proyección de crecimiento. Lo que sí, el próximo año empezamos a exportar cerca de 100 contenedores. ¿Cómo cuidar la calidad cuando se tiene superficies tan extensas? Nosotros, cada cierta cantidad de hectáreas, hacemos suborganizaciones, para llevar más controlado todo el manejo de campo, desde el riego hasta la cosecha. Entre ellos también se apoyan cuando lo necesitan. Considerando su perspectiva de crecimiento, ¿se dan abasto para los requerimientos hídricos? Sí, ese tema lo hemos visto desde un comienzo. Hemos invertido bastante en reservorios para poder estar preparados y enfrentar años más difíciles. Este año no ha sido tan complicado. Nuestros reservorios se abastecen con agua de rio, lo complementamos con agua de pozo. ¿Cuáles son las tareas pendientes para el próximo año? La tarea continua es mejorar los rendimientos y costos asociados a la buena productividad y calidad de la fruta. Es una tarea continua en la que no te puedes conformar. Fuente: Redagrícola",agraria.pe/agronegocios,https://agraria.pe/noticias/sociedad-agricola-rapel-exportaria-3-500-contenedores-de-uva-26308
2021-12-09,Ecosac planea contar con 1.700 hectáreas de uva de mesa en el 2024," Ecosac, empresa pionera en la producción de uva de mesa en Piura, cuenta actualmente con 1.200 hectáreas de dicha fruta (este año se instalaron 200 ha) y su plan estratégico es llegar al 2024 con 1.700 hectáreas de uva de mesa en dicha región. Así lo indicó la gerente de Servicios y Proyectos de Ecosac, Paola Gutiérrez, quien señaló que el próximo año se instalarían 250 hectáreas de uva de mesa, para lo cual han accedido a un financiamiento de US$ 98 millones, otorgados por BID Invest, DEG y Rabobank. Además, proyectan instalar otros cultivos como arándanos paltos y limón. Tahiti. La empresa cuenta actualmente con 22 variedades de uva de mesa (han llegado a tener hasta 27 variedades) entre rojas, negras y blancas, destacando variedades como Red Globe, AUTUMCRISP®, Sweet Globe, Sugraone, Candy Dreams, Cotton Candy, entre otras. Paola Gutiérrez destacó que en base a la variedad AUTUMCRISP® su representada está enfocando su desarrollo en este fruto. Agregó que Ecosac realiza dos campañas de uva de mesa al año: chica (marzo y abril) y grande (de junio a enero). En la presente campaña junio 2021/enero 2022 la exportación de esta fruta es 30% superior a lo proyectado. “Ecosac viene confirmando el potencial de la zona. Venimos teniendo una campaña sobresaliente, no solo en cantidad sino también en calidad”. Uva orgánica En otro momento, destacó que en la actual campaña entraron en producción las uvas orgánicas. La empresa cuenta con 25 hectáreas de estas y el objetivo es llegar al menos a 100 hectáreas en el 2023. Detalló que AUTUMCRISP® es la variedad destinada para uva orgánica y los mercados a los que se han enfocado son Estados Unidos, Japón y Europa. “Conociendo ya la dinámica comercial y técnica, así como requisitos de certificación, es posible que se opte por transformar otros cultivos convencionales en orgánicos”, finalizó. Otros cultivos Paola Gutiérrez también comentó sobre los planes de su representada en cultivos como arándanos, paltas, limón Tahití y pimientos. Sobre el primero dijo que Ecosac aún no cuenta con arándanos, pero dentro de su crecimiento estratégico tiene planificado desarrollar cerca de 1.000 hectáreas de dicha fruta. En paltos, la empresa cuenta actualmente con 50 hectáreas y se tiene estimado alcanzar entre 110 y 150 hectáreas. Son de la variedad Hass y otras en ensayo. “Estas paltas tienen ciertas características (sobre todo de tamaño), ya tenemos experiencia técnica para el manejo del tipo de palta que queremos comercializar y que los clientes nos solicitan”. En cuanto a lima Tahití, es un cultivo con mucho potencial en la zona. La empresa ha mejorado la calidad de la fruta, por lo cual actualmente están por encima del 90% de materia prima aprovechable para exportación y con muy buena aceptación de los clientes. Cuentan actualmente con 111 hectáreas de esta fruta y se estima llegar a las 500 ha. “En lima Tahití, aparte del sabor que pueda buscar el cliente, se valora mucha la estética del fruto y eso es algo que Ecosac ha logrado conseguir como sello propio, que cumpla el porcentaje de jugo, color, tamaño, uniformidad, estética. Es un mérito del equipo de producción que ha logrado desarrollar su paquete técnico para llegar a ese objetivo”, sostuvo. Sobre pimientos, Ecosac es un referente en Piura. Cada campaña (marzo-noviembre) cuenta con alrededor de 600 hectáreas, donde destacan el piquillo, marrón, bola, cristal, además este año van a introducir con fuerza el jalapeño. La gerente de Servicios y Proyectos de Ecosac, dijo que también se viene realizando investigaciones en frutales como fresa, pitahaya, macadamia y caqui. “Las nuevas introducciones que queremos hacer están específicamente orientados a aquellos cultivos que en el valle no se han probado y que estratégicamente podrían tener potencial”, finalizó.",agraria.pe/agronegocios,https://agraria.pe/noticias/ecosac-planea-contar-con-1-700-hectareas-de-uva-de-mesa-en-e-26298
2021-12-07,"Se ofertarán 1.652.000 pavos en fiestas de Navidad y Año Nuevo, lo que representa un incremento de 38%"," La producción local ofertará 1.652.000 unidades de pavos para atender la demanda de las familias peruanas en las próximas fiestas de Navidad y Año Nuevo 2022, según informó el Ministerio de Desarrollo Agrario y Riego (Midagri). De acuerdo al reporte de la Dirección General de Estadística, Seguimiento y Evaluación de Políticas del Midagri, la oferta de pavos será mayor en 38.3% en comparación a lo registrado en la campaña del año pasado (1.195.000 unidades), pese a los impactos generados por la pandemia del Covid-19. Los pavos ofertados para esta campaña navideña, provienen exclusivamente de la producción local. Del mismo modo, del total de pavo disponible para estas fiestas, se tiene estimado que 1.224.000 unidades serán comercializadas en las diferentes cadenas de supermercados y ventas corporativas como pavo entero congelado, y 428 mil unidades en los Centros de Distribución de Aves como pavo vivo. Asimismo, el rango de peso promedio comercial del pavo beneficiado congelado oscilará entre 5 a 12 kilogramos por unidad y entre 7.0 a 11.0 kilogramos para la venta como pavo vivo. Por otro lado, la producción nacional de pavo en unidades en el año 2021, se incrementará en 14.2% respecto al año 2020. Solo en estas fiestas de Navidad y Año nuevo, la oferta de pavo representa el 54% de la producción nacional anual. Asimismo, del volumen total de la producción nacional, el 79% es destinado para beneficio como pavo entero y el 21% como pavo trozado. Del total de pavo entero beneficiado, el 68.1%% es orientado a las fiestas tradicionales de Navidad y Año Nuevo, mientras el 31.4% tiene como conducto la venta regular nacional y el 0.5% se exporta como pavo entero congelado. Este año, las importaciones de carne de pavo, alcanzarán las 9.371 toneladas, cantidad superior en 13.4% con relación a lo importado el año 2020. Las importaciones de carne de pavo vienen como pavo trozado, siendo los países de origen Estados Unidos, Chile y Brasil. Mayores exportaciones Mientras, las exportaciones de carne de pavo este 2021 alcanzarán las 155 toneladas, creciendo en 74.2% comparado con lo registrado el año anterior. La carne de pavo durante el presente año, viene exportándose como pavo entero (57%) y pavo trozado (43%), siendo principal destino Colombia. Por otro lado, el consumo de carne de pavo en esta campaña alcanzará los 1.02 kilogramos por habitante, lo que representa un incremento de 9.4% con respecto al año 2020 (0.93 kilos de consumo per cápita).",agraria.pe/agronegocios,https://agraria.pe/noticias/se-ofertaran-1-652-000-pavos-en-fiestas-de-navidad-y-ano-nue-26292
2021-12-06,APPROCAP enviará 12 toneladas de cacao a España este año," El presidente de la Asociación de Pequeños Productores de Cacao de Piura (APPROCAP), José Arquinigo Sánchez, señaló que cerrarán el 2021 enviando 12 toneladas de granos de cacao piurano a España. El dirigente agrario añadió que, en este momento, el envío ha tenido un retraso debido a la crisis mundial de los contenedores. “La naviera nos ha informado que, por el momento, no hay cupo para el envío, aseguró. Arquinigo refirió que también tienen una cartera de clientes nacionales a quienes se viene abasteciendo. “A nuestro cacao lo prefieren porque con él se puede lograr un chocolate con buena textura, finura y buen sabor”. Es importante indicar que la comercialización del 2021 permitirá beneficiar a 160 productores de cacao de cinco distritos del Alto Piura: Bigote, Salitral, Lalaquiz, Canchaque y San Miguel de El Faique. “Este buen cierre de año se planificó y está dando buenos resultados. Pudo haber mayor producción, pero preferimos calidad a cantidad. No debemos olvidar que nuestros productores practican una agricultura orgánica y eso nos obliga a tener muchos cuidados”, refirió. Expectativas para el 2022 Por otro lado, José Arquinigo se mostró confiado de que el próximo año será mejor para la producción cacaotera piurana. Los cacaoteros de APPROCAP hoy producen 50 toneladas, pero esperan llegar a 70 toneladas de granos de cacao para el 2022. “Las expectativas son buenas. Así como va la producción, puede aumentar la cantidad para el otro año. Estamos haciendo gestiones para el financiamiento de la producción, pero además tendremos recursos propios suficientes, luego del envío a España. Con el autofinanciamiento queremos evitar pedir préstamos a entidades financieras”, aseguró el dirigente agrario. Datos . La Cooperativa APPROCAP agrupa a 240 hectáreas de sembríos de cacao. . Un productor de cacao invierte, aproximadamente, 2500 soles por hectárea al año. Fuente: infoMercado",agraria.pe/agronegocios,https://agraria.pe/noticias/approcap-enviara-12-toneladas-de-cacao-a-espana-este-ano-26276
2021-12-06,"Fresas congeladas, la sorpresa de las agroexportaciones al cierre este año"," Christian Garay, director general de Estadística, Seguimiento y Evaluación de Políticas del Ministerio de Desarrollo Agrario y Riego (Midagri) conversó sobre las proyecciones de agroexportación para este año, además, sobre los productos “estrellas” que sostendrán la canasta en el 2021. Próximos al cierre del 2021, ¿cuál es la proyección para las agroexportaciones? Anteriormente estimábamos un monto de US$ 8.600 millones para este año, pero lo ajustamos al alza: estaríamos superando los US$ 9.000 millones este año. Con ello, estamos hablando de un crecimiento de casi 16% respecto al 2020. Esto, dado el buen comportamiento de algunos productos, sobre todo “los estrella”, que han estado generando este repunte. Solo hablando de las frutas, estas prácticamente explican el 50% de la proyección. Es decir, solo en exportación de frutas superaríamos los US$ 4.500 millones en el 2021 (en el 2020, se llegó a US$ 4.061 millones). La palta ya logró unirse al grupo de los que superan US$ 1.000 millones en exportaciones por primera vez. ¿Arándanos y uvas volverán a superar este monto? La exportación de palta ya superó los US$ 1.000 millones como lo habíamos adelantado. De hecho, proyectamos que cerraría el año en US$ 1.122 millones, un crecimiento de casi 48% respecto al 2020. Ya no creemos que este valor se mueva más: el 99% de las colocaciones de palta al mundo se concentran en los nueve primeros meses del año, y en el último trimestre -más bien- se concentra solo el 1%. La uva y el arándano también se van a sumar a esos productos estrellas que están superando la cifra de los US$ 1.000 millones. Los envíos de uvas frescas estarían cerrando con US$ 1.269 millones; y en el caso de los arándanos, estaríamos hablando de un valor de exportación que superaría los US$ 1.400 millones, casi 40% respecto al año pasado. Estos tres productos son los que de alguna manera van a seguir marcando de manera muy importante la dinámica o impulso que ha tenido las exportaciones agrarias en el 2021. ¿Cómo la palta logró dar el salto? La palta no solo ha tenido una mayor ampliación de áreas agrícolas que han permitido poder generar una mayor oferta de esta fruta. Sino que ahora este cultivo no solo se produce en la costa, sino que las exportaciones también están viniendo desde la sierra. Hay mucha palta que viene sobre todo de la sierra central. De alguna manera, la palta se ha convertido en una fruta que ha podido incluir a la agricultura familiar en este boom exportador. Además, hay que reconocer que también se han liberado algunos mercados; el ministerio del sector también tiene un rol importante en poder reducir las barreras fitosanitarias. Este año, ¿cuál será el cultivo “sorpresa”, tal como lo fue el kion el año pasado? Hemos estado revisando con detenimiento la dinámica de crecimiento de la fresa congelada. ¿Por qué creemos que es la sorpresa? Ya estamos con ventas cercanas a los US$ 30 millones (a setiembre), con una tasa de crecimiento que bordea el 160% en los últimos nueve meses. Y hay que aclarar una cosa, estos casi US$ 30 millones solo representan el 25% de las colocaciones de todo el año, es decir, falta colocar en el último trimestre el 75%. Eso significaría que para el cierre del 2021, las exportaciones de fresa congelada terminarían con una cifra cercana a los US$ 100 millones. Será uno de los productos que va a pasar al grupo de los “más de US$ 100 millones”. La fresa nunca había superado esta barrera. Muy pocos productos, sobre todo las frutas, lo han conseguido. A la fecha, por ejemplo, solo 10 productos superan los US$ 100 millones. Al cierre del año esperaríamos que sean los 15 productos, y sería la primera vez que la fresa entre a este grupo. Es un enorme salto que tendría este producto en las exportaciones agrarias. ¿A qué respondería esta dinámica de los envíos de fresas congeladas? Probablemente está relacionado al crecimiento del arándano, de la uva, porque son productos similares, de estación, de la misma rama de los berries. ¿Qué otro producto podría destacar? Quisiera destacar también a la tara (árbol que pertenece a la familia de las leguminosas), en semillas o en polvo, que se usa como insumo para la industria, por ejemplo, química, farmacéutica, textil, alimentos, bebidas, entre otros. La tara es oriunda del Perú, casi el 90% de la producción mundial solo se da en el país. En lo que va del año, la tara ya ha superado en ventas al exterior todo lo que ha registrado en el 2020. Por ejemplo, a la fecha, los envíos de este producto están alrededor de los US$ 71 millones; y el año pasado cerró con US$ 55 millones. Y un último producto que también ha estado teniendo bastante acogida este año es el limón, en fresco o en aceite. Las cifras a setiembre, que están alrededor de US$ 41 millones, ya han superado superado las cifras alcanzadas en todo el 2020 (US$ 27 millones). Este nuevo récord registrado en el 2021, ¿es un “hipo” o se mantendrán esos incrementos hacia adelante? No ha sido un “hipo”, sino que es la continuidad o la maduración que ha tenido la oferta productiva, que viene de la agricultura moderna, de la más competitiva. Durante la pandemia, las exportaciones agrarias se han destacado porque el mundo no deja de consumir alimentos a pesar de la coyuntura. Más bien, a pesar de todo, se ha generado una oportunidad para colocar otros productos que tienen una connotación vinculada con la salud, por ejemplo, los cítricos -que están ganando un espacio en la canasta agroexportadora peruana- y el kion que se ha sumado a esta tendencia. El Perú tiene que seguir conquistando más mercados para poder sostener este ritmo de crecimiento de las exportaciones, obviamente, bajo ciertas condiciones donde tú garantices que la inversión privada siga sosteniendo la ampliación de la frontera agrícola, porque si esta inversión se para, se va a ir diluyendo la oportunidad de sostener las exportaciones agrarias. Sobre los mercados, ¿cuál es aquel que aún es un gran reto para el ingreso de productos agrícolas? Hablemos mejor de oportunidades, y para mí, la oportunidad más clara son con los mercados asiáticos. Son mercados que el Perú tiene que aprovechar, no solo porque ahí se concentra la gran masa de población del planeta, sino porque estos mercados están comenzando a cambiar sus patrones de consumo, sus economías familiares empiezan a mejorar, a tener más ingresos, con una clase media más fortalecida. Pongamos el ejemplo de Japón. Este país consume productos que vienen de la producción pesquera como pota, anchoveta, entre otros, pero Japón no nos compra arándanos, uvas o cítricos. Ahí podemos entrar, estamos haciendo las gestiones con Senasa para poder liberar esas barreras fitosanitarias con Japón. La oportunidad: Envíos de madera Christian Garay consideró que el producto que tiene potencial para entrar en el largo plazo al grupo de los que envían más de US$ 1,000 millones son los madereros. “En el ministerio hicimos una estimación de cuánto sería el impacto de las exportaciones si pudiéramos instalar un millón de hectáreas de plantaciones forestales. Si Perú logra poner en producción un millón de hectáreas de plantaciones forestales -de las 10 millones que tenemos deforestadas por la contaminación ambiental, la minería ilegal, etcétera- podríamos generar hasta US$ 1,800 millones en exportaciones de madera, sea como materia prima o transformada”, detalló. Garay mencionó que instalar un millón de hectáreas de áreas forestales significa poder hacer saneamiento físico legal de tierras, “que no siempre es tan fácil”. Además, consideró que se tendría que impulsar algunas medidas de incentivos tributarios que permitan poder apuntalar la inversión de largo plazo. “El sector no reditúa al primer año de operación, normalmente es al décimo año”, puntualizó. Fuente: gestion.pe",agraria.pe/agronegocios,https://agraria.pe/noticias/fresas-congeladas-la-sorpresa-de-las-agroexportaciones-al-ci-26270
2021-12-01,Declaran el cuarto sábado del mes de noviembre de cada año como el “Día Nacional de la Aceituna”," Mediante Resolución Ministerial N° 0340-2021-Midagri, el Ministerio de Desarrollo Agrario y Riego declaró el cuarto sábado del mes de noviembre de cada año como el “Día Nacional de la Aceituna”. La norma señala que parte de los productores olivicultores del país, sobre todo en zonas como el distrito de La Yarada – Los Palos – Región Tacna, son pequeños productores de la agricultura familiar, así como los de los valles costeros de Tacna, Moquegua, Arequipa, Ica, Lima y La Libertad. La aceituna es un producto de alto valor nutricional que contiene antioxidantes y, que a diferencia de otras frutas, contiene pocos hidratos de carbono y abundantes grasas saludables, como el ácido oleico (Omega 9) y Omegas 3 y 6, compuestos asociados a la prevención de enfermedades cardiovasculares y metabólicas e indispensables para una alimentación saludable. Este reconocimiento permitirá promover la realización de festivales, congresos, seminarios, concursos, celebraciones, ferias y encuentros alusivos a la fecha, a nivel nacional, regional y local, e internacional. Aceituna en Perú En el 2020, la producción nacional de aceituna alcanzó las 175.330 toneladas, representando una contracción de – 7.28% frente a las 189.095 toneladas producidas en el 2019. En el 2018, la producción alcanzó las 188.612 toneladas. Del total producido en 2020 (175.330 toneladas), el 70% (122.731 toneladas) son producidas en Tacna, que es la principal región olivera del país y que cuenta con 22.902 hectáreas en producción. En el 2020 la exportación de aceituna de mesa por parte de Perú alcanzó las 44.678 toneladas por US$ 46.897.632 (US$ 1.05 el kilo), cuando en 2019 fueron 41.598 toneladas por US$ 45.835.183 (US$ 1.10 el kilo), es decir creció 7.4% en volumen y 2.3% en valor. Los principales destinos fueron Brasil, Chile, Estados Unidos, Colombia, Ecuador, Canadá. En cuanto a las exportaciones peruanas de aceite de oliva, dijo que estas ascendieron en el 2020 a 2.908 toneladas por US$ 4.797.719 (US$ 1.65 el litro), cuando en el 2019 fueron 3.438 toneladas por US$ 7.836.589 (US$ 2.28 el litro), mostrando una contracción de -15.42% en volumen y -38.78% en valor.",agraria.pe/agronegocios,https://agraria.pe/noticias/declaran-el-cuarto-sabado-del-mes-de-noviembre-de-cada-ano-c-26229
2021-11-29,“Es muy urgente congelar la promoción del limón de ailimpo ante la grave crisis de precios y mercados que estamos viviendo actualmente”," Juan de Dios Hernández, productor y exportador de cítricos, miembro de la Junta Directiva de ASAJA Murcia y de la Mesa de los Cítricos de la Región de Murcia (España), ha denunciado que “ante la crítica situación económica que está viviendo el sector de los cítricos, particularmente el del limón actualmente, no podemos seguir soportando más gastos y haciendo frente a la campaña de promoción del limón promovida por la interprofesional Ailimpo”. Juan de Dios Hernández ha señalado contundentemente que “es intolerable e inaceptable seguir pagando la promoción del limón, ante la situación ruinosa en la que se encuentra el sector del limón de España, con ínfimos precios, con unas facturaciones cada vez más reducidas por parte de las empresas y con una crisis muy acentuada por el Covid-19, que ha incrementado muchísimo nuestros costes productivos. Es muy urgente que se congele esta promoción ante la grave crisis que estamos padeciendo, y cuando lleguen mejores tiempos, continuaremos con la misma”. Promoción sí, ahora es un gasto inasumible Además, este veterano conocedor del sector citrícola ha subrayado “soy consciente y defensor de la promoción de los cítricos, que es una herramienta muy efectiva para incentivar el consumo, pero en estos críticos momentos con un sector que atraviesa una fuerte crisis, los agricultores y las empresas exportadoras no podemos soportar este gasto. Además, las acciones de promoción no conllevan beneficio para los agricultores que en estos momentos están vendiendo por debajo de los costes de producción”. Además, el Secretario General de ASAJA Murcia, Alfonso Gálvez Caravaca, ha apuntado que “hemos llegado a esta situación por la permisividad de la Unión Europea con la entrada de limones extracomunitarios y el Gobierno de España por aprobar una Ley de la cadena de valor agrolimentaria cuyo cumplimiento es nulo, sobre todo en la garantía de cubrir los costes de producción de los agricultores”. “Además se están generalizando prácticas irregulares y abusivas en la formación de los precios en campo que ya se pueden calificar de oligopolio consentido por las Administraciones y que está llevando a la ruina a los agricultores. Grandes empresas exportadoras de la Región presumen de Responsabilidad Social en sus certificaciones de calidad y sin embargo están abusando de los agricultores de su entorno”, apunta Gálvez Caravaca. Además, el responsable gerencial de ASAJA Murcia destaca que “la revisión de los acuerdos comerciales de la UE con Sudáfrica y Argentina es urgente y necesario establecer cupos máximos, calendarios de importación estrictos, medidas fitosanitarias férreas y controles en origen que garanticen la sanidad vegetal”. Cítricos: Patrimonio agrícola con relevancia socioeconómica y medioambiental Gálvez Caravaca puntualiza que “la producción europea de cítricos es un patrimonio agrícola con una gran relevancia socioeconómica y medioambiental que está en riesgo”. “Atravesamos unos momentos muy difíciles, con una fuerte competencia desleal de terceros países, y con unos mercados saturados, por lo que es fundamental la congelación de la promoción hasta que la situación mejore, ya que corremos el grave riesgo de que el sector se desmantele y muchas empresas estén abocadas al cierre absoluto, y eso no podemos consentirlo de ninguna manera”, advierte Juan de Dios Hernández.",agraria.pe/agronegocios,https://agraria.pe/noticias/es-muy-urgente-congelar-la-promocion-del-limon-de-ailimpo-an-26216
2021-11-29,"En 2016 se cosechaban alrededor de 13 variedades de arándano en Perú, hoy se cultivan 60"," Al acercarse el final de la campaña de arándano 2021-2022, la Asociación de Productores y Exportadores de Arándanos del Perú (Proarándanos) dio a conocer información relacionada con la misma. Por un lado, con respecto a la generación de empleo de la presente campaña, Luis Miguel Vegas, gerente general de Proarándanos, informó que dicha fruta ha generado una cifra récord de más de 120.000 puestos de empleo directo en nuestro país, de los cuales el 52% ha sido ocupado por mujeres. Este desarrollo descentralizado se ha dado gracias a la producción de arándanos en regiones como Áncash, Cajamarca, Ica, La Libertad, Lambayeque, Lima, Moquegua y Piura, y ha venido acompañado también por inversiones en infraestructura y programas sociales para mejorar los niveles de educación, salud y bienestar de las comunidades ubicadas en las zonas de influencia de las operaciones agroindustriales del arándano. Por otro lado, la oferta exportable ha sido un factor relevante en el incremento de las exportaciones peruanas. En el 2016, solo se cosechaban alrededor de 13 variedades de arándano, mientras que hoy en día, se calcula que existen 60 variedades distintas cultivadas en el territorio nacional, ampliando así el menú de variedades que tiene el Perú para ofrecer a los mercados en todo el mundo. Con respecto al avance de la campaña, hasta fines de noviembre, 73 empresas peruanas vienen exportando 175.574 toneladas de arándano, que representan un 36% de crecimiento en comparación con las 128.900 toneladas exportadas durante el mismo período en la campaña pasada. Por otro lado, dentro de los principales mercados, Estados Unidos abarcó el 55% de lo exportado; es decir 95.735 toneladas, creciendo un 46% respecto al año anterior. A Europa y China se destinaron 51.634 y 23.612 toneladas, respectivamente, registrándose un crecimiento del 11% y 75% en cada uno de los mercados mencionados. A la India, que recientemente abrió sus fronteras a la comercialización del arándano peruano, a la fecha se han enviado 26.372 kilogramos por vía aérea. Fuente: Fresh Plaza",agraria.pe/agronegocios,https://agraria.pe/noticias/en-2016-se-cosechaban-alrededor-de-13-variedades-de-arandano-26206
2021-11-26,Agroexportación y turismo aceleran reactivación económica en Ica," La agroexportación y el turismo están acelerando la reactivación económica del departamento de Ica, según su gobernador regional, Javier Gallegos Barrientos. “Por suerte, Ica es una región principalmente agroexportadora y agroindustrial, acá hay bastante trabajo y en ocasiones falta mano de obra, por eso la pandemia ya no está afectando el movimiento económico”, sostuvo. “Además, con las autorizaciones de los ministerios de Cultura y de Comercio Exterior y Turismo, ya estamos abriendo restaurantes, hoteles y negocios privados, en especial Paracas, que es una de las provincias turísticas de Ica, junto con la de Nasca. Por eso invito a todos los peruanos a visitar nuestras provincias iqueñas”, agregó. Durante la XIV Conferencia Anual de Municipalidades (Camur) 2021, que se realiza en el balneario de Paracas, Javier Gallegos señaló que Ica es una de las dos regiones del Perú donde el aspecto económico está recuperándose de la mejor manera. “Las empresas privadas se han reactivado y estamos tratando de complementar con algunos proyectos emblemáticos del gobierno regional y las municipalidades, que se habían paralizado en el 2020, pero cuyas obras ya se están reactivando”, indicó. Asimismo, el gobernador regional destacó que el avanzado proceso de vacunación contra el Covid-19 en Ica está dando soporte a la recuperación económica.",agraria.pe/agronegocios,https://agraria.pe/noticias/agroexportacion-y-turismo-aceleran-reactivacion-economica-en-26189
2021-11-25,Ecosac: 20 años de innovación y desarrollo en el norte del Perú," Han pasado dos décadas desde que Ecosac tuvo la visión de transformar los desiertos del Medio Piura en tierras fértiles, convirtiéndose en la empresa pionera en el desarrollo de actividades acuícolas y agrícolas. Desde entonces, la empresa ha consolidado sus operaciones basándose en un modelo de negocio integral y sostenible, generando decenas de miles de puestos de empleo formal directos y sumando nuevas líneas comerciales orientadas a la producción de congelados, conservas y frescos. Y la innovación continua… En el año 2001, Ecosac inicia sus operaciones acuícolas con la siembra de 27 hectáreas de larvas de langostino. Este emprendimiento visionario marcó un antes y un después para las comunidades de la zona, las mismas que como consecuencia de la inversión realizada por la empresa encontraron oportunidades de empleo y desarrollo. Algunos años después, Ecosac decide desarrollar actividades agrícolas, sembrando pimiento, en una primera etapa, para luego apostar por la siembra de uva de mesa. El éxito alcanzado con este último cultivo propició que otras empresas agroindustriales siguieran el camino liderado por Ecosac, transformando así, el panorama agrícola de la región Piura. Un motor de desarrollo y oportunidades Desde entonces, la empresa ha diversificado sus cultivos y líneas de negocio, generando en el camino más de 30 mil puestos de trabajo para pobladores de comunidades aledañas. Hoy, Ecosac tiene 2.500 hectáreas en producción, dedicadas al cultivo de langostino, pimiento, uva, palta, lima Tahití, así como a otros productos en investigación. Además, cuenta con tres plantas procesadoras y un laboratorio de larvas de langostinos, ubicado en la caleta de Constante (Sechura). En la actualidad, trabajan con 1.200 hectáreas de uva de mesa en producción, y 22 variedades en desarrollo, lo que ha posicionado a la empresa como la más grande de Sudamérica, en materia de diversificación. Este año, se dará la primera cosecha de uva orgánica, una iniciativa que Ecosac venía explorando de cara a atender una tendencia mundial que va en ese sentido. Su modelo de negocio se distingue del ofrecido por otras empresas agroindustriales, al posibilitar que sus colaboradores, principalmente provenientes de zonas aledañas, trabajen en Ecosac a lo largo de todo el año, y no solamente por campañas, llegando a generar casi 8 mil empleos simultáneos durante el pico de producción. Líderes de la innovación en Piura Se trata de la primera empresa que adaptó el langostino de mar al agua dulce, y hoy cuenta con el segundo laboratorio de larvas activo del Perú. Y la innovación no se detiene: sus nuevas líneas de negocio incluyen procesamiento de conchas de abanico, frutas congeladas, así como producción de compost y productos biológicos, además de la exploración e investigación de nuevos cultivos como fresa, pitahaya, macadamia y caqui. Ecosac tiene la visión de llegar al 2025 como una empresa líder en innovación, que produce y exporta durante todo el año alimentos saludables y de excelente sabor, contribuyendo al bienestar de los hogares del Perú y el mundo.",agraria.pe/agronegocios,https://agraria.pe/noticias/ecosac-20-anos-de-innovacion-y-desarrollo-en-el-norte-del-pe-26176
2021-11-23,Sectores acuícola y forestal presentan mayor potencial," El Perú tiene como principales motores de crecimiento a la minería y la agroexportación, pero también hay otras actividades económicas con potencial por desarrollar que podrían contribuir más al avance del producto bruto interno (PBI), como la forestal y la acuicultura. De acuerdo con el Ministerio de Economía y Finanzas (MEF), el Perú necesita nuevos motores de crecimiento, entre los que considera a la industria forestal, la acuicultura y el turismo. “El Perú cuenta con un potencial inmenso en el sector forestal, ubicándose después de Brasil como país con más hectáreas para su desarrollo. Lo mismo pasa con la acuicultura que tiene una capacidad productiva importante y un mercado internacional asegurado”, aseveró recientemente. Oportunidad Al respecto, el presidente de la Cámara Peruana del Atún, Alfonso Miranda, destacó que la mitad del pescado que se consume en el mundo proviene de la acuicultura. “El Perú tiene oportunidades por aprovechar, por lo que se debe incentivar esta actividad a fin de contribuir con la seguridad alimentaria y la generación de empleo en el país”. Dijo que la demanda de productos pesqueros sigue al alza en el mundo porque se reconoce sus ventajas para la salud, entre otras cualidades. Refirió que el Perú exporta unos US$ 300 millones en productos acuícolas mientras que Chile y Ecuador registran envíos por US$ 5.000 millones y US$ 3.000 millones, respectivamente. “Creo que el Perú podría exportar US$ 1.000 millones en productos acuícolas en los próximos cinco años”. Miranda subrayó que ello generaría unos 30.000 puestos de trabajo descentralizados. Madera De otro lado, el docente de ingeniería ambiental de la Universidad de Ciencias Aplicadas (UPC), Fernando Neyra, destacó que cerca del 70% del territorio nacional es bosque y que 10 millones de hectáreas podrían tener potencial forestal para producir distintos tipos de madera. “Este aprovechamiento debe efectuarse de forma planificada y adecuada, cuidando los recursos forestales para que sean sostenibles, subrayó. Proyectó que se podría llegar a 120.000 personas involucradas directa o indirectamente en esta actividad inicialmente. Neyra comentó que en materia forestal se requiere asegurar los mercados y la trazabilidad de la madera. “Para promocionar el sector forestal, se tiene que asegurar los mercados y la trazabilidad de la producción”. Las exportaciones del sector maderas y papeles sumaron US$ 157 millones entre enero y julio de este año, lo que implicó un crecimiento de 19.9% en comparación con lo registrado en igual período del 2020, según Promperú. En este caso destacaron los mayores envíos a Ecuador, Francia y Chile. Sin embargo, las exportaciones del sector se dirigieron a 95 países hasta el julio. Los cinco principales destinos concentraron poco más del 61% del total exportado acumulado por el sector hasta julio del 2021 (Chile, China, Ecuador, Bolivia, Francia). Es importante resaltar el crecimiento significativo reportado en julio en comparación con igual periodo del 2020 en la partida: madera moldurada de maderas tropicales (178%), cuyo principal destino fue Francia. Fuente: El Peruano",agraria.pe/agronegocios,https://agraria.pe/noticias/sectores-acuicola-y-forestal-presentan-mayor-potencial-26152
2021-11-23,Exportaciones de cáscara de limón se incrementan y superan los US$ 10.7 millones hasta octubre," Entre enero y octubre del presente año, Perú exportó 11.689.702 kilos de cáscara de limón por un valor FOB de US$ 10.767.059. Estas cifras revelan un moderado incremento desde los 8.968.682 kilos exportados en igual periodo de 2020 por US$ 7.781.082. A falta de computar los dos meses finales de 2021, los resultados se revelan ya superiores a los 9.372.312 kilos despachados al exterior en todo el año pasado por US$ 8.160.787. Según reporte del portal Agrodata, esto significa un crecimiento anual de 58%. En lo que corresponde a este año, el promedio mensual de envíos se cifra en 1.168.970 kilos y un valor de US$ 1.076.706. El mes que registró el mayor volumen de despachos fue abril con 2.032.575 kilos, en tanto que el de menor volumen fue septiembre con 25.200 kilos.",agraria.pe/agronegocios,https://agraria.pe/noticias/exportaciones-de-cascara-de-limon-se-incrementan-y-superan-l-26142
2021-11-22,ADEX: agroexportaciones peruanas alcanzaron los US$ 5.804 millones entre enero y septiembre," En el periodo enero- septiembre de este año, las agroexportaciones peruanas (tradicionales y no tradicionales) ascendieron a US$ 5.804 millones, presentando un alza del 19.7% respecto al mismo periodo del 2020 (US$ 4.845 millones), reportó la Asociación de Exportadores (ADEX). Detalló que las exportaciones agrarias tradicionales (US$ 404.790.000) cayeron -1.6% en estos 9 meses del año. Este comportamiento data desde el 2012 –a raíz de la aparición de la roya que afectó la producción y despachos de café (el principal producto del sector) los cuales no logran recuperarse. De enero a septiembre del 2021 el café con despachos por US$ 350.153.000, cayó -3%, los demás azúcares de caña en estado sólido con US$ 26.572.000 (-16.6%) y los demás azúcares de caña con US$ 5.042.000 (-1.6%). El ranking fue liderado por Estados Unidos con US$ 105 millones 760 mil (-11.2%), le siguió Alemania (US$ 68 millones 344 mil), Colombia, Bélgica y Canadá. Por su parte, las agroexportaciones no tradicionales sumaron US$ 5.400 millones, logrando un aumento del 21.8%. Su partida más destacada fue la palta (US$ 1.053.772.000) cuya participación fue de 19.5%, seguida del arándano (US$ 608.061.000) y la uva (US$ 528.353.000). Las de mayor crecimiento en el top 20 fueron las paltas (41.1%), los arándanos (40.4%), las demás preparaciones utilizadas para la alimentación de los animales (29.6%), granadas (28.4%) y pimiento morrón en conserva (27.4%). Los despachos llegaron a 133 países, siendo el primero Estados Unidos (US$ 1.742.513.000) con un alza de 17.2%, le siguió Países Bajos con US$ 935.676.000 (22.8%). Completaron el top five España (US$ 386.204.000), Chile (US$ 278.585.000) y Reino Unido (US$ 231.498.000). ADEX desea participar en segunda Reforma Agraria De acuerdo al gremio exportador, si bien las cifras muestran una tendencia positiva, es importante tener un marco jurídico promotor y estable en el tiempo a fin de garantizar la fluidez de las inversiones en el mediano y largo plazo y apuntalar a un trabajo conjunto con el sector público. ADEX expresó su interés en participar activamente en la segunda Reforma Agraria, motivo por el cual envió una carta al Ministerio de Desarrollo Agrario y Riego (Midagri) solicitando ser parte de esa iniciativa –con voz y voto– y así apoyar de manera conjunta a la agricultura familiar. Aún no hay respuesta. Asimismo, como parte de su labor por apoyar a los integrantes de la cadena agroexportadora, ADEX promueve eventos de capacitación y de promoción como la Expoalimentaria, que en su edición 2021 contó con el apoyo del Ministerio de Comercio Exterior y Turismo (Mincetur), Ministerio de Relaciones Exteriores (RR.EE.), Midagri, y la Comisión de Promoción del Perú para la Exportación y el Turismo (PromPerú). También participa en una diversidad de grupos de trabajo a fin de impulsar productos como los capsicum, maracuyá y otros; y apoya la labor del Servicio Nacional de Sanidad Agraria (Senasa) que busca facilitar el ingreso de la oferta agraria a nuevos mercados. “Hay que señalar que, si bien las cifras son buenas y queda claro el interés de los compradores internacionales por la oferta nacional, existe una gran preocupación en los exportadores peruanos debido al incremento de los fletes marítimos cuyos precios se incrementaron de gran manera (en algunos se quintuplicaron)”, finalizó ADEX. Dato . La palta fue el principal producto de las agroexportaciones totales en los primeros nueve meses del 2021 con el 18.1% de participación.",agraria.pe/agronegocios,https://agraria.pe/noticias/adex-agroexportaciones-peruanas-alcanzaron-los-us-5-804-mill-26128
2021-11-18,Midagri: Agroexportaciones suman US$ 5.984 millones en los primeros nueve meses del año," En los primeros nueve meses del año (enero-setiembre), las exportaciones agrarias sumaron US$ 5.984 millones, cifra superior en 19% al mismo período del 2020, según informó el Ministerio de Desarrollo Agrario y Riego (Midagri). Solo las agroexportaciones no tradicionales durante ese periodo sumaron US$ 5.590 millones, cifra 21% mayor a lo observado en similar periodo del 2020. Los principales productos del ranking agroexportador fueron: palta fresca US$ 1.088 millones (19% de las agroexportaciones no tradicionales), arándanos US$ 605 millones (11%), uva fresca US$ 470 millones (8.4%) y espárrago fresco US$ 273 millones (4.9%). También se resaltaron las mayores ventas de mango fresco US$ 226 millones (4%), los demás cítricos US$ 169 millones (3%), preparaciones utilizadas para la alimentación de los animales US$ 140 millones (2.5%), bananas incluidos los plátanos tipo ""cavendish valery"" frescas US$ 113 millones (2%), mango congelado US$ 109 millones (1.9%), los demás cacao en grano US$ 99 millones (1.8%), las demás frutas US$ 81 millones (1.4%) y las demás quinua US$ 76 millones (1.4%). Estos 12 productos en conjunto concentrarían el 62% de la oferta exportable no tradicional. Mientras las exportaciones agrarias tradicionales alcanzaron los US$ 395 millones FOB, impulsadas por el café, así como por los aumentos de las exportaciones de melaza de caña (US$ 4.8 millones) y lana sin cardar ni peinar (US$ 4.2 millones) cuyos valores FOB se incrementaron en 72% y 19%, respectivamente. Estos productos explicaron el 96% de las agroexportaciones tradicionales. Los productos de mayor contribución al crecimiento en los primeros nueve meses del año fueron: palta fresca (+45% de crecimiento), arándanos (+41%), uvas frescas (+12%), demás preparaciones alimenticias de harina sémola, almidón, fécula o extracto de malta (+2,647%), espárrago fresco (+17%), preparaciones utilizadas para la alimentación de los animales (+31%), pelo fino cardado o peinado de alpaca o de llama (+97%), mucílagos de semilla de tara (+169%), las demás frutas (+29%), tara en polvo (+86%) y fresas congeladas (+160%). Mercados de destino Del mismo modo, los 10 principales países de destino de las exportaciones agrarias peruanas fueron Estados Unidos que concentró el 31% de nuestros despachos, seguido de Holanda con el 17%, España 6%, Chile 5%, Reino Unido 4%, Ecuador 4%, China 3%, Hong Kong 3%, Alemania 3% y Corea del Sur 2%. Este grupo de países concentraron el 78% del total del valor FOB exportado en los nueve primeros meses del año. Setiembre Asimismo, el Midagri dio a conocer que las exportaciones agrarias experimentaron un crecimiento de 28% solo en el mes de setiembre en comparación al mismo periodo del año 2020, pasando de US$ 791 millones a US$ 1.041 millones. Por ejemplo, en ese mes las agroexportaciones no tradicionales sumaron US$ 878 millones, cifra 33% mayor a lo observado en similar mes del año pasado. Los principales productos del ranking agroexportador no tradicional fueron: arándanos frescos (42% de participación), paltas frescas (7.9%), espárragos frescos (5.6%), y los demás cacao en grano (2.4%). También destacaron las mayores colocaciones de preparaciones utilizadas para la alimentación de los animales (2.2%), cebollas y chalotes (1.8%), hortalizas preparadas o conservadas sin congelar (1.7%), los demás cítricos (1.6%), bananas incluidos los plátanos tipo ""cavendish valery"" frescos (1.3%), alcachofas (1.3%), las demás quinua (1.3%). Estos 11 productos en conjunto concentran el 69% del total de productos no tradicionales exportados. Mientras, las exportaciones agrarias tradicionales en setiembre alcanzaron US$ 136 millones, cifra que significó un aumento de 56% respecto a lo registrado en similar mes del 2020, debido principalmente a las mayores exportaciones de café sin tostar (US$ 127 millones) que registraron un aumento de 9% y las ventas de lana sin cardar ni peinar (US$ 777 mil) cuyo valor creció en 497%. Finalmente, la balanza comercial agraria fue positiva y alcanzó los US$ 1.396 millones en el periodo enero-setiembre 2021.",agraria.pe/agronegocios,https://agraria.pe/noticias/midagri-agroexportaciones-suman-us-5-984-millones-en-los-pri-26101
2021-11-18,Cinco nuevas variedades de mango se suman a la campaña de exportación piurana," Con la expectativa de superar los envíos de más de 200 mil toneladas, alcanzadas durante la campaña pasada, el Servicio Nacional de Sanidad Agraria (Senasa) oficializó el inicio de la campaña de exportación de mango 2021-2022. La novedad en la presente campaña es la incursión de cinco nuevas variedades de mango (Omer, Shelly, Orli, Tali y Noa) que serán destinadas para los mercados internacionales. Estas nuevas variedades se encuentran cultivadas en 22 hectáreas del valle del Chira (Sullana), y se caracterizan por su buen aroma, sabor y color; que sumadas a las tradicionales Haden, Kent, Tommy Atkins y Edwards, consolidarán la presencia del mango piurano en el exterior. Avance de la campaña A la fecha, el volumen global de los envíos en esta campaña es de 33 706 toneladas de mango, provenientes de 4 881 hectáreas que ya se encuentran certificadas. El desarrollo de la campaña depende bastante del trabajo articulado entre los pequeños productores, gremio exportador y Comisiones de Usuarios de Agua, que contribuyen estratégicamente con las acciones de certificación de lugares de producción, certificación fitosanitaria de envíos y manejo integrado de plagas. Los principales lugares de producción de mango en Piura se ubican en Los valles de San Lorenzo y Alto Piura. Durante la campaña anterior, se certificó un total de 10 947 hectáreas de mango en plena producción. Protocolos de trabajo internacionales Las acciones fitosanitarias que ejecutan los inspectores del Senasa para los envíos al mercado norteamericano se realizan en conjunto con sus homólogos del Servicio de Inspección Sanitaria de Plantas y Animales del Ministerio de Agricultura de Estados Unidos (USDA – APHIS). Asimismo, los envíos a Corea del Sur y Japón se iniciaron con normalidad en cumplimiento a los planes de trabajo establecidos con esos destinos. Para la atención de las solicitudes de certificación de los lugares de producción, los productores pueden llamar al teléfono 073 354917 para coordinar las visitas a campo o acercarse a las oficinas del Senasa ubicadas en: Piura, Cruceta (Tambogrande), Sullana, Ayabaca y Huancabamba. Dato: La Campaña de exportación de mango 2021-2022 en el Perú se extiende hasta mayo de cada año; continúa con Lambayeque y Áncash, que cierra la campaña.",agraria.pe/agronegocios,https://agraria.pe/noticias/cinco-nuevas-variedades-de-mango-se-suman-a-la-campana-de-ex-26100
2021-11-16,Exportaciones de jugo de limón sumaron US$ 10.7 millones entre enero y octubre," Entre enero y octubre del presente año, Perú exportó 12.774.965 kilos de jugo de limón por un valor FOB de US$ 10.746.726. Estas cifras revelan un descenso desde los 19.403.178 kilos exportados en igual periodo de 2020 por US$ 14.449.167. Según reporte del portal Agrodata, el principal destino de estos envíos en el periodo correspondiente a 2021 fue Estados Unidos, donde se logró colocaciones por US$ 7.198.000. A continuación se ubicaron Países Bajos con US$ 1.128.000, Israel con US$ 840.000, Canadá con US$ 547.000, Reino Unido con US$ 373.000 y Chile con US$ 48.000. Cabe recordar que el año pasado los despachos de jugo de limón al exterior sumaron más de 24 millones de kilos por US$ 17.6 millones, por lo que a falta de computar los dos últimos meses de 2021, parece lejana la posibilidad de equiparar ese resultado.",agraria.pe/agronegocios,https://agraria.pe/noticias/exportaciones-de-jugo-de-limon-sumaron-us-10-7-millones-entr-26075
2021-11-11,Estados Unidos y Países Bajos concentran el 48% de las agroexportaciones peruanas de enero a septiembre del presente año," La Sociedad de Comercio Exterior del Perú (Comex Perú) indicó que entre enero y julio del presente año las agroexportaciones sumaron US$ 5.800 millones, registrando un aumento de +18.7% frente a lo alcanzado en igual periodo del 2020. Detalló que en los primeros nueve meses del 2021, los despachos agrícolas (tradicional) ascendieron a US$ 400 millones (-3.4%), mientras que los envíos agropecuarios y/o agroindustriales alcanzaron los US$ 5.400 millones (+20.8%). Agregó que los principales destinos de las agroexportaciones peruanas durante los tres primeros trimestres del 2021 fueron Estados Unidos quien realizó adquisiciones por US$ 1.848 millones, mostrando un aumento de +13.8% (concentrando el 32% del total) y Países Bajos con US$ 941 millones, registrando un incremento de +22% (participando con el 16% del total). Otros mercados importantes fueron España que realizó compras por US$ 391 millones, mostrando un aumento de +16.3% (7% del total); Chile US$ 281 millones, registrando un incremento de +73.5% (5% del total); Reino Unido US$ 243 millones, notándose un alza de +10.5% (4% del total); Ecuador US$ 211 millones, observándose un crecimiento de +16.8%; otros US$ 1.884 millones, que aumentó +18.4%. Camposol lideró envíos El gremio de comercio exterior señaló que, de enero a septiembre del 2021, la principal empresa agroexportadora de Perú fue Camposol, realizando despachos por US$ 209.243.000, mostrando un incremento de 18.84% frente a los US$ 176.072.000 registrados en igual periodo del año anterior, con lo que mantiene su liderazgo en el ranking del sector. En segundo lugar se ubica la empresa Virú con despachos por US$ 153.396.000, registrando un aumento de 15.92% en comparación a los US$ 132.328.000 alcanzados en similar periodo del 2020, con lo que subió una posición en el ranking de las principales empresas agroexportadoras. Tercero se posiciona Corporación Danper con envíos por US$ 148.533.000, notándose un crecimiento de 12.03% versus los US$ 132.588.000 obtenidos de enero a septiembre del 2020, descendiendo una casilla en el mencionado ranking. Le sigue Vitapro con exportaciones por US$ 133.835.000, apreciándose un alza de 26.35% si lo comparamos con los US$ 105.922.000 obtenidos en los primeros nueve meses del año anterior. La empresa mantuvo su cuarta posición. Avocado Packing Company se ubicó en el quinto lugar con despachos por US$ 115.394.000 (+70.08%), subiendo 5 casilleros respecto a igual periodo del 2020 cuando realizó envíos por US$ 67.848.000 y ocupó el décimo lugar en el ranking. La sexta y séptima ubicación en el ranking son para Agrícola Cerro Prieto con US$ 109.334.000 (+29.56) y Agrícola Drokasa US$ con 105.117.000 (+76.34%). El primero mantuvo su ubicación, mientras que el segundo escaló siete posiciones al haber ocupado el puesto 14 durante enero-septiembre del año anterior. Complejo Agroindustrial Beta con US$ 102.050.000 (+36.80%), Consorcio de Productores de Frutas con US$ 89.054.000 (-13.69%) y Procesadora Larán US$ 88.590.000 (+6.41%), ocuparon las casillas octava, novena y décima, respectivamente, del ranking de empresa exportadoras. La primera se mantuvo, la segunda descendió cuatro puestos y la tercera descendió 3 ubicaciones. Dato . Según la Asociación de Exportadores (ADEX), de enero a septiembre del 2021 las principales tres empresas exportadoras del agro tradicional fueron Perales Huancaruna con US$ 42.6 millones (-12.9%), Olam Agro Perú US$ 39.4 millones (+11.7%) y Procesadora del Sur US$ 22.7 millones (-20%); mientras que las principales empresas exportadoras del agro no tradicional fueron Camposol con US$ 209.2 millones (+19.9%), Virú US$ 153.4 millones (+15.9%) y Danper US$ 148.5 millones (+12.3%).",agraria.pe/agronegocios,https://agraria.pe/noticias/estados-unidos-y-paises-bajos-concentran-el-48-de-las-agroex-26023
2021-11-10,Perú exportó limón Tahití por más de US$ 12 millones hasta octubre," Entre enero y octubre del presente año, Perú exportó 13.534.936 kilos de limón Tahití por un valor FOB de US$ 12.517.413. Estas cifras revelan un moderado incremento desde los 11.078.276 kilos exportados en igual periodo de 2020 por US$ 9.856.684. Según reporte del portal Agrodata, el principal destino de estos envíos en el periodo correspondiente a 2021 fue Chile, donde se logró colocaciones por US$ 5.673.530, lo que significó el 45% del total de envíos. A continuación se ubicaron Reino Unido con US$ 2.748.419, Estados Unidos con US$ 1.729.949, Países Bajos con US$ 1.145.779, Panamá con US$ 685.063, República Dominicana con US$ 161.996 y otros con montos menores que juntos sumaron US$ 372.676. Cabe recordar que hasta agosto, según la misma fuente, entre las principales empresas exportadoras del rubro se ubicaban Procesadora Larán, Limones Piuranos, Coexa, Frutícola Olmos y Grupo Gerónimo Trading.",agraria.pe/agronegocios,https://agraria.pe/noticias/peru-exporto-limon-tahiti-por-mas-de-us-12-millones-hasta-oc-26014
2021-11-10,Agroexportaciones peruanas crecieron 18.75% entre enero y septiembre del 2021," De enero a septiembre del presente año, las agroexportaciones peruanas (tradicionales + no tradicionales) sumaron US$ 5.800.000.000, registrando un incremento de +18.75% frente a los US$ 4.884.199.000 alcanzados en iguales meses del 2020. Así lo informó la Sociedad de Comercio Exterior del Perú (Comex Perú) quien detalló que dicho resultado representa el 14.6 % del total de las exportaciones peruanas obtenidas en los primeros tres trimestres del año (US$ 39.749.000.000). El gremio de comercio internacional indicó que las exportaciones agrícolas (tradicional) en los primeros nueve meses del 2021 ascendieron a US$ 400.000.000, mostrando una contracción de -3.4% en comparación a los US$ 414.000.000 alcanzados en similar periodo del año anterior. Por su parte, las exportaciones agropecuarias y/o agroindustriales de enero a septiembre del presente año sumaron US$ 5.400.000.000, significando un aumento de +20.8% versus los US$ 4.470.199.000 registrados en los mismos meses del 2020. Solo septiembre Comex Perú señaló que solo en el mes de septiembre las agroexportaciones peruanas (tradicionales + no tradicionales) sumaron US$ 979.000.000, registrando un incremento de +29.4% frente a igual mes del 2020. Detalló que este resultado representa el 21% del total de las exportaciones peruanas de septiembre (US$ 4.660.000.000). El gremio de comercio internacional indicó que las exportaciones agrícolas (tradicional) en septiembre del 2021 ascendieron a US$ 135.000.000, mostrando un incremento de 4.5% en comparación a los US$ 129.186.600 alcanzados en similar mes del año anterior. Por su parte, las exportaciones agropecuarias y/o agroindustriales de septiembre del presente año sumaron US$844.000.000, significando un aumento de +34.5% versus los US$ 627.509.293 registrados en el mismo mes del 2020. Los principales productos de agroexportaciones en septiembre del 2021 fueron arándanos frescos con US$ 371 millones (+56%), Paltas frescas US$ 67 millones (+158.8%), Espárragos frescos o refrigerados US$ 49 millones (+26.7%), entre otros.",agraria.pe/agronegocios,https://agraria.pe/noticias/agroexportaciones-peruanas-crecieron-18-75-entre-enero-y-sep-26011
2021-11-04,INIA transfiere tecnología para mejorar sanidad del cacao en Piura," El Instituto Nacional de Innovación Agraria (INIA) realizó una jornada de capacitación en sanidad de cultivo de cacao dirigido a pequeños y medianos agricultores de la Asociación de Productores del distrito de Suyo (Piura) Dicha jornada de capacitación tiene como objetivo transferir conocimientos y tecnologías que permitan mejorar la calidad y competitividad del cultivo del cacao con un enfoque agroexportador. A través de la Estación Experimental Agraria (EEA) El Chira del INIA se brindó información sobre técnicas para la producción de plantones de élite, implementación de trabajos en vivero, gestión de plagas, abonamiento ecológico, sistema de poda, análisis para conservación y recuperación de suelo, así como métodos de siembra, cosecha y procesos de comercialización. La jornada de formación contó con el apoyo de especialistas de la Municipalidad Distrital de Suyo, además de la presencia de agricultores de las zonas de sector Zapallal, El Fraile, Catacaos y Sarayuyo.",agraria.pe/agronegocios,https://agraria.pe/noticias/inia-transfiere-tecnologia-para-mejorar-sanidad-del-cacao-en-25950
2021-10-28,Agricultores de Junín logran mejores precios para sus productos con apoyo del Midagri," La Unidad Ejecutora Gestión de Proyectos Sectoriales (UEGPS) y el Proyecto de Mejoramiento del Sistema de Información Agraria para el Desarrollo Rural del Perú (Piader), ambos del Ministerio de Desarrollo Agrario y Riego (Midagri), brindaron asistencia gratuita a más de 5.000 pequeños y medianos agricultores de las zonas más pobres de Junín, mejorando de esta manera sus ingresos económicos. La mayoría de los agricultores beneficiados pertenecen a las cadenas productivas de papa, maíz, cereales, carne de cuy, maca y otros cultivos y productos andinos de calidad que produce la referida región del centro del país. Es así que el Midagri, en estrecha alianza con la empresa privada, brindó información de servicios agrarios (precios de mercados, precios de insumos de producción, pronósticos climáticos, oportunidades de inversión, entre otros), asesoría y asistencia útil, para la toma de decisiones acertadas en los procesos de producción y comercialización, adoptar buenas prácticas y que aprovechen al máximo las oportunidades del mercado tanto local, regional como nacional. Para la importante asistencia técnica, el ministerio de Desarrollo Agrario, en coordinación con la entidad Omnisciencia, diseñó e implementó una plataforma tecnológica denominada Chaskis (www.chaskis.net), la cual ofreció los servicios de importante información agraria, de forma virtual y talleres virtuales. Se llegó a interactuar con más de 5.000 agricultores, permitiendo que los productores agrarios de Junín, quienes nunca tuvieron acceso a esta importante información, ahora sí oferten sus productos a buenos precios e incrementen sus ingresos económicos. El sistema informativo “Chaskis” amplió sus esfuerzos en promocionar y comercializar los productos de los beneficiarios, de manera que puedan contar con una mayor cantidad de clientes como los restaurantes y tiendas comerciales en la ciudad de Lima. El director ejecutivo de la UEGPS, José Luis Pairazamán Torres, explicó que gracias al Proyecto Piader y la empresa privada se elaboró una base de datos de minoristas (tiendas y restaurantes) ubicados en Lima, de manera que se les ofreció muestras de los productos de Junín. Muchos comerciantes minoristas no conocían algunos productos (como las papas nativas, en fresco y procesadas). La labor de promoción de productos de la región fue el beneficio principal, detalló Pairazamán. La presentación de los resultados del proyecto Chaski se realizó con la presencia de los altos representantes del Gobierno Regional de Junín, Dirección Regional de Agricultura, de las Municipalidades Provinciales y agencias agrarias de Jauja, Concepción, Chupaca y Huancayo, organismos no gubernamentales y cooperativas de productores y productores de la región que dieron sus testimonios de esta importante ayuda e iniciativa del Midagri.",agraria.pe/agronegocios,https://agraria.pe/noticias/agricultores-de-junin-logran-mejores-precios-para-sus-produc-25893
2021-10-27,Envíos al exterior de paltas frescas representan el 20.8% del total de las agroexportaciones durante enero-agosto del 2021," De enero a agosto del 2021, las agroexportaciones peruanas alcanzaron los US$ 4.833 millones, lo que significó un incremento del 17% con respecto al mismo periodo de 2020. Así lo informó la Sociedad de Comercio Exterior del Perú (ComexPerú), quien detalló que en los primeros ocho meses del presente año, las agroexportaciones tradicionales sumaron US$ 265 millones (-7%), mientras que los envíos agropecuarios y/o agroindustriales (no tradicionales) ascendieron a US$ 4.568 millones (+18.8%). El gremio indicó que la cifra alcanzada por el sector de enero a agosto del 2021 también representa un incremento considerable con relación a igual periodo del 2019. Los envíos de dicho sector entre enero y agosto de 2019 ascendieron a US$ 4.155 millones, de manera que lo acumulado al octavo mes del presente año representó un crecimiento del 16.3%. Al respecto, las paltas frescas se posicionaron como el principal producto de agroexportación durante el periodo de enero a agosto 2021, al sumar envíos por US$ 1.003 millones, lo que significó un incremento del 39.1% respecto de 2020, pero también un 36.1% respecto de 2019. Es decir, a pesar del menor revés observado el año pasado por la pandemia, los envíos de este producto mantienen un crecimiento considerable, lo cual ha permitido que ahora las paltas frescas o secas representen un 20.8% del total de las agroexportaciones durante el periodo en cuestión. Por su parte, las exportaciones de uvas frescas ascendieron a US$ 519 millones (+22.4% respecto al mismo periodo de 2020) y representaron un 10.7% de los envíos agrícolas. Seguidamente, se situaron los mangos frescos con US$ 232 millones (+8%), que acumularon una participación del 4.8%, mientras que los arándanos se ubicaron en el cuarto puesto, con US$ 229 millones (+17.3%; 4.7% del total). Los espárragos frescos o refrigerados ocuparon el quinto lugar, con US$ 225 millones (+11.3%; 4.7% del total), seguidos por las exportaciones de café, con US$ 224 millones (-9.4%; 4.6% del total). El gremio de comercio internacional señaló que estas seis partidas concentraron el 50.3% de nuestras agroexportaciones durante el periodo enero-agosto 2021, mientras que la participación de estos seis productos en el mismo periodo de 2020 fue de 48.5% y en el periodo del 2019 fue de 46.6%. Mercados destinos De enero a agosto del 2021, los principales mercados a donde se destinaron la oferta agroexportadora peruana fueron Estados Unidos con US$ 1.458 millones, mostrando un incremento de +9.2% (participó con el 30% del total); Países Bajos con US$ 793 millones, registrando un incremento de +20.5% (concentró el 16% del total); España con US$ 349 millones, aumentó +17.3% (7% del total); Chile con US$ 259 millones, creció 80% (5% del total); Reino Unido con US$ 200 millones, se incrementó +9.3% (4% del total); Ecuador con US$ 181 millones, aumentó +11.9%; Otros con US$ 1.593 millones, creció +18.1%. “Para continuar aprovechando los beneficios del libre comercio, será necesario contemplar mecanismos para incrementar la productividad y la competitividad de nuestros principales productos. Esto, sobre todo, al considerar la enorme capacidad de desarrollo que mantienen, pues en los últimos años varios de estos productos han conquistado el mercado mundial”, sostuvo el gremio de comercio internacional.",agraria.pe/agronegocios,https://agraria.pe/noticias/envios-al-exterior-de-paltas-frescas-representan-el-20-8-del-25869
2021-10-25,Agroexportaciones peruanas crecen en valor 20% de enero a septiembre del 2021," De enero a septiembre del presente año, las agroexportaciones peruanas sumaron US$ 5.877 millones, mostrando un incremento de 20% frente a lo alcanzado en igual periodo del 2020; y un aumento de 23% respecto a iguales meses del 2019. Así lo indicó Fresh Fruit, quien detalló que solo en septiembre del 2021, las agroexportaciones peruanas ascendieron a US$ 1.026 millones, representando un crecimiento de 32% en comparación a septiembre del año anterior. El crecimiento alcanzado en los tres primeros trimestres del año se explica por la buena acogida que han tenido algunos productos en el mercado internacional, como el arándano (37.9% de participación), el café (12.2%), el espárrago (5.1%), la palta (4.9%) y la cebolla (1.6%). Sin embargo, también hubo productos relevantes de la canasta que no tuvieron un buen desempeño, como el cacao (1.3%) y la quinua (0.9%). Arándano no deja de crecer En septiembre del 2021, las exportaciones peruanas de arándano sumaron 61.262 toneladas por US$ 383 millones, 61% más en volumen y 47% más en valor con respecto al mismo mes de 2020. El incremento de la oferta peruana ocasionó una contracción en los precios de 8%, hasta alcanzar los US$ 6.26 por kilogramo. Los principales destinos del arándano peruano durante el mes fueron Estados Unidos (55% de participación) y los Países Bajos (25%). Al mercado norteamericano se enviaron 33,786 toneladas por US$ 212 millones, 71% más en volumen y 52% más en valor con respecto al año anterior. El precio que se pagó por la fruta en este destino fue de US$ 6.28 por kilogramo, 11% menos que en el 2020. El principal comprador de arándano en Estados Unidos fue Hortifrut Imports Inc., con 24% de participación. Los envíos de arándano peruano hacia los Países Bajos sumaron 15.316 toneladas por US$ 97 millones, 46% más en volumen y 37% más en valor en comparación al mismo mes en el 2020. En el mercado europeo la fruta peruana se cotizó en US$ 6.35 por kilogramo, 6% menos con respecto al año anterior. El principal comprador de arándano peruano en los Países Bajos fue Camposol Fresh B.V., con 15% de participación. Mejora el precio del café Las exportaciones de café alcanzaron las 30.339 toneladas por US$ 123 millones, 15% menos en volumen y 12% más en valor en comparación al 2020. La contracción de la oferta peruana ocasionó un incremento en los precios de 32%, obteniendo US$ 4.06 por kilogramo. En septiembre, los destinos más importantes para el grano peruano fueron Estados Unidos (26% de participación) y Alemania (17%). Al mercado norteamericano se enviaron 7,976 toneladas por US$ 34 millones, 27% menos en volumen y 6% menos en valor con respecto al 2020. El precio que se pagó por el café peruano en este destino fue de US$ 4.21 por kilogramo, 28% más con respecto al año anterior. El principal comprador del grano peruano en Estados Unidos fue Sucafina Inc., con 11% de participación. Las exportaciones de café peruano a Alemania sumaron 5.156 toneladas por US$ 22 millones, 33% menos en volumen y 8% menos en valor en comparación al año anterior. En la plaza europea, el grano peruano se cotizó en US$ 4.23 por kilogramo, 37% mayor al obtenido en el 2020. El comprador más importante de café peruano fue Tchibo GmbH., con 23% de participación. Espárrago se está recuperando Las exportaciones peruanas de espárrago sumaron 14.539 toneladas por US$ 52 millones, 15% más en volumen y 42% más en valor con respecto al mismo mes del 2020. A pesar del incremento de la oferta peruana, el precio de la hortaliza creció 24%, hasta alcanzar los US$ 3.55 por kilogramo. El principal destino del espárrago peruano durante el mes fue Estados Unidos, con 70% de participación. Hacia este mercado se enviaron 10,126 toneladas por US$ 34 millones, 10% más en volumen y 47% más en valor en comparación al año anterior. El precio que se pagó por el espárrago en este destino fue de US$ 3.37 por kilogramo, 34% más que en el 2020. El principal comprador de la hortaliza en Estados Unidos fue Southern Specialties Inc., con 11% de participación. Palta con buenos resultados Las exportaciones peruanas de palta en el mes analizado alcanzaron las 26.284 toneladas por US$ 49 millones, 277% más en volumen y 213% más en valor en comparación al 2020. El incremento de la oferta peruana ocasionó una contracción en los precios de 17%, obteniendo US$ 1.87 por kilogramo. En septiembre, los destinos más importantes de la fruta peruana fueron los Países Bajos (31% de participación) y Estados Unidos (20%). Al mercado europeo se enviaron 8,073 toneladas por US$ 16 millones, 226% más en volumen y 139% más en valor con respecto al 2020. El precio que se pagó por la palta peruana en este destino fue de US$ 2.04 por kilogramo, 27% menos con respecto al año anterior. El principal comprador de la fruta peruana en los Países Bajos fue Nature’s Pride B.V., con 20% de participación. Las exportaciones de palta peruana hacia Estados Unidos sumaron 5,285 toneladas por US$ 9 millones, 17 veces más en volumen y 16 veces más en valor en comparación al año anterior. En el mercado norteamericano, la fruta peruana se cotizó en US$ 1.71 por kilogramo, 3% menos al obtenido en el 2020. El comprador más importante de palta peruana fue Mission Produce Inc., con 62% de participación. Cebolla sigue creciendo En septiembre, las exportaciones peruanas de cebolla sumaron 43.278 toneladas por US$ 16 millones, 24% más en volumen y 16% más en valor con respecto al mismo mes en el 2020. El incremento de la oferta peruana ocasionó una caída en los precios de 6%, hasta alcanzar los US$ 0.37 por kilogramo. El principal destino de la cebolla peruana durante el mes fue Estados Unidos, con 73% de participación. Hacia este mercado se enviaron 31,414 toneladas por US$ 13 millones, 34% más en volumen y 18% más en valor en comparación al año anterior. El precio que se pagó por la hortaliza en esta plaza fue de US$ 0.40 por kilogramo, 12% menos que en el 2020. El principal comprador de cebolla en Estados Unidos fue G&R Farms Inc., con 24% de participación. Precios del cacao caen Las exportaciones de cacao en el mes analizado alcanzaron las 5.584 toneladas por US$ 13 millones, volumen similar al del año previo y valor 10% menor. A pesar de que el volumen se mantuvo constante, los precios del grano cayeron 10%, hasta alcanzar los US$ 2.36 por kilogramo. En septiembre, los destinos más importantes para el grano peruano fueron los Países Bajos (37% de participación) y Malasia (14%). Al mercado europeo se enviaron 2,053 toneladas por US$ 5 millones, 114% más en volumen y 73% más en valor con respecto al 2020. El precio que se pagó por el cacao peruano en este destino fue de US$ 2.29 por kilogramo. El principal comprador del grano peruano en los Países Bajos fue Olam International Inc., con 36% de participación. Las exportaciones de cacao peruano a Malasia sumaron 776 toneladas por US$ 2 millones, 56% menos en volumen y 53% menos en valor en comparación al año anterior. En el mercado asiático, el grano peruano se cotizó en US$ 2.61 por kilogramo, 7% mayor al obtenido en el 2020. El comprador más importante de cacao peruano fue Guan Chong Cocoa Manufacturer Sdn., con más de 80% de participación. Precio de la quinua cae En septiembre, las exportaciones peruanas de quinua sumaron 4.727 toneladas por US$ 9 millones, 2% más en volumen y 11% menos en valor con respecto al mismo mes en el 2020. A pesar del incremento de la oferta peruana, el precio del grano cayó 13%, hasta alcanzar los US$ 1.94 por kilogramo. En septiembre, los destinos más importantes del grano andino fueron Estados Unidos (28% de participación) e Italia (8%). Al mercado norteamericano se enviaron 1,331 toneladas por US$ 3 millones, 30% más en volumen y 9% más en valor con respecto al 2020. El precio que se pagó por la quinua peruana en este destino fue de US$ 2.23 por kilogramo, 16% menos con respecto al año anterior. El principal comprador del grano peruano en Estados Unidos fue Nature’s Intent Llc., con 27% de participación. Las exportaciones de quinua peruana hacia Italia sumaron 371 toneladas por US$ 661 mil, 148% más en volumen y 102% más en valor en comparación al año anterior. En el mercado europeo, la quinua peruana se cotizó en US$ 1.78 por kilogramo, 18% menos al obtenido en el 2020. El comprador más importante del grano andino fue Geovita Srl., con 25% de participación. Fuente: Fresh Fruit",agraria.pe/agronegocios,https://agraria.pe/noticias/agroexportaciones-peruanas-crecen-en-valor-20-de-enero-a-sep-25846
2021-10-20,El arándano se convertiría en el principal producto de agroexportación peruana en la presente campaña," Las exportaciones peruanas de arándanos entre julio 2021/ febrero 2022 serán mejores a lo estimado al inicio de la campaña cuando se proyectó un incremento de 30% en el volumen respecto a la campaña anterior (2020/2021) cuando se despacharon 162.459 toneladas Así lo informó el presidente de la consultora Inform @ cción , Fernando Cillóniz Benavides, quien indicó que desde julio al 17 de octubre de la actual campaña, las exportaciones peruanas de arándanos alcanzaron los 123.630.341 kilos mostrando un incremento de 18.1 % frente a los 107.683.281 kilos despachados de julio a octubre de la campaña pasada. Detalló que, en 2021, los envíos de arándanos peruanos se comportaron de la siguiente manera: julio 4.806.005 kilos, agosto 25.637.422 kilos, septiembre 58.362.810 kilos, octubre (al día 17) 34.824.104 kilos (al cierre del mes llegaría a 65.000.000 kilos). Mientras que en el 2020 el comportamiento fue de la siguiente manera: julio 4.917.255 kilos, agosto 20.508.456 kilos, septiembre 34.631.428 kilos, octubre 47.626.142 kilos “La campaña de arándanos de Perú arrancó con una fuerza impresionante. Al cierre de octubre de este año, las exportaciones peruanas de arándanos se habrían incrementado 42% en volumen”, sostuvo. “Al inicio de la campaña con mucho optimismo se proyectó un incremento del 30% en el volumen de exportación del arándano, pero una vez más la realidad va a superar el sueño”, agregó. Cillóniz Benavides indicó que, con ese dinamismo, el arándano seguramente va a pasar a ser la principal fruta de exportación del Perú, desplazando a la uva.",agraria.pe/agronegocios,https://agraria.pe/noticias/el-arandano-se-convertiria-en-el-principal-producto-de-agroe-25801
2021-10-19,"Agroexportaciones peruanas a Chile sumaron US$ 148 millones, mostrando un incremento de 119%"," De enero a julio del 2021, las importaciones de frutas, hortalizas y granos en Chile sumaron US$ 1.349 millones, 39% más en comparación a similar periodo del año anterior. De ese total, US$ 148 millones fueron adquiridos desde el Perú, lo que significó un incremento de 119% con respecto al 2020. Gracias a la buena recepción de los alimentos peruanos en el mercado sudamericano, el país se posicionó como el tercer proveedor más importante, con 10.7% de participación (4 puntos porcentuales adicionales respecto al año anterior), desplazando a Ecuador, que obtuvo 6.4% (1 punto porcentual menos). Los países que encabezaron la lista fueron Argentina, con 32.7% de participación (7 puntos porcentuales menos), y Estados Unidos, con 10.8% (0.4 puntos porcentuales menos). Los principales productos peruanos importados desde el Perú fueron la palta, la aceituna, el limón y el cacao, los cuales tuvieron una participación en conjunto de 80% en la canasta exportada. Crece demanda local por palta Entre enero y julio, las importaciones de palta en Chile alcanzaron 187.602 toneladas por US$ 108 millones, 208% más en volumen y 210% más en valor con respecto al 2020. En este mercado el principal proveedor de la fruta fue el Perú, al enviar 164.840 toneladas por US$ 99 millones, mostrando un crecimiento de 173% en volumen y 191% en valor. A diferencia del año previo, el país dejó de ser el único proveedor. Aunque logró una participación de mercado de 88% en las importaciones chilenas (11 puntos porcentuales menos), México logró ingresar y captar el 12% de participación restante. En este mercado, el precio promedio de la palta fue de US$ 0.58 por kilogramo, similar al obtenido en el 2020 (US$ 0.57 por kilogramo). La fruta mejor cotizada fue la peruana, con un precio promedio de US$ 0.60 por kilogramo, 7% por encima del obtenido el periodo previo. En cuanto a la palta mexicana, esta se cotizó en US$ 0.40 por kilogramo, 63% menos con respecto al año anterior. Los principales compradores de palta peruana fueron Empresa Bagno Spa., con 21% de participación, y Marco Antonio Lefimil Muñoz, con 6%. En cuanto a las empresas peruanas que exportaron palta, destacaron Westfalia Fruit Perú S.A.C., con 15% de participación, y Agrícola Cerro Prieto S.A., con 9%. Aceitunas obtienen mejores precios Las importaciones chilenas de aceituna sumaron 44.527 toneladas por US$ 17 millones. En comparación al 2020, las adquisiciones del fruto mostraron un crecimiento de 35% en volumen y 69% en valor. Del total, 30.356 toneladas de aceituna por US$ 10 millones fueron importados desde el Perú, 25% más en volumen y 51% más en valor. Gracias a los buenos resultados, el país se consolidó como el principal proveedor del fruto en el mercado sudamericano, con 68% de participación (6 puntos porcentuales menos). Otros proveedores importantes en Chile fueron España, con 18% de participación (similar al año anterior), y Argentina, con 12% (5 puntos porcentuales más). En Chile, el precio promedio de la aceituna fue de US$ 0.38 por kilogramo, 25% más con respecto al año anterior. El olivo mejor cotizado en este mercado fue el español, con un valor promedio de US$ 0.61 por kilogramo (26% más). La aceituna con menor precio fue la peruana, la cual se cotizó en US$ 0.32 por kilogramo (21% más). En cuanto al fruto argentino, este alcanzó un valor promedio de US$ 0.40 por kilogramo (30% más). El principal comprador de aceituna peruana en Chile fue Alimentos e Inversiones Valles De Chile Ltda., con 66% de participación en las importaciones. En cuanto a la principal empresa proveedora peruana, destacó Nobex Agroindustrial S.A., con 64% de participación. Limón crece sostenidamente Las importaciones de limón en Chile alcanzaron las 22.776 toneladas por US$ 7 millones, 40% más en volumen y 43% más en valor con respecto al 2020. En este mercado, el principal proveedor de la fruta fue el Perú al enviar 17.730 toneladas por US$ 5 millones, mostrando un crecimiento de 28% en volumen y 69% en valor. El país tuvo una participación de mercado de 78% en las importaciones chilenas (7 puntos porcentuales menos). Los proveedores que le siguieron fueron Estados Unidos, con 13% de participación (5 puntos porcentuales más), y Colombia, con 9% (3 puntos porcentuales más). En este mercado, el precio promedio del limón fue de US$ 0.32 por kilogramo, igual al obtenido en el 2020. Durante este periodo, la fruta mejor cotizada fue la norteamericana, con un precio de US$ 0.46 por kilogramo (59% menor al año previo), seguida del limón colombiano, con US$ 0.39 por kilogramo (33% menor). Por su parte, la fruta peruana fue la menor cotizada, al obtener un valor promedio de US$ 0.29 por kilogramo (32% más). En el mercado sureño, el principal comprador de limón peruano fue Empresa Bagno Spa., con 74% de participación. En cuanto a las empresas peruanas que enviaron la fruta, destacó Promotora y Servicios Lambayeque S.A., con 32% de participación. Cacao sorprende en el mercado Las importaciones chilenas de cacao sumaron 84.400 toneladas por US$ 122 millones. En comparación al 2020, las adquisiciones del grano mostraron un crecimiento de 55% en volumen y 63% en valor. Del total, 5.642 toneladas de cacao por US$ 4 millones fueron importados desde el Perú, 56% más en volumen y 100% más en valor. Gracias a los buenos resultados, el país se consolidó como el octavo proveedor más importante del grano en el mercado sudamericano, con 7% de participación (similar al año anterior). En Chile, los principales proveedores fueron Brasil, con 18% de participación (2 puntos porcentuales más), y Estados Unidos, con 10% (2 puntos porcentuales menos). El precio promedio del cacao en Chile fue de US$ 1.44 por kilogramo, 6% más respecto del año anterior. El grano mejor cotizado en este mercado fue el de Brasil, con un precio de US$ 2.56 por kilogramo (6% menor), seguido del cacao de Estados Unidos, con US$ 1.20 por kilogramo (52% mayor). Por su parte, el cacao peruano fue el que obtuvo el menor precio, con US$ 0.79 por kilogramo (29% más). Los principales compradores de cacao en Chile fueron Empresas Carozzi S.A., con 23% de participación, y Marpacífico S.A., con 19%. En cuanto a las empresas proveedoras peruanas, destacaron Machu Picchu Foods S.A.C., con 50% de participación, y Modal Trade Peru S.A., con 15%. Fuente: Fresh Fruit",agraria.pe/agronegocios,https://agraria.pe/noticias/agroexportaciones-peruanas-a-chile-sumaron-us-148-millones-m-25794
2021-10-19,Exportaciones peruanas de cítricos en la presente campaña no llegarán a lo proyectado," A la semana 40 de este año (10 de octubre) las exportaciones peruanas de cítricos (mandarina, tangelo, toronja, naranja, limón) alcanzaron las 255 mil toneladas, mostrando una contracción de 5.2% frente a las 269 mil toneladas despachadas en igual periodo del 2020. Así lo indicó el gerente de la Asociación de Productores de Cítricos del Perú (Procitrus), Sergio del Castillo Valderrama, quien indicó que en lo que resta de la campaña (de la semana 41 a la 45) se van a seguir exportando naranjas y limones (mandarinas, tangelo y toronja ya cerraron campaña) lo cual nos podrá acercar a los volúmenes despachados en la campaña pasada, pero no se superarían. A inicios de la presente campaña, Procitrus pronosticó despachar entre 280 mil y 290 mil toneladas de cítricos (6% más que en la campaña anterior), sin embargo, Sergio del Castillo dijo que no se podrá alcanzarse dicho volumen debido a las condiciones de la fruta que no obtuvieron el porcentaje exportable estimado. Detalló que de las 255 mil toneladas despachadas hasta la semana 40 de la presente campaña, las mandarinas representan el 78% del total, tangelo 7%, toronja 1%, naranja 7%, limón (Sutil y Tahití) 6% y limón amarillo (Eureka) 1%. Manifestó que las exportaciones de mandarina registraron una contracción de 1%. Por su parte, los despachos de tangelo se mantienen, la naranja cayó 20% (pero aún sigue despachándose y podría mantenerse igual al volumen del año pasado), la lima creció 20%, toronja cayó 10%, limón creció 140%. En cuanto a los mercados destinos, dijo que Estados Unidos mantiene su liderazgo, concentrando el 35% del total de cítricos procedentes de Perú, seguido por Países Bajos con el 20%, Reino Unido 18%, China 10% y Canadá 5%. Este año China desplazó a Canadá como el cuarto principal destino de los cítricos peruanos. Dato . El gerente de ProCitrus señaló que la producción peruana de cítricos para este año sí se cumplió de acuerdo a lo estimado, alcanzando estas las 1.445.000 toneladas. Los asociados a Procitrus representan el 15% del área de cítricos de Perú y el 25% de la producción nacional.",agraria.pe/agronegocios,https://agraria.pe/noticias/exportaciones-peruanas-de-citricos-en-la-presente-campana-no-25790
2021-10-18,Agroexportación generó el 46.85% del total de los puestos de trabajo creados por las exportaciones totales de Perú de enero a agosto del 2021," Entre enero y agosto de este año, los envíos peruanos al exterior generaron 2.172.998 puestos de trabajo (directos 688.469, indirectos 316.457 e inducidos 1.167.416), mostrando un incremento de 29.3% (491.850 empleos más) respecto a los 1.680.000 puestos laborales generados en el mismo periodo del 2020. Así lo informó el Centro de Investigación de Economía y Negocios Globales de la Asociación de Exportadores (CIEN-ADEX), quien destacó que este incremento de la generación de mano de obra relacionado a las exportaciones se debe principalmente al dinamismo de la agroindustria. Agregó que si bien se observaron cifras positivas en casi todos los sectores (excepto el agro tradicional), estas se deben a la baja base de comparación, pues en marzo del 2020 se inició en nuestro país la cuarentena por el Covid-19. Sin embargo, también se muestra una tasa positiva (19.9%) respecto al mismo lapso del 2019, superando lo registrado antes de la pandemia. Indicó que, de enero a agosto del presente año, el stock de empleos del sector primario fue de 785.297 (directos 238.787, indirectos 102.620 e inducidos 443.890), lo cual significó un aumento de 34.2% (199.937 empleos más), respecto a igual periodo del 2020. Este sector representó el 36.1% del total del empleo relacionado a las exportaciones. En el periodo analizado de este año el agro tradicional fue el cuarto sector que generó mayor número de empleo (por detrás de la agroindustria, minería tradicional y las confecciones) con un stock de 127.669 (directos 43.639, indirectos 11.807 e inducidos 72.223) mostrando una contracción de -8.1% (11.208 empleos menos) en comparación a enero-agosto del 2020. Por su parte, en los primeros ocho meses del 2021 el sector no tradicional generó 1.387.045 puestos laborales (directos 449.682, indirectos 213.837, inducidos 723.525), creciendo 26.7% (291.913 empleos más) versus lo alcanzado en iguales meses del año anterior y concentrando el 63.9%. La agroindustria se consolidó como el rubro más intensivo en mano de obra al mantener un stock de 890.406 (directos 284.231, indirectos 121.325 e inducidos 484.851) registrando un aumento de 15.4% (119.017 empleos más) respecto a lo generado de enero a agosto del año anterior. Este incremento se debe a los mayores despachos de superfoods para el mercado externo, pues al tener mayor valor agregado genera más puestos de trabajo a lo largo de todas las cadenas productivas. Si sumamos los empleos generados por la agroexportación (agro tradicional + agroindustria) suman 1.018.075 puestos laborales, lo que representa el 46.85% del total de mano de obra generado por las exportaciones en general de Perú (2.172.998). Dato . En el acumulado enero-agosto, el nivel de empleo asociado a los envíos al exterior se incrementó en 21 regiones del país, siendo las tres principales Lima (26.5% del total), Ica (14.2%) y La Libertad (10.5%), acumulando en conjunto el 51.2%. En contraste, las tres regiones con menor generación de empleo exportador fueron Huánuco, Loreto, y Huancavelica.",agraria.pe/agronegocios,https://agraria.pe/noticias/agroexportacion-genero-el-46-85-del-total-de-los-puestos-de--25769
2021-10-12,"Midagri: Agroexportaciones alcanzan los US$ 4.982 millones en los primeros ocho meses del año, mostrando un crecimiento de 17%"," Las agroexportaciones peruanas sumaron US$ 4.982 millones entre enero y agosto de este año, experimentaron un crecimiento de 17% en comparación a lo registrado el mismo periodo del 2020, informó el Ministerio de Desarrollo Agrario y Riego (Midagri). Los productos de mayor contribución al crecimiento en los primeros ocho meses del año fueron: palta fresca (+43%), uvas frescas (+12%), demás preparaciones alimenticias de harina sémola, almidón, fécula o extracto de malta (+3573%), arándanos (+20%), espárrago fresco (+15%), preparaciones utilizadas para la alimentación de los animales (+24%), pelo fino cardado o peinado de alpaca o de llama (+96%), las demás frutas (+28%), tara en polvo (+92%) y mucílagos de semilla de tara (+172%), entre otros. Del valor exportado entre enero-agosto, las agroexportaciones de productos no tradicionales representaron el 95%, mientras el 5% restante correspondió a los tradicionales. En materia de exportaciones agrarias tradicionales durante los primeros ocho meses del año alcanzaron los US$ 259 millones FOB, destacándose las ventas de café sin tostar (US$ 217 millones) y azucares de caña o remolacha refinados (US$ 17 millones), así como las exportaciones de azúcar (US$ 5 millones) y melaza de caña (US$ 4.3 millones). Dichos productos explicaron el 94% de las agroexportaciones tradicionales. Mientras que de enero a agosto, las exportaciones no tradicionales sumaron US$ 4.724 millones, representando un aumento de 19% en comparación al mismo período del año pasado. Los principales productos del ranking agroexportador fueron: palta fresca US$ 1.035 millones (22% de las agroexportaciones no tradicionales), uva fresca US$ 461 millones (9.8%), mango fresco US$ 225 millones (4.8%), arándanos US$ 225 millones (4.8%) y espárrago fresco US$ 224 millones (4.7%). Asimismo, las colocaciones de cítricos US$ 159 millones (3.4%), preparaciones utilizadas para la alimentación de los animales US$ 120 millones (2.6%), mango congelado US$ 108 millones (2.3%), bananas frescas US$ 101 millones (2.1%), las demás frutas US$ 81 millones (1.7%), cacao en grano US$ 78 millones (1.7%), quinua US$ 64 millones (1.4%) y espárragos preparados US$ 62 millones (1.3%). Estos 13 productos en conjunto concentrarían el 62% de la oferta exportable no tradicional. El Midagri resaltó que dentro de la canasta de productos no tradicionales, las exportaciones de frutas y hortalizas alcanzaron los US$ 3.032 millones FOB (64% de las agroexportaciones no tradicionales) durante el periodo enero-agosto del presente año, cifra que significó un aumento de 22% respecto a similar periodo 2020. Asimismo, en los primeros ocho meses del año, los 10 principales mercados de destino de las exportaciones agrarias peruanas fueron Estados Unidos, que concentró el 29% del total, Holanda participó con el 17% del total, España representó el 7%, Chile 5%, Inglaterra 4%, Ecuador 4%, China 4%, Hong Kong 3%, Alemania 2%, Corea del Sur 2%. Este grupo de países concentraron el 77% del total del valor FOB exportado en los ocho primeros meses del año. Solo agosto Solo en el mes de agosto del 2021, las agroexportaciones totalizaron los US$ 779 millones, lo que representó un aumento de 8.4% en comparación a los US$ 719 millones registrados durante el mismo mes del año anterior. Por ejemplo, en ese mes los productos de exportación que registraron crecimiento fueron: paltas frescas US$ 137 millones (+24% de crecimiento), alcohol etílico s/ desnaturalizar US$ 18 millones (+392%), arándanos frescos US$ 136 millones (+10%), preparaciones utilizadas para la alimentación de los animales US$ 16 millones (+45%), preparaciones alimenticias de harina sémola, almidón, fécula o extracto de malta US$ 4,6 millones (+8.454%), nueces del Brasil US$ 6.5 millones (+119%), pelo fino cardado o peinado de alpaca o de llama US$ 5.6 millones (+132%), entre otros. Finalmente, en los ocho primeros meses del año, la balanza comercial agraria registró un superávit de US$ 952 millones.",agraria.pe/agronegocios,https://agraria.pe/noticias/midagri-agroexportaciones-alcanzan-los-us-4-982-millones-en--25715
2021-10-11,Agroexportaciones representan el 14.12% del total de las exportaciones de enero a agosto de este año," De enero a agosto de este año las agroexportaciones peruanas sumaron US$ 4.833.000.000, mostrando un incremento de 17% frente a los US$ 4.130.118.000 alcanzados en igual periodo del 2020, informó la Sociedad de Comercio Exterior del Perú (ComexPerú). Detalló que en los primeros ocho meses del 2021, los envíos agrícolas (tradicionales) ascendieron a US$ 265.000.000, registrando una contracción de -7% en comparación a los US$ 285.000.000 obtenidos en el mismo periodo del año anterior. Por su parte, de enero a agosto las exportaciones agropecuarias y/o agroindustriales (no tradicionales) sumaron US$ 4.568.000.000, observándose un crecimiento de 18.8% versus los US$ 3.845.118.000 alcanzados durante los primeros ocho meses del 2020. En el periodo analizado de este año, las agroexportaciones totales (US$ 4.833.000.000) representaron el 14.12% del total de las exportaciones peruanas que alcanzaron los US$ 34.229.000.000. Asimismo, las agroexportaciones tradicionales (US$ 265.000.000) participaron con el 1% del total de las exportaciones tradicionales de nuestro país (US$ 24.377.000.000). Mientras que las agroexportaciones no tradicionales (US$ 4.568.000.000) concentró el 46.4% del total de los despachos no tradicionales de Perú (US$ 9.853.000.000). Solo agosto Solo en agosto de este año, las agroexportaciones peruanas (tradicionales + no tradicionales) ascendieron a US$ 734.000.000, notándose un aumento de +5.8% versus los US$ 693.636.231 obtenidos en agosto del 2020. En agosto del 2021, los despachos agrícolas sumaron US$ 79.000.000, reflejando una contracción de -22.1% en comparación a los US$ 101.412.000 alcanzados en el mismo mes del año anterior. Por su parte, los despachos agropecuarios y/o agroindustriales en agosto de este año alcanzaron los US$ 655.000.000, mostrando un incremento de +10.6%, frente a los US$ 592.214.231 alcanzados el agosto del 2020. En agosto de este año, las agroexportaciones totales (US$734.000.000) representaron el 17% del total de las exportaciones peruanas que alcanzaron los US$4.325.000.000. Asimismo, las agroexportaciones tradicionales (US$ 79.000.000) participaron con el 2.67% del total de las exportaciones tradicionales de nuestro país (US$ 2.960.000.0000). Mientras que las agroexportaciones no tradicionales (US$ 655.000.000) concentró el 48% del total de los despachos no tradicionales de Perú (US$ 1.367.000.000). Los cuatro principales productos no tradicionales enviados en agosto fueron frutas: arándanos frescos US$ 136 millones (+9.6%), paltas frescas US$ 134 millones (+23.4%), mandarinas US$ 50 millones (-13%) y espárragos frescos o refrigerados US$ 44 millones (+3.1%). Datos . El titular del Ministerio de Comercio Exterior y Turismo (Mincetur), Roberto Sánchez, señaló que, de enero a agosto, las agroexportaciones crecieron 18%, por las mayores ventas de fruta (23 %), principalmente palta (41%) y uva (23%). . Agregó que, en los primeros ocho meses del presente año, la exportación de fruta se incrementó debido a los mayores volúmenes de envíos de palta (31%), uva (17%), y arándano (19%), así como al incremento de los precios de la palta (10%), mango (9%) y uva (5%). En el grupo de hortalizas, creció la exportación de cebolla (34%), así como los espárragos frescos (12%), conserva de pimiento (11%) y jengibre (10%).",agraria.pe/agronegocios,https://agraria.pe/noticias/agroexportaciones-representan-el-14-12-del-total-de-las-expo-25698
2021-10-05,Revelarán resultados de proyecto de adaptación de Piña Golden Sweet en la región Piura," La piña es un cultivo de gran potencial en el Perú y sus consumidores son cada día más. Por ello, la empresa Fine Dried Fruits orgniza este miércoles 06 de cotubre el taller de difusión de los resultados obtenidos en su proyecto de “adaptación del cultivo de Piña Golden Sweet en la región Piura”, así como su viabilidad para ser desarrollado como un cultivo orgánico. La piña Golden Sweet ha demostrado tener un gran potencial en región Piura. Esto debido a su corto periodo vegetativo (15 meses) y a que su ventana de cosecha podría orientarse a los meses donde las plantas de congelado y deshidratado de fruta de la región Piura presentan baja ocupabilidad (capacidad ociosa), luego de haber terminado las temporada de proceso de mango y/o palta y/o arándanos. Este cultivo además, podría complementar fácilmente el abastecimiento actual de Piña Golden Sweet en los mercados de Piura (y otras ciudades de la costa norte, como Chiclayo), para el consumo humano directo (que proviene principalmente de la selva central del Perú, teniendo que recorrer más de 1,300 km para llegar a destino). “Nos gustaría que nos acompañe a este taller en el que difundiremos los hallazgos encontrados, los retos enfrentados y las oportunidades que se presentan para este cultivo y el potencial que representa para la actividad agrícola de la región y el crecimiento de la cartera de productos agrícolas procesados que exporta Perú”, señaló la empresa. Los interesados pueden inscribirse de forma gratuita al email luchollanos@agroindustrias.com o inscribirse mediante este link: https://forms.gle/kgb5ZbdKwi7AMuqf9",agraria.pe/agronegocios,https://agraria.pe/noticias/revelaran-resultados-de-proyecto-de-adaptacion-de-pina-golde-25662
2021-10-01,Midagri fortalece FAE Agro ampliando cobertura para 2 campañas agrícolas," Ayer se publicó el Decreto de Urgencia Nº 091-2021 que establece nuevos plazos para el acogimiento y ampliación de los plazos de garantía del Programa de Garantía del Gobierno Nacional para el Financiamiento Agrario Empresarial (FAE Agro), para que las Empresas del Sistema Financiero (ESF), que incluye al Agrobanco y las Cooperativas de Ahorros y Créditos no autorizadas a captar recursos del público (COOPAC), continúen promoviendo el financiamiento de los pequeños productores agropecuarios, afectados por la pandemia de Covid-19 La norma extiende el plazo de acogimiento hasta el 31 de marzo de 2022, fecha límite para que el Banco de Desarrollo del Perú (Cofide) pueda convocar a las subastas, en la que participarán las ESF, Agrobanco y las COOPAC. Asimismo, se amplía el vencimiento de la garantía del Gobierno Nacional para la cobertura de las líneas de crédito revolvente otorgadas por dichas instituciones financieras hasta el 31 de agosto de 2023, lo cual permitiría que se pueda garantizar las próximas campañas agrícolas y promover actividades pecuarias hasta agosto del 2023. La medida es importante, considerando que, al ampliar el plazo de acogimiento y de cobertura del FAE-Agro (Fondo de Programa de Garantía del Gobierno Nacional para el Financiamiento Agrario Empresarial) permitirá seguir promoviendo la colocación de créditos al pequeño productor agropecuario de la Agricultura Familiar, asegurando un proceso efectivo de recuperación progresiva de sus capacidades productivas y el normal abastecimiento de alimentos a los mercados internos a nivel nacional. Hay que anotar que las modificaciones planteadas permitirán una mayor participación de las Empresas del Sistema Financiero (ESF), Agrobanco y Cooperativas de Ahorros y Créditos (COOPAC) en los procesos de subastas, con un beneficio en la economía rural del país. Por otro lado, en el caso de los cultivos transitorios, estos concentran un alto porcentaje de las siembras entre los meses de agosto a diciembre de cada año y, con este decreto de urgencia, se permitirá financiar dichos cultivos coberturados con la garantía del programa.",agraria.pe/agronegocios,https://agraria.pe/noticias/midagri-fortalece-fae-agro-ampliando-cobertura-para-2-campan-25626
2021-09-28,Exceso de lluvias en Colombia podría agravar la escasez mundial de café," El exceso de lluvia en Colombia podría deteriorar las perspectivas de producción del segundo mayor proveedor mundial de granos de café arábica, favorecido por minoristas y marcas de café de alta gama, como Nespresso de Nestlé SA. “Ha estado muy húmedo en las principales áreas de cultivo. Ha llovido más de lo necesario y la situación será la misma en los próximos 10 días ‚y probablemente semanas”, dijo Donald Keeney, meteorólogo sénior de Maxar Technologies Inc. La condición provocada por el fenómeno meteorológico La Niña “no ayuda” a las perspectivas de los rendimientos de 2021-2022 para la cosecha colombiana que generalmente aumenta el próximo mes, dijo Roberto Vélez, titular de la Federación Nacional de Cafeteros del país. Los problemas en Colombia amenazan con exacerbar un déficit mundial previsto para la próxima temporada, consecuencia de una caída en la producción brasileña y complicado por los costos y los vientos en contra de las cadenas de suministro. Esos factores hacen que los costos para las empresas se incrementen, incluidas Peet’s Coffee & Tea Inc. y Starbucks Corp., la cadena de café más grande del mundo, lo que también podría resultar en precios más altos para los bebedores de café en todo el mundo. La Niña está creando condiciones inusualmente húmedas en Colombia y, por el contrario, la sequía en Brasil, el principal exportador. La oferta mundial de granos arábica ya está tensa por la falta de agua y las heladas que perjudicaron los rendimientos de los cultivos brasileños en 2021, al tiempo que el Gobierno del país considera que tendrán un “gran impacto” para 2022. En 2021, la producción brasileña se desplomó en alrededor de 18 millones de sacos con respecto al año anterior, lo que representa alrededor de 40% de la producción de arábica del país. Esa disminución es mayor que la producción anual de Colombia de aproximadamente 14 millones de sacos de 60 kilogramos. Los dos países representan alrededor de dos tercios del suministro mundial de arábica. Los futuros en Nueva York se dispararon más de un 50% este año. Fuente: El Espectador",agraria.pe/agronegocios,https://agraria.pe/noticias/exceso-de-lluvias-en-colombia-podria-agravar-la-escasez-mund-25589
2021-09-28,Drokasa logra nuevo récord y cosecha más de 38.400 toneladas de palta Hass," La empresa Sociedad Agrícola Drokasa anunció un nuevo hito en su historia productiva: ha cosechado más de 38.400 toneladas de palta Hass y despachado 1.648 contenedores del fruto. “Acabamos de superar nuestro récord de producción de palta Hass, en las 1,245 hectáreas que tenemos en nuestros fundos de Las Mercedes y La Catalina”, detalló. La organización felicitó por ello al trabajo en equipo que ha venido desarrollando con sus colaboradores, quienes son la “clave para crecer y posicionarnos en los mercados más competitivos del mundo”.",agraria.pe/agronegocios,https://agraria.pe/noticias/drokasa-logra-nuevo-record-y-cosecha-mas-de-38-400-toneladas-25581
2021-09-27,"Agroexportaciones peruanas sumaron US$ 4.900 millones entre enero y agosto, mostrando un crecimiento de 18%"," De enero a agosto del presente año, las exportaciones peruanas de productos agrícolas sumaron US$ 4.900 millones, mostrando un incremento de 18% frente a lo alcanzado en igual periodo del 2020 y 2019. Así lo estimó Fresh Fruit, quien indicó que el crecimiento alcanzado en los primeros ocho meses del año se explica por la buena acogida que han tenido algunos productos en el mercado, como el arándano (26% de participación) y la palta (26%). Sin embargo, en este periodo también hubo productos relevantes de la canasta que no tuvieron un buen desempeño, como el café (16% de participación) y la mandarina (9%). Asimismo, detalló solo en agosto de 2021, las agroexportaciones de Perú alcanzaron los US$ 744 millones, lo que representa un aumento de 9% frente a lo registrado en el mismo mes del 2020. Si se compara con agosto del 2019, los despachos aumentaron 32% Arándano crece, pero con menores precios Las exportaciones peruanas de arándano durante agosto sumaron 26.987 toneladas por US$ 164 millones. En comparación al 2020, los envíos mostraron un crecimiento de 19% en volumen y 8% en valor. El incremento de la oferta peruana ocasionó una caída del precio de 9%, para cotizarse en promedio en US$ 6.08 por kilogramo. Los principales destinos del arándano peruano durante el mes fueron Estados Unidos (55% de participación), China (20%) y los Países Bajos (18%). Al mercado norteamericano se enviaron 14.910 toneladas por US$ 86 millones, 30% más en volumen y 16% más en valor con respecto al mismo mes del 2020. El precio que se pagó por la fruta en este mercado fue de US$ 5.78 por kilogramo, 11% menos que el año pasado. Como principal comprador tuvo a Camposol Fresh USA Inc., con 19% de participación. Las exportaciones hacia China sumaron 5.445 toneladas por US$ 37 millones, 41% más en volumen y en valor en comparación al periodo previo. Con respecto al precio, en esta plaza se pagó por la fruta peruana US$ 6.74 por kilogramo, valor promedio similar al del 2020. En cuanto a los compradores asiáticos, destacó Shenzhen Oheng Import & Export Co. Ltd., con 18% de participación Respecto a los envíos hacia los Países Bajos, estos alcanzaron las 4.750 toneladas por US$ 30 millones, 11% menos en volumen y 19% menos en valor en comparación al 2020. El precio que se pagó por el arándano peruano en el mercado europeo fue de US$ 6.32 por kilogramo, 9% menos en comparación al año anterior. El comprador más importante de arándano peruano fue Camposol Fresh B.V., con 15% de participación. Gran año para la palta peruana ante caída de la competencia Las exportaciones de palta peruana en agosto sumaron 74.040 toneladas por US$ 140 millones, 47% más en volumen y 38% más en valor en comparación al 2020. El incremento de la oferta peruana ocasionó una ligera contracción en los precios de 6%, hasta alcanzar los US$ 1.89 por kilogramo. Los principales destinos de la palta peruana en el periodo analizado fueron los Países Bajos (29% de participación), Estados Unidos (26%) y España (18%). Hacia los Países Bajos se enviaron 21.480 toneladas por US$ 42 millones, 42% más en volumen y 21% más en valor en comparación al mismo mes del 2020. El precio que se pagó por la fruta en el mercado europeo fue de US$ 1.94 por kilogramo, 15% menos que el año anterior. Como principal comprador tuvo a Nature’s Pride B.V., con 26% de participación. Las exportaciones hacia Estados Unidos sumaron 19.018 toneladas por US$ 37 millones, 88% más en volumen y 106% más en valor en comparación al periodo previo. Con respecto al precio, en esta plaza se pagó por la fruta peruana US$ 1.96 por kilogramo, 10% mayor al del 2020. En cuanto a los compradores norteamericanos, destacó Mission Produce Inc., con 34% de participación. Respecto de los envíos hacia España, estos alcanzaron las 13.193 toneladas por US$ 26 millones, 17% más en volumen y valor similar al obtenido en el 2020. El precio que se pagó por la palta peruana en el mercado europeo fue de US$ 1.79 por kilogramo, 15% menos en comparación al año anterior. El comprador más importante de palta peruana fue José Luis Montosa S.L., con 12% de participación. Envíos de café siguen en caída Durante agosto, las exportaciones de café peruano en grano sumaron 22.965 toneladas por US$ 88 millones, 29% menos en volumen y 9% menos en valor en comparación al 2020. La disminución de la oferta peruana permitió que el precio del café incremente 29% hasta cotizarse en US$ 3.85 por kilogramo. Los principales destinos del café peruano en el periodo fueron Estados Unidos (29% de participación), Alemania (20%) y Bélgica (10%). Hacia Estados Unidos se enviaron 6.665 toneladas por US$ 26 millones, 33% menos en volumen y 16% menos en valor en comparación al mismo mes del 2020. El precio que se pagó por el grano en el mercado norteamericano fue de US$ 3.94 por kilogramo, 26% más que el año anterior. Como principal comprador tuvo a RGC Coffee Inc., con 9% de participación. Las exportaciones hacia Alemania sumaron 4.680 toneladas por US$ 19 millones, 37% menos en volumen y 18% menos en valor en comparación al periodo previo. Con respecto al precio, en esta plaza se pagó por el grano peruano US$ 3.98 por kilogramo, 31% mayor al del 2020. En cuanto a los compradores europeos, destacó Bernhard Rothfos Gmbh., con 13% de participación. Respecto de los envíos hacia Bélgica, estos alcanzaron las 2.333 toneladas por US$ 9 millones, 31% más en volumen y 67% más en valor con respecto a lo obtenido en el 2020. El precio que se pagó por el café peruano en el mercado europeo fue de US$ 4.06 por kilogramo, 28% más en comparación al año anterior. El comprador más importante de café fue Durme-Natie C.V. B.A., con 20% de participación. Envíos de mandarina se contraen Las exportaciones peruanas de mandarina fresca en agosto alcanzaron las 40.859 toneladas por US$ 48 millones, 6% menos en volumen y valor con respecto al año anterior. A pesar de la contracción en la oferta, el precio del cítrico se mantuvo similar al del 2020, en US$ 1.17 por kilogramo. Los principales destinos de la mandarina peruana en el periodo analizado fueron Estados Unidos (46% de participación), el Reino Unido (15%) y los Países Bajos (11%). Hacia Estados Unidos se enviaron 18,694 toneladas por US$ 22 millones, 11% menos en volumen y 8% menos en valor en comparación al mismo mes del 2020. El precio que se pagó por el cítrico en el mercado norteamericano fue de US$ 1.17 por kilogramo, 3% más que el año anterior. Como principal comprador tuvo a LGS Specialty Sales Ltd., con 12% de participación. Las exportaciones hacia el Reino Unido sumaron 6,003 toneladas por US$ 8 millones, 45% más en volumen y valor en comparación al periodo previo. Con respecto al precio en esta plaza se pagó por el cítrico peruano US$ 1.27 por kilogramo, similar al alcanzado en el 2020. En cuanto a los compradores europeos, destacó Pacific Produce Ltd., con 45% de participación. Respecto a los envíos hacia los Países Bajos, estos alcanzaron 4.542 toneladas por US$ 5 millones, 17% más en volumen y 6% más en valor en comparación al periodo previo. El precio que se pagó por la mandarina peruana en el mercado europeo fue de US$ 1.20 por kilogramo, 9% menos en comparación al año anterior. El comprador más importante del cítrico fue Bakker Centrale Inkoop B.V., con 13% de participación.",agraria.pe/agronegocios,https://agraria.pe/noticias/agroexportaciones-peruanas-sumaron-us-4-900-millones-entre-e-25567
2021-09-24,Exportaciones de alimentos de Piura crecieron 39.9% entre enero y julio del presente año," Entre enero y julio del 2021 los envíos al exterior de alimentos de Piura (agroindustria y pesca para consumo humano directo) sumaron US$ 979.185.000, reflejando un incremento de 39.9% respecto al mismo periodo del 2020 (US$ 699 millones 742 mil). Así lo informó la Asociación de Exportadores (ADEX), quien destacó que los despachos en los primeros 7 meses del presente año (US$ 979.185.000) son solo 0.9% más que lo registrado en igual periodo del 2019 (US$ 970.288.000), año previo a la pandemia del Covid-19 que afectó toda la economía mundial. Según cifras del sistema de inteligencia comercial ADEX Data Trade, los alimentos de la región piurana representaron más del 80.8% del total de sus despachos no tradicionales (US$ 1.211.336.000) y el 68.5% de los totales (US$ 1.430.089.000). La partida más importante fue la pota congelada (US$ 215.343.000) con un importante aumento de 141%. Le siguieron los mangos frescos o en conserva (US$ 163.781.000), calamares preparados o en conserva (US$ 98.906.000), plátanos frescos (US$ 82.376.000) y uvas frescas (US$ 49.925.000). Estos 5 productos concentraron el 62.3% del total. El país que los demandó más en estos 7 meses del año fue Estados Unidos (US$ 237.762.000), que presentó una variación positiva de 24.2%. Segundo en el ranking continuó China (US$ 123.872.000) con un crecimiento exponencial de 398.4%, seguido de Países Bajos (US$ 111.890.000) y una tasa positiva de 7.7%. Estos tres mercados representaron el 28.4% del total. El top ten lo completan Corea del Sur (US$ 82.739.000), España (US$ 72.429.000), Italia (US$ 36.021.000), Canadá (US$ 33.987.000), Tailandia (US$ 27.270.000), Rusia (US$ 23.714.000) y Japón (US$ 22.580.000). Los top Piura es una región muy importante en la exportación de varios alimentos. A julio, los plátanos piuranos concentraron el 92% del total nacional (US$ 82.376.000 de US$ 89.872.000) y la pota congelada el 81% (US$ 215.343.000 de US$ 265.789.000). Asimismo, los mangos representaron el 71% del total nacional al mundo (US$ 163.781.000 de US$ 231.722.000) y los filetes congelados de los demás pescados el 68% (US$ 39.502.000 de US$ 58.368.000). Otros productos importantes en el portafolio peruano son las colas de langostino con caparazón y sin caparazón y conchas de abanico.",agraria.pe/agronegocios,https://agraria.pe/noticias/exportaciones-de-alimentos-de-piura-crecieron-39-9-entre-ene-25553
2021-09-22,Empezó certificación de lugares de producción de mango en Piura," Como etapa previa al desarrollo de la Campaña de exportación de mango 2021-2022, el Servicio Nacional de Sanidad Agraria (Senasa) anunció el inicio de la certificación de lugares de producción en la región Piura. “La certificación de lugares de producción es el primer paso para la exportación de este producto a cualquier mercado internacional; los países importadores exigen este certificado para asegurarse de que la carga que reciben proviene de campos que implementan un plan de manejo fitosanitario adecuado y, así, reducir el riesgo de diseminación de plagas cuarentenarias”, señaló la entidad sanitaria. La proyección para esta campaña, agregó, es superar los 3 021 campos certificados en la región ubicados principalmente en los valles de San Lorenzo y Alto Piura. En la campaña anterior, se certificó un total de 10 947 hectáreas de mango. Atención en Piura El Senasa informó asimismo que para la atención de solicitudes de certificación de los lugares de producción, los productores pueden llamar al teléfono 073 354917 para coordinar las visitas a campo o acercarse a sus oficinas ubicadas en Piura, Cruceta (Tambogrande), Sullana, Ayabaca y Huancabamba. Se coordina un cronograma de actualización de declaraciones juradas con la Junta de Usuarios de San Lorenzo y El Alto Piura para evitar las aglomeraciones en la oficina de Senasa, dada la coyuntura debido a la pandemia. “El Senasa recomienda a los productores realizar las gestiones con 20 días de anticipación a la cosecha, a fin de evitar que tengan inconvenientes en la comercialización de su fruta”, aconsejó la entidad. Dato En la campaña 2020/2021 se exportaron 200 000 toneladas de mango fresco a 32 mercados internacionales, principalmente a Países Bajos, EE.UU, Chile y Asia.",agraria.pe/agronegocios,https://agraria.pe/noticias/empezo-certificacion-de-lugares-de-produccion-de-mango-en-pi-25520
2021-09-20,Agroexportaciones no tradicionales de Lima pierden terreno frente a las de Ica en el periodo enero julio del 2010 / 2021," Las agroexportaciones no tradicionales de Lima han cedido terreno e, incluso, ha sido superadas por las de Ica, informó la Sociedad de Comercio Exterior del Perú (ComexPerú) Detalló que la participación de Ica en las agroexportaciones no tradicionales pasó del 19% al 23.3%, mientras que Lima pasó del 30% al 23.3%, en el periodo enero-julio de 2010/2021. El gremio de comercio internacional detalló que entre las principales exportaciones agrícolas no tradicionales del departamento de Ica, en el periodo enero-julio del 2021, destacan las uvas frescas, con un valor de US$ 411 millones y un aumento del 27%, con respecto al mismo periodo de 2020. Le sigue los envíos de paltas, con un monto exportado de US$ 111 millones y un crecimiento del 31%; y granadas, con US$ 61 millones y un incremento del 20%. Asimismo, en el caso de La Libertad, entre los principales productos enviados al mundo figura las paltas, con un valor de US$ 268 millones y un aumento del 32%, con respecto al mismo periodo de 2020. Y de las proveniente del departamento de Piura, sobresalen los mangos, con un valor de US$ 164 millones y un aumento del 4%, con respecto al mismo periodo de 2020. Comex Perú señaló que resulta importante promover el crecimiento y la competitividad de las exportaciones en este rubro, dado que no solo permite que las exportaciones se diversifiquen, sino que genera un desarrollo descentralizado. “Si bien las exportaciones no tradicionales han tenido un crecimiento considerable durante la última década, la participación de este rubro en el total de nuestras exportaciones se mantiene en alrededor de un 30%. Por ello, si queremos que nuestras exportaciones manufacturadas, aquellas con valor agregado y que generan empleo, ganen terreno, las políticas deben ir orientadas a fortalecer la competitividad, no solo de las actividades del rubro, sino también de las condiciones logísticas, de infraestructura y de administración pública”, sostuvo. En ese sentido, dijo que es importante promover políticas públicas que favorezcan el desarrollo de este rubro, pues esto no solo permitirá una mayor diversificación de nuestras exportaciones, sino que será un motor de desarrollo regional. “Está bastante claro que las agroexportaciones no tradicionales constituyen un gran potencial para el crecimiento de nuestro país”.",agraria.pe/agronegocios,https://agraria.pe/noticias/agroexportaciones-no-tradicionales-de-lima-pierden-terreno-f-25492
2021-09-17,"Dificultades en el suministro de agroquímicos, climas extremos y una agenda regulatoria dinámica marcan el compás del segundo semestre del 2021 en América Latina"," José Perdomo, presidente de CropLife Latin America habla sobre las dificultades en el suministro de agroquímicos durante la pandemia por Covid-19, además indica que los climas extremos y una agenda regulatoria dinámica marcan el compás del segundo semestre del 2021 en América Latina. ¿Cómo afectó la pandemia a los suministros del sector agroquímico latinoamericano? Ha habido problemas con la falta de entregas en los puertos, incluso en Asia. Hemos experimentado contenedores con suministros costando entre US$ 3.000 y US$ 4.000 saltando a US$ 12.000. Sin embargo, nuestra información es que la disponibilidad de productos ha sido buena. Creo que la anticipación para la segunda mitad de 2021 es que surjan problemas debido a la falta de envíos de contenedores. Pero en general, el sector y la agroindustria se han librado de los peores excesos de los impactos de la pandemia (los gobiernos otorgaron derechos especiales a la agricultura y el suministro de alimentos como un servicio esencial, lo que permitió controles de Covid relativamente laxos sobre la producción y la logística). Para algunos sectores, las exportaciones fueron difíciles y productos como frutas se cambiaron a los mercados nacionales. Pero esa situación de las exportaciones mejoró lentamente para la segunda mitad de 2020. Muchos sectores se vieron afectados, y el comercio y los embarques están tardando en resolverse. La economía general de América Latina cayó un 8% y podría haber un repunte que podría ocupar recursos. En cuanto a los niveles de existencias de agroquímicos, los principales mercados tienden a llevar un exceso de 15% a 20% al año siguiente. Las existencias fueron abundantes el año pasado y la planificación de compras generalmente se realiza con dos años de anticipación. Por lo tanto, cualquier impacto potencial de interrupciones en el suministro no debería materializarse hasta el 2022. ¿Ha tenido la pandemia un impacto medible en los reguladores, retrasando las reformas? Donde el cambio regulatorio era lento antes de la pandemia, ha seguido siendo lento. La pandemia nos ha obligado a adaptarnos, y en lugar de tener reuniones en varios lugares, a las que asisten escasamente quienes pueden llegar allí, hemos podido ampliar las reuniones con participantes no limitados por ubicaciones geográficas a través de reuniones virtuales. Esto ha sido mucho más eficiente. Hemos escuchado buenas noticias en Brasil. Ha habido un buen avance con los reguladores que finalmente podría conducir a que adopten un sistema regulatorio moderno y reconocido para los agroquímicos. [El año pasado, los legisladores brasileños retrasaron la votación de un proyecto de ley para modificar el sistema que rige las aprobaciones de agroquímicos]. ¿Qué cambios regulatorios están en marcha? Este año podría aprobarse en el Parlamento brasileño un proyecto de ley que llevaría a que muchas aplicaciones de productos que se han retrasado en el proceso de aprobación se concluyan mucho más rápido que antes con plazos más estrictos. El nuevo sistema propuesto sería similar al de Australia y podría estar en funcionamiento en unos meses. También estamos muy cerca en Costa Rica. Después de casi 12 años sin un sistema de regulación de plaguicidas moderno y eficiente, el gobierno está muy cerca de tener uno que permita resolver el atraso de productos [desde hace mucho tiempo] de manera ordenada para fin de año y registrar nuevos productos plaguicidas en el país que sus vecinos ya están usando. Y eso ha ocurrido después de pasar los últimos cinco meses en reuniones con el gobierno de manera virtual y, más recientemente, en algunos casos, cara a cara. Por supuesto, siempre podrían cambiar de opinión en el último momento, como ha ocurrido antes: dedos cruzados. Por primera vez en muchos años, percibimos un fuerte compromiso del gobierno para lograr un sistema regulatorio que desatasque el proceso de aprobación, y parece que algo similar está en marcha en Brasil. ¿El problema es local solo para México o hay serias preocupaciones de que la política sea adoptada en otros lugares? De ser así, ¿dónde y cómo? Hay otra ola de gobiernos de izquierda en América Latina, en Chile, Argentina, Bolivia y ahora Perú. El activismo civil está creciendo y llegando a los gobiernos de varios países. Por supuesto, existe la eliminación ordenada del glifosato en México. Pero también hay acciones en Paraguay y Perú contra el herbicida paraquat, y campañas contra productos “altamente peligrosos”. El Pacto Verde Europeo tiene a gran parte de nuestra región preocupada sobre cómo proteger la producción y el medio ambiente sin dejar de poder exportar. A pesar de que la política aún no ha sido aprobada en la UE, las autoridades europeas están hablando con nuestras autoridades como si fuera un hecho. Esto preocupa a nuestros reguladores, que temen que la producción de sus países para la exportación se vaya a ver amenazada. Eso no quiere decir que en América Latina no amparemos las metas de mantener la biodiversidad y expandir el uso de tecnologías como las biológicas. Pero tenemos nuestros propios climas con diferentes condiciones de plagas, que demandan diferentes productos. Nos ajustaremos a estas demandas, pero puede llevar más tiempo de lo que parece aceptable en Europa. Otro impacto importante proviene de los grupos de la sociedad civil en Europa que trabajan con los supermercados en una especie de sistema regulador paralelo, completamente fuera de un estricto régimen regulador basado en la ciencia. Algunos exportadores deben cumplir los estándares establecidos por organizaciones como ""Rainforest Alliance"" o ""Global Gap"". [Perdomo afirma que las organizaciones son grupos certificadores ""con fines de lucro"" que hacen cumplir a la cadena de suministro los estándares que ellos imponen, incluso impidiendo el uso de nematicidas]. Tienen mucho poder. Si no se cumplen estándares que ellos crean, no se puede vender en varias grandes cadenas de supermercados. ¿Dónde y cómo el clima severo está afectando los negocios? Brasil y Estados Unidos están experimentando el tercer año más seco en tres décadas. La Niña debería traer lluvias, y eso sería positivo después de esta severa racha seca, que ha impactado la primera mitad del año. Ha habido sequía en la costa del Pacífico, en Perú y Chile, mientras que las zonas vitivinícolas de Argentina han estado muy húmedas. ¿Hay alguna presión importante de plagas o enfermedades este año? Los ataques de langostas en Argentina, el sur de Brasil y los países vecinos han sido severos. Casi se extendieron a Centroamérica, pero fueron rápidamente controlados. Por lo demás, es una repetición de las presiones de enfermedades que normalmente tenemos debido al clima, con la roya del café y la sigatoka en los bananos o plátanos. Los productos biológicos están siendo promovidos por varios gobiernos y reguladores. ¿Qué países, si los hay, están avanzando en regulaciones particularmente para productos biológicos? La infraestructura regulatoria nacional más avanzada se encuentra en Brasil. Aún se está elaborando, pero Brasil claramente ha hecho un esfuerzo para desarrollar reglas sobre biológicos y está avanzado en comparación con otros países. La mayoría de los otros países de la región, o bien no disponen de una normativa o están poco desarrolladas. Los reguladores y los formuladores de políticas son conscientes de que se necesitan marcos regulatorios. En CropLife estamos desarrollando propuestas de reforma regulatoria que planeamos tener disponibles en los próximos meses. ¿Qué sectores dominan en la adopción de biológicos? Los productos biológicos son atractivos para el sector de las hortalizas. Los productores tienen una gran proporción de productos destinados a los mercados de exportación, y el uso de productos biológicos, incluso si no está regulado, es atractivo. Pero, las pequeñas empresas agrícolas, como las huertas, dominan el uso de productos biológicos. ¿Cuál ha sido la experiencia con su nueva aplicación de CropLife Latin America? La lanzamos en noviembre del año pasado y, aunque todavía no la hemos promocionado, más de 1.000 la descargaron. La aplicación - Educativa CropLife Latin America - está enfocada a los cursos virtuales que desarrollamos durante los últimos años. Y desde la pandemia, la demanda de esos cursos ha crecido más del 27%. Estamos entusiasmados con las posibilidades del mundo virtual y con hacer llegar esta tecnología a los pequeños agricultores. Estamos muy positivos y optimistas sobre el creciente uso de la tecnología virtual saliendo de la pandemia. Fuente: consultora IHS Markit",agraria.pe/agronegocios,https://agraria.pe/noticias/dificultades-en-el-suministro-de-agroquimicos-climas-extremo-25478
2021-09-15,Perú iniciará exportación de arándanos a Malasia," El Ministerio de Desarrollo Agrario y Riego (Midagri) anunció que los productores peruanos podrán iniciar la exportación de arándanos a Malasia, a partir de este año; luego de que el Departamento de Agricultura del país asiático (DOA por sus siglas en inglés) confirmara los requisitos fitosanitarios para la importación de este producto. El Servicio Nacional de Sanidad Agraria (Senasa), como brazo estratégico del Midagri, logró concretar estos acuerdos y será el responsable de asegurar, mediante la certificación fitosanitaria, que se cumplan con los requisitos establecidos por ambos países. “Seguimos comprometidos con el desarrollo agrario del país; en esta oportunidad, con el acceso de nuevos mercados para la producción frutícola nacional, brindando a nuestros agricultores más oportunidades de mercado y alternativas para la comercialización”, agregó Miguel Quevedo Valle, jefe del Senasa. Para la exportación de este producto hacia este importante mercado, los envíos de arándanos deberán provenir de campos certificados, y haber sido procesados en empacadoras autorizadas; también deberán pasar inspección fitosanitaria, acorde a los requisitos establecidos por el país importador. Una vez aprobada la inspección fitosanitaria, los envíos deben ser sometidos a tratamiento de frío. Es importante considerar que los lugares de producción y plantas empacadoras de arándanos estén registrados en la lista oficial autorizada por Senasa y DOA. Malasia es una nueva oportunidad para los arándanos peruanos, que se suma a los 58 mercados a los que ya se tiene acceso; entre los principales, tenemos a Estados Unidos, Países bajos, China, Reino Unido, Canadá, España, Inglaterra, entre otros, que ya disfrutan de la pequeña fruta púrpura. El Perú se ha consolidado como primer país exportador de arándanos a nivel mundial, logrando enviar en la última campaña 162.459 toneladas, producidas principalmente en La Libertad, Lambayeque, Lima, Ica, Áncash, Piura y Moquegua. A pocos meses de haber iniciado la presente campaña de exportación, el Perú ya logró enviar 62.724 toneladas a 31 mercados internacionales; la proyección es superar esta cifra, al mismo ritmo que lo hace cada año.",agraria.pe/agronegocios,https://agraria.pe/noticias/peru-iniciara-exportacion-de-arandanos-a-malasia-25453
2021-09-14,Perú exportó jugo de limón por US$ 9 millones entre enero y agosto de este año," Entre enero y agosto del presente año, Perú exportó 10.597.565 kilos de jugo de limón por un valor FOB de US$ 9.027.375. Estas cifras revelan un importante descenso desde los 14.913.270 kilos exportados en igual periodo de 2020 por US$ 11.459.006. Según reporte del portal Agrodata Perú, el principal destino de estos envíos en el periodo correspondiente a 2021 fue Estados Unidos, donde se lograron colocaciones por US$ 5.711.000. A continuación se ubicaron Países Bajos con US$ 1.054.000, Israel con US$ 840.000, Canadá con US$ 547.000, Reino Unido con US$ 316.000 y Chile con US$ 48.000. Entre las principales empresas exportadoras del rubro se posicionaron Multifoods SAC con ventas por US$ 4.771.984, Agroindustrias AIB SA con US$ 2.160.836, Limones Piuranos SAC con US$ 1.144.400, Agromar Industrial SA con US$ 950.139, entre otros con montos menores por US$ 16.000.",agraria.pe/agronegocios,https://agraria.pe/noticias/peru-exporto-jugo-de-limon-por-us-9-millones-entre-enero-y-a-25435
2021-09-13,Midagri anuncia restablecimiento de comercio de productos agropecuarios con Bolivia," El titular del Ministerio de Desarrollo Agrario y Riego (Midagri), Víctor Maita Frisancho, anunció el restablecimiento del comercio de productos agropecuarios con el vecino país de Bolivia. “Quiero anunciar la reapertura del comercio de exportación de productos agropecuarios con nuestro hermano país de Bolivia. Esta acción del Ministerio de Desarrollo Agrario y Riego (Midagri), beneficiará en forma directa a nuestros pequeños agricultores de la región sur del Perú”, subrayó. De esta manera, el Midagri en coordinación con los productores y gremios agrarios de la región sur del país afirmó que trabaja de manera conjunta para lograr el restablecimiento del comercio de nuestros productos como la cebolla, papa y tomate, con dicha nación vecina. “Esta es una muestra que cuando el Estado, los agricultores y las entidades gremiales suman esfuerzos, nuestra agricultura no se detiene”, destacó el titular del Midagri. Por su parte, el Servicio Nacional de Sanidad Agraria (Senasa), informó que luego de sostener una reunión técnica en el Centro de Atención Binacional Fronteriza – Desaguadero, las autoridades sanitarias y fitosanitarias de Bolivia firmaron un acuerdo para restablecer el flujo comercial de productos agropecuarios peruanos hacia el país altiplánico. Este logro permitirá que pequeños y medianos productores de papa, camote, tomate, uva, cebolla y palta, de la zona sur del Perú, retomen las exportaciones de esos productos. La reunión fue presidida por el viceministro de Comercio Exterior de Perú, Diego Llosa, y el jefe nacional del Senasa Perú, Miguel Quevedo. También participaron los viceministros de Comercio Exterior e integración de Bolivia, Desarrollo Rural y el director nacional del Senasag Bolivia. Acuerdos Para el Senasa, es de gran importancia seguir con las gestiones bilaterales, debido a que la proyección es mantener el ritmo de crecimiento agroexportador y seguir brindando mayores oportunidades de mercado a los productores peruanos, sobre todo aquellos provenientes de la agricultura familiar. El primer acuerdo detalla que Bolivia realizará las acciones correspondientes para emitir nuevamente los permisos de importación, así como las inspecciones en frontera, para el ingreso fluido de dichos productos a los territorios de ambos países. Otro de los acuerdos importantes que se tomó fue la programación de una reunión entre ambos servicios oficiales el día 11 de octubre, para retomar el Plan Binacional de Ilo, acordado entre Perú y Bolivia. Durante su intervención, el jefe del Senasa, Miguel Quevedo, remarcó que es importante cumplir con los acuerdos fitosanitarios acordados entre ambos países y con las normas internacionales establecidas en la Organización Mundial de Comercio (OMC) y la Comunidad Andina de Naciones (CAN). Según el registro oficial, por el Centro Binacional de Atención en Frontera (CEBAF) Desaguadero, el Perú realiza envíos de 19 productos agrícolas, principalmente papa, camote, tomate, uva, cebolla y palta, alcanzando las 15,248 toneladas, cifra que se redujo en un 54% en comparación a las exportaciones del 2020, debido a las restricciones del mercado boliviano.",agraria.pe/agronegocios,https://agraria.pe/noticias/midagri-anuncia-restablecimiento-de-comercio-de-productos-ag-25427
2021-09-13,Ica y Lima concentran el 46.5% del total de las agroexportaciones no tradicionales peruanas de enero a julio de este año," De enero a julio del 2021, las agroexportaciones peruanas no tradicionales sumaron US$ 3.926 millones, registrando un incremento de 20.7% respecto a lo alcanzado en el mismo periodo del año anterior (US$ 3.251 millones). En los primeros 7 meses del año, los principales productos de agroexportaciones no tradicionales fueron: las paltas, con un valor de US$ 881 millones (+43.8% respecto al mismo periodo del año anterior) y las uvas frescas, con US$ 516 millones (+22.6%). También destacan nuestros envíos de espárragos (+14%), arándanos (+28.1%) y aceite de palma (+97.4%). Es importante destacar que, en el periodo enero-julio de 2021, el valor de exportación acumulado por las paltas representó un 22% del total de agroexportaciones no tradicionales. Le siguen las uvas, con un 13%, y los mangos, con un 6%. Respecto de los principales países de destino de las agroexportaciones no tradicionales, Estados Unidos continúa liderando la lista, con un total de US$ 1.151 millones y un crecimiento del 10%. Le siguen Países Bajos, con US$ 694 millones (+ 26%), y España, con US$ 303 millones (+ 23%). En lo que se refiere a los envíos por departamentos de origen, Ica lidera el ranking con US$ 914 millones (+21%) y participó con el 23.3% del total; seguido por Lima, con US$ 910 millones (+20%), concentró también un 23.2% del total. Ambas regiones representan el 46.5% del total de las agroexportaciones no tradicionales de Perú en los primeros 7 meses del 2021. Le siguen La Libertad, con US$ 707 millones (+19%), representando el 18% del total; Piura, con US$ 437 millones (+11%), 11% del total; Lambayeque, con US$ 400 millones (+35%), 10% del total. Promover su competitividad La Sociedad de Comercio Exterior del Perú (ComexPerú), señaló que dada la importancia y el crecimiento sostenido que viene acumulando el sector agroexportador, es necesario promover su competitividad y crecimiento a través de políticas públicas que prioricen el comercio exterior, pues este es un potencial motor de reactivación económica por las divisas que genera, además del empleo directo e indirecto que beneficia a los peruanos. Al respecto, indicó que para que la inversión privada de largo plazo continúe expandiéndose en este sector es necesario esclarecer la Ley de Promoción Agraria, pues aún genera incertidumbre respecto de qué actividades estarían contempladas en ella. “Los inversionistas siguen a la espera de esta definición, de tal manera que conozcan el marco jurídico, las reglas de juego, de cara a los próximos años”. Otro punto importante, dijo el gremio, es darle celeridad a la ejecución de proyectos de irrigación trabados, tales como Chavimochic, Alto Piura y Chinecas. Su puesta en marcha permitirá aumentar la cantidad de tierras disponibles para sembrar productos exportables y así aportar elementos para asegurar el dinamismo y la sostenibilidad de nuestra oferta agrícola moderna al mundo.}",agraria.pe/agronegocios,https://agraria.pe/noticias/ica-y-lima-concentran-el-46-5-del-total-de-las-agroexportaci-25417
2021-09-10,Agroexportaciones no tradicionales de Perú a Costa Rica sumaron US$ 7.5 millones en la primera mitad del 2021," El primer semestre del año las exportaciones peruanas a Costa Rica sumaron US$ 32.425.000, mostrando un incremento de 36.4% frente a lo alcanzado en igual periodo del 2020, informó la Asociación de Exportadores (ADEX). Detalló que de enero a junio del 2021, las exportaciones tradicionales (primarios) ascendieron a US$ 950.000, registrando una contracción de -57.5% en comparación a iguales meses del año anterior. Estos despachos concentraron el 2.9% del total de las exportaciones a dicho país. Por su parte, los despachos no tradicionales (con valor agregado) a Costa Rica en la primera mitad del año ascendieron a poco más de US$ 31.475.000, lo que significó un crecimiento del 46.1% en comparación al mismo periodo del 2020. Estos envíos representaron el 97% de las exportaciones totales de nuestro país a Costa Rica. El gremio indicó que esa nación centroamericana es un destino preferido por las pequeñas y medianas empresas, en particular de los sectores químico, agroindustria y confecciones, que de forma conjunta representaron el 76% del total. Al respecto, dijo que de la oferta con valor agregado (US$ 31.475.000), resaltó el subsector químico con despachos por US$ 9.064.000 y un crecimiento de 13.6%; le siguió el subsector agropecuario y/o agroindustrial con envíos por US$ 7.550.000, registrando un alza de 26.1% Las partidas con valor agregado que resaltaron fueron las uvas, artículos de calcetería, galletas dulces, placas, láminas, hojas y tiras de polímeros de etileno, pota congelada, demás preparaciones usadas para la alimentación de animales, medicamentos para uso veterinario, tela sin tejer de filamentos sintéticos, bragas de punto de algodón, t-shirt y otros. ADEX recordó que el Tratado de Libre Comercio (TLC) entre Perú y Costa Rica entró en vigencia el 1 de junio del 2013, pero la difícil situación que atravesaron las empresas por las fallas estructurales ya conocidas (sobrecostos, infraestructura insuficiente y otros) y recientemente la pandemia, impidieron un mejor aprovechamiento del acuerdo. En ese contexto, consideró esencial impulsar la internacionalización de las mipymes –que tienen su propia agenda pendiente que incluye la falta de financiamiento, tecnología, capacitación, certificación, inteligencia comercial y otros-, reducir la tramitología, identificar más mercados y por supuesto incidir más en la integración comercial.",agraria.pe/agronegocios,https://agraria.pe/noticias/agroexportaciones-no-tradicionales-de-peru-a-costa-rica-suma-25407
2021-09-10,Agroexportaciones peruanas sumaron US$ 4.112 millones de enero a julio del 2021," De enero a julio del presente año, las agroexportaciones peruanas sumaron US$ 4.112 millones, registrando un incremento de 19.7% frente a lo alcanzado en igual periodo del 20200, informó la Sociedad de Comercio Exterior del Perú (Comex Perú). La entidad detalló que en los primeros siete meses del 2021, los envíos agrícolas (tradicional) ascendieron a US$ 186 millones, mostrando un aumento de 1.3% en comparación a lo registrado en el mismo periodo del año anterior (US$ 184 millones); mientras que los despachos agropecuarios y/o agroindustriales (no tradicional) alcanzaron los US$ 3.926 millones, notándose un crecimiento de 20.7% frente a lo alcanzado en iguales meses del 2020 (US$ 3.251 millones). Los principales destinos de las agroexportaciones peruanas (tradicional + no tradicionales) fueron Estados Unidos con envíos por US$ 1.193 millones (+9.5%), participando con el 29% del total; Países Bajos US$ 698 millones (+26.4%), concentrando el 17% del total. Le siguen España US$ 305 millones (+21.6%), concentrando el 7% del total; Chile, US$ 228 millones (+86.3%), participando con el 6% del total; Reino Unido, US$ 160 millones (+11.5%), 4% del total; Ecuador, US$ 159 millones (+10.5%); otros, US$ 1.369 millones (+20.8%). Vía de transporte El gremio de comercio internacional detalló que de enero a julio del 2021, las agroexportaciones peruanas se despacharon principalmente vía marítima, sumando US$ 3.597 millones (+19.7%), seguido por la vía terrestre US$ 333 millones (+28.4%), y vía aérea US$ 183 millones (+7.3%). Los principales productos despachados vía marítima en los primeros 7 meses del presente año fueron las paltas frescas con US$ 806 millones (+36.4%), uvas frescas US$ 516 millones (+22.6%) y mangos frescos US$ 193 millones (+4.5%). En cuanto a envíos vía terrestre destacan preparaciones para alimentos de animales US$ 97 millones (+19.2%), paltas frescas US$ 74 millones (+247.9%) y Preparaciones compuestas con grado alcohólico <= 0.5% Vol US$ 12 millones (+3.8%). Mientras que en las exportaciones vía aérea sobresalen los espárragos frescos o refrigerados US$ 70 millones (-5.5%), mangos frescos US$ 29 millones (+24.1%) y semillas de hortalizas US$ 11 millones (+26.8%). Productos Agrícolas Tradicionales Los principales productos agrícolas tradicionales exportados de enero a julio del 2021 fueron: Los demás cafés sin descafeinar, sin tostar US$ 156 millones (-0.8%); Demás azúcares de caña o remolacha refinados US$ 16 millones (+0.9%); Melaza de caña US$ 4 millones (+68.2%); Lana sin cardar ni peinar, sucia, esquilada US$ 4 millones (+0.8%); Azúcar en bruto sin adición de aromatizante ni colorante US$ 2 millones (-9%); Café sin descafeinar, sin tostar, para siembra US$ 1 millón; Algodón sin cardar ni peinar, de fibra > a 34.92 mm US$ 1 millón (+284.7%); Las demás lanas sin cardar ni peinar, sucia US$ 1 millón (+208.8%); Hojas de coca US$ 1 millón (+99.9%); Borras del peinado de lana o pelo fino US$ 300 mil (+21.8%); Otros US$ 1 millón (-26.8%). Los destinos más importantes de estos productos fueron Estados Unidos US$ 42 millones (+8.9%) concentrando el 23% del total; Alemania US$ 29 millones (-26.5%) participando con el 16% del total; Colombia US$ 28 millones (+22.3%) 15% del total; Canadá US$ 12 millones (+138.2%) 6% del total; Bélgica US$ 11 millones (-27.8%) 6% del total; Francia US$ 8 millones (+38.3%), Otros US$ 55 millones (-1.1%). Productos Agrícolas No Tradicionales Los principales productos agrícolas no tradicionales despachados en los primeros siete meses del 2021 fueron Paltas frescas US$ 881 millones (+43.8%); Uvas frescas US$ 516 millones (+22.6%); Mangos frescos US$ 232 millones (+8.1%); Espárragos frescos o refrigerados US$ 181 millones (+14%); Mangos congelados US$ 108 millones (+6.2%); otros US$ 2.008 millones (+15.2%). Los mercados destinos más importantes a donde se dirigieron estos productos fueron Estados Unidos US$ 1.151 millones (+9.6%) concentrando el 29% del total; Países Bajos US$ 694 millones (+26.3%) participando con el 18% del total; España US$ 303 millones (+22.8%) 8% del total; Chile US$ 227 millones (+86.7%) 6% del total; Reino Unido US$ 156 millones (+13.7%) 4% del total; Ecuador US$ 154 millones (+9.2%); Otros US$ 1.241 millones (+23.5%). Solo julio del 2021 Comex Perú detalló que solo en julio del 2021, las agroexportaciones peruanas sumaron US$ 707 millones, notándose un aumento de 17.7%. Detalló que los despachos agrarios (tradicional) ascendieron a US$ 59 millones (-5.9%) y los envíos agropecuarios y/o agroindustriales (no tradicionales) alcanzaron los US$ 648 millones (+20.4%). En el mes analizado, los principales mercados destinos de las agroexportaciones peruanas (tradicional + no tradicional) fueron Estados Unidos US$ 224 millones (+10.3%); Países Bajos US$ 106 millones (+37.4%); España US$ 55 millones (+29.8%); Chile US$ 38 millones (+84.8%); Reino Unido US$ 38 millones (+7%); Ecuador US$ 25 millones (+42.2%); otros US$ 221 millones (+8.2%). En julio del presente año, las agroexportaciones peruanas se despacharon principalmente vía marítima, sumando US$ 627 millones (+16%), seguido por la vía terrestre US$ 51 millones (+29.1%), y vía aérea US$ 30 millones (+38.8%). Los principales productos agrarios tradicionales exportados en julio del 2021 fueron: Los demás cafés sin descafeinar, sin tostar US$ 55 millones; Demás azúcares de caña o remolacha refinados US$ 2 millones; Melaza de caña US$ 1 millón; Lana sin cardar ni peinar, sucia, esquilada US$ 1 millón; Café sin descafeinar, sin tostar, para siembra US$ 300 mil; Azúcar en bruto sin adición de aromatizante ni colorante US$ 100 mil; Borras del peinado de lana o pelo fino US$ 50 mil; Otros US$ 100 mil. Los mercados más importantes para los productos agrícolas tradicionales de Perú en julio del presente año fueron Estados Unidos US$ 15 millones (+14.4%); Alemania US$ 13 millones (-28.8%); Colombia US$ 4 millones (-26.9%); Canadá US$ 4 millones (+256%); Bélgica; US$ 4 millones (+19.2%); Francia US$ 4 millones (-3.3%); Otros US$ 15 millones (-13.9%). Por el lado de los productos agropecuarios y/o agroindustriales (no tradicional) en julio del presente año destacan las Paltas frescas US$ 223 millones (+49.9%); Mandarinas US$ 66 millones (-5.6%); Espárragos frescos o refrigerados US$ 48 millones (+16.5%); Arándanos frescos US$ 24 millones (-8%); Preparaciones para alimentación de animales US$ 18 millones (+111.2%). En el mes analizado los principales países destinos de los productos agropecuarios y/o agroindustriales de Perú fueron Estados Unidos US$ 208 millones (+10%); Países Bajos US$ 105 millones (+37.5%); España US$ 54 millones (+31.8%); Chile US$ 38 millones (85.4%); Reino Unido US$ 37 millones (+9%); Ecuador US$ 24 millones (+41.7%); otros US$ 183 millones (+13.7%).",agraria.pe/agronegocios,https://agraria.pe/noticias/agroexportaciones-peruanas-sumaron-us-4-112-millones-de-ener-25401
2021-09-09,Los complejos efectos de la escasez de contenedores en el comercio internacional de café," El reporte de la caída de las exportaciones ha sorprendido al sector cafetalero peruano, pues sus resultados contradicen las cifras de producción del Ministerio de Desarrollo Agrario y Riego (Midagri), y se desalinea con el movimiento comercial que la mayoría de las empresas registran. Si la disponibilidad del café no es un problema, ¿qué sucede entonces en el comercio internacional? En el contexto del comercio internacional, la escasez de contenedores es un factor cada vez más gravitante; se asocia al 5% del comercio mundial que se ha paralizado en China. Adicionalmente, cada nuevo confinamiento implica ajustes que provocan irregularidades en su suministro. La cancelación y alteración de itinerarios que ha dejado la nueva normalidad del Covid-19 ha restado efectividad y eficiencia al mundo programado con algoritmos que existía antes de la pandemia. El incremento de la demanda de contenedores en las industrias que usan el comercio electrónico es otro factor externo detrás de la escasez. Esta tendencia se mantendría hasta fin de año y se explica, en parte, por el traslado de los gastos del hogar en turismo y diversión fuera del hogar a la compra individual en tiendas online de equipos médicos y protección personal. Esto afectaría también a los productos que suelen usar los contendedores para sus operaciones de exportación. Esta mayor demanda de contenedores en el comercio mundial y la cadena ralentizada por los protocolos han elevado las tarifas. Por ello, los tostadores americanos reportan importantes aumentos en sus costos operativos, también retrasos en sus envíos, lo cual ha resultado en el alza del precio del café (NBC, Wall Street Journal). De igual manera, el efecto se acentúa en Sudamérica (América Economía), donde el tamaño de mercado no favorece a la región: Felipe Astudillo de la Cámara de Comercio de Chile afirma: “Si no fuera por Brasil, ni vendrían barcos”. El principal problema se presenta en la región Sudamericana, según la UNCTAD (Conferencia de las Naciones Unidas sobre Comercio y Desarrollo); esta región tiene el costo más alto de embarque, tomando a Santos (principal puerto de exportación y puerto de salida de café) y Shanghái como referencia. Este costo puede ser 25% mayor que el de África, 45% superior al de Europa y el doble al de la costa este de Estados Unidos. Para el diario La República de Colombia, los precios de flete se han cuadriplicado en la región, afectando principalmente destinos de Estados Unidos y Asia. El costo de contenedor pasó de un promedio de US$ 2.000 a fines del 2019 a casi US$ 10.000 a agosto de este año. Bloomberg da cuenta de que los principales puertos de China tienen una congestión superior a 50%, lo que genera volatilidad en el precio y disponibilidad. Cabe resaltar que Shanghái es el principal puerto comercial del mundo, no solo el principal exportador, sino también importador. Los rebrotes de Covid y el confinamiento que se generan aquí afectan sensiblemente la cadena logística global. Por ello, a excepción de Europa, el efecto del fenómeno se siente fuertemente en todas las regiones: el índice mundial de contenedores de Drewry (2020) indica que, en promedio, el costo aumentó en 344%. Acciones y reacciones en la cadena Para la Federación Europea del Café, la confiabilidad de las navieras es menor del 36%, la más baja de la historia. Adicionalmente, el comercio se sigue retrasando por la falta de disponibilidad de contenedores. Esto no ha afectado los precios finales del café, pero sí el pago a los productores, quienes no cobran hasta que el contenedor suba al barco. En el mejor escenario, esta situación se regularizaría desde marzo del 2022. Por esta razón la paciencia junto a la implementación de medidas de respaldo es necesaria para operar bajo estas condiciones de incertidumbre. A un mes del inicio de la campaña de café, en Colombia se piensa cambiar el puerto de embarque, lo cual encarece los costos y modifica los tiempos, pero garantiza la operación. Para la ASOEXPORT (Asociación Nacional de Exportadores de Café), “las repercusiones del COVID no se habían sentido tanto como en este momento”. Esta semana, India ha iniciado un programa de apoyo para sus operaciones de exportaciones de productos agrícolas que prioriza el café. Incluye soporte en financiamiento, ajustes en la gestión de puertos y ferrocarriles, protocolos que permiten la rápida movilización de los contenedores, y evaluación de la fabricación de contenedores. En Brasil, CECAFE (Consejo de Exportadores de Brasil) reporta que su industria del café es una de las más golpeadas. En condiciones normales para su logística, Marco Matos señala: “Brasil podría estar en un límite superior de exportación, pero ahora una parte está en el puerto, se cancelan los envíos, hay dificultades y preocupación sobre el futuro”. En las condiciones actuales falta espacio en los barcos, los embarques se aplazan, los barcos se omiten y el espacio en las terminales portuarias no es suficiente. En este contexto, para Guaxupe, los envíos a largo plazo no son motivo de preocupación, pues los clientes están al tanto de los problemas logísticos y de la situación global. Tampoco ha habido renegociación de los contratos ya firmados, se han mantenido activos, discutido y resuelto problemas logísticos identificados dentro de los meses del contrato. Se gestiona la crisis con información. En Perú, los costos de estas operaciones suelen ser relativamente mayores. Por ejemplo, enviar un contenedor de aquí a Estados Unidos cuesta 70% más que la ruta inversa debido a los efectos de la distancia y el flujo del comercio. En este contexto, los actores locales que participan en el comercio internacional necesitan información fidedigna y oportuna. Sin embargo, la variabilidad total de los datos de las exportaciones peruanas de café que reportan las principales fuentes consultadas (Adex, Agrodata y Aduanas) es de 46%, presentando diferencias sustanciales entre sus reportes mensuales de exportación. Por ejemplo, la fuente pública de Aduanas reporta en su portal web 303 mil sacos de café, lejos de los 813 mil sacos que reporta el gremio ADEX y de los 819 mil que reporta la fuente privada Agrodata. Esta alta variabilidad entre los datos de exportación de las organizaciones mencionadas disminuye la confianza en ellas, ya que termina por proyectar una imagen negativa para los tomadores de decisiones. Por lo anteriormente expuesto, la Cámara Peruana del Café y Cacao (CPCC) considera relevante realizar un esfuerzo desde el Estado para alimentar el proceso de las exportaciones con información clave y oportuna, lo cual promueve el control de calidad del proceso, la garantía de su accesibilidad y el soporte para las operaciones de exportación en la realidad actual. El esfuerzo podría contribuir a los argumentos de respaldo para los atributos del café peruano que se promocionan en el mercado externo y que constituyen un mensaje que genera confianza en el comprador internacional (B to B). Así lo evidencian los lineamientos estratégicos para la promoción del café peruano en el mercado externo que ha elaborado la Cámara en el marco del Proyecto Alianza para el Café Sostenible y Competitivo.",agraria.pe/agronegocios,https://agraria.pe/noticias/los-complejos-efectos-de-la-escasez-de-contenedores-en-el-co-25391
2021-09-08,Agroexportaciones no tradicionales crecieron 22.2% de enero a julio del 2021," Entre enero y julio del presente año, las exportaciones peruanas sumaron cerca de US$ 29.056 millones, mostrando un crecimiento de 45.4% respecto al mismo periodo del 2020, no obstante, si se compara con el mismo periodo del 2019 el incremento fue de 10.7%. Así lo indica un informe del Centro de Investigación de Economía y Negocios Globales de la Asociación de Exportadores (CIEN-ADEX), que detalló que en ese lapso (enero-julio 2020/enero-julio 2021), se observó un mayor número de productos (de 3.354 a 3.638) y empresas (de 5.399 a 6.458), aunque el de mercados se mantuvo (162). Sector primario Detalló que en los primeros siete meses del 2021, los envíos tradicionales ascendieron a US$ 20.561 millones, lo que significó un aumento del 47.9%. El sector líder fue la minería (US$ 17.000.746.000) con una participación del 61.1%, le siguió la pesca con US$ 1.598.000.000 y una concentración del 5.5%. En ambos se observaron alzas del 47.4% y 105.3%, respectivamente. Los hidrocarburos (US$ 1.026.500.000) creció 13.9% y la agricultura (US$ 190.100.000) se incrementó en 5% (siendo su principal partida café sin descafeinar con US$ 155.8 millones). Este último subsector representó el 0.7% del total de la oferta exportable peruana. En el top five de la oferta tradicional se ubicaron el cobre y sus concentrados, oro, hierro, harina de pescado y cátodos de cobre. El producto tradicional más despachado fue el cobre, con un incremento de 45%; mientras que el más dinámico fue el hierro, que se expandió 216%. Sus principales mercados fueron China, Canadá, Corea del Sur, India, Japón, EE.UU. (-35.5%), Suiza, Emiratos Árabes Unidos, Brasil y Alemania. Todos ellos demandaron minerales. Valor agregado Por su parte las exportaciones no tradicionales (US$ 8.495 millones) aumentaron su demanda en 39.6% gracias al buen desempeño de todos sus subsectores, especialmente la agroindustria, que sumó US$ 3.926 millones (22.2%) por la mayor demanda de paltas (US$ 880.8 millones; +44%) y uvas. Este subsector representó el 13.5% del total de las exportaciones peruanas. Otros rubros importantes fueron el químico con US$ 1.019 millones (31.6%), pesca para Consumo Humano Directo con US$ 946 millones 578 mil (60.8%), siderometalurgia con US$ 813 millones 500 mil (104.8%) y confecciones con US$ 604 millones 800 mil (78.2%). Completaron la oferta con valor agregado la minería no metálica (US$ 354.593.000) con un crecimiento de 67.3%, la metalmecánica (US$ 301.057.000) con 31.6%, textil (US$ 238.059.000) con 71.6%, varios (US$ 224.461.000) con 54.1% y maderas (US$ 67.363.000) con 41.4%. Además de las paltas y uvas, el top five del portafolio con valor agregado estuvo integrado por la pota, mango y alambre de cobre refinado. Los principales destinos fueron Estados Unidos, Países Bajos, Chile, Ecuador y España. Solo julio En julio del 2021 las exportaciones peruanas sumaron US$ 4.034.600.000, registrando un incremento de 12.8% frente a lo alcanzado en igual mes del 2020; sin embargo, si se compara con el mismo mes del 2019 se observó una ligera contracción de -0.1%. Los despachos agrícolas (tradicional) en este mes sumaron US$ 59.9 millones, registrando una contracción de -4.5% frente a julio del 2020. Este subsector representó el 1.5% del total de las exportaciones peruanas en dicho mes. Por su parte, los envíos agropecuarios y/o agroindustriales (no tradicional) en julio del 2021 ascendieron a US$ 648.1 millones, mostrando un crecimiento de +20.4% respecto a julio del año anterior. Este subsector concentró el 16.1% del total de las exportaciones peruanas en ese mes. Otorgar medidas transversales y sectoriales para generar confianza en agentes económicos Tal y como lo adelantó ADEX, luego de experimentar alzas de 116.5% en abril y 108.9% en mayo –por la baja comparación del año pasado debido a la pandemia– el comportamiento de los despachos en el segundo semestre del año está en un proceso de normalización, por lo que las tasas de los próximos meses serán más bajas. El presidente de ADEX, Erik Fischer Llanos, pidió al Gobierno anunciar medidas transversales y sectoriales a fin de generar confianza en los agentes económicos. ""Las inversiones en las diferentes actividades deben fluir y eso se logrará con iniciativas concretas. Perú es un país minero, pero debemos promover más sectores para que el crecimiento no esté supeditado a los precios de los commodities"", dijo. El panorama mundial en el 2022 –continuó– es incierto por la posible reducción de los precios de los minerales, la inminente tercera ola del Covid-19 y la aparición de nuevas variedades, que ponen en riesgo la recuperación mundial. Ante ello, debemos aprovechar este 2021 en el que la demanda internacional es buena y prepararnos para llegar al próximo año en mejores condiciones. ""Estamos en un momento crucial. Esperamos que las autoridades dejen de lado la polarización, las propuestas antitécnicas y se centren en conducir el país y el destino de sus casi 33 millones de habitantes hacia la recuperación y desarrollo"", sostuvo.",agraria.pe/agronegocios,https://agraria.pe/noticias/agroexportaciones-no-tradicionales-crecieron-22-2-de-enero-a-25377
2021-09-06,El 43% de la producción nacional de leche se destina a la elaboración de quesos y derivados lácteos," El Ministerio de Desarrollo Agrario y Riego (Midagri) informó que del 100% de la producción nacional de leche, el 43% se destina a la producción de quesos y derivados lácteos. Agregó que el consumo de leche y productos lácteos en nuestro país llega a los 87 kilogramos por persona al año, mientras el consumo de quesos alcanza los 3.75 kilos por persona al año. Detalló que el queso es el segundo producto lácteo más consumido después de la leche evaporada. Los atributos valorados por el consumidor de quesos son el origen natural y su valor nutricional; el consumo de queso oscila entre 2 a 3 veces por semana y la frecuencia de compra es de una vez por semana. Asimismo, se estima que a nivel nacional existen aproximadamente 6.500 plantas queseras, entre industriales y artesanales, ubicadas en las cuencas lecheras del Perú (Cajamarca, Puno, Arequipa, Amazonas, Ayacucho, Junín, Cusco y Áncash). El Midagri indicó que la producción de quesos en el Perú se efectúa en los diferentes microclimas y regiones naturales, lo que otorga un sabor característico por cada uno.",agraria.pe/agronegocios,https://agraria.pe/noticias/el-43-de-la-produccion-nacional-de-leche-se-destina-a-la-ela-25357
2021-09-06,Perú inicia exportación de uva hacia la Argentina," El Servicio Nacional de Sanidad Agraria (Senasa) realizó la certificación fitosanitaria del primer envío de 18.240 kilos de uva de Perú, destinada a su comercialización en Argentina. La uva, en su variedad Red Globe, fue producida en Piura y procesada por la empresa Interfruit Perú SAC, la que empezó el comercio de este producto hacia dicho destino. Esto, luego de que el 23 de abril de este año, Argentina hiciera oficial los requisitos fitosanitarios de importación de uva desde Perú. Dentro de los protocolos de trabajo acordados, el Senasa supervisó el inicio de tratamiento de frío al que es sometida la fruta, como medida cuarentenaria de control ante posibles estados inmaduros de moscas de la fruta; comprobando que la temperatura alcance el rango permitido de <1.1 grados centígrados. La uva es el producto vegetal peruano más exportado, superando las 400.000 toneladas exportadas durante la campaña 2020-2021. Con el inicio de esta relación comercial entre Perú y Argentina, se beneficiará a productores de uva en Piura, Lambayeque, Ica y Arequipa principalmente. El acceso a nuevos mercados ha permitido que pequeños y medianos productores, de diversas regiones del país, logren encontrar una gran alternativa para su comercialización, generando mayor rentabilidad y una mejorar calidad de vida para sus familias. Según el Centro de Comercio Exterior (CCEX), en 2019 el Perú se posicionó como el tercer país exportador mundial de uva fresca, con 19.500 hectáreas certificadas de esta fruta para fines de exportación. Entre las principales variedades se encuentran la Red Globe, Crimson seedless, Flame seedless y Thompson seedless.",agraria.pe/agronegocios,https://agraria.pe/noticias/peru-inicia-exportacion-de-uva-hacia-la-argentina-25347
2021-09-03,"España, la puerta de entrada a Europa de las agroexportaciones peruanas"," Este 2021 el Perú celebra su bicentenario, un país de ensueño, con una impresionante geografía contenida en su mar, costa, sierra y selva, espacios donde se escribe su historia y que albergan riquezas inimaginables mineras, pesqueras, flora y fauna y, por supuesto también, su agricultura de un origen ancestral que, moderna, hoy día marca el rumbo de una integración global a través del comercio de sus productos agrarios. Aunque el boom de la agricultura peruana que hoy conocemos lleva poco más de 20 años, estos han sido suficientes para ser reconocidos en los cinco continentes, manteniendo al Perú en los primeros puestos como país agroexportador de frutas y hortalizas con el arándano, espárrago, uva, mango, banano orgánico, jengibre, entre otros. Compartiendo, con todo el derecho, la condición de formar parte de los principales países considerados como “la despensa del mundo”. El agro moderno peruano viene aprovechando sus condiciones privilegiadas de ubicación geográfica, biodiversidad, clima, disponibilidad de tierras, disponibilidad de agua, etc., que le permiten tener altas productividades para la atención de los mercados nacionales y mundiales. Pero la agricultura no solo viene jugando un papel fundamental en la economía peruana sino también en el desarrollo social del país, como muestra de ello es su posición de segundo sector exportador y el de mayor generación de empleo, impactando en la reducción de la pobreza, con la mayor Población Económicamente Activa que incluye a millones de agricultores, en su mayoría de pequeñas unidades productivas, que desarrollan esta noble actividad. El mercado internacional hoy en día es el mercado natural de la agricultura moderna peruana y el 2020 no fue la excepción. Durante el año pasado, la agroexportación peruana continúo con un crecimiento de 6% comparado con el 2019, llegando a cerca de US$ 7.500 millones; siendo la Unión Europea y Norteamérica quienes reciben el mayor porcentaje de nuestros productos. En el caso del viejo continente, el 2020 se exportaron más de US$ 2.700 millones de productos agrícolas peruanos a toda Europa. El crecimiento de las agroexportaciones peruanas a España pasó de U$ 83 millones el año 2000 y US$ 237 millones el 2010 a US$ 454 millones el 2020, con un impresionante 23% de crecimiento promedio anual. Otra cifra importante es que el 17% de todas las agroexportaciones peruanas a la Unión Europea ingresaron por puertos y aeropuertos españoles, siendo el Puerto de Algeciras el principal puerto de entrada, convirtiendo a España en una importante puerta para los productos agrarios peruanos. Son cientos de empresas agroexportadoras peruanas las que hoy en día tienen en España su mercado objetivo, proveyendo de productos agrarios de la más alta calidad como palta Hass, pimiento piquillo, espárragos, uvas, alcachofas, mangos, páprika, cebollas, arándanos, jengibre, cítricos, entre muchos otros productos del agro peruano. Sin embargo, como en todo, el camino no fue y no es fácil. Nuestra agricultura afrontó desde crisis económicas y políticas hasta fuertes embates de la naturaleza, fenómenos naturales como el Niño Costero del 2017, que activó muchas quebradas costeras peruanas generando destrucción y pérdidas de vidas; sin embargo lo pudimos superar, trabajando unidos y con una industria moderna y responsable logramos mantener la producción y el crecimiento, preservando no solo los cultivos, sino también los cientos de miles empleos generados en las zonas rurales peruanas. Desde el año 2020, al igual que todos los países, venimos atravesando una de las peores pandemias globales que ha sufrido la humanidad: el coronavirus. El Perú protegió su cadena de abastecimiento de alimentos, lo cual permitió que la producción agraria, agroindustria y agroexportación pudiesen seguir operando por tratarse de una actividad esencial, abasteciendo sin parar los mercados nacionales e internacionales cumpliendo con todos nuestros compromisos. En el marco de las buenas prácticas de las empresas agroexportadoras peruanas relacionadas al cumplimiento de protocolos y estándares sanitarios del más alto nivel, desarrollamos en la Asociación de Gremios Productores Agrarios del Perú (AGAP) protocolos privados para evitar el contagio y mitigar el efecto del Covid-19, los cuales se implementaron desde los primeros días de la cuarentena a través del “Manual de Buenas Prácticas y Medidas de Prevención contra el Covid-19”. De manera paralela a la actividad productiva, las empresas del sector agrario desplegaron múltiples acciones de apoyo social y humanitario a las instituciones del sector público y a la población de diversas regiones en la lucha contra la pandemia. Aún tenemos muchos retos y desafíos que afrontar, pero también tenemos muchas más ganas de seguir creciendo y desarrollando el sector. Retos como mejorar la regulación y competitividad del sector, desarrollo de infraestructura hidráulica mayor y menor en las regiones costeras y la sierra, integración de cientos de miles de pequeños productores a las modernas cadenas productivas y de comercialización peruanas, desarrollo de ecosistemas de I+D+i, seguir consolidado los mercados internacionales, así como acceder a nuevos mercados, son solo algunos de los retos que tenemos en la agricultura peruana. Este 2021 mantenemos las perspectivas de crecimiento del sector agrario peruano y el liderazgo mundial en varios de nuestros productos en una época muy complicada globalmente. Es por ello que el intercambio comercial global particularmente con el continente europeo y, por ejemplo, a través de España como puerta de entrada a Europa, es estratégico para nuestros países, relaciones que seguiremos cultivando como buenos agricultores. Datos . Edgar Vásquez, director del Centro de Investigación en Economía y Negocios Globales de la Asociación de Exportadores (CIEN-ADEX) indicó que la agricultura es el principal sector de exportación peruana a España al concentrar el 41% del total en el 2020, equivalente a US$ 455 millones. . Los diez principales productos de la canasta exportadora peruana hacia España representan el 74% del total, conformadas por zinc, cobre, paltas, calamar gigante, pimiento piquillo en conservas, espárragos en conservas, estaño, uvas frescas, espárragos frescos y alcachofas en conserva. Fuente: Cámara de Comercio de Perú en España (CCPE)",agraria.pe/agronegocios,https://agraria.pe/noticias/espana-la-puerta-de-entrada-a-europa-de-las-agroexportacione-25337
2021-09-03,Agroexportaciones peruanas superarían los US$ 9.000 millones al cierre del 2021," Las exportaciones peruanas han experimentado un crecimiento importante en lo que va del año y buena parte de ello se debe a que el sector agrícola ha logrado colocar una mayor cantidad de productos en el extranjero. Así lo indicó Alfonso Velásquez Tuesta, Socio Fundador en Procesadora Perú SAC. “Estamos en momentos positivos para la exportación. Hemos crecido durante el primer semestre de este año, un 48%. Se creció más en el sector tradicional. La recuperación post Covid mundial está aumentando la demanda, además de los altos precios de los minerales. El sector agroexportador ha crecido 23% en este primer semestre, es algo fantástico. Nos permite pronosticar que al cierre del año vamos a superar los US$ 9.000 millones de exportación en productos de ese sector”, afirmó. Velásquez indicó que para seguir creciendo es vital que los productores y exportadores peruanos unan esfuerzos. “Esto debe significar la generación de nuevos negocios y oportunidades donde ambos se junten para aportar lo que tiene cada uno. Donde haya una buena participación y distribución de los resultados y que el know how de los exportadores se convierta también en un conocimiento de las nuevas empresas que se crearán con los agricultores organizados. A eso debemos apuntar y ponerle fuerza para alcanzar la transformación del agro”, señaló. En otro momento, dijo que entre enero y junio del presente año el valor de las exportaciones pasó de US$ 16.000 millones a US$ 24.000 millones. Precisó que este crecimiento es “impactante” teniendo en cuenta que las exportaciones totales decrecieron en 10% comparando el 2020 con el 2019. “El único sector que creció en el 2020 fue el agro, creció 6.4%. Sin embargo, lo que ha acontecido de enero a junio significa un crecimiento de 48.3%. Y eso que siempre es en el segundo semestre cuando crecen más las exportaciones. Estas están compuestas por el café, la caña de azúcar, la pesca, harina de pescado, petróleo y gas natural y la minería. También exportamos equipos de perforación de minas a África, maderas, químicos, entre otros”, detalló. Mercados Con respecto a nuestros principales mercados, el Socio Fundador en Procesadora Perú indicó que si bien es cierto que Estados Unidos sigue siendo nuestro mayor comprador (18% del total), también es importante comentar el crecimiento de otros destinos como China (+49%), Corea del Sur (+68%), Hong Kong (+72%), Chile (+87%) y Japón (+35%). “Los principales productos de exportación son las paltas, uvas frescas, mangos, espárragos, plátanos, arándanos, quinua, entre otras frutas. Las paltas experimentaron un crecimiento de 44% si comparamos el primer semestre de este año con el del 2020. El crecimiento de las uvas fue de 29%. Somos el segundo productor exportador de uva, hemos desplazado a Chile en este sector”, dijo. Asimismo, hizo un llamado a las autoridades nacionales para ser un apoyo en la atracción de inversión privada y con ella, seguir expandiendo el sector. “La ley de promoción del agro fue importante para alcanzar estos resultados. Esperamos que podamos recomponer el actual sistema de promoción de tal manera que no se frenen las inversiones nacionales. Podemos captar inversiones internacionales y sobre todo evitar que nuestras inversiones y empresas vayan a destinos como Ecuador, Colombia, donde están los ojos puestos de los empresarios como una alternativa si es que no se lograra generar un ambiente de promoción en nuestro país”, advirtió. Finalmente, destacó la labor de las empresas líderes del sector agroexportador como Virú, Danper Trujillo, Vitapro, Camposol y Camet Trading. Señaló que ellos son los que tienen que prepararse para ser los conductores de la transformación de la agricultura familiar. “Con ellos vamos a poder crecer y generar nuevas oportunidades de negocio y de valor compartido. Los árabes comen muchas habas, podemos venderlas en conserva o congeladas. Espero que las oficinas comerciales tomen nota sobre esta oportunidad. Los chilenos ya están aprovechando esta demanda, y nosotros que somos más andinos aún no podemos dejar pasar esta oportunidad de negocio”, concluyó Velásquez. Fuente: ProActivo",agraria.pe/agronegocios,https://agraria.pe/noticias/agroexportaciones-peruanas-superarian-los-us-9-000-millones--25335
2021-09-02,Balanza comercial agraria de Perú registró un superávit de US$ 494 millones en el primer semestre del 2021," En el primer semestre del presente año (enero-junio), las agroexportaciones peruanas alcanzaron los US$ 3.480 millones, lo cual representó un aumento de 20% en comparación a lo obtenido durante el mismo periodo del año anterior, Así lo informó el Ministerio de Desarrollo Agrario y Riego (Midagri), quien detalló que los envíos agrícolas (tradicional) en los primeros seis meses del año sumaron US$ 119 millones. La principal partida despachada de este subsector es el café. Por su parte, las exportaciones agropecuarias y/o agroindustriales (no tradicionales) en la primera mitad del 2021 totalizaron los US$ 3.361 millones, cifra que representó un crecimiento de 21% frente a lo observado en similar periodo del 2020. Los principales productos de este subsector fueron la palta fresca US$ 689 millones (20% de las agroexportaciones no tradicionales), uva fresca US$ 463 millones (14% del total), mango fresco US$ 226 millones (6.7%), espárrago fresco US$ 132 millones (3.9%) y mango congelado US$ 105 millones (3.1%). También se resaltan las mayores colocaciones de preparaciones utilizadas para la alimentación de los animales US$ 87 millones (2.6% del total de las agroexportaciones no tradicionales), las demás frutas US$ 81 millones (2.4%), bananas frescas US$ 78 millones (2.3%), arándanos US$ 62 millones (1.9%), los demás cacao en grano US$ 51 millones (1.5%), espárragos preparados US$ 46 millones (1.4%), las demás quinua US$ 46 millones (1.4%), mandarinas US$ 44 millones (1.3%), los demás cítricos US$ 43 millones (1.3%) y los demás páprikas US$ 39 millones (1.1% del total). Estos 15 productos en conjunto concentrarían el 65% de la oferta exportable no tradicional. Los productos de mayor contribución positiva al crecimiento durante el periodo enero-junio del 2021 fueron: palta fresca (+48%), uvas frescas (+15%), demás preparaciones alimenticias de harina sémola, almidón, fécula o extracto de malta (+3 449%), arándanos (+64%), espárrago fresco (+20%), las demás frutas (+29%), pelo fino cardado o peinado de alpaca o de llama (+81%), cebollas y chalotes frescos (+100%) y mango fresco (+5,9%). Por otro lado, los principales países de destino de las agroexportaciones peruanas (tradicionales + no tradicionales) entre enero- junio fueron Estados Unidos que concentró el 27% del total del valor despachado, Holanda 18%, España 7%, Chile 5%, Ecuador 4%, China 4%, Inglaterra 4%, Hong Kong 3%, Corea del Sur 3%, México 2%, otros 23%. En el primer semestre del 2021, la balanza comercial agraria de Perú registró un superávit de US$ 494 millones, cifra menor en 16% en comparación con el monto registrado el mismo periodo del año pasado; esta disminución en el saldo de la balanza comercial se sustentó en el importante ritmo de crecimiento de las importaciones agrarias (US$ 2.986 millones FOB) que superaron el 29%, mientras que las exportaciones agrarias solo crecieron 20% (US$ 3.480 millones FOB). Solo junio del 2021 En junio del 2021, las agroexportaciones peruanas sumaron US$ 621 millones, registrando un crecimiento de 26% en comparación al mismo mes del año pasado (US$ 494 millones), informó el Ministerio de Desarrollo Agrario y Riego (Midagri). Del total exportado durante junio de este año, las agroexportaciones tradicionales sumaron US$ 32 millones, mostrando un aumento de 18% frente a similar mes del 2020. Este subsector representó el 5% del total Las agroexportaciones tradicionales crecieron debido principalmente a las mayores exportaciones de café sin tostar (US$ 28 millones), que registraron un incremento de 15%. Solo este producto explicó el 87% de las agroexportaciones tradicionales. Por su parte las agroexportaciones no tradicionales (agropecuarios y/o agroindustriales) en junio de este año alcanzaron los US$ 588 millones, cifra superior en 26% frente a lo observado en junio del 2020. Este subsector representó el 95% del total. Los principales productos del ranking agroexportador no tradicional fueron: paltas frescas (39% de participación), espárragos frescos (6.1%), los demás cítricos (5.2%), preparaciones utilizadas para la alimentación de los animales (3%), demás frutas y otros frutos (2.2%) y bananas incluidos los plátanos tipo ""cavendish valery"" frescos (2.1%). También se observó un aumento de las colocaciones de cacao en grano (1.8%), las variedades de quinua (1.3%), demás preparaciones alimenticias de harina sémola, almidón, fécula o extracto de malta (1.3%), hortalizas preparadas (1.3%). Estos 10 productos en conjunto concentran el 63% del total de productos no tradicionales exportados. Además, los productos no tradicionales que registraron un crecimiento fueron las ventas de paltas frescas US$ 228 millones (+47% de crecimiento), demás preparaciones alimenticias de harina sémola, almidón, fécula o extracto de malta US$ 7,7 millones (+4 429%), preparaciones utilizadas para la alimentación de los animales US$ 18 millones (+55%), los demás cítricos US$ 30 millones (+23%), espárragos frescos US$ 36 millones (+19%), aceite de palma en bruto US$ 5.6 millones, hortalizas preparadas US$ 7.4 millones (+56%), las demás frutas y otros frutos US$ 13 millones (+24%), espárragos congelados US$ 4.1 millones (+113%), pelo fino cardado o peinado de alpaca o de llama US$ 4.9 millones (+76%), entre otros.",agraria.pe/agronegocios,https://agraria.pe/noticias/balanza-comercial-agraria-de-peru-registro-un-superavit-de-u-25319
2021-09-01,Agrobanco financiará sostenimiento y mejora de plantaciones con desembolso de S/ 12 millones en créditos," Agrobanco lanzó una campaña focalizada por cultivos para atender a pequeños productores de cacao, mandarina, maíz amarillo duro, palta y limón. Para ello, estima desembolsar créditos por S/ 12 millones que serán beneficiados con el Fondo de Inclusión Financiera para el Pequeño Productor Agropecuario (FIFPPA) para que los agricultores accedan a bajas tasas de interés entre 6 y 12 % anual. El objetivo de esta estrategia es elevar la productividad de los pequeños agricultores a través de préstamos con condiciones especiales para el sostenimiento y mejora de sus plantaciones. “Buscamos beneficiar a más pequeños productores agropecuarios de acuerdo a la necesidad de cada zona, y a la vez seguir atendiendo a nuestros clientes recurrentes, por su experiencia en los cultivos y su buen historial crediticio. Queremos ser el socio estratégico que el pequeño productor necesita, para impulsar así el desarrollo del sector agropecuario”, afirmó el presidente del directorio de Agrobanco, César Quispe Luján. Productos y regiones Actualmente, los productos agrícolas seleccionados, a excepción del maíz, son cultivos permanentes. Estos productos bandera tienen potencial en el mercado nacional y presentan una buena evolución de crecimiento, lo que en relación a las hectáreas sembradas refleja la experiencia de los pequeños productores agropecuarios. Cabe precisar que los cinco cultivos priorizados serán financiados acorde a las necesidades de cada región, por ejemplo: el maíz en Lambayeque, Ucayali, San Martín, Piura y Cajamarca; el palto en La Libertad, Lambayeque, Junín, Apurímac y Ayacucho. Asimismo, la mandarina en Huacho; el limón en el norte, como Piura y Lambayeque; y el cacao en Cuzco, San Martín, Junín, Ayacucho y Ucayali. Los pequeños productores que deseen aplicar a esta campaña focalizada deberán tener como mínimo dos años de experiencia en el sector agrícola. No es necesario que el pequeño productor cuente con historial crediticio y en caso de tenerlo, deberá ser cliente puntual con calificación normal en el pago de sus préstamos (hasta en tres entidades financieras como máximo, incluyendo Agrobanco). Para mayor información sobre las campañas focalizadas de Agrobanco, puede llamar a sus oficiales de negocios; para acceder a sus números de contacto, ingrese al directorio virtual del banco: https://cutt.ly/nQ0Xp55 Próxima campaña Al igual que esta campaña agrícola por productos, Agrobanco alista una estrategia similar para el sector pecuario, en particular para préstamos de engorde de ganado, crianza de ganado y ganado lechero, entre otros. Del mismo modo, para productos con potencial en el mercado extranjero, como el mango, banano, páprika, entre otros.",agraria.pe/agronegocios,https://agraria.pe/noticias/agrobanco-financiara-sostenimiento-y-mejora-de-plantaciones--25312
2021-08-31,AgroRural ejecutó 1.964 Mercados Midagri “De la Chacra a la Olla” en la tercera semana de agosto de 2021," En la tercera semana de agosto de 2021, el Programa de Desarrollo Productivo Agrario Rural (Agro Rural) ejecutó un total de 1.964 Mercados Midagri ""De la Chacra a la Olla"". Dichos mercados abastecieron a 1.094.590 familias a nivel nacional. Con esto, 47.708 pequeños productores de la agricultura familiar generaron ingresos totales por S/ 541.738. Los productores interesados en participar de los mercados Midagri ""De La Chacra A La Olla 2021"", deberán escribir un correo a mercadositinerantes@agrorural.gob.pe, consignando el departamento de procedencia, nombre completo, teléfono, tipo de producto, cantidad de los mismos y ubicación de las parcelas o granjas. También pueden contactarse al teléfono 977 756 925. Para esta semana se han programado 67 mercados a nivel nacional. En cuanto a Lima Metropolitana, se ejecutarán 11 mercados itinerantes en los distritos de Ventanilla, Ate Vitarte, Chorrillos, El Agustino, Pueblo Libre, San Borja y Villa María del Triunfo. Por otro lado, al interior del país, se realizarán un total de 57 mercados.",agraria.pe/agronegocios,https://agraria.pe/noticias/agrorural-ejecuto-1-964-mercados-midagri-de-la-chacra-a-la-o-25293
2021-08-31,"Agroexportaciones crecerían 6% hacia fines del 2021, pero no por nuevas inversiones"," El crecimiento de las agroexportaciones peruanas hacia fines de año 2021 sería de 6% respecto al año pasado, lo que representará ventas por US$ 7,900 millones, pero este resultado no se explicaría por nuevas inversiones, señaló el gerente de la Asociación de Gremios Productores Agrarios del Perú (AGAP), Gabriel Amaro. Las agroexportaciones en los años 2020 y 2019 fueron de US$ 7.500 millones y US$ 7.095 millones, respectivamente, y este año se espera un crecimiento similar al del año pasado. “Este año las condiciones climáticas son favorables y explicarían el crecimiento que esperamos. Esto se soporta en inversiones de años anteriores, no por nuevas. Si no se tienen nuevas inversiones la curva de crecimiento tendería a bajar”, indicó. El crecimiento del presente año, como el de los anteriores, está respaldado por el aumento de la producción en el subsector de frutas y hortalizas. Cabe resaltar que, según Amaro, el subsector de frutas y hortalizas frescas representa el 55% de las agroexportaciones. Si a este se le suman las procesadas, este porcentaje se eleva a 70%. “El crecimiento del subsector de frutas y hortalizas en el 2020 fue de 11%. Perú es considerado proveedor seguro en los mercados globales, lo que nos garantiza el acceso a varios mercados, principalmente de Norteamérica y Europa”, afirmó. ¿Qué evita la promoción de nuevas inversiones? Puntualmente, explicó Amaro, hay dos factores que dificultan la promoción de la inversión en el sector agroexportador. El primero de ellos es el escenario político actual, el cual no otorga la confianza a los potenciales agentes inversores. El otro, sin embargo, es una razón más de fondo, relacionada a la Ley N° 31110 que surgió en reemplazo de la Ley de Promoción Agraria, Ley 27360 (la cual se estableció en su momento hasta el 2031). Según señala Amaro, el “mensaje” luego de la derogación de la ley previa fue el de inseguridad jurídica, lo que finalmente trajo la paralización de las inversiones pequeñas, medianas y grandes. “Esta nueva ley detuvo todas las inversiones del sector. Todos los proyectos que estaban previstos para este año no se dieron. Hay un reglamento que hasta ahora no se aprueba”, afirmó. ¿Cómo vamos hasta ahora? Según el representante de AGAP, a junio del 2021, el crecimiento ha sido de 23% respecto al mismo periodo del año anterior. De manera específica, para frutas y hortalizas frescas, de enero a junio del 2021, han tenido un aumento de 29% en comparación a la producción del mismo periodo del año pasado. En el primer semestre del año la producción de este subsector es de US$ 1,966 millones (frutas frescas US$ 1.791 millones y hortalizas frescas US$ 175 millones) cuando en la primera mitad del 2020 fue de US$ 1.528). Los principales destinos fueron Europa US$ 889 millones, Norteamérica US$ 622 millones, Asia US$ 272 millones, Sudamérica US$ 115 millones. Perspectivas Hacia los siguientes años, señaló Amaro, se debe procurar hacer políticas públicas que promuevan la agroexportación para poder abarcar otros mercados en donde se tienen ventajas en cuanto a temporadas de cosecha, como es el caso del mercado asiático. Asimismo, se proyecta la consolidación del posicionamiento de las exportaciones en productos puntuales como arándanos, espárragos, alcachofas, entre otros. No obstante, esto depende directamente de las condiciones que se otorguen a la inversión en el sector. “Hemos tenido un doble golpe, por un lado la nueva ley agraria y por otro la situación actual de inestabilidad política, la cual no ayuda a generar confianza en los agentes económicos. Perú no está dando actualmente condiciones para la inversión. Hay que recordar que el único sector donde creció el empleo formal el año pasado fue en la agroexportación”, indicó. Fuente: Gestión",agraria.pe/agronegocios,https://agraria.pe/noticias/agroexportaciones-crecerian-6-hacia-fines-del-2021-pero-no-p-25292
2021-08-27,"Agroexportaciones lambayecanas sumaron US$ 723 millones en la primera mitad del 2021, mostrando un aumento de 35%"," En el primer semestre del año, las agroexportaciones lambayecanas sumaron US$ 723 millones, mostrando un incremento de 35% frente a lo alcanzado en igual periodo del 2020. Así lo informó la Gerencia Regional de Comercio Exterior y Turismo (Gercetur) de Lambayeque, quien destacó que Lambayeque se consolida como la cuarta región agroexportadora más importante del Perú, luego de La Libertad, Ica y Piura. Detalló que este incremento se debió a una mayor venta de fruta (+41%), principalmente conserva de piña (+205%), arándano (+82%) y palta (+64%). Con este alentador escenario se prevé que Lambayeque supere los US$ 800 millones hacia fin de año y así registrar un nuevo récord. En cuanto a las cantidades y cifras, la Gercetur indicó que en los primeros seis meses se exportaron 83.000 toneladas de palta con un valor de US$ 170.7 millones, 28% más de lo generado en todo el año 2020 (US$ 133.6 millones), esta cifra marca un récord histórico en la exportación de palta en la región Lambayeque. Los principales mercados de este producto son los países miembros de la Unión Europea (48%), Estados Unidos (17%) y Reino Unido (13%). En tanto, la exportación de conservas de pimiento (capsicum) creció 19 %, teniendo como principales destinos a Estados Unidos (60%) y la Unión Europea (17%). Otras hortalizas de crecimiento destacado fueron: cebolla (93%), pallares (88%) y espárrago (27%). La exportación de limón y derivados (jugo, aceite y cortezas) ha continuado prosperando en el primer semestre de 2021, con 27% más respecto al mismo periodo del 2020. La exportación de agroquímicos aumentó por la mayor venta de aceites esenciales, registrándose un crecimiento de exportación en 60%, siendo principalmente exportado a los países miembros de la Unión Europea (76%). Predominan exportaciones de vegetales frescos La Gercetur precisó que el 65 % de las agroexportaciones de Lambayeque corresponden a productos frescos, principalmente arándano, palta, uva, espárrago y mango. Si bien, tanto la exportación de vegetales frescos como los bienes procesados han experimentado un crecimiento, la exportación de bienes frescos creció 51%, superando a las conservas vegetales que solo alcanzaron el 10%. No obstante, en este último rubro se destaca el gran incremento que ha tenido la exportación de conserva de piña, bien recientemente introducido que creció en 205%. Primeros puestos como productor de arándanos, palta y mango Durante el primer semestre del 2021, Lambayeque se ha consolidado como el segundo productor de arándano del país (20%) después de La Libertad (61%), creciendo en 36% con respecto al año pasado. Es, también, el tercer productor de palta del país (14%) detrás de La Libertad (33%) y Lima (14%), aumentando su producción en 39%, registrándose un récord en 2021. Lambayeque es, además, la segunda región en producción de mango a escala nacional (19% del total) solo por detrás de Piura (71%). En el primer semestre la producción de mango en la región disminuyó en 15%. Asimismo, la región norteña se ubica como sexta en la producción de uva (4%). Entre enero y junio de 2021, la producción de este fruto se incrementó en 22%. Mercados del mundo que demandan productos lambayecanos Los productos de las 174 empresas lambayecanas exportadoras, siguen teniendo como primer destino la Unión Europea con 37%, seguido de Estados Unidos con 33% y el Reino Unido con 20%. Los mercados que han registrado un mayor crecimiento en este primer semestre son: Chile, Asia y la Unión Europea, mercados en donde las ventas han aumentado en 141%, 55% y 41%, respectivamente. Con el objetivo de promover las exportaciones lambayecanas, el Mincetur aprobó el Plan Estratégico Regional Exportador Lambayeque, donde se priorizaron las cadenas de hortalizas: espárragos, capsicum, cebolla, leguminosas, hongos comestibles y zapallo; frutas, insumos (bioles y fertilizantes orgánicos), confecciones/accesorios y servicios.",agraria.pe/agronegocios,https://agraria.pe/noticias/agroexportaciones-lambayecanas-sumaron-us-723-millones-en-la-25275
2021-08-24,Venta de café en mercados Midagri “De la chacra a la olla 2021” generó más de S/ 153.000," Los mercados Midagri ""De La Chacra a la Olla 2021"" han generado más de S/ 153 mil a un total de 248 caficultores en todo el Perú, con la venta de 7.63 toneladas de café natural, tostado, molido y sus derivados. Cabe precisar que Cusco, Junín, Lima y Puno, son las que regiones que han comercializado este producto en mayor medida dentro de los mercados itinerantes promovidos por el sector Agricultura. La directora ejecutiva del Programa de Desarrollo Productivo Agrario Rural (Agro Rural), Roxana Orrego Moya, señaló que los mercados itinerantes han permitido que muchos productores peruanos de café puedan reactivar su economía afectada por la pandemia y acercar sus productos a los| consumidores finales, con lo cual han logrado -en corto tiempo- fidelizar en las familias peruanas sus marcas. Además, la funcionaria mencionó que, del total de productores de café participantes, la mayoría procede de los departamentos de Junín (30), Cusco (45), San Martín (31), Lima Metropolitana (32) y Amazonas (22). Dato . Visita el mercado más cercano en el siguiente link: https://www.agrorural.gob.pe/mercadositinerantes/calendario/",agraria.pe/agronegocios,https://agraria.pe/noticias/venta-de-cafe-en-mercados-midagri-de-la-chacra-a-la-olla-202-25239
2021-08-19,Agro Rural benefició a más de 300.000 pequeños agricultores," En más de cuatro décadas de labor, el Programa de Desarrollo Productivo Agrario Rural (Agro Rural), unidad ejecutora del Ministerio de Desarrollo Agrario y Riego (Midagri), ha mejorado la calidad de vida de los pequeños agricultores, mediante planes y políticas de desarrollo rural, implementándolas en los lugares más alejados del país. A la fecha, más de 300 mil pequeños agricultores de zonas rurales han sido beneficiados desde Agro Rural, con acciones relacionadas a la construcción de cobertizos y fitotoldos, la entrega de kits agrícolas y pecuarios (kits veterinarios, de abono foliar, de aplicación foliar, de conservación de forraje y para la protección de cultivos), asistencia técnica y entrega de semillas para piso forrajero, comercialización y distribución de guano de las islas, a precio social. 1.480 pequeños ganaderos han sido beneficiados con la construcción y entrega de cobertizos para la protección de más de 14.000 cabezas de ganado, que es su principal fuente de ingresos. Además, 143.164 productores recibieron semillas de pastos y asistencia técnica para asegurar el piso forrajero de sus animales (provisión de alimento). Mercados Midagri A fin de contribuir con la reactivación económica de productores de la agricultura familiar y el abastecimiento de alimentos a precios justos, sin intermediarios, Agro Rural ha implementado, a escala nacional, los mercados Midagri De la Chacra a la Olla, los cuales han logrado la participación de 44.974 productores, quienes han logrado comercializar cerca de 7.9 toneladas de alimentos, generando ingresos por S/ 25.561 Agro Rural también ha intervenido con proyectos de cofinanciamiento como los Proyectos de Desarrollo Territorial Sostenible (PDTS) Vraem y Avanzar Rural, entre otros. Mayor articulación “En el Bicentenario de la Independencia del Perú hemos renovado y potenciado la visión de reforma agraria hacia un enfoque de cadenas de valor, con mayor articulación con los gobiernos locales y regionales y el sector privado para lograr un desarrollo empresarial, sostenible y con acceso a nuevos mercados, fomentando el crecimiento de la agricultura familiar”, dijo la directora ejecutiva de Agro Rural, Roxana Orrego Moya. Por ello, agrega, se continúan descentralizando y fortaleciendo las capacidades de las direcciones regionales y agencias agrarias mediante proyectos de inversión, con el fin de ampliar y mejorar los servicios agrarios, en especial el de las de familias rurales dedicadas a la agricultura familiar para un desarrollo productivo sostenible en sus economías. Orrego Moya indicó que se desarrollan las acciones respectivas, mediante concurso para financiar 500 proyectos de extensión agraria en cultivos, crianza, forestal y/o agroindustria, entre otros. En su primera etapa se busca atender a cinco agencias agrarias por cada dirección regional agraria, con un total de 55 agencias agrarias, distribuidas en Amazonas, Piura, Cajamarca, La Libertad, San Martín, Huancavelica, Junín, Ayacucho, Cusco, Arequipa y Apurímac. Precio social Para impulsar el desarrollo y la práctica de la agricultura familiar orgánica a escala nacional, Agro Rural fortalece las capacidades de promotores locales y agricultores de diversas cadenas productivas, acercando así el guano de las islas a “precio social”, a 38,985 productores agropecuarios, quienes vienen aplicando este potente abono en cultivos de papa, quinua, palto, café, cacao, entre otros. Del mismo modo, la entidad certificadora, CAAE América, especializada en producción agrícola y orgánica entregó a Agro Rural ocho certificaciones orgánicas con vigencia de 1 año, a fin de que el cultivo que esté trabajado con este guano de las islas, tenga proyección a la agroexportación a Japón, países de Europa y de Estados Unidos. Dato . 1.826 Mercados Midagri De la Chacra a la Olla se han desarrollado a la fecha. Fuente: El Peruano",agraria.pe/agronegocios,https://agraria.pe/noticias/agro-rural-beneficio-a-mas-de-300-000-pequenos-agricultores-25200
2021-08-19,Fenómeno La Niña podría retrasar inicio de próxima campaña de siembras," El Estudio Nacional para El Fenómeno El Niño (Enfen) advirtió que hay un 62% de probabilidades del desarrollo de un nuevo evento La Niña de magnitud débil en el Pacífico Central, entre la primavera del 2021 y el verano del 2022, lo cual, según el Servicio Nacional de Meteorología e Hidrología (Senamhi), podría tener diversos efectos sobre la agricultura del Perú. Glicerio Canchari, especialista en Agrometeorología del Senamhi, señaló que un efecto de esa anomalía climática -caracterizada por reducir la temperatura del mar por debajo de lo normal- es que podría reducir las lluvias en forma significativa en la sierra central y sur del país en la próxima primavera, pero particularmente entre octubre y noviembre. Campaña grande De darse esa condición, advirtió, podría retrasar el inicio de la próxima campaña grande de siembra 2021-2022, sobre todo la que está prevista desarrollarse en las regiones de la sierra en el centro y sur a partir de setiembre próximo. El experto precisó que tal ausencia de lluvias puede retrasar la siembra de cultivos principales en la zona altoandina como maíz amiláceo, papa, cultivos de pan llevar como alverjas, granos secos, habas, así como cultivos nativos manejados solo bajo secano (riego por lluvia). Por el contrario, en la sierra norte, para el periodo entre agosto y octubre 2021, el Senamhi pronostica más bien condiciones normales de precipitaciones pluviales, previéndose que se inicien en el presente mes y aumenten en setiembre. Mejora en el norte Mientras que el año pasado -también a causa del anterior fenómeno La Niña-, la sierra y la costa norte se vieron afectadas por ausencia de lluvias, la previsión para esta primavera es que, por el contrario, mejoren las condiciones para la actividad agrícola en esas regiones, indicó Canchari. Al respecto, el reporte del Enfen indicó que ya desde julio se presentaron temperaturas en el rango normal, que favorecieron la floración del mango en Piura, mientras que en Lambayeque promovieron la floración del mango Kent, así como propician el crecimiento vegetativo del arroz. Para el próximo verano, el Enfen prevé mayor probabilidad de excesos de lluvias en la selva y la sierra, especialmente en el sur, lo cual, según el experto del Senamhi, podría compensar los retrasos que se produzcan al inicio de la campaña grande. Datos . El último fenómeno La Niña se registró entre agosto del 2020 y enero del 2021, y redujo áreas sembradas en esa campaña agrícola. . En el último trimestre del 2020 se redujo por debajo de la mitad el nivel de reserva de los principales reservorios de agua del país a raíz de la escasez de lluvias. Fuente: gestion.pe",agraria.pe/agronegocios,https://agraria.pe/noticias/fenomeno-la-nina-podria-retrasar-inicio-de-proxima-campana-d-25197
2021-08-16,"Agroexportaciones peruanas suman US$ 4.148 millones entre enero y julio del 2021, mostrando un aumento de 21% respecto al 2020 y 16% en comparación al 2019"," Las exportaciones peruanas de productos agrícolas en julio de este año sumaron US$ 702 millones, mostrando un incremento de 17% frente a lo alcanzado al mismo mes del 2020, cuando se flexibilizaron las restricciones y se impulsó la reactivación económica. Si lo comparamos con julio del 2019, un año típico para la economía, las exportaciones mostraron un incremento de 7%. Con este resultado, durante los primeros siete meses del año se exportaron US$ 4.148 millones en productos agrícolas, 21% por encima del 2020 y 16% sobre el 2019. El crecimiento alcanzado de enero a julio del 2021 se explica por la buena acogida que han tenido algunos productos en el mercado, como la palta, la páprika, el tangelo y el espárrago. Sin embargo, en este periodo también hubo mercancías que no tuvieron el mejor desempeño de la canasta, como la mandarina, la cebolla, el café y el cacao. Excelente desempeño de la palta Las exportaciones peruanas de palta solo en el mes de julio de este año sumaron 11.934 toneladas por US$ 211 millones, registrando un crecimiento de 37% en volumen y 45% en valor en comparación a igual mes del 2020. A pesar del incremento de la oferta peruana, el precio de la palta peruana creció en 6% hasta alcanzar un valor promedio de US$ 1.88 por kilogramo. Los principales destinos de la palta peruana durante julio del 2021 fueron los Países Bajos (27% de participación), Estados Unidos (24%) y España (15%). Hacia los Países Bajos se enviaron 30.354 toneladas de palta por US$ 56 millones, 46% más en volumen y 52% más en valor con respecto al mismo mes del 2020. El precio que se pagó por la fruta en este mercado fue de US$ 1.84 por kilogramo, 5% más que el año pasado. Como principal comprador tuvo a Nature’s Pride B.V., con 23% de participación. Las exportaciones hacia Estados Unidos sumaron 27.320 toneladas por US$ 56 millones, 20% menos en volumen y 29% más en valor en comparación al 2020. Con respecto al precio, en esta plaza se pagó por la fruta peruana US$ 2.06 por kilogramo, 7% más en comparación al periodo anterior. En cuanto a los compradores estadounidenses, destacó Mission Produce Inc. con 29% de participación. Respecto de los envíos hacia España, estos alcanzaron las 16.598 toneladas por US$ 30 millones, 21% más en volumen y 31% menos en valor en comparación al año anterior. El precio que se pagó por la palta en el mercado europeo fue de US$ 1.82 por kilogramo, 8% más con respecto al 2020. El comprador más importante de palta peruana fue José Luis Montosa S.L., con 15% de participación. Páprika sorprende en el mercado internacional Las exportaciones de paprika peruana en julio sumaron 534 toneladas por US$ 1 millón, mostrando un aumento de 34% en volumen y 39% más en valor en comparación al 2020. A pesar del incremento de la oferta, el precio del pimiento creció 3.80% hasta alcanzar los US$ 2.05 por kilogramo. El principal destino de la paprika peruana fue Estados Unidos, con 60% de participación. Las exportaciones del capsicum hacia ese mercado sumaron 319 toneladas por US$ 765 mil, 47% más en volumen y 49% más en valor en comparación al 2020. En el gigante norteamericano se pagó por la páprika peruana US$ 2.34 por kilogramo, similar al año anterior. En cuanto a los compradores, destacó B&G Foods North America Inc., con 10% de participación. Exportaciones de tangelo asombran Las exportaciones peruanas de tangelo durante julio sumaron 10.264 toneladas por US$ 9 millones, mostrando un incremento de 15% en volumen y 28% en valor en comparación a julio del 2020. A pesar del incremento de la oferta peruana, el precio de la fruta creció en 11% hasta alcanzar un valor promedio de US$ 0.89 por kilogramo. Los principales destinos del tangelo peruano durante el mes fueron Estados Unidos (41% de participación) y los Países Bajos (29%). Hacia Estados Unidos se enviaron 4.181 toneladas de tangelo por US$ 4 millones, 18% más en volumen y 31% más en valor con respecto al mismo mes del 2020. El precio que se pagó por la fruta en esta plaza fue de US$ 0.88 por kilogramo, 11% más que el año pasado. Entre los principales compradores estuvo Andean Sun Produce Llc., con 33% de participación. Las exportaciones hacia los Países Bajos sumaron 2.934 toneladas por US$ 3 millones, 22% más en volumen y 41% más en valor en comparación al 2020. Con respecto al precio, en este mercado se pagó por la fruta peruana US$ 0.91 por kilogramo, 15% más en comparación al periodo anterior. En cuanto a los compradores europeos, destacó Olympic Fruit B.V., con 17% de participación. Espárrago sigue recuperándose Las exportaciones peruanas de espárrago durante julio sumaron 16.606 toneladas por US$ 50 millones. En comparación al 2020, los envíos de la hortaliza mostraron un crecimiento de 31% en volumen y 19% en valor. A pesar del incremento de la oferta peruana, el precio del espárrago cayó en 9% hasta alcanzar un valor promedio de US$ 3.00 por kilogramo. El principal destino del espárrago peruano fue Estados Unidos, con 68% de participación. Las exportaciones de la hortaliza hacia el país norteamericano sumaron 11.348 toneladas por US$ 30 millones, 29% más en volumen y 12% más en valor en comparación al 2020. En este mercado se pagó por el espárrago peruano US$ 2.63 por kilogramo, 13% menos que el año anterior. En cuanto a los compradores de este país, destacó Alpine Fresh Inc., con 10% de participación. Cabe mencionar que el espárrago peruano obtuvo precios más altos en España (US$ 3.21 por kilogramo) y el Reino Unido (US$ 4.15 por kilogramo), países que tuvieron una participación de 9% cada uno, al sumar envíos por 1.500 toneladas en promedio. Envíos de mandarina se contraen Las exportaciones de mandarina peruana en julio sumaron 56.788 toneladas por US$ 70 millones, 13% menos en volumen y en valor en comparación al 2020. A pesar del incremento de la oferta, el precio de la mandarina se mantuvo similar al del año anterior: US$ 1.24 por kilogramo. El principal destino de la mandarina peruana fue Estados Unidos, con 53% de participación. Las exportaciones del cítrico hacia el país norteamericano sumaron 29.391 toneladas por US$ 37 millones, 20% menos en volumen y 19% menos en valor en comparación al 2020. En este mercado, la mandarina peruana tuvo un valor de US$ 1.23 por kilogramo, 1% más. En cuanto a los compradores, destacó Walmart Inc., con 13% de participación. Exportaciones de cebolla caen Los envíos de cebolla peruana en julio sumaron 19.622 toneladas por US$ 7 millones, 13% menos en volumen y 15% menos en valor en comparación al 2020. A pesar de la caída de la oferta, el precio de la hortaliza se contrajo 3% hasta alcanzar los US$ 0.36 por kilogramo. El principal destino de la cebolla peruana fue Estados Unidos, con 69% de participación. Las exportaciones de la hortaliza hacia este país sumaron 13.547 toneladas por US$ 6 millones, 6% menos en volumen y 12% menos en valor en comparación al 2020. En esta plaza, se pagó por la cebolla peruana US$ 0.43 por kilogramo, 6% menos. En cuanto a los compradores, destacó Shuman Farms Inc., con 44% de participación. Envíos de café siguen en caída Las exportaciones de café peruano en julio sumaron 14.637 toneladas por US$ 52 millones, 31% menos en volumen y 14% menos en valor en comparación al 2020. Debido a la contracción de la oferta, el precio del grano creció 25% hasta alcanzar los US$ 3.56 por kilogramo. Los principales destinos del café peruano fueron Alemania y Estados Unidos, con 25% cada uno. Las exportaciones del grano hacia el país europeo sumaron 3.716 toneladas por US$ 12 millones, 33% menos en volumen y 27% menos en valor en comparación al 2020. En esta plaza, se pagó por el café peruano US$ 3.28 por kilogramo, 9% más. En cuanto a los compradores de Alemania, destacó Benecke Coffee Gmbh. & Co. Kg., con 23% de participación. Por su parte, las exportaciones hacia Estados Unidos sumaron 3.624 toneladas por US$ 13 millones, 25% menos en volumen y 11% menos en valor en comparación al 2020. Con respecto al precio, en este mercado se pagó por el grano peruano US$ 3.70 por kilogramo, 18% más en comparación al periodo anterior. En cuanto a los compradores, destacó Rothfos Co., con 13% de participación. Exportaciones de cacao no dejan de caer En julio de este año, las exportaciones de cacao peruano en julio sumaron 5.561 toneladas por US$ 12 millones, 23% menos en volumen y 35% menos en valor en comparación al julio del 2020. A pesar de la contracción de la oferta, el precio del grano cayó 15% hasta alcanzar los US$ 2.19 por kilogramo. Los principales destinos del cacao peruano fueron los Países Bajos, con 20%, y Estados Unidos, con 13%. Las exportaciones del grano hacia el país europeo sumaron 1.124 toneladas por US$ 2 millones, 13% menos en volumen y 28% menos en valor en comparación al 2020. En este mercado, se pagó por el cacao peruano US$ 2.22 por kilogramo, 16% menos. En cuanto a los compradores, destacó C. Steinweg B.V., con 45% de participación. Fuente: Fresh Fruit",agraria.pe/agronegocios,https://agraria.pe/noticias/agroexportaciones-peruanas-suman-us-4-148-millones-entre-ene-25152
2021-08-16,Países Bajos y España concentran el 53.2% de las exportaciones peruanas de palta en el primer semestre del año," En el primer semestre del año, la producción de palta en Perú alcanzó las 535.908 toneladas, con un valor de S/ 629 millones, lo que significó un incremento del 8.6% frente a las 493.536 toneladas producidas por un monto de S/ 579 millones en el primer semestre del 2020, informó el Ministerio de Agricultura y Riego (Midagri). La región que ocupó el primer lugar en la producción de palta en la primera mitad del presente año fue La Libertad, al alcanzar las 170.195 toneladas, lo que representó una ligera caída del 0.1% con respecto al mismo período del año pasado. Este departamento representa un 31.8% de la producción nacional de paltas. En segundo lugar, se ubicó Lambayeque, que produjo 98.058 toneladas (+38.8%), un 18.3% de la producción total. Le siguen en el ranking Lima, con 80,486 toneladas (+20.8%) y un 15% del total nacional, e Ica con 61.286 toneladas (+3.2%) y un 11.4% del total producido. Comercio exterior La Sociedad de Comercio Exterior del Perú (ComexPerú) señaló que en lo que concierne a comercio exterior, las paltas se posicionaron como el principal producto agropecuario no tradicional exportado en el primer semestre del 2021, con envíos por US$ 667 millones, lo que se tradujo en un incremento del 43.8% respecto de los US$ 464 millones registrados en 2020. En cuanto a los destinos de exportación, Países Bajos se posicionó como el principal, con US$ 244 millones, un 44.5% más que en el primer semestre de 2020, y representó un 36.6% del total de nuestros envíos de palta al mundo. Le siguió España, con US$ 111 millones y un crecimiento del 43.4%, que además representó un 16.6% de los envíos. A continuación, aparece Chile que registró un valor de US$ 83 millones y un crecimiento del 235.2%, además de un 12.4% de exportaciones al mundo; Estados Unidos con US$ 78 millones (-8.6%), 11.7% del total, y el Reino Unido, con US$ 46 millones (+12.9%), y un 6.8% de los envíos. Solo en el mes de junio, las exportaciones de paltas alcanzaron un total de US$ 218 millones, un 40.8% más que lo enviado en el mismo mes del año anterior. Exportaciones a nivel departamental ComexPerú dijo que en la primera mitad del 2021, las exportaciones de paltas fueron lideradas por el departamento de Lima. Los envíos limeños ascendieron a US$ 179 millones, lo que implicó un crecimiento del 43.9% versus el mismo periodo de 2020. Esto, a su vez, representó un 26.8% de los envíos acumulados. En el segundo lugar está Lambayeque, con envíos por un valor de US$165 millones, lo que equivale a un 63.6% más que en el 2020 y un 24.7% del total de los envíos acumulados. Le siguen La Libertad, con US$153 millones (+19.9%) y un 22.9% del total, e Ica, con US$ 90 millones (+37.1%) y un 13.6% del total exportado. Por otra parte, los principales destinos de exportación de la palta procedente de Lima fueron Países Bajos (US$ 67 millones), Chile (US$ 36 millones), España (US$ 29 millones), Rusia (US$ 12 millones) y Hong Kong (US$ 10 millones). Para Lambayeque, los principales destinos fueron Países Bajos (US$ 65 millones), Estados Unidos (US$ 24 millones), Reino Unido (US$ 22 millones), España (US$ 17 millones) y Chile (US$ 9 millones). En el caso de La Libertad, los tres principales destinos fueron Países Bajos (US$ 54 millones), Estados Unidos (US$ 36 millones) y España (US$ 22 millones); mientras que los envíos de Ica tuvieron como principales receptores a Países Bajos (US$ 30 millones), España (US$ 25 millones) y Chile (US$ 12 millones). Dato . E n el primer semestre de 2021 las agroexportaciones no tradicionales alcanzaron los US$ 3.300 millones, lo que significó un crecimiento del 21.6% con respecto al mismo período del 2020, informó ComexPerú.",agraria.pe/agronegocios,https://agraria.pe/noticias/paises-bajos-y-espana-concentran-el-53-2-de-las-exportacione-25148
2021-08-13,Agroideas y APPCacao firman convenio para promover institucionalidad y prestación de servicios," Para promover la institucionalidad y la prestación de servicios especializados en beneficio de 25 cooperativas de 12 regiones del país, el titular del Ministerio de Desarrollo Agrario y Riego (Midagri), Víctor Maita Frisancho, participó de la suscripción del convenio del Programa de Compensaciones para la Competitividad (Agroideas) y la Asociación Peruana de Productores de Cacao (APPCacao). En su exposición, el ministro del sector expresó que el convenio marca un importante inicio dentro de la denominada segunda reforma agraria, en el fortalecimiento institucional de los gremios, asociaciones y cooperativas agrarias, con el propósito de coadyuvar a mejorar los ingresos y la calidad de vida de los productores de la Agricultura Familiar. ""Se ha avanzado en la institucionalidad de las organizaciones agrarias que también debe alcanzar a las empresas comunales, por eso, debemos seguir trabajando en estos incentivos para contribuir al fortalecimiento de la institucionalidad de los gremios, cadenas productivas y otras organizaciones"", sostuvo el ministro. El convenio fue suscrito entre el director ejecutivo de Agroideas, Jorge Sandoval, y el presidente de APPCacao, Elías Cruz Godos, mediante el cual se brinda cofinanciamiento para fortalecer su institucionalidad, promover el trabajo de sus asociados y el acceso a servicios especializados. El apoyo asciende a S/ 131.000, con aporte de Agroideas de S/ 104.800 y la contraparte de APPCacao asciende a S/ 26.200. El principal objetivo del apoyo del sector Agricultura a los pequeños productores, consiste en dotar de incentivo para el fortalecimiento de las formas asociativas de los productores agrarios, para coadyuvar al empoderamiento de las personas jurídicas que representan a los campesinos de la Agricultura Familiar, sean gremios agrarios, federaciones, juntas nacionales u otras formas asociativas. El convenio tendría un impacto positivo en impulsar el desarrollo de más de 30.000 familias pertenecientes a 25 cooperativas de 12 regiones del país, como son Tumbes, Piura, Cajamarca, Huánuco, Pasco, Junín, Ayacucho, Cusco Puno, Amazonas, San Martín y Ucayali. En su discurso, el director ejecutivo de Agroideas, Jorge Sandoval, expresó que el convenio es el compromiso del programa con el fortalecimiento de la institucionalidad de los gremios y organizaciones agrarias y la decisión del sector de acercarse a los pequeños productores del campo para atender sus principales demandas. A su turno, el presidente de APPCacao Elías Cruz, señaló que el presente convenio impulsará el apoyo a más de 30 mil familias de pequeños productores de la cadena del cacao a nivel nacional, y reconoció el trabajo que desarrolla el ministerio y el programa Agroideas en favor de la Agricultura Familiar. Dato . El Midagri, a través de Agroideas, ha aprobado hasta la fecha un total de 98 Planes de Negocio en la cadena productiva de cacao, cuya inversión involucra S/ 36.8 millones por parte del Estado, en beneficio de más de 6.900 productores agropecuarios. Las principales regiones atendidas son: Junín, San Martín, Huánuco, Piura, Amazonas, Ayacucho, Ucayali, Cajamarca, Madre de Dios, Pasco, Tumbes y Loreto.",agraria.pe/agronegocios,https://agraria.pe/noticias/agroideas-y-appcacao-firman-convenio-para-promover-instituci-25141
2021-08-13,Estados Unidos y Países Bajos concentran el 47% de las agroexportaciones peruanas en el primer semestre del 2021," En la primera mitad del 2021, las agroexportaciones peruanas (tradicionales + no tradicionales) sumaron US$ 3.427 millones, registrando un aumento de 20.9% frente a lo alcanzado en igual periodo del año interior. Así lo informó la Sociedad de Comercio Exterior del Perú (Comex Perú), quien detalló que, de enero a junio del presente año, los despachos agrícolas (tradicional) alcanzaron los US$ 127 millones (+5%), mientras que los envíos agropecuarios y/o agroindustriales ascendieron a US$ 3.300 millones (+21.6%). Detalló que los principales mercados a donde se dirigieron las agroexportaciones de Perú en el primer semestre del año fueron Estados Unidos que las adquirió por US$ 981 millones, mostrando un incremento de 10.7%, representando el 29% del total; y Países Bajos con compras por US$ 600 millones, reflejando un aumento de 26.4% y concentrando el 18% del total. Otros destinos importantes fueron España con despachos por US$ 251 millones (+20.4%) y participando con el 7% del total; Chile, US$ 190 millones (+86.6%) concentrando el 6%; Ecuador, US$ 134 millones (+6.1%) representando el 4%; Reino Unido, US$ 122 millones (+13.3%), entre otros. Exportaciones según vía de transporte El gremio de comercio internacional señaló que de enero a junio de este año las agroexportaciones peruanas se despacharon principalmente por vía marítima, sumando US$ 2.993 millones, mostrando un aumento de 21.4% en comparación a similares meses del 2020. Esta vía de transporte concentró el 87.3% del total de las agroexportaciones. Las carreteras fueron la segunda vía más importante por donde se despacharon las agroexportaciones peruanas, alcanzando los US$ 281 millones (+28.3%); seguida de la vía aérea con US$ 153 millones (+3%). Asimismo, detalló que los principales productos exportados vía marítima fueron paltas frescas por US$ 603 millones (+34.8%), uvas frescas por US$ 522 millones (+25%) y mangos frescos por US$ 193 millones (+4.7%). Por su parte, los principales productos despachados vía aérea fueron espárragos frescos o refrigerados, US$ 51 millones (-14.9%); mangos frescos, US$ 29 millones (+24.3%); semillas, frutos y esporas para siembra, US$ 10 millones (-9.1%). Mientras que vía terrestre destacaron preparaciones para alimentos de animales, US$ 81 millones (+10%); paltas frescas, US$ 62 millones (+308%); café sin descafeinar, sin tostar, US$ 11 millones (+146.9%). Productos agrícolas tradicionales En los primeros seis meses del presente año, los principales productos agrícolas (tradicionales) enviados fueron: Los demás cafés sin descafeinar, sin tostar, US$ 101 millones (+2.4%), concentrando el 79.5% de este subsector; demás azúcares de caña o remolacha refinados, US$14 millones (+2.9%); melaza de caña, US$ 3 millones (+73%); lana sin cardar ni peinar, sucia, esquilada, US$ 3 millones (-16%); azúcar en bruto sin adición de aromatizante ni colorante, US$ 2 millones (+9.9%). Además de algodón sin cardar ni peinar, de fibra > a 34.92 mm US$ 900 mil (+284.7%); café sin descafeinar, sin tostar, para siembra, US$ 800 mil; las demás lanas sin cardar ni peinar, sucia, US$ 700 mil (+464.2%); hojas de coca, US$ 500 mil; borras del peinado de lana o pelo fino, US$ 300 mil (+5.1%); otros, US$ 900 mil (-25.5%). Los principales mercados destinos de los envíos agrícolas (no tradicional) por parte de Perú fueron Estados Unidos, US$ 27 millones (+6%), concentrando el 21% del total; Colombia, US$ 24 millones (+35.8%), participando con el 19%; Alemania, US$ 15 millones (-25%), representando el 12%; Canadá, US$ 8 millones (+103.6%), 6% del total; Bélgica, US$ 8 millones (-39.8%), 6% del total; Corea del Sur, US$ 7 millones (+107.8%); otros, US$ 38 millones (+1.9%). Productos agropecuarios y/o agroindustriales (no tradicionales) Los principales productos agropecuarios y/o agroindustriales (no tradicionales) despachados de enero a junio del 2021 fueron Paltas frescas por US$ 667 millones (+43.8%); Uvas frescas, US$ 522 millones (+25%); Mangos frescos, US$ 232 millones (+8.3%); Espárragos frescos o refrigerados, US$133 millones (+13.7%); Mangos congelados, US$ 106 millones (+7%); Otros, US$ 1.640 millones (+17%). Los destinos más importantes fueron Estados Unidos con US$ 954 millones (+10.8%), concentró el 29% del total; Países Bajos, US$ 598 millones (+26.3%), participó con el 18% del total; España, US$ 250 millones (+21.4%), 8% del total; Chile, US$ 189 millones (+86.9%), 6% del total; Ecuador, US$130 millones (+4.7%), 4% del total; Reino Unido, US$ 120 millones (+15.7%); otros, US$ 1.060 millones (+25.5%).",agraria.pe/agronegocios,https://agraria.pe/noticias/estados-unidos-y-paises-bajos-concentran-el-47-de-las-agroex-25139
2021-08-12,Presidente Castillo propone industrializar la papa durante visita a Norandino," Durante su visita a Piura el presidente de la República, Pedro Castillo, acudió hasta las instalaciones del Complejo Agroindustrial de la Cooperativa Agraria Norandino. Santiago Paz López, gerente comercial de la organización, recibió al mandatario y lo guio a través de las plantas procesadoras de café, cacao y panela, las cuales usan tecnología de punta. “La tecnología ha abierto espacios a la sociedad, pero creemos que mientras se exporta, hay familias que están necesitando un bocado y qué bien que la persona que siembra la caña, el cacao o el café, hoy tenga estos espacios. Los felicito (a Norandino), por la organización y por impulsar el desarrollo”, declaró Castillo. En esa línea, lanzó una propuesta relacionada a un sector clave como el de la papa nacional: “Yo le estoy manifestando al compañero, al hermano Santiago (Paz López), que vayamos más allá, que seamos gestores para industrializar la papa; hagámoslo, empecemos por aquí, démosle espacio a los hermanos paperos, cuánta falta hace que el Gobierno, juntamente con los hombres que impulsan el desarrollo, nos sentemos a conversar, pero también, como siempre lo hemos dicho, con cosas claras, transparentes, que no se le explote al agricultor, al trabajador, solo así creeremos que hemos hablado el mismo lenguaje, porque detrás de cada uno de nosotros existe una familia que está esperando un pedazo de pan, educar a sus hijos, acceder a la salud”. Finalmente, el mandatario ponderó la recientemente aprobada ley de cooperativas como elemento clave para el desarrollo de estas organizaciones y de los agricultores que “no pueden ir por su propio camino aventurándose”.",agraria.pe/agronegocios,https://agraria.pe/noticias/presidente-castillo-propone-industrializar-la-papa-durante-v-25125
2021-08-11,Exportaciones peruanas de fruta sumaron US$ 2.601 millones en el primer semestre del año," En el primer semestre del año, las agroexportaciones peruanas (tradicionales y no tradicionales) sumaron US$ 3.448 millones, reflejando un incremento de 21.4% respecto al mismo período del año anterior (US$ 2.840 millones), informó el titular del Ministerio de Comercio Exterior y Turismo (Mincetur), Roberto Sánchez “El avance continuo de las agroexportaciones peruanas, a pesar de la pandemia por el Covid-19, nos hace prever que alcanzaremos un nuevo récord agroexportador a fin de año. Buscaremos, desde Mincetur, que los beneficios de la agroexportación se amplíen a toda la cadena productiva, incluido los pequeños agricultores y la agricultura familiar”, señaló. En los primeros seis meses del 2021, la evolución favorable de las agroexportaciones estuvo explicada por los envíos de frutas que sumaron US$ 2.061 millones, mostrado un incremento de +27%, destacando las mayores ventas de palta, uvas y arándanos. De igual manera, de enero a junio del 2021 los despachos de hortalizas por parte de Perú sumaron US$ 461 millones (+16.5%), debido a las mayores ventas de cebolla y espárrago (fresco y en conserva), y de jengibre (US$ 35 millones / +15%), cacao y derivados (US$ 124 millones / +18.5%) y café (US$ 102 millones / +2.6%).",agraria.pe/agronegocios,https://agraria.pe/noticias/exportaciones-peruanas-de-fruta-sumaron-us-2-601-millones-en-25117
2021-08-11,Perú exportó uva por más de US$ 521 millones en la primera mitad del 2021," En el primer semestre del presente año, los despachos de uva al exterior sumaron US$ 521.792.000, experimentando una variación positiva de 29.4% en comparación con el mismo periodo del año pasado (US$ 403.207.000), reportó la Gerencia de Agroexportaciones de la Asociación de Exportadores -ADEX). Estados Unidos con US$ 240.635.000, lideró los pedidos y concentró el 46% del total. Completaron el top five Hong Kong (US$ 80.603.000), Países Bajos (US$ 56.148.000), México (US$ 23.555.000) y China (US$ 21.749.000). Todos ellos incrementaron su demanda. De acuerdo a la coordinadora de Inteligencia Comercial del Centro de Investigación de Economía y Negocios Globales de la Asociación de Exportadores (CIEN-ADEX), Lizbeth Pumasunco Rivera, este producto, líder de las agroexportaciones peruanas, se caracteriza por su calidad, sabor y buen precio, por lo que recomendó identificar más compradores, participar en ruedas de negocio y ferias internacionales como la Expoalimentaria, y fortalecer a los integrantes de la cadena productiva. Perú, segundo exportador mundial de uva en 2020 ""Gracias a los acuerdos comerciales suscritos y el trabajo de los empresarios y Senasa (Servicio Nacional de Sanidad Agraria), la uva accedió a más mercados y fue así que en el 2020 Perú se posicionó como el segundo exportador mundial, después de China"", comentó. Efectivamente, según un informe del CIEN-ADEX, el año pasado la nación asiática exportó esa fruta por US$ 1.212.700.000, logrando una participación del 13.6% y un alza de 22.8%, mientras que Perú lo hizo por US$ 991.100.000, representando el 11.1% y experimentando un incremento de 22.1%. En tercer lugar se posicionó Chile con US$ 924.800.000, una concentración del 10.3% del total y una caída de -2.6%. El año pasado el mercado mundial de uvas ascendió a US$ 10.179.800.000, monto que significó un crecimiento de 5.8% respecto al año anterior. Estados Unidos fue el principal comprador mundial con el 18.5% del valor total (US$ 1.887.600.000), seguido de Países Bajos con el 8.1% (US$ 822.000.000) y Alemania con el 7.8% (US$ 789.700.000). Las exportaciones peruanas de uva acumularon US$ 1.034.400.000 el año pasado, principalmente en la presentación frescos (99.6% del total), seguida de jugos, jaleas y mermeladas con el 0.4% restante. Ica fue la región más importante al representar el 45% de las exportaciones totales con US$ 463.500.000, seguida de Piura con el 42% (US$ 431.000.000) y Lambayeque con el 5.7% (US$ 58.600.000). Envases El CIEN-ADEX detalló que la uva fresca se comercializa en una diversidad de envases; por ejemplo, en Estados Unidos se usan bolsas transparentes, y en algunos casos tienen impresos los detalles del producto. En Países Bajos, Reino Unido y Hong Kong es en cajas de plástico con agujeros y etiquetas pegadas. Precisó que el año pasado, el precio FOB promedio de la uva convencional fue de US$ 2.43 por kilo. Su precio máximo en Reino Unido fue US$ 3.24 en septiembre y el mínimo US$ 1.03 en marzo. Por su parte el de la uva orgánica fue de US$ 3.27 por kilo. El más alto fue en Reino Unido y Países Bajos (US$ 5.69 por kilo en noviembre) y el más bajo en EE.UU. (US$ 1.16 por kilo en noviembre). Los precios al consumidor varían en los supermercados según las distintas presentaciones. En julio del 2021, la uva verde –fresca y convencional– de 500 gr. registró un precio de US$ 4.50 en Estados Unidos (Walmart), la roja US$ 3.21 en Hong Kong (ParknShop) y la morada US$ 1.26 en Reino Unido (Tesco). Campaña 2020/2021 Según el Sistema de Inteligencia Comercial ADEX Data Trade, la exportación de uva alcanzó los US$ 1.122.274.000 en la campaña 2020-2021 (octubre-marzo), lo que significó un aumento de 24% respecto a la campaña anterior (US$ 907.965.000).",agraria.pe/agronegocios,https://agraria.pe/noticias/peru-exporto-uva-por-mas-de-us-521-millones-en-la-primera-mi-25115
2021-08-11,Virú se posicionó como la principal empresa agroexportadora de Perú en la primera mitad del 2021," En la primera mitad del 2021, las agroexportaciones peruanas (tradicionales + no tradicionales) sumaron US$ 3,427 millones, mostrando un incremento de 20.9% frente a los US$ 2.834.765.000, alcanzados en igual periodo del año pasado. Así lo informó la Sociedad de Comercio Exterior del Perú (ComexPerú), quien detalló que en los primeros seis meses del presente año, los despachos agrícolas (tradicionales) alcanzaron los US$ 127 millones, reflejando un aumento de 5% en comparación a los US$ 120.950.000 registrados en similar periodo del 2020 Por su parte, las exportaciones agropecuarias y/o agroindustriales (no tradicional) de enero a junio del 2021 ascendieron a US$ 3.300 millones, registrando un alza de +21.6% versus los US$ 2.713.815.000 obtenidos en los mismos meses del año anterior. Principales empresas agroexportadoras El gremio indicó que en el primer semestre del año, la principal empresa agroexportadora de Perú fue Virú S.A. con despachos por US$ 86.606.000, registrando un incremento de 14.55% frente a los US$ 75.603.000 alcanzados en el mismo periodo del año anterior, lo que le permitió escalar dos posiciones desplazando a Camposol y Vitapro en la cima. Camposol se ubicó en la segunda casilla del ranking con envíos por US$ 85.071.000, mostrando una contracción de -0.17% en comparación a los US$ 85.217.000. La empresa agroindustrial retrocedió una posición y con eso dejó la punta de la tabla que lideró durante mucho tiempo. En tercera ubicación se encuentra Vitapro con exportaciones por US$ 83.727.000, notándose un aumento de 6.97% versus los US$ 78.274.000. A pesar de seguir creciendo, la empresa cayó una posición en el ranking agroexportador. Corporación Danper y Westfalia Fruit Perú se ubicaron en el puesto cuarto y quinto del ranking respectivamente, manteniendo sus ubicaciones respecto a enero-junio del 2020. La primera realizó despachos por US$ 77.730.000 (+10.91%), y la segunda US$ 63.926.000 (+34.13%). Avocado Packing Company se posición en la sexta posición de la tabla con envíos por US$ 55.335.000, mostrando un incremento de 115.48% frente a los US$ 25.679.000 alcanzados en el primer semestre del 2020 y que lo ubicó en el puesto 15. La empresa avanzó 9 casillas. El séptimo y octavo lugar son para Complejo Agroindustrial Beta y Procesadora Larán, respectivamente. La primera hizo envíos por US$ 54.366.000 (+33.92) manteniendo su misma ubicación; y la segunda realizó despachos por US$ 49.889.000 (+6.46%), bajando dos posiciones. Agrícola Andrea con exportaciones por US$ 48.409.000 (+39.34%) se adueñó de la novena casilla, avanzando dos posiciones; y Machu Picchu Foods con despachos por US$ 47.044.000 (+20.60%) se ubicó en el puesto 10 del ranking agroexportador, retrocediendo un lugar en el ranking. Esta última empresa es la mejor ubicada entre las que comercializan productos agrícolas tradicionales.",agraria.pe/agronegocios,https://agraria.pe/noticias/viru-se-posiciono-como-la-principal-empresa-agroexportadora--25111
2021-08-09,Agroexportaciones no tradicionales crecieron 23.4% en la primera mitad del presente año," En el primer semestre del año, las exportaciones peruanas sumaron US$ 24.334 millones, registrando un incremento de 48.3% respecto al mismo periodo del 2020 (US$ 16.413 millones), principalmente por la mayor demanda de algunos productos como el cobre, oro, hierro y harina de pescado, informó la Asociación de Exportadores (ADEX). El presidente del gremio empresarial, Erik Fischer Llanos, detalló que suman 10 meses consecutivos de crecimiento, sin embargo, mostró su preocupación por la actual coyuntura política, la cual genera desconfianza en los agentes económicos. ""Un diálogo público-privado e interlocutores con experiencia y conocimiento de sus sectores permitirá poner en marcha acciones concretas y ayudará a reducir la incertidumbre. El tejido productivo peruano necesita estabilidad y seguridad para seguir aportando al desarrollo social, económico y sostenible del país"", remarcó Refiriéndose al detalle mensual de los despachos, Fischer expresó que las tasas se mantienen altas debido a la baja base de comparación del año pasado por la crisis del Covid-19; al respecto detalló que los despachos crecieron 17.1% en enero, 22.7% en febrero, 49.9% en marzo, 108.4% en abril, 107.2% en mayo y 36.7% en junio, aunque señaló que el monto de junio último (US$ 3.7 millones) es menor al del mismo mes del 2019, es decir, antes de la pandemia. Tradicionales y no tradicionales En un informe sobre las exportaciones de enero a junio, el Centro de Investigación de Economía y Negocios Globales CIEN-ADEX, señaló que los despachos tradicionales sumaron US$ 17.227 millones, registrando un alza de 51.4% por el buen comportamiento del sector minero al concentrar el 61% del total. En los primeros seis meses del presente año, los envíos del agro primario ascendieron a US$130.100. registrando un crecimiento de 9.9%, respecto a igual periodo del 2020. Por su parte, los envíos no tradicionales en los primeros seis meses del 2021 alcanzaron los US$ 7.106 millones, mostrando un incremento 41.1% gracias al buen desempeño de todos sus subsectores, especialmente la agroindustria. Precisamente las exportaciones agropecuarias y/o agroindustriales sumaron US$ 3.300 millones, notándose un aumento de 23.4%, frente a iguales meses del año pasado, esto debido a la mayor demanda de paltas, uvas, mangos frescos o secos y pota congelada.",agraria.pe/agronegocios,https://agraria.pe/noticias/agroexportaciones-no-tradicionales-crecieron-23-4-en-la-prim-25082
2021-08-05,Agroexportación y turismo son motores de la economía," El ministro de Comercio Exterior y Turismo, Roberto Sánchez, señaló que el Gobierno peruano busca que la agroexportación y el turismo sean importantes motores de la economía peruana. El titular del Mincetur sostuvo que se impulsará el comercio exterior del Perú, aprovechando al máximo los Tratados de Libre Comercio (TLC) y articulando con otros sectores, como Agricultura y Transporte, para elevar las exportaciones nacionales. Se impulsará, además, a las economías locales un enfoque de inclusión, valor agregado y asociatividad para que los pequeños productores puedan beneficiarse de la dinámica de la exportación. “Este impulso a las economías locales promoverá la articulación de los pequeños productores con la mediana y gran empresa, así como a la transferencia tecnológica, para que puedan comercializar directamente con el exterior”, señaló. Roberto Sánchez brindó estas declaraciones durante su visita de trabajo a la empresa agroexportadora Danper en La Libertad, donde destacó la labor de sus trabajadores y la importante producción de arándanos. El trabajo con justicia impulsa la producción y el bienestar, dijo. También realizó reuniones con diversos gremios. En el caso de Comercio Exterior, participaron representantes de la Junta de Usuarios de Riego Presurizado del distrito de Riego Moche Virú Chao, CERX La Libertad, la Asociación de Propietarios de Tierras de Chavimochic, Mission Produce, la Asociación de Juntas de Usuarios de Agua de La Libertad, el Terminal Portuario de Salaverry, Senasa La Libertad y la Junta de Usuarios de Riego del distrito de Chao. Finalmente, el titular del Mincetur sostuvo una reunión con los sindicatos de trabajadores de la agroexportación. Fuente: andina.pe",agraria.pe/agronegocios,https://agraria.pe/noticias/agroexportacion-y-turismo-son-motores-de-la-economia-25060
2021-08-03,Programas de Agro Rural beneficiaron a 300.000 productores de la agricultura familiar," En más de 40 años, Agro Rural, unidad ejecutora del Ministerio de Desarrollo Agrario y Riego (Midagri), ha mejorado la calidad de vida de más de 300,000 pequeños agricultores, mediante planes y políticas de desarrollo rural, implementadas en los lugares más recónditos del Perú. Desde el inicio del Gobierno de transición hasta la fecha, los pequeños agricultores de zonas rurales han sido beneficiados desde Agro Rural, con acciones relacionadas a la implementación de Mercados Midagri De la Chacra a la Olla, construcción de cobertizos y fitotoldos, entrega de kits agrícolas y pecuarios. Asimismo, asistencia técnica y entrega de semillas para piso forrajero, comercialización y distribución de guano de las islas, a precio social; además de la intervención con proyectos de cofinanciamiento como PDTS Vraem y Avanzar Rural, entre otros. “En el Bicentenario del Perú hemos renovado y repotenciado nuestra visión hacia un enfoque de cadenas de valor, con mayor articulación con los gobiernos locales y regionales, además del sector privado para lograr un desarrollo empresarial, sostenible y con acceso a nuevos mercados, fomentando el crecimiento de la agricultura familiar”, afirmó la directora ejecutiva de Agro Rural, Roxana Orrego Moya. Agregó que por ello se viene descentralizando y fortaleciendo las capacidades de las Direcciones Regionales y Agencias Agrarias mediante proyectos de inversión, con el objetivo de ampliar y mejorar los servicios agrarios, en especial de familias rurales dedicadas a la agricultura familiar para un desarrollo productivo sostenible en sus economías. En ese sentido, recientemente se dio inicio al I Concurso SEAR- Servicios de Extensión Agrario Rural, cuyas bases se encuentran en la web institucional (https://www.agrorural.gob.pe/convocatoria-sear/), el cual busca financiar 500 proyectos de extensión agraria en cultivos, crianza, forestal y/o agroindustria, entre otros. En su primera etapa se busca atender a 5 agencias agrarias por Dirección Regional Agraria, para lo que se tiene instaladas un total de 55 agencias agrarias distribuidas en Amazonas, Piura, Cajamarca, La Libertad, San Martín, Huancavelica, Junín, Ayacucho, Cusco, Arequipa y Apurímac. Servicios de protección agrícola y pecuaria Mediante la entrega de kits veterinarios, de abono foliar, de aplicación foliar, de conservación de forraje y para la protección de cultivos, así como con la construcción y entrega de fitotoldos, se ha atendido a 54.313 pequeños productores agropecuarios rurales. A la vez, 1.480 pequeños ganaderos han sido beneficiados con la construcción y entrega de cobertizos para la protección de más de 14 mil cabezas de ganado, principal fuente de ingresos; y 143.164 productores recibieron semillas de pastos y asistencia técnica para asegurar el piso forrajero de sus animales (provisión de alimento). Impulso a la agricultura familiar orgánica Para impulsar el desarrollo y la práctica de la agricultura familiar orgánica a escala nacional, se viene fortaleciendo las capacidades de promotores locales y agricultores de diversas cadenas productivas, acercando así el guano de las islas a precio social a 38.985 productores agropecuarios, quienes vienen aplicando este potente abono en cultivos de papa, quinua, palto, café, cacao, entre otros. Del mismo modo, la entidad certificadora, CAAE América (entidad de referencia en Certificación Orgánica y Agroalimentaria en Europa), especializada en producción agrícola y orgánica, entregó a Agro Rural 8 certificaciones orgánicas con vigencia de 1 año, con el objetivo de que el cultivo que esté abonado con este guano de las islas, tenga proyección a la agroexportación a Europa, Estados Unidos y Japón. Cofinanciamiento a emprendimientos rurales Apostando por un empoderamiento de la mujer rural, asociatividad e inclusión de comunidades campesinas y nativas, mediante sus proyectos PDTS (Proyecto de Desarrollo Territorial Sostenible) VRAEM y Avanzar Rural, se ha cofinanciado a 16.777 productores para poner en marcha planes de emprendimientos rurales referidos al cultivo de café, cacao, papas nativas, paltos, crianza de animales (cuyes ,gallinas, peces, ovinos, porcinos), trabajos de fibra de alpaca, producción de lácteos y derivados, entre otros. Reactivación económica A fin de contribuir con la reactivación económica de productores de la agricultura familiar y el abastecimiento de alimentos a precios justos, sin intermediarios, se han realizado en todo el país 1.826 Mercados Midagri De la Chacra a la Olla, con la participación de 44.974 productores. Fuente: Andina",agraria.pe/agronegocios,https://agraria.pe/noticias/programas-de-agro-rural-beneficiaron-a-300-000-productores-d-25042
2021-08-03,IPEX organiza curso virtual sobre agronegocios de vainilla," El Instituto Peruano de Agroexportaciones (IPEX) realizará del 19 al 21 de agosto el curso on line “Agronegocio de la Vainilla: nueva oportunidad de inversión”. El objetivo del curso es proporcionar a los participantes la información necesaria sobre el agronegocio integral de la vainilla, con un enfoque práctico desde su manejo agronómico, valor agregado y mercados internacionales. El curso está dirigido a técnicos, agrónomos, empresarios, emprendedores y toda persona relacionada o interesada en incursionar o conocer el potencial de este cultivo. Durante el curso se abordarán temas como el mercado internacional de la vainilla (Tendencias del mercado americano y asiático; Precios internacionales; Principales exportadores e importadores de vainilla; Ficha técnica de la vainilla; Negociación FOB y CIF, régimen arancelario; Errores frecuentes en la exportación e importación de vainilla). Así como el Plan de manejo de la vainilla (Origen de material genético; Caracterización morfológica; Investigación de las bondades funcionales de la vainilla planifolia; Factores agroclimáticos; Efectos de la intensidad lumínica sobre la morfología y fotosíntesis; Polinización y su importancia en el rendimiento; Propagación asexual; Establecimiento, Sistema de conducción; Riego y su estimación con sensores; Nutrición, determinación digital de N-P-K, sustratos, contenedores; Efectos de la fertilización en floración y fructificación; Sensores digitales para la toma variables; Plagas y enfermedades identificación y control; Cosecha y poscosecha; e Industrialización de la vainilla). Los expositores serán: Miguel Ramírez Pineda, Licenciado en Administración con Estudios de Maestría en Dirección Estratégica en Marketing (UEA de España). Docente USIL, Asesor y miembro de Cámara de Comercio de Lima (CCL). Especialista en Marketing y Negociaciones Internacionales. Actual Gerente Comercial del Instituto Peruano de Agroexportadores (IPEX). Además de Carlos Villanueva Mendoza, consultor internacional en Agronegocios, cultivo, genética y cosecha. Agrónomo egresado de la UNALM, con especialización en Drones para la Agricultura de la PUC. Ex-Asesor técnico del Diccionario Agroquímicos y orgánico PLM. Autor de libros en agronegocios. Es CEO y fundador del Instituto Peruano de Agroexportadores (IPEX). Dato . Para mayor información del curso comuníquese al correo: info@ipexperu.org",agraria.pe/agronegocios,https://agraria.pe/noticias/ipex-organiza-curso-virtual-sobre-agronegocios-de-vainilla-25036
2021-08-03,Agroexportaciones concentran el 46.7% del total de puestos de trabajo generados por exportaciones totales de Perú en los primeros cinco meses del año," Entre enero y mayo de este año, las exportaciones mantuvieron un stock de 1.246.634 puestos de trabajo (entre directos, indirectos e inducidos), reflejando una variación positiva de 33.7% (314.406 empleos más) respecto a los 932.228 puestos de trabajo alcanzados en el mismo periodo del 2020, reportó el Centro de Investigación de Economía y Negocios Globales de la Asociación de Exportadores CIEN-ADEX. El gremio empresarial informó que estas cifras superaron a las registradas antes de la pandemia, cuando el sector fue fuertemente afectado por las medidas del estado de emergencia. Si se compara con enero-mayo del 2019 (1.148.698), el incremento fue de 8.5%. La entidad detalló que en los primeros cinco meses del presente año, los empleos directos asociados a las exportaciones ascendieron a 394.882, es decir 98.004 puestos de trabajo más respecto a igual periodo del año pasado; los empleos indirectos sumaron 183.426 (51.684 empleos más); y los empleos inducidos alcanzaron los 668.326 (164.718 empleos más). Agregó que el stock de puestos de trabajo generados por la oferta primaria fue de 413.440, lo cual significó un aumento de 38.7% (115.278 empleos más), y por la no tradicional con 833.194, creciendo 31.4% (199.128 empleos más). Ambas representaron el 33.2% y el 66.8%, respectivamente. Entre enero y mayo del 2021, la agroindustria registró un stock de 535.889 puestos de trabajo (entre directos, indirectos e inducidos), registrando un aumento de 18.4% (83.112 empleos más), gracias a los mayores despachos de superfoods, segmento que crea más puestos de trabajo a lo largo de todas las cadenas productivas. Este sector generó el 43% del total de los puestos laborales durante el periodo analizado. Los empleos directos asociados a las exportaciones de este sector ascendieron a 171.064, es decir 64.387 puestos de trabajo más respecto a igual periodo del año pasado; los empleos indirectos sumaron 73.019 (11.325 empleos más); y los empleos inducidos alcanzaron los 291.806 (45.257empleos más) Por su parte, el agro tradicional generó un stock de 46.201 puestos laborales (entre directos, indirectos e inducidos), mostrando un aumento de 2.8% (1.277 empleos más). Este sector concentró el 3.7% del total de los puestos de trabajo generados por las exportaciones totales de enero a mayo. Los empleos directos asociados a las exportaciones de este sector ascendieron a 15.792, es decir 436 puestos de trabajo más respecto a igual periodo del año pasado; los empleos indirectos sumaron 4.273 (118 empleos más); y los empleos inducidos alcanzaron los 26,136 (722 empleos más). Solo en mayo ADEX indicó que en mayo de 2021, el número de puestos de trabajo asociados a las exportaciones peruanas totales se situaron en 250.210, lo que representó un incremento de 64.1% (97.699 empleos más) respecto al mismo mes del año anterior. Las exportaciones tradicionales representaron el 33% y las no tradicionales el 67%. Solo en ese mes, el número de puestos de trabajo asociados a las exportaciones peruanas tradicionales sumaron 82.459, registrando un aumento de 83.2% (37.438 empleos más) frente a lo registrado en mayo del 2020; mientras que el número de puestos laborales asociados a las exportaciones peruanas no tradicionales sumaron 167.751 registrando un aumento de 56.1% (60.261 empleos más) en comparación a lo registrado en igual mes del año anterior. En mayo del 2021 la agroindustria generó 103.091 puestos de trabajo (directos, indirectos y diferidos) mostrando un incremento de 22.7% (19.097 empleos más que en mayo del 2020). Por su parte, el agro tradicional generó un stock de 7.443 puestos laborales, mostrando una reducción de -23.9% (es decir 2.333 empleos menos). Datos . El informe del CIEN-ADEX detalló que un total de 22 regiones del país mejoraron su empleabilidad ligada a la exportación: Lima con 326.993 puestos de trabajo, seguida por Ica (210.898), Piura (134.175) y La Libertad (100.038), todas ellas con fuerte presencia de la agroindustria. . En contraste, Huánuco (571) y Huancavelica (1.756) en la zona andina; y Loreto (959) y Madre de Dios (1.985) en la Amazonía, fueron las que menos empleos registraron entre enero y mayo de este año.",agraria.pe/agronegocios,https://agraria.pe/noticias/agroexportaciones-concentran-el-46-7-del-total-de-puestos-de-25035
2021-07-23,Agroideas aprobó 262 planes de negocio de la cadena productiva de leche en favor de 8 mil productores," El titular del Ministerio de Desarrollo Agrario y Riego (Midagri), Federico Tenorio, manifestó que a través del programa Agroideas el sector impulsa la gestión empresarial y la asociatividad para el desarrollo de la Agricultura Familiar. A su arribo a Otuzco (La Libertad), el ministro lideró la inauguración de la planta procesadora de lácteos de la Asociación de Pequeños Productores Agropecuarios Perla del Paraíso, cuyos miembros accedieron al cofinanciamiento de un Plan de Negocio para la adopción de tecnología del programa Agroideas. Tenorio puntualizó que dicho programa del sector aprobó 262 planes de negocio de la cadena productiva de leche, en favor de 8 mil productores de las regiones de Cajamarca, Puno, San Martín, Amazonas, Apurímac, Arequipa, Ayacucho, entre otras, con una inversión de S/ 87.7 millones por parte del Estado y S/ 26.5 millones por parte de las organizaciones agrarias. En su discurso, el titular del Midagri resaltó la importancia de articular las acciones del gobierno nacional con el gobierno regional y autoridades locales para fortalecer la agenda agraria y a las asociaciones de productores, conducentes a elevar la calidad de la producción de cultivos y la crianza de animales, lo que redundará en mayores ingresos a las familias campesinas. Con ese propósito, Tenorio puntualizó el trabajo desarrollado por el programa Agroideas a nivel nacional, con la promoción de esquemas de gestión empresarial y asociatividad para el desarrollo de la Agricultura Familiar, que involucra al 87 por ciento de las 2.2 millones de unidades agrarias. Planta de lácteos El ministro expresó que la Asociación de Pequeños Productores Agropecuarios Perla del Paraíso, ubicada en el distrito de Agallpampa, en Otuzco, está conformada por 24 familias ganaderas, y que desde el 2019 decidieron cambiar su trabajo artesanal por el esquema industrial con apoyo de Agroideas, a fin de elevar los estándares de producción de sus quesos, yogures frutados, manjar blanco y mantequilla, que son comercializados con la marca “Perla del Paraíso”. Este proyecto involucró una inversión total de S/ 488.683, siendo S/ 390.946 el aporte de Agroideas y S/ 97.736 como contrapartida financiada por la organización agraria para la construcción de la planta. Además, se instalaron maquinarias como un caldero, un compresor de aire, tanque de frío de 1000 litros, una tina quesera circular y una tina de pre prensado, una descremadora de leche, una batidora de mantequilla, yogurtera de 200 litros, una empacadora al vacío e insumos. La adopción de tecnología permitirá a los agricultores diversificar la producción de su leche, que es acopiada a 3200 m.s.n.m. Del mismo modo, el Midagri, a través de la Dirección General de Desarrollo Ganadero, con el apoyo del proyecto Andes Resilientes al Cambio Climático, financiado por la Cooperación Suiza Cosude, mediante el consorcio Helveta, realizaron capacitaciones a los maestros queseros de esta organización, con la finalidad de perfeccionar sus técnicas de producción. “Felicitamos el compromiso y dedicación de los pequeños productores de Perla del Paraíso y al Midagri, por seguir impulsando una ganadería sostenible y resiliente al cambio climático desde la agricultura familiar. Cuenten con la Cooperación Suiza para continuar en este camino”, declaró el embajador de Suiza, Markus-Alexander Antonietti, quien estuvo presente en la ceremonia.",agraria.pe/agronegocios,https://agraria.pe/noticias/agroideas-aprobo-262-planes-de-negocio-de-la-cadena-producti-24969
2021-07-23,"AGAP: “Tenemos que mejorar el clima para hacer negocios, incorporar al pequeño productor y mejorar la regulación”"," La Asociación de Gremios Productores Agrarios del Perú (AGAP) está comprometida en trabajar junto al nuevo Gobierno para impulsar el desarrollo del sector agrario en nuestro país. Gabriel Amaro Alzamora, director ejecutivo de AGAP, indicó que lo primero que requiere el país es estabilidad jurídica y paz social. “Si no hay seguridad jurídica y paz social se crea un clima de inestabilidad e inseguridad para cualquier tipo de inversión sea pequeña, mediana o grande”. Indicó que desde AGAP reciben con mucha esperanza al nuevo gobierno en el sentido de que va a continuar una ruta de crecimiento y desarrollo, sobre todo porque parte de la agenda que promovió constantemente en la contienda electoral fue precisamente el sector agrario. Al respecto, dijo que dentro del sector agrario si bien existe una agricultura moderna, formal, desarrollada, que ha podido acceder y conectarse a los principales mercados del mundo (hoy en día estamos en más de 150 países del mundo con productos agrarios peruanos), todavía hay un trabajo importante por hacer con los pequeños agricultores. “Existen 2.2 millones de agricultores que no están conectados a las cadenas modernas, formal tanto nacional como internacional y a ellos hay que ayudar a que tengan un acompañamiento con diversos programas del Estado que los ayude a tener créditos de manera continua, asistencia técnica, I+D+i; fortalecimiento de las juntas de usuarios de agua, fortalecer la ANA y el Senasa, modernizar el INIA, con el objetivo de aumentar su productividad y de esa manera elevar su competitividad”, sostuvo. Agregó que la mejora del modelo de asociatividad es fundamental, para ello es necesario capacitarlos y acompañarlos a su implementación para que funcionen como empresas, con indicadores, con gerencias independientes, y con metas para que de esa manera puedan conseguir volumen entre los asociados y poder ingresar con una mejor oferta y mantenerse en el mercado. “El objetivo de la empresa es producir para colocar su producto en el mercado y tener una rentabilidad. Estos modelos asociativos tienen que obtener el margen suficiente que les permita recuperar su inversión y continuar con esta rueda productiva sostenible”, comentó Señaló que el Estado debe apoyar al pequeño productor para que alcance la formalidad, porque no solo deben mejorar sus rendimientos productivos sino también contar con trabajadores en planilla, cumplir con la regulación ambiental, la regulación tributaria, entre otros. Asimismo, señaló que el gobierno tiene que garantizar la propiedad privada, por lo que es su deber ayudar a formalizar la propiedad agraria a los que no la tienen regularizada porque esa es la fuente de financiamiento. Amaro Alzamora recordó que la agricultura constituye el 57% de la actividad económica rural y es donde se concentra la mayor parte de la PEA, son 4 millones de personas que laboran en este sector (según la OIT en el mundo, el 30% de la PEA trabaja en el sector agrario). Otra ventaja, dijo, es que la agroexportación se va extendiendo a la sierra del país, por eso es importante incorporar a los pequeños agricultores de dicha región. Recordó que el 67% de todas las unidades productivas en Perú están en la sierra. Normatividad Gabriel Amaro resaltó que el nuevo gobierno debe hacer una reingeniería de toda la normativa peruana que ha venido degradándose en el tiempo, convirtiéndonos en un país poco competitivo con sobrecostos ficticios. Detalló que el Foro Económico Mundial -principal indicador mundial de competitividad- muestra que Perú descendió 2 posiciones entre el 2018 al 2019, ubicándonos actualmente en el puesto 65 de 141 países. “Nuestra posición es lamentable en competitividad, y eso se soluciona fortaleciendo las instituciones, mejorando la regulación, eliminando sobrecostos”. Precisamente, manifestó que una regulación a mejorar es la Ley Agraria, que tiene una serie de problemas estructurales y está impidiendo la captación de capitales en el sector. Al respecto, indicó que el crecimiento económico se hace en el marco de un clima favorable para la inversión y eso pasa de todas maneras por mejorar la regulación. Detalló que en la actual ley agraria el pago de Impuesto a la Renta irá incrementándose gradualmente hasta alcanzar el 30% al 2031 (en la Ley de Promoción Agraria derogada en diciembre del 2020 el impuesto a la renta era de 15%), cuando en Colombia dicho impuesto es 0%, lo que hace a nuestro país menos competitivo. “La consecuencia inmediata de esta ley agraria para Perú es que habrá una menor recaudación de impuesto (a pesar de que se aumente la tasa), las inversiones se paralizan y habrá menos generación de empleo. Y cuando hay menos generación de empleo hay menos movimiento económico en las regiones, sobre todo en las zonas rurales que es donde más carencias tiene la población”, aseveró. Explicó que cuando se interviene un mercado el riesgo que se tiene es la generación de sobrecostos ficticios y ese mercado se resiente, lo que provoca que las inversiones se paralicen o posterguen porque ya no es muy rentable, y esto ya se viene sintiendo en el sector. “Las empresas evalúan su permanencia porque ya no es rentable y comienzan a estudiar dónde es más competitivo producir y migran su inversión al país que le otorgue las mejores condiciones, esto ya se aprecia en Perú donde muchas empresas están invirtiendo en otros países de la región, generando un tremendo problema en el sector nacional”. El otro aspecto a considerar en la actual norma, indicó, es que no se puede incrementar el jornal agrario por ley, porque se interviene el libre mercado laboral, para eso existe la Remuneración Mínima Vital (RMV). Exportaciones alcanzarían al menos los US$ 8.000 millones este año En otro momento, el director ejecutivo de AGAP, señaló que este año las agroexportaciones peruanas alcanzarían al menos los US$ 8.000 millones; cifra alentadora pero no del todo conforme ya que se pudo crecer más (la meta establecida hace 5 años fue que las agroexportaciones alcancen los US$ 10.000 millones en el 2021). En ese sentido reiteró la necesidad de mejorar el clima para hacer negocios. Además, es importante seguir abriendo mercados en el mundo para nuestros productos agrícolas, para ello es necesario seguir firmando acuerdos comerciales. Al respecto, saludó la ratificación del Acuerdo Transpacífico de Cooperación Económica, actualmente Tratado Integral y Progresivo de Asociación Transpacífico (TPP) con 11 países de la cuenca del Pacífico. “Es importante continuar esa ruta de firmas de acuerdo de TLC porque la intensificación del comercio va a permitir que nuestro país donde habitan 33 millones de personas acceda a un mercado de más de 6.000 millones, esa es la ruta de crecimiento del país”, sostuvo. Indicó que Asia es un continente que nuestro país recién está explorando, por lo que se tienen muchos productos en cartera que se viene trabajando de manera conjunta entre el sector público y privado. “La exportación agraria es el único sector exportador que requiere el acompañamiento del Estado porque hasta para sacar el producto se requiere un certificado fitosanitario que te lo da el Senasa. El trabajo conjunto público-privado de acceso a mercados es importante”. “Son varios frentes que tenemos que atacar y necesitamos un gobierno que acompañe ese crecimiento competitivo del país para ser potencia mundial. Hoy estamos en el puesto 12 en el ranking mundial de proveedores de frutas y hortalizas frescas cuando en el 2019 nos ubicábamos en el puesto 13, y si no seguimos buscando competitividad vamos a perder posición y mercados, no podemos dormirnos, debemos seguir mejorando para mantenernos en el estatus que tiene Perú en el sector agrícola mundial”, manifestó. Amaro Alzamora dijo que actualmente vienen trabajando con el Senasa el acceso de la Cereza a Estados Unidos, Unión Europea, Gran Bretaña y China; además de facilitar el acceso de material genético y las pruebas internas. Otros nuevos cultivos en los que viene incursionando Perú son pitahaya, pecana, kaki. “Hay muchos productos que podemos seguir desarrollando y están pidiendo los mercados, además de otras variedades de frutas u hortalizas de las que ya tenemos como nuevas variedades de arándanos, uvas”. “Estamos a disposición del nuevo gobierno, tenemos varias fórmulas y propuestas para incorporar al pequeño productor a las cadenas modernas y fortalecer las cadenas actuales. Estamos esperando el cambio de Gobierno y la designación de los nuevos ministros, que deben ser totalmente ejecutivos, trabajar mediante indicadores de crecimiento y mejoras de sus carteras”, finalizó. Dato . Sobre el próximo reinicio de operaciones del Proyecto de Irrigación Majes Siguas II, el director ejecutivo de AGAP dijo que es una buena señal, pero a ello se debe sumar la mejora de la regulación para ser más competitivo. “Si se van a incorporar nuevas áreas de producción a través de los proyectos de irrigación (son 9 proyectos en lista que incrementarían la frontera agrícola en 450 mil hectáreas, entre nuevas y mejoradas; hoy el agro moderno se ha desarrollado en 200 mil hectáreas), se triplicará la producción actual. Para poder desarrollar esas hectáreas tenemos que mejorar la regulación”.",agraria.pe/agronegocios,https://agraria.pe/noticias/agap-tenemos-que-mejorar-el-clima-para-hacer-negocios-incorp-24959
2021-07-22,Agroexportaciones peruanas crecieron en valor 19% en los primeros 5 meses del año," Entre enero y mayo de este año las agroexportaciones peruanas sumaron ventas por US$ 2.852 millones, lo que representó un aumento de 19% en comparación a similar periodo del año pasado, informó el Ministerio de Desarrollo Agrario y Riego (Midagri). En los primeros cinco meses del año, las exportaciones agrarias tradicionales alcanzaron los US$ 86 millones, mientras las exportaciones no tradicionales llegaron a los US$ 2,276 millones, esta última cifra significó un aumento de 20% en comparación a similar periodo del año 2020. Los productos no tradicionales cuyas ventas resaltaron entre enero-mayo fueron uva fresca con US$ 465 millones (17% de participación); la palta fresca, US$ 463 millones (17% de participación); mango fresco, US$ 226 millones (8.1%); mango congelado, US$ 100 millones (3.6%); espárrago fresco, US$ 96 millones (3.5%); las demás frutas, US$ 79 millones (2.8%); preparaciones utilizadas para la alimentación de animales, US$ 69 millones (2.5%); y bananas frescas, US$ 65 millones (2.4%). También debe citarse el buen desempeño de las colocaciones de arándanos por US$ 59 millones (2.1% de participación); los demás cacaos en grano, US$ 41 millones (1.5%); espárragos preparados, US$ 40 millones (1.5%); las demás quinuas, US$ 38 millones (1.4%); mandarinas, US$ 36 millones (1.3%); y las demás páprikas, US$ 32 millones (1.2%). Los productos con mayor contribución al crecimiento del periodo enero-mayo fueron: palta fresca (+49% de crecimiento), uvas frescas (+15%), arándanos (+76%), demás preparaciones alimenticias de harina sémola, almidón, fécula o extracto de malta (+3.230%), las demás frutas (+28%), espárrago fresco (+21%), cebollas y chalotes frescos (+120%), mango fresco (+6,3%), pelo fino cardado o peinado de alpaca o de llama (+82%) y tara en polvo (+105%). Sin duda, se debe resaltar las mayores colocaciones de frutas y hortalizas en los cinco meses iniciales de este año, cuyas ventas alcanzaron los US$ 1.786 millones (64% de las agroexportaciones no tradicionales), cifra que representó un aumento de 24% respecto a similar periodo del 2020. Los principales países de destino de las agroexportaciones peruanas de enero a mayo del 2021 fueron Estados Unidos que concentró el 27% del total; Holanda, 19%; España, 7%; Chile, 5%; Ecuador, 4%; China, 4%; Inglaterra, 3%; Hong Kong, 3%; México, 2% y Corea del Sur, 2%. Estos diez países concentraron el 76% del total del valor FOB exportado en los cinco primeros meses del año. Solo mayo Solo en el mes de mayo, las agroexportaciones totalizaron ventas por US$ 593 millones, lo que significó un crecimiento de 31% en comparación a los US$ 453 millones registrados durante el mismo mes del 2020. Ese mes, las agroexportaciones tradicionales representaron el 3%, mientras las no tradicionales el 97% restante. Las agroexportaciones no tradicionales en mayo sumaron US$ 577 millones, cifra 33% mayor a lo observado en similar mes del 2020. Los principales productos del ranking agroexportador no tradicional fueron: paltas frescas (34% de participación), espárragos frescos (4.7%), mandarinas (3.8%) y preparaciones utilizadas para la alimentación de los animales (2.9%). Asimismo, se contabilizan las bananas, incluidos los plátanos tipo ""cavendish valery"" frescos (2.4% de participación), demás frutas frescas (2.1%), alcohol etílico s/ desnaturalizar (2.1%), mangos congelados (1.6%), espárragos preparados (1.5%), los demás tipos de quinua (1.4%). Estos 10 productos en conjunto concentran el 57% del total de productos no tradicionales exportados. De otro lado, entre los productos no tradicionales que registraron crecimiento positivo destacan, las paltas frescas con US$ 196 millones (+34% de crecimiento); alcohol etílico s/ desnaturalizar, US$ 12 millones (+99%); demás preparaciones alimenticias de harina sémola, almidón, fécula o extracto de malta, US$ 5.1 millones (+2.573%); galletas dulces, US$ 6.3 millones (+198%); espárragos frescos, US$ 27 millones (+18%); pelo fino cardado o peinado de alpaca o de llama, US$ 4.7 millones (+434%), entre otros. Asimismo, en el periodo enero-mayo, la balanza comercial agraria registró un superávit de US$ 400 millones, derivado de un volumen de importaciones agrarias de US$ 2.462 millones FOB, frente a las exportaciones agrarias que llegaron a registrar ventas por US$ 2.862 millones FOB.",agraria.pe/agronegocios,https://agraria.pe/noticias/agroexportaciones-peruanas-crecieron-en-valor-19-en-los-prim-24952
2021-07-19,"En Perú se destinaban 150 millones de pollos al año a la preparación de pollo a la brasa, pero este año serán 145 millones"," En épocas prepandemia, en nuestro país se destinaban 150 millones de pollos a la preparación de pollo a la brasa, sin embargo, este año se prevé que se alcanzarán los 145 millones de pollos a la preparación de ese platillo. Así lo indicó el coordinador de la cadena de aves y huevos del Ministerio de Desarrollo Agrario y Riego (Midagri) Enrique Gutiérrez, quien destacó que el consumo de pollo a la brasa significa el 2% del Producto Bruto Interno (PBI) peruano. Destacó que el pollo a la brasa peruano ya es una franquicia de nivel internacional, debido a que se está expandiendo y comercializando en países como Estados Unidos, Argentina, Venezuela, Chile, Bolivia, Brasil, Canadá, Ecuador, España, Japón, China e incluso los Emiratos Árabes Unidos, entre otros. Agregó que en Perú existen aproximadamente unas 13.000 pollerías a la brasa, siendo Lima la región que cuenta con el mayor número de locales. De acuerdo a la Asociación Peruana de Avicultura (APA), el consumo de pollo a la brasa experimenta un crecimiento anual del 7%. Asimismo, dijo que en nuestro país se consumen 4.5 pollos a la brasa por persona al año. Alta demanda de papas Por su parte, el especialista de la cadena de papa de la Dirección General de Desarrollo Agrícola y Agroecología (DGDAA), del Midagri, Juan Miguel Quevedo, destacó que las pollerías a nivel nacional demandan más de 2.9 toneladas de papa al día. Detalló que hay tres tamaños de pollerías: pequeñas, medianas y grandes, las cuales mayormente al día consumen, cada una, alrededor de 50 kilos, 80 kilos y las grandes cadenas más de 100 kilos diarios del mencionado tubérculo. “Ello, multiplicado por las 13.000 pollerías, suma unos 2.990 kilos de papa, es decir, 2.9 toneladas al día, aproximadamente”, comentó. Dato . Ayer (tercer domingo de julio) se conmemoró el Día del Pollo a la Brasa, que se ha convertido en el plato más popular del Perú. La fecha fue establecida mediante Resolución Ministerial N° 0441-2010-AG,",agraria.pe/agronegocios,https://agraria.pe/noticias/en-peru-se-destinaban-150-millones-de-pollos-al-ano-a-la-pre-24913
2021-07-12,Agroexportaciones peruanas crecieron en valor 21% en la primera mitad del 2021," Las exportaciones peruanas de productos agrícolas en junio del 2021 alcanzaron los US$ 579 millones, mostrando un incremento de 24% frente a lo alcanzado en junio del año pasado. Con respecto a junio del 2019, las exportaciones mostraron un incremento de 10%. Gracias a la buena acogida de los productos peruanos, el resultado del primer semestre del año sumó US$ 3.432 millones, 21% mayor a lo alcanzado en similar periodo del 2020 y 18% superior al registrado en iguales meses del 2019. El crecimiento alcanzado en lo que va del año se explica por la recuperación de la economía global y una mayor flexibilización del comercio internacional. Durante junio, los principales productos agrícolas exportados fueron la palta (50% de participación), la mandarina (10%), el espárrago (7.70%) y el café (6.50%). A excepción del café, los demás productos crecieron en el mercado internacional. Extraordinario crecimiento de la palta Las exportaciones peruanas de palta durante junio sumaron 117.290 toneladas por US$ 225 millones. En comparación al 2020, los envíos de la fruta mostraron un crecimiento de 30% en volumen y 50% en valor. A pesar del incremento de la oferta peruana, el precio de la fruta creció en 16% hasta alcanzar un valor promedio de US$ 1.92 por kilogramo. Los principales destinos de la palta peruana en el mes fueron los Países Bajos (26.30% de participación), Estados Unidos (25.80%) y Chile (16%). A los Países Bajos se enviaron 30,868 toneladas de palta por US$ 60 millones, 1% más en volumen y en valor con respecto al mismo mes del 2020. El precio que se pagó por la fruta en este mercado fue US$ 1.95 por kilogramo, similar al del año pasado. Los principales compradores fueron Nature’s Pride B.V., con 23% de participación, y Camposol Fresh B.V., con 5%. Las exportaciones hacia Estados Unidos sumaron 30.249 toneladas por US$ 60 millones, 44% menos en volumen y 99% más en valor en comparación al 2020. Con respecto al precio, en este mercado se pagó por la fruta peruana US$ 1.98 por kilogramo, 38% más en comparación al periodo anterior. En cuanto a los compradores estadounidenses, destacaron Mission Produce Inc., con 28% de participación, y Camposol Fresh USA Inc., con 13%. Las exportaciones hacia Chile, por su parte, alcanzaron las 18.723 toneladas por US$ 32 millones, 87% más en volumen y 164% menos en valor en comparación al año anterior. El precio que se pagó por la palta en el mercado sudamericano fue de US$ 1.72 por kilogramo, 41% más con respecto al 2020. Los compradores más importantes de palta peruana fueron Empresa Bagno Spa., con 39% de participación, y Cruxagri Avo Spa., con 7%. Buena acogida de la mandarina Las exportaciones de mandarina peruana en junio sumaron 37.386 toneladas por US$ 45 millones, 19% más en volumen y 17% más en valor en comparación al 2020. A pesar del incremento de la oferta, el precio de la mandarina se mantuvo similar al del año anterior: US$ 1.24 por kilogramo. Los principales destinos de la mandarina peruana fueron Estados Unidos, con 39% de participación; China, con 19%, y el Reino Unido, con 12%. Las exportaciones del cítrico hacia Estados Unidos sumaron 14,083 toneladas por US$ 18 millones, 8% menos en volumen y 10% menos en valor en comparación al 2020. En este mercado, se pagó por la mandarina peruana US$ 1.26 por kilogramo, 2% menos. En cuanto a los compradores del país norteamericano, destacaron LGS Specialty Sales Ltd., con 14% de participación, y Andean Sun Produce Llc., con 13%. A China, los envíos de mandarina peruana alcanzaron las 7.403 toneladas por US$ 8 millones, 76% más en volumen y 64% más en valor con respecto al 2020. En este mercado se pagó US$ 1.14 por kilogramo, 7% menos en comparación al año anterior. En cuanto a los compradores de mandarina peruana, los más importantes en este destino fueron Zhejiang Oheng Import & Export Co. Ltd., con 39% de participación, y Shanghai Hui Zhan International Ltd., con 32%. En el caso de las exportaciones al Reino Unido, estas sumaron 4.424 toneladas por US$ 5 millones, 21% más en volumen y 31% más en valor con respecto al año anterior. En este mercado, el precio de la fruta creció 8% hasta cotizarse en US$ 1.24 por kilogramo. En cuanto a los compradores, destacaron Pacific Produce Ltd., con 40% de participación, y AMT Fresh Ltd., con 13%. Sorprendente recuperación del espárrago Las exportaciones de espárrago fresco peruano sumaron 11.808 toneladas por US$ 35 millones, 23% más en volumen y 11% más en valor con respecto al mismo periodo del 2020. Los precios de la hortaliza cayeron 10% hasta cotizarse en US$ 2.95 por kilogramo. Este resultado, sigue mostrando una clara recuperación de los envíos, pues en el 2020 el espárrago fue uno de los productos más afectados por la pandemia. Los principales destinos de la hortaliza en junio fueron Estados Unidos (75.50% de participación); el Reino Unido (7.40%) y España (7%). Las exportaciones peruanas hacia Estados Unidos sumaron 8.915 toneladas por US$ 24 millones, 25% más en volumen y 11% más en valor en comparación a junio del 2020. El precio obtenido por la hortaliza en el mercado norteamericano fue de US$ 2.75 por kilogramo, 12% menor al del año anterior. En cuanto a los compradores, destacaron Southern Especialties Inc., con 12% de participación, y Alpine Fresh Inc., con 11%. Al Reino Unido, las exportaciones peruanas de espárrago alcanzaron las 872 toneladas por US$ 3 millones. Los envíos de la hortaliza cayeron 9% en volumen y en valor en comparación al resultado obtenido en el 2020. El precio del espárrago peruano fue similar al del año anterior: US$ 3.81 por kilogramo. En el mercado europeo, los principales compradores fueron Barfoots of Botley Ltd., con 38% de participación, y Flamingo Produce Ltd., con 32%. Respecto de las exportaciones de espárrago peruano hacia España, estas sumaron 826 toneladas por US$ 3 millones. En comparación al 2020, los envíos de la hortaliza crecieron 30% en volumen y 40% en valor. A pesar del incremento de la oferta, el precio del espárrago en el mercado incrementó 7%, hasta alcanzar los US$ 3.04 por kilogramo. Los principales compradores fueron García Mateo & Sinova S.L., con 21% de participación, y Agroinver Huetor Tajar S.L., con 20%. Café sigue en cayendo Las exportaciones de café fresco peruano sumaron 8.822 toneladas por US$ 30 millones en el mes, 28% menos en volumen y 12% menos en valor en comparación al 2020. La contracción de la oferta peruana permitió que el precio del café incremente 27%, hasta alcanzar un valor de US$ 3.36 por kilogramo. Los principales destinos del café peruano fueron Estados Unidos, con 35% de participación; Alemania, con 19%, y Bélgica, con 8%. Las exportaciones del grano hacia Estados Unidos sumaron 3.048 toneladas por US$ 11 millones, 24% más en volumen y 53% más en valor en comparación al 2020. En este mercado, se pagó por el café peruano US$ 3.49 por kilogramo, 23% más. En cuanto a los compradores del país norteamericano, destacaron Royal Coffee Inc., con 33% de participación, y Sustainable Harvest Inc., con 12%. Hacia Alemania, los envíos de café peruano alcanzaron las 1.574 toneladas por US$ 5 millones, 58% menos en volumen y 57% menos en valor con respecto al 2020. En este mercado se pagó US$ 2.95 por kilogramo, 2% más en comparación al año anterior. En cuanto a los compradores de café peruano, los más importantes en este destino fueron Benecke Coffee Gmbh & Co., con 26% de participación, e Interamerican Coffee Gmbh., con 18%. En el caso de las exportaciones hacia Bélgica, estas sumaron 732 toneladas por US$ 3 millones, 55% menos en volumen y 48% menos en valor con respecto al año anterior. En este mercado, el precio del grano creció 17% hasta cotizarse en US$ 3.69 por kilogramo. Respecto de los compradores, destacaron Durme-Natie Cvba A.G., con 22% de participación, y Delica A.G., con 9%. Fuente: Fresh Fruit",agraria.pe/agronegocios,https://agraria.pe/noticias/agroexportaciones-peruanas-crecieron-en-valor-21-en-la-prime-24855
2021-07-09,Agroexportaciones peruanas crecen en valor 20% entre enero y mayo del 2021," De enero a mayo del presente año, las agroexportaciones peruanas (tradicional + no tradicional) sumaron US$ 2.843 millones, representando un incremento de 20% frente a los US$ 2.365 millones alcanzados en igual periodo del 2020. Así lo indicó la Sociedad de Comercio Exterior del Perú (Comex Perú), quien detalló que, en los primeros cinco meses del año, los envíos agrícolas (tradicional) sumaron US$ 95 millones, registrando un aumento de 1.1% respecto a los US$ 94 millones obtenidos en iguales meses del 2020. Este subsector representó el 3.34% del total de las agroexportaciones. Mientras que los despachos agropecuarios y/o agroindustriales (no tradicional) alcanzaron los US$ 2.748 millones, mostrando un crecimiento de 21% en comparación a los US$ 2.271 millones registrados en similar periodo del año pasado. Este subsector concentró el 96.66% del total de las agroexportaciones. Solo mayo El gremio de comercio internacional indicó que solo en mayo las agroexportaciones (tradicional + no tradicional) de Perú sumaron US$ 544 millones, representando un incremento de 25.2% frente a los US$ 434.3 millones alcanzados en igual mes del 2020 En dicho mes los despachos agrícolas (tradicional) ascendieron a US$ 15 millones, reflejando una contracción de -22.9%. en comparación a los US$ 19.4 millones obtenidos en similar mes del año anterior. Por su parte, los envíos agropecuarios y/o agroindustriales (no tradicional) alcanzaron los US$ 529 millones, notándose un aumento de 27.5% versus los US$ 414.9 millones de mayo del 2020. Los principales productos exportados en este mes fueron palta fresca US$ 186 millones (+28.1%), espárragos frescos o refrigerados US$ 27 millones (+17%) y mandarinas frescas US$ 22 millones (+15.7%).",agraria.pe/agronegocios,https://agraria.pe/noticias/agroexportaciones-peruanas-crecen-en-valor-20-entre-enero-y--24841
2021-07-07,"Más de 5 mil toneladas de alimentos de la agricultura familiar se comercializan en mercados “De La Chacra A La Olla 2021"""," A la fecha, más de 5 mil toneladas de alimentos de la agricultura familiar se comercializan en los 1.100 Mercados Midagri “De la Chacra a la Olla 2021"", en donde vienen reactivando su economía y sostenibilidad más de 29 mil productores con un ingreso directo de 16 millones 333 mil soles, además de abastecer a más de 665 mil familias a nivel nacional. “Desde el nuevo Agro Rural se sigue promoviendo y fortaleciendo el desarrollo sostenible de la agricultura familiar con la activa participación de los diversos actores de la cadena de valor, en especial de las familias peruanas y con ello, favorecer a una alimentación nutritiva y saludable, además de contribuir en la economía de los agricultores de zonas altoandinas”, dijo Roxana Orrego Moya, directora ejecutiva de Agro Rural. Esta semana se han programado en Lima Metropolitana 19 mercados itinerantes en los distritos de Breña, Chorrillos, El Agustino, Independencia, La Victoria, Los Olivos, Rímac, San Borja, Surquillo y Villa María del Triunfo. Asimismo, al interior del país, se realizarán un total de 91 mercados, donde las regiones de Áncash, Huánuco, La Libertad, Piura y Puno, destacan por haber organizado una mayor cantidad en las provincias y distritos. En estos mercados se siguen redoblando esfuerzos y cumpliendo estrictamente los protocolos de bioseguridad e inocuidad alimentaria, protocolos de prevención del COVID-19, en coordinación con los Gobiernos regionales y locales, a fin de garantizar el cumplimiento de las disposiciones de seguridad para los asistentes, productores y organizadores. En ese sentido, la Dirección de Desarrollo Agrario de Agro Rural, unidad ejecutora del Ministerio de Desarrollo Agrario y Riego (MIDAGRI), viene evaluando constantemente el cumplimiento de los protocolos de bioseguridad en los mercados itinerantes a nivel nacional, siendo Tumbes, Lambayeque, Madre de Dios y Arequipa, las regiones sobresalientes por haber obtenido la calificación de “excelente” en la escala de valoración.",agraria.pe/agronegocios,https://agraria.pe/noticias/mas-de-5-mil-toneladas-de-alimentos-de-la-agricultura-famili-24822
2021-07-07,"Nueva Ley Agraria de Perú genera que empresas migren a otros países, entre los que destaca Colombia"," En los últimos años Colombia ha demostrado un gran potencial para las inversiones en Latinoamérica. Una de sus ventajas es la geografía, que ofrece un buen clima para el desarrollo de diversas frutas y verduras. Uno de los principales países que está invirtiendo en Colombia es Perú. De acuerdo con medios locales, la nueva Ley Agraria ha impulsado a empresas peruanas a migrar sus cultivos en países como Colombia, México y Brasil. De acuerdo con ProColombia, Perú es el cuarto mayor inversionista de Latinoamérica en Colombia y ocupa la posición 19 entre todos los países del mundo que invierten en el país. Según información del Banco de la República cuenta con un acumulado de inversiones por US$ 1.575 millones en la última década. Flavia Santoro, presidenta de ProColombia dijo que “la inversión peruana en Colombia ha sido multisectorial, llegando a distintas áreas de la economía colombiana incluyendo sector agricultor, servicios, manufactura, cosméticos, TICs, logística, etc. Es de resaltar que la IED peruana hoy en día, se sigue diversificando mucho más a todas las regiones del país y más allá de las principales ciudades”. Consultada sobre las firmas peruanas que han comprado terrenos en Colombia, Santoro comentó: “Son variadas y de distintos sectores como industria cosmética, alimentos, envases, manufacturas y logística. En el segmento agroindustrial tenemos compañías como Camposol, Danper, Viveros Génesis, Agrícola Cerro Prieto, Grupo Gloria, entre otras que han ido llegando al país en los últimos años”. “Camposol, Danper, Agrícola Cerro Prieto, Viveros Génesis son algunos de los exponentes más importantes que tienen presencia en el sector con cultivos de aguacate y otros frutos como mango y arándano”, agregó. Escenario de las empresas Alfonso Bustamante, Aresidente de Agrícola Cerro Prieto dijo a que “nosotros vamos a complementar los cultivos peruanos en otras jurisdicciones para poder así exportar más productos. En Colombia ya estamos operando con personal peruano desde hace cuatro años”. Indicó que tienen 300 hectáreas de aguacate sembradas y en los próximos meses irán incrementando hasta llegar a las 1.500 hectáreas. Agregó que en Colombia también están probando con arándanos y frambuesas para tener frutas de calidad que salgan al mercado. “Allá tenemos condiciones tributarias favorables (0% del IR a las empresas del sector) y también de trabajo porque no hay la rigidez de contratación temporal, lo que a nosotros nos complica en Perú con la nueva Ley Agraria”, explicó. Bustamante indicó que están en negociaciones para entrar a México y Brasil. “Veníamos desarrollando un proyecto en Bagua que podría sustituir en temporadas a los que pensamos hacer en otros países, pero se nos ha hecho difícil por la incertidumbre política, así que vamos a seguir adelante con otros destinos”, enfatizó. En la misma vereda, la compañía Camposol espera expandir su producción de aguacates hasta el 2025 en Colombia con un rendimiento similar al de Perú, de alrededor de 40 mil toneladas anuales. “Además, en Uruguay también tenemos tierras productivas de mandarinas en donde se vienen afianzando”, detalló la firma. El Complejo Agroindustrial Beta señaló que “pensamos que el Perú tiene mucho potencial para desarrollarse, pero en medida que vayamos direccionando nuestra necesidad de abastecimiento de productos la ventana de otros países es importante”. En ese escenario, de acuerdo con ProColombia, la nación se ubica como el tercer mayor receptor de inversión extranjera en América Latina, “en el país invierten países como Estados Unidos, Reino Unido, España, Suiza, Francia, Chile, México, Canadá, Japón, China, Corea del Sur, entre otros, que invierten tanto en el segmento agroindustrial como en todos los sectores productivos del país”, detalló Flavia Santoro. Características de Colombia Colombia cuenta con diversas características que lo hacen un país llamativo para los inversionistas locales y extranjeros. La presidenta de ProColombia aseguró que “Colombia tiene una posición ideal, estratégica, como plataforma para llegar a terceros mercados, diversificar la producción y las cadenas de suministro. Cuenta con un gobierno amigo de la inversión extranjera que la promueve, incentiva y respalda. El país tiene talento altamente calificado y múltiples polos de desarrollo a lo largo de su territorio que lo hacen atractivo para invertir en diversos sectores”. “Para el sector agro, cuenta con más de 32 millones de hectáreas aptas para cultivar o producir, y es una de las naciones catalogadas por la FAO como uno de los siete países tropicales con mayor potencial para ser despensa alimentaria del mundo”, agregó. Fuente: Portal Frutícola",agraria.pe/agronegocios,https://agraria.pe/noticias/nueva-ley-agraria-de-peru-genera-que-empresas-migren-a-otros-24820
2021-07-06,Chilena Gesex y peruana Pura Fruit concretan alianza para impulsar sus envíos de uva de mesa," La empresa peruana Pura Fruit, ex Agrícola San José de Piura, y la chilena Gesex han decidido formar una alianza para consolidar sus proyectos agrícolas y comerciales en Perú, apuntando a ser una de las principales exportadoras de uva de mesa del país. Esta unión se realiza en medio de un importante proceso de transformación productiva y comercial de Pura Fruit que comenzó después de ser adquirida hace más de un año por el grupo Costa Verde, y que está enfocado en posicionarse como una empresa de fruta de alta calidad. Mientras tanto, Gesex opera en Perú a través de Defrusa. El acuerdo consiste en conformar una exportadora, bajo el nombre de Pura Gesex, que tiene como objetivo manejar la exportación y logística de las operaciones que ambas compañías tienen en este país. “Nos dimos cuenta de que juntos podríamos consolidar nuestros proyectos agrícolas y comerciales de forma más rápida y con una estructura sólida, integrando la producción agrícola, con las operaciones de embalaje, manejo técnico y comercialización en los mercados de destino”, explicó Christian Gwynne, CEO de Gesex, firma con más de 20 años de trayectoria. Opinión que comparte Felipe Arriagada, CEO de Inversiones Costa Verde, respecto de las ventajas que esta alianza tiene para ambas compañías, sus clientes y colaboradores. “Estar juntos implica no solo producir fruta en Perú sino buscar la mejor uva de mesa que se pueda producir, estar en los mercados donde se debe estar, y complementarlo con una buena forma de operar, trabajar, de compartir experiencias, tecnologías, innovación y desarrollo”, dijo. Hace al menos siete años, estas empresas venían trabajando juntas. Primero, con algunas exportaciones y luego, hace cinco años atrás, cuando forman en conjunto Defrusa en Piura. A través de Pura Gesex, esta alianza busca potenciar las fortalezas de cada uno. Por una parte, la capacidad de Pura Fruit de abastecer el mercado de forma consistente y con volúmenes significativos, y reforzar el cambio varietal que impulsan formando parte de importantes programas genéticos y tecnología de punta para producir fruta de primera calidad, y por otra parte, integrar la red de clientes consolidada que tiene Gesex, sus canales de comercialización a nivel mundial, con oficinas en Estados Unidos, Europa y China, y su prestigio de calidad, innovación, sustentabilidad y servicio; todo bajo una misma marca y sello de excelencia, dijeron las empresas en un comunicado. Para Christian Gwynne, en un mercado cada vez más competitivo y escenarios cambiantes, esta alianza los sitúa en una mejor posición a futuro. “Con este acuerdo esperamos posicionarnos entre los exportadores más relevantes de Chile y Perú, y transformarnos en uno de los mayores comercializadores de uva, con fruta propia y la garantía de ofrecer un producto de alta calidad y consistente en el tiempo”, anotó. Sinergia con foco en la calidad y el cliente El grupo Costa Verde ha realizado inversiones del orden de los US$ 20 millones anuales en el área agrícola en los últimos años, focalizadas en generar un cambio sustantivo en la calidad de la producción de uva de mesa de Pura Fruit. Una inversión que ha considerado un recambio total con nuevas variedades licenciadas de los principales programas genéticos del mundo, y la implementación de nuevas tecnologías, investigación y desarrollos para mejorar la eficiencia de la producción y garantizar su sustentabilidad. “Nuestro foco hoy es la calidad por sobre la cantidad. El 92% de nuestras variedades son patentadas y nuevas, y hemos desarrollado un proceso de producción muy minucioso, para que cada planta sea capaz de expresar al máximo su potencial de calidad”, comentó Manuel José Arriagada, CEO de Pura Fruit. “Estamos no solo preocupados de producir, sino también de implementar las técnicas más modernas para llegar con la mejor fruta y que tenga entre sus componentes el tema de la sustentabilidad. Estamos produciendo fruta en temporadas donde antes no había. Queremos ir más allá de una simple producción”, sostuvo Felipe Arriagada, CEO de Costa Verde. Este foco en la calidad, sustentabilidad e innovación ha sido el punto de unión de ambas compañías. Tres factores que forman parte de la filosofía y visión de GESEX, durante sus 23 años de trayectoria, transformándose en parte de su sello de excelencia. Producción a gran escala Pura Gesex cuenta con 2.200 hectáreas, de las cuales más de 1.100 hectáreas están plantadas, todas con nuevas variedades licenciadas, y el resto aún están disponibles para plantar. Para los próximos tres años, a través de este acuerdo se estima una producción que supera los 6 millones de cajas y una venta potencial de US$ 120 millones, cifra que los posiciona entre las tres productoras más grande de uva de mesa en Perú y entre los más importantes exportadores a nivel mundial. Considerando las operaciones de Gesex Chile, compañía que cuenta con 2.800 hectáreas y alcanza los 8.5 millones de cajas de comercialización anual, esta alianza chileno-peruana concentrará una oferta de 14.5 millones de cajas con un potencial de venta de US$ 270 millones, permitiéndoles transformarse a futuro en un “One Stop Shopping” del hemisferio sur. Esta sociedad implica también un positivo impacto en eficiencia y ahorro en producción, operaciones, embarques y costos, y considera acuerdos y asociaciones en las distribuidoras en Norteamérica, Europa y Asia. “Esta alianza nos posicionará como uno de los principales socios estratégicos, tanto a nivel productivo como comercial, debido a la ventaja de poder abastecer a los diversos mercados en un mayor periodo del año, de principio a fin en la temporada del hemisferio sur”, explicó Allison Sialer, Country Manager de Pura Gesex. Según Manuel Aspíllaga, gerente comercial de GESEX, no hay muchas empresas hoy que sean capaces de tener el control con fruta propia en ambos orígenes. “Esto nos va a permitir servir a nuestros clientes y sobre todo a nuestros programas de supermercado en EEUU, Inglaterra y Europa, y a nuestra red comercial en Asia, mercado que ha mostrado un gran potencial y dinamismo, de manera más completa e integral, con un producto de primer nivel y otorgar la promesa de calidad y servicio que siempre nos ha destacado. Significa que podremos darles una solución global y extendida en el tiempo, con la cual podamos construir una relación a largo plazo, sólida y rentable”. Para el presidente de GESEX, Cristián Allendes, en un mundo cada vez más globalizado y competitivo, es vital mantenerse dinámicos, activos y atentos a los cambios de la industria. “Estamos convencidos de que las alianzas potencian a las empresas, las hacen más robustas y les permite -como en este caso- mejores negocios y reforzar sus relaciones comerciales con los clientes, beneficiando también a sus colaboradores”. Fuente: Freshfruitportal.",agraria.pe/agronegocios,https://agraria.pe/noticias/chilena-gesex-y-peruana-pura-fruit-concretan-alianza-para-im-24809
2021-07-05,Perú proyecta exportar 300 mil toneladas de cítricos en la campaña de este año," El gerente general de la Asociación de Productores de Cítricos del Perú (ProCitrus), Sergio del Castillo Valderrama, estimó que en la campaña de este año Perú produciría 1.445.277 toneladas de cítricos (mandarina, naranja, tangelo, toronja y limones). Señaló que, del total a producir, el 20% (es decir 300.000 toneladas) se destinaría al mercado internacional, lo que representaría un récord en las exportaciones de cítricos. Además, el 80% se dirigirá al mercado nacional. “La pandemia de la covid-19 ha generado un repunte en la comercialización a nivel mundial debido a las múltiples propiedades que tienen los cítricos y que ayudan a reforzar el sistema inmunológico”, sostuvo. Detalló que, de mandarinas, la producción alcanzaría las 528.000 toneladas (212.000 toneladas se exportarían), de naranja se producirían 560.000 toneladas (32.000 toneladas se exportarían), de limón sutil se producirían 300.000 toneladas (10.000 toneladas se exportarían), de limón Tahití se producirían 20.000 toneladas (15.000 toneladas se exportarían), de toronja se producirían 6.500 toneladas (2.500 se exportarían), y de tangelo se producirían 30.000 toneladas (18.000 se exportarían). Agregó que en nuestro país hay instaladas unas 70.000 hectáreas de cítricos: 25.000 hectáreas de naranja, 23.000 ha de limón y 22.000 ha de mandarina, principalmente. Sergio del Castillo dijo que a la semana 22 (4 de junio) nuestro país exportó 68.333 toneladas de cítricos, representando la cuarta parte de lo estimado para la campaña de este año. Agregó que la campaña tardía, que empezó en junio y que se prolonga hasta agosto, es el pico de las exportaciones, ya sea en mandarina o naranja. En cuanto a los principales mercados destinos, dijo que en mandarina, nuestro fuerte, es Estados Unidos, por lo pronto se ha enviado un poco más de 14.000 t, seguido de Inglaterra (11.000 t), Países Bajos (10.000 t), China (5.000 t) y Canadá (5,000 t). Esos países son el top 5 de nuestros destinos en esa fruta. En Limón sutil destacan: Chile (6.500 t), Panamá (1.400 t), Inglaterra (670 t), Estados Unidos (610 t) y Países Bajos (400 t). El gerente general de Procitrus dijo que Perú es un país pequeño en participación en el comercio mundial de cítricos, representando el 0.8 % de la producción mundial y el 0.4 % en envíos. En ese sentido, señaló que a través de la Organización Mundial de los Cítricos (WAO, por sus siglas en inglés) se busca canalizar mejor nuestros esfuerzos para que el consumo del cítrico peruano se incremente en diversas partes del mundo. Perú es miembro y fundador, desde hace dos años, de dicha organización. Fuente: Agro Perú Informa",agraria.pe/agronegocios,https://agraria.pe/noticias/peru-proyecta-exportar-300-mil-toneladas-de-citricos-en-la-c-24800
2021-07-01,Kion se posicionaría en el top ten de la canasta agroexportadora este año," La Gerencia de Agroexportaciones de la Asociación de Exportadores (ADEX) estimó que el jengibre peruano se posicionaría este año en el top ten del ranking de partidas de las agroexportaciones nacionales, gracias a la mayor demanda de mercados como Estados Unidos y Países Bajos. El año pasado ocupó el doceavo lugar con US$ 104.719.000 registrando un crecimiento del 155%, llegando a otros territorios como España, Canadá, Rusia, Alemania, Reino Unido, Italia, Brasil, República Dominicana, Chile, Corea del Sur, Colombia, Suecia y Ucrania. Con el objetivo de fortalecer los cultivos y la comercialización a nivel local e internacional, la gerenta central de Exportaciones del gremio empresarial, Ysabel Segura, expresó la importancia de promover su cadena productiva mediante un esfuerzo conjunto entre el sector público y privado. ""La unión permitirá posicionar nuestro kion en otros destinos. Hoy en día goza de un gran reconocimiento y las cifras lo avalan: entre el 2012 y el 2020 sus despachos al mundo pasaron de casi US$ 4 millones a US$ 104.700.000"", indicó en el evento online Ginger Week 2021, organizado por la compañía asociada a ADEX, Elisur Organic. Potencial Por otro lado, el director de Promoción y Articulación Comercial de Sierra y Selva Exportadora, Víctor Sarabia, comentó durante su ponencia 'Retos de la agricultura peruana en la exportación de jengibre 2.0', que el mercado mundial de ese alimento se valoró en más de US$ 5 billones el 2019 y según un estudio llegaría a los US$ 8 billones en el 2027. El especialista en Sanidad Vegetal del Servicio Nacional de Sanidad Agraria (Senasa), Héctor Riveros, resaltó el trato especial y diferenciado del agricultor nacional a este producto–le dedica mucho cuidado al proceso de maduración–, pues en China la siembra y cosecha son trabajadas con sistemas mecanizados para reducir costos y lograr una eficiencia en la rotación de la tierra. ""Este cultivo se ha extendido bastante y los actores lo están manejando bien. Perú cuenta con las condiciones óptimas de temperatura, humedad y suelos; sin embargo, a medida que se incrementan las áreas, también lo hacen las plagas. En esa línea, la labor realizada por Senasa está encaminada a identificarlas y eliminarlas"", enfatizó. Según el jefe de campo de Elisur Organic, Luis Angulo, este alimento peruano tiene un tamaño intermedio a comparación de China y Brasil. Asimismo, su apariencia es más vistosa y atractiva; su color es más amarillento, lo cual brinda un mayor grado de picor y acidez. ""Las particularidades organolépticas de nuestro kion obedecen a las características agroclimáticas: suelos, temperatura, altitud y demás"", precisó. Superalimento Esta hortaliza disminuye las afecciones de garganta, acelera el metabolismo, mejora la circulación, previene enfermedades cardíacas, aumenta el calor corporal, entre otros beneficios reconocidos en el mundo. Hoy en día, se considera como superfood por sus propiedades nutricionales, pues contiene vitaminas C, brindando un desarrollo de los tejidos del cuerpo y fortaleciendo el sistema inmunológico. Actualmente, se despacha al exterior en varias presentaciones: fresco, polvo o molido, jugo, extracto o puré; utilizadas en la industria alimentaria, farmacéutica, perfumería, gastronomía, saborizantes y aromatizantes. Dato . Perú es el tercer proveedor a nivel mundial de ese producto en el ranking de envíos al exterior.",agraria.pe/agronegocios,https://agraria.pe/noticias/kion-se-posicionaria-en-el-top-ten-de-la-canasta-agroexporta-24767
2021-06-30,Jengibre ecológico de Perú podría tener otra temporada fuerte," ""La temporada de jengibre en Perú comienza con la nueva cosecha en junio, donde el producto ha madurado hasta el 90% aproximadamente"", dice Gino Neira, de Inkawald, en Lima (donde se encuentra la sede central), mientras que su otra instalación está en Satipo (Pasco). Inkawald comenzó la temporada enviando un contenedor semanal a Europa y otro a Miami, Florida (Estados Unidos), donde a su vez se distribuye a ciudades como Nueva York, Los Ángeles y otras. China compite con el jengibre peruano, que envía los volúmenes más importantes, pero también Brasil, Tailandia y Costa Rica. ""El jengibre importado de China y Brasil es convencional y de mayor tamaño, mientras que el peruano es ecológico, tiene una excelente calidad, es pequeño y tiene un sabor mucho más intenso que lo hace un producto único"", comparte Neira. En 2020, Perú exportó unos US$ 105 millones en jengibre, suponiendo un crecimiento de aproximadamente el 155% en comparación con 2019. ""Los volúmenes de exportación se duplicaron, así que esta temporada esperamos que esa tendencia continúe"", señala. ""El año pasado tuvimos mayor demanda porque la pandemia cambió los hábitos de alimentación de los consumidores. Empezaron a consumir más productos ecológicos, incluidos el jengibre y el ajo"". Vuelve la hostelería Neira prevé para 2021 que la demanda siga creciendo, sobre todo con el restablecimiento de la hostelería y la vacunación en todo el mundo, que hace que los consumidores se sientan cada vez más cómodos con volver a salir. Sin embargo, para satisfacer esa demanda, la logística sigue siendo un reto. ""Esperamos que se establezca una política que mejore la infraestructura de las carreteras en Perú garantizando un transporte más seguro. También es importante mejorar las terminales portuarias para que el proceso sea más efectivo, se reduzcan los costes y el producto llegue a los consumidores finales con un mejor precio para ser más competitivos como país"", continúa Neira. Entre las mejoras se encuentra el desarrollo del Puerto de Chancay, que se encuentra a 75 kilómetros de Lima y se convertirá en el primer centro logístico chino para el Pacífico de Latinoamérica, tras una inversión en infraestructura de US$ 3 millones. El centro estará listo para operar en 2022. Paralelamente, en cuanto a los precios del jengibre, Neira señala que, aunque el precio aumentó un poco a finales de 2020, de enero a marzo de 2021 también se registraron aumentos de precios más fuertes debido a que la demanda de jengibre aumenta en el hemisferio norte cuando el producto peruano es escaso. Sin embargo, en esos precios se incorpora el aumento de los costes de los fletes marítimos tanto a Europa como a Estados Unidos. En cuanto al 2021, Neira expresa que Inkawald va a participar de nuevo este año en Fruit Attraction junto con el programa IPD Alemania, y también participará en la próxima Organic Produce Summit. Fuente: Fresh Plaza",agraria.pe/agronegocios,https://agraria.pe/noticias/jengibre-ecologico-de-peru-podria-tener-otra-temporada-fuert-24757
2021-06-30,Cajamarca: Agroideas financia 238 planes de negocios para la Agricultura Familiar," El titular del Ministerio de Desarrollo Agrario y Riego (Midagri), Federico Tenorio, anunció que su portafolio viene financiando 238 Planes de Negocio a través del Programa de Compensaciones para la Competitividad (Agroideas), destinado principalmente a los pequeños productores de café y otras cadenas en Cajamarca. Así lo informó durante la firma del convenio de cooperación interinstitucional, mediante el cual el Gobierno Regional transferirá S/ 1 millón a Agroideas para el cofinanciamiento por parte del Midagri, a fin de ejecutar los Planes de Negocio a productores de la región. En su exposición, el titular de Midagri destacó el papel del programa de Agroideas – adscrito al ministerio - en apoyo a los productores de la Agricultura Familiar en Cajamarca, en el cual 115 planes de negocios se orientaron a financiar cultivos de café y el resto a productores de arroz, cacao y otros. “Más del 60 % de las inversiones de Agroideas está en esta región, porque este programa funciona en base a la demanda y a la presencia de organizaciones de productores y cooperativas. Se trata de organizaciones y productores emprendedores, que se mueven en una dinámica importante”, dijo. También el titular del Midagri resaltó el trabajo conjunto entre el ministerio y el Gobierno regional de Cajamarca, para seguir articulando esfuerzos y recursos en apoyo directo a la pequeña Agricultura Familiar, que es la población objetivo de la política nacional agraria. Según Agroideas, el cofinanciamiento de Planes de Negocio en Cajamarca demandó una inversión de S/ 75.8 millones del Estado y S/ 25.2 millones como aporte de pequeños productores, logrando beneficiar a 1,600 organizaciones a nivel regional. Convenio de apoyo “Este convenio es el reflejo de cómo debemos trabajar de manera articulada entre los tres niveles de gobierno (nacional, regional y local) y los beneficiarios sean los productores de la Agricultura Familiar, para que puedan tener más opciones y perspectivas, siendo la población objetivo de la política nacional agraria”, sostuvo Tenorio. Por su parte, la autoridad regional resaltó la política de trabajo articulado desarrollada por el Midagri para promover el desarrollo de los pequeños productores de Agricultura Familiar, que han estado en la primera línea de lucha contra el Covid-19, a través de la provisión de alimentos a la población del país. Además, en su discurso expresó que las acciones del GORE apuntan a consolidar la Agricultura Familiar a través de la ejecución de proyectos piloto, como la implementación de planes “Amanecer” de respaldo a la actividad ganadera, así como las acciones de reforestación y forestación en las 13 provincias, además de la “revolución azul” con la construcción de microrreservorios, entre otras medidas. El ministro inició su agenda de trabajo en Jaén visitando la cooperativa cafetalera “Sol & Café"", beneficiaria también del Programa Agroideas, que produce y transforma su producción para abastecer mercados internacionales. El Perú es uno de los principales productores de café por su calidad y sabor, llegando a conquistar 44 destinos internacionales con su producto bandera.",agraria.pe/agronegocios,https://agraria.pe/noticias/cajamarca-agroideas-financia-238-planes-de-negocios-para-la--24756
2021-06-28,Festival de la Cosecha del Mango de República Dominicana trascurre con “Brillante Éxito”,"Por: Francisco Seva Rivadulla, periodista agroalimentario internacional  El Festival de la Cosecha del Mango de República Dominicana, realizado del 14 al 16 de junio, y que por primera vez se celebró de forma on line a través de unas jornadas digitales, ha transcurrido con “un brillante éxito” y de “forma muy constructiva” para sus organizadores. Este evento ha sido organizado por el Clúster del Mango Dominicano (PROMANGO) y la National Mango Board (NMB). Según explicó el presidente de PROMANGO, Ingeniero Rafael Leger, “estamos muy contentos y satisfechos con las jornadas digitales realizadas y, nos gustaría destacar el gran apoyo que nos ha apostado la National Mango Board para poder celebrar este evento de forma tan exitosa, con la participación de investigadores muy prestigiosos a nivel mundial”. Además, el Ingeniero Rafael Leger añadió que “nuestro Festival tiene como objetivo promover, divulgar y destacar el valor social, económico y cultural del mango de República Dominicana, especialmente de la ciudad de Baní, que está asociada a mangos de altísima calidad, y es la cuna del famoso mango “Banilejo”. Además, allí se puede encontrar un gran número de variedades criollas “. “El Festiva de la Cosecha de Mango, se inició en el año 2005, y ha tenido una evolución enormemente positiva, y pone de manifiesto la gran importancia que tiene a nivel internacional el mango dominicano”, ha ratificado el ingeniero Leger. Jornadas Enriquecedoras Además, el director ejecutivo de la National Mango Board, Manuel Michel, también ha comentado respecto a estas jornadas que “estamos muy satisfechos con la organización de las mismas, que han sido enormemente enriquecedoras, y contribuyen a seguir dando a conocer en el área internacional, a la industria del mango en la República Dominicana”. Dato . Actualmente, en la República Dominicana hay 7.500 hectáreas sembradas de mangos, 20 exportadores, 1.700 productores y comercializan 20.500 toneladas, según los datos aportados por el Clúster del Mango.",agraria.pe/agronegocios,https://agraria.pe/noticias/festival-de-la-cosecha-del-mango-de-republica-dominicana-tra-24746
2021-06-28,Comex Perú: Agroexportaciones no tradicionales a la Unión Europea crecen en valor 24.3% en los primeros cuatro meses del año," Entre enero abril del presente año, las exportaciones peruanas hacia la Unión Europea (incluido el Reino Unido) sumaron US$ 1.797 millones, registrando un incremento de 20% respecto a lo alcanzado en igual periodo del 2020, informó la Sociedad de Comercio Exterior del Perú (Comex Perú). El gremio resaltó que del total de nuestros envíos al bloque de países de la UE, el 59.1% fueron del rubro no tradicional. Además, se observa que las agroexportaciones no tradicionales superaron en valor a la suma de envíos tradicionales en conjunto hacia dicho destino. Al respecto, indicó que de enero a abril del 2021 las exportaciones agropecuarias no tradicionales alcanzaron los US$ 769 millones (crecieron 24.3% respecto a los US$ 618 millones de 2020), mientras que el rubro tradicional sumó US$ 735 millones (aumentó 15.1% en comparación a los US$ 639 millones de 2020). En cuanto a los principales destinos de las agroexportaciones no tradicionales de enero a abril del 2021, Países Bajos se posiciona como nuestro principal comprador, con US$ 411 millones, lo que representa un aumento del 25.9% respecto del mismo periodo de 2020. España y Reino Unido mantienen el segundo y tercer lugar, respectivamente; el primero, con US$ 160 millones y un crecimiento del 25%, y el segundo, con US$ 63 millones y un aumento del 21%. Para completar el top 5, encontramos a Alemania, con US$ 42 millones (+28.5%), y Bélgica, con US$ 24 millones (-11.2%). Las exportaciones de paltas tuvieron un gran desempeño en los primeros cuatro meses del año y se reafirman como el principal producto de agroexportación en este periodo, pues sumaron US$ 192 millones, con un incremento del 49.6% respecto del mismo periodo de 2020. Le siguen los mangos, con US$ 126 millones (+8.8%); las uvas frescas, con US$ 93 millones (+62.2%); las demás frutas u otros frutos frescos, con US$ 41 millones (+34%), y los bananos Cavendish Valery, que alcanzaron los US$ 28 millones (-6.9%). A nivel departamental, Lima se posicionó como el país con mayores agroexportaciones no tradicionales al bloque europeo, pues de enero a abril de 2021 registró US$ 326 millones, un 13% menos que en el mismo periodo de 2020. Luego le sigue Ica, que bordeó los US$ 258 millones, con un crecimiento del 62.7%; Piura, con US$ 230 millones (+15%); Arequipa, con US$ 190 millones (+107.4%), y Moquegua, que alcanzó los US$ 152 millones (+51.2%). Los principales productos exportados por Lima fueron las paltas, por un valor de US$ 68 millones en los cuatro primeros meses del año. En el mismo periodo, Ica registró US$ 70 millones en envíos de uvas frescas a la UE, además de exportar paltas por US$ 34 millones. Piura destaca por sus envíos de mangos (US$ 74 millones) y bananos (US$ 25 millones). Solo abril 2021 En lo que respecta solo al mes de abril, las agroexportaciones no tradicionales tuvieron como principal destino a Países Bajos, con US$ 112 millones, un 53.7% más que los registrado en el mismo mes de 2020. A continuación, se encuentran España, con US$ 51 millones (+59.6%); Reino Unido, con US$ 23 millones (+46%); Francia, con US$ 9 millones (+130%), y Alemania, con US$ 9 millones (+34.9%). En abril del 2021, las paltas, una vez más, se posicionaron como el principal producto enviado al bloque europeo dentro del sector agropecuario no tradicional. Sus envíos sumaron US$ 110 millones, lo cual representó una participación del 49.9% de los envíos del sector. Sus principales compradores fueron Países Bajos (US$ 67 millones), España (US$ 28 millones) y Reino Unido (US$ 13 millones). Otros productos enviados a la Unión Europea en este mes fueron las demás frutas u otros frutos frescos (US$ 15 millones; +53.3%), los mangos (US$ 12 millones; +53.3%), los espárragos preparados o conservados, sin congelar (US$ 8 millones; +73.8%), y las mandarinas (US$ 7 millones; +46.9%). “El panorama internacional es favorable para los productos agropecuarios no tradicionales, lo cual se debe a la política de apertura comercial que, en este caso, se consolida con el tratado de libre comercio que se firmó con la Unión Europea. No solo mantener nuestras fronteras abiertas es necesario para aprovechar la alta demanda internacional de nuestros productos, sino también mejorar las cadenas productivas, de manera que no quedemos rezagados en términos de eficiencia y productividad”, finalizó el gremio de comercio internacional.",agraria.pe/agronegocios,https://agraria.pe/noticias/comex-peru-agroexportaciones-no-tradicionales-a-la-union-eur-24732
2021-06-25,"Midagri lanzó el COMPRAGRO, nuevo sistema de compras estatales de la Agricultura Familiar"," El Ministerio de Desarrollo Agrario y Riego (Midagri), lanzó el COMPRAGRO, que es un nuevo sistema de compras estatales de la Agricultura Familiar, oficializado mediante el Decreto Supremo N° 012-2021-MIDAGRI, que aprueba el reglamento de la Ley Nº 31071 de Compras Estatales de Alimentos de Origen en la Agricultura Familiar. El ministro de Desarrollo Agrario y Riego, Federico Tenorio, señaló que la norma establece compras hasta el 30% de productos de la Agricultura Familiar: “sabemos que el Ministerio de Desarrollo e Inclusión Social (Midis) realiza adquisiciones superiores a los S/ 2.000 millones anuales en alimentos, y entonces si sacamos el 30% provenientes de la Agricultura Familiar, serán más de S/ 600 millones que se le podrán comprar a la pequeña Agricultura Familiar”, dijo. Se estima que durante el primer año (2022), se alcancen compras por un valor de hasta S/ 214 millones, que beneficien a más de 90.000 productores de la Agricultura Familiar a nivel nacional, quienes podrán abastecer de alimentos agrarios e hidrobiológicos a los programas sociales, de apoyo y/o asistenciales de las entidades de la administración pública. Este sistema permitirá que más de 600.000 productores de la Agricultura Familiar, de manera individual u organizada, puedan ofrecer alimentos de origen agrícola, pecuario, forestal no maderable, hidrobiológico a los programas sociales, de apoyo y/o asistenciales de las entidades de la administración pública. La norma lleva la rúbrica del presidente, Francisco Sagasti y, el refrendo del ministro, Federico Tenorio, así como de los ministros de las carteras de Producción, José Luis Chicoma y de Economía y Finanzas, Waldo Mendoza. El titular del Midagri aseveró que el objetivo central de su gestión ha sido el desarrollo de políticas y herramientas para fortalecer la Agricultura Familiar en tres ejes, como son: “promover el acceso de los productores a los mercados, consolidar los niveles de articulación al interior del Estado para mejorar la productividad y la capacitación de los productores”, señaló. Tenorio subrayó que la Agricultura Familiar, pese a los impactos de la pandemia originada por el Covid-19, cumplió con suministrar el 80% de alimentos de las mesas de los hogares peruanos, y es fuente de trabajo de más de 3 millones de trabajadores agrícolas, contribuyendo a la creación indirecta de empleo en la transformación y comercialización de productos. Programas de apoyo Según la norma, los productores de Agricultura Familiar podrán colocar los alimentos que produzcan en las entidades de la administración pública, que cuenten con programas de apoyo y/o asistenciales creados, desarrollados o ejecutados por el Estado, que para el desempeño de sus funciones adquieran alimentos. Se pueden destacar los programas Qaliwarma, Cunamás, Programa de Complementación Alimentaria, entre otros. El dispositivo señala que los productores podrán ofrecer alimentos agrícolas (verduras, granos, tubérculos, frutas, leche, quesos, yogurt, etc.), pecuarios (carnes de res, cerdo, cuy, alpaca, etc.) y forestales no maderables, así como productos hidrobiológicos de acuicultura y de la pesca artesanal destinados al consumo humano, que no han sido preparados culinariamente. Los productores/as u organizaciones de productores/as de alimentos agrarios deberán contar con el signo distintivo denominado “Agricultura Familiar del Perú”, que se implementará para dicho fin, así como las condiciones de inocuidad agroalimentaria. Las entidades del sector público que cuenten con estos programas de apoyo y/o asistenciales, deberán adquirir del total de sus requerimientos anuales previstos, hasta el 10% en el año 2022; hasta el 20% en el 2023 y a partir del año 2024 como mínimo el 30% de alimentos provenientes de la Agricultura Familiar. Los COMPRAGROS Asimismo, los programas sociales y/o asistenciales a los que corresponda deben constituir el o los COMPRAGRO que será el órgano con vigencia permanente, y que tendrán la misión de ejecutar las compras de alimentos de la Agricultura Familiar. El COMPRAGRO se encargará de coadyuvar en la planificación y ejecutar el procedimiento de compras de alimentos de origen en la agricultura familiar a nivel local. Se puede constituir más de un COMPRAGRO, siempre que el programa tenga alcance nacional o regional. Las compras de alimentos de origen en la agricultura familiar se podrán realizar a través de procedimientos de compras mayores (por encima de las 8 UIT) o compras menores (por debajo de las 8 UIT). El productor/a u organización de productores/as pueden registrarse gratuitamente para participar en los procedimientos de compras, mediante el uso de correo electrónico o de forma presencial, de acuerdo con lo establecido en las bases del procedimiento. Datos . Durante el segundo semestre del presente año se aprobarán los instrumentos complementarios para que los programas puedan contar con todos los elementos necesarios para ejecutar el régimen especial de compras, tales como el Padrón de Productores Agrarios y el signo distintivo “Agricultura Familiar del Perú”. . La misma norma establece que, en un plazo de 60 días hábiles el Midagri aprobará las disposiciones específicas que permitan a las entidades de la administración pública a nivel nacional adquirir fibra de camélidos sudamericanos y ovinos proveniente de los productores de la Agricultura Familiar. . Hasta el año 2024, el productor de la Agricultura Familiar, no registrado en la SUNAT, podrá participar de los procedimientos de compras menores. Luego de dicho plazo, todo productor/a de la agricultura familiar deberá contar con registro en la SUNAT para participar de los procedimientos de compra de alimentos.",agraria.pe/agronegocios,https://agraria.pe/noticias/midagri-lanzo-el-compragro-nuevo-sistema-de-compras-estatale-24730
2021-06-25,Productores de Moquegua concretan venta de 60 toneladas de uva Red Globe a Colombia," Pequeños productores de la Asociación de Vitivinicultores de Moquegua (AVIMO) concretaron su primera venta de 60 toneladas de uva de la variedad Red Globe al mercado colombiano, teniendo como articulador comercial al Ministerio de Desarrollo Agrario y Riego (Midagri), a través de Sierra y Selva Exportadora. Asimismo, existe el compromiso de la empresa demandante de adquirir 80 toneladas adicionales de dicha fruta en el próximo mes de agosto. En el Perú existe producción de uva durante todo el año, siendo entre mayo y diciembre los principales meses de cosecha en el sur peruano. La Asociación de Vitivinicultores de Moquegua es una organización de pequeños productores de uva conformada por 54 socios que inició sus actividades como productora de pisco y vino; posteriormente reconvirtió su producción a uva de mesa con un sistema de conducción en parronal. En la actualidad, cuenta con más de 48 hectáreas instaladas de uva en los sectores de Charsagua, Santa Rosa, Omo, Samegua, Huaracane, El Provenir, Rinconada y en la irrigación San Antonio en el distrito de Moquegua, provincia Mariscal Nieto, región Moquegua. El acompañamiento de Sierra y Selva Exportadora ha permitido que la organización de productores de AVIMO cuente hoy con rutas comerciales de exportación y sea capaz de gestionar estos enlaces comerciales, garantizando la debida calidad e inocuidad de su fruta. A esta gestión comercial se suma el apoyo de la Corporación Asociativa La Joya, en Arequipa, organización beneficiaria de Sierra y Selva Exportadora, que proporcionó toda su experiencia en maquila y empacado de la uva para exportación, ofreciendo el servicio de packing a la organización AVIMO. Es importante resaltar el trabajo de colaboración y cooperación mostrado entre los productores de la organización AVIMO y de la Corporación Asociativa La Joya que ha permitido asegurar el logro y éxito comercial de este embarque, con la intermediación de Sierra y Selva Exportadora.",agraria.pe/agronegocios,https://agraria.pe/noticias/productores-de-moquegua-concretan-venta-de-60-toneladas-de-u-24721
2021-06-24,Torre Blanca proyecta incrementar sus volúmenes de procesamiento gracias a mayor demanda por el arándano," La empresa Torre Blanca anunció que proyecta para este año un incremento de hasta un 3% en sus volúmenes de productos procesados de agroexportación sobre un promedio actual de 60 mil toneladas anuales. Este incremento estaría sostenido principalmente por el arándano, cuya demanda internacional propició la instalación de una segunda línea de empaquetado, con la que de hecho ya procesa un 130% más en volumen del berry con respecto a 2020. La empresa, que ya trabaja también con cítricos, paltas, mango, granada, uva y otros, sumará ahora el caqui, alimento que, proyecta, tendrá un aumento en volumen del 100% por los siguientes 24 meses. “Esto lo venimos logrando con un equipo altamente especializado, grandes relaciones con productores y clientes, un servicio disponible durante todo el año y cumpliendo con los estándares de calidad y seguridad alimentaria más exigentes del mercado”, resaltó Gianfranco Guerrini, gerente general de Torre Blanca. Esta apuesta, refirió la empresa, va en el contexto de su impulso a la internacionalización de productos peruanos gracias a su rol como centro de empaquetado autorizado para cualquier destino, lo que ha permitido a sus clientes llevar por primera vez, por ejemplo, mango a Dubái, palta a la India y Corea del Sur, y mandarinas satsumas a Japón, lo que marca un hito en el inicio de las actividades comerciales de la procesadora en Asia. En esa línea, sostuvo además que tiene una próspera relación con productores de Huaral, Huacho e Irrigación Santa Rosa, a los que sirve de intermediario para exportar su fruta bajo programas de comercialización externa a sus clientes. “Gracias al asesoramiento extranjero en procesamiento de frutas, así como al respaldo de certificaciones BRC Food Safety v8, SMETA, BASC, OEA, entre otras, Torre Blanca puede garantizar el cumplimiento de las exigencias más estrictas establecidas por las cadenas de supermercados más grandes a nivel mundial como Costco, Wal-Mart y Tesco; y también de los principales clientes a nivel global”, señaló la organización al subrayar la importancia del respaldo que otorgan las certificaciones en áreas como inocuidad, seguridad industrial, salud ocupacional, responsabilidad social, seguridad en la cadena de suministro y certificación orgánica.",agraria.pe/agronegocios,https://agraria.pe/noticias/torre-blanca-proyecta-incrementar-sus-volumenes-de-procesami-24706
2021-06-22,Midagri anuncia inyección de S/ 60 millones en créditos a productores de Madre de Dios," Durante una gira de trabajo por esta región de la selva y en el inicio de la “Semana de la Agricultura Familiar”, el ministro de Desarrollo Agrario y Riego, Federico Tenorio, anunció una inyección de S/ 60 millones para dotar de créditos con cero tasas de interés a los pequeños productores de la actividad agrícola, pecuaria y forestal, a fin de poder obtener mayores ingresos y elevar la calidad de vida de sus familias. “Estamos en Madre de Dios para informar que hemos destinamos 60 millones de soles para entregar créditos a los pequeños productores de la Agricultura Familiar de esta región, orientado a la reactivación de la economía, e inclusive tendrán trato especial porque no se va a cobrar intereses por los créditos”, sostuvo. El ministro Tenorio, acompañado del presidente del directorio de Agrobanco, César Quispe, informó que los recursos beneficiarán de modo directo a los pequeños productores de frutas, castañas, maíz, yuca, plátano y otros productos, que contribuirán a elevar la calidad de sus cultivos y acceder a mayores mercados. Dijo que uno de los principales ejes centrales de su gestión al frente del Midagri, ha sido el trabajo articulado con los Gobiernos regionales y locales para aunar esfuerzos en la atención prioritaria de los pequeños productores de la Agricultura Familiar. Mayor articulación “Este sistema de gestión articulada (de los tres niveles de gobierno) debe continuar (el nuevo gobierno) y de esta manera, los beneficiarios finales sean los productores y productoras de la Agricultura Familiar, porque recibirán servicios de calidad y podrán hacer inversiones de la mejor manera, evitando la duplicidad de actividades”, precisó. Tenorio recalcó la prioritaria atención que le brinda el sector Agricultura al fortalecimiento de los productores de la Agricultura Familiar, debido que representan el 97% de las unidades productivas en el país, y “esta pequeña agricultura suministra el 80% de los alimentos que consumimos los peruanos en nuestras mesas”, acotó. “Los productores de la Agricultura Familiar en el Perú son los garantes de la rica biodiversidad, como los granos, frutales, tubérculos, legumbres y otros artículos, que están en manos de la pequeña Agricultura Familiar y por eso, debemos estar agradecidos”, remarcó. En otro momento de su exposición, el ministro destacó el desempeño del gobernador regional de Madre de Dios, Luis Hidalgo Okimura, por la inauguración de un local institucional para brindar mejores servicios a los campesinos, así como acelerar el proceso de titulación de los pequeños productores, comunidades campesinas y comunidades nativas. “Se trata de una de las regiones con mayores avances en la titulación de predios rurales, y el compromiso del Gobierno regional (de Madre de Dios) es cerrar la brecha al ciento por ciento en la formalización, y esto es un buen ejemplo del GORE en alcanzar las metas”, expresó. El ministro Tenorio llegó a esta región para la inauguración del proyecto de obra de mejoramiento de la prestación de servicios públicos de la dirección de saneamiento físico legal de la propiedad rural de la Dirección Regional Agraria (DRA) y participar de la entrega de títulos de propiedad a productores de las 3 provincias de la región.",agraria.pe/agronegocios,https://agraria.pe/noticias/midagri-anuncia-inyeccion-de-s-60-millones-en-creditos-a-pro-24684
2021-06-21,Exportaciones peruanas de jugo de limón sumaron US$ 5.7 millones entre enero y mayo de este año," Entre enero y mayo del presente año, Perú exportó 6.407.186 kilos de jugo de limón por un valor FOB de US$ 5.720.261. Estas cifras revelan un descenso desde los 8.330.246 kilos exportados en igual periodo de 2020 por US$ 6.418.795. Según reporte del portal Agrodata Perú, el principal destino de estos envíos en el periodo correspondiente a 2021 fue Estados Unidos, donde se logró colocaciones por US$ 3.399.000. A continuación se ubicaron Países Bajos con US$ 1.054.000, Israel con US$ 420.000, Canadá con US$ 308.000 y Reino Unido con US$ 206.000. Entre las principales empresas exportadoras del rubro se ubicaron Multifoods SAC con ventas por US$ 2.859.519, Agroindustrias AIB SA con US$ 1.359.661, Limones Piuranos SAC con US$ 1.026.512 y varios otros con US$ 474.570.",agraria.pe/agronegocios,https://agraria.pe/noticias/exportaciones-peruanas-de-jugo-de-limon-sumaron-us-5-7-millo-24672
2021-06-18,Perú concreta acuerdos fitosanitarios para iniciar exportaciones de cítricos hacia Uruguay," El Ministerio de Desarrollo Agrario y Riego (Midagri) anunció el inicio de las exportaciones de cítricos a Uruguay, luego que el jefe del Servicio Nacional de Sanidad Agraria (Senasa), Miguel Quevedo Valle y el Embajador de Uruguay en Perú, Luis Hierro López, sostuvieran una reunión de trabajo, en donde establecieron los acuerdos finales para el acceso de mandarinas, naranjas, tangelos, limón (sutil y tahití) a este mercado sudamericano. En base al plan de trabajo acordado, los requisitos fitosanitarios para la exportación de estos productos serán publicados en el portal web del Servicio Nacional de Sanidad y Calidad Agroalimentaria de Uruguay. “El acceso a este mercado brindará mayores oportunidades para los productores peruanos; contribuyendo en paralelo, con el dinamismo económico del sector agrario. De igual forma, venimos trabajando en campo con los productores para resguardar la producción nacional y cumplir con los estándares sanitarios y fitosanitarios en beneficio de los consumidores peruanos y del mundo”, agregó el jefe del Senasa, Miguel Quevedo. Para la exportación de cítricos, la autoridad uruguaya exige como principal requisito que los envíos se encuentren libres de plagas cuarentenarias y cuenten con el Certificado Fitosanitario de exportación emitido por el Senasa, este documento garantizará el ingreso de estos productos al país de destino. Los productos como la mandarina, tangelo, naranja y toronja serán sometidos a un tratamiento cuarentenario de frío para el control de moscas de la fruta. En el caso de limón (sutil y tahití) no es necesario dicho tratamiento. El mercado uruguayo se suma a los 45 países a los que ya se exporta estas frutas actualmente, siendo los más importantes Estados Unidos y los países de Europa para el caso de las mandarinas; y Chile, Panamá y Bolivia para el caso del limón sutil y limón tahití. Datos . Según las cifras oficiales, durante la campaña 2020 el Perú logró exportar un total de 268.000 toneladas de cítricos, encabezados por la mandarina con 200.000 toneladas, limones con 19.000 toneladas, naranja con 29.000 toneladas, tangelo con 18.000 toneladas y toronja con 2.000 toneladas. . Las principales regiones exportadoras de cítricos en el país son Ica, Junín y Lima; destacando además Piura, con sus exportaciones de limón, al igual que Lambayeque.",agraria.pe/agronegocios,https://agraria.pe/noticias/peru-concreta-acuerdos-fitosanitarios-para-iniciar-exportaci-24663
2021-06-15,GRA La Libertad instalaría 1.536 reservorios de agua en la provincia de Bolívar con una inversión de S/ 10 millones," La Gerencia Regional de Agricultura de La Libertad (GRA La Libertad) proyecta instalar 1.536 reservorios dentro del programa Siembra y Cosecha de Agua en la provincia de Bolívar. Muchos de estos reservorios ya están listos para impermeabilizar y 90 ya se han completado. Así lo informó el titular del Gobierno Regional de La Libertad, Manuel Llempén, quien indicó que dicha iniciativa permitirá a los agricultores de la zona obtener dos o tres cosechas al año y no esperar la temporada de lluvias para sembrar. Estas obras se realizarán en el marco del proyecto “Mejoramiento del servicio de agua para riego mediante reservorios en el ámbito de 6 distritos de la provincia Bolívar” que demandará una inversión de S/ 10.044.598. En total, se almacenará 138.775 m3 de agua de lluvia para irrigar 1.387 hectáreas de cultivos. Detalló que en el distrito de Bolívar se harán 268 reservorios, en Uchumarca 249, en Longotea 125, en Ucuncha 62, en Bambamarca 574 y en Condormarca 258. Asimismo, en el distrito de Bambamarca se construirán cuatro reservorios de mayor capacidad, llamados qochas. En otro momento, Manuel Llempén señaló que está gestionando una alianza de los agroexportadores de Chavimochic con los campesinos para capacitar a estos en la producción tecnificada, y de esa manera puedan insertarse a la agroexportación Dato . En toda la región La Libertad se ha logrado construir más de 10.400 reservorios.",agraria.pe/agronegocios,https://agraria.pe/noticias/gra-la-libertad-instalaria-1-536-reservorios-de-agua-en-la-p-24631
2021-06-15,"Midagri: Agroexportaciones peruanas sumaron US$ 2.274 millones en el primer cuatrimestre del año, registrando un aumento de 16.5%"," Durante el periodo enero-abril de este año, las agroexportaciones peruanas alcanzaron los US$ 2.274 millones, representando un aumento de 16.5% en comparación a lo obtenido en el 2020, informó el Ministerio de Desarrollo Agrario y Riego (Midagri). Detalló que en el primer cuatrimestre del 2021 las exportaciones agrarias tradicionales sumaron US$ 70 millones, cifra que significó un aumento de 3.6%, respecto a lo registrado en igual periodo del año pasado. Dentro de este grupo de productos, destacan las exportaciones de café sin tostar (US$ 54 millones) que logró un aumento de 9.7%. Por su parte, las agroexportaciones no tradicionales totalizaron US$ 2.204 millones, cifra 17% mayor a lo observado en similar periodo del 2020. Los principales productos fueron: uva fresca US$ 473 millones (21% de participación); palta fresca US$ 264 millones (12%); mango fresco US$ 222 millones (10%); mango congelado US$ 91 millones (4.1%); espárrago fresco US$ 69 millones (3.1%); las demás frutas US$ 65 millones (2.9%) y arándanos US$ 56 millones (2.5%); preparaciones utilizadas para la alimentación de los animales US$ 53 millones (2.4%). Del mismo modo, se resaltan las mayores colocaciones de bananas frescas por US$ 52 millones (2.3%), los demás cacaos en grano US$ 33 millones (1.5%), espárragos preparados US$ 32 millones (1.4%), las demás quinuas US$ 29 millones (1.3%), jengibre sin triturar ni pulverizar US$ 27 millones (1.2%), las demás páprikas US$ 25 millones, entre otros. Los productos que alcanzaron mayor contribución al crecimiento durante el periodo enero-abril del 2021 respecto al 2020 fueron: palta fresca (+61%), uvas frescas (+17%), arándanos (+72%), demás preparaciones alimenticias de harina sémola, almidón, fécula o extracto de malta (+3.433%), cebollas y chalotes frescos (+131%), espárrago fresco (+23%), mango fresco (+6,0%), las demás frutas (+23%), los demás cacaos en grano (+39%), jengibre (+44%), fresas congeladas (+159%) y tara en polvo (+98%). Es importante destacar en la canasta de productos no tradicionales, las exportaciones de frutas y hortalizas, cuyas ventas alcanzaron los US$ 1.446 millones (66% de las agroexportaciones no tradicionales) en este primer cuatrimestre, cifra que significó un aumento de 23% respecto a similar periodo de 2020. Asimismo, los principales países de destino de las exportaciones agrarias peruanas fueron Estados Unidos, Holanda, España, Chile, Hong Kong, Ecuador, China, Inglaterra, México, Alemania. Estos diez países concentraron el 77% del total del valor FOB exportado en los cuatros primeros meses del año. Solo en abril En abril del 2021, las agroexportaciones peruanas crecieron en más de 50% sumando US$ 526 millones, en comparación a los US$ 350 millones registrados durante el mismo mes del año pasado. En ese mes, incidieron en las cifras de crecimiento las mayores colocaciones de paltas frescas, espárragos frescos, demás frutas, mangos frescos, preparaciones alimenticias de harina sémola, almidón, fécula o extracto de malta, pelo fino cardado o peinado de alpaca o de llama, espárragos conservados, arándanos, los demás cacao, alcachofas y mango congelado, entre otros. El Midagri detalló que en abril del 2021 las exportaciones agrarias tradicionales alcanzaron US$ 13 millones, monto que significó un aumento de 23% respecto a lo registrado al 2020. En este grupo destacaron las ventas de café sin tostar (US$ 8.2 millones), que registró un aumento de 2.2%. Solo este producto explicó el 63% de las agroexportaciones tradicionales. Mientras, las agroexportaciones no tradicionales durante abril totalizaron US$ 513 millones, cifra superior en 51% a lo observado en ese mes del año pasado. Los principales productos del ranking agroexportador no tradicional fueron: paltas frescas (28% de participación), demás frutas frescas (5.3% de participación), espárragos frescos (4.1%) y mangos congelados (3.8%). También resaltaron las preparaciones utilizadas para la alimentación de los animales (3.3%), bananas incluidos los plátanos tipo ""cavendish valery"" frescos (2.7%), mangos frescos (2.7%), mandarinas incluidas las tangerinas y satsumas (2.3%), espárragos preparados (2.2%), las demás quinuas (1.7%), alcachofas (1.5%) y cacao en grano (1.3%). Estos 12 productos en conjunto concentran el 59% del total de productos no tradicionales exportados. Asimismo, en abril los productos no tradicionales que registraron crecimiento positivo en su valor de exportación fueron: paltas frescas US$ 144 millones (+62% de crecimiento), las demás frutas frescas US$ 27 millones (+59%), espárragos frescos US$ 21 millones (+164%) y mangos frescos US$ 14 millones (+70%). Además, se mencionan las demás preparaciones alimenticias de harina sémola, almidón, fécula o extracto de malta US$ 5.8 millones (+4.072%), pelo fino cardado o peinado de alpaca o de llama US$ 5.7 millones (+601%), espárragos preparados US$ 11 millones (+73%), arándanos US$ 4,2 millones (+4 535%), entre otros.",agraria.pe/agronegocios,https://agraria.pe/noticias/midagri-agroexportaciones-peruanas-sumaron-us-2-274-millones-24626
2021-06-14,Concytec designa más de S/ 8 millones para impulsar desarrollo y competitividad de Piura," Con la finalidad de impulsar el desarrollo de la competitividad en la región Piura, el Consejo Nacional de Ciencia, Tecnología e Innovación Tecnológica (Concytec), a través del Fondo Nacional de Desarrollo Científico, Tecnológico y de Innovación Tecnológica (Fondecyt), ha destinado un monto de S/ 8.764.453 para el financiamiento de proyectos ejecutados por entidades públicas y privadas que responden a los sectores priorizados ambiente, agroindustria y elaboración de alimentos, manufactura avanzada, energía y forestal maderable. Estas iniciativas resultaron ganadoras de las convocatorias: aceleración de la innovación, equipamiento, proyectos de I+D+i y programas de doctorado. Entre los principales proyectos relacionados al sector ambiente, investigadores de la Universidad de Ingeniería y Tecnología (UTEC), se encuentran desarrollando un perfil socio ambiental que permite estudiar la correlación entre el fenómeno el Niño y el desarrollo urbano. Esta investigación centra su estudio en Piura y busca prevenir y mitigar desastres naturales futuros en beneficio de la población más vulnerable. En cuanto al sector agroindustrial y elaboración de alimentos, la Universidad de Piura (UDEP) viene desarrollando una investigación que consiste en el diseño de una metodología para mejorar y controlar la productividad agrícola, específicamente su aplicación en la crianza de langostinos. Este proyecto se encuentra finalizando con el diseño de un aplicativo web que muestra los informes semanales que recibe la instalación para cada una de las piscinas monitoreadas que albergan a estos crustáceos. En ese mismo sector, la Asociación para la Ciencia e Innovación Agraria de la Red Norte (AGRORED NORTE), ejecuta una iniciativa que trabaja sobre nuevas propiedades de frutos nativos para promover la reforestación y el biocomercio, que actualmente se encuentra en la fase final a través de una propuesta de elaboración de infusiones con mezclas de estas frutas originarias deshidratadas (para uso filtrante) que se encuentran en trámite de patente, para luego ser colocados en el mercado. Las propuestas también responden al sector forestal maderable con el desarrollo de un modelo de manejo sostenible que incorpore los conocimientos científicos de las características climáticas, edáficas y biológicas asociadas a la germinación y crecimiento de las poblaciones de algarrobo para su explotación maderable. Esta iniciativa surge con el fin de controlar la tala ilegal que representa uno de los mayores problemas medioambientales, ecológicos y económicos que enfrenta la región Piura. El sector manufactura avanzada se encuentra atendido gracias al proyecto Transformación Digital del sector Agro - Industrial aplicado al Banano Orgánico, que viene contribuyendo con los agricultores y la prevención de futuras enfermedades en sus cultivos, a través de un sistema automatizado de inteligencia artificial, que permite realizar un monitoreo online, en tiempo real, de datos climatológicos, características del aire y suelo, y recolección de data agrícola, a través del Machine Learning. Cabe señalar que en la convocatoria programa de doctorado resultó seleccionado el doctorado en ingeniería con mención en ""Automatización, Control y Optimización de Procesos"", cuyo objetivo es promover la investigación científica en los campos de la ingeniería, relacionados con la automatización, el control, la optimización de procesos y las TIC aplicadas a la industria. Ello con la finalidad de generar impacto positivo en sectores productivos estratégicos de la región Piura y el país. Es importante informar que el Concytec, en el marco del convenio préstamo BIRF 8682-PE con el Banco Mundial, financia 386 proyectos a lo largo del territorio nacional, con un monto que asciende los S/ 235 millones de soles y que están siendo ejecutados por entidades públicas y privadas de 22 regiones del Perú en beneficio de más peruanos y peruanas. Dato . Para conocer más acerca de estos y otros proyectos, además de sus avances, se puede visitar la página web: https://bancomundial.fondecyt.gob.pe/",agraria.pe/agronegocios,https://agraria.pe/noticias/concytec-designa-mas-de-s-8-millones-para-impulsar-desarroll-24624
2021-06-14,Agroexportaciones peruanas crecieron en valor 19% en los primeros 5 meses del 2021," Las exportaciones peruanas de productos agrícolas alcanzaron los US$ 506 millones en mayo del presente año, reflejando un incremento de 16% frente a lo alcanzado en igual mes del 2020. Con estos envíos, el resultado de los primeros cinco meses del año sumó US$ 2.815 millones, 19% mayor al del 2020 y 18% mayor al 2019. El crecimiento alcanzado en los 5 primeros meses del año se explica por la recuperación de la economía global y una mayor flexibilización del comercio internacional. Durante mayo, los principales productos agrícolas exportados fueron la palta (33% de participación), la mandarina (7%) y el espárrago (5%). A pesar de que todos los productos mostraron un incremento en valor con respecto al 2020, cada uno tuvo una dinámica particular durante el mes. Palta consigue mejores precios Las exportaciones peruanas de palta durante el mes de mayo sumaron 79.267 toneladas por US$ 166 millones. En comparación al 2020, los envíos de la fruta cayeron 6% en volumen y crecieron 14% en valor. La contracción de la oferta de palta peruana permitió que el precio se incrementara 21% hasta cotizarse en US$ 2.10 por kilogramo. El 2020 fue un año particular para el mercado de palta. El incremento desmedido de la oferta en un contexto de recesión económica, donde las familias percibieron ingresos más bajos y tuvieron que cambiar sus preferencias, ocasionó que el precio de la fruta cayera por debajo de US$ 2.00 por kilogramo (el más bajo de los últimos cinco años). Frente a la pérdida de valor, las empresas peruanas tenían que buscar una nueva estrategia para la siguiente campaña. En el 2021, los exportadores tenían dos opciones: incrementar su oferta, y seguir perdiendo valor, o contralar sus envíos y esperar que incrementen los precios. Hasta abril, las empresas peruanas tuvieron margen para incrementar su oferta sin afectar los precios; ya que España, principal proveedor de Europa en estos meses, tuvo problemas con su producción (dejando el mercado desatendido). La situación cambió en mayo, mes en que el Perú es principal proveedor de la fruta con más de 40% de participación. Un incremento desmedido de su oferta pudo ocasionar una fuerte caída de precios, similar a la observada en el 2020. Sin embargo, las empresas peruanas optaron por controlar sus envíos, logrando obtener precios por encima de los US$ 2.00 por kilogramo. Los principales destinos de la palta peruana en mayo del 2021 fueron los Países Bajos, con 40% de participación; España, con 18%, y Estados Unidos, con 14%. A los Países Bajos se enviaron 31.895 toneladas de palta por US$ 67 millones, 7% menos en volumen pero 17% más en valor con respecto al mismo mes del 2020. El precio que se pagó por la fruta en este mercado fue de US$ 2.09 por kilogramo, 27% más alto. Los principales compradores en el mes fueron Nature’s Pride B.V., con 19% de participación, y Westfalia Marketing B.V., con 6%. Las exportaciones hacia España sumaron 14.552 toneladas por US$ 30 millones, 16% menos en volumen, pero 3% más en valor en comparación al 2020. Con respecto al precio, en este mercado se pagó por la fruta peruana US$ 2.06 por kilogramo, 0.23% más en comparación al periodo anterior. En cuanto a los compradores españoles, destacaron José Luis Montosa S.L., con 19% de participación, y Trops Import-Export S.L., con 10%. Las exportaciones hacia Estados Unidos alcanzaron las 10.782 toneladas por US$ 22 millones, 4% más en volumen y 2% menos en valor en comparación al año anterior. El precio que se pagó por la palta en el mercado norteamericano fue de US$ 2.07 por kilogramo, 5% más bajo con respecto al 2020. Los compradores más importantes de palta peruana fueron Mission Produce Inc., con 31% de participación, y Walmart Inc., con 14%. Mandarina no deja de crecer Las exportaciones de mandarina peruana en mayo sumaron 31.947 toneladas por US$ 35 millones, 29% más en volumen y 28% más en valor en comparación al 2020. A pesar del incremento de la oferta, el precio de la mandarina se mantuvo similar al del año anterior: US$ 1.11 por kilogramo. La demanda por mandarina ha incrementado a raíz de la pandemia. Alrededor del mundo, las personas empezaron a consumir más cítricos, pues estos tienen propiedades que ayudan a reforzar el sistema inmunológico y a combatir las gripes y los resfriados. Los principales destinos de la mandarina peruana fueron Estados Unidos, con 27% de participación; el Reino Unido, con 21%, y los Países Bajos, con 15%. Las exportaciones del cítrico hacia Estados Unidos sumaron 8.410 toneladas por US$ 10 millones, 16% menos en volumen y 18% menos en valor en comparación al 2020. En este mercado, se pagó por la mandarina peruana US$ 1.17 por kilogramo, 3% menos. En cuanto a los compradores del país norteamericano, destacaron LGS Specialty Sales Ltd., con 14% de participación, y Walmart Inc., con 10%. Al Reino Unido, los envíos de mandarina peruana alcanzaron las 6.763 toneladas por US$ 7 millones, 22% más en volumen y 24% más en valor con respecto al 2020. A pesar del incremento de la oferta, en este mercado se pagó US$ 1.04 por kilogramo, 2% más. En cuanto a los compradores de mandarina peruana, los más importantes en este destino fueron Pacific Produce Ltd., con 36% de participación, y AMT Fresh UK Ltd., con 25%. En el caso de las exportaciones a los Países Bajos, estas sumaron 4.576 toneladas por US$ 5 millones, 69% más en volumen y 53% más en valor con respecto al año anterior. En este mercado, el precio de la fruta cayó 10% hasta cotizarse en US$ 1.01 por kilogramo. En cuanto a los compradores, destacaron United Fruits B.V., con 18% de participación, y Exsa Europe B.V., con 13%. Espárrago se sigue recuperando Las exportaciones de espárrago fresco peruano sumaron 11.005 toneladas por US$ 27 millones, 15% más en volumen y 18% más en valor con respecto al mismo periodo del 2020. A pesar del incremento de la oferta, los precios de la hortaliza crecieron 3% hasta alcanzar los US$ 2.53 por kilogramo. Este resultado, sigue mostrando una clara recuperación de los envíos, pues en el 2020 el espárrago fue uno de los productos más afectados por la pandemia. La restricción de vuelos, sumada a la implementación de nuevos protocolos, ocasionaron una reducción drástica de las exportaciones. Los principales destinos de la hortaliza en mayo fueron Estados Unidos, con 85% de participación; España, con 4%, y el Reino Unido, con 2%. Las exportaciones peruanas hacia Estados Unidos sumaron 9,185 toneladas por US$ 22 millones, 3% más en volumen y 2% más en valor en comparación a mayo del 2020. El precio obtenido por la hortaliza en el mercado norteamericano fue de US$ 2.35 por kilogramo, 1% menor al del año anterior. En cuanto a los compradores, destacaron Southern Especialties Inc., con 10% de participación, y Ayco Farms Inc., con 9%. A España, las exportaciones peruanas de espárrago alcanzaron las 429 toneladas por US$ 1 millón. Los envíos de la hortaliza crecieron nueve veces en comparación al volumen y al valor obtenido en el 2020. A pesar del incremento de la oferta, el precio del espárrago peruano fue similar al del año anterior: US$ 3.14 por kilogramo. En el mercado europeo, los principales compradores fueron Barfoots of Botley Ltd., con 35% de participación, y Carbamericas Inc., con 23%. En cuanto a las exportaciones de espárrago peruano al Reino Unido, estas sumaron 190 toneladas por US$ 790 mil. En comparación al 2020, los envíos de la hortaliza crecieron 118% en volumen y 159% en valor. A pesar del incremento de la oferta, el precio del espárrago en el mercado incrementó 19%, hasta alcanzar los US$ 4.16 por kilogramo. Los principales compradores fueron Flamingo Produce Ltd., con 83% de participación, y Costco Wholesale UK Ltd., con 10%. Fuente: Fresh Fruit",agraria.pe/agronegocios,https://agraria.pe/noticias/agroexportaciones-peruanas-crecieron-en-valor-19-en-los-prim-24620
2021-06-14,Perú recuperó liderazgo como proveedor mundial de espárrago fresco en 2020," El 2020 trajo consigo diferentes retos para las agroexportaciones peruanas, en especial para el espárrago, primer producto estrella de nuestra canasta que tuvo que lidiar con cambios en su medio de transporte habitual, disminución en la mano de obra, entre otros desafíos. No obstante, gracias a que las empresas esparragueras supieron adaptarse rápidamente, los envíos sumaron 125.386 toneladas por US$ 377.1 millones, lo que representó una contracción de 5% en volumen y 4% en valor en comparación al año previo, siendo esta una caída leve dentro del contexto de crisis mundial. Con esta nueva cifra, el Perú logró recuperar el primer puesto como principal proveedor de espárrago a nivel mundial. México, principal competidor que había destronado al Perú hace cuatro años, experimentó en el 2020 una caída de 54% en volumen y 17% en valor (168.686 toneladas por US$ 372.7 millones). Cabe resaltar que, a nivel mundial, los envíos de esta hortaliza durante el 2020 cayeron 12% en volumen y 7% en valor (410.033 toneladas por US$ 1.252 millones). Con respecto a los principales mercados, Estados Unidos acumuló una participación de 68% (US$ 255.6 millones), mientras que Reino Unido, los Países Bajos, España y Canadá tuvieron una participación conjunta de 26%. Por el lado del precio, la hortaliza peruana recibió una mejor cotización en el mercado británico, US$ 4.44 por kilogramo, y la más baja en el mercado estadounidense: US$ 2.74 por kilogramo. En su principal destino, los envíos de espárrago peruano concentraron el 46% de participación total, ubicándose en segundo puesto frente al producto mexicano, que acumuló 53%. No obstante, respecto a la cotización del espárrago en Estados Unidos, el mexicano obtuvo un precio de US$ 2.26 por kilogramo, 14% menor al del 2019. El espárrago peruano, en cambio, recibió un precio similar al 2019: US$ 3.50 por kilogramo. Fuente: Fresh Fruit",agraria.pe/agronegocios,https://agraria.pe/noticias/peru-recupero-liderazgo-como-proveedor-mundial-de-esparrago--24618
2021-06-14,Exportaciones peruanas de uvas de mesa frescas crecieron 27.9% en los cuatro primeros meses del 2021," En el primer trimestre del año, la producción nacional de uva de mesa alcanzó las 364.542 toneladas por un valor de S/ 520 millones, registrando un aumento del 17% respecto a igual periodo del 2020, cuando se produjeron 311.525 toneladas por un valor de S/ 444 millones, informó el Ministerio de Desarrollo Agrario y Riego (Midagri). Ica se posiciona como el principal productor de uva durante enero-marzo del 2021, con 254.092 toneladas producidas, 22.3% más que la cantidad registrada en similares meses del 2020. Cabe resaltar que este departamento abarca el 69.7% de la producción vitícola nacional. Le siguen en el ranking de regiones productoras de uva de mesa, Lima con 39,125 toneladas (+8.6%), y participando con el 10.7% del total; La Libertad con 21.115 toneladas (+0.03%), el 5.8% del total nacional; y Piura, con 19.173 toneladas (+28.4%), el 5.3% de la producción. Por el lado de las exportaciones, la Superintendencia Nacional de Aduanas y de Administración Tributaria (Sunat) registró que en el periodo enero-abril del 2021 las exportaciones peruanas de uva de mesa frescas suman los US$ 532 millones, mostrando un aumento de 27.9% en comparación a los US$ 416 millones alcanzados en iguales meses del 2020. Además, se posicionan como el producto de mayor valor de exportación en lo que va del año, con una participación del 23.9% del total de agroexportaciones. Solo en abril de 2021, los envíos de uvas al exterior alcanzaron US$ 1.9 millones, un 72.9% más que lo registrado en el mismo mes de 2020; además fue un valor similar al de 2019. En cuanto a los mercados de exportación en el primer cuatrimestre del presente año, Estados Unidos se posicionó como el principal destino con US$ 248 millones, un 16.3% más que en los primeros cuatro meses de 2020, y representó el 46.6% del total de nuestros envíos del sector al mundo. Le sigue Hong Kong, con US$ 80 millones y un crecimiento del 35%, que además representó el 15% de los envíos. A continuación, aparece Holanda, que registró un valor de US$ 58 millones y un crecimiento del 49.9%, además del 10.9% de exportaciones al mundo. Para completar el top 5, tenemos a México, con US$ 24 millones (+8.1%), 4.5% del total; y China, con US$ 21 millones (+7%), el 4% de los envíos. Exportaciones a nivel departamental Ica es la principal región exportadora de uva de Perú. Los envíos iqueños al exterior ascendieron a US$ 435 millones en el periodo enero-abril, 34.6% más que en 2020, y este monto corresponde al 81.7% de los envíos acumulados en lo que va del año. Luego está Piura, con envíos por US$ 45 millones, -1.4% que en el mismo periodo de 2020, y el 8.5% del total. Le siguen La Libertad, con US$ 23 millones (+51.8%), 4.4% de las exportaciones, y Lambayeque, con US$ 14 millones (-14.8%), el 2.6% del total exportado En estos primeros cuatro meses, los principales destinos de exportación para Ica fueron Estados Unidos (US$ 198 millones), Hong Kong (US$ 76 millones), Holanda (US$ 41 millones), México (US$ 21 millones) y China (US$ 20 millones). Para Piura, los principales destinos fueron Estados Unidos (US$ 18 millones), Holanda (US$ 8 millones), Canadá (US$ 2 millones), México (US$ 1millón) y España (US$ 727,007). En el caso de La Libertad, los tres principales destinos fueron Estados Unidos (US$ 14 millones), Holanda (US$ 3 millones) y Corea del Sur (US$ 2 millones); mientras que los envíos de Lambayeque tuvieron como principales receptores a Estados Unidos (US$ 8 millones), Holanda (US$ 2 millones) y México (US$ 1 millón). En lo que respecta solo al mes de abril del 2021, las exportaciones de uva son lideradas por Ica, que exportó este producto por un valor de US$ 1 millón, 127.2% mayor al monto registrado el mismo mes de 2020; además, el departamento sureño representó el 55.6% de las exportaciones totales de esta fruta ese mes.",agraria.pe/agronegocios,https://agraria.pe/noticias/exportaciones-peruanas-de-uvas-de-mesa-frescas-crecieron-27--24614
2021-06-09,Agroexportaciones peruanas crecen 19.3% en el primer cuatrimestre del 2021," En el primer cuatrimestre del año, las agroexportaciones peruanas (tradicionales + no tradicionales) sumaron US$ 2.306.000.000, lo que representó un incremento de 19.3% frente a los US$ 1.932.793.545 alcanzados en igual periodo del 2020. Así lo indicó la Sociedad de Comercio Exterior del Perú (Comex Perú), quien detalló que, de enero a abril del 2021, los envíos agrícolas (tradicional) alcanzaron los US$ 80 millones, mostrando un alza de 7.1% en comparación a los US$ 74.696.545 obtenidos en similares meses del año anterior. Por su parte, los despachos agropecuarios y/o agroindustriales en los cuatro primeros meses del presente año ascendieron a US$ 2.226.000.000, registrando un aumento de 19.8%, versus los US$ 1.858.097.000 registrados el mismo periodo del 2020 Solo abril Comex Perú detalló que solo en abril de este año, las agroexportaciones peruanas totales (tradicional + no tradicional) sumaron US$ 496.000.000, lo que representó un incremento de 47.28% frente a los US$ 336.772.453 alcanzados en igual mes del 2020. Explicó que en abril del 2021, los envíos agrícolas (tradicional) alcanzaron los US$ 12 millones, mostrando un alza de 17.8% en comparación a los US$ 10.186.757 obtenidos en similar mes del año anterior. Mientras que, en abril del presente año, los despachos agropecuarios y/o agroindustriales (no tradicional) ascendieron a US$ 484.000.000, registrando un aumento de 48.2% versus los US$ 326.585.695 registrados el mismo mes del 2020.",agraria.pe/agronegocios,https://agraria.pe/noticias/agroexportaciones-peruanas-crecen-19-3-en-el-primer-cuatrime-24580
2021-06-07,Agroexportaciones peruanas crecieron 19% en el primer cuatrimestre del año," De enero a abril del presente año, las agroexportaciones peruanas crecieron 19% frente a lo alcanzado en iguales meses del 2020, informó la ministra de Comercio Exterior y Turismo, Claudia Cornejo. La funcionaria esaltó que, en los primeros cuatro meses de 2021, los envíos de fruta crecieron 25% gracias a los mayores volúmenes y precios de exportación de productos como la uva, el arándano y la palta. En las hortalizas, destaca la venta de cebolla, la cual se duplicó (104%) en el primer cuatrimestre del año, y los envíos de espárrago fresco y conserva, que crecieron 12% y 11%, respectivamente. Por otro lado, la venta de pimiento creció 18%. Asimismo, la exportación de jengibre de enero a abril alcanzó los US$ 28 millones, mostrando un incremento de 45%. La ministra Claudia Cornejo destacó que, solo en el mes de abril del presente año, las agroexportaciones peruanas aumentaron 47% frente a similar mes del 2020.",agraria.pe/agronegocios,https://agraria.pe/noticias/agroexportaciones-peruanas-crecieron-19-en-el-primer-cuatrim-24561
2021-06-07,Proarándanos: Exportaciones peruanas de arándanos generaron más de 100.000 puestos de empleo directo en la campaña 2020/2021," El arándano es una de las grandes estrellas de las agroexportaciones peruanas. En la campaña 2020/2021 los despachos de esta fruta por parte de nuestro país superaron los US$1.000 millones con envíos por más de 150.000 toneladas y para la siguiente campaña (2021/2022) se espera que el volumen a despachar aumente en 30%. Así lo señaló el gerente general de la Asociación de Productores de Arándanos del Perú (Proarándanos) Luis Miguel Vegas, quien indicó que Perú es el principal exportador de arándanos en el mundo. Hemos pasado de exportar 12.000 toneladas en la campaña 2015/2016 a más de 150 mil toneladas en la campaña 2020/2021 Agregó que el sector agroexportador es un motor de la economía nacional. En el 2020 el 11% del PBI nacional provino del sector agroexportador, dentro del cual los arándanos tienen un rol fundamental. Además, destacó que más allá de las importantes divisas obtenidas para nuestro país por las exportaciones de esta fruta, dicho cultivo ha permitido generar más de 100.000 puestos de empleo directo, principalmente ocupados por mujeres, en la campaña 2020/2021. Vegas señaló que todos estos logros se deben al profesionalismo de las operaciones y a las inversiones. Al respecto, mencionó que en el 2016 solo existían 2.300 hectáreas de arándanos en nuestro país, mientras que en el 2020 ya teníamos 13.600 hectáreas, y al cierre de este año se proyecta contar con 15.000 hectáreas productivas de esta fruta. Asimismo, resaltó la rápida respuesta de la industria arandanera peruana por satisfacer la demanda del mercado que es muy cambiante. Manifestó que en el 2016 Perú contaba 13 variedades de arándanos registradas para exportación, donde destacaba la Biloxi que participaba con el 58% del total de hectáreas, sin embargo, al cierre del 2020 se registraron 46 variedades, continuando Biloxi como la variedad más importante, pero su participación se ha reducido al 39% del total. “Los productores están buscando nuevas variedades, apuestan siempre por tener un mejor producto que cumpla con las exigencias de los consumidores que cada vez están más informados. Puedes tener una fruta muy rica pero el reto es que mantenga su condición cuando llegue al mercado destino que cada vez son más lejanos. Ahí el tema varietal amarrado al tema operativo ha permitido a Perú posicionarse a nivel mundial en este cultivo”, sostuvo. IBO Summit 2021 En otro momento, el gerente general de Proarándanos se refirió a IBO Summit 2021, el evento más importante de la industria de arándanos a nivel global, y que se realizará de manera virtual en nuestro país del 23 al 25 de agosto. En los tres días del evento, que es desarrollado por Proarándanos y la International Blueberry Organization (IBO), organización mundial que reúne a líderes del arándano en todos los segmentos de la industria, habrá exposiciones (sobre producción, mercado, tendencias, marketing, desafíos del sector, beneficios para la salud, entre otros) a cargo de especialistas de renombre mundial, y visitas a campo -de manera virtual- a diferentes regiones del Perú donde se cultiva esta fruta, con el objetivo de mostrar la variedad que tiene nuestro país para ofrecerle al mundo. Durante el IBO Summit 2021, que tiene como lema “Together to be the Berry Best” (Juntos para ser los mejores en Berries), se espera la participación de 30 países de todo el mundo, entre productores, exportadores, importadores, cadenas de retails, proveedores de la industria, y todas las personas interesadas en la industria del arándano. Dato . Para mayor información del IBO Summit 2021, comuníquese al siguiente correo: auspicios.ibosummit2021@kandavubtl.com o siga el siguiente enlace: https://ibosummit2021.com.pe/",agraria.pe/agronegocios,https://agraria.pe/noticias/proarandanos-exportaciones-peruanas-de-arandanos-generaron-m-24557
2021-06-04,Productores de Amazonas exportan 200 toneladas anuales de cacao fino de aroma a Europa," Los integrantes de la Asociación de Productores Cacaoteros y Cafetaleros del Amazonas (Aprocam), mejoraron sus capacidades de acopio y procesos de poscosecha, tras acceder a un Plan de Negocio del Programa de Compensaciones para la Competitividad (Agroideas). Como resultado, hoy exportan 200 toneladas anuales de cacao fino. ""Nosotros exportamos de manera directa a Europa, principalmente a Italia, donde llega el 80% de la producción. También exportamos a Suiza, Canadá y Austria en microlotes. Para este año estamos buscando mercado para llegar también a Francia"", explica Mario Zulueta, gerente y socio de Aprocam. El centro poblado Tomaque, en el distrito y provincia de Bagua, alberga el centro de operaciones de esta organización agraria, que cuenta con una infraestructura completa para todos los procesos de poscosecha del cacao que, en el año 2014, modernizaron y ampliaron con el apoyo de Agroideas. ""Nuestro cuello de botella era el tema de fermentado y secado, que hemos avanzado muchísimo, al igual que el tema de almacén. Hemos construido también una pequeña miniplanta para el proceso de chocolate con maquinaria que nos ha apoyado el programa"", reveló Edmundo Llanos, socio de esta cooperativa. Con el Plan de Negocio, ejecutaron la adquisición de módulos de fermentación, secadores, desmalezadoras, motofumigadoras, motocicletas, asistencia técnica e insumos agrícolas. El proyecto, que tuvo un valor de S/ 1.4 millones (inversión de Agroideas por S/ 847 mil y el aporte un de la cooperativa por S/ 564 mil), incluyó la construcción de un centro de acopio y la implementación de una miniplanta procesadora, donde actualmente transforman sus granos de cacao orgánico en chocolate ""Bagua"", producto comercializado de manera local en el mercado, además de Chachapoyas y Chiclayo. Aunque iniciaron 26 familias, hoy son 460 las que integran la Cooperativa Aprocam, cuyas parcelas se encuentran ubicadas en las provincias de Bagua, Utcubamba y Condorcanqui, de las cuales un 30% pertenecen a las comunidades nativas de la etnia Awajun. Todos ellos viven el sueño de la industrialización del cacao gracias a la implementación de tecnología agraria. Dato . Agroideas ha aprobado un total de 75 Planes de Negocio en la cadena productiva de cacao, en favor de más de 6.000 productores de 13 regiones del país, destacando San Martín, Piura, Junín y Huánuco. La inversión para estos proyectos fue de S/ 30 millones por parte del Estado, atendiendo 15.146 hectáreas dedicadas a este cultivo.",agraria.pe/agronegocios,https://agraria.pe/noticias/productores-de-amazonas-exportan-200-toneladas-anuales-de-ca-24548
2021-06-02,Oficializan nuevo Agro Rural para brindar mejores servicios," Con el fin de brindar mejores servicios al agricultor familiar y generar el desarrollo productivo integral en su economía, se oficializó en la ciudad de Huancayo el nuevo Programa de Desarrollo Productivo Agrario Rural (Agro Rural). En la actividad participó el titular del Ministerio de Desarrollo Agrario y Riego (Midagri), Federico Tenorio, quien, junto a la directora ejecutiva del nuevo Agro Rural, Roxana Orrego, participaron en la formalización del nuevo manual de operaciones de Agro Rural, principal brazo ejecutor del sector. Roxana Orrego señaló que este importante instrumento de gestión permite ampliar y mejorar los servicios a los hombres y mujeres del campo. Remarcó que se impulsará el desarrollo de cadenas de valor agropecuarias para hacer más competitivos a los productores; y así, permitir su fácil acceso a nuevos mercados. ""De la mano con gobiernos regionales y locales, haremos intervenciones más integrales y sostenibles"", refirió. “En esta nueva etapa reforzaremos la articulación territorial intersectorial para el desarrollo rural; así como el cofinanciamiento a los gobiernos regionales a través de las Direcciones Regionales Agrarias y las Agencias Agrarias, que permitirá financiar proyectos de extensión agraria para el desarrollo de las capacidades a nivel local de productores de la agricultura familiar”, detalló la funcionaria. Orrego explicó asimismo que otro de los ejes consiste en la implementación de 20 unidades zonales desconcentradas con mayor capacidad y alcance a nivel a nivel nacional, consolidando así el proceso de descentralización, que es el principal objetivo del Gobierno. La funcionaria precisó que el nuevo MOP, que se publicó luego de 6 años mediante Resolución Ministerial N° 0137-Midagri, fija el compromiso de la actual gestión para el desarrollo de los hombres y mujeres que practican la agricultura familiar a escala nacional.",agraria.pe/agronegocios,https://agraria.pe/noticias/oficializan-nuevo-agro-rural-para-brindar-mejores-servicios-24524
2021-06-01,Agricultores del Alto Huallaga proyectan comercializar 1.284 toneladas de café este año," Agricultores del Alto Huallaga (Huánuco), que son promovidos por la Comisión Nacional para el Desarrollo y Vida sin Drogas (Devida), proyectan cosechar y comercializar este año 1.284 toneladas de granos de café, que generarán un movimiento económico de más de S/ 12 millones. Los agricultores beneficiados son de los distritos de Monzón (Huamalíes); Luyando, Rupa Rupa, Mariano Dámaso Beraún (Leoncio Prado), Chaglla (Pachitea), Marías (Dos de Mayo) y Chinchao. Las más de 1.200 toneladas de café que se prevé producirán serán vendidas a mercados nacionales e internacionales durante este año. Un total de 1.200 familias producen granos de café con la asistencia de especialistas de Devida, que acompañan a los agricultores en el proceso de instalación, crecimiento, producción, cosecha y poscosecha (desde la cosecha selectiva, fermentado, lavado, secado hasta el adecuado almacenamiento), para garantizar la calidad del grano de café. También durante el proceso de planificación, evaluación y negociación, con el fin de acceder a nuevos mercados a precios justos. Las toneladas de café se producen en 1.654 hectáreas que fueron abonadas en el 2020 con más de 700 toneladas de insumos entregados por la Comisión Nacional para el Desarrollo y Vida sin Drogas (Devida). “Este año es un buen tiempo para los cafetaleros de todo el Alto Huallaga por el incremento del precio del café; el kilogramo está por encima de los 10 soles y eso es bueno para los agricultores. El profesional tiene que implementar nuevas alternativas dentro de las cuencas cafetaleras que se asiste”, comentó el coordinador de la actividad, Emer Perdomo.",agraria.pe/agronegocios,https://agraria.pe/noticias/agricultores-del-alto-huallaga-proyectan-comercializar-1-284-24515
2021-06-01,Midagri proyecta que exportación peruana de papa alcance los US$ 5 millones este año," El Ministerio de Desarrollo Agrario y Riego (Midagri) proyectó que las exportaciones peruanas de papa sumarán US$ 5 millones al cierre del presente año, a pesar de la pandemia del coronavirus. Refirió que esta previsión se debe a la mayor demanda de los mercados internacionales por las papas peruanas, en sus diversas especies. “En el 2020 se exportó 17.160 toneladas pese a la pandemia y para el 2021 estimamos exportar hasta 18.000 toneladas de papa peruana”, afirmó el especialista de la cadena de papa del Midagri, Juan Miguel Quevedo. Así lo expresó en el marco de la campaña del Midagri “Papa Pa´ Ti, Lo Bueno Se Comparte” y la conmemoración por el décimo sexto aniversario del “Día Nacional de la papa”, que se celebra cada 30 de mayo. Quevedo destacó que la demanda por la papa peruana está creciendo principalmente en su presentación procesada, precocida y congelada en Estados Unidos, mientras que en Europa prefieren la papa peruana nativa y procesada para disfrutarlas en chips. Asimismo, señaló que Bolivia se ha convertido en uno de los principales compradores de papa peruana fresca, mercado internacional atendido por Puno, Arequipa, Cusco y Apurímac. “Bolivia solo ha cubierto una demanda parcial de 1.1 millones de toneladas de una demanda total de 1.2 millones de toneladas de papa. Por otro lado, la tunta producida en la sierra sur de Perú, es de muy buena calidad y les gusta a los hermanos bolivianos”, dijo. “El año pasado fue un récord, los bolivianos nos compraron 16.000 toneladas de papa fresca, dirigida a empresas que realizan el pelado, congelado y las venden a los restaurantes de comida rápida que se han incrementado en Bolivia, debido a que sus variedades locales tienen mucho contenido de azúcar”, agregó. La tunta es una papa procesada, deshidratada a bajas temperaturas, puestas en el río a temperaturas que llegan a -8 o -10 grados. “Es una papa que para consumirla se remoja unas dos semanas o tres, se puede almacenar como dos años. Es el complemento perfecto para los platos bolivianos como sopas y guisos”, dijo el especialista. En estos últimos años, también se ha procesado vodka a base de papas nativas de Huancavelica con mucho éxito en las tiendas y supermercados de Estados Unidos. Además, esta papa también ha servido para elaborar alcohol medicinal usado dentro del contexto de la pandemia del covid-19. Juan Miguel Quevedo indicó que gracias al Centro Internacional de la Papa (CIP), se identificaron unas 70 variedades de papas nativas aptas para la fritura, que fueron inscritas en el Registro de Cultivares Comerciales, siendo las más pedidas las de pulpa de color amarillo, rojo, morado, azul que son muy demandadas por las empresas que hacen papas fritas como snacks y su destino final es la exportación. Inversiones De otro lado, Quevedo señaló que en Perú se estima que la superficie total del cultivo de papas nativas llega a las 68.000 hectáreas, además el costo de producción por cada hectárea es un promedio de S/ 7.000. En consecuencia, indicó que los productores de esta papa, especialmente las organizaciones de productores con enfoque empresarial y cooperativas de productores invierten alrededor de S/ 476 millones en cada campaña agrícola. En el grupo de las papas nativas que tienen 7.000 años de antigüedad, destacan: Huayro, Huamantanga, Camotillo, Ceccorani, Peruanita, Sangre de toro, Wencos, Quecorani, Añil, Leona, Alcarraza, entre otras. Quevedo explicó que la última campaña agrícola de papa nativa se inició en agosto del 2020 y concluirá el próximo julio 2021. Este proceso contempla preparación de terreno, la siembra, el mantenimiento del cultivo, la cosecha y poscosecha; además, es en este periodo donde los productores individuales o empresas productoras ejecutan dicha inversión. Las papas nativas solían ser la base de la alimentación de autoconsumo de la población de la zona altoandina del Perú mayormente constituida por comunidades campesinas, pero a partir del 2008, cuando se celebró el Año Internacional de la Papa, donde hubo en el país un boom gastronómico, se promovió una importante demanda en el mercado y las papas nativas cobraron protagonismo hasta la fecha. Cabe señalar que aproximadamente 150.000 productores de la Agricultura Familiar dependen de la producción de papas nativas. El especialista de la cadena de papa del Midagri explicó que la papa nativa tiene muchas ventajas como ser inocuas, más sanas, más naturales y nutritivas, además se pueden consumir con cáscara y todo. “Antes no había papas nativas fritas, ahora las encontramos en varios restaurantes populares, inclusive acompañan al pollo a la brasa donde se usa la Huamantanga, Amarilla Tumbay, Huayro, Peruanita, Wencos, Alcarraza, etc. Incluso en la cocina fusión para paladares más exquisitos, la papa nativa está presente”, puntualizó.",agraria.pe/agronegocios,https://agraria.pe/noticias/midagri-proyecta-que-exportacion-peruana-de-papa-alcance-los-24514
2021-05-28,El 81% de agricultores con potencial agroexportador están sin acceso al crédito," Actualmente, la agricultura contribuye con el 3.3% del Producto Bruto Interno (PBI) del país y genera el 27.2% del total de empleos. En los últimos 20 años, la agroexportación, de alto valor, ha crecido de manera importante en el Perú, generando alrededor de US$ 6.000 millones al año en divisas. Sin embargo, esta dinámica agroexportadora se ha concentrado principalmente en los valles de la costa y en unidades agropecuarias con alta capacidad financiera y tecnológica. Ante ello, Daniel De La Torre Ugarte y Carlos Heros, investigador y asistente de investigación del Centro de Investigación de la Universidad del Pacífico (CIUP) analizaron esta problemática y expusieron algunas propuestas en el documento “Actividad agrícola exportadora inclusiva y sostenible como motor de desarrollo”, en la cual se identifica que el 97.2% de unidades agropecuarias del país califica como pequeña agricultura familiar y se encuentra ubicada mayormente en la sierra y selva. El reporte revela que el 57.5% de los pequeños agricultores con potencial agroexportador no utiliza ningún tipo de fertilizantes en sus cultivos, el 80.8% no ha recibido capacitación productiva y el 81% no cuenta con acceso al sistema financiero. Los expertos señalan que esas condiciones de trabajo de la tierra se explican por la poca capacidad de inversión en alta tecnología y capital humano que tienen estos productores. “Los pequeños productores no logran acceder a créditos debido a las altas tasas de interés; ya que, entre otros factores, otorgarles préstamos supone altos costos de operación y monitoreo para las entidades microfinancieras”, anota De La Torre Ugarte. De acuerdo al estudio, una de las barreras que bloquea el desarrollo de los pequeños agricultores es la heterogeneidad del territorio que dificulta y encarece la conexión entre las localidades donde se desarrolla la actividad agrícola y las zonas donde se encuentran los mercados de insumos y productos. Lo mismo pasa con los costos de comercialización, ya que los productores no reciben el valor generado por su trabajo, debido a la dificultad de trasladar sus productos hacia los mercados, lo cual conlleva a que sean vendidos a intermediarios. Otro factor de baja productividad de estos agricultores es la dificultad de invertir en capital humano. Esta inversión implicaría mejorar sus capacidades y profesionalizarse, lo que muchas veces conllevaría un desplazamiento hacia las ciudades al no contar con asistencia técnica cercana ni acceso a internet en su domicilio. Fuente: larepublica.pe",agraria.pe/agronegocios,https://agraria.pe/noticias/el-81-de-agricultores-con-potencial-agroexportador-estan-sin-24492
2021-05-28,"Moquegua: por primera vez, productores de uva certifican sus campos para la agroexportación"," El Senasa certificó, por primera vez, 4.4 hectáreas de uva que se producen en la provincia de Mariscal Nieto, en Moquegua. De acuerdo a la solicitud presentada por la Asociación de Vitivinicultores de Moquegua (AVIMO), este producto será destinado al mercado colombiano. Se ha proyectado que la producción de estos campos alcance las 113.5 toneladas. La uva, en su variedad Red Globe, se produce en los sectores del Valle, Estuquiña y San Antonio, en el distrito de Moquegua. Estos lugares recibieron la certificación luego de cumplir con un adecuado plan de manejo fitosanitario para el control de plagas, especificando los productos aplicados y las medidas de control empleadas durante la campaña. La temporada de cosecha de este producto se presenta durante los meses de mayo y junio; para la exportación de este producto es necesario que los campos se encuentren libres de mosca de la fruta o con un MTD (Mosca por trampa por día) que no supere el 0.01 antes y durante la cosecha. Los especialistas del Senasa también verificaron que los campos no tengan plagas cuarentenarias restringidas como Pseudococcidos y Coccidos. El producto será enviado a una planta empacadora autorizada en Arequipa, en donde pasará por una última inspección para su exportación a Colombia. La uva (Vitis vinifera) es una de las frutas de mayor importancia económica, ya que no solo es consumida fresca, sino que también es utilizada como insumo para la elaboración de vinos, aguardientes, piscos, vinagres, pasas, néctares y otros.",agraria.pe/agronegocios,https://agraria.pe/noticias/moquegua-por-primera-vez-productores-de-uva-certifican-sus-c-24487
2021-05-26,Más de 72 toneladas de Papa Yungay se venden en los mercados itinerantes del Midagri," El Programa de Desarrollo Productiva Agrario Rural (Agro Rural) abastece actualmente a más de 293.000 familias en todo el país con la venta de alimentos provenientes de la agricultura familiar en sus mercados itinerantes, lo que permite la reactivación económica de los pequeños productores del campo. La papa yungay se ha convertido en el tubérculo más comercializado en los Mercados Midagri “De la Chacra a la Olla 2021”, entre la diversidad de productos del campo, nutritivos y de gran calidad, que se ofrecen en las diversas regiones del país con productos provenientes de la agricultura familiar. Este tubérculo de origen andino encabeza la lista de las cuatro variedades de papa con mayor preferencia en el consumidor, alcanzando las 72 toneladas en venta; seguida de la papa amarilla con 38 toneladas, papa huayro con 35 toneladas y la papa canchán, con 33 toneladas. Alimento completo En el marco del Día Nacional de la Papa, que se celebra cada 30 de mayo, Agro Rural revalora este alimento de gran valor nutritivo y fuente de carbohidratos. Además, es solicitado por la importante cantidad de vitamina C que contiene, ya que mejora la absorción del hierro. “En Agro Rural estamos iniciando una etapa con una dinámica de mayor articulación con el sector agricultura y los involucrados, en beneficio del agricultor familiar, permitiéndole tener mayor capacidad en la implementación de los mercados itinerantes”, señaló Roxana Orrego, directora ejecutiva de Agro Rural. La funcionaria destacó que los mercados Midagri han generado un ingreso de más de S/ 7 millones a más de 11.800 pequeños productores del campo, permitiéndoles reactivar su economía en medio de la crisis sanitaria que vive el país. Agregó que, en lo que va del año, más de 293,000 familias en el país se han visto beneficiadas con productos de primera calidad, frescos y de bajo costo. Los mercados Midagri “De la Chacra a la Olla 2021” han comercializado a escala nacional más de 340 toneladas de papa por un monto de S/ 457.743. Le siguen el queso, carne de cuy, carne de cerdo, pollo, plátano, trucha, palta, huevo y quinua. Plataformas El Midagri puso en funcionamiento las plataformas ""Mercados Midagri - Lima"" y ""Mercados Midagri - Regiones"", para conocer los mercados itinerantes más cercanos a su localidad. Fuente: El Peruano",agraria.pe/agronegocios,https://agraria.pe/noticias/mas-de-72-toneladas-de-papa-yungay-se-venden-en-los-mercados-24469
2021-05-24,Rueda de Negocios Virtual de Granos Andinos generó intenciones de compra por más de S/ 5 millones," Un total de 29 organizaciones de productores de las zonas andinas de nuestro país generaron intenciones de compra por más de 5 millones de soles, a través de la Rueda de Negocios Virtual de Granos Andinos que organizó el 29 de abril el Ministerio de Desarrollo Agrario y Riego (Midagri), a través de Sierra y Selva Exportadora (SSE). Dichas organizaciones agrupan a 3,902 productores que cultivan granos andinos (quinua, chía, maíz y kiwicha) en 3,187 hectáreas en las regiones de Áncash, Apurímac, Arequipa, Ayacucho, Cusco, Junín, La Libertad y Puno, donde el periodo de cosecha de los productos se realiza principalmente entre los meses de mayo y julio. La Rueda de Negocios Virtual de Granos Andinos generó 129 citas virtuales entre los productores ofertantes y las empresas demandantes, permitiendo a los productores ofrecer y promocionar su portafolio de productos en el mercado nacional e internacional y, de esta manera, iniciar y/o fortalecer lazos comerciales sostenibles. También se tuvo la participación de 13 empresas demandantes que, principalmente, comercializan a Estados Unidos, Francia, Rusia y China. Cabe indicar que de las 29 organizaciones de productores entre cooperativas y asociaciones que participaron, 21 de ellas reciben asistencia técnica y comercial de Sierra y Selva Exportadora, a través de Planes de Negocio de Articulación Comercial. Feria Técnico Comercial En esta oportunidad, como un evento complementario a la Rueda de Negocios, se realizó la Feria Técnico Comercial de la Cadena de Valor de Granos Andinos, donde participaron 10 organizaciones de productores y 07 proveedores de servicios entre los cuales se generaron 40 citas virtuales. La finalidad de dicho encuentro era informar a los productores sobre los diferentes servicios que existen en el mercado, a través de los cuales pueden lograr mayor rentabilidad de sus productos, mediante la obtención de semilla mejorada de quinua, asesoramiento para el valor agregado, diseño de productos, prototipos, servicios de maquila, servicios financieros para la comercialización, proveedores de maquinarias y equipos para el procesamiento de granos andinos. El Perú es actualmente el principal exportador y productor de quinua, que es uno de los granos andinos de mayor demanda en los mercados internacionales por su calidad nutritiva y alimenticia.",agraria.pe/agronegocios,https://agraria.pe/noticias/rueda-de-negocios-virtual-de-granos-andinos-genero-intencion-24440
2021-05-20,Cosecha de cítricos de 2021 en el hemisferio sur se prevé que alcance 22.7 millones de toneladas," El 12 de mayo de 2021, la Organización Mundial de los Cítricos (WCO, por sus siglas en inglés) celebró su primera asamblea anual en línea, tras la creación oficial de la organización el año pasado. Durante la asamblea, la secretaría de la WCO presentó la consolidación de la producción y las previsiones de exportación para la próxima campaña citrícola 2021 del hemisferio sur. Esta previsión preliminar se conforma por los datos aportados por las asociaciones profesionales miembros de Argentina, Australia, Bolivia, Brasil, Chile, Perú, Sudáfrica y Uruguay. Los copresidentes de la asociación, José Antonio García (Ailimpo) y Justin Chadwick (CGA) coincidieron en afirmar: ""El primer año completo de actividad ha permitido a la organización construir rápidamente una asociación representativa y brindar los beneficios y el valor a los miembros"". La previsión preliminar presentada en la reunión muestra que se espera que la cosecha citrícola del hemisferio sur para 2021 alcance 22.7 millones de toneladas, lo cual representa un incremento del 3.18% en comparación con la de 2020. Está previsto que la exportación se incremente un 12.72% a 3.8 millones de toneladas. Philippe Binard, secretario general de la WCO, afirmó: ""A raíz de la pandemia de Covid-19, se ha advertido una tendencia positiva en la demanda de frutas y hortalizas por parte del consumidor, en particular en el caso de los cítricos, muy apreciados por su alto valor nutricional, sobre todo por su contenido de vitamina C. El gran volumen disponible es una noticia positiva, pues satisfará el aumento de la demanda"". En el frente de la transformación, se espera que un total de 13.4 millones de toneladas de cítricos se destinen al mercado del zumo, lo cual constituye un leve incremento del 1.26% en comparación con el año pasado. Cabe destacar que los datos aportados por Brasil son preliminares y se espera confirmar los oficiales en las próximas semanas. Por categorías de cítricos, las mandarinas y clementinas muestran el mayor aumento en producción, un 10.57%, con un crecimiento significativo de los volúmenes de exportación de más de un 20%, hasta 1 millón de toneladas de exportación. La producción de naranja se ha mantenido estable por lo general (+1.93%), mientras que la de limón (+2.37%) y pomelo (+6.44%) han tenido incrementos. Está previsto también que crezcan las exportaciones de todas las variedades: naranja (+11.55%), limón (+7.20%) y pomelo (+9.56%). Eric Imbert (CIRAD, secretaría técnica de la WCO) indica: ""La exportación de cítricos del hemisferio sur continúa creciendo, en particular para los limones y las variedades de pelado fácil. Hoy por hoy, el hemisferio sur representa el 27% del mercado mundial de cítricos"". Durante la asamblea general de la WCO, los miembros también hicieron un repaso de los resultados de la campaña anterior, poniendo el foco en las consecuencias de la pandemia de Covid-19, y analizaron las estimaciones para la campaña actual. Además, durante la asamblea, Natalia Santos, secretaria general adjunta de la WCO, anunció: ""Los miembros decidieron formar un grupo de trabajo formal sobre salud y nutrición. Esto permitirá un mejor conocimiento de las propiedades nutricionales de los cítricos entre los miembros y también contribuirá a un mejor entendimiento de las características saludables de los cítricos. La primera reunión del grupo de trabajo tendrá lugar en el segundo semestre de 2021"", añadió. Fuente: Fresh Plaza",agraria.pe/agronegocios,https://agraria.pe/noticias/cosecha-de-citricos-de-2021-en-el-hemisferio-sur-se-preve-qu-24425
2021-05-20,Valor Bruto de la Producción de papa en nuestro país alcanzó los S/ 2.407.9 millones en 2020," En el 2020, el Valor Bruto de la Producción (VBP) de papa en nuestro país alcanzó los S/ 2.407.9 millones, informó la Dirección General de Desarrollo Agrícola y Agroecología (DGDAA) del Ministerio de Desarrollo Agrario y Riego (Midagri). Destacó que el cultivo de este tubérculo generó más de 110 mil puestos de trabajo permanente y más de 34 millones de jornales de trabajo que son temporales y se contratan mayormente para las campañas de siembra, mantenimiento, cosecha y poscosecha. Además, Perú exportó 17,160 toneladas de papa fresca y procesada el año anterior. En el 2020 se incrementó la exportación de subproductos a base de papa nativa peruana que alcanzó un volumen de 1,700 toneladas comparado con las 650 toneladas del 2019. “La papa, es un producto de la Agricultura Familiar de gran importancia por su alto valor nutricional, es además, muy versátil, pues se presta para la elaboración de una diversidad de platos. Se busca promover en los próximos años su consumo hasta llegar a los 92 Kilos por persona al año”, sostuvo la DGDAA. Agregó que nuestro país es el centro de origen de la papa nativa y es el centro de mayor diversidad con más de 3.000 variedades. En Latinoamérica, el Perú es líder en la producción de papa alcanzando 5.45 millones de toneladas en 324 mil hectáreas instaladas (rendimiento productivo de 16.2 T/ha) y a nivel mundial ocupa la posición 16. La papa es producida en Perú por 711.313 familias en 19 regiones, siendo las principales Puno, Huánuco, Cusco, Cajamarca, Huancavelica, Junín, entre otras. El cultivo de papa se concentra en la Sierra en un 90%, destacando las papas nativas. “Este producto se ha convertido en un notable impulsor de la economía regional y local en las zonas productoras”. La papa, en general, se siembra desde los 200 msnm. En cambio, las papas nativas, se cultivan desde los 3.000 metros hasta los 4.200 de altitud, donde ningún otro cultivo prospera. Día Nacional de la Papa Cada 30 de mayo, Perú celebra en todo su territorio, el ""Día Nacional de la Papa"", que fue instituido mediante Resolución Suprema hace 16 años (RS N°009-2005-AG). Este año, se busca destacar y reforzar la identidad de la papa, uno de los mejores tesoros de la humanidad y que se cultiva en nuestro país. En la presente edición del Día Nacional de la Papa, que tiene como lemas “Agricultura Familiar y Seguridad Alimentaria” y “Aliméntate mejor, cuida tu salud”, el Midagri a través de la DGDAA, junto a otras instituciones, han programado importantes eventos virtuales que buscan resaltar la importancia de este producto de la Agricultura Familiar; Mencionar su valor en la educación alimentaria y la salud; y Continuar la promoción de su mayor consumo (hasta los 92 kilos per cápita). La ceremonia central se realizará en la ciudad de Huancayo (Junín). Dentro de estos eventos destaca el seminario ""Fortalecimiento de la Cadena de Valor de la Papa"", que se realizará del 27 al 29 de mayo, y cuyo objetivo es compartir información técnica sobre temas que involucran la Cadena de Valor de Papa, entre los que destacan: La innovación, producción, comercialización, financiamiento, valor agregado, nutrición y consumo. En el seminario participarán productores agrarios, organizaciones agrarias, funcionarios y profesionales de los Gobiernos Regionales y Locales y de las universidades agrarias del país. Datos . El especialista en la cadena de papa del Midagri, Miguel Quevedo, dijo que en la última campaña de papa 2019/2020 se sembraron 339 mil hectáreas, y se contrataron agricultores para trabajar en jornales para las etapas de preparación del terreno, siembra, deshierbo, segunda fertilización, aporques, control de plagas, la cosecha y poscosecha. “Una vez que cumplen la misión de sembrar y cultivar la tierra, se van y los vuelven a llamar para las siguientes etapas de la producción de papa que también contempla deshierbar la tierra, controlar las plagas que puedan existir, y otra vez para que apoyen a la temporada de cosecha y poscosecha”. . El cultivo de papa a nivel nacional se distribuye en 19 regiones del país, siendo las áreas agrícolas de mayor producción: 1) Puno, que produce 850 mil toneladas al año, es decir concentra el 16% de la producción nacional; 2) Huánuco con 745 mil toneladas al año (14%); 3) La Libertad con una producción de 533 mil toneladas (10%) de la producción nacional; 4) Ayacucho con 449 mil toneladas de producción (8%); y 5) Cusco con una producción de 440 mil toneladas (8%). . La importación de papa disminuyó de 33.000 toneladas el año 2019 a cerca de 19.000 toneladas de papa procesada cuya demanda se cubrió con la papa peruana. . En la actualidad se tiene productos procesados de papa nativa como son: chips de pulpa de colores, vodka y alcohol medicinal.",agraria.pe/agronegocios,https://agraria.pe/noticias/valor-bruto-de-la-produccion-de-papa-en-nuestro-pais-alcanzo-24415
2021-05-19,"De los principales 10 mercados destinos de las agroexportaciones peruanas en 2020, solo Alemania registró una caída en los despachos"," A pesar de la pandemia por el Covid-19, en el 2020, las agroexportaciones peruanas continuaron creciendo, alcanzado los US$ 7.471.875.349, frente a los US$ 7.094.753.038 obtenidos en 2019. Así lo informó el presidente de la consultora Inform @ cción , Fernando Cillóniz Benavides, quien destacó que de los principales 10 mercados destinos de los productos agrícolas procedentes de Perú, solo Alemania registró una caída en los despachos. Detalló que el principal destino de las agroexportaciones peruanas en 2020 fue Estados Unidos, con envíos por US$ 2.589.216.120 (US$ 2.406.187.470 en 2019), seguido de Países Bajos con US$ 1.110.214.380 (US$ 1.039.473.333 en 2019). España se ubicó en tercera position en el ranking con despachos por US$ 452.494.820 (US$ 402.824.490 en 2019). En cuarta ubicación está Reino Unido con US$ 343.221.222 (US$ 335.150.039). Alemania con envíos en 2020 por US$ 252.520.560 (US$ 261.425.910 en 2019) se colocó en la quinta casilla, por encima de China con US$ 185.219.030 (US$ 176.415.070) y Canadá con US$ 179.680.790 (US$ 158.341.650), que se ubicaron sexto y séptimo en el ranking, respectivamente. En los puestos 8, 9 y 10 de los principales mercados destinos de las agroexportaciones peruanas en 2020 están Colombia con US$ 173.296.690 (US$ 163.676.450), Hong Kong US$ 153.542.630 (US$ 115.340.510) y Bélgica US$ 147.637.300 (US$ 127.459.390). Le siguen en el ranking Chile con envíos por US$ 138.140.580 (US$ 112.975.430), México US$ 117.519.250 (US$ 100.719.111), Corea del Sur US$ 116.129.830 (US$ 106.265.620), Francia US$ 96.871.830 (US$ 89.817.111), Rusia US$ 95.989.260 (US$ 61.936.410), Japón US$ 85.181.650 (US$ 80.290.490), Italia US$ 76.273.300 (US$ 68.491.910), Brasil US$ 63.154.540 (US$ 64.294.130), otros. Destinos de los principales productos En otro momento, Cillóniz indicó los destinos de los principales productos de la canasta agroexportadora peruana. Al respecto, dijo que la uva se dirigió mayoritariamente a Estados Unidos por 195.485.518 kilos, Países Bajos 74.734.900 kilos, Hong Kong 39.716.122 kilos, Reino Unido 19.792.367 kilos, México 18.764.186 kilos, China 14.267.006 kilos, entre otros. Por su parte, los arándanos se despacharon principalmente a Estados Unidos por 85.484.818 kilos, Países Bajos 41.803.199 kilos, China 9.318.866 kilos, Reino Unido 10.086.720 kilos, Hong Kong 5.917.164 kilos, otros 4.551.605 kilos. La palta peruana se destinó mayoritariamente a Países Bajos por 137.225.821 kilos, Estados Unidos 79.237.867 kilos, España 72.172.981 kilos, Chile 36.200.854 kilos, Reino Unido 34.062.975 kilos, entre otros. Mientras que el café se envió principalmente a Estados Unidos por 52.722.156 kilos, Alemania 46.611.628 kilos, Bélgica 18.258.499 kilos, Colombia alrededor de 17.500.000 kilos, Suecia 10.785.337 kilos, otros.",agraria.pe/agronegocios,https://agraria.pe/noticias/de-los-principales-10-mercados-destinos-de-las-agroexportaci-24404
2021-05-18,Midagri: Perú exportó 3.5 millones de sacos de café en 2020," El Ministerio de Desarrollo Agrario y Riego (Midagri) informó que el Perú se ha consolidado como uno de los principales exportadores de café en el mundo, logrando conquistar 44 mercados internacionales, atraídos por la calidad y aroma de las variedades de la caficultura nacional. El año pasado logró exportarse 3.5 millones de sacos a Europa y Estados Unidos, y se espera superar esta cifra el 2021. Actualmente a nivel nacional se cultivan 425.400 hectáreas de café en 15 regiones del Perú, 95 provincias y 450 distritos. Las regiones en donde se concentra el 91% del total de productores y del área cultivable son Junín, San Martín, Cajamarca, Cusco, Amazonas, Huánuco y Pasco. Además, las exportaciones de café en el año 2020 tuvieron ganancias de US$ 648.2 millones, los principales destinos fueron los mercados de Estados Unidos, Alemania, Bélgica y España. Para el año 2021 se estima un crecimiento de las exportaciones por el orden del 10%, haciendo un total de 3.8 sacos (de 60 kilos). Plan Nacional Café Con el propósito de fortalecer la cadena del café a nivel nacional, el Midagri instaló la Comisión Multisectorial Permanente Consejo Nacional Ejecutivo del Café, la cual guía el trabajo conjunto hacia el desarrollo sostenible y competitivo del café peruano. Con la participación de los diversos representantes de la caficultura nacional, la Comisión Multisectorial tiene como objetivo principal realizar el seguimiento de la implementación del Plan Nacional de Acción del Café Peruano 2019-2030, y abrir el diálogo para consensuar medidas a favor del desarrollo sostenible del producto en beneficio de las 223 mil familias que dependen de este cultivo. El referido plan es un documento con enfoque multisectorial, que busca mejorar los niveles de competitividad y sostenibilidad social y ambiental de la cadena de valor del café; así como mejorar los procesos de articulación del Midagri con los Gobierno Regionales y Locales de la inversión pública en la cadena cafetalera. Dato . Perú es el segundo productor mundial de café orgánico, solo detrás de México, y es uno de los principales países productores de café, principalmente de la especie arábica, la cual otorga una combinación perfecta de aromas y sabores. Crece en altitudes entre 600 y 2.000 m.s.n.m.",agraria.pe/agronegocios,https://agraria.pe/noticias/midagri-peru-exporto-3-5-millones-de-sacos-de-cafe-en-2020-24396
2021-05-17,Agroexportaciones peruanas crecen 19% en el primer cuatrimestre del año," Las exportaciones agrícolas por parte de Perú en los cuatro primeros meses del 2021 sumaron US$ 2.307 millones, registrando un incremento de 19% en comparación a lo registrado en 2020 y al 2019. Así lo indicó Fresh Fruit, quien señaló que las exportaciones peruanas de productos agrícolas en abril alcanzaron los US$ 498 millones, mostrando un crecimiento de 47% frente a igual mes del 2020, en plena cuarentena por el Covid-19, y con respecto al 2019, año sin pandemia, aumentó 23%. El crecimiento alcanzado en lo que va del año se explica por la recuperación de la economía global y una mayor flexibilización del comercio internacional. Durante abril, los principales productos agrícolas exportados fueron la palta (28.70% de participación), la granada (7%) y el espárrago (6.90%). A pesar de que todos los productos mostraron un incremento con respecto al 2020, cada uno tuvo una dinámica particular en el mes. Precio de la palta se recupera Las exportaciones peruanas de palta en abril sumaron 62.790 toneladas por US$ 143 millones, 42% más en volumen y 61% más en valor en comparación al mismo periodo del 2020. A pesar del incremento de la oferta, el precio promedio de la fruta fue US$ 2.28 por kilogramo, 14% más alto que el obtenido el año anterior. Las exportaciones de palta peruana se están desarrollando en un contexto favorecedor, pues España, segundo proveedor global más importante en abril, ha tenido problemas con su producción. La falta de agua y la reducción de mano de obra, sumados a la incertidumbre ocasionada por la pandemia en el Viejo Continente, han ocasionado una contracción en las exportaciones del país europeo de hasta 25% en los últimos meses. Los principales destinos de la palta peruana en abril del 2021 fueron los Países Bajos, con 53% de participación (6% más que en el 2020); España, con 22% (+1), y el Reino Unido, con 10% (participación similar). Las exportaciones hacia los Países Bajos sumaron 33,279 toneladas por US$ 76 millones, 61% más en volumen y 81% más en valor en comparación al año anterior. El precio que se pagó en este mercado fue de US$ 2.28 por kilogramo, 12% más alto. Los principales compradores de este mercado fueron Nature’s Pride B.V., con 12% de participación, y Westfalia Marketing B.V., con 11%. Las exportaciones hacia España sumaron 13.814 toneladas por US$ 33 millones, 49% más en volumen y 79% más en valor con respecto al 2020. El problema de producción en este mercado fue tal que tuvieron que incrementar sus importaciones para cubrir su demanda interna. El precio de la palta peruana en España fue de US$ 2.37 por kilogramo, 20% más con respecto al año anterior. Los principales compradores de la fruta peruana en ese mercado fueron José Luis Montosa S.L., con 17% de participación, y Trops Import-Export S.L., con 8%. En cuanto a las exportaciones al Reino Unido, alcanzaron las 6,279 toneladas por US$ 14 millones, 41% más en volumen y 48% más en valor en comparación al 2020. En este mercado, el precio de la fruta peruana fue de US$ 2.15 por kilogramo, 5% más alto con respecto al año anterior. Entre los compradores que destacaron estuvieron Greencell Ltd., con 49% de participación, y Pacific Produce Ltd., con 13%. Exportaciones de granada sorprenden Los envíos de granada peruana sumaron 17.672 toneladas por US$ 35 millones, 62% más en volumen y 104% más en valor con respecto a abril del 2020. Este resultado muestra una clara recuperación de los envíos, después de que la campaña fue afectada durante los meses más importantes. En cuanto a los precios, la granada se cotizó en US$ 1.98 por kilogramo, 25% más en comparación al año anterior. Los principales destinos de la granada peruana en abril fueron los Países Bajos, con 48% de participación; Rusia, con 18%, y Canadá, 7%. A los Países Bajos se enviaron 8.482 toneladas por US$ 15 millones, 63% más en volumen y 74% más en valor con respecto al año anterior. En este mercado, el precio de la fruta fue de US$ 1.77 por kilogramo, mostrando un crecimiento de 7% con respecto al periodo previo. Los principales compradores de granada en esta plaza fueron Frutos Tropicales Europe B.V. con 8% de participación, y N&K B.V., con 7%. En Rusia, las exportaciones sumaron 2.718 toneladas por US$ 5 millones, 73% más en volumen y 124% más en valor en comparación al año anterior. En este destino, la fruta se cotizó en US$ 1.91 por kilogramo, 30% más con respecto al año anterior. Los compradores más importantes fueron Easy Trading Ltd., con 24% de participación, y Russian Venture Investments JSC., con 19%. Los envíos hacia Canadá, por su parte, sumaron 537 toneladas por US$ 1 millón, 130% más en volumen y 179% más en valor con respecto al año anterior. En este mercado, el precio promedio que se pagó por la fruta fue de US$ 1.98 por kilogramo, 21% más. Los compradores que destacaron fueron Tomato King 2010 Inc., con 14% de participación, y Provincial Fruit Co. Ltd., con 11%. Envíos de espárrago vuelven a crecer Las exportaciones de espárrago peruano sumaron 11,455 toneladas por US$ 35 millones en abril. En comparación al año anterior, los envíos de la hortaliza crecieron 137% en volumen y 141% en valor. Este resultado muestra una recuperación en los envíos, pues en el 2020 el espárrago fue uno de los productos más afectados por la pandemia. La restricción de vuelos, principal medio de transporte con más de 85% de participación en los envíos, ocasionó una reducción de las exportaciones de 50% en volumen y 45% en valor respecto al 2019. Frente a este problema, las empresas peruanas se vieron obligadas a adaptar su producto para que pueda ser transportado por vía marítima. En la actualidad, el 45% de los envíos de la hortaliza se hace en presentación procesada, mientras que durante el 2019 apenas superaba el 25%. El precio de la hortaliza fresca fue de US$ 2.83 por kilogramo en abril, 5% menos que en el 2020, mientras que la hortaliza procesada se cotizó en US$ 3.28 por kilogramo, 11% más. El principal destino del espárrago fresco fue Estados Unidos, con 83% de participación (8 puntos porcentuales menos que en el 2020). A este mercado se enviaron 5,599 toneladas por US$ 15 millones, 129% más en volumen y 116% más en valor en comparación al año anterior. El precio promedio que se pagó por la hortaliza en este mercado fue US$ 2.65 por kilogramo, 6% menos. Cabe mencionar que el espárrago peruano recibió mejor precio en los Países Bajos, US$ 4.09 por kilogramo, aunque este país apenas tuvo una participación de 5%. Los principales compradores de espárrago fresco peruano en Estados Unidos fueron Farm Direct Supply Llc., con 12% de participación, y Square One Farms Llc., con 11%. En cuanto al espárrago procesado peruano, los principales destinos a los que se exportó fueron España, con 43% de participación, y Francia, con 35%. Las exportaciones peruanas de la hortaliza hacia España sumaron 2,025 toneladas por US$ 5 millones, seis veces más en volumen y valor con respecto al 2020. En este mercado se pagó por la hortaliza procesada US$ 2.71 por kilogramo. Los principales compradores de este país fueron Virú Ibérica S.L., con 38% de participación, y Conservas el Cidacos S.L., con 30%. En Francia, los envíos peruanos alcanzaron las 1,648 toneladas por US$ 7 millones, 27 veces más en volumen y 33 veces más en valor en comparación al 2020. El precio en este mercado fue de US$ 4.26 por kilogramo, 19% más. En este destino, el principal comprador de espárrago procesado fue Sealogistics S.A.R.L., con 69% de participación.",agraria.pe/agronegocios,https://agraria.pe/noticias/agroexportaciones-peruanas-crecen-19-en-el-primer-cuatrimest-24384
2021-05-17,Designan a Midagri como rector de Procompite Agrario," El Ministerio de Desarrollo Agrario y Riego (Midagri) fue designado como ente rector permanente de Procompite Agrario, proceso concursable que es otorgado por los gobiernos regionales y locales para apoyar la competitividad productiva de los pequeños y medianos agricultores asociados de sus jurisdicciones. Con esta disposición, publicada en la Ley N° 31195 en el Diario Oficial El Peruano, el Programa de Compensaciones para la Competitividad (Agroideas), continuará promoviendo la ejecución de Planes de Negocio de Procompite en materia agraria, mediante la evaluación del impacto de la implementación de estos procesos, con talleres de orientación, asistencia técnica, asesoramiento, creación y difusión de metodologías de trabajo. De esta manera, los gobiernos regionales y locales, que pueden disponer hasta el 10% de presupuesto destinados a proyectos de inversión para financiar Planes de Negocios de Procompite, continuarán trabajando de manera articulada con Agroideas, a fin de promover el desarrollo tecnológico de las organizaciones dedicadas al trabajo agrario, pecuario y forestal. Cabe resaltar que, desde el año 2019, Agroideas ha realizado 44 talleres de difusión para capacitar a 2804 funcionarios públicos, y se han dictado 20 talleres de capacitación en formulación de Planes de Negocio a 1842 formuladores y profesionales de las 24 regiones. Procompites agrarios implementados Desde el 2019, Agroideas promovió la ejecución de 749 planes de Procompite en materia agraria, en beneficio de 22.937 productores agropecuarios, con una inversión de S/ 219 millones, de los cuales S/ 128 millones fueron aporte de los gobiernos regionales y locales, y S/ 90 millones la contrapartida financiada por las organizaciones agrarias. Actualmente, los gobiernos regionales y locales cuentan con S/ 1.105 millones de presupuesto para invertir en este proceso concursable en favor de los pequeños y medianos productores de la agricultura familiar.",agraria.pe/agronegocios,https://agraria.pe/noticias/designan-a-midagri-como-rector-de-procompite-agrario-24383
2021-05-14,Estados Unidos y Países Bajos concentran el 49% de las agroexportaciones peruanas en el primer trimestre del 2021," En el primer trimestre del año, las agroexportaciones peruanas sumaron US$ 1.806 millones, mostrando un incremento de 13.3% frente a lo alcanzado en igual periodo del 2020, informó la Sociedad de Comercio Exterior del Perú (ComexPerú). Detalló que, de enero a marzo del 2021, los despachos agrarios tradicionales alcanzaron los US$ 68 millones, registrando un crecimiento de 5.3%, mientras que los envíos agropecuarios y/o agroindustriales ascendieron a US$ 1.738 millones, observándose un aumento de 13.6%. Los principales destinos de las agroexportaciones procedentes de Perú en los tres primeros meses del presente año fueron Estados Unidos, con despachos por US$ 593 millones (+12.6%), concentrando el 33% del total; Países Bajos US$ 300 millones (+18.1%), representando el 16%; España US$ 109 millones (+12.5%), 6% del total; Hong Kong US$ 88 millones (+42.6%), 5% del total; Chile US$ 67 millones (+48.2%), 4% del total; Ecuador US$ 58 millones (-5.2%), 3% del total; otros US$ 591 millones (+7.7%), 33% del total. Vía de transporte El gremio detalló que la principal vía de transporte por donde se exportaron los productos agrícolas de Perú durante enero y marzo del 2021 fue marítima con despachos por US$ 1.606 millones (+15%), concentrando el 89% del total de los envíos; carretera US$ 122 millones (+7.3%), representando el 6.7% del total; y aérea US$ 78 millones (-6.6%) con el 3.2% del total. Los puertos Marítimos por donde se realizaron los mayores despachos fueron: Marítima del Callao US$ 822 millones (+17.9%), Paita US$ 394 millones (+7.7%), Pisco US$ 268 millones (+18.1%), Salaverry US$ 84 millones (+35.4%), otros. Agregó que los principales productos agrarios enviados vía marítima en los tres primeros meses del 2021 fueron Uvas frescas US$ 531 millones (+28.4%), Mangos frescos US$ 188 millones (+5.1%), Paltas frescas US$ 104 millones (+42.8%). En tanto, los principales productos agrarios despachados por vía carretera fueron: Preparaciones para alimentación de animales con US$ 33 millones (-1%), Paltas frescas US$ 13 millones (+459.5%), Los demás cafés sin descafeinar, sin tostar US$ 8 millones (+287.4%). Mientras que los principales productos agrarios despachados por vía aérea fueron Espárragos frescos o refrigerados US$ 26 millones (-25%), Mangos frescos US$ 19 millones (+6.7%), Semillas de hortalizas US$ 5 millones (+101.3%). Productos Agrícolas Tradicionales Los principales productos agrícolas tradicionales despachados por Perú de enero a marzo del 2021 fueron Los demás cafés sin descafeinar, sin tostar US$ 53 millones (+7.7%); Demás azúcares de caña o remolacha refinados US$ 9 millones (-0.5%); Lana sin cardar ni peinar, sucia, esquilada US$ 2 millones (-50.9%); Melaza de caña US$ 1 millón (+47.3%); Azúcar en bruto sin adición de aromatizante ni colorante US$ 1 millón (+6.8%); Algodón sin cardar ni peinar, de fibra > a 34.92 mm US$ 500 mil; Café sin descafeinar, sin tostar, para siembra US$ 400 mil; Las demás lanas sin cardar ni peinar, sucia US$ 300 mil (+174.4%); Borras del peinado de lana o pelo fino US$ 200 mil (+34%); Café tostado, sin descafeinar, en grano US$ 100 mil (-42.5%); Otros US$ 300 mil (-36.45%). Los principales destinos fueron Colombia US$ 17 millones (+54.1%) representando el 25% del total; Estados Unidos US$ 11 millones (-3.2%) concentrando el 16% del total; Alemania US$ 10 millones (+0.5%) 15% del total; Canadá US$ 4 millones (+112.4%) 6% del total; Bélgica US$ 3 millones (-50.4%) 5% del total; Suecia US$ 3 millones (+19.7%); Otros US$ 20 millones (-6.4%). Productos Agrícolas No Tradicionales Los principales productos Agrícolas No Tradicionales exportados en el primer trimestre del 2021 fueron Uvas frescas por US$ 531 millones (+28.4%), Mangos frescos US$ 215 millones (+5.9%), Paltas frescas US$ 117 millones (+55.2%), Mangos congelados US$ 73 millones (+6%), Arándanos frescos US$ 55 millones (+39.7%), Otros US$ 747 millones (+2.4%). Los principales destinos de estos despachos fueron Estados Unidos con US$ 582 millones (+12.9) concentrando el 34% del total; Países Bajos US$ 298 millones (+17.8%) representó el 17% del total; España US$ 109 millones (+13.1%) 6% del total; Hong Kong US$ 88 millones (+42.5%) 5% del total; Chile US$ 66 millones (+48.7%) 4% del total; Ecuador US$ 57 millones (-6.2%); Otros US$ 538 millones (+7.9%).",agraria.pe/agronegocios,https://agraria.pe/noticias/estados-unidos-y-paises-bajos-concentran-el-49-de-las-agroex-24369
2021-05-13,Agroexportaciones peruanas crecen 16.2% en el primer trimestre del año," En el primer trimestre del año, las exportaciones totales por parte de Perú sumaron US$ 11.073 millones, registrando un incremento de 13.7% respecto a los US$ 9.737 millones alcanzados en el mismo periodo del año anterior, informó la Asociación de Exportadores (ADEX). Detalló que de enero a marzo del 2021 los envíos tradicionales ascendieron a US$ 7.551 millones, logrando un incremento de 11.1%. Por su parte, los envíos no tradicionales obtuvieron US$ 3.522 millones, mostrando un crecimiento de 19.8%. Agroexportaciones El gremio de comercio exterior señaló que, en los tres primeros meses del presente año, las agroexportaciones peruanas sumaron US$ 1.806.861.000, notándose un aumento de 16.2% en comparación a los US$ 1.554.018.260 alcanzados en similar periodo del 2020. De enero a marzo del 2021, los despachos del agro tradicional sumaron US$ 69.101.000, registrando un incremento de 13.1%. Esta variación positiva se explica principalmente por los despachos de café. Mientras que los envíos agropecuarios y/o agroindustriales (no tradicional) ascendieron a US$ 1.737.760.000, mostrando un aumento de 16.4% por la mayor demanda de uvas, su principal producto, cuyas ventas se expandieron en 32.7%. Le siguieron los mangos frescos o secos, paltas, arándanos, espárragos, bananas, entre otros. Dato . Solo en marzo de 2021, las exportaciones totales de Perú crecieron 33.7%, situándose en alrededor de US$ 3.591 millones, como resultado de los mayores despachos tradicionales y no tradicionales, los cuales se incrementaron en 31.1% y 40.1%, respectivamente.",agraria.pe/agronegocios,https://agraria.pe/noticias/agroexportaciones-peruanas-crecen-16-2-en-el-primer-trimestr-24359
2021-05-13,La Libertad es la principal región agroexportadora de Perú," En el 2020, las agroexportaciones regionales (sin contar Lima y Callao) sumaron US$ 5.909.351.919 (3.385.553.122 kilos), representando un incremento de 8.4% frente a los US$ 5.449.602.763 (3.139.863.005 kilos) alcanzados en 2019, informó el presidente de la consultora Inform @ cción , Fernando Cillóniz. La principal región exportadora de nuestro país en términos de valor es La Libertad, que en el 2020 realizó despachos por US$ 1.558.480.174 (713.786.127 kilos), frente a los US$ 1.523.978.735 (684.992.763 kilos) alcanzados el año previo. En la segunda posición se ubicó Ica con despachos por US$ 1.300.605.970 (746.366.139 kilos) en 2020, en comparación a los US$ 1.205.678.085 (684.678.287 kilos) del 2019. La tercera ubicación en el ranking es para Piura, que en 2020 realizó despachos por US$ 1.022.407.567 (690.808.941 kilos), versus los US$ 887.030.826 (630.064.211 kilos) del año previo. Lambayeque se colocó en el cuarto lugar con envíos por US$ 699.096.307 (353.177.999 kilos), notándose un alza frente a los US$ 647.644.867 (356.578.337 kilos) del 2019. “Como se aprecia, la costa norte está embalada y crece todos los años. Son regiones grandes y tienen más agua que las regiones del centro y sur del Perú”, comentó Cillóniz. En el quinto lugar se ubica Cajamarca con despachos por US$ 249.416.231 (87.093.757 kilos), cuando el año previo los despachos sumaron US$ 242.187.865 (93.774.380 kilos). Le sigue Junín, cuyas exportaciones en 2020 ascendieron a US$ 197.008.889 (94.670.592 kilos) cuando en el 2019 alcanzaron los US$ 100.111.333 (49.903.895 kilos). Áncash con envíos en 2020 por US$ 172.493.124 (73.974.518 kilos) cuando en el 2019 despachó US$ 160.562.244 (84.128.834 kilos); y Arequipa con exportaciones por US$ 130.679.828 (120.991.912 kilos) cuando el año previo fue US$ 123.544.000 (109.887.239 kilos), se ubicaron en el séptimo y octavo lugar en el ranking. En la novena y décima posición se situaron San Martín con exportaciones en 2020 por US$ 128.254.959 (110.662.342 kilos) cuando en el 2019 fueron US$ 105.932.298 (96.230.349 kilos); y Tacna con US$ 65.904.178 (86.705.343 kilos) cuando en 2019 fueron US$ 60.243.913 (79.400.031 kilos). Le siguen: Amazonas US$ 40.219.245 (12.406.599), Ucayali US$ 28.924.451 (39.545.496), Ayacucho US$ 28.912.321 (12.219.294 kilos), Cusco US$ 20.113.831 (7.497.627 kilos), Madre de Dios US$ 13.533.402 (3.114.526 kilos), Tumbes US$ 10.779.516 (18.321.051 kilos), Huánuco US$ 9.417.845 (2.981.579 kilos), Pasco US$ 8.884.359 (3.090.584 kilos), Puno US$ 8.848.456 (20.189.225 kilos), Apurímac US$ 4.410.242 (1.435.223 kilos), Loreto US$ 3.806.869 (807.684 kilos), Moquegua US$ 1.742.949 (3.039.557 kilos), Huancavelica US$ 1.551.152 (996.985 kilos), Datos . En el 2020 las agroexportaciones por parte de Lima sumaron US$ 1.556.740.663 (791.730.551 kilos, frente a los US$ 1.645.150.275 (800.132.788 kilos) alcanzados en 2019. Por su parte los envíos agrarios del Callao en 2020 sumaron US$ 203.860.053 (181.670.023 kilos) versus los US$ 252.678.478 (207.692.085 kilos) del 2019. . De esta manera las agroexportaciones totales por parte de Perú en 2020 ascendieron a US$ 7.696.952.635 (4.358.953.696 kilos) mostrando un incremento de 4.8% en comparación a los US$ 7.347.431.516 (4.147.687.878 kilos) del año previo.",agraria.pe/agronegocios,https://agraria.pe/noticias/la-libertad-es-la-principal-region-agroexportadora-de-peru-24358
2021-05-12,La cereza se convirtió en el principal producto de agroexportación de Chile," El crecimiento de la industria de la cereza chilena no puede sino explicarse en relación al vínculo comercial con China y el lejano oriente en general. La temporada 2020/2021 ha supuesto un récord histórico de exportación, alcanzando las 350.000 toneladas, de las cuales el 92% se ha destinado a China (320.000 toneladas). En la temporada 2019/2020 se despacharon cerca de 230.000 toneladas a todo el mundo. Hace 10 años, la exportación de cereza chilena apenas alcanzaba las 8.000 toneladas, lo que implica un crecimiento del 4600%. En ese momento el Lejano Oriente ya era el principal destino, pero con una participación del 46% y otros destinos, como Estados Unidos y Europa, se repartían una buena parte de lo restante. Actualmente el Lejano Oriente recibe el 95%, por lo cual es un volumen 100 veces mayor que en el 2010/2011. China es por supuesto el principal motor de este crecimiento. Sin embargo, otros mercados como Corea del Sur y Taiwán han experimentado un crecimiento porcentualmente mayor durante la última temporada. Luego de las dificultades que supuso el brote de Covid-19 para la temporada 2019/2020, la situación al inicio de la última temporada 2020/2021 ha sido bien distinta. Chile tuvo tiempo de prepararse, acompañado por un buen invierno, con lluvias suficientes (viniendo de un año seco) que le permitió alcanzar una elevada producción y alto porcentaje exportable. El crecimiento de la exportación fue mayor al estimado, superando a la temporada anterior en un 54%. Por otro lado, luego de los estrictos cierres en la primera mitad del 2020, China comenzó a recuperarse aceleradamente durante el segundo semestre, coincidiendo con la temporada de cereza del hemisferio norte, dejando un mercado receptivo a las cerezas australes. La temporada inició con alta demanda y precios récord dado que, como suele suceder, los primeros volúmenes enviados de forma aérea fueron muy limitados. Con el inicio de los envíos marítimos la situación se mantuvo normal, con precios algo más bajos por presión de la oferta. En este momento se evidenció una diferenciación bastante marcada en los precios. Al aumentar los volúmenes, principalmente de la variedad Lapins, los precios cayeron y se amplió la diferencia de esta variedad (más abundante) respecto de otras más tempranas como Regina y Santina. La diferencia de precios entre calibres fue también más marcada que en las temporadas previas. Sin embargo, todo esto era esperable dada la gran oferta. Sin embargo, fue durante la semana 3 del 2021 que, debido a la difusión de fake news (los cuales afirmando que las cerezas importadas estaban contaminadas con Covid) se desplomó la demanda, impactando negativamente en los precios durante el peak de envíos. El mercado se tornó muy inestable a partir de ese punto, con el agravante de que se trataba de las semanas previas a la fiesta de Año Nuevo Chino. Gracias a la cooperación entre el gobierno de Chile, la Asociación de Exportadores de Frutas de Chile (ASOEX), la Federación Gremial Nacional de Productores de Fruta (Fedefruta) y otros organismos, se llevaron acciones conjuntas de comunicación y promoción tanto en redes sociales como medios tradicionales para recuperar la confianza de los consumidores. Para finales de enero se observó cierta recuperación en los precios, pero ya no volvieron a los niveles esperados. Según proyecciones de iQonsulting, las pérdidas (calculadas en base a la diferencia de precios proyectados vs. precios post fake news), ascienden a US$ 430 millones. A esto se le suma que, debido al menor nivel de ventas, hubo fruta que no pudo ser vendida o bien se vio afectada en su calidad por los mayores tiempos de almacenamiento en los contenedores. Esto añadiría unos US$ 15 millones más de pérdidas, por lo que el total asciende a US$ 445 millones FOB. La llegada del Año Nuevo Chino, en este contexto, implicó un cambio en el mercado. Con la migración de los consumidores desde las grandes ciudades hacia el interior, aumentó el comercio de retail, aunque sin alcanzar los volúmenes que se esperaban. Durante las últimas semanas de la temporada, además, se sumó la competencia de la cereza local, competencia que se espera que año a año sea mayor. Este hecho tan inesperado de fake news evidencia la imperiosa necesidad de abordar y comprender el alcance de las redes sociales en la sociedad China, no solo para prevenir este tipo de información falsa sino para incorporarlas como canal de marketing, dado su capacidad de difundir información muy velozmente a 400 millones de personas. Todo esto es un gran desafío y no se descartan nuevos obstáculos que habrá que superar. Pero en el corto plazo el sector seguirá creciendo a pasos agigantados, dado que hay muchos cultivos jóvenes y mercados externos demandantes de cerezas australes. Por lo cual, no es de asombrar que la cereza se está ubicando en el primer lugar dentro de las exportaciones de frutas frescas de Chile. Logró desplazar de este lugar a la uva que durante los últimos 20 años fue la fruta más exportada por los chilenos. Fuente: Portal Frutícola",agraria.pe/agronegocios,https://agraria.pe/noticias/la-cereza-se-convirtio-en-el-principal-producto-de-agroexpor-24356
2021-05-12,Perú tiene que trabajar en el valor agregado para dejar de importar papa prefrita," La Unión Europea es un gran destino para las agroexportaciones peruanas, pero también es proveedor de varios productos alimenticios en nuestro mercado. Uno de estos es la papa prefrita, la cual Perú importó en un volumen de 19.457.278 kilos por US$ 16.8 millones en 2020, según cifras de Agrodata. Esta realidad ha llevado a que algunos actores políticos propongan la implementación de barreras arancelarias, pues consideran que compiten con el tubérculo nacional. Al respecto, Alberto Almendres, presidente de Eurocámaras Perú, reconoció que el debate se está dando porque Perú es un gran productor de papa, pero que esto responde a una dinámica que también sucede en países de Europa como España, que es un importante productor de espárragos y sin embargo tiene que importarlos desde Perú porque no cubre la demanda. “Es decir, España tiene que mirar a otros mercados para traer un espárrago que le falta, porque realmente no tiene. Evidentemente siempre la opinión pública y ciudadanos y agricultores españoles tienen una pregunta como esa, por qué tenemos que importar si nosotros tenemos…yo creo que el intercambio comercial debe ser lo más libre posible”, explicó. Desde su perspectiva, antes que hablar de imponer barreras, es mejor dejar que el mercado se ajuste poco a poco e ir avanzando con la papa en un camino como el de los espárragos y la palta, donde Perú es un protagonista destacado, pero esta vez con valor agregado, ya que el producto que se importa es procesado. “Lógicamente para un agricultor o la opinión pública puede sonar que somos productores de papa y necesitamos traer papa, pero ojo, es papa elaborada, transformada. Quizá Perú lo que tiene que hacer con una mirada futura es convertise también en productor con valor agregado y no ser solamente exportadores de materia prima. Traigamos la tecnología o a los que conocen la tecnología para aprender y construir factorías para hacer eso que tenemos que importar”, refirió el también presidente de la Cámara de Comercio de España en Perú. Por su parte, Alberto Mellado, embajador de la Unión Europea en Perú, apuntó que al hablar de imponer restricciones, aranceles o barreras al libre comercio, hay que recordar que existe un acuerdo entre el país y dicho bloque económico: “Hay compromisos que deben ser respetados”.",agraria.pe/agronegocios,https://agraria.pe/noticias/peru-tiene-que-trabajar-en-el-valor-agregado-para-dejar-de-i-24348
2021-05-11,"Midagri: Agroexportaciones peruanas sumaron US$ 1,744 millones en el primer trimestre del 2021, registrando un crecimiento de 9%"," En el primer trimestre de este año (enero-marzo), las exportaciones agrarias por parte de Perú sumaron US$ 1.744 millones, registrando un incremento de 8.9% en comparación a similar periodo del 2020, informó el Ministerio de Desarrollo Agrario y Riego (Midagri). Durante ese período, por ejemplo, las agroexportaciones no tradicionales representaron ventas por US$ 1.689 millones, cifra superior en 9,2% en relación a similar periodo de 2020. Los principales productos del ranking agroexportador fueron: uva fresca US$ 472 millones (28% de participación), mango fresco US$ 208 millones (12%), palta US$ 117 millones (6,9%), mango congelado US$ 71 millones (4,2%) y arándanos US$ 50 millones (3,0%). También se debe mencionar las mayores colocaciones de espárrago fresco por US$ 48 millones (2.9%), bananas frescas US$ 38 millones (2.2%), preparaciones utilizadas para la alimentación de los animales US$ 36 millones (2.1%), los demás cacaos en grano US$ 26 millones (1.6%) y jengibre sin triturar ni pulverizar US$ 25 millones (1.5%). Estos 10 productos en conjunto concentrarían el 65% de la oferta exportable no tradicional. El Midagri resaltó que, dentro de la canasta de productos no tradicionales, las exportaciones de frutas siguen siendo el principal motor de nuestras agroexportaciones, cuyas ventas sumaron más de US$ 1.040 millones (61% de las agroexportaciones no tradicionales) en el primer trimestre, cifra que significó un aumento de 18% respecto a similar periodo de 2020. Por su parte, las exportaciones agrarias tradicionales alcanzaron US$ 57 millones, monto que significó un aumento de 0.1% respecto a lo registrado al año pasado. En ese grupo de productos destacan las ventas de café sin tostar (US$ 46 millones), que registró un aumento de 11%. Del mismo modo, los Estados Unidos sigue siendo el principal destino de las exportaciones agrarias peruanas, captando el 31.5% de las exportaciones agrarias en el primer trimestre del año. Luego vienen Holanda (17.2%), España (6%), Hong Kong (4.4%), Chile (3.7%), Ecuador (3.3%), China (3.3%), México (3%), Alemania (3%), Inglaterra (2%), otros (23%). Agroexportaciones en marzo Solo en marzo de 2021, las exportaciones agrarias llegaron a los US$ 479 millones, lo cual significó un de crecimiento de 13% en comparación a los US$ 423 millones registrados el mismo mes del 2020. Dicho incremento estuvo impulsado por las colocaciones de paltas, uvas, arándanos, preparaciones alimenticias de harina sémola, almidón, fécula o extracto de malta, café sin tostar, espárragos frescos, aceite de palma en bruto, manteca de cacao y cebollas y chalotes frescos. Las exportaciones agrarias tradicionales durante el mes analizado alcanzaron los US$ 13 millones, cifra que significó un aumento de 40% respecto a lo registrado en similar mes del 2020. Dentro de este grupo de productos destacan las exportaciones de café sin tostar (US$ 8.9 millones) que registró un aumento de 62%. Solo este producto explicó el 66% de las agroexportaciones tradicionales. Además, las agroexportaciones no tradicionales en ese mes sumaron US$ 466 millones, cifra 13% mayor a lo observado al 2020. Los principales productos del ranking agroexportador no tradicional fueron: paltas frescas (17% de participación), mangos frescos (10%), mangos congelados (6.1%) y las uvas frescas (5.1%). Asimismo, se resaltan las mayores ventas de preparaciones utilizadas para la alimentación de los animales (3.5%), bananas incluidos los plátanos tipo ""cavendish valery"" frescos (2.8%), los demás cacaos en grano (1.8%), arándanos frescos (1.7%), quinua (1.6%), espárragos preparados (1.6%), manteca de cacao (1.5%) y espárragos frescos (1.5%). Estos 12 productos en conjunto concentran el 60% del total de productos no tradicionales exportados. Los productos no tradicionales que registraron crecimiento positivo en su valor de exportación fueron: paltas frescas US$ 78 millones (+47% de crecimiento), uvas frescas US$ 24 millones (+72%), arándanos US$ 8.0 millones (+168%), demás preparaciones alimenticias de harina sémola, almidón, fécula o extracto de malta US$ 5.1 millones (+2 513%), espárragos frescos US$ 7.1 millones (+90%), entre otros.",agraria.pe/agronegocios,https://agraria.pe/noticias/midagri-agroexportaciones-peruanas-sumaron-us-1-744-millones-24336
2021-05-11,Tenemos precios retrasados de los alimentos en el campo," En los últimos 23 años, el sueldo mínimo en el país casi se triplicó, pasando de S/ 345 en 1997 a S/ 930 en el 2020 (incluso la remuneración mínima vital en el sector agrario es de S/ 1.209), sin embargo, el precio de los alimentos en el campo no creció ni siquiera cerca a esa proporción. Así lo indicó el especialista en agronegocios, Ángel Manero Campos, quien detalló que entre 1997 y 2020 el precio de la papa blanca pasó de S/ 0.63 a S/ 0.59 el kilo; el arroz corriente pasó de S/ 1.60 a S/ 2.20 el kilo; el camote amarillo pasó de S/ 0.25 a S/ 0.95 el kilo; la cebolla roja pasó de S/ 1.03 a S/ 1.11 el kilo; la papaya selva pasó de S/ 0.91 a S/ 1.61 el kilo; el zapallo macre pasó de S/ 0.73 a S/ 1.18 el kilo. “Tenemos precios retrasados de los alimentos para el campo. En muchos productos el precio es el mismo que hace 23 años (o menor como el caso de la papa), y en otros se ha incrementado en 30% o 40%. Solo el camote creció en la proporción en la que se incrementó el sueldo mínimo”, sostuvo. Agregó que la producción nacional agropecuaria sigue en incremento constante pero la demanda no crece a la misma proporción, generando una sobreproducción de alimentos que provoca los bajos precios de los productos. Lo ideal sería tener un sistema de información que recomiende al productor cuánto sembrar de determinado producto, para que no haya sobreproducción y de esa manera evitar la caída del precio. Además, destacó que se necesita como país al menos 5 cultivos más 1 crianza, que sean masivos (de alto hectareaje) y rentables, con ello se regula la sobreoferta potencial de productos como la papa, arroz, maíz, menestras, quinua, leche. “Con esto se ordenaría el mercado para los cultivos del campo porque estos 5 cultivos nuevos y 1 producto derivado de la crianza absorberían entre el 70% y 80% de las siembras, y los demás cultivos ya no ocasionarían sobreoferta porque la superficie sería limitada”, comentó.",agraria.pe/agronegocios,https://agraria.pe/noticias/tenemos-precios-retrasados-de-los-alimentos-en-el-campo-24335
2021-05-07,Agroexportaciones peruanas crecieron 13.1% en el primer trimestre del 2021," En el primer trimestre del presente año, las exportaciones peruanas totales alcanzaron los US$ 11.141 millones, cifra que representó un incremento de 12.6% frente a lo alcanzado en igual periodo del 2020. Así lo informó la ministra del Comercio Exterior y Turismo (Mincetur), Claudia Cornejo, quien detalló que los despachos de productos no tradicionales crecieron 17.9% y los tradicionales aumentaron en 10.2%. Explicó que este resultado se debe principalmente al alza de las cotizaciones de nuestros principales commodities de exportación, así como al impacto que tuvieron las medidas sanitarias aplicadas para controlar la pandemia, lo que favorece los envíos de productos peruanos, la preservación del empleo y la generación de nuevos puestos de trabajo vinculados al comercio exterior. La ministra detalló que solo en marzo, el crecimiento exportador fue de 31 %, al lograrse ventas por US$ 3.619 millones. Agroexportaciones De enero a marzo del 2021, las agroexportaciones peruanas acumularon un crecimiento de 13.1%, impulsadas por las mayores ventas de fruta (+20.7%), cifra con la que las agroexportaciones alcanzaron en marzo el octavo mes de incremento consecutivo y podrían alcanzar en el 2021 un nuevo récord. La titular del Mincetur dijo que en los 3 primeros meses del presente año la venta de fruta creció 20.7% gracias a los mayores volúmenes y –en menor medida– a los mayores precios de exportación, en uva, arándano y palta. En cuanto a hortalizas, se duplicó la venta de cebolla (+105%). Luego de alcanzar un récord en el 2020 (US$ 106 millones), la exportación de jengibre ha seguido creciendo en el primer trimestre (+52%) debido a la mayor demanda y oferta.",agraria.pe/agronegocios,https://agraria.pe/noticias/agroexportaciones-peruanas-crecieron-13-1-en-el-primer-trime-24320
2021-05-06,Aprueban requisitos sanitarios para importación de carne de porcino procedente de Brasil," A través de la Resolución Directoral N 0006-2021-Midagri-Senasa-DSA, se aprobaron los requisitos sanitarios para importación de carne de porcino procedente de la República Federativa de Brasil. El producto (carne) deberá estar amparado por un certificado sanitario de exportación, expedido por la autoridad sanitaria competente de la República Federativa de Brasil, en el que consta el cumplimiento de los siguientes requisitos: El producto debe provenir de porcinos nacidos, criados y faenados en la República Federativa de Brasil, país que es libre de peste porcina africana y nunca ha registrado la ocurrencia de enfermedades como la vesicular del cerdo, encefalitis por virus nipah, gastroenteritis transmisible, síndrome reproductivo y respiratorio porcino, encefalomielitis por enterovirus (enfermedad de Teschen o enfermedad de Talfan) y triquinelosis en el territorio brasileño. Brasil también es libre de fiebre aftosa reconocido por la Organización Mundial de Sanidad Animal (OIE). Los porcinos que dan origen al producto deben haber sido transportados de la explotación de origen al matadero en un vehículo previamente lavado y desinfectado, y sin tener contacto con otros animales que no cumplan con los requisitos de la exportación. El establecimiento de origen, el matadero y al menos en un área de 10 km a su alrededor no deberán estar en una zona bajo cuarentena o restricción de la movilización de porcinos al momento de la exportación y durante los sesenta días previos al embarque de esta. El producto debe proceder de porcinos nacidos y criados en una zona libre de peste porcina clásica (se debe indicar la zona). El producto debe proceder de porcinos nacidos y criados en una granja en donde no se ha registrado casos de brucelosis, senecavirus y enfermedad de Aujeszky en los últimos 60 días. Asimismo, el producto debe proceder de porcinos que han sido criados de acuerdo con el Código de Prácticas de Higiene para la carne de Codex Alimentarius (CAC/RCP 58-2005). El producto debe proceder de un establecimiento que tiene implementado y en operación el Sistema de Análisis de Peligros y Puntos Críticos de Control (HACCP) y está oficialmente autorizado para la exportación por la autoridad competente de la República Federativa de Brasil y se encuentra habilitado por el Servicio Nacional de Sanidad Agraria (Senasa) de la República del Perú. El producto debe obtenerse a partir de porcinos sacrificados en un establecimiento registrado oficialmente por el Departamento de Inspección de Productos de Origen Animal (DIPOA), sujetos a inspección veterinaria oficial ante mortem y post mortem y se consideraron aptos para el consumo humano. El establecimiento de donde procede el producto debe tener implementado y en operación un sistema de trazabilidad en la cadena porcina, verificado sistemáticamente por la autoridad competente de la República Federativa de Brasil, que permite trazar toda la trayectoria de la carne, desde su origen en la fase primaria hasta los puntos de su distribución y viceversa. La autoridad competente de la República Federativa de Brasil tiene implementado y en operación un programa de monitoreo de contaminantes químicos y microbiológicos, que incluye a la carne porcina y a los piensos e ingredientes de piensos. El programa contempla el monitoreo de la ractopamina en animales sacrificados, con un límite de 10 microgramos por kilogramo de músculo. La autoridad competente de la República Federativa de Brasil es responsable por la fiscalización de la producción y comercialización de productos veterinarios utilizados en la especie porcina, así como por la fiscalización del cumplimiento de los estándares de buenas prácticas de manufactura que incluyen la implementación de un sistema de trazabilidad para los productos indicados para la especie, por los establecimientos productores. El producto deberá estar embalado con materiales de primer uso. Los embalajes llevan en su etiqueta el nombre del producto, el país de origen, el número de establecimiento autorizado, la fecha de producción y su vigencia del producto, el número de lote que permita garantizar la trazabilidad al origen de los porcinos de los que provienen los productos. Se han tomado las precauciones necesarias para evitar el contacto con cualquier fuente de contaminación, después del procesamiento del producto. El producto fue inspeccionado por la autoridad sanitaria competente de la República Federativa de Brasil previo a la certificación.",agraria.pe/agronegocios,https://agraria.pe/noticias/aprueban-requisitos-sanitarios-para-importacion-de-carne-de--24305
2021-05-05,Hasta el 95% de agroexportaciones peruanas se sujetan a beneficios de los TLC," Casi el total de agroexportaciones peruanas llegan a sus mercados de destino amparadas por sendos tratados de libre comercio (TLC), sostiene Carlos Posada Ugaz, director ejecutivo del Instituto de Investigación y Desarrollo de Comercio Exterior de la CCL (Idexcam). Señala que, por esta razón, una pérdida de las ventajas arancelarias de estos arriesgaría lo alcanzado por dicho sector. “No menos del 95% de las agroexportaciones peruanas, que entran con preferencia a los destinos internacionales, van con los TLC”, dijo. Hasta la fecha, el Perú mantiene 21 acuerdos bilaterales o multilaterales que les brindan beneficios para el acceso a 54 mercados. Es así que hasta el 90% de las exportaciones peruanas (en valor) del 2020 contaba con acceso a este tipo de beneficios, según la Sociedad de Comercio Exterior del Perú (Comex Perú). Como es conocido, los principales productos peruanos de agroexportación son las uvas, paltas, arándanos y espárragos, que en el 2019 representaron el 69% de la agroexportación nacional, de acuerdo con el portal Fresh Fruit Perú. “Todos los productos de agroexportación tienen ventajosas condiciones de acceso por las reducciones arancelarias que se han dado mediante estos TLC. El agro ha sido el sector más complejo en las negociaciones, pero también es el sector para el cual el Perú ha logrado las mejores condiciones, pues incluso se ha logrado mejorar las que teníamos antes en los envíos a algunos países de la región”, añadió Posada Ugaz. Cabe señalar que los productos agrícolas son los más beneficiados por los TLC dentro de la categoría de exportaciones no tradicionales, en términos de valor, destaca el gerente de Estudios Económicos de Comex Perú, Rafael Zacnich. “Dentro de los productos no tradicionales, son los que les sacan más el jugo a los acuerdos comerciales, en valor”, expresó. Riesgo Una propuesta del candidato presidencial de Perú Libre, Pedro Castillo, ha despertado inquietud en el sector de exportaciones. Durante el debate presidencial en Chota (Cajamarca) frente a su rival de Fuerza Popular, Keiko Fujimori, el aspirante a la presidencia dijo que en un eventual gobierno suyo se prohibirían las importaciones de productos que ya se obtienen o elaboran en el país. Posada indica que llevar esta propuesta a la práctica implicaría que el Gobierno denuncie los TLC vigentes, pues así como otorgan condiciones ventajosas para las exportaciones peruanas, también facilitan las exportaciones de las contrapartes hacia el Perú. “El Gobierno no podría tomar una decisión en contra de los beneficios de otro país sin esperar que el otro país haga lo mismo. ¿Qué pasa si se decide que ninguno de los productos que ya se producen en el Perú pueda ser importado de España, por ejemplo? España podría prohibir también que se importe desde su país los espárragos peruanos, porque allá también los producen”, expresó. Denunciar los TLC o retirarse de ellos, sostiene, ocasionaría que el Perú pierda ventajas competitivas en los mercados de destino a los que dirige sus envíos, que probablemente opten por comprarle a otro proveedor. El resultado sería “regalar ese espacio que se ha ganado Perú a los países competidores”, en especial a Chile, que cuenta con una canasta agroexportadora similar a la peruana, añade. Con este punto de vista coincide Zacnich, quien señala que sin los TLC el Perú perdería competitividad frente a Chile en la exportación de arándanos, frente a Colombia en palta y mangos. “Perderíamos mercados en el exterior”, acota. Tras 10 años de la firma del TLC entre Perú y los Estados Unidos, se apreció un incremento sustancial de las agroexportaciones no tradicionales, que pasaron de US$ 574 millones en el año previo a la entrada en vigencia del acuerdo, a US$ 1.928 millones en el décimo año posterior. Fuente: Gestión",agraria.pe/agronegocios,https://agraria.pe/noticias/hasta-el-95-de-agroexportaciones-peruanas-se-sujetan-a-benef-24302
2021-05-05,"Fernando Cillóniz: “No hay concentración, ni posición de dominio en la agroexportación”"," La agroexportación es un sector donde participan muchas empresas y algunos malos políticos tratan de confundir señalando que solo son unas cuantas empresas que la conforman, indicó el presidente de la consultora Información, Fernando Cillóniz Benavides. Señaló que son 2.464 empresas (350 dedicadas al agro tradicional y 2.106 al agro no tradicional) las que exportaron productos agrícolas en nuestro país en 2020 (según dato de ADEX), y la más grande no participa ni siquiera con el 5% del total de la agroexportación, lo que demuestra que no hay concentración en el sector. “En el 2020 la principal empresa agroexportadora del Perú (Camposol) exportó el 4% de todas las exportaciones agrícolas ( que sumaron en total US$ 7.471.875.349). No hay concentración, ni posición de dominio en la agroexportación y eso es saludable”, manifestó. Detalló que el año anterior, 114 empresas exportaron productos agrícolas por más de US$ 13 millones, 233 empresas por más de US$ 6 millones, y 702 empresas por más de US$ 1 millón. Principales empresas agroexportadoras Camposol es la principal empresa agroexportadora del Perú, en el 2020 sus despachos sumaron US$ 307.086.670 por 107.713.717 kilos (en 2019 fueron US$ 291.494.366 por 82.317.677 kilos), representa el 4.1% del total despachado por nuestro país. Su principal mercado fue Norteamérica a donde se destinó 56.891.344 kilos por US$ 177.996.444, seguido de Europa con 42.380.764 kilos por US$ 106.525.995, Asia con 7.152.992 kilos por US$ 20.275.635. La empresa exportó principalmente paltas, arándanos, mangos frescos, uvas, mandarinas, mangos congelados, En segundo lugar se ubicó Virú S.A. que en el 2020 realzó despachos por US$ 206.516.686 por 81.945.020 kilos (en 2019: US$ 196.787.131 por 72.780.699 kilos). En tercera posición se situó Danper Trujillo con despachos por US$ 203.888.086 por 70.687.193 kilos (en 2019: US$ 183.741.450 por 65.836.655 kilos) Complejo Agroindustrial Beta ocupó la cuarta casilla con envíos por US$ 177.167.436 por 60.126.241 kilos (en 2019 despachó US$ 164.694.966 por 55.569.577 kilos). Hortifrut Perú se ubicó quinto en el ranking con envíos por US$ 146.792.804 por 24.302.870 kilos (en 2019: US$ 101.686.941 por 17.999.967kilos) Vitapro con envíos por US$ 131.642.173 por 136.512.815 kilos (en 2019: US$ 187.517.209 por 175.905.095 kilos), Agrícola Cerro Prieto con despachos por US$ 121.181.434 por 42.170.350 kilos (en 2019: US$ 120.101.900 por 32.792.385 kilos) y Consorcio de Productores de Fruta (CPF) con exportaciones por US$ 110.580.259 por 75.269.140 kilos (en 2019: US$ 100.617.988 por 60.036.476 kilos), se posicionaron en el sexto, séptimo y octavo lugar, respectivamente. Mientras que en la novena y décima casilla fueron ocupadas por Sociedad Agrícola Rapel con exportaciones por US$ 100.353.275 por 46.290.294 kilos (en 2019: US$ 73.381.792 por 35.364.119 kilos) y El Pedregal con envíos por US$ 98.960.847 por 36.153.843 kilos (en 2019: US$ 89.106.841 por 31.755.357 kilos). Cillóniz destacó que las 10 principales empresas agroexportadoras del Perú se dedican a las frutas y hortalizas; sin embargo, agregó que en la décimo primera casilla se ubica Perales Huancaruna SAC que se dedica al café y cuyos despachos en 2020 ascendieron a US$ 97.262.259 por 32.811.308 kilos (en el 2019 fueron US$ 92.825.333 por 36.603.692 kilos).",agraria.pe/agronegocios,https://agraria.pe/noticias/fernando-cilloniz-no-hay-concentracion-ni-posicion-de-domini-24295
2021-05-03,Midagri y Pedamaalc invertirán más de S/ 36 millones en sistema de riego en Loreto," El Ministerio de Desarrollo Agrario y Riego (Midagri) en convenio con el Proyecto Especial Datem Del Marañón, Alto Amazonas, Loreto, Condorcanqui (Pedamaalc), invertirá S/ 36.339.786 en la ejecución del sistema de riego en la margen derecha del valle del Shanusi, jurisdicción del distrito Yurimaguas, provincia loretana de Alto Amazonas. El director ejecutivo del Pedamaalc, Raúl Gustavo Torres Vásquez, manifestó que las gestiones en el Midagri dieron resultados positivos a favor del agro en esta provincia, por lo que felicitó a su equipo técnico de la Dirección de Desarrollo Agroeconómico, al facilitar el tema para la supervisión y ejecución del proyecto “Creación del servicio de agua del sistema de riego, en la margen derecha del río Shanusi, sector Independencia, Nuevo Jaén, Suniplaya, Túpac Amaru y La Florida”. Asimismo, el funcionario agradeció el desprendimiento del Midagri y refirió que en los próximos días se trasferirá al Pedamaalc los primeros S/ 12.330.275, para gastos preparatorios y primera fase de la elección del proyecto, mientras que para el próximo año el fondo Sierra Azul desembolsará los restantes S/ 24.009.510. Alentó a los dirigentes agrarios y productores del valle del Shanusi, a los comités de regantes, al frente de defensa y otras organizaciones; así como a otras autoridades a mantenerse confiados al justo reconocimiento por su indesmayable aporte a favor de la agricultura. En los próximos días se iniciarán las acciones del citado proyecto que ayudará a mejorar y aumentar la producción de arroz del valle del Shanusi en la provincia Alto Amazonas.",agraria.pe/agronegocios,https://agraria.pe/noticias/midagri-y-pedamaalc-invertiran-mas-de-s-36-millones-en-siste-24275
2021-05-03,Distribución y comercialización de flores continúa los domingos a través del Delivery," La distribución y comercialización de flores son actividades de la agricultura que no son afectadas por las restricciones al libre tránsito (RM 021-2021-Midagri) con excepción de la venta ambulatoria. Así lo informó el Ministerio de Desarrollo Agrario y Riego (Midagri), que indicó que la floricultura con énfasis los domingos, no está prohibida en sus operaciones de distribución y comercialización mediante el sistema de delivery. ""Agricultura, pecuario, caza y silvicultura: Todas las actividades del rubro, insumos y servicios conexos"" pueden realizarse de conformidad con el DS N° 184-2020 y sus modificatorias, en los departamentos considerados en nivel de alerta extrema. El Midagri indicó que la floricultura nacional es una actividad indispensable de sector Agrario y Riego, considerada esencial en el marco del estado de Emergencia Nacional. La economía de más de 7.000 familias productoras de flores de la agricultura familiar, depende de esta relevante actividad. Estos pequeños productores se ubican principalmente en los departamentos de Junín, Cajamarca, Huánuco, Lima Provincias, Áncash, Ica, Arequipa, Cusco y San Martín. Agregó que esta actividad es generadora de puestos de trabajo rural permanente a lo largo de su cadena de valor, desde las diferentes etapas de la producción, comercio, transporte, distribución mayorista y minorista, florerías, decoradores, paisajistas hasta su consumo final. Campaña Día de la Madre El próximo domingo se celebra el “Día de la Madre”, fecha donde se registra una alta comercialización de flores. Luisa Macavilca, representante del gremio de productores de los Mercados de Flores de Lima, señaló que, para este rubro, esta celebración representa el 60% del valor comercial de todo el año. Este gremio cuenta con 500 socios de los que cada uno tiene de tres a cinco trabajadores. Ellos están distribuidos en los mercados mayoristas Asociación de Floricultores del Perú, Asociación Mercado Mayorista de Flores del Perú, Mercado de Flores Piedra Liza y Mercado de Flores Santa Rosa.",agraria.pe/agronegocios,https://agraria.pe/noticias/distribucion-y-comercializacion-de-flores-continua-los-domin-24274
2021-04-30,Mercados de la Chacra a la Olla comercializaron más de 744 toneladas de frutas y verduras," Más de 744 toneladas de frutas, hortalizas y verduras se comercializan en los 337 Mercados Midagri ""De la Chacra a la Olla 2021"" por un monto que asciende a S/ 1.600.000, lo que beneficia de manera directa la economía de la agricultura familiar, según informó el Programa de Desarrollo Productivo Agrario Rural (Agro Rural). ""En la Semana Nacional de Frutas y Verduras, Agro Rural reitera su compromiso en el abastecimiento de alimentos provenientes de la agricultura familiar en Lima y provincias y, a su vez impulsa, junto a los gobiernos locales, la reactivación económica de los pequeños productores, en el marco de la emergencia sanitaria por el Covid-19”, señaló la directora ejecutiva, Roxana Orrego. En el periodo de enero a abril de 2021, se comercializaron -a precio justo- aproximadamente 382 toneladas de hortalizas y verduras por un valor que asciende a S/ 720.000. En relación con la preferencia del público, y según la estacionalidad de la producción, en el top de frutas con los diez productos más vendidos figuran el plátano, palta, naranja, papaya, piña, manzana, mandarina, limón, sandía, granadilla, que alcanzaron un volumen de más de 251 toneladas por un monto de venta superior a S/ 566.000. En el caso de las frutas, se vendieron más de 362 toneladas por un valor de S/ 921.000. Verduras con más demanda En el top de hortalizas y verduras de los diez productos más comercializados destacan el choclo, arveja, cebolla, zapallo, zanahoria, ajo, haba, limón, beterraga, vainita, que alcanzó un volumen de más de 229.000 toneladas por un monto de venta total de S/ 457.000. Los Mercados Midagri ""De la Chacra a la Olla 2021"" están a cargo de Agro Rural y cumplen con las medidas de seguridad e inocuidad alimentaria. Además se realizan en coordinación con los gobiernos regionales y locales, quienes garantizan el cumplimiento de las medidas de seguridad para los asistentes, productores y organizadores. Datos . La difusión de los beneficios del consumo de frutas y verduras busca que las familias peruanas consuman 400 gr./persona/día, como lo recomienda la Organización Mundial de la Salud (OMS). . El Ministerio de Salud recuerda que la OMS recomienda el consumo diario de cinco porciones de frutas y verduras con el fin de prevenir enfermedades crónicas no transmisibles. Fuente: El Peruano",agraria.pe/agronegocios,https://agraria.pe/noticias/mercados-de-la-chacra-a-la-olla-comercializaron-mas-de-744-t-24267
2021-04-28,Agroexportaciones no tradicionales representaron el 17.6% de envíos al mundo," El sector agroexportador no tradicional ha demostrado mayores señales de recuperación y durante el primer bimestre del año llegó a representar el 17.6% del total de envíos de productos peruanos al mundo. Así lo informó la Sociedad de Comercio Exterior del Perú (Comex Perú), que detalló que entre enero y febrero las exportaciones de este sector sumaron US$ 1.303 millones, lo cual implicó un aumento de 13.5%, respecto al mismo período del 2020 En este caso resaltaron los envíos de productos como uvas frescas (US$ 509 millones, aumento de 27.1%), mangos (US$ 166 millones, 3.5%), arándanos (US$ 45 millones, 25.6%), paltas (US$ 39 millones, 76.2%). También destacaron las cebollas y chalotas (US$ 22 millones, 94%). Por su lado, los envíos de productos como la quinua sumaron US$ 14 millones (-24.6%) y los espárragos frescos US$ 44 millones (-16.9%). De acuerdo con el Ministerio de Comercio Exterior y Turismo (Mincetur), las exportaciones totales sumaron US$ 7.388 millones durante el primer bimestre del año. Volumen Respecto del resultado en toneladas de las exportaciones agropecuarias no tradicionales en el primer bimestre del año, se registraron envíos por 757.384 toneladas, lo que significó un aumento del 4.7% con relación a igual período del 2020. Por su parte, el aumento en el valor de las exportaciones reportado sería atribuido a los precios, lo que va de la mano con las previsiones recientemente difundidas del Fondo Monetario Internacional. En esta ocasión, los principales destinos de las exportaciones agropecuarias no tradicionales durante el primer bimestre fueron Estados Unidos (US$ 503 millones, 15.4%), Países Bajos (US$ 196 millones, 19.9%), Hong Kong (US$ 75 millones, 26.7%). También destacó España (US$ 68 millones, 8.2%), Chile (US$ 40 millones, 35.4%) y México (US$ 40 millones, 8%), mientras que las exportaciones a China alcanzaron los US$ 35 millones, un 29.2% más que lo registrado en igual periodo del año previo. Fuente: andina.pe",agraria.pe/agronegocios,https://agraria.pe/noticias/agroexportaciones-no-tradicionales-representaron-el-17-6-de--24241
2021-04-22,Mañana se realizará seminario sobre uso de herramienta móvil Agro Oferta entre los productores agrícolas y consumidores," El Ministerio de Desarrollo Agrario y Riego (Midagri) realizará el seminario “Comercio Electrónico ¿Oportunidad de Negocios Alimentarios en el Perú?” con la finalidad de promover el uso de una de las últimas herramientas tecnológicas, denominada Agro Oferta, entre los productores agrícolas y los consumidores a nivel nacional. Durante la charla se abordará el Comercio Electrónico Agroalimentario, Mitos, Desafíos y Oportunidades. También se explicará la importancia del uso del Catálogo de Productos Agrarios y finalmente se realizará una rueda de negocios virtual. La cita es mañana (23 de abril) a las 15 horas vía Zoom, y para ello será preciso registrarse en el siguiente link: https://forms.gle/qUdHxTJQjpeN7cgw6 En el seminario virtual se dará especial énfasis en el uso de la nueva herramienta digital Agro Oferta que se creó con el objetivo de visibilizar a los pequeños agricultores familiares, y que estos puedan exponer su oferta de productos, conectándolos directamente con los compradores, y garantizándoles un mejor precio. Agro Oferta es un aplicativo para celulares o tablets de muy fácil uso, que permite validar la identidad del agricultor, georreferenciar su parcela, y que este coloque sus productos, volumen, precio, fecha de cosecha y datos de contacto para la venta, y cuya información estará disponible en la web del Midagri donde los diversos compradores podrán buscar productos por área geográfica, variedad, volumen, precios, etc., y así contactar directamente al productor familiar. Con ello el comprador obtendrá un mejor precio y el agricultor recibirá un mayor valor, al eliminarse el intermediario. Con ello, el Midagri establecerá un canal de comunicación permanente y bidireccional con las familias rurales, a fin de llevarles capacitación, información, asistencia técnica requisitos para el acceso a créditos del fondo Agro Perú, entre otros beneficios que redundarán en elevar la calidad de vida de los agricultores. A este proceso de aproximación tecnológica a los pequeños agricultores se ha denominado “Inclusión tecnológica de la Agricultura Familiar”. El aplicativo puede ser instalado en cualquier celular o Tablet con sistema Android, además Agro Oferta está disponible de manera gratuita descargándolo en Play Store.",agraria.pe/agronegocios,https://agraria.pe/noticias/manana-se-realizara-seminario-sobre-uso-de-herramienta-movil-24198
2021-04-22,La nueva ley agraria no promueve la agricultura formal y no afecta a la informalidad," La agroexportación fue el único sector que cerró en azul en el 2020, además de incrementar el número de puestos laborales, de ahí su importancia en la recuperación económica del país. Sobre ello conversamos con Gabriel Amaro Alzamora, director ejecutivo de la Asociación de Gremios Productores Agrarios del Perú (AGAP), quien también se refirió a la “Ley del régimen laboral agrario y de incentivos para el sector agrario y riego, agroexportador y agroindustrial” y su reglamento; así como las medidas que deberá tomar el nuevo Gobierno y Congreso para promover el sector. El 30 de marzo se publicó el reglamento de la ""Ley del régimen laboral agrario y de incentivos para el sector agrario y riego, agroexportador y agroindustrial"", ¿cuál es su opinión al respecto? La situación es bastante preocupante. La nueva ley agraria es una mala ley que no promueve la agricultura formal, por lo que el reglamento no puede ir más allá de esta, por lo tanto, tenemos un marco jurídico totalmente negativo para el sector ya que le resta competitividad. A pesar de que recién se publicaron los dos primeros reglamentos, aun falta que se publique el reglamento referido a las actividades agroindustriales comprendidas en la ley, lo cual afecta nuevamente la seguridad jurídica del sector. ¿En el nuevo reglamento qué temas no quedaron claros o no se abordaron? Definitivamente el tema del personal de las áreas administrativas y de soporte técnico que no están comprendidos en la ley es uno de los puntos críticos, no queda claro totalmente. Otro punto muy complicado es el referido al derecho preferencial de contratación, lo cual complica la flexibilidad que debe tener el sector, como sucede en todas partes del mundo, y que afectará definitivamente el libre mercado laboral y los procesos de contratación de las empresas formales. Asimismo, se considera una indemnización por despido totalmente excesiva, la más alta de todos los sectores económicos ya que no se calcula sobre la remuneración básica sino sobre la remuneración diaria (RD). En cuanto al tema tributario, se le quita poco a poco los beneficios como si estuviésemos en condiciones de perder inversiones, más aún en estos momentos tan difíciles que venimos atravesando económicamente en el país, entre otros. Es importante precisar que esta ley no afecta a la informalidad, la cual sigue creciendo a un ritmo galopante, afectando a los miles de trabajadores que siguen siendo contratados por unidades productivas seudoformales e informales, ¿esto es lo que buscaba la derogatoria de la Ley de promoción agraria? Pues este es otro de los graves riesgos. No existe política de protección de los derechos laborales verdadera cuando se degradan las condiciones para atraer, sostener y desarrollar la inversión formal. Cuando el sector y el país pierden competitividad para desarrollar inversiones se pierden empleos, generación económica, PBI, divisas, etc. Situación muy mala para los trabajadores y el país. Solo se aprobaron dos reglamentos (general y negociación colectiva) ¿por qué no se publicó el de las actividades comprendidas en la ley? Para empezar, estos reglamentos debieron ser publicados en enero, desde ahí ya teníamos un problema serio en cuanto a la seguridad jurídica que afecta negativamente a la inversión en el Perú. Por otro lado, la necesidad de contar con los lineamientos claros es más urgente aún cuando se trata de una ley complicada y que no promueve la agricultura formal. En cuanto al reglamento de actividades comprendidas, no entendemos la demora en su publicación. Desde AGAP hemos enviado una propuesta clara y que le da continuidad jurídica a las actividades agroindustriales que siempre estuvieron en el marco de la Ley Agraria detallando las actividades claramente y actualizándolo a la versión 4 del CIIU. Este reglamento debe ser publicado a la brevedad, pues la falta de predictibilidad termina generando mayores problemas. ¿Este nuevo reglamento, donde se diferencia a los trabajadores que acceden al bono, puede generar nuevos reclamos? Las marchas y protestas fueron situaciones muy difíciles que esperamos no se repitan, en donde se atacó la propiedad pública y privada, y en donde las protestan se enfocaban en reclamos, entre otros motivos, por prácticas informales que se encuentran al margen de la ley y que afectaban a los trabajadores en sus derechos, como el uso de services en actividades principales y el no pago de todos los derechos laborales. Sin embargo, en vez de fortalecer la Sunafil para que fiscalice a toda la actividad informal (en el país es cerca del 80%), que son los que atentan contra los derechos laborales de los trabajadores, se derogó la ley de promoción agraria, Ley Nº 27360, en un hecho totalmente desproporcionado y populista. Respecto al reglamento, el problema es la propia Ley, ya algunas organizaciones sindicales se han pronunciado en el sentido de no estar de acuerdo con la Ley 31110. La diferenciación respecto al personal que no se encuentra comprendido en la Ley es un tema que podría generar inconvenientes. Desde AGAP venimos solicitando se aclare lo mejor posible para evitar cualquier conflicto. ¿Considera que el nuevo gobierno deberá modificar la nueva norma? El nuevo gobierno debe hacer una reingeniería del Estado y de muchas normas, para mejorar la eficiencia y eficacia del Estado en el cumplimiento de sus funciones en educación, salud, seguridad ciudadana, infraestructura, etc., en mejorar la competitividad del país y hacer del Perú nuevamente un país atractivo para las inversiones con seguridad jurídica. Definitivamente tienen que devolverle el carácter promotor de la ley agraria y adaptarla a la realidad de la agricultura, ya que como está actualmente perjudica seriamente el crecimiento del sector, a la agricultura formal y la generación de empleo para millones de peruanos. La modificación del actual marco legal de la Ley Agraria es fundamental, ya que necesitamos, sobre todo en tiempos como este, seguir generando empleo formal y desarrollo, disminuir la informalidad, el desempleo, y la pobreza en el país. Esta Ley es antitécnica, anti inversión y definitivamente convierte al agro peruano en un sector menos competitivo frente a nuestros principales competidores como Chile, Colombia, etc. ¿Qué debe hacer el nuevo gobierno para que las inversiones actuales en el sector sean rentables en el país y atraer nuevas inversiones? El nuevo Gobierno y el nuevo Congreso tienen dos compromisos principales: la salud de la población y la recuperación económica para generar empleo formal en el país. Para el caso económico se tienen que recuperar los elementos que nos hacen atractivos para recuperar la confianza de los inversionistas nacionales y extranjeros y atraer la inversión, esto es, mejorar la regulación, la competitividad y el clima para hacer negocios en el Perú, es la única manera de atraer inversión, mantenerla y recuperarnos económicamente. No podemos continuar con normas y una política pública que han provocado que hoy seamos un país con casi el 80% de informalidad, es una cifra extrema, insostenible, que se debe revertir. ¿En años anteriores, cuánto invertían las empresas del sector (o las socias de AGAP) y cuánto invertirían este año? Más que hablar de cifras exactas, lo que corresponde directamente a las empresas, se debe resaltar el hecho de que las inversiones de años anteriores a partir de este nuevo marco legal no serán las mismas. Muchas empresas han frenado sus nuevos proyectos en el Perú, inversiones importantes ante la incertidumbre que genera la nueva ley agraria. Asimismo, ya hay muchas empresas que están evaluando desarrollar sus proyectos en países vecinos que tienen un marco legal para la agricultura formal más atractivo que el peruano. Debemos recuperar la confianza de la inversión agraria, es el reto del nuevo Gobierno y Congreso. ¿Cómo proyecta el dinamismo de las agroexportaciones peruanas para este año? Los resultados del sector este 2021 dependerán de muchos factores, entre ellos el marco legal, seguiremos creciendo, pero con un menor dinamismo ya que hay menos incentivo por desarrollar nuevos proyectos y ha aumentado los riesgos y costos con la nueva ley agraria, haciéndonos menos competitivos. En cuanto a productos destacados, los cítricos tuvieron un importante desempeño el año pasado debido a que su consumo mejora el sistema inmunológico y de cara a la pandemia es muy probable que continúe su crecimiento este año. Además de nuestros arándanos, paltas, uvas, entre otros que continúan creciendo por su alta productividad y la inversión que se ha venido desplegando en los últimos años.",agraria.pe/agronegocios,https://agraria.pe/noticias/la-nueva-ley-agraria-no-promueve-la-agricultura-formal-y-no--24193
2021-04-19,“El cooperativismo y la asociatividad son la fórmula del éxito para Agricultura Familiar”," En su tercer día de visita de trabajo en San Martín, el ministro de Desarrollo Agrario y Riego, Federico Tenorio, destacó las experiencias exitosas de la producción agrícola en dicha región, lo que demuestra que el cooperativismo y la asociatividad son la fórmula del éxito de la Agricultura Familiar. Durante su visita a las diferentes parcelas de café y cacao administradas en la región por pequeños productores organizados, el ministro resaltó la presencia de los Gobiernos Regionales en promover y apoyar las iniciativas empresariales de los agricultores para elevar la calidad de la producción y acceder a nuevos mercados. “Hemos visto, en estas visitas, que (los productores) han logrado innovación y extensión agraria, lo que repercute en la calidad y cantidad de la producción del pequeño agricultor, pero especialmente calidad que favorece alcanzar altos índices de productividad, facilitando un acceso ventajoso a los mercados dinámicos”, sostuvo. El ministro Tenorio acompañado de cinco gobernadores (San Martín, Cusco, Ayacucho, La Libertad y Huancavelica) llegó hasta la localidad de Tocache, donde destacó la experiencia exitosa de asociatividad de una cooperativa constituida hace ocho años por 120 productores de cacao, que han conseguido estandarizar la producción y acceder a mercados dinámicos, “obteniendo mejores precios e incrementar los ingresos de las familias productoras del campo”. “Sin duda, esta es una demostración que para ganar economía de escala se necesita del cooperativismo y la asociatividad, sumando la calidad (en la producción agrícola), es la fórmula para el éxito y competitividad de la Agricultura Familiar”, expresó. En otro momento de su exposición, el ministro también subrayó el papel vital que cumple la agroindustria rural en el desarrollo de las potencialidades del campo, debido a que se trata de un mecanismo que permite avanzar en el escalamiento de la cadena de valor de los productos agrícolas, como café, cacao y otros, que tienen enorme importancia en los mercados externos. Pero, el ministro fue enfático en resaltar las experiencias exitosas de los productores agropecuarios, y también remarcó que ello ha sido posible por la presencia del Gobierno Regional de San Martín, cuya voluntad política y liderazgo en promover el campo ha contribuido decididamente en la obtención de excelentes resultados. “El Perú tiene un enorme potencial en el campo agroalimentario, y por ello, debemos agradecer a los gobernadores regionales y funcionarios que están llevando adelante estas experiencias altamente importantes, donde los pequeños productores son los principales actores en este proceso”, acotó. Seguidamente, en conferencia de prensa, el titular del Midagri señaló que la visita de los gobernadores a San Martín ha permitido fortalecer las redes de aprendizaje y colaboración entre las autoridades regionales y el Ministerio de Desarrollo Agrario y Riego para impulsar a los productores de Agricultura Familiar. “Estas buenas experiencias que hemos podido observar en la región San Martín pueden repetirse en otras regiones y cadenas productivas, apoyando los mecanismos de transferencia tecnológica, innovación y otros, que contribuirán a elevar la calidad y producción de sus cultivos”, aseveró. Además, dijo que los casos exitosos de productores de San Martín permitirán a los demás Gobiernos Regionales replicar estos ejemplos para promover la Agricultura Familiar, a fin de poder obtener estándares de competitividad y acceder a mercados dinámicos, donde lograrán buenos precios por sus productos y alcanzar mayores ingresos, lo que se cristalizará en mejorar calidad de vida para las familias campesinas. Finalmente, el ministro expresó que desde el Midagri se continuará con la política de coordinación con las autoridades regionales y locales a nivel nacional, por cuanto el gobierno nacional, regional y municipal deben seguir trabajando de manera conjunta y mancomunada para potenciar la Agricultura Familiar.",agraria.pe/agronegocios,https://agraria.pe/noticias/el-cooperativismo-y-la-asociatividad-son-la-formula-del-exit-24163
2021-04-15,Estados Unidos y Países Bajos concentraron el 52% de las agroexportaciones peruanas en el primer bimestre," En el primer bimestre del año, las agroexportaciones peruanas sumaron US$ 1,358 millones (+12.9%). De ese total, los despachos agrícolas (tradicional) alcanzaron los US$ 55 millones (-0.2%) y las agropecuarias y/o agroindustriales (no tradicional) ascendieron a US$ 1,303 millones (+13.5%), indicó la Sociedad de Comercio Exterior del Perú (Comex Perú). Detalló que en los dos primeros meses del 2021 los principales destinos de las agroexportaciones peruanas fueron Estados Unidos que realizó adquisiciones por US$ 513 millones (+15%) representando el 38% del total; Países Bajos con US$ 197 millones (+20.1%) 14% del total; Hong Kong, US$ 76 millones (+26.8%) 6% del total; España, US$ 69 millones (+8%) 5% del total; Chile, US$ 41 millones (+35%) 3% del total; México, US$ 40 millones (+6.6%), Otros, US$ 424 millones (+5.3%). El gremio de comercio internacional señaló que la vía marítima fue el principal medio de transporte de las agroexportaciones peruanas en enero y febrero de este año, cuyos envíos sumaron US$ 1,233 millones (+16.3%), representando el 90.8% del total despachado por el sector. Le sigue por carretera con US$ 72 millones (-3.6%) y vía aérea con US$ 53 millones (-20.8%). Agregó que los principales puertos por donde salieron dichos productos fueron: Marítima del Callao, cuyos envíos ascendieron a US$ 594 millones (+21.6%); Paita, US$ 309 millones (+6.8%); Pisco, US$ 229 millones (+16.6%); Salaverry, US$ 70 millones (+26.3%). Además, en cuanto a los despachos vía aérea, el principal punto de salida fue la Fuerza Aérea del Callao con envíos por US$ 52 millones (-20.3%). Asimismo, indicó que los principales productos exportados vía marítima fueron las uvas frescas con US$ 509 millones (+27.2%), mangos frescos por US$ 149 millones (+4.7%), arándanos frescos por US$ 45 millones (+25.3%), entre otros. Por su parte, los principales productos enviados vía aérea fueron espárragos frescos o refrigerados por US$ 22 millones (-33.5%), mangos frescos por US$ 11 millones (-12.7%) y semillas de tomate por US$ 3 millones (-31.6%). Mientras que vía carreteras de despachó principalmente preparaciones para alimentación de animales por US$ 18 millones (+4.7%), los demás cafés sin descafeinar, sin tostar por US$ 6 millones (+289.4%) y mangos frescos por US$ 5 millones (+9.7%). Principales productos agrícolas (tradicionales) exportados En otro momento, Comex Perú sostuvo que los principales productos agrícolas (tradicional) despachados en los dos primeros meses del presente año fueron: Los demás cafés sin descafeinar, sin tostar US$ 44 millones (+1%); Demás azúcares de caña o remolacha refinados, US$ 7 millones (+9.3%); Lana sin cardar ni peinar, sucia, esquilada, US$ 1 millones (-59.7%); Melaza de caña, US$ 1 millón (+20.8%); Azúcar en bruto sin adición de aromatizante ni colorante, US$ 1 millón (-12.7%); entre otros. Los principales destinos de estos productos fueron Colombia con US$ 13 millones (+59.2%) representando el 24% del total; Estados Unidos con US$ 10 millones (-2%) 18% del total; Alemania con US$ 9 millones (-3.7%) 16% del total; Canadá con US$ 4 millones (+100.3%) 7% del total; Bélgica con US$ 3 millones (-54.4%) 5% del total; Suecia con US$ 3 millones (+25.9%); Otros con US$ 14 millones (-20.1%). Principales productos agropecuarios y/o agroindustriales (no tradicionales) exportados Los principales productos agropecuarios y/o agroindustriales (no tradicional) despachados en enero y febrero del 2021 fueron: Uvas frescas, US$ 509 millones (+27.1%); Mangos frescos, US$ 166 millones (+3.5%); Arándanos frescos, US$ 45 millones (+25.6%); Mangos congelados, US$ 44 millones (+4.2%); Espárragos frescos o refrigerados, US$ 44 millones (-16.9%); entre otros con US$ 494 millones (+8.5%). Los principales mercados destinos de estos productos fueron Estados Unidos con US$ 503 millones (+15.4%) representando el 39% del total; Países Bajos, US$ 196 millones (+19.9%) 15% del total; Hong Kong, US$ 75 millones (+26.7%) 6% del total; España, US$ 68 millones (+8.2%) 5% del total; Chile, US$ 40 millones (+35.4%) 3% del total; México, US$ 40 millones (+8%); Otros, US$ 380 millones (+5.9%).",agraria.pe/agronegocios,https://agraria.pe/noticias/estados-unidos-y-paises-bajos-concentraron-el-52-de-las-agro-24133
2021-04-14,Mercado del jengibre está actualmente saturado de producto procedente de China," La temporada de jengibre peruano empezará en unos dos meses, aunque ya hay algunos pequeños volúmenes disponibles. Louis Hymel, de Happy Veg, lo explica: ""Actualmente se está cosechando una cantidad limitada de jengibre, pero la temporada principal de cosecha comienza en junio"". Happy Veg trabaja con muchos productores independientes y también contrata a algunos agricultores y les ofrece semillas y mano de obra para la cosecha. ""Nuestro jengibre fresco se cultiva en el distrito de Pichanaqui, provincia de Chanchamayo, y en la provincia de Satipo. Se trata de zonas dentro de Junín, que es donde se produce el 90% del jengibre peruano”, comentó. Mercado está actualmente saturado Aunque la demanda general de jengibre en todo el mundo ha aumentado este último año durante la pandemia, el mercado es actualmente bastante débil, comparte Hymel. ""Las características antioxidantes del jengibre y que refuerzan el sistema inmunitario han aumentado el interés por el jengibre peruano en el mercado mundial. El jengibre de Perú se ha hecho muy popular por su sabor fuerte y su color intenso. Sin embargo, actualmente el mercado es débil porque la oferta de China está inundando algunos de los principales mercados de importación. En este momento, la demanda ha disminuido un poco y hay muchas existencias"", afirma. Los principales mercados de Happy Veg son Estados Unidos y Holanda, aunque también abastecen a otras zonas del mundo. ""La cosecha principal comenzará en junio, y hasta ahora, la temporada ha ido bastante bien. Ha sido mayormente normal, aunque durante los periodos de lluvia es muy difícil acceder a las peligrosas carreteras de montaña y a las empinadas laderas donde se produce el jengibre. Desde el punto de vista logístico, hace unas semanas hubo un pequeño retraso provocado por los camioneros peruanos, pero afortunadamente todo ha vuelto a la normalidad"", continúa Hymel. Precios podrían aumentar debido a la nueva ley Perú introdujo recientemente una nueva ley agrícola que ha causado algunos problemas a los productores. ""El efecto a largo plazo de la nueva ley está por ver"", señala Hymel. ""Cuando cualquier ley aumenta los costes operativos de las empresas privadas, dichos costes se trasladan a los consumidores. Sin embargo, hay veces que el aumento de los costes sitúa a los proveedores en un mercado global no competitivo"", añade. En la actualidad, Happy Veg ofrece jengibre y ajo, pero está trabajando en la ampliación de su cartera con la introducción de otros productos de valor añadido. ""Pronto introduciremos zumos y purés de jengibre y cúrcuma"", concluye Hymel. Fuente: Fresh Plaza",agraria.pe/agronegocios,https://agraria.pe/noticias/mercado-del-jengibre-esta-actualmente-saturado-de-producto-p-24125
2021-04-14,Agroexportaciones peruanas crecen 12.8% en valor en el primer bimestre del año," En el primer bimestre del 2021, las agroexportaciones peruanas (tradicionales + no tradicionales) sumaron US$ 1,358 millones, reflejando un incremento de +12.8% frente a los US$ 1,203 millones alcanzados en igual periodo del año anterior Así lo indicó la Sociedad de Comercio Exterior del Perú (ComexPerú), quien detalló que los envíos agrícolas (tradicional) en los dos primeros meses del presente año ascendieron a US$ 55 millones, mostrando una contracción de -0.2% en comparación a los US$ 55.1 millones obtenidos en similar periodo del 2020. Por su parte, los despachos agropecuarios y/o agroindustriales (no tradicional) en enero y febrero del 2021 alcanzaron los US$ 1,303 millones, registrando un crecimiento de 13.5% versus los US$ 1,148 millones alcanzados en los mismos meses del año anterior. Solo febrero El gremio de comercio internacional dijo que solo en febrero del 2021 las agroexportaciones peruanas (tradicionales + no tradicionales) sumaron US$ 570 millones, reflejando un incremento de +17,7% frente a los US$ 484 millones alcanzados en febrero del año pasado. Detalló que los envíos agrícolas (tradicional) en febrero del presente año ascendieron a US$ 17 millones, mostrando una contracción de -13.8% en comparación a los US$ 19.7 millones obtenidos en similar mes del 2020. Por su parte, los despachos agropecuarios y/o agroindustriales (no tradicional) en febrero del 2021 alcanzaron los US$ 553 millones, registrando un crecimiento de 19.1% versus los US$ 464.3 millones alcanzados en el mismo mes del año anterior. Los principales productos despachados en febrero de este año fueron uvas frescas con US$ 153 millones (+47.3%), mangos frescos con US$ 77 millones (+7.6%), paltas frescas con US$ 30 millones (+71.6%) y mango congelado con US$ 30 millones (+11.1%).",agraria.pe/agronegocios,https://agraria.pe/noticias/agroexportaciones-peruanas-crecen-12-8-en-valor-en-el-primer-24123
2021-04-12,"Agroexportaciones peruanas suman US$ 353 millones en marzo, mostrando una contracción de 11%"," De acuerdo con las estimaciones de FreshFruit, las exportaciones peruanas de productos agrícolas en el mes de marzo sumaron US$ 353 millones, 11% menos con respecto al mismo mes en el 2020. A pesar de esta contracción, al cierre del primer trimestre los envíos habrían sumado US$ 1,712 millones, lo que significaría un incremento de 7% en comparación al 2020. El resultado de marzo se explica por el paro realizado por los transportistas de carga, quienes impidieron el paso de los productos agrícolas por las principales carreteras del país por más de cinco días (entre el lunes 15 y el sábado 20), dificultando la actividad comercial. Se calcula que durante los días de huelga dejaron de exportarse más de 350 contenedores con productos agrícolas, lo que significaría una contracción de 20% en comparación a semanas regulares. Durante el mes, los principales productos agrícolas exportados fueron la palta (16.30% de participación), el mango (15.50%), la granada (7.50%), la uva (5%) y el banano (3%). Cada producto tuvo una dinámica particular que tuvo efecto sobre el resultado global. Palta crece con precios a la baja Las exportaciones de palta sumaron 28.017 toneladas por US$ 58 millones en marzo. Respecto al periodo anterior, los envíos de la fruta incrementaron 20% en volumen y 8% en valor. La campaña exportadora de la fruta recién está iniciando; sin embargo, el incremento del volumen enviado ya empieza a tener un impacto negativo en los precios. Durante el mes, la palta peruana se cotizó en US$ 2.06 por kilogramo en promedio, 9% menos con respecto al 2020. Cabe mencionar que el 2020 fue un año particular para las exportaciones de palta peruana. Hubo un incremento desmedido del volumen exportado, lo cual tuvo un impacto negativo en los precios, que cayeron hasta US$ 1.68 por kilogramo en el mes más crítico. Este efecto ya se había observado en el 2018, motivo por el cual durante el 2019 las empresas se vieron obligadas a controlar sus envíos para evitar la pérdida de valor de sus productos. Los principales destinos fueron los Países Bajos, con 48% de participación, y España, con 26%. A los Países Bajos se enviaron 13,550 toneladas de la fruta por US$ 26 millones, 16% más en volumen y 7% menos en valor. El precio en este mercado fue US$ 1.94 por kilogramo, 13% menos con respecto al 2020. En cuanto a los principales compradores, destacaron Westfalia Marketing B.V., con 9% de participación, y Nature’s Pride B.V., con 4%. Por otra parte, las exportaciones hacia España sumaron 7,190 toneladas por US$ 15 millones, 77% más en volumen y 61% más en valor. El precio en este destino fue US$ 2.13 por kilogramo, 9% menos en comparación al 2020. Los compradores que destacaron en el mercado español fueron José Luis Montosa S.L., con 15% de participación, y Alcoaxarquia S.L., con 10%. Envíos de mango siguen en caída Durante marzo, los envíos de mango fresco sumaron 28,937 toneladas por US$ 38 millones, 24% menos en volumen y 23% menos en valor en comparación al 2020. En el caso del mango congelado, las exportaciones alcanzaron las 10.763 toneladas por US$ 17 millones, 37% menos en volumen y valor. La campaña exportadora de mango, que ya está próxima a terminar, se contrajo debido a la menor disponibilidad de la fruta por problemas climáticos. En el mes, el mango fresco se cotizó en US$ 1.30 por kilogramo, mientras que el congelado tuvo un precio de US$ 1.59, similar al año anterior. El principal destino del mango fresco estuvo en los Países Bajos, con 68% de participación. A este mercado se enviaron 19.535 toneladas de la fruta por US$ 24 millones, 16% menos en volumen y 18% menos en valor. El precio del mango en los Países Bajos fue de US$ 1.22 por kilogramo, 3% más bajo que en el 2020. En cuanto a los compradores de la fruta, destacó Camposol Fresh B.V., con 8% de participación. En relación al mango congelado, el principal destino fue Estados Unidos, con 46% de participación. Al mercado norteamericano se enviaron 4,454 toneladas por US$ 7 millones, 33% menos en volumen y 32% menos en valor en comparación al año anterior. El precio del mango congelado en Estados Unidos fue de US$ 1.59 por kilogramo, como el obtenido en el 2020. Entre los principales compradores de la fruta congelada, destacó KH International Inc., con 25% de participación. Termina la campaña de uva En marzo terminó la campaña de uva peruana, y durante este mes las exportaciones de la fruta sumaron 10.830 toneladas por US$ 18 millones, 16% más en volumen y 28% más en valor en comparación al 2020. La campaña de uva peruana se vio beneficiada por la escasez de la fruta en el mercado internacional, principalmente en Estados Unidos, donde se contrajo la producción local. Asimismo, durante los últimos meses, entre febrero y marzo, las exportaciones de uva peruana se vieron favorecidas por el inicio lento de la campaña chilena. El país sudamericano atravesó un periodo de fuertes lluvias que afectó la producción y los envíos, creando una escasez en el mercado (al ser el principal proveedor en esta época). Así, los precios de la vid peruana alcanzaron los US$ 1.62 por kilogramo, lo que representó un incremento de 11% respecto al año anterior. Los envíos de uva peruana se dirigieron principalmente hacia los Países Bajos, con 31% de participación, y Estados Unidos, con 22%. A los Países Bajos se enviaron 3.406 toneladas de la vid por US$ 6 millones, volumen similar al año anterior pero con un valor 32% más alto. En este mercado se pagó por la fruta US$ 1.71 por kilogramo, 31% más con respecto al 2020. El principal comprador de uva en este mercado fue Fairconnection B.V., con 7% de participación. En el caso de Estados Unidos, se enviaron 2,387 toneladas de uva por US$ 5 millones, 15% menos en volumen y 10% más en valor en comparación al año anterior. El precio que se pagó por la fruta peruana en este mercado fue US$ 2.12 por kilogramo, 30% más en comparación al periodo anterior. Entre los principales compradores de la vid destacó Vanguard Direct Llc., con 37% de participación. Banano, la fruta más afectada Las exportaciones de banano en el mes de marzo sumaron 15.270 toneladas por US$ 11 millones, 21% menos en volumen y 20% menos en valor en comparación al año anterior. Esta fue la fruta más afectada por el paro, debido a que los transportistas impidieron el paso de contenedores al puerto del Paita (en el norte del Perú), principal punto de embarque de la fruta con 99% de participación, por aproximadamente 15 días. A pesar de los problemas, el banano peruano se cotizó en el mercado internacional con un precio promedio de US$ 0.70 por kilogramo. Los principales destinos del banano peruano fueron los Países Bajos, con 31% de participación, Panamá, con 26%, y Estados Unidos, con 14%. A los Países Bajos se enviaron 5,502 toneladas por US$ 3.4 millones, 19% menos en volumen y 15% menos en valor con respecto al 2020. En este mercado se pagó por la fruta US$ 0.73 por kilogramo, 4% más en comparación al año anterior. El principal comprador de banano en los Países Bajos fue Agrofair Benelux B.V., con 28% de participación. En el caso de Panamá, se enviaron 4.031 toneladas de banano por US$ 2.6 millones. En comparación al año anterior, las exportaciones de fruta se mantuvieron similares. El precio obtenido en el mercado fue de US$ 0.65 por kilogramo, igual al obtenido en el 2020. El único comprador de banano en Panamá fue Chiquita Panamá Llc. Finalmente, hacia Estados Unidos se exportaron 2,096 toneladas por US$ 1.4 millones, 27% menos en volumen y 28% menos en valor en comparación al año anterior. El precio que se pagó en este mercado por la fruta peruana fue de US$ 0.67 por kilogramo, 2% menos en comparación al 2020. El comprador más importante de banano en Estados Unidos fue Dole Fresh Fruit Co. Inc., con 45% de participación.",agraria.pe/agronegocios,https://agraria.pe/noticias/agroexportaciones-peruanas-suman-us-353-millones-en-marzo-mo-24110
2021-04-12,"Midagri: Exportaciones peruanas de frutas alcanzarían los US$ 4.300 millones este año, lo que significaría un aumento de 11%"," A pesar de la crisis, las agroexportaciones han seguido creciendo. En febrero de este año sumaron US$ 602 millones, un incremento de 17% respecto a similar mes del 2020, informó el Ministerio de Desarrollo Agrario y Riego (Midagri). Los productos más enviados a los mercados del mundo son las frutas. En esa línea, el Midagri proyectó que la exportación de estos cultivos sumaría US$ 4.300 millones este año, un aumento de 11%, comparado con el año pasado. Los cultivos estrella volverían a ser las uvas y los arándanos que competirán por el primer lugar. Christian Garay, director general de Seguimiento y Evaluación de Políticas del Midagri, estimó que se exportarán US$ 1.214.500.000 de uva (+16.1%) y US$ 1.113.700.000 de arándanos (+11%) este año. Pero no serían los únicos. Garay señaló que existen otros productos que tienen potencial para el 2021 y que - aunque no liderarían- empiezan a incrementar su demanda. ""Las fresas han empezado a generar una fuerte demanda desde el año pasado: exportamos US$ 38 millones en el 2020 (+27%) y este ritmo de crecimiento se está manteniendo”, dijo. A febrero ya se exportó 155% más de fresas (valor FOB), pasando de US$ 3.8 millones en el primer bimestre del 2020 a US$ 10 millones en similar periodo del 2021. A esto se suman - dice el funcionario- otros productos con potencial como la granada que se produce en Ica y que está ganando fuerza en los mercados internacionales. Además, la sandía que también es de Ica y de algunos valles de Lima, la piña y la lúcuma congelada. Dato . En los valles de Lima, Ica, Cajamarca y Áncash están impulsando el cultivo de fresas. Fuente: Gestión",agraria.pe/agronegocios,https://agraria.pe/noticias/midagri-exportaciones-peruanas-de-frutas-alcanzarian-los-us--24108
2021-04-12,"Agroexportaciones peruanas a Reino Unido sumaron US$ 301 millones en 2020, creciendo 8.3%"," Las importaciones de fruta del Reino Unido sumaron US$ 6.367 millones en el 2020, mostrando un incremento de 10% en comparación al año anterior. De ese total, US$ 301 millones, 4.70%, fue provisto por el Perú. Dicho valor fue 8.30% mayor al observado durante el 2019. Gracias a este incremento, el Perú se consolidó como el quinto proveedor del Reino Unido, desplazando a Chile. El producto estrella de la canasta agroexportadora peruana a la isla fue la palta, con US$ 83.1 millones en exportaciones hacia este destino (27.60% de todo lo enviado). Esto representa un crecimiento del 17% en el valor total exportado de este producto en comparación al 2019. Los principales compradores de la fruta en el Reino Unido fueron Greencell Ltd., con 49% de participación, y Pacific Produce Ltd., con 20%. El podio lo completa el arándano, con US$ 67.7 millones (22.50% del total enviado), y la uva, con US$ 57.6 millones (19.10% de todo lo enviado). El arándano registró una caída de 4% en sus envíos, mientras que la uva incrementó en 11.80%. En el caso del berry, los principales compradores fueron Euroberry Marketing S.A., con 22% de participación, y DPS Llc., con 21%. En el caso de la uva, los compradores que destacaron fueron AM Fresh UK Ltd., con 24% de participación, y Parallel UK Ltd., con 17%. Resaltaron también la naranja, con un crecimiento de 108% (US$ 18 millones en valor importado), y el higo, con un crecimiento de 29% (US$ 2.2 millones en valor importado). Fuente: Fresh Fruit",agraria.pe/agronegocios,https://agraria.pe/noticias/agroexportaciones-peruanas-a-reino-unido-sumaron-us-301-mill-24105
2021-04-09,"Agroexportaciones no tradicionales alcanzaron los US$ 1.302.243.000 en el primer bimestre del 2021, mostrando un incremento de 16.1%"," En el primer bimestre del año los envíos peruanos al exterior sumaron US$ 7.362 millones, registrando un crecimiento de 4.4% respecto al mismo periodo del 2020 (US$ 7.051 millones), informó la Asociación de Exportadores (ADEX). Detalló que en el primer bimestre del año los envíos tradicionales (US$ 4.919 millones) aumentaron en 0.8%. En enero y febrero del 2021, los despachos del agro tradicional sumaron US$ 55.730.000 (+7%). Por su parte, los despachos con valor agregado (US$ 2.442 millones) presentaron una variación positiva de 12.5% gracias al buen desenvolvimiento de la agroindustria, cuyas exportaciones en dicho periodo sumaron US$ 1.302.243.000 (+16.1%) debido a la mayor demanda de uvas, mangos frescos o secos, arándanos, espárragos, paltas, bananas, entre otros.",agraria.pe/agronegocios,https://agraria.pe/noticias/agroexportaciones-no-tradicionales-alcanzaron-los-us-1-302-2-24095
2021-04-09,¿Cómo acceder a los Incentivos de Planes de Negocios de Agroideas?," Los Incentivos de Planes de Negocios son estímulos económicos no reembolsables que buscan cofinanciar la adquisición de tecnología agrícola (maquinaria, infraestructura, vehículos y herramientas) para una organización agraria. El objetivo, según definición del Ministerio de Desarrollo Agrario y Riego (Midagri) es la mejora los sistemas de producción y la productividad agraria, logrando articular pequeños y medianos productores asociados al mercado. “El monto de aporte de Agroideas es de hasta 4 UIT por socio y no podrá superar el equivalente a 300 UIT por Organización Agraria”, refirió el ministerio. Agregó que el monto de inversión por organización estará sujeto a la gradualidad en función del monto total de la Solicitud de Tecnología, por lo que el aporte del Programa variará entre el 60% y 80% de los gastos elegibles, y el aporte de la Organización Agraria variará entre 40% y 20%, respectivamente. De acuerdo con la entidad, los requisitos son los siguientes: Ser una Organización Agraria (OA) conformada por pequeños y medianos productores que desarrollen actividades agrarias, que operen bajo condiciones de Unidad Productiva Sostenible (UPS). Contar con personería jurídica, ya sea: Cooperativa, Asociación, Comunidad Campesina, Comunidad Nativa, Sociedades en General, entre otras modalidades organizacionales permitidas por Ley. Contar con número de Registro Único de Contribuyente (RUC) activo y habido, y no presentar deudas coactivas vigentes reportadas por la SUNAT. Más del 80% de los socios activos de la OA deben participar del presente incentivo, sin problemas en el sistema financiero (no morosos), así como ninguno de los miembros de su Órgano Directivo. Los socios de la OA deben ser titulares de la propiedad o, en su defecto, contar con la posesión del predio. Tener el predio bajo producción agraria. No se admitirán aquellos predios que se ubiquen dentro del sistema de reserva nacional, bosques de producción natural, zona arqueológica, concesiones mineras, zonas en litigio o que estén afectos a otros impedimentos legales o técnicos. Por excepción, en los casos de la apicultura, los documentos de propiedad o constancia de posesión podrán sustituirse por contratos de alquiler o sesión en uso inscritos en Registros Públicos, que consideren un plazo de vigencia igual o mayor al establecido en el convenio que suscriba la OA con el Programa Agroideas (3 años a más). Presentar Declaración Jurada de contar con recursos monetarios para la contrapartida del Plan de Negocio. Antes de iniciar, debe saber: Se debe inscribir a la organización en el Registro de Organizaciones. Dentro de los 2 días hábiles recibirá un usuario y contraseña. Una vez recibidos, ingresa a nuestro Sistema en Línea (SEL) y registra tu solicitud, idea de negocio y padrón de asociados, adjuntando los documentos que acrediten la inscripción de tu organización en la Sunarp, documentos que acrediten la condición de tenencia de predios agrarios de los socios y el acta de la organización que pueden ser presentados en las oficinas de las Unidades Regionales o al correo tramitedocumentario@agroideas.gob.pe para la acreditación de elegibilidad. Cuando te la otorguen, presenta tu Plan de Negocio adjuntando los siguientes formatos: Declaración Jurada de no estar recibiendo apoyo del Estado en el mismo rubro Declaración Jurada de contar con recursos para el cofinanciamiento La presentación la puedes enviar al correo tramitedocumentario@agroideas.gob.pe. Para mayor información u orientación, puedes contactar a los Coordinadores Regionales. Si lo deseas, también puedes presentar la documentación en las oficinas de las Unidades Regionales de lunes a viernes de 8:00 a. m a 5:00 p. m.",agraria.pe/agronegocios,https://agraria.pe/noticias/como-acceder-a-los-incentivos-de-planes-de-negocios-de-agroi-24094
2021-04-08,Agrobanco lanza campaña para que agricultores regularicen pagos de deudas," Ante las dificultades por las que atraviesa el sector agropecuario, debido a la pandemia y los fenómenos climatológicos, el Banco Agropecuario (Agrobanco) lanzó la campaña de reinserción financiera “Deuda Cero”, que está orientada a todos los pequeños productores agropecuarios con deudas de más de 120 días de atraso o en cobranza judicial. “Somos conscientes del estado actual que aqueja a los diversos sectores económicos del país, en especial a la agricultura"", señala la entidad financiera. El presidente de Agrobanco, César Quispe, explicó que esta campaña brinda a los pequeños productores agropecuarios facilidades de pago para que puedan honrar sus deudas, a fin de que a futuro el sistema financiero pueda confiar nuevamente en ellos y otorgarles préstamos para sus cultivos o producción pecuaria. El funcionario precisó que los acuerdos que se realicen entre Agrobanco y el pequeño productor para la refinanciación de su deuda, se harán en función a su capacidad de pago, la que será previamente evaluada por el banco y de manera personalizada. Requisitos y condiciones La campaña de reinserción financiera “Deuda Cero” le permitirá al pequeño agricultor, cliente de Agrobanco, refinanciar el saldo del capital con una reducción de la tasa de interés original, desde 30% hasta 50%, dependiendo el monto de la amortización. Asimismo, si cumple con el nuevo cronograma de pagos, de manera puntual, podrá acceder al beneficio del Bono del Buen Pagador (BBP), el cual le otorga la posibilidad de la condonación de los intereses generados hasta la fecha que solicitó el refinanciamiento, informó. Del mismo modo, si el pequeño productor tiene una deuda en proceso judicial y desea cancelarla, lo podrá realizar solo con el pago del capital, gastos y honorarios del estudio de abogados, resaltó. “Esto último solo en los casos de estar en proceso judicial”, añadió. La institución precisó que esta campaña de reinserción no aplica para los créditos que fueron financiados a través del Fondo Agroperú. Los pequeños agricultores, clientes de Agrobanco, podrán realizar el pago de sus préstamos en cualquier oficina del Banco de la Nación (BN), Banco de Crédito del Perú (BCP) e Interbank, mencionó el banco especializado. Datos . Continuando con las acciones para impulsar la bancarización digital, Agrobanco pone a disposición de sus clientes su plataforma virtual, desde la cual podrán revisar el saldo de su deuda ingresando su número de DNI. En la plataforma, los clientes podrán obtener más información sobre la campaña “Deuda Cero” en el siguiente enlace: http://bancoagropecuario.agrobanco.com.pe/AppWebBancaOnline/Agrobanco.BancaOnline/login.aspx . También podrán comunicarse a través de líneas de atención: 954911188, 999997224, 942029653 o al 995810337, o acudir a la oficina más cercana de su localidad.",agraria.pe/agronegocios,https://agraria.pe/noticias/agrobanco-lanza-campana-para-que-agricultores-regularicen-pa-24084
2021-04-08,Camposol proyecta emplear hasta 600 personas en el pico de la campaña de mandarina en Uruguay," La agroindustrial de origen peruano Camposol anunció que hace poco más de una semana empezó la temporada de cosecha de mandarinas en sus campos ubicados en el departamento de Salto en Uruguay. La empresa recordó que la campaña de este cítrico se prolonga de abril a junio, labor para la cual cuenta con el aporte de más de 120 trabajadores actualmente. Sin embargo, durante el pico de la campaña proyecta emplear de 500 a 600 personas. En total son 217 hectáreas cosechadas que son parte de un proyecto mayor de 867 hectáreas que le permiten ampliar su ventana comercial, ya que complementa la campaña de mandarina en el Perú.",agraria.pe/agronegocios,https://agraria.pe/noticias/camposol-proyecta-emplear-hasta-600-personas-en-el-pico-de-l-24082
2021-04-08,Exportaciones peruanas de limón crecen 33.5% en el primer trimestre del año," En el primer trimestre de 2021, nuestro país exportó 7.263.967 kilos de limones (Tahití y Sutil), mostrando un incremento de 33.5% frente a los 5.439.053 kilos despachados en igual periodo del año anterior. Así lo indicó el presidente de la consultora Inform @ cción , Fernando Cillóniz Benavides, quien detalló que del volumen total despachado en los primeros tres meses del presente año, 5.878.559 kilos (80.9% del total) corresponde a limón Tahití y 1.385.408 kilos (19.1%) es limón Sutil. Limón Tahití: Cillóniz señaló que, de enero a marzo del 2021, los envíos de limón Tahití (5.878.559 kilos) crecieron 42.5% en comparación a los 4.125.880 kilos exportados en los mismos meses del año anterior. Detalló en el 2021 los envíos de esta variedad se comportaron de la siguiente manera: enero 1.958.458 kilos, febrero 1.799.408 kilos, marzo 2.120.693 kilos; mientras que en el 2020 su desenvolvimiento fue: enero 1.323.341 kilos, febrero 1.410.205 kilos, marzo 1.392.334 kilos. Los principales mercados del limón Tahití procedente de Perú son Chile, Reino Unido, Países Bajos, Estados Unidos, Panamá, entre otros. Limón Sutil: En cuanto al limón Sutil, dijo que, en el primer trimestre del 2021, los despachos alcanzaron los 1.385.408 kilos, registrando un aumento de 5.5% versus los 1.313.173 kilos exportados en similar periodo del año anterior. Explicó que en el 2021 los despachos fueron de la siguiente manera: enero 648.880 kilos, febrero 449.966 kilos, marzo 286.562 kilos; cuando en el 2020 fue: enero 494.496 kilos, febrero 418.833 kilos y marzo 399.844 kilos. Chile, Panamá, Países Bajos, Estados Unidos y República Dominicana son algunos de los mercados a donde se dirige el limón Sutil de Perú.",agraria.pe/agronegocios,https://agraria.pe/noticias/exportaciones-peruanas-de-limon-crecen-33-5-en-el-primer-tri-24080
2021-04-07,Prohass: 4.000 hectáreas de palta Hass jóvenes entrarán en funcionamiento en esta campaña," A pesar de la incertidumbre que se vive en el sector agrario, las exportaciones de palta Hass seguirán creciendo a ritmos muy saludables este año. “Si bien cerramos el 2020 con índices positivos, no se tuvo el crecimiento esperado. Para la campaña del 2021 proyectamos crecer 27% y exportar más de 466.000 toneladas de palta Hass (se despachó 367.000 toneladas en 2020)”, reveló Juan Carlos Paredes, presidente de Asociación de Productores de Palta Hass (Prohass). El ejecutivo reveló que gran parte de este crecimiento estará motivado por las hectáreas jóvenes que han empezado a producir frutos este año. “Para esta campaña 4.000 hectáreas jóvenes entrarán en funcionamiento y van a producir una buena parte del total”, explicó el ejecutivo. Acotó que las plantas de palto demoran hasta tres años en producir sus primeros frutos, por ende, las hectáreas jóvenes son aquellas que se plantaron a partir del 2018. Precios Respecto a la variación del valor de este producto, Paredes destacó que esperan una ligera mejora en el precio, pero que en términos generales -con el aumento de la producción- este se mantendrá estable. “En el 2020 se comportó bien, fue uno de los pocos frutos que no se vieron afectados por la pandemia. Esto debido a que la palta tiene una cáscara dura que no se come, lo que le da una cierta seguridad al consumirlo”, recordó el ejecutivo. Señaló que se necesita una estrategia común entre los agentes exportadores para no afectar al mercado en las semanas picos. “Tenemos ciertas semanas clave en las que crecemos mucho en exportación y esto puede causar una sensación de sobreabundancia, lo que no es positivo para el mercado”, sostuvo. Agregó que la campaña peruana de palta se extiende a lo largo de 8 meses en el año. Nuevas hectáreas Entre las campañas del 2020 y 2021 se incorporaron al mercado cerca de 2.000 nuevas hectáreas, principalmente en el valle de Olmos. Para esta campaña aún no se conocen cuantas nuevas se sembrarán. “No se observa mucha actividad de siembra, pequeños agricultores sí están sembrando nuevos frutos, pero por ahora no se ve el mismo dinamismo que antes donde se sembraban más de 3.000 hectáreas anuales”, dijo Paredes. Asimismo, especificó que los cultivos más productivos son aquellos más tecnificados como los que se ubican cerca de los proyectos de irrigación de Olmos Chavimochic, y las zonas de Ica y Nazca. Mercados Según cifras de Prohass el principal destino de la palta peruana para este año será el mercado europeo, a donde se destinarán 260.000 toneladas; seguido de Estados Unidos con 105.000 toneladas, Asia con 56.000 (mercado que más crecerá) y otros destinos en América a donde llegarán más de 44.000 toneladas. México aún se posiciona como el principal exportador de paltas a nivel mundial y hay una gran brecha, anualmente ellos tienen envíos por más de US$ 2.800 millones. Sin embargo, el ejecutivo indicó que los envíos peruanos toman mayor relevancia hacia las últimas semanas de la campaña. Para este año se espera que las exportaciones peruanas representen el 14% de las importaciones de Estados Unidos. Respecto a mercados que se están potenciando, Juan Carlos Paredes destacó la labor de plantación de Colombia y de países africanos. Además, precisó que en África y España también se está trabajando mucho en potenciar la palta Hass. Dato . Actualmente hay 43.000 hectáreas de palta Hass en el Perú, cuando en el 2020 se registraron 40.983 ha y el año previo 38.041 ha. Fuente: gestion.pe",agraria.pe/agronegocios,https://agraria.pe/noticias/prohass-4-000-hectareas-de-palta-hass-jovenes-entraran-en-fu-24073
2021-04-06,Perú exportó 67.082 toneladas de café orgánico en 2020 por US$ 215 millones," El Ministerio de Desarrollo Agrario y Riego (Midagri) informó que gracias al creciente interés en el mundo por el consumo de productos naturales y sanos, los pequeños y medianos productores peruanos organizados, lograron exportar el año pasado 67.082 toneladas de café orgánico, cuyo valor supera los US$ 215 millones. “El café orgánico del Perú goza de popularidad internacional gracias a su calidad, excelencia y sabores, fruto del cuidado de los productores de la agricultura familiar y de la diversidad de suelos y climas donde se cultiva”, subrayó la entidad. Así, los productores exportaron a través de las asociaciones más de 13.905 toneladas del grano por un valor superior a US$ 44 millones, mientras que las cooperativas alcanzaron a enviar 53.177 toneladas, cuyo valor superó los US$ 170 millones. La producción orgánica de café se desarrolla en más de 95.600 hectáreas certificadas de 13 regiones, de las cuales Cajamarca (25,087Tn), Junín (14,568Tn) y San Martín (8,673Tn), son las que han realizado los mayores envíos a los mercados internacionales. Entre los principales destinos se encuentran Estados Unidos, Alemania, Canadá, Bélgica, Suecia, Italia, Inglaterra, Holanda, Australia y Francia (Estados Unidos 33%, Alemania 23%, Bélgica 10%, Suecia 9%, Canadá 8%, Inglaterra 4%, Francia 3%, Italia 2%). Y como destinos emergentes tenemos a China (15 toneladas), Arabia Saudita (20Tn), Singapur (12Tn) e Israel (3Tn). “El Perú se encuentra entre los cuatro principales exportadores de café orgánico del mundo, situación que nos da una ventaja competitiva en este segmento, de café especial, oportunidad para los productores organizados de la agricultura familiar, puesto que su precio suele ser superior, entre 20 % y 40 % al que se cotiza en la bolsa”, agregó el ministerio. Para la exportación orgánica los productores deben organizarse y cumplir normas de producción internacionales que buscan el cuidado del ambiente, evitan el uso de químicos y optan por el uso de abonos orgánicos o los permitidos por certificadoras especializadas.",agraria.pe/agronegocios,https://agraria.pe/noticias/peru-exporto-67-082-toneladas-de-cafe-organico-en-2020-por-u-24060
2021-04-06,La Libertad fue la primera región agroexportadora del Perú en 2020 con despachos por US$ 1.591 millones," En 2020, las exportaciones agropecuarias de La Libertad registraron un valor récord de US$ 1.591 millones, lo que representó el 21% de las agroexportaciones totales del país, ascendentes a US$ 7.547 millones (sin incluir productos químicos derivados del agro), indicó el Ministerio de Comercio Exterior y Turismo (Mincetur). El 68% de las agroexportaciones de La Libertad son productos frescos (principalmente frutas), 15% conservas (principalmente espárrago), 4% productos congelados, y 13% otras formas procesadas (alimento balanceado, azúcar, entre otros). En los últimos cinco años, la participación de los productos frescos en las agroexportaciones de la región creció de 39% a 68%. Cabe mencionar que en 2020, las exportaciones de productos frescos aumentaron 10% gracias a la mayor venta de mandarina (+136%), arándano (+11%) y palta (+10%). También destaca cebolla (+134%) y banana (+30%). Los productos congelados aumentaron 8% gracias a la mayor venta de arándano (+325%) y mango (+13%), y la exportación de conservas vegetales creció 2% gracias a la mayor venta de pimiento (+27%). Es importante indicar que uno de cada tres productos agrícolas que la región exporta es manufacturado, principalmente conservas vegetales (espárrago, alcachofa y pimiento). Dato . La Libertad cuenta con el Plan Estratégico Regional Exportador (PERX), el cual prioriza las cadenas de productos agroindustriales (berries, espárrago, palta, cebolla, mango, plátano), productos andinos (haba, mashua, quinua, tarwi), moda de vestir (accesorio de cuero, artesanías, textiles), metal mecánico y servicios.",agraria.pe/agronegocios,https://agraria.pe/noticias/la-libertad-fue-la-primera-region-agroexportadora-del-peru-e-24059
2021-03-30,Perú exportó limón Tahití pot US$ 3.6 millones en el primer bimestre del año," Durante el primer bimestre del presente año, Perú exportó 3.811.474 kilos de limón Tahití por un valor FOB de US$ 3.596.531. Estas cifras revelan un ligero incremento desde los 3.368.489 kilos exportados en igual periodo de 2020 por US$ 2.966.791. Según reporte del portal Agrodata Perú, el principal destino de estos envíos entre enero y febrero de 2021 fue Chile, donde se lograron colocaciones por US$ 1.499.000. A continuación se ubicaron Reino Unido con US$ 578.000, Países Bajos con US$ 562.000, Estados Unidos con US$ 537.000 y Panamá con US$ 236.000. Entre las principales empresas exportadoras del rubro se posicionaron Frutícola Olmos EIRL con ventas por US$ 500.522, Procesadora Larán SAC con US$ 485.497, Limones Peruanos SRL con US$ 375.519, Limones Piuranos SAC con US$ 324.242, Grupo Gerónimo Trading SRL con US$ 214.027, Coexa con US$ 80.092 y otros con montos menores que juntos sumaron US$ 1.616.633. Dato .Durante los 12 meses de 2020, Perú exportó un total de 13.276.649 kilos de limón Tahití por un valor de US$ 11.980.813.",agraria.pe/agronegocios,https://agraria.pe/noticias/peru-exporto-limon-tahiti-pot-us-3-6-millones-en-el-primer-b-24021
2021-03-26,"Promango: En total, se habrán exportado unas 210.000 toneladas de fruta fresca al concluir esta campaña"," La campaña de mango de exportación en el país está a punto de concluir, con una leve reducción en los volúmenes con respecto al año pasado, debido a las sequías afrontadas meses atrás, reveló el presidente de la Asociación Peruana de Productores de Mango (Promango), Ángel Gamarra. Las cosechas concluyeron hace dos semanas en Piura, departamento que concentra el 80% de los cultivos de mango; mientras que concluirán en los próximos días en Casma (Áncash), donde se ubica el otro 20%. En total, se habrán exportado unas 210.000 toneladas de mango fresco en esta campaña, un volumen 10% menor que el de la campaña anterior (octubre 2019-marzo 2020), en la que ascendió a unas 235.000 toneladas. “Por fortuna, la baja en la producción no ha sido tan significativa. Se ha debido a factores climáticos, a la sequía. Pero el consumo ha sido bueno a pesar del Covid-19 y las restricciones, los niveles de demanda se han mantenido”, dijo Gamarra. A fines del año pasado, Promango indicó que hasta el 10% de la producción de mango podría haber perdido calidad y por ello no encontrarse apto para la exportación. Esto se debía a la escasez de lluvias en el Valle de San Lorenzo, que comprende territorios de las provincias de Piura, Sullana y Ayabaca. A los productores de mango les fue restringido el acceso al agua: los periodos de riego fueron más espaciados que en años regulares. Lo más grave fue que estas sequías ocurrieron en el periodo de crecimiento del fruto. Por otro lado, Gamarra señaló que los precios del mango fresco para la exportación se han mantenido. Sin embargo, se han incrementado a más del doble los del mango para la industria, es decir de mango congelado y deshidratado. La jaba de mango para la industria se cotizaba en S/ 8 o S/ 10 en campañas anteriores, mientras que en la última subió a entre S/ 20 y S/ 22, puesto que este producto se hallaba más escaso. Además de la menor cosecha, señaló el presidente de Promango, los productores destinaron una mayor proporción de la fruta a su exportación en estado fresco. La temporada de cosecha empieza en octubre en el Valle de San Lorenzo y termina en marzo en Casma (Áncash). En la actualidad existen entre 28.000 y 30.000 hectáreas de mango de exportación en el país. El 80% de ellas se concentran en el Valle de San Lorenzo, en el departamento de Piura, y el volumen restante en Casma, Áncash. Los principales destinos del mango peruano son Países Bajos, Estados Unidos y España. En esta campaña se ha incrementado en especial la demanda de países asiáticos y de Rusia por el mango peruano. Fuente: Gestión",agraria.pe/agronegocios,https://agraria.pe/noticias/promango-en-total-se-habran-exportado-unas-210-000-toneladas-24001
2021-03-25,“Producción de mandarinas en Perú crecerá bastante y se busca plantar variedades que puedan cosecharse entre octubre y enero”," En una búsqueda por la mejora genética de plantas de cítrico, la empresa peruana Vivero Los Viñedos ha cerrado alianzas comerciales con Eurosemillas, la compañía española líder en la innovación vegetal con más de 50 años en los mercados internacionales y licenciatario en exclusiva de la Universidad de California desde 1989. A día de hoy, representa y gestiona más de 100 variedades de distintas especies, siendo la mayor empresa española en ingresos procedentes de patentes. “La pandemia ha hecho que el consumo de cítricos se haya incrementado”, explica Mercedes Auris, CEO y dueña de Vivero Los Viñedos. “Los precios de los cítricos peruanos subieron notablemente el año pasado, incluso para el mercado nacional. Esto ha hecho que los productores peruanos apuesten más por plantar cítricos para exportación y que crezca la demanda de plantones”, sostiene. “En una búsqueda por la mejora genética que pueda ofrecer garantías para la exportación a nuestros clientes, llevábamos un tiempo intentando incorporar Tango en nuestro catálogo y finalmente lo hemos conseguido. Ahora estamos licenciados para propagar esta variedad de mandarina tan demandada en los mercados internaciones. Dependiendo del clima y de la ubicación, alcanza su maduración en el mes de enero”. “Tango tiene un montón de ventajas, sobre todo la de no presentar semillas bajo ninguna condición de polinización, tener un fácil pelado, con una cáscara fina, de color anaranjado intenso y una pulpa de sabor delicioso. Además, está respaldada por fuertes campañas de marketing. Se trata de una variedad altamente productiva y que en los mercados internacionales tiene un diferencial importante de precio por cada kilo comercializado, lo cual la hace interesante y rentable para el agricultor”, señala Mercedes Auris. Perú está exportando fuertemente a Estados Unidos y Europa y recientemente se han abierto los mercados de Reino Unido y China, lo cual continúa incentivando el aumento de la superficie de cultivo de mandarina. “Creo que va a crecer bastante la producción de mandarinas en Perú, donde además se busca plantar variedades que puedan cosecharse entre octubre y enero”, indica la ejecutiva. Vivero Los Viñedos cuenta con más de 26 años de experiencia y se considera uno de los viveros más prestigiosos e innovadores del Perú. Se dedica principalmente a la producción y comercialización de plantas de palta, uva de mesa, cerezo, cítricos, olivos, arándanos, granados y otros frutales. “La uva de mesa es nuestro producto estrella, de la cual comercializamos unos 3.5 millones de plantas anualmente y trabajamos con prestigiosos programas de obtención y mejora como ITUM, Genesis Innovation, SNFL, Sun World o ARRA entre otros. También producimos alrededor de 1.2 millones de plantas de palta, mientras que en cítricos trabajamos con 300.000 plantas anuales, esperando alcanzar el medio millón este año, siendo el 80% de la variedad Tango. De igual forma nos respalda nuestra cartera de clientes que son empresas líderes en la agroindustria como Camposol, Danper, Complejo Agroindustrial Beta, Vanguar, Grupo Manuelita, entre otros”, sostuvo Auris. Fuente: Fresh Plaza",agraria.pe/agronegocios,https://agraria.pe/noticias/produccion-de-mandarinas-en-peru-crecera-bastante-y-se-busca-23991
2021-03-24,"Perú, primer proveedor de fibra de alpaca en el mundo"," El Ministerio de Desarrollo de Riego (Midagri) informó que en el 2020 las exportaciones de fibra de alpaca de Perú sumaron más de US$ 35.3 millones, consolidando a nuestro país como el principal proveedor de este producto en el mundo. Asimismo, informó que los principales mercados de exportación de fibra de alpaca tipo TOP fueron China (43.8%), Italia (39.9%) y Corea (4.34%), entre otros. Se estima que la población mundial de alpacas asciende a 6 millones, el 72% de ellas se crían en nuestro país; seguido de Bolivia y Australia. Por otro lado, el Midagri anunció una inversión superior a los S/ 32 millones para los próximos tres años, con el fin de mejorar la calidad genética de alpacas en las regiones de Arequipa, Puno, Cusco, Huancavelica, Ayacucho, Pasco, Junín y Apurímac, principales zonas donde se cría esta especie.",agraria.pe/agronegocios,https://agraria.pe/noticias/peru-primer-proveedor-de-fibra-de-alpaca-en-el-mundo-23977
2021-03-24,Agricultores de Arequipa quintuplicaron su producción de palta Hass," La Asociación de Productores de Agro Exportación E4 Irrigación Majes – Aproagro quintuplicó su producción de palta Hass al pasar de una cosecha de 50 a 250 toneladas anuales luego de acceder a un Plan de Negocio del programa Agroideas del Ministerio de Desarrollo Agrario y Riego. La entidad estatal informó que este proyecto ha beneficiado a 36 familias arequipeñas que, pese a las limitaciones de la oferta sanitaria, trabajaron arduamente en la mejora de sus cultivos para aumentar la producción de sus hectáreas, obteniendo una cantidad que les permitió concretar ventas a un mejor precio. ""Nosotros vendemos a la empresa que exporta. El año pasado se ha ido a Asia, también hemos exportado a Europa y este año a Chile. Es necesario estar organizados porque podemos hacer más volumen y podemos ofertar nuestro producto mejor"", comenta Guzmán Huamaní, uno de los socios fundadores de la organización agraria. El sueño de trabajar con un producto de exportación inició cuando eran 20 socios y accedieron a un Plan de Negocio para la adopción de tecnología de Agroideas, que les permitió cambiar sus cultivos de panllevar por palta Hass, un producto de gran demanda internacional que exportan de manera indirecta. La inversión ascendió a S/359 mil, siendo el cofinanciamiento de Agroideas S/287 mil y la contrapartida de la organización S/71 mil. Con ello, pudieron adquirir plantones de paltas Hass y polinizantes certificados, además de fertilizantes y cintas para el sistema de riego. El éxito inicial incentivó a que otros 16 pequeños productores de Majes se unan a las filas de Aproagro, sumando un total de 50 hectáreas de producción que pronto aumentarán a 80. ""Estamos apuntando a la instalación de 30 hectáreas más. Nosotros como asociación nos comprometemos a vender una fruta con estado de madurez óptima. Para ello se toman muestras de la palta para hacer análisis de materia seca, lo cual nos permite seleccionar qué fruta vamos a cortar: una fruta verde, opaca, sin brillo"", explica Gretel Choque, ingeniera agrónoma, socia y actual presidenta de la organización. En la actualidad por cada hectárea, obtienen en promedio 20 toneladas de palta Hass altamente cotizadas por empresas exportadoras, pero la meta para este 2021 es eliminar la figura del intermediario para mejorar aún más el precio de venta de su fruta, y así aumentar sus ingresos. Dato Hasta la fecha, el Midagri, a través de Agroideas, ha aprobado 73 Planes de Negocio en la cadena productiva de palta a nivel nacional, invirtiendo S/ 25.2 millones en favor de más de 2.000 pequeños productores de la agricultura familiar. De esta manera, se han atendido casi 3.000 hectáreas dedicadas a este cultivo en las regiones Junín, Ica, Huancavelica, Arequipa, Moquegua, Apurímac, entre otras.",agraria.pe/agronegocios,https://agraria.pe/noticias/agricultores-de-arequipa-quintuplicaron-su-produccion-de-pal-23975
2021-03-23,Puno: más de 1.484 familias del agro son nuevas propietarias de sus predios rurales," El Ministerio de Desarrollo Agrario y Riego (Midagri) informó que 1.484 familias del distrito de Conima, provincia de Moho, de la región Puno, cumplieron el objetivo de la chacra propia, al recibir los títulos de propiedad que los reconoce como dueños indiscutibles de sus tierras y les abre nuevas oportunidades económicas para mejorar su calidad de vida. Durante una ceremonia especial en el Estadio Municipal del distrito de Conima, la directora de Saneamiento de la Propiedad Agraria y Catastro Rural (Digespacr), del Midagri, Helen Figueroa Villarreal, señaló que un título de propiedad otorga esperanza puesto que ahora los productores podrán dejar un legado patrimonial para sus hijos asegurando el futuro familiar y manteniendo la convivencia armoniosa con los vecinos al evitarse conflictos por linderos. Aseguró que pronto se entregarán más títulos de propiedad en Puno ya que es un tema que mantiene especial atención del Ministerio. Además, explicó que “el proceso no termina con la entrega de este documento, continúa hasta conseguir su inscripción en la Superintendencia Nacional de los Registros Públicos (Sunarp), que le brinda seguridad jurídica a los nuevos propietarios”. Por su parte el gobernador de la región Puno, Agustín Luque, resaltó el trabajo articulado entre los tres niveles de gobierno, lo que hace posible darles alegría a los campesinos aimaras al hacerle entrega de sus ansiados títulos de propiedad. El distrito de Conima, se encuentra al borde del lago Titicaca y cerca a Bolivia. Sus más de 3500 pobladores se dedican principalmente a las actividades agrarias, cultivando habas, papa, quinua, ocas y a la crianza de animales menores como el cuy y el ganado ovino. La titulación de predios rurales es un trabajo articulado entre el Gobierno Regional de Puno, la Dirección Regional de Agricultura, y el Midagri, a través de la Dirección General de Saneamiento de la Propiedad Agraria y Catastro Rural (Digespacr), la Unidad Ejecutora de Proyectos Sectoriales (UEGPS) que se alcanza mediante el Proyecto de Catastro, Titulación y Registro de Tierras Rurales en el Perú (PTRT3).",agraria.pe/agronegocios,https://agraria.pe/noticias/puno-mas-de-1-484-familias-del-agro-son-nuevas-propietarias--23965
2021-03-23,Exportaciones de cáscara de limón sumaron US$ 2.6 millones en el primer bimestre de 2021," Durante el primer bimestre de 2021, Perú exportó 2.877.599 kilos de cáscara de limón por un valor FOB de US$ 2.571.710. Estas cifras revelan un moderado ascenso frente a los 2.428.845 kilos exportados en igual periodo de 2020 por US$ 1.844.429. Según reporta el portal Agrodata Perú, el principal destino de estos envíos nacionales entre enero y febrero de 2021 fue Alemania, donde se lograron colocaciones por US$ 927.141 (36% del total de despachos). A continuación se ubicaron España con US$ 655.010, Dinamarca con US$ 447.528, Italia con US$ 276.303, México con US$ 229.689, y otros con montos menores que juntos sumaron US$ 36.038. Entre las principales empresas exportadoras del rubro se posicionaron Limones Piuranos SAC con ventas por US$ 1.077.230, Agromar Industrial SA con US$ 747.689, Procesadora Frutícola SA con US$ 444.532, Agroindustrias AIB SA con US$ 266.220, entre otros. Dato De acuerdo con Agrodata, el total de exportaciones de cáscara de limón peruana en 2020 fue de 9.4 millones de kilos por US$ 8.1 millones.",agraria.pe/agronegocios,https://agraria.pe/noticias/exportaciones-de-cascara-de-limon-sumaron-us-2-6-millones-en-23964
2021-03-22,Midagri orienta enfoque estratégico hacia fortalecimiento de la Agricultura Familiar," El Ministerio de Desarrollo Agrario y Riego (Midagri) cuenta con un nuevo Reglamento de Organización y Funciones (ROF) enfocado en el desarrollo y fortalecimiento de la Agricultura Familiar, según Resolución Ministerial N° 0073-2021, sostuvo la jefa de Gabinete de Asesores del ministerio, Silvia Ruiz Zarate. “Durante años el Midagri desarrollaba actividades que no necesariamente favorecían a nuestra pequeña agricultura familiar, hoy hemos cambiado de enfoque estratégico y queremos que los pequeños sean medianos y que los medianos sean grandes, es el compromiso del ministro Federico Tenorio”, explicó. Silvia Ruiz, aseguró que en este ROF se ha considerado crear la Dirección de Promoción de la Mujer Rural así como una Dirección de Comunidades Nativas, muestras del camino emprendido que dejará sentadas las bases de una nueva política nacional agraria. La Jefa de Gabinete de Asesores informó que en el marco de la primera sesión descentralizada de la Comisión Agraria del Congreso, celebrada en la localidad de Iberia, provincia Tahuamanu en Madre de Dios, el Midagri dio a conocer un conjunto de acciones destinadas a promover el desarrollo de la actividad agropecuaria y forestal en esta región. Además, que una de las principales acciones del sector en apoyo a los pequeños productores, cuyos cultivos sufrieron los impactos de inundaciones, fue la activación del Seguro Agrario Catastrófico (SAC), así como la reapertura de la oficina de Agrobanco y el funcionamiento de la nueva sede de Agro Rural en la región. Las medidas fortalecerán el trabajo de las agencias agrarias. Durante la sesión descentralizada se informó sobre la colocación de aproximadamente S/ 10 millones en la implementación de proyectos de inversión productiva de AgroIdeas en Madre de Dios, con el fin de apoyar a los productores organizados que necesitan cambiar de cultivos que no les resultan productivos. También la puesta en marcha del Programa de Financiamiento Directo para Plantaciones Forestales de Serfor, que beneficiará aproximadamente a 16.500 hectáreas de plantaciones forestales comerciales, aprovechadas y transformadas en productos maderables, lo que generará alrededor de 35.000 empleos directos e indirectos. Del mismo modo, se dio a conocer la intervención del Agrobanco a través de sus programas de apoyo a los productores de la Agricultura Familiar para acceder a créditos en el sistema financiero. Se recordó la asignación de S/ 66.9 millones de los recursos del Fondo AgroPerú, destinados al desarrollo productivo de Madre de Dios.",agraria.pe/agronegocios,https://agraria.pe/noticias/midagri-orienta-enfoque-estrategico-hacia-fortalecimiento-de-23959
2021-03-18,Campaña de exportación de palta peruana en 2020 superó las 400 mil toneladas," El Ministerio de Desarrollo Agrario y Riego (Midagri) informó que las exportaciones de palta durante 2020 alcanzaron las 409.022 toneladas, superando en 30% a la campaña 2019 y llegando a 34 mercados internacionales, en plena pandemia por el Covid-19. Según registro del Senasa, se certificaron 31.145 hectáreas situadas principalmente en las regiones de Piura, Lambayeque, La Libertad, Áncash, Lima, Ica, Arequipa, Moquegua, Tacna, Huancavelica, Ayacucho, Apurímac y Cusco. Los logros obtenidos con la exportación de palta se deben al arduo trabajo de los pequeños productores de la Agricultura Familiar, que ponen mucho esfuerzo para mantener sus campos con muy bajas poblaciones de plagas, y la labor del Senasa para garantizar el cumplimiento de los protocolos fitosanitarios que el Perú ha suscrito con países importadores tan exigentes como China, Japón, Corea del Sur, Estados Unidos, los países de la Unión Europea, entre otros. La certificación de los lugares de producción tiene el objetivo de garantizar que el agricultor realice las labores de control de plagas para asegurar que estas frutas destinadas a exportación no representen riesgo sanitario o fitosanitario para el país importador. Los campos certificados tienen un código de lugar de producción único que el Senasa asigna al productor. Trazabilidad de la palta Actualmente, el Perú tiene un sistema de certificación sanitaria y fitosanitaria muy desarrollado, técnicamente sólido, reconocido por muchos países que envían profesionales para auditar los sistemas del Senasa; uno de los componentes importantes de este método es la trazabilidad de la fruta de exportación. El país está preparado para demostrar la trazabilidad de la fruta ante cualquier problema sanitario o fitosanitario que pueda ocurrir en el mercado internacional. Para ello, es importante conocer y mantener la identidad de la conformación de cada envío con respecto a su lugar de producción de origen, en toda la cadena exportadora. Cuando se traslada fruta hacia la empacadora, el lote debe llegar identificado con su código de lugar de producción y su respectiva guía de remisión, documento que acredita que la fruta se ha movilizado desde el campo hacia la empacadora. Para garantizar esta información, el productor debe colocar su nombre, número de DNI y firma. Es responsabilidad de la empacadora incluir, en su código de trazabilidad, un número que se identifique con la guía de remisión que amparó el ingreso de la fruta a la empacadora y con el lugar de producción de origen de la fruta. El Senasa inspecciona todos los envíos de palta para obtener una muestra representativa entre el 1% a 2% del total del lote de exportación. Asimismo, los inspectores verifican que se cumpla la trazabilidad de la fruta. En caso la fruta esté libre de plagas cuarentenarias y cumpla con la trazabilidad, el envío debe ser certificado para su exportación; caso contrario, no se certifica el envío. Los exportadores y las empacadoras son los responsables de garantizar la trazabilidad de la fruta de exportación; en caso de incumplimiento, son suspendidos acorde a lo establecido en las normas y directivas vigentes del Senasa. La única manera de asegurar nuestras exportaciones y seguir posesionándonos en los mercados internacionales, es garantizando la sanidad e inocuidad de nuestros productos de exportación.",agraria.pe/agronegocios,https://agraria.pe/noticias/campana-de-exportacion-de-palta-peruana-en-2020-supero-las-4-23934
2021-03-17,Producción nacional mandarinas alcanzó las 525.000 toneladas en 2020," De acuerdo con el Sistema Integrado de Estadísticas Agrarias (SIEA) del Ministerio de Desarrollo Agrario y Riego (Midagri), en el 2020 la producción de mandarinas en el Perú llegó a 525.000 toneladas. Detalló que la principal región productora fue Lima, que participó con el 44% del total. Le siguen Junín, que produjo el 24% del total, Ica (17%) y Puno (6%). Asimismo, dijo que el año anterior la producción nacional de naranjas alcanzó las 553.000 toneladas, siendo Junín el principal productor con 45% del total, seguido de San Martín (14%), Puno (9%) y Cusco (5%). Al respecto, el Instituto de Investigación y Desarrollo de Comercio Exterior de la Cámara de Comercio de Lima (Idexcam) destacó que la producción nacional de mandarinas, al igual que la de naranjas en el Perú, ha crecido de manera constante desde el 2010. En cuanto a las mandarinas, estas registran un incremento interanual del 9%, mientras que las naranjas un 3%. Exportaciones en el 2020 Idexcam señaló que en el 2020 las exportaciones peruanas de cítricos alcanzaron los US$ 262 millones (244.783 toneladas), lo cual representó un crecimiento en valor de 37% en comparación con lo registrado en el 2019, lo que se constituye en un récord histórico. Explicó que ante la expansión del Covid-19 hay una creciente demanda de cítricos, especialmente de mandarinas, debido a sus propiedades antioxidantes y su alto contenido de vitamina C que refuerzan el sistema inmunológico, lo que generó un repunte en su comercialización a nivel mundial. Despachos de mandarinas El año anterior, las exportaciones peruanas de mandarinas sumaron un total de US$ 250.4 millones, registrando un crecimiento de 36% comparado al año anterior (US$ 184 millones). Los envíos de este producto aumentaron en 11 mercados de destinos, siendo el principal Estados Unidos, cuyo crecimiento fue de 52% (US$ 125.3 millones); seguido de Países Bajos, +19% (US$ 25 millones); Canadá, +15% (US$ 17.8 millones); China, +40% (US$ 15.7 millones); y Rusia, +90% (US$ 13.2 millones). Asimismo, Irlanda reportó un crecimiento de 53% (US$ 3.9 millones); Hong Kong, +29% (US$ 2.9 millones); España, +160% (US$ 2.7 millones); México, +60% (US$ 2.5 millones); Panamá, +34% (US$ 1.1 millones); y Japón, +1,672% (US$ 1 millón). Envío de naranjas Igualmente, la naranja procedente de Perú también registró un buen desempeño el año anterior con una expansión en sus exportaciones del 46%, tras sumar US$ 12.1 millones. Entre los principales mercados de este producto figuran Reino Unido, con un crecimiento considerable de 91% (US$ 6.8 millones); Países Bajos, +7% (US$ 3 millones); Panamá, +51% (US$ 416.788); Suecia, +74% (US$ 344,688); y Estados Unidos, +88% (US$ 341.962).",agraria.pe/agronegocios,https://agraria.pe/noticias/produccion-nacional-mandarinas-alcanzo-las-525-000-toneladas-23917
2021-03-15,Regiones de la sierra peruana ya aparecen como zonas productoras y exportadoras de palta," Las regiones de la sierra peruana ya aparecen como zonas productoras y exportadoras de palta, lo cual es importante desde el punto de vista político, social y económico-productivo, destacó el presidente de la consultora Inform @ cción , Fernando Cillóniz Benavides. “No es cierto que solo la costa participa del éxito de la agroexportación, cada vez la pequeña agricultura, y sobretodo la pequeña agricultura de la sierra, está participando de esto”, sostuvo. Cillóniz destacó el aporte de regiones como Ayacucho, Huancavelica, Huánuco y Junín a la canasta exportadora de frutas del Perú. Además, dijo que cada vez son más regiones de la sierra que apuestan por este cultivo. “Llegamos con la fruta de exportación a los valles interandinos para que Ayacucho, Huancavelica, Junín y toda la sierra empiece a beneficiarse de esta maravilla que es la producción de frutas para el mercado mundial. Eso está pasando en la sierra peruana, todo el Perú se está volviendo paltero”, manifestó. Además, resaltó que regiones como Arequipa y Moquegua parecían estar rezagadas en cuento a su participación en frutas de exportación, sin embargo, no es así, ya que se aprecia un crecimiento interesante en el cultivo de palta en esas regiones. El presidente de Inform @ cción , también destacó que la oferta de palta de la sierra es completamente desfasada con respecto a la costa, ya que la campaña de esta fruta en los valles interandinos va de diciembre a marzo y la de la costa comienza en abril y culmina en septiembre. “La campaña de la sierra se inicia desde diciembre, eso da gran competitividad a esas regiones porque en esos meses no hay oferta de la costa, por lo cual se obtienen precios altos. Debemos concentrarnos en mejorar las carreteras y tecnificar el riego de los huertos para tener palta casi todo el año”, manifestó. Cillóniz Benavides agregó que se vienen huertos nuevos (sobretodo en la sierra) que van a repercutir en la producción y exportación de este y los próximos años. “Ojalá podamos alargar la campaña para no concentrar mucho volumen de fruta en determinadas semanas, que satura el mercado europeo y genera menor precio”. “Los que están produciendo palta tempranamente entre diciembre-febrero (Huancavelica, Ayacucho y Apurímac) claramente pueden aumentar sus plantaciones porque van a encontrar mercados con buenos precios, lo mismo para los que producen palta tardíamente en agosto y septiembre (como Arequipa) que pueden pensar en más áreas, sin embargo, esto no sería viable en Chavimochic, Olmos, Ica, donde la palta sale en junio y julio, donde hay mucha oferta y los precios caen”, recomendó. Producción de palta por regiones en 2020 Según el Ministerio de Desarrollo Agrario y Riego (Midagri), la producción nacional de palta durante 2020 alcanzó las 661 mil toneladas, mostrando un crecimiento de 16% respecto al año previo. Además, el 62% de la producción se destinó a la exportación. De acuerdo con la consultora Inform @ cción , las principales regiones productoras de palta en 2020 fueron: La Libertad con 215.000 toneladas, Lima con 91.500 toneladas, Lambayeque con 90.000 toneladas, Ica con 80.000 toneladas, Junín con 45.000 toneladas, Ayacucho con 29.500 toneladas, Arequipa con 27.000 toneladas, Áncash con 19.500 toneladas, Huancavelica con 11.000 toneladas, todos los demás (entre los que destacan Moquegua, Cusco, Piura, Cajamarca, Pasco, Apurímac) con 50.500 toneladas. Datos . En la campaña de palta 2020, Perú despachó 410 mil toneladas, mostrando un incremento de 30.5% frente a las 314.000 toneladas enviadas en la campaña 2019. En valor, en 2020, alcanzó cerca de US$ 763.590.000 versus los US$ 752.100.400 de 2019. . Los principales mercados destinos de la palta procedente de Perú en 2020 fueron: Europa que adquirió 258.820 toneladas (190.000 toneladas en 2019), Norteamérica con 81.000 toneladas (88.500 toneladas en 2019), Latinoamérica con 38.440 toneladas (17.500 toneladas en 2019), Asia con 30.000 toneladas (18.000 toneladas en 2019). . Las principales empresas exportadoras de palta en 2020 fueron: Avocado Packing Company (35.000 toneladas), Westfalia Fruit Perú (33.000 toneladas), Agrícola Cerro Prieto (28.370 toneladas), Camposol (28.000 toneladas), Sociedad Agrícola Drokasa (17.300 toneladas), Consorcio de Productores de Fruta-CPF (15.650 toneladas), Virú (14.800 toneladas), entre otros.",agraria.pe/agronegocios,https://agraria.pe/noticias/regiones-de-la-sierra-peruana-ya-aparecen-como-zonas-product-23894
2021-03-12,"Despachos de uvas de mesa alcanzaron US$ 352 millones en enero de 2021, representando el 45% del total de las agroexportaciones en dicho mes"," En enero de este año, las agroexportaciones peruanas alcanzaron los US$ 781 millones registrando un incremento de 8.7%, frente a lo reportado en el mismo mes de 2020 (US$ 719 millones), informó la sociedad de Comercio Exterior del Perú (Comex Perú). La entidad detalló que en el primer mes de 2021 los despachos agrícolas tradicionales sumaron US$ 38 millones, mostrando un aumento de 7% respecto a los US$ 36 millones registrados en enero del año pasado; mientras que los envíos agropecuarios y/o agroindustriales (no tradicionales) ascendieron a US$ 743 millones, reportando un alza de 8.7% versus los US$ 683 millones de enero de 2020 El principal mercado destino de las agroexportaciones en enero de este año fue América del Norte con despachos por US$ 358 millones, representando el 45.8% del total despachado. Le siguen Europa con US$ 206 millones (26.3% del total), Asia con US$ 120 millones (15.3% del total), América del Sur con US$ 76 millones (9.7% del total), América Central con US$ 18 millones, Oceanía con US$ 3 millones y África con US$ 300 mil En cuanto a los principales destinos por países, en enero del presente año destacan Estados Unidos con envíos por US$ 324 millones, mostrando un aumento de 3.4% (41.4% del total despachado); Países Bajos US$ 102 millones, creció 25.6% (13% del total); Hong Kong US$ 51 millones, +17.3% (7% del total); España US$ 32 millones, +3.4% (4% del total); Colombia US$ 25 millones, disminuyo -11.6% (3% del total); China US$ 24 millones, aumentó 10.7%; otros US$ 224 millones, creció 11.5%. En enero de 2021, los principales productos agrícolas tradicionales despachados fueron: Los demás cafés sin descafeinar, sin tostar US$ 31 millones (+6.5%), demás azúcares de caña o remolacha refinados US$ 6 millones (+36.2%), melaza de caña US$ 400 mil (+20.2%), lana sin cardar ni peinar, sucia, esquilada US$ 400 mil (-61.9%), café sin descafeinar, sin tostar, para siembra US$ 200 mil (no se registró despachos en enero del 2020), azúcar en bruto sin adición de aromatizante ni colorante US$ 100 mil (-53.9%), los demás azúcares de caña US$ 100 mil (-82.2%), café tostado, sin descafeinar, en grano US$ 100 mil (-61.2%), algodón sin cardar ni peinar, de fibra > a 34.92 mm US$ 100 mil, azúcar de caña o de remolacha y sacarosa refinados US$ 100 mil, otros US$ 100 mil. Por su parte, los productos agropecuarios y/o agroindustriales (no tradicionales) más despachados en el primer mes del año fueron: uvas frescas US$ 352 millones (+18.8%); mangos frescos US$ 88 millones (-1.1%); espárragos frescos o refrigerados US$ 36 millones (-20.6%); arándanos frescos US$ 30 millones (+5.3%); bananas frescas tipo cavendish valery US$ 15 millones (+3.8%); mangos congelados US$ 14 millones (-8%); cebollas frescas o refrigeradas US$ 12 millones (+51.2%); cacao en grano, entero o partido, crudo US$ 11 millones (+47.6%); preparaciones para alimentación de animales US$ 9 millones (+29.5%); paltas frescas US$ 9 millones (+94.9%); otros US$ 167 millones (-0.4%). Midagri: Agroexportaciones conquistaron 101 mercados en enero Por otro lado, el Ministerio de Desarrollo Agrario y Riego (Midagri), informó que en enero de 2021 las agroexportaciones sumaron US$ 661 millones, siendo uva, mango fresco y congelado, espárrago fresco, arándanos, café, bananas, paltas y otros, los principales productos de mayor demanda en los mercados internacionales. Los productos que alcanzaron mayor contribución positiva al crecimiento durante el mes de enero pasado respecto al mismo mes del año 2020 fueron: frutas y otros frutos (+95%), palta fresca (+94%), cebollas y chalotes frescos (+80%), cacao en grano (+79%), preparaciones utilizadas para la alimentación de los animales (+63%), jengibre (+59%), arándanos frescos (+19%), entre otros. Sobre el valor despachado en enero, las exportaciones de productos tradicionales representaron el 4% del total, mientras que las no tradicionales el 96% restante. Por ejemplo, las exportaciones agrarias tradicionales durante ese mes alcanzaron US$ 26 millones. Dentro de este grupo de productos resaltan las exportaciones de café sin tostar (US$ 24 millones), que registraron un aumento de 12% y melaza de caña (US$ 420 mil) cuyo valor aumentó en 20%. Ambos productos explicaron el 91% de las agroexportaciones tradicionales. Por su parte, en la canasta de productos no tradicionales, las exportaciones de frutas y hortalizas superaron los US$ 503 millones (79% de las agroexportaciones no tradicionales) durante el mes de enero, monto que significó un aumento de 4.9% respecto a similar periodo 2020. Por su parte, las importaciones agrarias durante enero de 2021 alcanzaron los US$ 475 millones en valor CIF, cifra 7.3% mayor a los valores registrados en similar mes de 2020. Durante el periodo analizado, se registraron mayores aumentos en valor CIF de importación de los siguientes productos: maíz amarillo duro por un total de US$ 87 millones (+30%), torta de soya US$ 66 millones (+19%), leche y nata concent. s/ azúcar en polvo US$ 8.2 millones (+59%), alcohol etílico s/ desnaturalizar US$ 3.2 millones (+465%), arroz semiblanqueado US$ 14 millones (+23%), las demás preparaciones alimenticias US$ 10 millones (+24%), trigo US$ 41 millones (+4.5%), aceite refinado de soya US$ 4.2 millones (+54%), grano de soya boliviano US$ 5.4 millones (+36%), entre otros. El Midagri dijo que, durante enero último, las agroexportaciones peruanas llegaron a 101 países, siendo Estados Unidos (42% de participación), Holanda (13%), Hong Kong (6.2%), España (4.1%), China (3.7%), Ecuador (2.4%), Chile (2.4%), Corea del Sur (2.3%), Colombia (2.3%) y México (2.3%), los 10 principales países destinos de nuestros productos provenientes del campo (dicho grupo de países concentraron el 81% del valor FOB exportado en el referido mes). Dato . Las exportaciones agrarias sumaron en 2020 ventas por US$ 7.791 millones, lo que representó un aumento de 4.4% en comparación a las ventas registradas durante el año anterior. Los productos agrícolas que alcanzaron mayor contribución al crecimiento el año pasado respecto al 2019 fueron: jengibre (+155%), pimiento piquillo (+50%), mango congelado (+46%), arroz semiblanqueado (+44%), los demás cítricos (+41%), mandarinas (+32%), aceite de palma (+24%), arándanos (+22%), uvas frescas (+19%), entre otros.",agraria.pe/agronegocios,https://agraria.pe/noticias/despachos-de-uvas-de-mesa-alcanzaron-us-352-millones-en-ener-23883
2021-03-09,Westfalia Fruit alista construcción de su nueva planta de packing en el país," A pocas semanas de iniciar la temporada de palta en el Perú, las empresas se preparan para iniciar la cosecha de uno de los productos agrícolas más demandados en el mundo. Westfalia Fruit, con presencia en el país desde hace 14 años, busca seguir invirtiendo en el mercado local. Así lo señaló su gerente general, Omar Díaz, quién reveló que este año iniciarán la construcción de su nueva planta de packing en el país. ""Estamos arrancando en junio para que esta nueva planta esté operativa desde enero del 2022; consideramos que será una de las mejores del país"", dijo el ejecutivo. Actualmente terciarizan su maquila a otras seis plantas de producción. La nueva planta estará ubicada en cañete y se enfocará principalmente en el empacado de paltas, pero también tendrá línea para cítricos y uvas. ""En una primera etapa vamos a tener una capacidad de 1.000 contenedores anuales -que corresponde a unas 25.000 toneladas- y de acuerdo a cómo avanza el mercado contemplamos una expansión de esta en una segunda etapa"", señaló. Esta será la central más grande de Westfalia Fruit en el Perú, y aquí empacarán cerca del 40% de toda su producción. Explicó que con esta inversión buscan consolidar su producción en el sur peruano, donde antes empacaban desde 2 plantas de packing diferentes. Mercado de palta La palta es el producto bandera de Westfalia a nivel global y en el Perú representa el 80% del total de exportaciones. ""Nuestra producción es casi totalmente palta Hass, que es la más demandada en el mercado exterior"", dijo Díaz. Señaló que a nivel mundial la demanda por este producto continúa aumentando y se proyecta que esta tendencia siga creciendo en los próximos años. El Perú es el segundo productor de paltas en el mundo, luego de México que nos lleva ventaja. ""Ellos producen durante todo el año; pero en ciertas semanas claves de la temporada exportamos casi los mismos volúmenes que México"", señaló. ""En el país aún tenemos potencial de crecimiento para nuevas áreas de palta, pero en la medida de lo posible debemos ser cuidadosos en sembrar en zonas que nos permitan extender nuestra campaña de exportación"", agregó. Modelo de negocio En lugar de trabajar sus propias tierras trabajan bajo asociaciones con más de 100 pequeños productores. ""Les brindamos asistencia técnica, conocimientos sobre técnicas de cultivo y los ayudamos a certificarse con los requerimientos del mercado del exterior"", explicó. Para esta campaña esperan elevar en 20% su volumen de envío. Hoy exporta a 15 países desde el Perú y atienden a las principales cadenas de supermercados en Estados Unidos. Datos . Westfalia exporta cerca de 2.000 contenedores al año. La empresa trabaja con productores de Ayacucho, Cusco, Arequipa y en la costa desde Nazca hasta Piura. En el Perú, la empresa compite con paltas, cítricos, mangos y uvas. Fuente: Gestión",agraria.pe/agronegocios,https://agraria.pe/noticias/westfalia-fruit-alista-construccion-de-su-nueva-planta-de-pa-23857
2021-03-09,"Perú contaría con 50 variedades de queso, que serán definidas y diferenciadas"," El Ministerio de Desarrollo Agrario y Riego (Midagri) estima que en el país se producen alrededor de 50 variedades de quesos, pero estas aún no han sido estrictamente diferenciadas y definidas. Para esta labor, ha solicitado el apoyo del Instituto Nacional de Calidad (Inacal). Sobre la oferta de este derivado de la leche, el director de Ganadería del Midagri, Christian Barrantes, señaló que en el país es cada vez más variada. Entre la diversidad, destacan el queso paria, andino, gouda y el mantecoso, por ser los más populares. Los de más reciente aparición, en cambio, son los quesos con hierbas aromáticas o con granos andinos. “Lo que buscamos es que cada vez podamos definir mejor los quesos, no solo por estas variedades, sino por las definiciones regionales. Todos reconocemos los quesos cajamarquinos o los quesos arequipeños. Entonces, estamos trabajando con el Inacal las normas técnicas para definir con claridad estos productos, de tal manera que esa diferenciación sea real y podamos ver qué cosa es realmente un queso andino, cuáles son las diferencias entre el queso paria producido en Ayacucho y el producido en Cusco”, dijo el funcionario. En un primer momento, las labores del Inacal y el Midagri se centrarán en definir y diferenciar las variedades más conocidas (paria, andino, gouda y mantecoso), para luego pasar a las menos tradicionales. La semana pasada, el presidente de la Asociación de Ganaderos Lecheros del Perú (Agalep), Clímaco Cárdenas, indicó que el precio de los quesos se ha recuperado y mantiene una tendencia positiva en los últimos meses gracias a un mayor consumo. Como se recuerda, el año pasado el valor comercial del queso atravesó una caída constante. En los primeros meses de la crisis sanitaria, la mayoría de los ganaderos lecheros afrontó dificultades para transportar la leche y se presentó una marcada caída de la demanda. Entonces, estos productores optaron por convertir la leche en quesos, con el fin de que se conservase en buen estado por más tiempo. Pero el desplome de los precios ocasionó el cierre de cuatro de cada 10 plantas artesanales dedicadas a la elaboración de quesos, yogures o mantequilla. Es decir que de las 1.200 existentes antes de la pandemia, solo unas 720 continuaron en pie. Sin embargo, el consumo ha ido incrementándose en los últimos meses y ha llegado a absorber la mayor oferta, señala Barrantes. En consecuencia, algunas de las plantas han reabierto. “Hay un reconocimiento de las ventajas nutricionales del queso y del yogurt. Por eso la gente está consumiéndolos cada vez más, lo que beneficia a los productores artesanales”, añadió Barrantes. Además, los productos lácteos artesanales están llegando cada vez más a mercados formales (como los supermercados), lo cual indica que han logrado superar las barreras de calidad, destacó. En el 2020, se produjeron 123,058 toneladas de queso en el país, según información del Midagri. Estas se encuentran en tres categorías, entre las cuales el queso fresco destaca con una participación de 65.73%, seguido del madurado (29.95%) y el mantecoso (4.32%). Precio de la leche En los últimos días, los ganaderos lecheros del país han solicitado a las empresas industriales aumentar de S/ 1 a S/ 1.2 el precio base del litro de leche, con el fin de compensar el incremento del costo de los insumos. Sin embargo, este pedido no ha sido aceptado por las empresas. Al respecto, Barrantes confirmó que se ha evidenciado el incremento del costo de los insumos, lo que afecta sobre todo a la crianza de vacas en la costa, donde más se utilizan estos alimentos importados. “Hemos aprobado una sola medida el martes, que es una línea de financiamiento con una tasa de 3.5% anual en Agrobanco. Esta permite a las organizaciones de productores hacer compras en volúmenes y entregarlo a un costo menor que el del mercado”, indicó. Pese a ser un apoyo, esto no amortiguaría por completo el incremento de los costos, por lo cual “los productores en las negociaciones tendrán que ver cómo se transfiere ese incremento al producto”, dijo el director de la Dirección General de Ganadería del Midagri con respecto a las conversaciones que se realizan en el Consejo Nacional de la Leche. Fuente: Gestión.pe",agraria.pe/agronegocios,https://agraria.pe/noticias/peru-contaria-con-50-variedades-de-queso-que-seran-definidas-23853
2021-03-09,"En el primer bimestre del año las agroexportaciones peruanas habrían alcanzado los US$ 1.471 millones, mostrando un incremento de 21%"," De acuerdo con las estimaciones de FreshFruit, las agroexportaciones peruanas en el primer bimestre de 2021 alcanzaron los US$ 1.471 millones, 21% más en comparación al mismo periodo de 2020. Los envíos crecieron en un contexto donde Chile, un importante proveedor de uva y arándano, enfrenta serios inconvenientes de producción que han ocasionado problemas de abastecimiento en muchos destinos. Si bien el resultado ha sido positivo, la dinámica de los envíos cada mes fue distinta. En enero, las agroexportaciones sumaron US$ 991 millones, 35% más con respecto al mismo mes del año anterior. Los principales productos exportados fueron la uva, con 35% de participación, el mango, con 7%, y el espárrago, con 3%. Por el contrario, el resultado de febrero no alcanzó los valores esperados. Las exportaciones sumaron US$ 480 millones, 1% menos con respecto a 2020. Los principales productos fueron la uva, con 25% de participación, el mango, con 12%, y la palta, con 4%. Principales productos Los principales productos de la canasta agroexportadora peruana en el primer bimestre de 2021 fueron la uva, el mango y el arándano, que en conjunto representaron el 44% del valor exportado. Durante el periodo analizado, los envíos de uva sumaron 196.255 toneladas por US$ 466 millones, 28% más en volumen y 39% más en valor con respecto al mismo periodo de 2020. La escasez del producto en el mercado internacional le permitió al Perú seguir creciendo sin tener un fuerte impacto en los precios. Así, la uva peruana se cotizó en US$ 2.37 por kilogramo, 9% más alto al obtenido en el mismo periodo del año anterior. Al igual que en 2020, el 46% de las exportaciones de uva se concentraron en Estados Unidos, donde el principal comprador fue Vanguard Direct Llc., con 14% de participación. A este mercado le siguieron China (16% de participación), donde el principal comprador fue Shenzhen Harvest-Time Imp. & Exp. Co. Ltd., y los Países Bajos (14%), donde destacó Fairconnection B.V. Otro producto que impulsó las exportaciones fue el mango, cuyos envíos sumaron 108.732 toneladas por US$ 125 millones. En comparación al 2020, las exportaciones de la fruta cayeron 23% en volumen y 18% en valor. Cabe mencionar que el mango ya venía siendo afectado por el mal clima en el norte, que impactó de manera negativa a la producción. Debido a la menor oferta peruana, los precios del producto crecieron 6% hasta alcanzar un valor de US$ 1.15 por kilogramo. Los principales destinos de la fruta peruana fueron Estados Unidos (43% de participación), donde el principal comprador fue Amazon Produce Network Llc.; y los Países Bajos (35%), con Nature’s Pride B.V. liderando las compras. Las exportaciones de arándano peruano crecieron 85% en volumen y 103% en valor, alcanzando las 10.957 toneladas por US$ 59 millones. El mercado mundial de arándano está enfrentando una escasez generada por el inicio tardío de la campaña chilena, lo cual está favoreciendo al Perú. Por este motivo, el precio de la fruta peruana fue US$ 5.42 por kilogramo, 10% más en comparación al año anterior. Los principales destinos del arándano en este periodo fueron Estados Unidos (67% de participación), con Camposol Fresh Usa Inc. como principal comprador; y los Países Bajos (22%), donde destacó Camposol Fresh B.V. Productos que más crecieron En el primer bimestre de 2021, los productos que mostraron mayor crecimiento fueron el jengibre y la cebolla, productos que representaron 2% de la canasta agroexportadora peruana. Durante el periodo analizado, los envíos de jengibre sumaron 6.086 toneladas por US$ 17 millones, 35% más en volumen y 74% más en valor con respecto al mismo periodo de 2020. La buena acogida en el mercado internacional le permitió a la raíz seguir creciendo sin afectar sus precios. El jengibre peruano se cotizó en US$ 2.79 por kilogramo, 29% más alto que el obtenido en el mismo periodo del año anterior. Al igual que en 2020, el 68% de las exportaciones de la raíz se concentraron en Estados Unidos, donde el principal comprador fue Smart Group Traders Inc. A este mercado le siguieron los Países Bajos (14% de participación), donde el principal comprador fue Fairtrasa Holland B.V., y Canadá (8%), donde destacó Broadview Produce Company Inc. Otro producto con un crecimiento extraordinario fue la cebolla, cuyos envíos sumaron 41.459 toneladas por US$ 20 millones. En comparación a 2020, las exportaciones de la hortaliza crecieron 42% en volumen y 112% en valor. Los precios del producto crecieron 49% hasta alcanzar un valor de US$ 0.47 por kilogramo. Los principales destinos de la fruta peruana fueron Estados Unidos (50% de participación), donde el principal comprador fue Shuman Farms Inc.; y España (46%), con Almacenes Lomar S.L. liderando las compras. Productos que cayeron Los productos que cayeron durante el primer bimestre del año fueron el café y el banano, los cuales se vieron afectados nuevamente por la pandemia. Tanto por la mayor tasa de contagio entre la población -que incluyó a los trabajadores del campo- como por la segunda cuarentena impuesta por el Estado durante el mes de febrero. Los envíos de café sumaron 10.091 toneladas por US$ 34 millones en el Bimestre, 19% menos en volumen y 6% menos en valor con respecto al mismo periodo de 2020. La contracción de la oferta peruana a raíz de la segunda ola permitió obtener precios más altos. El café peruano se cotizó en US$ 3.33 por kilogramo, 16% más alto que el obtenido en el mismo periodo del año anterior. Los principales destinos del grano fueron Alemania (38% de participación), con Alois Dallmayr Kaffee Gmbh & Co. Kg. como principal comprador, y Bélgica (11%), donde destacó A Van Weely B.V. Otro producto que fue impactado por la segunda ola y las restricciones del Estado fue el banano, cuyos envíos sumaron 33.112 toneladas por US$ 23 millones. En comparación a 2020, las exportaciones de la fruta cayeron 4% en volumen y en valor. La escasez de la fruta, sumada a la preferencia por adquirir productos saludables (el banano peruano es orgánico), permitió a las empresas obtener precios más altos. En este periodo, el banano se cotizó en US$ 0.70 por kilogramo, similar a 2020. Los principales destinos de la fruta peruana fueron los Países Bajos (30% de paticipación), con Agrofair Benelux B.V. liderando las compras, y Panamá (25%), donde destacó Chiquita Panamá Llc.",agraria.pe/agronegocios,https://agraria.pe/noticias/en-el-primer-bimestre-del-ano-las-agroexportaciones-peruanas-23852
2021-03-09,Exportaciones peruanas de jugo de limón sumaron US$ 17.7 millones en 2020," Durante los 12 meses de 2020, Perú exportó 24.259.510 kilos de jugo de limón por un valor FOB de US$ 17.682.203. Estas cifras revelan un importante incremento desde los 15.321.639 kilos exportados en 2019 por US$ 10.467.724. En tanto, entre enero y febrero de este 2021, nuestro país ha despachado al exterior 2.619.649 kilos de dicho producto por US$ 1.918.057, según reporte del portal Agrodata Perú. De acuerdo con esta fuente, el principal destino en el primer bimestre del presente año fue Estados Unidos, donde se logró colocaciones por US$ 1.335.000. A continuación se ubicaron Países Bajos con US$ 195.000 y Canadá con US$ 165.000. Entre las principales empresas exportadoras del rubro se posicionaron Multifoods SAC con ventas por US$ 1.179.122, Agroindustrias AIB SA con US$ 645.335 y Limones Piuranos SAC con US$ 93.600.",agraria.pe/agronegocios,https://agraria.pe/noticias/exportaciones-peruanas-de-jugo-de-limon-sumaron-us-17-7-mill-23851
2021-03-04,“La agroexportación peruana está en su era 3.0”," Mario Ocharan, director de exportaciones de la Comisión de Promoción del Perú para la Exportación y el Turismo (PromPerú), explica los resultados y perspectivas del sector agroexportador. ¿Cómo ve al sector agroexportador? ¿Llegaremos a los US$ 10.000 millones en el 2021? Las agroexportaciones han tenido un crecimiento sostenido. Es la actividad más importante del sector no tradicional. En el 2019, alcanzamos US$ 7.067 millones en exportaciones agrícolas, un nuevo récord histórico. Para el 2020, estimamos un crecimiento de 8% y para el 2021 de 7%. La agroexportación del Perú atraviesa su era 3.0. En la 1.0 se trabajó con brokers y representantes internacionales. En la 2.0, las empresas se hicieron más sólidas y empezaron a realizar envíos directos. En esta tercera generación, las empresas se instalan en los mercados de destino e incluso compran terrenos en otros países para expandir su oferta. Esto contribuye al crecimiento de las exportaciones y, sobre todo, a fortalecer la imagen del país. A este desarrollo, se suman dos tendencias. Por un lado, la instalación de centros de distribución en los principales mercados del mundo, enfocados principalmente en productos frescos. Y el desarrollo del e-commerce, que permitirá que las empresas peruanas puedan abastecer al mercado con sus productos. No creo que alcancemos la meta de exportar US$ 10.000 millones en el 2021, pero estaremos cerca y marcando récords todos los años. ¿Qué se puede decir del uso de la tecnología en el sector? Queremos pasar de los temas offline a los online. La tecnología se impone en este sector. Vemos el desarrollo científico, en temas de genética, empaques y distribución, todo esto bajo una filosofía de sostenibilidad. Estamos desarrollando mejoras en la distribución y el empaque, además de la inteligencia comercial, para el monitoreo de precios, canales y vigilancia sanitaria. Creo que el Perú está en el Top 10 respecto de estas innovaciones y eso nos puede llevar a crecer fuertemente. ¿Qué productos están destacando? Las uvas han tenido éxito en el mercado norteamericano y en Asia. Gracias a esto, hemos sumado US$ 875 millones en el 2019. El arándano es otro producto que ha sorprendido. Hace años no llegábamos a ni a cien mil dólares y ahora alcanzamos US$ 825 millones, es un salto cuántico. Otros productos también alcanzaron buenas sumas exportadas: las paltas frescas, US$ 752 millones; los espárragos frescos, US$ 400 millones; y los mangos frescos, US$ 372 millones. Estos cinco productos concentraron el 50% de las exportaciones del sector no tradicional. ¿Cuáles son los principales mercados para nuestros productos? Estados Unidos se mantiene como el principal destino, con US$ 2.300 millones, seguido por los Países Bajos, con US$ 1.030 millones. España es un caso particular, pues redujimos nuestros envíos de US$ 1.000 millones a US$ 400 millones, pero nos especializamos en productos más sofisticados. El Reino Unido es otro mercado importante. En este mercado, gracias al mayor enfoque en temas comerciales y promoción de imagen, hemos logrado exportar US$ 313 millones. Respecto al destino de los productos industrializados, resalta Latinoamérica, principalmente Ecuador, país al que enviamos productos de consumo masivo para el canal moderno. Estos cinco destinos concentran el 70% de los envíos peruanos. Ante esa concentración, surgen mercados como China, que está creciendo fuertemente. En el 2019, al país asiático enviamos US$ 172 millones en productos, 25% más que en el 2018, convirtiéndose en el octavo destino más importante. Colombia es otro país que también sorprendió, pues las exportaciones peruanas a este mercado se incrementaron en 27% y sumaron US$ 160 millones. Finalmente, nuestros productos tuvieron buenos resultados en Canadá, donde sumaron US$ 129 millones. Este es un mercado muy difícil, pero llegamos como resultado de la promoción de las superfoods, pues es un mercado con una fuerte tendencia hacia la alimentación saludable. ¿Qué otros mercados se pueden identificar? México es un socio importante de la Alianza del Pacífico, que sumó US$ 106 millones en el 2019, un crecimiento de 20% respecto del 2018. Otros mercados nuevos se identifican en África: Gabón, Congo, Camerún y Guinea. Son países donde estamos explorando ciertos productos, tanto frescos como masivos. Actualmente están en crecimiento, por lo que los tenemos monitoreados para ver qué acciones se pueden realizar en el mediano plazo. ¿Qué expectativas hay para el 2021? Los arándanos frescos son los productos con mayor expectativa de crecimiento, gracias a las grandes inversiones que se están dando y al manejo tecnológico, no solo en el transporte, sino a nivel de variedades y en la logística. Esto permitirá que sus exportaciones puedan llegar a los US$ 1.000 millones y que el Perú sea el principal proveedor global. Fuente: Fresh Fruit",agraria.pe/agronegocios,https://agraria.pe/noticias/la-agroexportacion-peruana-esta-en-su-era-3-0-23821
2021-03-03,Perú estaría perdiendo terreno frente a Bolivia en la exportación de quinua orgánica," Aunque el Perú logró colocarse, una vez más, como el principal exportador y productor mundial de quinua en 2020, según el Ministerio de Desarrollo Agrario y Riego (Midagri), en quinua orgánica otra es la historia. Augusto Zaa Ravelo, gerente general de GlobeNatural, afirma que nuestro país estaría perdiendo terreno frente a Bolivia, principal y único competidor, pese a que se tienen mejores condiciones logísticas y manufactura. “Este súper alimento solo representa el 30% de las exportaciones de quinua en general; mientras que en el vecino país tiene un peso del 80%. Nos hemos descuidado mucho”, enfatiza. Sostiene que el foco y el futuro es la quinua orgánica, ya que existe el riesgo de que la quinua convencional se convierta en un commodity ante la mayor competencia, considerando que ahora Francia, España y Estados Unidos también la producen y en grandes cantidades. Cabe precisar que los envíos del llamado “grano de oro”, sobre la base de data de Sunat, aumentaron en 3,6% de enero a noviembre de 2020, con un total de 46.100 toneladas; sin embargo, a nivel de precio cayeron 7,6%, alcanzando los US$ 113,3 millones. El ejecutivo sostiene que este crecimiento no sería proporcional a la demanda actual, debido a la presencia de más jugadores que también habrían afectado los precios, junto a las consecuencias de la pandemia con el cierre y menores pedidos del canal horeca. Falta de apoyo Ante este panorama, insiste en la importancia de impulsar más la quinua orgánica (segmento que es liderado por GlobeNatural en cuanto a cifras de exportación) porque es también un producto sustentable para las comunidades alto andinas del sur y la sierra central, donde se concentra la producción. No obstante, adelanta que la falta de apoyo, asesoría y monitoreo a estos productores, cooperativas y minifundios, ha generado que pierdan parte de la siembra de este cultivo. “Para este año se prevé que la cosecha se reducirá en 35%, debido a las lluvias, granizadas y heladas que ha generado que los cultivos se quemen”, detalla. Zaa Ravelo afirma que estas consecuencias se pudieron haber mitigado, si es que las comunidades hubieran tenido un monitoreo climático. “Probablemente la productividad no sería la misma, pero el daño tampoco sería tanto. Hay agricultores que han perdido todo su cultivo”, dice. Acota que es necesario trabajar de manera articulada con el Gobierno y la empresa privada a fin de avanzar de la mano con el campo. “Desde la compañía, por ejemplo, ya lo venimos haciendo, enfocándonos en la asesoría de cultivos, fertilización orgánica de alto rendimiento, en hacer monitoreo climático y visitando continuamente a las comunidades de la sierra central y sierra sur”, comenta. Adicionalmente plantea la necesidad de tener un gremio, exclusivamente, de empresas de quinua, ya que esta es la estrella de los productos superfoods. “La pandemia ha impulsado aún más el consumo de alimentos saludables y, dentro de ellos, los productos orgánicos tienen un gran potencial de crecimiento”, informa. Asimismo, agrega que, por sus características (al no contener pesticidas y ser más naturales, entre otros) son mejor cotizados en el mercado internacional. De acuerdo con reportes del Midagri, las regiones de mayor producción de quinua son Puno (44%), Ayacucho (17,6%), Apurímac (12,6%), Arequipa (9,4%), Cusco (4,7%), Junín (3,9%), Huancavelica (2,5%), La Libertad (1,7%) y Cajamarca (1,3%). Existen alrededor de 65.280 hectáreas de cultivos de quinua, en las que se producen alrededor de 90.000 toneladas métricas, de las cuales el 30% corresponde a la variedad orgánica, aproximadamente. Fuente: elcomercio.pe",agraria.pe/agronegocios,https://agraria.pe/noticias/peru-estaria-perdiendo-terreno-frente-a-bolivia-en-la-export-23814
2021-03-02,ComexPerú apuesta por una mayor integración comercial con China con foco en agroexportaciones," En 2020, las exportaciones de Perú a China alcanzaron los US$ 11.134 millones, lo que reflejó una caída del 18% respecto de 2019, informó la Sociedad de Comercio Exterior del Perú (ComexPerú), quien dijo que, pese al escenario de baja en las exportaciones, China se sigue posicionando como el principal socio comercial de Perú. El gremio realizó un análisis de la estructura de la canasta exportadora del país, donde observó que los envíos agrícolas constituyeron solo el 0.01% de los envíos totales, por US$ 1.318 millones. Indicaron que los productos agrícolas no tradicionales reflejan una oportunidad de mejora para las agroexportaciones a China. Detallaron que, si se analiza el escenario de exportaciones no tradicionales agropecuarias a este país desde el establecimiento del TLC con Perú, se observa que sus beneficios han sido significativos. En esa línea, destacaron que, a finales de 2010, las exportaciones no tradicionales agropecuarias sumaban US$ 33.5 millones. Mientras que, en 2020, fueron de US$ 197.4 millones. “La variación total ha sido de +490%, lo que evidencia los positivos resultados alcanzados a partir de la firma del tratado”, indicó el organismo. Señalaron que entre los envíos no tradicionales del sector agropecuario con mayor valor de exportación en 2020 estuvieron los arándanos, con US$ 71.7 millones y un crecimiento de 1.8% respecto de 2019. Le siguieron las uvas, con US$ 37.5 millones y una caída del 14.8%, las paltas (aguacates), con US$ 26.2 millones, un aumento del 1.9%. Otros productos de la categoría son las algas, con un valor exportado de US$ 19 millones (-9.5%), y la tara en polvo, con US$ 19 millones (+59.2%). De acuerdo con ComexPerú, lo anterior demuestra que las agroexportaciones no tradicionales, pese a las limitaciones de la pandemia, han mantenido sus envíos al país asiático. Nivel departamental La entidad también hizo un análisis de cómo ha sido el comportamiento por departamento en el país. Fueron siete los departamentos que en 2020 superaron los US$ 10 millones en valor de exportaciones no tradicionales al país asiático. En el primer lugar se tiene a Piura, con ventas por US$ 106.2 millones; luego está Lima, con US$ 94 millones; Ica, con US$ 71.6 millones; La libertad, con US$ 49.2 millones; Arequipa, con US$ 34.6 millones; Lambayeque, con US$ 24 millones y, finalmente, Callao, con US$ 19.2 millones. ComexPerú resaltó que tanto Lima como Ica lograron incrementar sus envíos con respecto al 2019, con Lima un 9.7% e Ica un 6.7%. Además, en Ica el 34% de sus exportaciones no tradicionales a China en 2020 fueron de uvas, por US$ 24.3 millones. Cerraron su análisis indicando que, pese a los problemas generados por la pandemia, las exportaciones al mercado chino siguen representando una de las principales fuentes de ingresos de Perú. “El TLC firmado con China ha permitido una mayor integración comercial con este país, así como mejorar nuestra competitividad frente a otros países exportadores. Repotenciar el tratado permitiría mejorar los términos de intercambio, con énfasis en los productos no tradicionales agropecuarios, a fin de que nuestro país pueda expandir la variedad de productos a este mercado tan atractivo”, remarcaron. Lo anterior en el marco de que las exportaciones no tradicionales demostraron su poca afectación por la contracción global de la demanda. Fuente: Portal Frutícola",agraria.pe/agronegocios,https://agraria.pe/noticias/comexperu-apuesta-por-una-mayor-integracion-comercial-con-ch-23798
2021-03-01,"Midagri difunde mecanismos de financiamiento, garantías y seguros para impulsar el agro nacional"," El Ministerio de Desarrollo Agrario y Riego (Midagri) a través de la Dirección General Agrícola (DGA) y la Dirección de Financiamiento y Seguro Agrario (DIFESA), presentará y fortalecerá la difusión respecto a los mecanismos de financiamiento agrario para impulsar el desarrollo sostenible y competitivo de la actividad agraria en las regiones de La Libertad, Huancavelica y Cusco. La conferencia se realizará de manera virtual, considerando la actual situación sanitaria a consecuencia de la pandemia. Como se sabe, el Midagri tiene mecanismos de financiamiento directo como el Fondo AgroPerú dirigido a pequeños productores agrarios organizados que se dedican a las actividades agrícolas (de cultivos transitorios y permanentes hasta 5 Ha), actividades pecuarias (cuya producción anual no supera las 12 UIT) y actividades forestales (teniendo instalado o por instalar hasta 10 ha), asimismo otorga financiamiento a organizaciones cuyos socios y miembros son pequeños productores agrarios. También se tiene el FAE Agro, uno de los importantes mecanismos que otorga garantías del gobierno nacional a las líneas de crédito revolventes que otorgan las ESF y COOPAC participantes de las subastas que convoca Cofide, permite beneficiar ahora a los pequeños productores agropecuarios de la Agricultura Familiar a tasas de interés competitivas, quienes además, podrán acreditar su condición de pequeños productores agropecuarios con solo la presentación de una Declaración Jurada ante las empresas del sistema financiero y cooperativas de ahorro y crédito. Se trata, efectivamente, de un renovado mecanismo de garantías del Gobierno Nacional, que permite simplificar los procesos administrativos, contribuyendo a lograr mayores colocaciones, más ahora que la vigencia de este mecanismo se ha ampliado hasta junio del presente año, y líneas de crédito revolventes, que permiten contar con la garantía del Gobierno Nacional hasta junio del 2022. Estos y otros cambios importantes serán explicados al detalle en las charlas virtuales que se ofrecerá a las mencionadas regiones. La Libertad La Conferencia virtual estará dirigida a los representantes de la Mancomunidad del Valle de Jequetepeque y de la Junta de Chao y La Libertad. Se realizará el 01 de marzo, de 03:00 pm a 05:30 pm. Huancavelica y Cusco Los beneficiarios, en el caso de Huancavelica, serán los representantes del CGRA y de las Organizaciones Agrarias de esta Región el día martes 02 de marzo a las 03:00 pm hasta 04:00 pm; mientras que, en Cusco, la charla virtual estará dirigida a los representantes de los gremios regionales el martes 02 de marzo a partir de las 10:00 am hasta 11:00 am. Datos . Fondo AgroPerú Sobre el Programa de Financiamiento Directo para Campaña Agrícola: al 22/02/2021, se han aprobado 18.554 créditos en 727 Organizaciones para 32.590 ha por un total de S/ 190.52 millones, habiéndose desembolsado a la fecha S/ 141.05 millones. Sobre el Programa de Financiamiento Directo para Cadenas Ganaderas: al 22/02/2021, se han aprobado 2.427créditos en 160 Organizaciones para 264.643 cabezas por un total de S/ 28.85 millones, habiéndose desembolsado a la fecha S/ 23.02 millones. . FAE Agro A la fecha, se han realizado cuatro subastas del FAE-Agro por S/ 101.629.000 (Primera subasta S/ 20.000.000; Segunda subasta de S/ 20.915.000; Tercera Subasta de S/ 6.500.000; Cuarta subasta de S/ 54.214.000). Al 19/02/2021 se han atendido aproximadamente 4.934 pequeños agricultores agropecuarios, por un monto total de S/ 37.2 millones, los cuales han sido otorgados por las IFI’s y las COOPAC’s. . Seguro Agrícola Catastrófico (SAC) Mediante RM N°174-2020-Minagri se implementa el SAC a nivel nacional para la campaña agrícola 2020-2021, financiado íntegramente por el Estado con recursos del Fogasa, considerando desde la campaña 2019 – 2020 a Áncash. Asegurar una hectárea en Áncash le cuesta al Estado S/ 11.70 en esta campaña, pero, de ocurrir un siniestro que cause pérdidas al cultivo en el Sector estadístico asegurado, la compañía de seguros La Positiva Seguros debe pagar S/ 650 por hectárea. . Seguro Agropecuario (agrícola tradicional y pecuario) Mediante la R.M. N°120-2020-Minagri, se implementó a partir de 2020 el Seguro Agropecuario, que es ofrecido, a nivel nacional, a través de entidades financieras para aquellos productores agropecuarios (agrícolas y pecuarios) que orientan su producción con fines comerciales. Se cuenta con S/ 10 millones, con los que se espera dar cobertura mínima de 25.000 hectáreas a nivel nacional, beneficiando aproximadamente a 6.500 pequeños agricultores. Al respecto, mediante Resolución Ministerial N°198-2020-Minagri se han aprobado 3 modelos de pólizas de seguro agrícola (de rendimiento, de daño directo y de plantaciones), y ya se cuenta con la póliza para la actividad pecuaria, próxima a ser aprobada por Resolución Ministerial.",agraria.pe/agronegocios,https://agraria.pe/noticias/midagri-difunde-mecanismos-de-financiamiento-garantias-y-seg-23790
2021-03-01,Exportaciones de uva de mesa de Piura crecieron 23.1% en la campaña 2020/2021," El Servicio Nacional de Sanidad Agraria de Perú (Senasa) certificó 177.622 toneladas de uva en la región Piura durante la Campaña de Exportación que se extendió entre septiembre de 2020 y enero de 2021. Dicho volumen fue un 23.1% más respecto de la temporada previa (2019-2020) que sumó 144.271 toneladas. Son tres los factores que explican este buen desempeño: el aumento de lugares de producción, el buen manejo fitosanitario del cultivo y el esfuerzo articulado con los productores para controlar y erradicar la mosca de la fruta en diversas zonas de la región, señaló el Senasa. Lo anterior se reflejó en que, la última temporada, la entidad certificó 108 predios de producción de uva distribuidos en 7.385 hectáreas y habilitó 19 plantas de procesamiento primario ubicadas en la región. Las áreas de mayor producción se ubican en el Medio Piura, sector que ha tenido mayores oportunidades económicas pese a la pandemia. Las variedades más exportadas fueron Red Globe y Crimson Seedless y, en total, se dirigieron a 53 países siendo Estados Unidos el principal importador con 59.843 toneladas. Fuente: Redagrícola",agraria.pe/agronegocios,https://agraria.pe/noticias/exportaciones-de-uva-de-mesa-de-piura-crecieron-23-1-en-la-c-23789
2021-02-25,Catálogo Virtual del Midagri expone actualmente 580 productos agrarios provenientes de 243 pequeños productores de 23 regiones del país," El Ministerio de Desarrollo Agrario y Riego (Midagri) destacó que el Catálogo Virtual, su herramienta digital de articulación comercial, expone actualmente 580 productos agrarios provenientes de la cosecha de 243 pequeños productores de 23 regiones del país. Desde su lanzamiento, en julio del año pasado, el Catálogo Virtual del Midagri ha recibido 1.215 consultas de potenciales compradores interesados en adquirir algún producto del catálogo, incluso se ha identificado visitas a la plataforma desde países como Estados Unidos, España, México, entre otros. Las regiones con mayor número de productores registrados son: Lima, Cusco, Pasco y Arequipa; y los productos que reciben más consultas son: miel de abeja, palta, aguaymanto, durazno y otras frutas, dependiendo de la temporada. El catálogo también es una herramienta que ayuda a mantener la distancia social en la actual emergencia sanitaria, es decir, reduce el contacto físico en los tratos comerciales y facilita a productores agrícolas, pecuarios y forestales recibir ofertas de empresas, restaurantes, tiendas minoristas, tiendas especializadas e incluso hogares interesados en adquirir sus productos. Sin intermediarios Se trata de una plataforma digital que permite establecer un canal corto dentro de la cadena agroalimentaria para acceder a la oferta nacional agraria, acercando al productor con el comprador o consumidor. Ello, con el fin de acortar la cadena comercial, evitando intermediarios y asegurando el pago de precios más justos para los productores agrarios. Agrobiodiversidad Por otro lado, la plataforma promueve el reconocimiento de la agrobiodiversidad nacional y del origen de los productos agrícolas, pecuarios y forestales que se producen y consumen en todo el territorio peruano y empoderar al productor agrario en el uso de nuevas tecnologías. Además, se proyecta como una plataforma digital de productos agrarios, de referencia, con trascendencia a nivel local, nacional e internacional. Para poder contactar a un productor es necesario ingresar a través del teléfono o computadora a este link y crear una cuenta de usuario brindando datos como el RUC o DNI, nombre, correo electrónico y teléfono personal. La plataforma cuenta con un buscador optimizado para encontrar productos dentro de las 14 categorías con las que cuenta el catálogo actualmente, como café y cacao, cárnicos, frutas y verduras, tuberosas, granos, productos procesados, lácteos, bebidas artesanales y muchos más. El usuario tendrá también la opción “ver detalles del producto” que incluye el precio referencial, presentación, peso, pedido mínimo, disponibilidad, puntos de venta, reseña del producto y del productor. Asimismo, podrá “contactar al productor” escribiendo un mensaje, confirmar la compra o realizar alguna consulta para absolver dudas. De esta manera, el productor y el potencial comprador podrán comunicarse ya sea por WhatsApp o correo electrónico para culminar el proceso de venta. Fuente: andina.pe",agraria.pe/agronegocios,https://agraria.pe/noticias/catalogo-virtual-del-midagri-expone-actualmente-580-producto-23769
2021-02-25,Perú podrá importar granos de maní de la India," A través de la Resolución Directoral N° 0003-2021-Midagri-Senasa-DSV, se establecieron los requisitos fitosanitarios de cumplimiento obligatorio para la importación de granos de maní (Arachis hypogaea) de origen y procedencia de la República de la India. El envío deberá contar con el permiso fitosanitario de importación emitido por el Servicio Nacional de Sanidad Agraria (Senasa), obtenido por el importador o interesado, previo a la certificación y embarque en el país de origen. Deberá además estar acompañado de un certificado fitosanitario oficial del país de origen en el que se consigne que el producto esté libre de Callosobruchus chinensis, Caryedon serratus, Trogoderma granarium, Oryzaephilus mercator, Latheticus oryzae y Corcyra cephalonica. El tratamiento de preembarque con: Bromuro de Metilo (utilizar una de las siguientes dosis: 40 gr/m3/12 h/T° mayor o igual a 32°C; 56 gr/m3/12 h/T° de 27°C a 31°C; 92 gr/m3/12 h/T° de 21°C a 26°C; 96 gr/m3/12 h/T° de 16°C a 20°C; 120 gr/m3/12 h/T° de 10°C a 15°C; 144 gr/m3/12 h/T° de 4°C a 9°C; 80 gr/ m3/ 48 h/ T° a 21°C); o Fosfamina (utilizar una de las siguientes dosis: 3 gr/m³/72h/T° de 16°C a 20°C; 2 gr/m³/96h/T° mayor o igual a 21°C; 2 gr/m³/120h/T° de 16°C a 20 °C; 2 gr/m³/144h/T° de 11°C a 15°C; 2 gr/m³/240h/T° de 5°C a 10°C). Asimismo, los envases deberán ser nuevos y de primer uso, resistentes al manipuleo, libres de cualquier material extraño al producto autorizado, debidamente rotulados con el nombre del producto y país de origen. Los envíos transportados en contenedores estarán acondicionados en pallets. Los contenedores deberán estar limpios y precintados, colocando el número de los precintos en el certificado fitosanitario. Además, serán sometidos a una inspección fitosanitaria en el punto de ingreso al país.",agraria.pe/agronegocios,https://agraria.pe/noticias/peru-podra-importar-granos-de-mani-de-la-india-23760
2021-02-24,"Perú exportará 138 mil toneladas de espárragos este año, 16% más que en 2020"," Se prevé que en 2021 la cosecha de espárragos peruanos alcance 370.000 toneladas, 5% más que en 2020 cuando la producción cayó 4% debido a la escasez de mano de obra durante la temporada de recolección, como resultado del estricto confinamiento nacional impuesto por el Gobierno peruano. En 2019 se cosecharon 367.000 toneladas. Así lo estimó el Departamento de Agricultura de Estados Unidos (USDA), quien señaló que la superficie cosechada de espárragos en 2020 alcanzó las 32.000 hectáreas y el rendimiento medio fue de aproximadamente 14 t/ha, mientras que los productores más eficientes llegaron a producir hasta 20 t/ha. La mayor parte del espárrago peruano proviene de la misma variedad de semilla, la UC157, F1. Aproximadamente el 40% de la cosecha de espárragos en Perú se lleva a cabo entre septiembre y diciembre. Las suaves temperaturas y las escasas precipitaciones hacen de la región costera un entorno ideal para el cultivo de espárragos. El clima seco evita que los espárragos entren en una etapa inactiva, lo que convierte al Perú en uno de los pocos países del mundo donde se cosechan espárragos de alta calidad durante todo el año. Las regiones de Ica y La Libertad son las principales áreas de cultivo. Exportación Perú tiene dos mercados diferentes con los espárragos verdes y los blancos. Los primeros representan el 80% de la producción total, se envasan frescos en cajas de 5 kg o se congelan para su exportación a Estados Unidos. Por su parte, los espárragos blancos se envasan en latas o en tarros y luego se exportan a Europa. El espárrago fresco peruano se exporta principalmente a Estados Unidos (adquiere el 75% del total volumen), seguido de España 6%, Reino Unido 6%, Países Bajos 6%, Canadá 2%, Bélgica 1%, otros 4%. Se espera que las exportaciones de espárragos peruanos este año alcancen las 138.000 toneladas, lo que representaría un aumento de 16% frente al 2020. Fuente: Fresh Plaza",agraria.pe/agronegocios,https://agraria.pe/noticias/peru-exportara-138-mil-toneladas-de-esparragos-este-ano-16-m-23751
2021-02-23,Los nuevos abanderados de las agroexportaciones peruanas," Las exportaciones agrarias han marcado el desarrollo del comercio exterior peruano y se han convertido en el sector con la mayor expansión en los últimos años. Pese a los efectos de la pandemia, estos envíos han mantenido su tendencia creciente y, dentro de ellos, los superfoods (superalimentos) están destinados a convertirse en los favoritos de los más exigentes mercados internacionales. Los superfoods son productos que contienen componentes nutricionales más altos que el promedio de productos alimenticios y los podemos encontrar tanto en el sector agroexportador como en el sector pesquero. Consciente de este desarrollo, la Comisión de Promoción del Perú para la Exportación y el Turismo (PromPerú) elaboró una estrategia que pretende mostrar al país como uno de los principales productores de superfoods en el mundo. “La estrategia tiene varios objetivos. El primero es posicionar al país como un proveedor de alta calidad en los principales canales de compra y distribución globales, tanto en el mercado estadounidense, como el europeo, y el asiático. En segundo lugar, dar visibilidad a las pequeñas y medianas empresas (mype) que cuentan con productos de altísima calidad en el ámbito de los estándares globales y que, en términos nutricionales, tienen las puertas abiertas para hacer negocios a la luz de los acuerdos comerciales que el Perú tiene”, afirmó el director de Promoción de las Exportaciones de Promperú, Mario Ocharán. Otro objetivo, agregó, es el fortalecimiento de la oferta exportable, es decir, el desarrollo de un proceso de benchmarking en todo el país para que las empresas que quieran incursionar en negocios internacionales del sector alimentario tengan en los superalimentos una meta por alcanzar. Para ello deberán cumplir con condiciones de calidad, gestión empresarial, bioseguridad, sostenibilidad, responsabilidad social empresarial y responsabilidad socioambiental. Empresas beneficiadas El sector de superfoods, específicamente, cuenta con aproximadamente 2.100 empresas exportadoras de las cuales el 92% son micro, pequeñas y medianas empresas (mipyme). “Estas empresas concentran alrededor del 30% de las exportaciones de los superfoods al mundo. Estas exportadoras generaron ventas por US$ 1.230 millones en el 2020, lo que significó un crecimiento de 2% con respecto a lo exportado el año anterior”, precisó Ocharán. Agregó que estas cifras son sumamente importantes, pues muestran un número positivo en un año en el que se tuvo todas las variables en contra. “Hay que destacar que las micro, pequeñas y medianas empresas de superfoods exportan principalmente uvas frescas. Estos envíos aumentaron 20%, mientras que las exportaciones de arándanos frescos lo hicieron en 24%; las de paltas frescas en 1%; los envíos de mangos frescos registraron un crecimiento de 12%; los de mandarinas en su variedad Wilkins, muy solicitada en los mercados europeos y estadounidense, mostraron un incremento de 40%”, detalló el funcionario. Cuestiones climáticas Un aspecto fundamental en el desarrollo de estos envíos es la denominada contraestacionalidad climática, que le permite al Perú contar con las condiciones climáticas para producir alimentos que serán exportados a los mercados más exigentes del otro lado del mundo. “Mientras en estos momentos el hemisferio norte, que es el principal consumidor ese tipo de productos, se encuentra en pleno invierno, en el Perú estamos en verano, clima propicio para nuestros principales superfoods, especialmente las frutas frescas y las hortalizas”, comentó Ocharán. Agregó que esa contraestación le permite a nuestros exportadores, por ejemplo, atender las exigencias del mercado chino, principal consumidor de uva, en fechas festivas como el reciente Año Nuevo Chino. Otro tema importante son las propiedades nutricionales de los superalimentos. “Debido a la tendencia de consumo saludable generado por la expansión del covid-19, la demanda de este tipo de productos ha crecido sustancialmente, no para curar sino para fortalecer el sistema inmunológico, lo cual está científicamente comprobado”, refirió. El director de Promoción de las Exportaciones de Promperú resaltó el caso del jengibre, cuya explosión comercial ha sido formidable, con un crecimiento en sus exportaciones de 160% en 2020 al alcanzar los US$ 106 millones. “Tenemos las uvas frescas, que también son percibidas como un superalimento, con las que hemos logrado envíos por US$ 1.057 millones, lo que significó un crecimiento de 2% en el 2020 con relación al año anterior”, aseveró. Otro grupo importante de superfoods son los berries, entre los que destacan las cerezas, las fresas y los arándanos. Estos últimos superaron la barrera de los US$ 1.000 millones con un crecimiento de 24%. “Otras frutas que son muy consumidas y que fortalecen el sistema inmunológico son el mango, las mandarinas, los cítricos en general, el pimiento piquillo, los ajos frescos, el cacao en polvo y la famosa maca, cuyos envíos están obteniendo crecimientos en promedio por encima del 35%”, refirió. Perspectivas El funcionario manifestó que, ante el inicio de los procesos de vacunación en casi todos los países del mundo, los mercados se están estabilizando, no solo por la movilización de las personas en sus países, sino también en el exterior. “Con esto esperamos que la normalidad ya se registre a finales de este año y todo se vuelva mucho más estable”, comentó. Agregó que el portafolio de los superalimentos se posicionará como el motor de las exportaciones no minero-energéticas. “Si sacamos a la minería y a la energía, compuesto principalmente por el petróleo y sus derivados, la línea de productos de superalimentos es la que abarcará más nuestras exportaciones este 2021 y la línea de frutas frescas será la de mejor posicionamiento”, precisó Ocharán. Se espera que esa tendencia se mantenga este año, con una proyección conservadora de un crecimiento de 14% en el primer semestre de 2021, si se toma en cuenta que en este período se realizan los mayores envíos de frutas al exterior, principalmente al mercado asiático, al norteamericano y al europeo. “Si hacemos una proyección anual, el crecimiento para este 2021 sería del 16%. Es importante reafirmar que estas son cifras conservadoras. Además, la canasta alimentaria peruana tiene dentro de los top ten globales a 20 productos”, puntualizó. Campaña digital El director de Promoción de las Exportaciones de Promperú sostuvo que recientemente se cerró una campaña publicitaria de superfoods en las principales vías de Shanghái y Beijing (China), mediante plataformas digitales. “El total de vistas que hemos tenido es de aproximadamente 50 millones de chinos que han visto la fortaleza que tiene el Perú en este sector. Además, hemos instalado en esos mercados estands para que la gente pruebe, vea y observe nuestros productos, y se logró que 2.8 millones de visitantes chinos y extranjeros se familiaricen con nuestros superalimentos”, refirió Ocharán. Fuente: El Peruano",agraria.pe/agronegocios,https://agraria.pe/noticias/los-nuevos-abanderados-de-las-agroexportaciones-peruanas-23744
2021-02-23,Palta se consolida como el principal producto de agroexportación de Cusco," Pequeños productores del valle de Limatambo, ubicado en la provincia de Anta, región Cusco, son los principales beneficiados de la exportación de 232.32 toneladas de palta Hass a Europa, Asia y Reino Unido durante la campaña 2020-2021, informó el Servicio Nacional de Sanidad Agraria (Senasa). “Pese a las limitaciones por el estado de emergencia, el Senasa continúa certificando lugares de producción de palta e inspeccionando envíos de este producto. En lo que va del 2021, ha inspeccionado un total de 30 predios, con la finalidad de verificar el cumplimiento de los requisitos fitosanitarios exigidos por los mercados importadores”, informó Pedro Castro, jefe del área de Sanidad Vegetal del Senasa Cusco. Para certificar los lugares de producción de palta Hass, el especialista explicó que se realiza la inspección de predios en producción. ""Se comprueba que el producto esté libre de plagas cuarentenarias que podrían limitar su acceso a los importadores"", detalló Castro. “Esta actividad garantiza que los productos vegetales cumplan con la normativa internacional y los requisitos fitosanitarios exigidos por los países importadores como son China, Corea, Japón, Países Bajos, España y Reino Unido”, manifestó. El principal lugar de producción de palta Hass se encuentra en Limatambo con 15 sectores y 82 socios, que forman parte de la Cooperativa de Productores Frutícolas de Palto, quienes destinan el 70 % de su producción al mercado externo y el 30 % al mercado nacional y local. La producción de palta en el valle de Limatambo ha experimentado resultados muy favorables para el desarrollo de la agricultura familiar. En el 2017 la campaña cerró con 777 toneladas enviadas al extranjero y el 2018, la cifra ascendió a 1.258 toneladas. Los agroexportadores peruanos estiman que este año los envíos de palta al exterior sumarán un total de US$ 1.102 millones, y se convertirá en la segunda fruta peruana después del arándano con mayor demanda en el mercado internacional. Fuente: Andina",agraria.pe/agronegocios,https://agraria.pe/noticias/palta-se-consolida-como-el-principal-producto-de-agroexporta-23740
2021-02-22,Se esperan mayores volúmenes de paltas orgánicas de Perú," La cosecha de paltas en la costa norte de Perú comienza en marzo y se extiende hasta mediados de junio. Para la empresa Inkawald, la producción de palta Hass es sobre todo orgánica. “El 70% de nuestras paltas Hass son orgánicas, lo que equivale a unas 480 toneladas este año. El otro 30% es convencional, con certificaciones GlobalGAP y Smeta”, dice Gino Neira. Indicó que la temporada de este año está arrancando algo más tarde de lo habitual y con rendimientos más bajos, aunque se espera que, en general, los volúmenes aumenten. “Comenzaremos con una semana de retraso esta temporada debido a factores meteorológicos. Estos mismos factores también han tenido un impacto en los rendimientos de este año, y el rendimiento general por hectárea es menor que en años anteriores. Ha sido un año seco. No hemos registrado mucha lluvia en las montañas esta temporada y la costa, donde cultivamos, es un desierto, por lo que dependemos de la lluvia de las montañas para nuestro suministro de agua”, dice Gino. A pesar de los menores rendimientos por hectárea esta temporada, se prevé que el volumen total aumente. “El sector se ha enfocado en la ampliación de las plantaciones, y muchas de las nuevas plantaciones entrarán en producción este año, por lo que los volúmenes totales serán más altos que el año pasado. Esta tendencia no es nueva. Los volúmenes han ido aumentando año tras año. Según estimaciones, el volumen del aguacate peruano creció un 25% en 2020 en comparación con 2019”, dice Iván Neira, hermano y socio de Gino. Creciente popularidad del aguacate orgánico Al igual que las paltas convencionales, las paltas orgánicas han experimentado un buen crecimiento en la demanda en la última década. Iván explica que “la popularidad de la palta orgánica no solo se ha observado en Estados Unidos, sino también en Europa y Asia. La creciente demanda del fruto no solo se deriva de su sabor, sino también de su condición de rica fuente natural de una gran variedad de componentes beneficiosos para la salud, que es precisamente lo que buscan los consumidores modernos; en especial hoy en día, dadas las preocupaciones en torno a la salud debido a la pandemia"". En general, la pandemia ha tenido un efecto positivo en la demanda de frutas orgánicas, dice Gino. “Aunque las medidas de confinamiento adoptadas para contener el virus redujeron la demanda de hoteles y restaurantes, se observó crecimiento en la venta al detalle. Dado que la gente come más en casa y compra más en los supermercados, las ventas en el comercio minorista aumentaron. Al estar libres de pesticidas y sustancias químicas, y gracias a sus propiedades nutricionales, las paltas orgánicas registraron un buen aumento de las ventas en dicho canal”, concluye Gino. En junio, la empresa Inkawald comenzará su nueva temporada de jengibre orgánico con aproximadamente 70 contenedores para los mercados europeo y estadounidense. Este año han implementado un nuevo canal de ventas en Stuttgart, Alemania, para aumentar su presencia en Europa y trabajar en la misma zona horaria. Inkawald estará presente en Fruit Logistica en Berlín por tercer año consecutivo este año. “Del 18 al 20 de mayo, estaremos en el pabellón de Import Promotions Desk, manteniendo reuniones exclusivas”, concluye Iván. Fuente: Fresh Plaza",agraria.pe/agronegocios,https://agraria.pe/noticias/se-esperan-mayores-volumenes-de-paltas-organicas-de-peru-23734
2021-02-19,Exportaciones de uva de mesa peruana crecerían en volumen 12% en la campaña 2020/2021," La cosecha de las uvas de mesa tradicionales rojas y verdes en Perú finalizará para la tercera semana de febrero. Las variedades registradas culminarán a fines de febrero, seguidas de la cosecha de uvas ecológicas, que se predice que terminará la primera semana de marzo. Desde el inicio de la presente campaña, hasta la semana 5 (7 de febrero), Perú envió 48 millones de cajas de uvas de mesa, 12 millones de cajas más que en las mismas fechas de la campaña pasada. Con la cosecha de Piura completa, ahora el país prevé un total de 52-54 millones de cajas, 12% más que en la campaña 2019/2020, estimó Vanguard International. Un total de 14 millones de cajas de Red Globe se han envasado hasta la fecha en Perú, un 2% más que el año pasado. Se espera que en las próximas semanas la producción de Red Globe sea limitada. Estas uvas se han enviado a Colombia (675.718 cajas), China (2.163.152 cajas), Estados Unidos (1.042.159 cajas), Indonesia (422.280 cajas), Corea (188.520 cajas) y Taiwán (227.834 cajas). En lo que va de la campaña, se han enviado 16 millones de cajas de uvas verdes sin semillas de Perú, 31% más que la temporada pasada. Las Sweet Globe han crecido 48% con respecto a la temporada pasada, representando un 60% de toda la gama de uvas verdes sin semillas. La variedad verde sin semillas que ha mostrado el mayor descenso con respecto al año pasado ha sido la Sugraone, con 30% menos de envíos. Hasta la fecha se han enviado 12 millones de cajas de uvas rojas sin semillas de Perú, 13% más que en la temporada pasada. Las variedades que más han crecido son Allison Red (141%) y Sweet Celebration (51%). El centro-sur (Ica) ha enviado hasta ahora 14 millones de cajas de uvas de mesa y se predice que enviará aproximadamente otros 12 millones más en febrero y marzo. En total, esta cosecha ha bajado 2%. Fuente: Fresh Plaza",agraria.pe/agronegocios,https://agraria.pe/noticias/exportaciones-de-uva-de-mesa-peruana-crecerian-en-volumen-12-23722
2021-02-19,Midagri propone compras conjuntas de fertilizantes para reducir sus costos," Los pequeños productores de la agricultura familiar de nuestro país se encuentran preocupados por el incremento de precios de los fertilizantes y abonos, de los cuales el 91% son importados. Desde junio del año pasado se aprecia este aumento en los precios de estos productos, lo que originó que en el 2020 la demanda de los fertilizantes de uso comercial en el sector agrícola nacional cayera en 19.1% con relación al 2019. Se espera que este año los fertilizantes sigan aumentando sus precios. El elevado precio se debería al incremento del precio del petróleo y del dólar americano. Hay que recordar que muchos de estos fertilizantes nitrogenados son fabricados con insumos provenientes del petróleo crudo, gas natural o minerales no metálicos. Al respecto, el titular del Ministerio de Desarrollo Agrario y Riego (Midagri), Federico Tenorio, indicó que su cartera busca bajar los costos de estos insumos, y una forma de hacerlo es a través de compras conjuntas, lo que permitirá reducir el valor de dichos productos en un 15% a 20%, y en algunos casos hasta en 30% del costo unitario. “Una compra colectiva y por economía de escala permite negocios a precios menores, para eso queremos crear un programa de financiamiento para compras conjuntas”, sostuvo El ministro indicó que hubo experiencias pasadas, como la de la Junta de Usuarios de Lambayeque, que importó de manera directa urea y el precio disminuyó considerablemente, por lo que propondrán a los pequeños productores organizados ese tipo de prácticas. Además, dijo que su cartera, a través del Programa de Desarrollo Productivo Agrario Rural (AgroRural), promoverá una mayor comercialización de guano de isla, por lo que espera que se comercialicen 25 mil toneladas este año. Recordó que este producto se vende a precio social entre S/ 45 y S/ 50 el saco y que el Midagri tiene un convenio con los Servicios Industriales de la Marina (SIMA) para que destine barcos de mayores tonelajes para sacar el guano de las islas. Pastos cultivados El titular del Midagri, dijo que la ganadería también ha visto incrementar sus costos, debido al mayor precio del maíz y la soya (alimento de ganado) como consecuencia de la fuerte sequía registrada en Estados Unidos, que generó una menor producción y que el precio se eleve. Otro factor que elevó el precio de estos productos fue la mayor demanda de China, debido a la reactivación de su producción porcícola. China es el mayor productor de carne de cerdo del mundo, sin embargo, la presencia de la peste porcina africana en años anteriores en su territorio hizo que su población de cerdo mermara de manera importante; sin embargo, ha comenzado a comprar bastante maíz y soya. En ese sentido, la Dirección General de Ganadería del Midagri ha comenzado a trabajar con los ganaderos lecheros, con el propósito de ampliar la base de forraje. Se busca impulsar las siembras de pastos como alimentación complementaria alternativa para la ganadería. Agregó que a través de AgroRural se propiciará la siembra de pastos cultivados; y a través del Programa de Compensaciones para la Competitividad (Agroideas) se implementarán planes de negocios.",agraria.pe/agronegocios,https://agraria.pe/noticias/midagri-propone-compras-conjuntas-de-fertilizantes-para-redu-23713
2021-02-17,Antes de la nueva ley agraria se proyectaba instalar  53.300 hectáreas de cultivos de agroexportación en campos ya existentes," La agricultura moderna exige ser muy intensivo en capital. Se requiere en promedio US$ 90.000 por hectárea para habilitar alguno de los cuatro principales cultivos de agroexportación (palta US$ 67.300 por hectárea, uva US$ 106.500 por hectárea, arándanos US$ 119.000 por hectárea y espárragos US$ 64.500 por hectárea), señaló el ex presidente de la Sociedad de Comercio Exterior del Perú (ComexPerú) y director de la Asociación de Gremios Productores Agrarios del Perú (AGAP), Alfonso Bustamante Canny. Agregó que el capital de trabajo tampoco es menor, ya que en promedio asciende a US$ 37.000 por hectárea anualmente. De esta cifra, US$ 18.000 por hectárea por campaña en promedio son destinados al pago de jornales básicos (ajustado a la nueva ley agraria). Indicó que el jornal en los 4 principales cultivos de agroexportación (palta, uva, arándanos y espárrago) equivale en promedio al 47% del total del costo de producción (es decir el pago del jornal representa el 47% de la estructura de costo). En palta representa el 33%, en uva el 38%, en arándanos el 62% y en espárragos el 39%. Inversión que podrían realizarse en campos ya existentes Alfonso Bustamante dijo que en Perú cada año se hacen inversiones en terrenos para productos de agroexportación. Manifestó que, antes de la nueva ley agraria, se estimaba que, en entre los años 2021 y 2023 se instalarían 53.300 hectáreas de cultivos (22.100 hectáreas en 2021, 18.100 hectáreas en 2022 y 13.100 hectáreas en 2023). Dichas inversiones se realizarían en terrenos de panllevar o terrenos agrícolas con irrigación, es decir en campos ya existentes. Detalló que en Ica se tenía proyectado instalar 4.500 hectáreas de cultivos (1.500 Has en 2021, 1.500 Has en 2022 y 1.500 Has en 2023), en Olmos 15.000 hectáreas (7.000 Has en 2021, 5.000 Has en 2022 y 3.000 Has 2023), Lambayeque 6.000 hectáreas (3.000 Has en 2021, 2.000 Has en 2022 y 1.000 Has en 2023), Chavimochic 14.000 hectáreas (6.000 Has en 2021, 5.000 Has en 2022 y 3.000 Has en 2023), Centro Norte 3.000 hectáreas (1.000 Has en 2021, 1.000 Has en 2022 y 1.000 Has en 2023), Ica 7.500 hectáreas (2.500 Has en 2021, 2500 Has en 2022 y 2.500 Has en 2023), Nazca 2.100 hectáreas (700 Has en 2021, 700 Has en 2022 y 700 Has en 2023), Sur 1.200 hectáreas (400 Has en 2021, 400 Has en 2022 y 400 Has en 2023). Explicó que según lo que demandan los costos por hectárea de los principales cuatro productos de agroexportación, se dejará de invertir US$ 4.761.022.500 (US$ 1.974.082.500 en 2021, US$ 1.616.782.500 en 2022 y US$ 1.170.157.500 en 2023). A lo que se le agrega un capital de trabajo asociado a esto de US$ 2.001.961.325 (US$ 830.081.525 en 2021, US$ 679.840.525 en 2022 y US$ 492.039.275 en 2023). Añadió que, si se realizan dichas inversiones, el pago por los jornalees de trabajo en estos tres años alcanzarían los US$ 950.015.200 (en 2021 US$ 393.910.400, en 2022 US$ 322.614.400 y en 2023 US$ 233.494.400). Inversiones que se podrían dar en proyectos de irrigación detenidos Asimismo, destacó las posibles inversiones que se podrían realizar en los proyectos de irrigación detenidos por autoridades en regiones como Chavimochic III (63.000 Has), Majes Siguas II (38.000 Has), Chinecas (30.000 Has) y Alto Piura (19.000 Has), las cuales alcanzarían las 150.000 hectáreas. Señaló que, en dichas áreas, el capex (gasto de capital) en tres años ascendería a US$ 18.311.625.000, y gastos operativos (capital de trabajo) sumaría US$ 7.699.851.250. Mientras que los pagos por jornales de trabajo sumarían US$ 3.653.920.000 anuales. Solo en los proyectos Chavimochic III y Majes Siguas II el gasto de capital en 3 años sumaria US$ 9.021.825.000 y los gastos por pago de jornales (no en la tapa de inversión) alcanzarían los US$ 1.800.224.000 anuales. “Estos dos proyectos podrían estar listos en 2 o 3 años y lo estamos perdiendo por la burocracia”. Bustamante Canny añadió que las inversiones en estas 53.300 hectáreas (en campos que ya existen) más las 150.000 hectáreas (en los proyectos de irrigación paralizados) sumarian 203.300 hectáreas nuevas de cultivos, área similar a la que existe actualmente en la agricultura moderna. Nueva ley Agraria En otro momento, el también presidente del directorio de Agrícola Cerro Prieto, se refirió a la nueva ley agraria, señalando que las modificaciones realizadas (principalmente en el salario) afectan principalmente a los pequeños agricultores. Indicó que la agricultura formal genera 500 mil empleos directos y 500 mil empleos indirectos (se usa muchos servicios de terceros). Además, existen 200 mil pequeños agricultores que venden su fruta y hortaliza a la cadena productiva que termina en exportación, quienes serán los más afectados con la nueva ley. “Esta ley haría que se pierdan alrededor de 100 mil empleos”. Explicó que debido a los sobrecostos que trae la nueva ley agraria, las empresas consolidadas (independientemente de su tamaño) tendrán que hacer cambios en su matriz de cultivos y erradicar los cultivos tradicionales que tienen menos rendimientos productivos. “Habrán empresas que no podrán hacer inversiones de US$ 100 mil por hectáreas para cambiar el cultivo y otras sí podrán hacerlo. Las pequeñas empresas, que están surgiendo, que están encadenadas, no podrán adaptarse y desaparecerán”, aseveró. “Las grandes empresas tirarán sus cultivos, comprarán genética patentada para tener variedades más rendidoras, que produzcan frutos más grandes, que se raleen solos y que requieran la mitad de mano de obra. Con esa inversión tan grande pocas empresas podrán seguir, las otras desaparecerán”, finalizó. Dato . En el 2019, existían 202.476 hectáreas dedicadas a la agricultura moderna en 16 regiones del país (Ica 45.462 Has, Piura 42.995 Has, La Libertad 36.786 Has, Lima 24.129 Has, Lambayeque 10.958 Has, Áncash 6.316 Has, Junín 668 Has, Cajamarca 6.176 Has, Arequipa 18.522 Has, Moquegua 1.104 Has, Cusco 385 Has, Ayacucho 1.869 Has, Tacna 583 Has, Huánuco 585 Has, Tumbes 5.227 Has, Apurímac 712 Has).",agraria.pe/agronegocios,https://agraria.pe/noticias/antes-de-la-nueva-ley-agraria-se-proyectaba-instalar-53-300--23692
2021-02-16,"Agroexportaciones de Chincha sumaron US$ 280 millones en 2020, mostrando un incremento de 4%"," En el 2020, las agroexportaciones por parte de la provincia de Chincha sumaron US$ 280 millones, cifra que representa un incremento de 4% frente a lo alcanzado en 2019, según la Superintendencia Nacional de Aduanas y de Administración Tributaria (Sunat). Detalló que estos US$ 280 millones, representan un poco más del 21% del total alcanzado por la región Ica (US$ 1.303 millones), por lo que no sorprende que este sector sea la principal actividad de la provincia. Los principales productos agropecuarios exportados por Chincha en 2020 fueron las mandarinas con US$ 68 millones, paltas con US$ 54 millones, espárragos con US$ 35 millones, alcachofas con US$ 22 millones y uvas con US$ 14 millones. El 53% de las mandarinas que exporta Ica vienen de Chincha. Además, Ica representa el 44% de todos los envíos de esta fruta a nivel nacional. El gerente de Estudios Económicos de la Sociedad de Comercio Exterior del Perú (ComexPerú), Rafael Zacnich, destaca que la demanda por el cítrico ha crecido considerablemente a nivel global como efecto de la pandemia. Esto se debe, principalmente, a sus componentes antioxidantes así como a su alto contenido de vitamina C. A nivel general, en cambio, el año pasado cerró con los números en rojo. La Sunat muestra que el valor de las exportaciones de la provincia cayó 9 puntos porcentuales en el 2020 con respecto al 2019, al registrar US$ 478 millones por envíos. Zacnich explica que, para analizar el valor de las exportaciones chinchanas, se debe tener en cuenta que esa provincia es solo una de las cinco ubicadas en la región Ica, cuyos envíos representaron el 19% del total de las exportaciones peruanas en 2020. Datos . La provincia de Chincha tiene una superficie de 2.988,27 kilómetros cuadrados de superficie. Al 2017, su población se estimaba en 222.338 personas, según cifras del Instituto Nacional de Estadística e Informática (INEI). . Las principales empresas agroexportadoras que tienen operaciones en Chincha son: Procesadora Larán con US$ 78 millones (+21.35%), Virú con US$ 37 millones (+6.26%), Corporación Frutícola de Chincha con US$ 31 millones (-23.98%), Complejo Agroindustrial Beta US$ con 28 millones (-13.54%), San Miguel Fruits Perú con US$ 21 millones (-20.06%). Fuente: Día 1 de El Comercio",agraria.pe/agronegocios,https://agraria.pe/noticias/agroexportaciones-de-chincha-sumaron-us-280-millones-en-2020-23689
2021-02-16,Agroexportaciones peruanas alcanzarían cerca de US$ 8.400 millones en 2021,"(Agraia.pe) En el 2021, las agroexportaciones peruanas ascenderían a cerca de US$ 8.400 millones, lo que representaría un incremento de 7.8% frente a los US$ 7.791 millones de 2020. Así lo indicó el director general de Seguimiento y Evaluación de Políticas del Ministerio de Desarrollo Agrario y Riego (Midagri), Christian Garay, quien detalló que del total a alcanzar este año, US$ 7.600 millones corresponderán a las exportaciones agropecuarias y/o agroindustriales (no tradicional) y el resto a los envíos agrícolas (tradicional). Destacó que si bien se mantendría la tendencia positiva de los últimos años, no se lograría alcanzar la meta del Ejecutivo planteada en el 2016: que en el 2021, las agroexportaciones peruanas sumen US$ 10.000 millones. El funcionario dijo que para este año, las uvas y el arándano liderarán las agroexportaciones peruanas, aunque los berries competirían para arrebatarle a la uva el primer lugar en la canasta agroexportadora, considerando que la U. S. International Trade Commission no recomendará restricciones a la importación de arándanos por parte de Estados Unidos (el principal comprador de este cultivo en el mundo). “El arándano no está tan lejos de la uva. Sin restricciones a la exportación, si la pandemia mundial no se agrava, podríamos tener un buen año para el arándano”, sostuvo. Asimismo, se mantendrán con buen desempeño el mango y la palta. Contrariamente, las ventas de espárragos frescos continuarán disminuyendo. “Ya se ha visto en los últimos cinco años que ha habido un efecto sustitución. Los inversionistas que antes tenían cultivos de espárragos han pasado a sembrar arándanos”, explicó. Garay subrayó que para seguir creciendo, se debe incorporar más cultivos (como el ciruelo), expandir la frontera agrícola e impulsar las plantaciones forestales (por cada millón de hectáreas se pueden generar US$ 1.800 millones adicionales a la canasta agroexportadora). Fuente: Gestión",agraria.pe/agronegocios,https://agraria.pe/noticias/agroexportaciones-peruanas-alcanzarian-cerca-de-us-8-400-mil-23686
2021-02-15,"Uvas, arándanos y paltas concentraron el 37.4% del total del valor de las agroexportaciones peruanas en 2020"," En 2020, las agroexportaciones peruanas sumaron US$ 7.520 millones, registrando un incremento de 6.1% respecto a lo alcanzado en 2019, informó la Sociedad de Comercio Exterior del Perú (ComexPerú). Detalló que los despachos agrícolas tradicionales en 2020 ascendieron a US$ 725 millones, mostrando una reducción de -5.4% frente al año previo; mientras que los envíos agropecuarios y/o agroindustriales (no tradicional) alcanzaron los US$ 6.795 millones, notándose un crecimiento de 7.5% versus el año 2019. El gremio de comercio internacional indicó que los principales destinos de las agroexportaciones peruanas en 2020 fueron Estados Unidos con US$ 2.672 millones (+8%), concentrando el 36% del total de los despachos; seguido por Países Bajos con US$ 1.126 millones (+7.7%), representando el 15% del total. Otros importantes mercados destinos fueron España con US$ 457 millones (+11.7%), participando con el 6% del total; Reino Unido con US$ 345 millones (+2.9%), concentrando 5%; Alemania con US$ 255 millones (-2.3%), representando el 3% del total; Ecuador US$ con 234 millones (-20.5%), 3% del total; Otros con US$ 2.431 millones (+7.1%), 32% del total exportado. Los principales productos agrícolas tradicionales despachados en 2020 fueron Los demás cafés sin descafeinar, sin tostar US$ 641 millones (+1%); Demás azúcares de caña o remolacha refinados US$ 59 millones (+44%); Los demás azúcares de caña US$ 6 millones (-87.5%); Lana sin cardar ni peinar, sucia, esquilada, US$ 6 millones (-79.6%); Azúcar en bruto sin adición de aromatizante ni colorante, US$ 4 millones (+29.4%); Melaza de caña, US$ 4 millones (-25.2%); Café sin descafeinar, sin tostar, para siembra, US$ 2 millones (+231.6%); Hojas de coca, US$ 1 millón (-1.6%); Café tostado, sin descafeinar, en grano, US$ 1 millón (-50.9%); Borras del peinado de lana o pelo fino, US$ 1 millón (-56.7%); Otros, US$ 2 millones (-73.2%). Por el lado de los productos agropecuarios y/o agroindustriales (no tradicional) enviados, destacan las Uvas frescas con US$ 1.055 millones (+20.2%); Arándanos frescos, US$ 998 millones (+22.5%); Paltas frescas, US$ 757 millones (-0.02%); Espárragos frescos o refrigerados, US$ 383 millones (-4.4%); Mangos frescos, US$ 281 millones (+7.8%); Otros, US$ 3.321 millones (+3.4%). Dato . Según Sunat los principales 10 productos de agroexportación en 2020 fueron: uvas US$ 1.054 millones, arándanos US$ 998.1 millones, paltas US$ 754.7 millones, café US$ 642.3 millones, espárragos US$ 382.1 millones, mangos US$ 280.9 millones, mandarinas US$ 236.2 millones, bananas US$ 147.3 millones, cacao US$ 130.6 millones y quinua US$ 125.5 millones.",agraria.pe/agronegocios,https://agraria.pe/noticias/uvas-arandanos-y-paltas-concentraron-el-37-4-del-total-del-v-23669
2021-02-12,“Mi Caserita” y “Agrochatea”: los aplicativos para conocer precios de los mercados," El Ministerio de Desarrollo y Riego (Midagri), tiene a disposición de las amas de casa, jefes del hogar y público en general dos aplicativos “Mi Caserita” y “Agrochatea” para proporcionar información actualizada y en tiempo real de los precios de los productos agrícolas a las amas de casa y público en general, con el objetivo de salvaguardar la economía de las familias peruanas. Asimismo, el Midagri explicó que en la actualidad concurrir al mercado es una de las rutinas que ha cambiado drásticamente tras el estado de Emergencia para combatir el Covid-19. Ahora, es necesario acudir directo con una lista y los precios de referencia. Por ello, el Midagri ha puesto a disposición de las familias, comerciantes y productores dos aplicativos y un servicio web de información de uso fácil, para conocer los precios de los productos en diversos mercados del Perú. Mi Caserita Es un aplicativo que se descarga gratis desde la Play Store de celulares con sistema Android para conocer en tiempo real, los precios de los alimentos de primera necesidad en los principales mercados capitalinos. Además, ofrece una amplia lista de herramientas y usos detallados como ubicación y productos agropecuarios. Agrochatea Se trata de otra propuesta tecnológica y amigable creada por el Ministerio. Para acceder a este innovador servicio de consultas del Midagri, basta con escribir en un buscador de celular o computadora agrochatea.midagri.gob.pe Ubique el icono del chat, anote o dicte el nombre del producto en consulta y la aplicación responderá con el precio, la variedad del producto y una gráfica estadística. SISAP Finalmente, el Sistema de Información de Abastecimiento y Precios (SISAP). Un innovador servicio de consultas que el Ministerio de Desarrollo Agrario y Riego pone a disposición de productores, comerciantes y público en general, en tiempo real, con información referida a volúmenes, precios y procedencias de los principales productos agropecuarios y agroindustriales de los mercados mayoristas del país. Se puede acceder desde un smartphone o computadora escribiendo en la barra buscadora: sistemas.midagri.gob.pe/sisap/portal Dato . Los servicios digitales del Midagri están a disposición las 24 horas del día y permiten que las familias programen las compras de alimentos del día siguiente, satisfaciendo su demanda e interés prioritario con información de precios de los centros de abasto.",agraria.pe/agronegocios,https://agraria.pe/noticias/mi-caserita-y-agrochatea-los-aplicativos-para-conocer-precio-23665
2021-02-12,Midagri: Importación de legumbres creció 67.3% en valor y 56.4% en volumen en 2020," En 2020 la producción nacional de legumbres ascendió a 270.000 toneladas, que fueron cosechadas en 202.000 hectáreas. La Sierra produjo el 59% del total, seguida de la costa con el 31% y la selva con el 10% restante, indicó el director general de la Dirección General Agrícola (DGA) del Ministerio de Desarrollo Agrario y Riego (Midagri), Augusto Nicolás Aponte Martínez. Señaló que de las 270 mil toneladas de legumbres producidas en 2020, el frijol grano seco participó con 90.180 toneladas (33.40% el total), haba grano seco con 80.514 toneladas (29.82%), arveja grano seco con 52.164 toneladas (19.32%), tarhui con 17.496 toneladas (6.48%), frijol castilla con 14.823 toneladas (5.49%), pallar grano seco con 8.748 toneladas (3.24%), lenteja con 2.646 toneladas (0.98%), zarandaja con 2.052 toneladas (0.76%), garbanzo con 1.242 toneladas (0.46%), y frijol loctao con 135 toneladas (0.05%). Las principales regiones productoras de frijol grano seco en 2020 fueron: Cajamarca con 15.004 toneladas (17.628 ha), Arequipa con 7.180 toneladas (7.239 ha), Apurímac con 8.363 toneladas (3.804 ha); Amazonas, 6.949 toneladas (8.123 ha); Huancavelica, 14.890 toneladas (7.239 ha); Loreto, 4.932 toneladas (4.704 ha); Huánuco, 4.807 toneladas (3.578 ha); San Martín, 2.800 toneladas (2.940 ha); y Lima, 3.176 toneladas (1.185 ha). Por su parte, las principales regiones productoras de pallar grano seco fueron: Lambayeque con 5.919 toneladas (2.662 ha); Ica, 3.284 toneladas (2.562 ha); La Libertad, 40 toneladas (70 ha); Arequipa, 43 toneladas (105 ha); y Ayacucho, 11 toneladas (37 ha). Mientras que en producción de tarhui destacan: La Libertad con 5.132 toneladas (4.421 ha); Cusco, 3.050 toneladas (2.513 ha); Apurímac, 2.023 toneladas (1.124 ha); Andahuaylas, 1.719 toneladas (949 ha); Puno, 1.428 toneladas (1.046 ha); y Huánuco, 1.346 toneladas (872 ha). Mercado internacional Aponte Martínez, indicó que, del total de la producción nacional de legumbres, el 84% se dirige al mercado interno, mientras que el 16% va a la exportación. Además, de los 140 mil productores que se dedican a este cultivo, el 60% de los agricultores familiares destinan su producción al mercado interno. Señaló que en el 2020 las exportaciones peruanas de legumbres alcanzaron los US$ 62 millones por 40 mil toneladas despachadas, cuando el año previo ascendió a US$ 70 millones (44 mil toneladas), lo que significó una reducción en valor de -11.43% y en volumen de -9.1%. Las principales legumbres que se exportan son frijol castilla (frijol grano seco en general) que participó con el 20% de los despachos, arveja, entre otros. Estos productos se dirigieron a más de 45 mercados. En cuanto a la importación, manifestó que debido a la pandemia por el Covid-19 la demanda interna de legumbres se incrementó, por lo que en 2020 la importación de estos productos alcanzó los US$ 92 millones (147 mil toneladas) versus los US$ 55 millones (94 mil toneladas) registrados en 2019, representando un incremento de 67.3% en valor y 56.4% en volumen. “Por su naturaleza, las legumbres o menestras se pueden almacenar por lo que han jugado un papel importante en este contexto, por esa razón hubo mayor consumo de estos productos”, finalizó.",agraria.pe/agronegocios,https://agraria.pe/noticias/midagri-importacion-de-legumbres-crecio-67-3-en-valor-y-56-4-23661
2021-02-09,Costach exportó cerca de 21 toneladas de algodón pima peruano a Tailandia," A pesar de las dificultades por la pandemia del Covid-19, los pequeños agricultores algodoneros de Piura que integran la Cooperativa Agraria de Servicios Múltiples Tallán-Chusís (Costach) lograron concretar la segunda exportación de algodón pima peruano por cerca de 21 toneladas al mercado de Tailandia. Este despacho al extranjero fue el segundo de la cooperativa durante el periodo de emergencia por el nuevo coronavirus. El primer envío de 90 fardos, equivalentes a cerca de 21 toneladas, tuvo como destino Alemania. Costach, que es la única cooperativa activa que comercializa y exporta algodón en nuestro país, cuenta con el apoyo del proyecto +Algodón Perú, una iniciativa de Cooperación Sur-Sur trilateral. Es promovida por la Agencia Peruana de Cooperación Internacional (APCI) y ejecutada por la Organización de las Naciones Unidas para la Alimentación y la Agricultura (FAO), la Agencia Brasileña de Cooperación (ABC) y el Ministerio de Desarrollo Agrario y Riego (Midagri). Los productores de la citada cooperativa también fueron capacitados por la Asociación Latinoamericana de Integración (Aladi) y recibieron capacitación sobre el uso de técnicas participativas para mejorar la asistencia técnica y extensión rural que brindan a sus asociados. Fuente: Andina",agraria.pe/agronegocios,https://agraria.pe/noticias/costach-exporto-cerca-de-21-toneladas-de-algodon-pima-peruan-23631
2021-02-09,Camposol se mantiene como la principal empresa agroexportadora de Perú en 2020," En el 2020 las agroexportaciones peruanas (tradicionales + no tradicionales) sumaron US$ 7.552.000.000, mostrando un incremento de 6.1% frente a los US$ 7.087.315.233 alcanzados en 2019, informó la Sociedad de Comercio Exterior (Comex Perú) La entidad detalló que los despachos agrícolas tradicionales en 2020 ascendieron a US$ 725.000.000, registrando una contracción de -5.4% en comparación a los US$ 766.385.000 obtenidos el año previo. Por su parte, los envíos agropecuarios y/o agroindustriales alcanzaron los US$ 6.795.000.000 en 2020, notándose un aumento de 7.5% versus los US$ 6.320.930.233 del 2019. El gremio de comercio internacional señaló que la principal empresa agroexportadora en 2020 fue Camposol con despachos por US$ 308.544.000, observándose un incremento de 5.85% en comparación a los US$ 291.494.000 alcanzados en 2019, cuando también se ubicó en el primer lugar del ranking. Virú, con envíos por US$ 206.480.000 (+4.93%) ocupó la segunda posición, manteniéndose en la misma ubicación que el 2019 cuando sus despachos ascendieron a US$ 196.787.000. Corporación Danper se adueño del tercer lugar, subiendo una casilla respecto al 2019, gracias a sus despachos que sumaron US$ 205.577.000, es decir 11.88% más que el año previo donde alcanzó los US$ 183.742.000. En cuarta y quinta posiciones se ubicaron Complejo Agroindustrial Beta y Hortifrut Perú con envíos por US$ 177.560.000 (+7.95%) y US$ 145.645.000 (+43.23%), respectivamente. Beta subió una casilla, mientras que Hortifrut Perú escaló tres posiciones. Vitapro se ubicó en la sexta ubicación con exportaciones por US$ 131.642.000, notándose una contracción de -29.96% frente a los US$ 187.962.000 del 2019 cuando se posicionó del tercer lugar en el ranking. En el séptimo y octavo puesto se posicionaron Agrícola Cerro Prieto con US$ 125.865.000 (+4.89%) y el Consorcio de Productores de Frutas (CPF) con US$ 111.780.000 (+11.09%). Cerro Prieto descendió una casilla y CPF subió un lugar, respecto al 2019. Agrovisión Perú y Sociedad Agrícola Rapel cierran el top ten del ranking de las empresas agroexportadoras del país en 2020, con exportaciones por US$ 102.798.000 (+68.15%) y US$ 102.137.000 (+39.19%), respectivamente. Ambas empresas superaron en el 2020 la barrera de los US$ 100 millones, lo que les permitió trepar rápidamente, ya que en el 2019 se ubicaron en los puestos vigésimo tercero (con envíos por US$ 61.133.000) y décimo noveno (con envíos por US$ 73.382.000), respectivamente.",agraria.pe/agronegocios,https://agraria.pe/noticias/camposol-se-mantiene-como-la-principal-empresa-agroexportado-23623
2021-02-08,Mayoría de agroexportadoras carecen de seguros permanentes ante catástrofes," Solo un mínimo de empresas agroexportadoras tienen asegurados sus cultivos de manera permanente, por lo cual la mayoría se encuentran expuestas ante catástrofes climáticas, como el fenómeno El Niño o La Niña, afirma Lourdes Del Carpio, gerenta adjunta del Seguro Agrícola en La Positiva Seguros. Hay dos grandes razones por las que estos cultivos están desprotegidos. Por un lado, el costo de los seguros para la agroexportación es alto, como lo es el valor del bien a resguardar, por lo cual puede resultar muy costoso para las empresas, indica la ejecutiva. Además, la gran mayoría de hectáreas de agroexportación se ubica en la costa, que tiene un muy buen clima para este fin. Sin embargo, cada año las agroindustriales se enfrentan a la posibilidad del fenómeno El Niño, que causa lluvias excesivas, huaicos, inundaciones, entre otras catástrofes que podrían arrasar con la producción. Ante ello, las empresas optan por invertir en este tipo de protección únicamente cuando los pronósticos revelan que el peligro es inminente. “Como El Niño es el mayor riesgo que perciben, no hay una continuidad en la compra de seguros y el crecimiento ha sido bastante lento”, dijo Del Carpio. No obstante, recordó que el último gran fenómeno El Niño de 2017, que dejó enormes pérdidas, no había sido previsto sino hasta pocas semanas antes de que ocurriera, “cuando ya era demasiado tarde”. La compañía lanzó este producto al mercado en el 2014, año en que consiguió solo tres clientes, y llegó a 21 agroexportadoras con 7.000 hectáreas en el 2017, el año del fenómeno El Niño. Pero luego de aquel año la cifra volvió a reducirse y ahora crece a paso lento. “Si los seguros fueran comprados masivamente por los gremios de agroindustriales, las tasas podrían ser menores y accedería a él un mayor número de empresas”, añadió. Por otro lado, sostuvo que para este año hay una gran expectativa sobre las ventas del Seguro Agrícola Tradicional (SAT), ante la posibilidad de que el Estado subsidie la mitad de su costo. El SAT está dirigido a pequeños y medianos agricultores con producción comercial. Este se vende junto con los créditos dirigidos al sector agrario, en las entidades financieras. El año pasado el Gobierno autorizó un subsidio del 50% de la prima, pero no llegó a ser utilizado. Según indicó, para ello se necesitaba que las entidades financieras hagan sus adecuaciones en el sistema y la certeza de que en el 2021 también se iba a otorgar este beneficio, de que iba a ser un programa continuo. Por ello, los agricultores, las entidades financieras y las aseguradoras están a la expectativa de que el Gobierno vuelva a aprobar el subsidio para el presente año. Por último, recordó que el Seguro Agrícola Catastrófico (SAC) es el más utilizado en el país. Es subvencionado al 100% por el Estado peruano y desde el año pasado alcanza a todos los departamentos del país. Solo el 14% de todas las hectáreas agrícolas del país están aseguradas. De esta tasa, 13 puntos porcentuales corresponden al SAC, mientras que el restante 1% concentra al SAT y al seguro para agroexportaciones. Fuente: Gestión",agraria.pe/agronegocios,https://agraria.pe/noticias/mayoria-de-agroexportadoras-carecen-de-seguros-permanentes-a-23618
2021-02-08,"Mincetur: Agroexportaciones peruanas sumaron US$ 7.550 millones en 2020, mostrando un incremento de 6.7%"," Pese a la emergencia sanitaria generada por el Covid-19, las agroexportaciones peruanas (tradicionales y no tradicionales) sumaron US$ 7.550 millones en el 2020, mostrando un incremento de 6.7 % respecto a los US$ 7.074 millones alcanzados en el 2019, informó la titular del Ministerio de Comercio Exterior y Turismo (Mincetur), Claudia Cornejo. La ministra explicó que el crecimiento de este sector estuvo explicado, principalmente, por la mayor venta de frutas que ascendió a US$ 4.061 millones, registrando un aumento de +15 %. Además, representó más del 50 % de las agroexportaciones y cerca del 10 % de los envíos totales del país. En ese sentido, dijo que durante el 2020 los principales productos agrarios exportados fueron uva de mesa con US$ 1.057 millones (+20.5 %), arándano US$ 1.031 millones (+25 %), palta US$ 835 millones (+1%), mango US$ 424 millones (+18.6 %), mandarina US$ 257 millones (+41 %). Añadió que el incremento de las agroexportaciones también fue influenciado por la mayor demanda de un grupo de productos a los que se les atribuye propiedades medicinales para prevenir enfermedades respiratorias como el kion, cuyos despachos sumaron US$ 109 millones (+146.4 %), cebolla US$ 97 millones (+12 %) y ajo US$ 27 millones (+48 %). Otros productos que contribuyeron al crecimiento del sector fueron el café con US$ 649 millones (+2 %), conservas de pimiento US$ 165 millones (+15 %), aceite de palma US$ 67 millones (+27 %) y arroz US$ 30 millones (+45 %). ADEX: Agroexportaciones peruanas llegaron a 140 mercados Por su parte, la Asociación de Exportadores (ADEX) calculó que, en el 2020, las agroexportaciones peruanas (tradicionales y no tradicionales), sumaron US$ 7.487.583.000, presentaron un alza de 6% en comparación al 2019. Detalló que en el 2020 los despachos agro tradicional ascendieron a US$ 724.085.000 registrando una contracción de -6.3%. Su principal partida fue el café con una participación del 88.1% y una variación positiva de 1%, pese a lo cual no recupera los montos previos a la aparición de la roya. Le siguieron azúcares de caña, melaza de caña y otros más. De un total de 60 destinos, resaltaron –por su monto FOB– EE.UU. (US$ 206 millones 526 mil) con una representación del 28.5%, y Alemania (US$ 143 millones 765 mil) con el 19.9%. Les siguieron Bélgica, Colombia y Suecia. Todos los países del top five cerraron en rojo. Por su parte, los envíos del subsector agropecuario-agroindustrial (no tradicional) en el 2020 sumaron US$ 6.763.497.000, mostrando un incremento de 7% frente a lo alcanzado en 2019. Además, concentró el 90.3% del total de las exportaciones agrarias. Los productos más importantes fueron las uvas con US$ 1.045 millones (+ 19.1%) y concentró el 15.5%, arándanos con US$ 997 millones (+22.5%) y una participación del 14.8% (+22.5%). Les siguieron la palta, que si bien presentó un alza de 31% en su volumen, en monto US$ FOB fue de -0.07%, por la alta producción en México y en California (EE.UU.), que provocó la disminución del precio. Completaron los primeros cinco puestos los espárragos frescos con US$ 380.473.000(-4.9%) y los mangos frescos con US$ 272.038.000, cuyo volumen aumentó 17% y el monto FOB 4.5%, debido a los precios más bajos de la fruta procedente de Ecuador, Colombia y Brasil, que tienen costos logísticos más bajos. En cuanto a los mercados destinos, el gremio exportador dijo que en el 2020 se llegó a 140 países, 10 menos que en el 2019, entre ellos Mauritania y Maldivas. Asimismo, se ganaron otros como Libia, Groenlandia, Nueva Caledonia, Tokelau y Polinesia Francesa. El principal comprador fue Estados Unidos con adquisiciones por US$ 2.450.239.000 cuya concentración fue del 36.2%, seguido de Países Bajos con US$ 1.113.848.000), ambos mercados concentraron de forma conjunta el 50.4% del total. También resaltaron España, Reino Unido y Ecuador. El último destino cayó -20%. En el top ten estuvieron Chile (US$ 215.786.000), China (US$ 197.325.000), Colombia (US$ 165.412.000), Hong Kong y Canadá. Todos cerraron con una variación positiva.",agraria.pe/agronegocios,https://agraria.pe/noticias/mincetur-agroexportaciones-peruanas-sumaron-us-7-550-millone-23616
2021-02-04,H2Olmos prueba cultivos de estevia," A la fecha la inversión de las empresas en el proyecto de Irrigación Olmos (Lambayeque) suma más de US$ 1.900 millones, de los cuales cerca del 41% se dio en activos biológicos (plantas y sembrío) y 23% se orientó a los sistemas de riego. Así lo señaló Alfonso Pinillos, gerente general del trasvase Olmos y H2Olmos, quien refirió que tal inversión seguirá creciendo pues solo se ha llegado a un 65% de tierras sembradas. En cinco años de operación se han desarrollado 23.000 hectáreas nuevas en terrenos que eran eriazos por falta de agua. Si bien los principales cultivos desarrollados en la zona son el arándano, la palta, la caña de azúcar y la uva de mesa, el ejecutivo dijo que también se están desarrollando espárragos, limón y pimientos; y reveló que se vienen haciendo evaluaciones de estevia y otros productos. Fuente: Gestión",agraria.pe/agronegocios,https://agraria.pe/noticias/h2olmos-prueba-cultivos-de-estevia-23599
2021-01-29,Midagri garantiza abastecimiento de alimentos a los mercados de Lima," El Ministerio de Desarrollo Agrario y Riego (Midagri) dio a conocer que ante las medidas de inmovilización social obligatoria de 15 días, el sector garantizará el abastecimiento de productos de primera necesidad a los mercados mayoristas de Lima, y coordinará con las fuerzas de orden el traslado de los productos a los centros de abastos. El ministerio reveló que ayer el abastecimiento de alimentos a los mercados mayoristas de Lima Metropolitana se realizó de manera normal logrando registrar el ingreso de 12.308 toneladas, en los tres principales marcados mayoristas de la capital (Gran Mercado mayorista de Lima, Mercado N° 02 de Frutas y Mercado de Productores de Santa Anita). Los productos básicos que han registrado una disminución en sus precios el día de ayer fueron: papa huayro, zanahoria, tomate, olluco, limón en cajón, vainita americana, uva alfonso, palta fuerte, naranja, mandarina, piña hawaiana, pepino rayado, melocotón, granadilla selva, chirimoya, tuna, fresa, entre los principales. Por ejemplo, ayer al Gran Mercado Mayorista de Lima (GMML) de Santa Anita ingresaron 8.975 toneladas de verduras (tubérculos, hortalizas, legumbres, entre otros) proveniente de diferentes zonas productoras del país. En papa se registró el ingreso de 2.255 toneladas de diferentes variedades del tubérculo andino. Asimismo, en el caso del Mercado N° 02 de Frutas de La Victoria se registró ayer el ingreso de 2.711 toneladas de frutas frescas. En cuanto a los productos agroindustriales, ingresaron 628 toneladas de abarrotes al Mercado de Productores de Santa Anita entre arroz, azúcar y fideos. Respecto al precio al por mayor del pollo, este ha registrado una caída de 45 céntimos, cotizando ayer en S/ 5.50 por kilogramo en los principales centros de acopio. Recordemos que el precio del pollo al por mayor viene registrando una baja en su precio desde la semana pasada. El economista Christian Garay Torres, director general de Seguimiento y Evaluación de Políticas del MIDAGRI, señaló que el flujo de suministro de alimentos a los mercados de Lima se realiza de manera normal, con una serie de ofertas en el abastecimiento de frutas y verduras, principalmente. “La oferta de alimentos se está reportando de manera normal; ayer ingresaron más de 12.000 toneladas al Gran Mercado Mayorista de Lima (GMML), el Mercado Mayorista de Frutas Nº 2 y el Mercado de Productores de Santa Anita, cuando normalmente suele ingresar los días jueves alrededor de 11.000 toneladas”, sostuvo Garay al resaltar que los mercados cuentan con suficientes stocks de productos al alcance de las amas de casa. El Midagri llamó a comerciantes y público consumidor a adoptar las medidas de distanciamiento social para evitar el contagio del coronavirus (Covid-19), cumplir con el lavado de manos, uso obligatorio de mascarilla y comprar lo necesario para proteger su vida y la de sus familias. El sector Agricultura desea reiterar que han puesto a disposición del consumidor herramientas tecnológicas para conocer en tiempo real el precio de los productos, a fin de poder luchar contra la especulación. Por ejemplo, se cuenta con el Agrochatea, que informa diariamente la evolución de los precios mayoristas cuya plataforma se puede acceder a través de Google. También puede utilizar el aplicativo “Mi Caserita”, que contiene información de precios minoristas de los principales mercados emblemáticos de Lima Metropolitana y de supermercados a nivel nacional. Se puede descargar gratuitamente desde Play Store.",agraria.pe/agronegocios,https://agraria.pe/noticias/midagri-garantiza-abastecimiento-de-alimentos-a-los-mercados-23555
2021-01-27,ADEX: Agroexportaciones no tradicionales de Perú a México crecieron en valor 11.6% de enero a noviembre del 2020," De enero a noviembre del 2020, las exportaciones agropecuarias y/o agroindustriales (no tradicionales) de Perú a México sumaron US$ 101.037.000, registrando un incremento de 11.6%, respecto a igual periodo del año previo. Así lo informó la Asociación de Exportadores (ADEX), quien indicó que dicho monto representó el 34.15% del total de las exportaciones peruanas no tradicionales en los primeros once meses del año pasado (US$ 295.853.000). Explicó que este crecimiento se debe al desenvolvimiento de dos partidas en particular: uvas cuyos despachos sumaron US$ 29.126.000, mostrando un crecimiento de 31.7%; y ajos, cuyos envíos alcanzaron US$ 14.795.000, registrando un incremento de 204.5%. Otra partida importante fue la páprika. Dato . De enero a noviembre del año pasado los despachos tradicionales a México representaron el 22.8% y los no tradicionales el 77.1%.",agraria.pe/agronegocios,https://agraria.pe/noticias/adex-agroexportaciones-no-tradicionales-de-peru-a-mexico-cre-23526
2021-01-26,Gobiernos regionales y locales cuentan con un presupuesto de S/ 2.000 millones para inversión de Procompite en agro," El Ministerio de Desarrollo Agrario y Riego (Midagri) informó que, en el presente año, los gobiernos regionales y locales cuentan con un presupuesto disponible para inversión de Procompite en materia agraria de S/ 2.000 millones. A través de Agroideas, el Midagri promueve la implementación y ejecución de Planes de Negocio de Procompite, que en un 80% están relacionados al sector agrario, y cuyo proceso en su totalidad es coordinado con los gobiernos regionales y gobiernos locales. Procompite es una estrategia prioritaria del Estado para la ejecución de iniciativas de apoyo a la competitividad productiva, que habilita a los gobiernos regionales y locales el uso de hasta el 10% de presupuestos destinados a proyectos de inversión para financiar Planes de Negocios, presentados por los Agentes Económicos Organizados (AEO), llámese organizaciones de productores agropecuarios. En el año 2020, se logró que gobiernos regionales y locales ejecutaran 479 planes de negocio de Procompite, con una inversión de S/ 124 millones, de los cuales S/ 74.8 millones corresponden a la inversión por parte del Estado y S/ 49 millones a la contrapartida financiada por los AEO, en beneficio de 12 761 productores agropecuarios. Hasta la fecha, Agroideas ha realizado 40 talleres de difusión para capacitar a 2 728 funcionarios públicos y se han dictado 18 talleres de capacitación en formulación de Planes de Negocio a 1 818 formuladores y profesionales de las 24 regiones. Este año, se continuará en esa línea, con la finalidad de seguir promoviendo una mayor inversión. Modificaciones al reglamento de Procompite De otro lado, Midagri señala que, con el nuevo reglamento aprobado de Procompite, se posibilitará un mejor acceso a cofinanciamientos, en beneficio de pequeños y medianos productores organizados, en materia agraria a nivel nacional Entre las modificaciones más relevantes, se puede mencionar la ampliación a tres de las categorías (A, B y C) de planes de negocios que serán cofinanciados, mejorando y focalizando el acceso de las organizaciones. Ahora, solo se requiere diez socios, un monto mínimo a cofinanciar por plan de negocio de S/ 80 mil y una disminución del monto de contrapartidas monetarias en la categoría cuyo valor de plan no supere los S/ 200.000. Además, se hará un uso eficiente de recursos en cuanto al proceso concursable, asegurando la liquidación y cierre de planes eficientes y sostenibles, lo cual permitirá posteriormente que una organización exitosa -que haya ejecutado un Procompite- pueda complementar en un segundo eslabón de la cadena un cofinanciamiento con otros programas del Estado como Agroideas. Otra modificación resaltante es que los gobiernos regionales y locales podrán realizar sus informes de priorización de cadenas productivas, sin necesidad de contratar servicios tercerizados para un estudio situacional. Así, se reducirán tiempos y presupuesto para dar mayor agilidad al proceso concursable. Es preciso mencionar que recientemente fue aprobado mediante Decreto Supremo N° 001-2021-Produce el Reglamento de la Ley N° 29337, Ley que establece disposiciones para apoyar la competitividad productiva (Procompite).",agraria.pe/agronegocios,https://agraria.pe/noticias/gobiernos-regionales-y-locales-cuentan-con-un-presupuesto-de-23521
2021-01-25,Solo un 1.4% de los productores agropecuarios fueron beneficiados por seguros agrícolas," Si bien la agricultura se presenta como una de las principales actividades generadoras de empleo y divisas en el país, existen circunstancias climatológicas que limitan la productividad de los cultivos como friajes, inundaciones, huaicos y sequías, señaló la Sociedad de Comercio Exterior del Perú (Comex Perú) La entidad indicó que dichos factores suponen importantes riesgos para los productores y deberían ser controlados con medidas que permitan disminuir la incertidumbre y promover la inversión en la actividad agraria. Como ejemplo de las consecuencias climatológicas en los cultivos y la producción agrícola, dijo que el BCR señaló que la tendencia favorable del sector agropecuario en el primer semestre de 2020 se revirtió en el tercer trimestre del año, por un déficit de lluvias en las sierras norte y centro del país, que afectaron cultivos de papa, maíz y arroz. Además, indicó que, según el Banco Mundial, uno de los principales riesgos para el desempeño de la agricultura en 2021 serán las condiciones emergentes del fenómeno de La Niña, que, de acuerdo con la Administración Nacional Oceánica y Atmosférica, duraría hasta la primavera de 2021 con un 60% de probabilidad, lo cual reduciría el rendimiento de algunos cultivos por mayor sequedad. A esto se suma que, según un informe del Fondo Internacional de Desarrollo Agrícola (FIDA), debido a la presencia de riesgos por factores climatológicos, los pequeños agricultores se encuentran obligados a adoptar medidas como la diversificación de su producción, mantener un ahorro precautorio, la migración selectiva de los miembros del hogar, el retiro de los hijos de la escuela para que trabajen y la reducción del nivel de consumo. “Sin embargo, el FIDA indica que, lejos de brindar un aseguramiento completo, estas medidas resultan costosas en términos de pérdida de bienestar, por lo que una alternativa que permite estabilizar los ingresos de los productores cuando se produce algún siniestro climatológico y que mejora la capacidad de recuperación productiva son los seguros agrícolas”, destacó. Según el FIDA, entre los principales beneficios del seguro agrícola se encuentran: (i) permiten a los pequeños productores adoptar cultivos o técnicas de cultivo más productivos, a pesar de ser más riesgosos, (ii) mejoran la capacidad de inversión de los productores, (iii) distribuyen el riesgo y la carga de recuperación entre distintos actores, y (iv) mejoran el acceso a servicios financieros. A pesar de esto, según resultados de la Encuesta Nacional Agropecuaria (ENA) de 2019, solo un 1.4% de los productores en el país habrían sido beneficiarios de seguros agropecuarios; además, se resalta la gran brecha de inclusión financiera existente en la actividad agropecuaria, pues apenas un 9.8% de productores habría solicitado crédito y tan solo un 21.8% contó con alguna cuenta de ahorro. “Debido al escaso empleo de los seguros agrícolas en el país, es importante recuperar las lecciones aprendidas sobre aquellos que han sido innovadores y exitosos en la región, y que lograron beneficiar a pequeños productores”, sostuvo. En ese sentido, dijo que el FIDA destaca tres casos de seguros agrícolas exitosos: (i) CafeSeguro, en Colombia; (ii) Microseguro agrícola para producción de sésamo, en Paraguay, y (iii) Produce Seguro, en El Salvador. Los dos últimos son seguros paramétricos. Indicó que entre las principales lecciones se resalta que los seguros agrícolas exitosos poseen un amplio aspecto misional más que la búsqueda de rentabilidad, sin dejar de lado la sostenibilidad financiera del producto; además, la arquitectura institucional debe estar basada en colaboración y es de alta relevancia la presencia de una institución conocedora del tema. Asimismo, es importante señalar que la innovación debe ser apoyada desde la regulación, para agilizar los procesos de prueba y aprobación. “En el Perú, la anunciada elaboración de un seguro que reemplazaría el seguro comercial y catastrófico en 2019, no se ha concretado hasta la fecha. No obstante, los esfuerzos, investigaciones y análisis del Estado para brindar un seguro agrícola exitoso a la población no deben detenerse, pues un trabajo conjunto entre el sector público y privado beneficiaría a miles de agricultores. No dejemos que pase más tiempo sin actuar”, finalizó Comex Perú.",agraria.pe/agronegocios,https://agraria.pe/noticias/solo-un-1-4-de-los-productores-agropecuarios-fueron-benefici-23506
2021-01-20,Potencial comercial del kion orgánico enriquece la canasta exportadora peruana," La directora de Estudios Económicos e Información Agraria del Ministerio de Desarrollo Agrario y Riego (Midagri), Carolina Ramírez, afirmó que el jengibre peruano se caracteriza por su gran calidad y, principalmente, porque su producción se efectúa de manera orgánica. “En el mundo, el Perú está muy bien posicionado en este aspecto. De hecho, compartimos los primeros lugares en producción de jengibre orgánico en el mundo, pues en el 2020 ocupamos la cuarta posición como productor”, afirmó la funcionaria. Al respecto, sostuvo, el país cuenta con una importante ventaja, pues se dirige específicamente a nichos de mercado en donde prevalecen tendencias de consumo más saludables. “Por eso, competir directamente en la plaza convencional, en donde China es el líder con una producción muy superior a la nuestra, sería inconveniente. El mercado orgánico es nuestro objetivo y logramos una gran penetración no solo por parte del kion, sino también por otros productos que se cultivan en esas mismas condiciones”, manifestó Ramírez. Producción De acuerdo con el Midagri, en la actualidad la producción de jengibre se concentra en la región Junín, básicamente en las provincias de Chanchamayo y Satipo, en cuyos suelos fértiles se cultiva aprovechando los microclimas húmedos de temperaturas moderadas, propios de los valles ubicados entre la vertiente oriental de los Andes y la selva amazónica, donde se origina más del 90% de la producción total de jengibre. “Trabajamos en otras regiones para incrementar sus niveles de producción. Registramos picos de cosecha de kion. Así, en el 2016 se obtuvieron 2.200 toneladas, posteriormente se registró un descenso a escala mundial, para luego remontar estos niveles y alcanzar en el 2020 una producción de 15.000 toneladas”, manifestó Ramírez. Sostuvo que es fundamental ampliar el horizonte de tierras de cultivo para el jengibre. “Los centros de investigación regional del Instituto Nacional de Innovación Agraria (INIA), junto con la Dirección General de Asuntos Ambientales Agrarios (DGAAA), deben identificar aquellas zonas, entre los 800 y 1.200 metros sobre el nivel del mar en las regiones Cusco, Pasco, San Martín, Amazonas y Madre de Dios, que tienen similares condiciones que las tierras de Chanchamayo y Satipo”, precisó la funcionaria. Agregó que se podrá ampliar la oferta, en particular del jengibre orgánico, y de esta manera abastecer al mercado interno y alcanzar nuevos mercados en proceso de crecimiento que no cuentan con suficiente oferta. “Urge ampliar la oferta, a fin de atender no solo el mercado local, sino también a los grandes mercados, Estados Unidos y Europa, por ahora copados por China, cuya producción no se caracteriza, necesariamente, por ser de calidad; todo lo contrario, la producción de calidad es la excepción en su oferta”, manifestó. Estrategia La directora de Estudios Económicos e Información Agraria del Midagri aseveró que el ministerio trabaja en una estrategia que posibilite el impulso del comercio del jengibre orgánico peruano. Dijo que ese portafolio brinda además apoyo y asistencia técnica a los agricultores para que alcancen importantes niveles de desarrollo en estos cultivos. “Por ejemplo, mediante la facilitación de ciertos fondos, se pueda apoyar a cooperativas o comunidades agrícolas, a fin de obtener las certificaciones que requieren para exportar a los mercados nicho”, comentó Ramírez. En el plano comercial, sostuvo que se desarrollan herramientas que faciliten a los productores dar a conocer sus productos, así como las técnicas que utilizan para sus cultivos. “Trabajamos, por ejemplo, en un catálogo virtual de productos agrarios, en el que los productores muestran su oferta en el ámbito internacional y así puedan contactarse con consumidores o compradores y desarrollar importantes negocios”, aseveró. La industrialización Las expectativas en torno al futuro del kion en los mercados foráneos son muy grandes. No obstante, para la representante del Midagri, no nos debemos quedar solo en los envíos del producto fresco. “Es necesario pensar en una industrialización del jengibre”, sostuvo. “La pandemia del covid-19 abre muchas posibilidades, considerando las ventajas y beneficios medicinales que tiene el producto. En definitiva, su consumo continuará aumentando”, precisó Ramírez. Por ello, agregó, es fundamental diversificarlo y agregarle valor. “Próximamente, ya no será conveniente exportar jengibre fresco, sino de un modo mucho más industrializado. Podemos exportar jengibre en polvo para su consumo directo, así como generar nuevos productos, como galletas, bebidas que contengan jengibre o snacks. Las posibilidades son muchas”, comentó. Aseguró que, para lograr estos objetivos, es primordial trabajar en la sensibilización de los beneficios del kion. “Para ello, se podrían organizar talleres para difundir los resultados y el potencial que tiene este producto, a fin de despertar el interés de los agricultores. Además, trabajaremos con la Sociedad Nacional de Industrias (SNI), la Asociación de Exportadores (Adex) y otros gremios regionales en la difusión de estos contenidos”. A partir de este análisis, dijo, se coordinará con la Dirección General Agrícola el planteamiento de algún trabajo más específico, con el propósito de proporcionar asistencia técnica o cualquier tipo de información que requieran los productores en el campo. Fuente: El Peruano",agraria.pe/agronegocios,https://agraria.pe/noticias/potencial-comercial-del-kion-organico-enriquece-la-canasta-e-23479
2021-01-20,AGAP: Utilidades netas de sector agroexportador solo representan el 9.6% del total de las ventas," En el 2019, las agroexportaciones peruanas alcanzaron ventas por US$ 7.000 millones, sin embargo, las utilidades netas solo ascendieron a US$ 672 millones, es decir el 9.6% del total. Así lo indicó el presidente de la Asociación de Gremios Productores Agrarios del Perú (AGAP), Alejandro Fuentes, quien dijo que dicho porcentaje es muy bajo, ya que, al tratarse de un sector de alto riesgo, debería tener una utilidad neta del 15%. “En la agricultura hay muchos factores de riesgo que uno no maneja como el clima, disponibilidad de agua, presencia de plagas, por lo que una rentabilidad de 9.6% es baja; la expectativa que tiene un inversionista de una gran o mediana empresa en un sector como este es de alrededor del 15%, es decir de lo que vendes tener una ganancia del 15%”, sostuvo. En ese sentido, dijo que algunos congresistas tienen problemas de interpretación ya que varias veces los hemos escuchado decir que las utilidades del sector son de US$ 7.000 millones, “una cosa es lo que ha vendido el sector y otra cosa son las utilidades del sector”. Pago de impuestos Sobre lo referente al pago de impuestos, el presidente de AGAP dijo que en los 20 años que duró la ley de promoción agraria -que fue derogada en diciembre del 2020- el sector pagó S/ 5.762 millones en impuestos. “Si nosotros no hubiésemos tenido esa ley promotora y hubiésemos venido creciendo en el sector agroexportador como se venía haciendo en la década de los 80 y 90, el pago hubiera sido de S/ 3.256 millones, es decir hubiésemos terminado pagando menos impuestos de lo que el sector ha pago a la fecha”, indicó En ese sentido, dijo que no es correcto lo que indican que por tener una menor tasa se paga menos impuestos. “Lo que ocurrió con esta ley es que gracias a que hubo una menor tasa de impuestos, el sector creció 4 veces más de lo que hubiera crecido si no hubiese habido esta promoción para el sector”, detalló. Costo de mano de obra En otro momento, Alejandro Fuentes señaló que el costo de la mano de obra en este sector varia entre el 40% y 60% del costo total de producción. Si se compara el costo de mano de obra sobre el costo total en otros sectores importantes de la economía peruana como minería (25%), construcción (30%) o sector textil (30%), esta no supera el 30%. “Esto no es un tema menor, si el incremento hubiese sido en otros factores de la producción probablemente no pasaría nada, pero el costo más relevante para el sector es la mano de obra, por lo tanto, cualquier impacto que se tenga sobre este costo es relevante sobre la rentabilidad y sostenibilidad del negocio”, aseveró. En cuanto a la Bonificación Especial por Trabajo Agrario (BETA) del 30% de la Remuneración Mínima Vital, es decir representa un incremento de S/ 279 mensual para el trabajador, dijo que para tener una idea de la magnitud, si se compara con cualquier otro incremento que se haya dado de la Remuneración Mínima Vital (RMV) en la historia del Perú, el incremento más alto fue de S/ 100, por lo que este incremento es 2.8 veces mayor, sin embargo siguen habiendo quejas que van más por el lado político-ideológico. “Pareciera que hay un ánimo de que el sector deje de crecer y entre en una situación como la que se encuentra hoy en día la agroexportación en Chile, que, si bien fue un ejemplo en el pasado, hoy en día más del 74% del volumen de las frutas exportados por ese país viene decreciendo en los últimos 4 años, con un decrecimiento promedio de la industria del 4.4% anual”, detalló. Agregó que hoy en día la remuneración en el sector es de S/ 1.209 al mes, sin incluir gratificaciones y CTS). Sin embargo, dijo que la remuneración promedio en el sector agrario informal es de S/ 533 (según El Ministerio de Trabajo y Promoción del Empleo). “Es en el sector informal donde está el problema y debe ser abordado y no en tratar de hacer inviable a aquellas empresas en el sector formal”. “El incremento del costo para la empresa no es de S/ 279 sino es de S/ 362.34 al mes porque aquí se está incluyendo el pago a EsSalud, Vida Ley y la asignación familiar. Este incremento es bastante relevante porque entre el 40% y 60% del costo total del producto es mano de obra”, indicó. Adicionalmente a esta remuneración mínima (de S/ 1.209 al mes), dijo que en el sector desde hace algunos años se viene dando bonos de productividad o destajo, que son el reconocimiento al valor generado por el trabajador en una determinada labor, que puede ser cosecha, poda, embalaje, raleo, entre otros. Ese bono de productividad se fija por labor y son de mutuo acuerdo entre las empresas y el trabajador, y va a depender de muchas variables (cultivo, variedad, la edad de la planta, entre otros). Este bono puede, sin ningún problema, duplicar y en algunos casos triplicar la RMV. “Se debe buscar mejorar las capacidades de las personas para que pasen de tener un bajo rendimiento en una determinada labor, a ser personas de alto rendimiento y así ver que sus ingresos mejoren de manera sustantiva”. Dato . Alejandro Fuentes también se refirió a temas como la alimentación y transporte del personal que están incluidas en la nueva ley agraria. Al respecto, dijo que para tener una ida del impacto que pueden tener estas obligaciones, el costo de alimentación para el sector ascendería a S/ 360 millones (cada menú S/ 6, para 500 mil personas por 120 días al año), mientras que el costo de transporte alcanzaría los S/ 600 millones (pasaje S/ 10 en promedio, para 500 mil personas por 120 días).",agraria.pe/agronegocios,https://agraria.pe/noticias/agap-utilidades-netas-de-sector-agroexportador-solo-represen-23474
2021-01-19,"""Con nuevo molino vamos a duplicar la capacidad de producción nacional"""," Como una señal de que se debe seguir invirtiendo, Costeño Alimentos se enfocará este 2021 en un nuevo proyecto, el mismo que busca replicar el modelo que tiene en Sullana (Piura). Su gerente general, Jorge Alfaro, indica que la idea no pasa solo por producir más arroz nacional, de alto consumo, sino también por explorar innovaciones, e incluso nuevas marcas. ¿Cómo cerró Costeño Alimentos el 2020? Cerramos con un nivel de dos dígitos por encima de 10% respecto al año anterior, pero el 2020 fue retador. Recordemos que somos una empresa de servicios esenciales y seguimos operando en pandemia. ¿Cómo vieron el comportamiento de la pandemia? El comportamiento de los canales de venta ha variado. Hoy el canal moderno ha crecido y cubierto un mejor rol de abastecimiento por los mismos niveles de salubridad. Se ha visto más golpeado el canal tradicional. Le fue bien al canal e-commerce y si bien no participamos directamente, sí apoyamos a quienes iniciarán operaciones para atender ese canal. Nuestro foco estuvo en reforzar la fuerza de ventas. ¿Y con qué planes arrancan este 2021? A fines del año pasado hicimos una adquisición de una nueva unidad productiva en San Hilarión (San Martín) con la compra de un molino, y hoy nuestro plan es poder tener un proyecto de desarrollo y ampliación de dicha unidad, como lo hicimos en su momento en Sullana. ¿En qué consiste el proyecto? Se hará en tres etapas y en los próximos años debería estar concluido el desarrollo; con ello seguimos como Grupo Camil apostando por el país, y permitir que más agricultores de arroz crezcan con nosotros. ¿Cómo nace la idea de la compra? Estuvo entre nuestros planes desde el 2019 y viajé mucho a la zona a ver qué alternativas había. O iniciábamos un molino de cero, o comprábamos uno que nos permita ser la base de las operaciones, como lo fue el molino de Sullana y de ahí llevarlo a nuestros estándares. ¿Se vieron varias opciones? Incluso tuve conversaciones avanzadas con un propietario de molino hacia febrero del 2020, pero la pandemia congeló en algo la negociación. Hacia agosto que se pudo volver a viajar vimos que el proceso ya no se podía dar y buscamos otro molino en la zona, y a fines de septiembre tuvimos el contacto con un nuevo vendedor, y todo estuvo cerrado en la quincena de diciembre. ¿Es una compra a una empresa local? Así es. Si viene un molino pequeño (casi 50.000 m2) para el tipo de operaciones que tenemos, lo interesante es que tiene una buena área de terreno, donde podríamos armar la unidad productiva como requerimos y usar parte de los equipos que tenía el molino para el desarrollo de nuestro proyecto. ¿Por ahora no está operativo el molino? Tal cual está podríamos iniciar operaciones el siguiente mes porque estamos en proceso de autorizaciones, licencias y registro para operar, hasta que lleguen las maquinarias para la primera etapa. Además, estamos haciendo obras civiles para de alguna manera dar bienestar a los trabajadores. ¿Cuánto es lo que va a invertir en la compra? No puedo revelar el monto por confidencialidad. Pero sí puedo decir que estimamos invertir en esta unidad productiva alrededor de US$ 10 millones. ¿Cómo arrancan las etapas? Este año ya inicié la compra de equipos para esta nueva unidad y he colocado órdenes de compra para un proveedor nuestro de Brasil, y este primer lote de maquinaria llegaría a Perú en junio de este año, para hacer el montaje, a fin de que esté listo a fines de junio y principios de julio. Esta etapa está abocada a la primera cadena de la unidad productiva que viene a ser la recepción de arroz cáscara, es decir, secado y almacenaje estático. ¿Y cuándo arranca la segunda y tercera etapa? De ahí viene la colocación de órdenes de compra hasta julio de este año para la segunda etapa, que será la ampliación de la etapa del molino y otra de almacenamiento estático. La maquinaria debería llegar hacia noviembre y diciembre de este año. En marzo del 2022 debemos colocar la orden de compra de mi última etapa que estará enfocada en la parte de almacenaje estático y distribución; para diciembre del 2022 deben haber culminado las etapas. ¿A cuánto se está elevando la capacidad de producción? Con San Hilarión vamos a duplicar la capacidad productiva de arroz nacional en 2 años. Hoy en día importamos, como también generamos arroz nacional. El peso de la importación de arroz es de 65% y 35% arroz local. En dos años debemos mantener el volumen de importación y crecer al doble el de arroz nacional. En ese momento debería cambiar el mix de venta para tener un 65% arroz nacional versus un 35% de importado. ¿El arroz importado dejará de ser importante? El arroz importado va a un nicho específico de mercado, que no va a cambiar. Si vemos el peso de la importación en el país se mantiene en 10% a 15%. Hay años en que ha subido a 20% por otros factores, pero ese 10% a 15% no afecta al arroz nacional. ¿Y cómo va la demanda de arroz nacional? El arroz nacional representa el 85% al 90% del consumo y lo que queremos es participar de esa torta más grande. Nosotros queremos duplicar la venta del arroz nacional. ¿Elevar capacidad y querer elevar ventas los lleva a pensar en una nueva marca o producto? Sí, es muy probable, porque estaremos trabajando con otro tipo de variedades que no son las que hay en la costa, y puede darse el desarrollo de una nueva o impulsar algún tipo de marca de la que tenemos en el portafolio. Miran nuevas marcas Jorge Alfaro sostiene que el proyecto del nuevo molino es uno de los más importante para Costeño Alimentos en los últimos años, y va de la mano con un plan de innovaciones, pues tendrán distintas variedades de arroz. ""Tenemos que ver a qué nicho de mercado le gusta tal tipo y desarrollarlo. En esta primera etapa, hasta junio, usaremos las variedades que hay allá, darles distinto tratamiento industrial e ir haciendo pequeños focos group para saber qué quiere el consumidor y darle ese producto"", explicó. Cuando ya lo tenga verán cuál es la mejor opción. ""Sí usar una de las marcas que tenemos en el mercado para reorientarla, o se refuerza, o introducir una nueva, en base el portafolio que tenemos porque hay algunas que en este momento no estamos usando. Y si no son del agrado del focus group generaremos una nueva"", agrega el ejecutivo. Como marcas operativas hoy tienen a Costeño, Paisana, Hoja Redonda, Molino Rojo, Del Sur (para Arequipa), Del Norte (para la zona norte de Lima), pero, además, el portafolio cuenta con otras que se han usado antes y puede ser propicio relanzarlas al mercado. Fuente: Gestión",agraria.pe/agronegocios,https://agraria.pe/noticias/con-nuevo-molino-vamos-a-duplicar-la-capacidad-de-produccion-23468
2021-01-19,Estados Unidos es el principal importador de jengibre del mundo," Estados Unidos es el más importante importador de jengibre del mundo, debido a las altas cotizaciones que dicho producto tiene en su mercado interno, informó la Dirección General de Políticas Agrarias, de la Dirección de Estudios Económicos e Información Agraria del Ministerio de Desarrollo Agrario y Riego (Midagri) La entidad detalló que Estados Unidos cuenta con dos subpartidas arancelarias para el jengibre entero: otros sin triturar ni moler (entero convencional) y sin triturar ni moler, orgánico certificado (entero orgánico). Convencional Aproximadamente un 89% de las importaciones de jengibre por parte de Estados Unidos son convencionales, aunque en el 2019 cayó a 88%. Esta partida muestra un comportamiento sostenidamente creciente, con una tasa promedio anual de 8.3%. En el 2019 importó 78.505 toneladas. En el período enero-agosto del 2020, Estados Unidos importó 63.392 toneladas, un 17% por encima del volumen importado en el mismo período de 2019 (54.100 toneladas). Este crecimiento se explica por la importancia que se le ha dado al jengibre como insumo no solo para la industria alimentaria, sino también como un remedio casero para el fortalecimiento del sistema inmunológico en esta coyuntura de crisis sanitaria y de impacto del Covid-19. A nivel de países proveedores de jengibre a Estados Unidos, destaca nítidamente China, como el más importante abastecedor a este mercado, con un promedio del 77% de participación sobre el total importado. Sin embargo, se puede observar que la tasa de participación viene declinando de un 83% en el 2013 a un 76% en el 2019 (59.555 toneladas) y un 69% en el período enero-agosto de 2020 (43.729 toneladas). La menor participación china está siendo asumida por un protagonista que viene creciendo sostenidamente a una tasa promedio anual de 19%. Este país es Brasil, que, en el 2018, duplicó su abastecimiento a los Estados Unidos respecto al 2017, pues creció de 3.158 toneladas a 6.488 toneladas. En el 2019, aumentó en 23%, con un volumen de 7.957 toneladas, desplazando del mercado a crecientes proveedores como Perú y Costa Rica y elevando su participación a un 10% respecto al total importado. En parte del 2020 aumentó en un 12%. Perú es el tercer proveedor en importancia de jengibre a Estados Unidos, con una tasa de crecimiento promedio anual de 15.1%. Registró el volumen más importante en el 2017 (5.4114 toneladas); sin embargo, declinó en los siguientes dos años, llegando al nivel más bajo en el 2019 con 2.831 toneladas. No obstante, en el período enero-agosto de 2020, ha logrado recuperarse, incluso, a la fecha, ha superado el volumen colocado en todo el 2019, que corresponde a 3.880 toneladas (37% de crecimiento). Orgánico El jengibre orgánico es la nueva presentación que Estados Unidos ha empezado a importar en cantidades por ahora poco significativas, no por la falta de demanda, sino por su limitada oferta. Actualmente, se observa importaciones de volúmenes limitados, que representan aproximadamente el 11% en promedio del total demandado de jengibre del exterior. Sin embargo, esa participación se ha elevado a un 12% en el período enero-agosto del 2020. Es interesante observar que, en el 2014, se elevaron las importaciones hasta 9.725 toneladas, una cifra nunca repetida ni superada por ahora. En los siguientes años, las importaciones declinaron paulatinamente hasta llegar al nivel más bajo en el 2017, con un volumen de 5.643 toneladas, que luego se recuperó en los siguientes años y alcanzó un volumen récord en los primeros ocho meses del 2020, con una cifra de 8.404 toneladas, un 85% por encima de la cifra importada en el mismo período del 2019 (4.500 toneladas). En cuanto a los principales países proveedores de jengibre orgánico, actualmente destaca el Perú como el más importante, con el 86.5% de participación, nivel alcanzado en el período enero-agosto del 2020 (7.267 toneladas). En el 2019 Perú destinó 5.682 toneladas de jengibre orgánico a este mercado. Anteriormente, el principal proveedor era China que, en años anteriores logró participar con tasas por encima del 80%; sin embargo, la paulatina caída de las importaciones norteamericanas de jengibre orgánico, debido a la menor oferta china, se vio interrumpida con el incremento de las importaciones desde Perú, desplazando al tradicional proveedor, a partir del 2017 hacia adelante. En el período enero-agosto del 2020, la participación de China ha caído a solo un 4.7% del total importado por Estados Unidos. La India es otro país proveedor de jengibre orgánico. Este país mantiene cierta regularidad en su abastecimiento al mercado norteamericano, aunque los volúmenes importados son bastante limitados.",agraria.pe/agronegocios,https://agraria.pe/noticias/estados-unidos-es-el-principal-importador-de-jengibre-del-mu-23463
2021-01-13,Exportación de mango fresco caería 12% en la campaña 2020/2021 por mal clima," Como resultado de las campañas de cosecha de mango realizadas a nivel nacional en el periodo 2019-2020, El Perú logró exportaciones de esas frutas frescas por cerca de 235.000 toneladas, un crecimiento anual de 38.23% frente a la campaña previa (2018-2019), estimó la Asociación Peruana de Productor y Exportadores de Mango (APEM). No obstante, para la campaña 2020 2021 se proyecta alcanzar un estimado de 207.000 toneladas de mango fresco a exportar en promedio (es decir una caída de 12% con respecto a la campaña anterior), de acuerdo a cálculos de esa asociación, según indicó su presidente, César Morocho. Explicó que la menor cosecha prevista de esa fruta se debe fundamentalmente a factores climáticos: En primer lugar, los retrasos de hasta 2 semanas en la floración por las temperaturas mínimas registradas a mediado de 2020. A ello se sumó los problemas de sequía que se produjeron en octubre, y particularmente en la zona norte del país, que es en la que se concentran los cultivos: 65% en Piura, 12% en Lambayeque y el resto en Casma (Áncash). Fue en esa zona donde el almacenaje de agua en los últimos meses de 2020 cayó a su nivel más bajo de los últimos años, y aún hoy están por debajo del 50% de su capacidad, según el Servicio Nacional de Meteorología e Hidrología del Perú (Senamhi). Ahora con el aumento del calor en este verano, la floración, anotó Morocho, ha llegado de golpe, de tal forma que no va a permitir exportar todo el mango que se va a producir, por falta de capacidad instalada (para procesamiento y embarque) de los productores, y en los puertos. Nuevo mercado Por su parte, PromPerú informó que, a fin de posicionar al Perú como origen del mango de calidad, se realizó un evento en reconocidas tiendas en Corea del Sur, organizado por Hyundai. Sin embargo, APEM consideró que llegar con más fuerza a mercados del Asia requiere mayores inversiones, que hoy ya no tienen incentivo al haberse eliminado la Ley de Promoción Agraria, y al haber aumentado sus costos la norma que lo reemplazó. Datos . Europa acoge el 65% de las exportaciones del mango del Perú, Estados Unidos el 25% y un 10% va a Chile y Canadá. . Con la eliminación del régimen de promoción agraria, el retorno a la inversión para el mango caería de 11% a 7.3%, según proyectó Apoyo. Fuente: Gestión",agraria.pe/agronegocios,https://agraria.pe/noticias/exportacion-de-mango-fresco-caeria-12-en-la-campana-2020-202-23429
2021-01-13,Agroexportaciones peruanas crecieron 6.27% durante enero-noviembre de 2020," De enero a noviembre de 2020, las agroexportaciones peruanas (tradicionales + no tradicionales) sumaron US$ 6.633.000.000, mostrando un incremento de 6.27% frente a los US$ 6.241.065.000 alcanzados en iguales meses del año previo. Así lo informó la Sociedad de Comercio Exterior del Perú (Comex Perú) quien detalló que en los primeros once meses del año pasado, los envíos agrarios tradicionales ascendieron a US$ 652.000.000, registrando una reducción de -3% en comparación a los US$ 672.165.000 obtenidos en similar periodo de 2019. Este subsector representó el 9.82% del total de las agroexportaciones. Por su parte, los despachos agropecuarios y/o agroindustriales (no tradicional) en el periodo analizado de este año alcanzaron los US$ 5.981.000.000, notándose un crecimiento de 7.4% versus los US$ 5.568.900.000 alcanzados en los mismos meses de 2019. Este subsector concentró el 90.18% del total de las agroexportaciones. Los principales cultivos despachados durante enero-noviembre de 2020 fueron arándanos frescos US$ 924 millones (+27.5%) y uvas frescas US$ 712 millones (+18.3%). Solo noviembre El gremio de comercio internacional indicó que solo en el mes de noviembre de 2020, las agroexportaciones totales (tradicional + no tradicional) sumaron US$ 850.000.000, mostrando un incremento de 12.9% frente a los US$ 752.827.000 alcanzados en igual mes de 2019. Detalló que en noviembre de 2020, los envíos agrarios tradicionales ascendieron a US$113.000.000, registrando un aumento de 8% en comparación a los US$ 104.630.000 obtenidos en similar mes de 2019. Por su parte, los despachos agropecuarios y/o agroindustriales (no tradicional) en noviembre de 2020 alcanzaron los US$ 737.000.000, notándose un crecimiento de 13.7% versus los US$ 648.197.000 alcanzados en el mismo mes de 2019. En dicho mes, los principales productos despachados fueron uvas frescas con US$ 201 millones (+26.7%), arándanos frescos con US$ 180 millones (+10.3%), espárragos frescos o refrigerados con US$ 45 millones (+6.8%).",agraria.pe/agronegocios,https://agraria.pe/noticias/agroexportaciones-peruanas-crecieron-6-27-durante-enero-novi-23421
2021-01-08,Seis nuevos productos ganarían protagonismo en la canasta agroexportadora en siguientes años," Al menos seis nuevos productos de agroexportación peruanos cuentan con una gran demanda potencial en el exterior, por lo cual podrían ocupar un lugar importante en los envíos del sector en los próximos años. Rafael Zacnich, gerente de Estudios Económicos de la Sociedad de Comercio Exterior del Perú (Comex Perú), indicó que los principales son la granadilla y la frambuesa, seguidos del aguaymanto, la pitahaya y la cúrcuma. Por último, se encuentra la cereza, cuyos cultivos están todavía en periodo de prueba en el país. Ellos se sumarían a los actuales protagonistas de la canasta agroexportadora peruana, como las uvas, los arándanos y las paltas, lo cual contribuirá a una saludable diversificación. Convertir este potencial en una realidad dependerá en gran medida de que Estados Unidos expida las autorizaciones sanitarias para que dichos frutos ingresen al país, resaltó. “Desde hace cinco o diez años se viene gestionando el ingreso de nuevos productos de nuestra oferta exportable a los Estados Unidos, que es nuestro principal socio en agroexportaciones, pues es el destino del 35% de nuestras agroexportaciones. Sabemos del interés que generan y del potencial que pueden tener estos productos cuando se obtengan estos certificados sanitarios, no necesariamente en el 2021 pero sí en los próximos años”, indicó Zacnich. Varios de los mencionados frutos en la actualidad se envían solo como muestras, es decir en cantidades muy reducidas, pero la granadilla ya se exporta a destinos como Canadá, España, Países Bajos, Italia y Francia. En el 2019, los envíos anuales de este nuevo producto sumaron unos US$ 345.000. De igual manera, el aguaymanto se destina principalmente a Corea del Sur, Japón y Dinamarca. Entre los seis productos agrícolas citados, la frambuesa es la que mayores expectativas despierta entre los agroexportadores. Hasta ahora únicamente se han enviado al exterior pequeñas muestras equivalentes a unos US$ 2.000 o US$ 5.000. Pero su ingreso a los Estados Unidos podría marcar un punto de inflexión, por tratarse de un producto que este país importa en volúmenes valorizados en US$ 1.400 millones cada año. Si Perú ingresara a competir con el principal proveedor de frambuesas de los Estados Unidos, que es México, podría seguir una ruta similar a la recorrida por los arándanos peruanos, sostiene el gerente de Comex Perú. Desde su punto de vista, si se abre un mercado tan importante para este producto, crecerá exponencialmente el interés de las agroindustriales por invertir en este cultivo. “Desde que se inició la pandemia, en los principales mercados del mundo se están buscando productos que tengan antioxidantes y sean saludables, lo que abre una gran oportunidad para estos nuevos productos. Es muy probable que se consoliden en los próximos años”, remarcó. Sobre las pruebas de cultivos de cereza, recientemente el consultor en fruticultura, Odilo Duarte dijo que se han obtenido los primeros resultados positivos. “Hay algunas variedades de cerezas que parece que pueden adaptarse bien al clima peruano, pues los cultivos han floreado. Los resultados de los ensayos han dado esperanzas de que esto puede funcionar”, dijo a fines de diciembre. No obstante, tanto Duarte como Zacnich advierten que el cambio en la Ley de Promoción Agraria y la controversia precedente podrían desalentar las inversiones en estos nuevos productos. Fuente: Gestión",agraria.pe/agronegocios,https://agraria.pe/noticias/seis-nuevos-productos-ganarian-protagonismo-en-la-canasta-ag-23394
2021-01-08,Apear: Arroz cáscara fue el principal cultivo que sostuvo el crecimiento del sector el año anterior," El sector agropecuario tuvo un importante desenvolvimiento en el 2020 y eso apuntaría un pequeño crecimiento entre 1% y 1.2%, según estima el Ministerio de Desarrollo Agrario y Riego (Midagri). Entre los principales productos que tuvieron un crecimiento entre enero y octubre de 2020, además de los arándanos y páprika, está el arroz cáscara con 10.1% debido a una mayor superficie sembrada y cosechada al norte del país. Lambayeque, San Martín y Piura fueron las regiones que propulsaron esta mejora en la obtención de uno de los productos más importantes de la canasta familiar. Actualmente, estas zonas están iniciando los almácigos, junto a La Libertad y Tumbes. En tal sentido, se espera que logren satisfacer la demanda nacional, informa el presidente de la Asociación Peruana de Productores de Arroz (Apear), Saúl Núñez Montenegro. El arroz en cáscara fue el principal cultivo que sostuvo el crecimiento del sector en el 2020, al registrar más de 3′026,000 toneladas producidas durante los primeros diez meses del año. Ello ha permitido que tenga un importante dinamismo. No obstante, con la crisis sanitaria perjudicó a los agricultores elevando el costo de producción por hectárea a casi un 50% más de lo que estaba. Incluso, se reportaron decesos que perjudicaron las cosechas. “Nosotros para trasplantar el arroz, teníamos que trasladar la gente de una región para otra. Por ejemplo, de Lambayeque a Piura. Pero con el coronavirus, no se pudo realizar y tuvimos que pagar más por la mano de obra”, dijo. Esto provocó que el ingreso de arroz desde Uruguay, Brasil, tome mayor presencia en el mercado peruano durante la pandemia. De ambos países se importa el 98% del total de arroz que disponible. Esta situación provocaría una reducción en el precio del arroz para el año 2021, según proyecta el líder gremial. “Mucho va a depender de los envíos de Brasil y Uruguay, los países que más abastecen al Perú. Los precios no van a subir más de lo que están ahora. Se van a mantener e incluso podrían aminorarse porque podría ingresar más cantidad de arroz importado. Pero el precio ya llegó a su tope”, señala Núñez, quien proyecta que la llegada de este cereal al país continuará incrementándose. Añade que, de todas maneras, la cuota de consumo de las familias peruanas estará garantizada con la producción nacional de arroz. Asimismo, estima que la cantidad de arroz será similar a la del 2020. “La producción será la misma. Perú produce 385,000 toneladas al mes para asegurar la canasta familiar y el consumo de los peruanos. Los 70 kilos de consumo per cápita están asegurados para el 2021”, acota. Dato . La Asociación Peruana de Productores de Arroz (Apear) representa a 145.000 productores en 19 regiones del país, quienes cosechan 436.000 hectáreas para abastecer al mercado nacional. Fuente: Gestión",agraria.pe/agronegocios,https://agraria.pe/noticias/apear-arroz-cascara-fue-el-principal-cultivo-que-sostuvo-el--23393
2021-01-07,Perú se consolidó en 2020 como el cuarto exportador mundial de jengibre," El Perú cerró el año pasado como potencia mundial en jengibre. Se ha convertido en el cuarto exportador de jengibre o kion y el sexto de mayor rendimiento por hectárea en el mundo, principalmente promovido por la activa participación de pequeños productores de la región Junín, según informó el Ministerio de Desarrollo Agrario y Riego (Midagri). Los primeros exportadores de jengibre son China, Tailandia y Países Bajos; el Perú es el cuarto exportador de jengibre en el mundo. Si se descuenta la participación de Países Bajos —que no produce jengibre, sino que es un gran comercializador de este producto, el Perú sería el tercer exportador en el planeta. Sin duda, el papel de pequeños productores de jengibre de la sierra ha podido enfrentar con éxito el desempeño casi monopólico de las exportaciones de China, gracias a la ejecución de una estrategia exportadora muy inteligente, que incluso ha facilitado su acceso a los mercados más importantes de Europa y EE.UU. El Perú experimentó en los últimos años un incremento extraordinario en sus exportaciones de kion con un crecimiento promedio de 42.8% anual. Hasta el 2017, ocupaba el quinto lugar en el mundo como país exportador, pero, en el 2018 superó a la India y pasó a ocupar el cuarto lugar hasta la fecha. Pese a la presencia casi monopólica de la producción China, el Perú ha logrado ubicarse este año como el tercer abastecedor de jengibre convencional a los EEUU, después de China y Tailandia. Además, con el “jengibre orgánico” nuestro país ha desplazado a China del mercado norteamericano y se ha constituido en el más importante proveedor. El “kion peruano” fundamentalmente de origen orgánico, posee una excelente calidad, tamaño pequeño y un sabor mucho más intenso que el jengibre convencional, lo que ha permitido impulsarlo como producto único y de enorme potencial para conquistar nuevos mercados. En la actualidad, China representa el 67% de la oferta mundial en promedio del jengibre, mientras el resto de países proveedores como Tailandia, Países Bajos y el Perú, tienen en conjunto una participación promedio de solo un 16.4%, aunque en los últimos dos años han obtenido una mayor presencia y representan el 20% del mercado total (2018-2019). Mayor rendimiento Del mismo modo, el Perú es el sexto país con mayor rendimiento de jengibre por hectárea en el mundo. Según cifras del sector, el promedio es de 18.5 toneladas por hectárea, y con buenas semillas certificadas se ha alcanzado alrededor de 25 toneladas por hectárea. Un poco más del 90% de jengibre se cultiva en la región Junín, que posee las mejores condiciones ecológicas para su siembra, específicamente en las provincias de Chanchamayo y Satipo. En distritos como Pichanaki, Satipo, San Martín de Pangoa y Mazamari, que se ubican en el Vraem (Valle del Río Apurímac, Ene y Mantaro). El periodo vegetativo del kion dura de 6 a 8 meses (dependiendo de la altitud de la zona de producción, entre 800 y 1200 metros sobre nivel del mar). Las siembras de ese producto se dan entre agosto y septiembre. Las cosechas se inician en mayo y extienden hasta abril del siguiente año. A nivel mundial, el Perú se ha constituido en el décimo tercer productor mundial de jengibre, superado por países de Asia y África. Uso medicinal Por otro lado, la demanda local e internacional del jengibre o kion obedece, primordialmente a sus propiedades curativas. Se le atribuyen beneficios medicinales como el fortalecimiento del sistema inmunológico, factor que lo convirtió en una opción en tiempos de COVID-19 que azota al mundo, y que estimuló una mayor demanda del producto. Además, el tallo del jengibre contribuye a una mejor digestión, mejora los síntomas del reflujo gastroesofágico y elimina la pesadez posterior a una comida copiosa. Las enzimas del tallo de jengibre ayudan a la desintegración de las proteínas, lo cual favorece a una evacuación gástrica más rápida. También el jengibre disminuye la tos, la bronquitis y otras infecciones del tracto respiratorio que no mejoran con otros tratamientos. Asimismo su consumo habitual reduce la probabilidad de sufrir numerosas enfermedades cardíacas y contribuye a eliminar cálculos en los riñones, entre otras propiedades.",agraria.pe/agronegocios,https://agraria.pe/noticias/peru-se-consolido-en-2020-como-el-cuarto-exportador-mundial--23381
