fecha,titular,cuerpo_completo,fuente,url
2019-12-31,Exportación de arándanos por parte de Áncash se duplicó en el 2019,"Áncash cuenta con 570 hectáreas de arándanos en plena producción, distribuidas en las provincias de Huarmey y Huaylas, siendo las principales variedades instaladas Biloxi y Emerald.  En el 2019, las exportaciones de arándanos frescos por parte de la región Ancash alcanzaron las más de 3 mil toneladas, volumen que duplicó los despachos del 2018, informó el Servicio Nacional de Sanidad Agraria (Senasa). Destacó que la sostenibilidad económica de este cultivo ha permitido que la agroexportación de arándanos se incremente para este año, llegando a tener 570 hectáreas en plena producción, distribuidas en las provincias de Huarmey y Huaylas. La autoridad sanitaria indicó que las principales variedades de exportación en Áncash son Biloxi y Emerald, con un periodo de producción de abril hasta diciembre de cada año. Las principales empresas exportadoras son Intipa Foods, Green Vegetables & Flowers, EXFRUSUR, Agrícola La Venta y Fundo los Paltos, que registran envíos a países como España, Francia, Inglaterra, Holanda, Estados Unidos, China, Alemania, Tailandia, Emiratos Árabes y Singapur. Para esta campaña 2019, el Senasa certificó 427 envíos, todos con tratamiento en frío, con el fin de asegurar el estado fitosanitario y evitar el ingreso de plagas cuarentenarias a los países importadores.",agraria.pe/agronegocios,https://agraria.pe/noticias/exportacion-de-arandanos-por-parte-de-ancash-se-duplico-en-e-20540
2019-12-30,Agroexportaciones peruanas crecerían 13.3% el próximo año,"En 2019 el sector agropecuario crecerá 3.7% y se proyecta que para el próximo año el sector registrará un incremento superior al 4%.  En el 2020 las agroexportacionens peruanas ascenderían a US$ 8.500 millones, lo que representaría un incremento de 13.3% frente a los US$ 7.500 millones que alcanzarían al cierre del presente año. Así lo indicó el ministro de Agricultura y Riego, Jorge Montenegro Chavesta, quien destacó que los despachos de los tres principales productos de agroexportación (arándanos, paltas y uvas) sumarían más de US$ 2.000 millones. Destacó que en el 2020 el arándano será el principal producto de agroexportación de Perú, ademas se superará a Chile como principal proveedor mundial de esta fruta. Agregó que la meta para el año del bicentenario (2021) es superar los US$ 10.000 millones en agroexportaciones. “Las agroexportaciones siguen consolidandose como la segunda actividad generadora de divisas del país (despues de la minería), y al ser una actividad productiva queremos darle sosteniblidad en el tiempo”, sostuvo. En otro momento, el titular del Minagri, manifestó que en el 2019 el sector agropecuario crecerá 3.7% (agrícola 3.1% y pecuario 4.1%), y se proyecta que para el próximo año el sector registrará un incremento superior al 4%.",agraria.pe/agronegocios,https://agraria.pe/noticias/agroexportaciones-peruanas-crecerian-13-3-el-proximo-ano-20533
2019-12-27,Chocolates tendrían que subir su precio en 2.8% para reducir trabajo infantil,"La cadena del cacao es una de los que más contribuye a la explotación infantil.  Un cálculo realizado por dos economistas ha revelado en cuánto debería subir el costo de los chocolates para que la cadena de cacao deje de incluir a niños en el cultivo y acopio del grano. Un informe del diario El País destaca el cálculo de Jeff Luckstead y Lawton L. Nalley, dos economistas que han diseñado un modelo económico para calcular la repercusión que podría tener en la vida de un niño si es que se subiera el precio de la golosina. “Este 2.8% se refiere al aumento que resultaría tras eliminar las formas de trabajo infantil más ‘extremas’ (las que incluyen tareas peligrosas o implican más de 42 horas semanales). En tanto, suprimir las ‘normales’ (entre 14 y 42 horas semanales), elevaría el precio al 12%; mientras que desligar por completo a los menores de la producción de cacao haría que subiese un 47% (trabajar menos de 14 horas semanales)”, señalan los expertos. En detalle, Luckstead y Nalley basaron su investigación bajo el panorama de Ghana, el segundo mayor productor mundial de cacao y que da trabajo directo a millones de personas. “En este país de África occidental, Unicef calcula que hay alrededor de 200.000 niños trabajando en este sector en las condiciones más duras. Toda la región de África Occidental acapara el 70% de la producción mundial de cacao, un sector que emplea a 2,2 millones de niños, según en Cacaobarómetro de 2018, un informe realizado por 15 ONG europeas”. Ambos investigadores son conscientes de que retirar a los niños y jóvenes del acopio y producción de cacao repercutiría en una mayor pobreza de familias que viven del cultivo. Sin embargo, también subrayan que habría mucha gente que pagaría para que el producto contenga una certificación de “Libre de trabajo infantil”. “Si no es por la ética, que sea por el negocio”. Fuente: La República",agraria.pe/agronegocios,https://agraria.pe/noticias/chocolates-tendrian-que-subir-su-precio-en-2-8-para-reducir--20526
2019-12-26,Exportaciones peruanas de carne de pavo disminuyeron 16% entre enero y octubre del presente año,"Producto tuvo como sus únicos mercados a Ecuador y Bolivia.  Entre enero y octubre de este año, Perú exportó 58.223 kilos carne de pavo por US$ 1.828.388, mostrando una reducción de 16% frente a los US$ 2.171.922 alcanzados en igual periodo de 2018, informó la Gerencia de Agroexportaciones de la Asociación de Exportadores (ADEX). A diferencia de años anteriores cuando Perú exportaba carne de pavo a más países como Colombia y Venezuela, entre otros, en los primeros diez meses del presente año solo se despachó a Ecuador (US$ 1.632.559) y a Bolivia (US$ 195.829) concentrando el 89% y 11% del total, respectivamente. Los mayores despachos se realizaron en abril (14.5% del total), julio (13.4%), marzo (11.7%), mayo (11.5%), agosto (10%), octubre (9.2%), enero (8.7%), septiembre (8.5%), junio (6.6%) y febrero (5.9%), detalló ADEX. La única empresa que despachó carne de pavo entre enero y octubre de este año fue San Fernando. Dato . De enero a octubre del 2018, los envíos de pavo por parte de Perú alcanzó los US$ 2.171.922. Los despachos a Ecuador sumaron US$ 2.024.023 y a Bolivia US$ 147.899.",agraria.pe/agronegocios,https://agraria.pe/noticias/exportaciones-peruanas-de-carne-de-pavo-disminuyeron-16-entr-20518
2019-12-26,Exportaciones de cacao y derivados crecieron 11% entre enero y octubre de 2019,"Despachos de cacao en grano concentraron el 54.3%, manteca de cacao (28%), chocolates (8.9%) y cacao en polvo (5.3%), entre otros.  Entre enero y octubre del presente año, los despachos de cacao en todas sus presentaciones sumaron US$ 245.556.000, mostrando un incremento de 11% en comparación a lo alcanzado en el mismo periodo del año pasado (US$ 220.504.000), señaló la Asociación de Exportadores (ADEX) Al respecto, la gerenta de Agroexportaciones del gremio empresarial, Susana Yturry Farge, detalló que sus presentaciones más importantes por monto FOB fueron el cacao en grano que concentró el 54.3%, manteca de cacao (28%), chocolates (8.9%) y cacao en polvo (5.3%), entre otros. Entre enero y octubre de 2019 los principales mercados destinos del cacao en todas sus presentaciones, según el ranking del Sistema de Inteligencia Comercial ADEX Data Trade, fueron Países Bajos (US$ 54.385.000) y Estados Unidos (US$ 50.577.000) representando de forma conjunta el 43% del total. Les siguieron Indonesia, Alemania, Malasia, Bélgica, Italia, México, España y demás. Las principales empresas exportadoras fueron Machu Picchu Foods, Exportadora Romex, Amazonas Trading Peru, Cafetalera Amazónica, Sumaqao, Compañía Nacional de Chocolates de Perú, Cooperativa Agraria Cacaotera Acopagro, Cooperativa Agroindustrial Tocache, entre otras. Cadmio La representante de ADEX enfatizó la importancia de cumplir el Reglamento de la Unión Europea Nº 488/2014 -aplicado desde enero de 2019- que establece los límites máximos de cadmio en el chocolate y derivados del cacao para mantener la tendencia positiva. Detalló que la UE envió una carta aclarando que en el caso del cacao en polvo para uso como materia prima, no aplica límites respecto a la presencia de cadmio, sin embargo, sí establece un límite de 0.60 partículas por millón (ppm) para el chocolate en polvo o cacao en polvo azucarado, destinado al consumidor final. Asimismo y a través de una misiva, la autoridad europea informó sobre los métodos autorizados que podrán usar los laboratorios para validar la inocuidad del cacao y permitir su ingreso a ese bloque comercial: método AOAC y método ISO. Yturry resaltó el apoyo del Ministerio de Agricultura y Riego (Minagri) , a los actores de la cadena productiva, mediante la realización de la Sesión Extraordinaria de la Mesa Técnica Nacional de la Cadena Agroproductiva de Cacao y Chocolate, en la que se dio a conocer los avances del proceso de formulación del Plan Nacional de Desarrollo de la Cadena Agroproductiva del Cacao y Chocolate (PNDCC) 2020-2030. Asimismo, se presentará la validación regional de la Agenda Multianual-Multisectorial para la Mitigación de Cadmio, y las nuevas iniciativas de apoyo a la cadena de cacao. La aplicación de la norma de la UE dinamizará más la exportación de cacao en polvo, beneficiando a empresarios, productores y miles de familias que trabajan con este superfood cultivado en regiones como San Martín, Piura, Amazonas, Cusco, Ayacucho, Junín y otros.",agraria.pe/agronegocios,https://agraria.pe/noticias/exportaciones-de-cacao-y-derivados-crecieron-11-entre-enero--20516
2019-12-23,Lanzan innovador panetón elaborado con cáscara de mango,"Estudiantes de la Universidad Nacional de la Frontera de Sullana presentaron este panetón, el primero de su tipo, que reúne las características del tradicional panetón italiano con el delicioso mango Kent.  Estudiantes de la Facultad de Ingeniería de Industrias Alimentarias de la Universidad Nacional de la Frontera de Sullana, Piura, presentaron el primer panetón elaborado con cáscara de mango en nuestro país. “Unefino” reúne en una sola masa las características envolventes del tradicional panetón italiano de Navidad con el virtuosismo del mango tipo Kent, una de las variedades preferidas del mercado peruano por su sabor, consistencia y contundente presentación. El sabor tropical de la innovadora receta aprovecha la harina elaborada con cáscara del mango Kent como uno de los insumos originarios del Perú, en una poderosa mezcla que permite obtener un producto con los estándares de calidad que demanda el mercado. El lanzamiento de Unefino se dio el último viernes 20 de diciembre durante la ceremonia “Aprovechamiento de cáscaras de mango deshidratadas como fuente de fibra dietética en la elaboración de panetones”, en la que se destacó el trabajo de los estudiantes de octavo, noveno y décimo ciclo para su elaboración. El panetón es un viejo conocido de todos los peruanos. Solo en el 2019 se calculó que cada connacional consume alrededor de 5.6 kilogramos de panetones cada año, de acuerdo a un estudio de la consultora de datos Kantar. Por su parte, el mango no necesita mayor presentación. Es uno de los frutos más consumidos en la temporada de verano y su versatilidad le permite ser servido en nuestras mesas entero, como bebida o como ensalada. Ahora, a los marcianos, jugo y hasta ceviche de mango, se suma el panetón y promete perpetuar su sabor no solo en nuestro paladar, sino también en nuestros corazones. Fuente: LaRepública.pe",agraria.pe/agronegocios,https://agraria.pe/noticias/lanzan-innovador-paneton-elaborado-con-cascara-de-mango-20505
2019-12-18,Empleo relacionado a las agroexportaciones creció 5.3% en los primeros diez meses del año,"En los primeros 10 meses de 2019, los envíos del agro tradicional generaron 269.662 puestos laborales, es decir 79 empleos menos que los generados en similar periodo del año anterior.  Entre enero y octubre del presente año, las agroexportaciones peruanas generaron 1.227.835 puestos laborales, lo que representó un incremento de 5.3% (61.748 empleos más) frente a los 1.166.987 puestos generados en igual periodo del 2018. Así lo informó la Asociación de Exportadores (ADEX), quien detalló que en los primeros 10 meses del 2019, los envíos del agro tradicional crearon 269.662 puestos laborales, es decir 79 empleos menos que los 269.741 puestos creados en similar lapso del año anterior. Mientras que en los despachos agropecuarios y/o agroindustriales de enero a octubre de este año generaron 958.173 empleos, lo que significó un aumento de 6.9% (61.828 puestos laborales más) en comparación a los 896.346 empleos generados los mismos meses del 2018. El Centro de Investigación de Economía y Negocios Globales de la Asociación de Exportadores (CIEN-ADEX), explicó que la demanda de mano de obra en el sector de agro tradicional permaneció prácticamente invariable debido a que las mayores exportaciones de azúcar fueron contrarrestadas por la caída de las exportaciones de café. Por su parte, el crecimiento del empleo en el sector agropecuario y/o agroindustrial se debe a las mayores exportaciones (según orden de importancia) de paltas, arándanos, uvas, espárragos, cítricos, cacao en grano, quinua, cebollas, páprika, galletas dulces, jugo de maracuyá, aceitunas preparadas, aceite de palma, alverjas, manteca de cacao, entre otros. Datos . En los primeros diez meses del año, las exportaciones totales generaron cerca de 2.5 millones de empleos, esto significó un incremento de 0.8% (19.900 puestos más) respecto a similar periodo del año anterior. . El stock total de empresas en total que exportó de enero a octubre de este año fue de 7.257, es decir 2% más que el año anterior (7.118), pues si bien algunas dejaron de exportar, otras incursionaron en el comercio exterior. . Un total de 2.325 empresas peruanas (de todos los sectores) dejaron de exportar entre enero y octubre del 2019, es decir 4.7% más respecto al mismo periodo el año anterior. . Del total de empresas que dejó de despachar fuera del país en los primeros diez meses del año, la mayor parte fueron microempresas (2.013), seguidas de las pequeñas (237), grandes (67) y medianas (8), que representaron el 86.6%, 10.2%, 2.9% y 0.3%, respectivamente. Asimismo, fueron las pequeñas las que más incrementaron el número de exportadoras, 90 en total; las siguieron las grandes (50) y las micro (10), en el caso de las medianas el saldo es negativo por 11 empresas.",agraria.pe/agronegocios,https://agraria.pe/noticias/empleo-relacionado-a-las-agroexportaciones-crecio-5-3-en-los-20467
2019-12-17,Exportaciones de aceite de limón superan los US$ 11 millones,"Se prevé que al cierre del presente año los despachos, tanto en volumen como en valor, sean mayores a los obtenidos en 2018.  Entre enero y noviembre del presente año, Perú exportó 397.405 kilos de aceite de limón por un valor FOB de US$ 11.285.065. Así, a falta de computar el último mes de 2019, se puede prever que el total de estos envíos superarán lo alcanzado durante todo el 2018 cuando se exportó 348.354 kilos por un valor de US$ 11.289.010. Según releva el portal Agrodata Perú, el mayor destino de estos envíos en los 11 meses transcurridos de 2019 fue Reino Unido, donde se lograron colocaciones por US$ 4.679.892. A continuación se ubicaron Países Bajos con US$ 4.452.148, México con US$ 1.141.903, Estados Unidos con US$ 582.786, Japón con US$ 244.944, Francia con US$ 157.845 y Canadá con US$ 25.547. En tanto, entre las principales empresas exportadoras del aceite de limón peruano se encuentran Limones Piuranos SAC con ventas por US$ 3.306.357, Cítricos Peruanos SA con US$ 3.024.375, Agroindustrias AIB SA con US$ 2.779.933, Procesadora Frutícola SA con US$ 1.350.400 y Aceites Esenciales del Perú SA con US$ 824.000.",agraria.pe/agronegocios,https://agraria.pe/noticias/exportaciones-de-aceite-de-limon-superan-los-us-11-millones-20456
2019-12-16,Agroexportaciones alcanzaría los US$ 7.500 millones al cierre del presente año,"Envíos durante enero-octubre del 2019 ascendeiron a US$ 5.787 millones.  En los primeros diez meses del año (enero-octubre), las agroexportaciones peruanos ascendieron a US$ 5.787 millones, lo que representó un crecimiento de 4.8% en comparación al mismo periodo del año 2018, informó el Ministerio de Agricultura y Riego (Minagri). De acuerdo al reporte de la Dirección General de Seguimiento y Evaluación de Políticas (DGESEP), dentro de la canasta agroexportadora, destacan las colocaciones al exterior de frutas y hortalizas Los principales productos del ranking agroexportador que resaltaron en ese período son: paltas frescas o secas, arándanos frescos, café sin tostar, sin descafeinar, uvas frescas, espárragos frescos, mangos frescos, preparaciones para alimentación animal, bananas o plátanos tipo ""Cavendish Valery"" frescos, los demás cítricos, y cacao crudo en grano, entero o partido; estos 10 productos en conjunto concentraron el 56% del total exportado. En los primeros diez meses del presente año, se destacaron las mayores colocaciones de paltas frescas o secas, que llegaron a los US$ 737 millones, registrando un aumento; arándanos frescos US$ 560 millones (+43%); uvas frescas US$ 444 millones (+19%); espárragos frescos US$ 306 millones (+6%); así como los demás cítricos US$ 126 millones (+10%); cacao crudo en grano, entero o partido US$ 120 millones (+6%), entre otros. Los principales países de destino de las exportaciones agrarias peruanas fueron Estados Unidos, Holanda, España, Inglaterra, Ecuador, China, Alemania, Colombia, Chile, y Canadá, estos diez países concentraron el 78% del total del valor FOB exportado. El Minagri destacó que en caso de continuar la tendencia alcista, las exportaciones de alimentos a los mercados del mundo bordearían los US$ 7.500 millones al cierre del presente año. La meta del sector al 2021 es alcanzar los US$ 10.000 millones en exportaciones agrarias a los mercados del mundo.",agraria.pe/agronegocios,https://agraria.pe/noticias/agroexportaciones-alcanzaria-los-us-7-500-millones-al-cierre-20451
2019-12-16,Piura produce cerca del 80% de la producción nacional de mango,"Solo en la provincia de Morropón existen un promedio de 4.708 hectáreas de mango con una proyección de producción de 65.918.16 toneladas.  El ministro de Agricultura y Riego, Jorge Montenegro Chavesta, destacó la importancia que los pequeños productores puedan promover la asociatividad para incrementar la producción de mango y acceder a nuevos mercados. Resaltó que el mango es uno de los principales productos de agroexportación del país (ocupó la octava posición de los productos que generaron mayor divisas), además Perú es uno de los principales productores y exportadores de mango en el mundo. El Perú cuenta con 27.000 hectáreas de mango y casi el 80 % de la producción nacional está en Piura (Según el Censo Nacional Agropecuario 2012). Los valles donde se sitúan las variedades de la mencionada fruta con fines de exportación a nivel de la región Piura son San Lorenzo, Chira, Medio Piura y Alto Piura. Solo en la provincia de Morropón existen un promedio de 4.708 hectáreas de mango con una proyección de producción de 65.918.16 toneladas. Precisó que las exportaciones de mango en la campaña 2018-2019 dio como resultado ventas por US$ 234.8 millones siendo los principales mercados de destino Estados Unidos y países de la Unión Europea como Holanda y España, que concentran más del 65% de los envíos.",agraria.pe/agronegocios,https://agraria.pe/noticias/piura-produce-cerca-del-80-de-la-produccion-nacional-de-mang-20450
2019-12-13,Agroexportaciones peruanas a Rusia crecieron 24.4% en los primeros diez meses del presente año,"Agroexportaciones totales (US$ 43.139.373) representaron el 23.3% del total de exportaciones peruanas a dicho mercado que sumaron US$ 185.167.519.  De enero a octubre del presente año, las agroexportaciones peruanas a Rusia sumaron US$ 43.139.373, mostrando un incremento de 24.4% respecto a los US$ 34.684.182 alcanzados en igual periodo del 2018. Así lo informó la Asociación de Exportadores (ADEX), quien detalló que las agroexportaciones totales (US$ 43.139.373) representaron el 23.3% del total de exportaciones peruanas a dicho mercado que sumaron US$ 185.167.519. Explicó que de enero a octubre del 2019, las exportaciones agrarias tradicionales sumaron US$ 2.540.671, registrando un aumento de 66.85% frente a los US$ 1.522.732 obtenidos en similares meses del año anterior. El café representó el total de los despachos de este subsector. Por su parte, los envíos agroindustriales y/o agropecuarios (no tradicional) en los primeros diez meses del año ascendieron a US$ 40.598.702, reflejando un crecimiento de 22.43% en comparación a los US$ 33.161.450 conseguidos durante enero-octubre del 2018. En este subsector destacan: demás frutas u otros frutos secos US$ 11.679.453, uvas frescas US$ 7.913.122, paltas frescas US$ 6.467.235, mandarinas US$ 3.021.249, nueces de Brasil US$ 2.140.095, quinua US$ 2.096.650, mango Y mangostanes frescos o secos US$ 1.578.920. Oportunidades La analista de Desarrollo de Políticas del Centro de Investigación de Economía y Negocios Globales de la Asociación de Exportadores (CIEN-ADEX), Nancy Arrelucé, detalló que las oportunidades no aprovechadas por Perú en el mercado ruso ascienden a cerca de US$ 2.300 millones. Destacan la agroindustria (US$ 905 millones), químico (US$ 332 millones), metalmecánica (US$ 279 millones), siderometalurgia (US$ 214 millones), minería no metálica (US$ 150 millones), textil- confecciones (US$ 123 millones), pesca (US$ 96 millones) y otros. Entre los productos agroindustriales con potencial figuran el plátano y los espárragos (agroindustria). En ese sentido, elogió el potencial exportador peruano debido a sus enormes recursos naturales, por lo cual enfatizó en la necesidad de impulsar el acceso a la tecnología y la capacitación científica, mediante la generación de una alianza de inversiones entre ambas naciones. Señaló que otros países latinoamericanos también exportan a Rusia y no existe mayor diferencia en la oferta. ""Chile le vende salmón, cobre, trucha, carne, uvas y manzanas; y Colombia le envía carne, rosas y café, productos que Perú puede proporcionar, en especial cobre y uvas, así como maracuyá, fruta peruana muy saludable y nutritiva que puede tener gran acogida en ese destino y en el resto de Europa"". Datos . Entre enero y octubre del 2019, las exportaciones totales de Perú a Rusia sumaron US$ 185.167.519, mostrando un crecimiento de 59.7% respecto al mismo periodo del año pasado (US$ 115.923.086), resaltando sectores como minería, pesca no tradicional y agroindustria (granadas frescas, uvas y paltas), reportó CIEN-ADEX. Pese a ello, la balanza comercial en 2018 fue deficitaria para Perú en US$ 253 millones. . Asimismo, Perú importa de Rusia productos como urea, nitrato de amonio para uso agrícola, abono y fertilizante, entre otros. . América Latina en general representa apenas el 3.5% de las importaciones totales de Rusia y de ese pequeño porcentaje Perú representa solo el 0.1% . La nación 'euroasiática' figura en el puesto 40 de la lista de países ejecutores de inversión extranjera directa en Perú.",agraria.pe/agronegocios,https://agraria.pe/noticias/agroexportaciones-peruanas-a-rusia-crecieron-24-4-en-los-pri-20439
2019-12-11,Invertirán S/ 7.6 millones en reconversión productiva agropecuaria para impulsar cultivos de espárragos y banano orgánico,"Del total del monto de inversión de cada proyecto de reconversión productiva, Agroideas aporta el 70%, mientras que las organizaciones agrarias deberán dar una contrapartida del 30%.  Con el objetivo de trabajar por el desarrollo de la agricultura familiar, el Ministerio de Agricultura y Riego (Minagri), aprobó cuatro Proyectos de Reconversión Productiva Agropecuaria (PRPA), en beneficio de 54 familias agricultoras de las regiones Ica y Piura. La inversión se realiza a través del Programa de Compensaciones para la Competitividad (Agroideas) y asciende a S/ 7.6 millones (siendo S/ 5.5 millones la inversión por parte del Estado y S/ 2.1 millones la contrapartida financiada por las organizaciones agrarias). En Ica, siete familias que conforman la Cooperativa Agroindustrial Chincha Ltda. (Agrochincha Ltda.), ubicada en el distrito El Carmen, provincia de Chincha, reconvertirán sus cultivos de algodón Tangüis a 26 hectáreas de espárragos. En Piura, un total de 47 familias reemplazarán sus cultivos de arroz por banano orgánico. Se trata de la Asociación Distrital de Productores Ecológicos Salitral (ADPE Salitral), integrada por 15 familias; la Asociación de pequeños productores del distrito de Morropón que está conformada por ocho familias y 24 familias que forman parte de la Asociación de Productores Agrícola Pecuarios de Morropón (Aspapem).",agraria.pe/agronegocios,https://agraria.pe/noticias/invertiran-s-7-6-millones-en-reconversion-productiva-agropec-20428
2019-12-11,TLC con Estados Unidos bajaría precio interno del maíz amarillo,"Estados Unidos es actualmente el principal abastecedor de maíz amarillo duro al Perú, y que el 2018 colocó en el país importaciones de ese producto por US$639 millones.  El Plan Nacional de Cultivos de la Campaña Agrícola 2029-2020 advirtió como un riesgo para la producción nacional del maíz amarillo duro, el que sus precios estarán más vulnerables (bajarían) a partir del 2020 ante la desgravación de ese producto proveniente de Estados Unidos, en el marco de la ejecución del Tratado de Libre Comercio (TLC) que suscribió con el Perú. El plan observa que el mercado interno de maíz amarillo duro, ya expuesto a variaciones del precio internacional de ese cereal, puede tener aún una mayor vulnerabilidad a partir del 2020, es decir, ver una baja de precios, pues el arancel ad valorem se desgravará totalmente para el maíz que viene de Estados Unidos, según establece el TLC. En esa línea, advierte como otra amenaza, la alta dependencia del Perú de las importaciones de ese grano, principalmente de Estados Unidos, para la industria de alimentos balanceados que demanda la actividad avícola y porcina local. Vale indicar que Estados Unidos es actualmente el principal abastecedor de maíz amarillo duro al Perú, y que el 2018 colocó en el país importaciones de ese producto por US$639 millones, seguido por menores importaciones de Argentina y Brasil. Además, para la campaña de siembra 2019-2020, el plan del cultivos estima una producción local de maíz amarillo duro de 1’ 323,000 toneladas, lo que representaría una disminución de 2.6% respecto a la producción obtenida el 2018 (1’265,000 toneladas. Para el 2020, proyecta que habrá una producción de 1 millón 290 mil toneladas, lo que significaría un incremento de 4.7% respecto al 2019. Otros riesgos para el cultivo de ese grano, según el plan de cultivos, son las variaciones climáticas que pueden ocasionar bajos rendimientos e incrementar los costos de producción. Dato . Frente a las amenazas que enfrenta el maíz amarillo duro, el Minagri considera como fortalezas la alta calidad del grano nacional, el alto consumo per cápita de pollo y la ubicación de las plantas procesadoras cercanas a zonas productoras. Fuente: Gestión",agraria.pe/agronegocios,https://agraria.pe/noticias/tlc-con-estados-unidos-bajaria-precio-interno-del-maiz-amari-20426
2019-12-11,INIA lanzó nueva variedad de papa que beneficiará a 300 mil productores,"También se inauguró un moderno centro de investigación científica cuya inversión ascendió a S/ 2.6 millones.  El Instituto Nacional de Innovación Agraria (INIA), a través de su Estación Experimental Agraria Ilpa (Puno), presentó una nueva variedad de papa de alta calidad genética, denominada INIA- 330. Las principales cualidades de la nueva variedad es que posee un rendimiento productivo de 20 a 30 toneladas por hectárea, es tolerante a heladas y sequías (se adaptarse a diversos ambientes) además tiene capacidad productiva y calidad para procesamiento de chuño, así como para consumo en fresco. Para el desarrollo de esta variedad, el INIA ha ejecutado trabajos de investigación por un período de 10 años en la cual se han evaluado el comportamiento de la variedad en las comunidades de Chicanihuma, Santa Rosa, Sisipa, Corpamaquera, Camicachi, Camata, Salcedo e Illpa. Modernos laboratorios El INIA también inauguró un centro de modernos laboratorios de análisis genéticos que permitirá para potenciar la calidad y competitividad de la producción agraria de 300 mil pequeños productores de Puno y Moquegua. La ceremonia fue encabezada por el titular del Ministerio de Agricultura y Riego (Minagri), Jorge Montenegro Chavesta, quien refirió que a través de este aporte tecnológico del INIA, el pequeño agricultor mejorará sus ingresos económicos y se convertirá en vehículo de desarrollo de su comunidad, lo cual representa un nuevo impulso a la agricultura familiar en el país. El moderno centro de investigación cuenta con laboratorios de reproducción animal, pastos y forrajes, semillas, banco de germoplasma, procesamiento de derivados lácteos, conservación de granos, análisis de suelo y agua. Todos implementados con tecnología de punta para promover la actividad agropecuaria en el Altiplano. Para ello, el INIA empleó una inversión de más de S/ 2.6 millones a través del Programa Nacional de Innovación Agraria (PNIA). El proyecto también contempló la adquisición de equipos tecnológicos y maquinarias agrícolas modernas para mejorar los trabajos de investigación, transferencia de tecnología y producción de material genético. Mejoramiento de ganado Por otro lado, como parte de un convenio firmado con 24 municipalidades de la región Puno, el Minagri entregó 10 mil pajillas de semen congelados con el fin de mejorar el nivel productivo en un 20% de leche y carne de la ganadería, beneficiando a unos 5 mil pequeños ganaderos de esta región. Las razas de ganado a potenciar son Simmental y Braunvieh. La producción de este material genético es parte del proyecto ""Mejoramiento Genético de la Ganadería Vacuna Nacional"", que realiza el INIA acorde con el Plan Nacional de Desarrollo Ganadero de la Dirección General de Ganadería. Se prevé que las 10 mil pajillas entregadas atenderá a 6 mil vacas, las cual permitirá el nacimiento de 4.200 terneros con características de estas nuevas razas introducidas a la región.",agraria.pe/agronegocios,https://agraria.pe/noticias/inia-lanzo-nueva-variedad-de-papa-que-beneficiara-a-300-mil--20422
2019-12-11,91 de los 93 campos con OVM descubiertos en el país se ubican en Piura,"La Ley de Moratoria en Perú solamente restringue el uso de OVM que vayan a ser liberados en el ambiente.  Piura es el lugar donde está concentrada la mayor presencia de organismos vivos modificados (OVM), señaló el especialista en biotecnología moderna para la bioseguridad del Ministerio del Ambiente (Minam), David Castro Garro. Indicó que en el 2019 el Minam y el Organismo de Evaluación y Fiscalización Ambiental (OEFA) realizaron acciones de vigilancia de OVM en 507 campos o establecimientos de los cuales en 93 casos se registraron presencia de OVM De estos 93 campos o establecimientos que arrojaron resultados positivos (todos en cultivo de maíz), 91 se detectaron en Piura, en la zona del Medio y Bajo Piura como Catacaos, Cura Mori, La Unión. Los otros casos fueron en Satipo (Junín) y Zarumilla (Tumbes). “Está alta concentración de OVM en esta zona (Piura) es porque cultivan una variedad de maíz denominado “pato” que se utiliza mucho tanto para la elaboración de chicha de jora así como de alimento para animales. Esta variedad de maíz es una mezcla entre maíz marginal (maíz amarillo duro) y maíz alazán (maíz amiláceo)”, sostuvo. Acciones de vigilancia para el 2020 Castro Garro dijo que en el Plan Nacional de Vigilancia de OVM 2020 la prioridad del Minam y OEFA será Piura, esto con el fin de conocer hasta donde se ha diseminado la presencia de OVM. En ese sentido, mencionó que se realizarán acciones de vigilancia en Chulucanas, Morropón, Colán, Sechura, Paita, Sullana, Huancabamba, Ayabaca para conocer si la presencia de OVM solo está concentrado en la parte Media y Baja del río Piura o si se ha distribuido en zonas más extensas como el Alto Piura donde se cuenta con predios de certificación orgánica de banano y café. Agregó que el próximo año tambien se tomarán muestras de maíces de razas criollas (nativas) para conocer si han tenido contaminación y los posibles impactos que puedan tener. Datos . Entre los principales productos transgénicos que existen en el mundo destacan maíz, alfalfa, canola soya, algodón y peces ornamentales. Además existen otros cultivos transgenicos como papaya, papa, berengenas, pero se producen de manera muy local. En el caso de Perú, importa principalmente maíz y soya; el algodón llega como fibra no como semilla. . La Ley de Moratoria en Perú solamente restringue el uso de OVM que vayan a ser liberados en el ambiente (solo uso como semilla, no para consumo). . En nuestro país, del 2016 a la fecha se han realizado 350 inspecciones (55 en alfalfa, 8 en algodón, 153 en maíz, 134 en peces) y se han analizado más de 15 mil lotes de semillas o peces ornamentales (en puertos y aeropuertos) y de ellos solo se ha detectado presencia de OVM en un lote (semilla de alfalfa) que provenia de Chile y fue rechazado por lo que no ingresó al país. . En el 2019 en Perú se realizaron en total 462 muestreos de vigilancia en campos de cultivo de maíz, algodón y soya; en casas comercializadoras de semillas de maiz y en establecimientos de venta de peces ornamentales.",agraria.pe/agronegocios,https://agraria.pe/noticias/91-de-los-93-campos-con-ovm-descubiertos-en-el-pais-se-ubica-20420
2019-12-10,Agroexportaciones sumaron más de US$ 5.467 millones entre enero y octubre de este año,"En el periodo analizado de este año, el agro tradicional sumó US$ 568.014.000 mostrando un crecimiento de 1.6%; mientras que las agroexportaciones con valor agregado sumaron casi US$ 4.900 millones, incrementándose en 8.6%.  Las exportaciones agrarias (tradicionales y no tradicionales) sumaron más de US$ 5.467 millones entre enero y octubre de este año, registrando un incremento de 7.8% en comparación al mismo periodo del 2018 (cerca de US$ 5.069 millones), informó la Asociación de Exportadores (ADEX). Perú se consolida a nivel mundial como uno de los principales proveedores de alimentos debido a la alta calidad de su oferta, la diversificación de productos y el ingreso a nuevos mercados gracias a un trabajo de prospección comercial y levantamiento de barreras sanitarias en otros destinos; y el mejoramiento de las capacidades del productor y de todos los integrantes de la cadena. Despachos tradicionales En los 10 primeros meses del presente año, el agro tradicional sumó US$ 568.014.000 mostrando un crecimiento de 1.6% frente a lo alcanzado en similares meses del año pasado, además concentró el 10.4% del total. En café lideró el ranking con casi US$ 459 millones, a pesar que los envíos se redujeron 7.5%. Otros fueron los demás azúcares de caña, lana sin cardar y melaza de caña. De un total de 61 mercados, los que destacaron fueron Estados Unidos (US$ 162.715.000) y Alemania (US$ 115.173.000), que de forma conjunta concentraron el 48.2%. Les siguieron Bélgica, Colombia, Suecia, Canadá, Italia, Reino Unido, Uruguay y Francia. De este top 10, solo Estados Unidos, Colombia y Francia cerraron en azul: 26.5%, 35.9% y 25.8%, respectivamente. Envíos con valor agregado De enero a octubre de este año, las agroexportaciones con valor agregado sumaron casi US$ 4.900 millones, concentrando el 89.6% y creciendo 8.6%. Los productos que resaltaron fueron la palta (US$ 731.851.000) representando el 14.9%, arándanos 11.4%, uvas 9%, espárragos 6.2%, mango 3.8%, demás preparaciones utilizadas para la alimentación de animales y plátanos. El Sistema de Inteligencia Comercial ADEX Data Trade reveló que la oferta agro no tradicional llegó a 140 destinos. En primer lugar estuvo Estados Unidos (US$ 1.653.335.000) que presentó una variación positiva de 22.1%. Otros fueron Países Bajos, España, Reino Unido, Ecuador, Chile, China, Colombia, Canadá y Alemania. Resaltaron por su crecimiento varios países como Indonesia (172.1%), Arabia Saudita (140.1%), Gambia (63%), Portugal (60.7%) y Singapur (50.1%), entre otros. A Indonesia (puesto 21 en el ranking), Perú le exportó por poco más de US$ 40 millones, principalmente cacao en grano, uvas, granadas, quinua y tara. A Arabia Saudita (puesto 41 en el ranking) se le despachó por US$ 6.146.000, productos como las uvas (US$ 2.339.000), granadas, quinua, cítricos, bombones y caramelos, semillas de frutos oleaginosos, habas, nueces del Brasil, pallares y dátiles.",agraria.pe/agronegocios,https://agraria.pe/noticias/agroexportaciones-sumaron-mas-de-us-5-467-millones-entre-ene-20415
2019-12-09,Agroexportaciones no tradicionales siguen creciendo pero se evidencia una desaceleración,"De enero a octubre del presente año, despachos del sector crecieron 5.3%, cuando en igual periodo del 2018 aumentó 17.4% y en los mismos meses del 2017 se incrementó en 11.4%.  En el periodo enero-octubre del 2019, las agroexportaciones no tradicionales (agropecuario) sumaron US$ 4.899 millones, es decir, un 5.3% más que en el mismo periodo de 2018. Así informó la Sociedad Peruana de Comercio Exterior (ComexPerú), quien destacó que a pesar que se mantiene un crecimiento en los despachos del sector durante el periodo analizado del presente año, se evidencia una desaceleración. Al respecto, mencionó que las agroexportaciones no tradicionales de enero a octubre del 2018 registró un crecimiento de 17.4%, mientras que los envíos de enero a octubre del 2017 presentó un aumento de 11.4%. El gremio de comercio exterior señaló que la presencia de productos agrícolas en nuestra canasta exportadora es cada vez mayor, por lo que no debemos descuidarlas. “En reiteradas ocasiones hemos hecho hincapié en que se deben realizar inversiones que mejoren nuestra infraestructura agrícola para mejorar la competitividad logística del país”, sostuvo. En ese sentido, recomendó poner en ejecución una serie de proyectos de irrigación que ampliarían la frontera agrícola en 200.000 hectáreas, y prorrogar la Ley de Promoción Agraria cuanto antes. Dato . El total de exportaciones no tradicionales de Perú en los primeros 10 meses del 2019 sumaron US$ 11.177 millones, los despachos del sector agropecuario concentraron el 43.8% del total.",agraria.pe/agronegocios,https://agraria.pe/noticias/agroexportaciones-no-tradicionales-siguen-creciendo-pero-se--20399
2019-12-02,Agroexportaciones no tradicionales a Canadá crecieron 11.4% entre enero y septiembre de este año,"En los primeros nueve meses del presente año las mandarinas frescas o secas lideraron el ranking agropecuario al registrar ventas por US$ 10 millones, lo que significó un 12.1% del total, con un crecimiento del 21.2%.  Entre enero y septiembre de 2019, las agroexportaciones no tradicionales de Perú a Canadá sumaron US$ 84 millones, mostrando un incremento de 11.4% respecto a lo alcanzado en igual periodo del año anterior. Así lo indicó la Sociedad de Comercio Exterior del Perú (ComexPerú), quien destacó que dicha cifra (US$ 84 millones) representa el 39.8% el total de las exportaciones no tradicionales de Perú a dicho mercado. En los primeros nueve meses del presente año las mandarinas frescas o secas lideraron el ranking agropecuario al registrar ventas por US$ 10 millones, lo que significó un 12.1% del total, con un crecimiento del 21.2% con respecto a similar periodo de 2018. El segundo producto de nuestra canasta agroexportadora fue la quinua, con US$ 7 millones, un 8.2% del total y un 3.3% menos. Los mangos sin cocer o cocidos congelados se ubicaron en la tercera posición, con US$ 7 millones, un 7.8% del total y un 9.3% más. Los productos que les siguieron fueron las uvas frescas (US$ 6 millones; representando el 7.6% del total; +239.6%) y los mangos frescos o secos (US$ 5 millones; 6.3% del total; +27.5%). Potenciar dicho mercado El gremio de comercio exterior señaló que dado el dinamismo de nuestros envíos a este país en los últimos años, es importante tomar medidas que logren potenciarlos. “El tratado de libre comercio (TLC) entre ambos países, que entró en vigor el 1 de agosto de 2009, representa para nuestro país una oportunidad de promover el crecimiento. Recordemos que, con la suscripción de la Decisión 1 de la Comisión Conjunta del TLC Perú-Canadá, se otorgó a los exportadores mayor flexibilidad para acogerse a los beneficios arancelarios del TLC. Anteriormente, se perdían los beneficios cuando se realizaban transbordos en un tercer territorio; sin embargo, con la nueva disposición, al entregar los documentos de transporte, esto ya no representa un problema”, sostuvo. Agregó que la mejora de nuestras relaciones comerciales significa una gran ganancia para nuestra economía. No obstante, queda mucho por hacer. Se debe mejorar la competitividad de nuestros productos y esto solo será posible si se crean las condiciones necesarias para el crecimiento de nuestros principales sectores exportadores. “Por ejemplo, nuestros productos agrícolas ganarán terreno en el mercado mundial si se logra extender el Régimen de Promoción Agraria y se ejecutan los grandes proyectos de irrigación paralizados, que elevarían nuestra frontera agrícola en 200.000 hectáreas para cultivos de exportación”, manifestó ComexPerú. Dato . Canadá se posicionó como tercer destino de las exportaciones peruanas de enero a septiembre (despues de China y Estados Unidos) , con US$ 1.734 millones, un 5.2% del total y un 159.6% más respecto del periodo de 2018. Las exportaciones tradicionales y no tradicionales a dicho mercado evidenciaron un desempeño positivo en el periodo enero-setiembre, con un dinamismo del 184.1% y 59.8%, respectivamente.",agraria.pe/agronegocios,https://agraria.pe/noticias/agroexportaciones-no-tradicionales-a-canada-crecieron-11-4-e-20348
2019-11-28,Sector agrario emplea a más de 4 millones de peruanos,"El 96% del empleo en dicho sector es informal con bajos ingresos laborales. Además, el sector agrario representa alrededor del 5.4% del Producto Bruto Interno total.  El sector agrario emplea actualmente a más de 4 millones de peruanos, convirtiéndose en la segunda actividad económica que genera mayor empleo en el país (despues del sector comercio). Así lo informó Óscar Chávez, jefe del Instituto de Economía y Desarrollo Empresarial (IEDEP) de la Cámara de Comercio de Lima (CCL), quien agregó que el sector agrario concentra el 24.2 de la Población Economicamente Activa (PEA) total. El gremio empresarial destacó que el sector agropecuario es una importante actividad dinamizadora de la economía, representa alrededor del 5.4% del Producto Bruto Interno (PBI). Indicó que las regiones de Lima, La Libertad, Ica, Arequipa y San Martín concentran el 48% del PBI del sector agrario, y si bien los indicadores macroeconómicos del sector son favorables, manifestó que la actividad agraria aún presenta una baja productividad, ya que el 96% del empleo en dicho sector es informal con bajos ingresos laborales. Óscar Chávez enfatizó que es importante fortalecer la agricultura con una visión sustentable en el largo plazo, impulsando tres ejes estratégicos como seguridad alimentaria, sostenibilidad ambiental y oportunidad económica.",agraria.pe/agronegocios,https://agraria.pe/noticias/sector-agrario-emplea-a-mas-de-4-millones-de-peruanos-20329
2019-11-18,Envíos de granada crecieron 6% en los primeros nueve meses del año,"Principales mercados desinos fueron Países Bajos (US$ 30.767.000) que pese a presentar una caída de -3%, concentró el 45% del total de los envíos. Le siguen Rusia, Estados Unidos, Reino Unido, Canadá, Arabia Saudita, Hong Kong, Emiratos Árabes y Egipto.  Entre enero y septiembre de 2019 la exportación de granada sumó más de US$ 69.135.000, mostrando un crecimiento de 6% en comparación al mismo periodo del año pasado, informó la Gerencia de Agroexportaciones de la Asociación de Exportadores (ADEX). De acuerdo a cifras del Sistema de Inteligencia Comercial ADEX Data Trade, entre enero y septiembre la granada tuvo como principal mercado Países Bajos (US$ 30.767.000) que pese a presentar una caída de -3%, concentró el 45% del total de los envíos. En segundo lugar está Rusia (US$ 12.195.000) con una variación de 6%, seguido de EE.UU. (US$ 6.371.000), Reino Unido, Canadá, Arabia Saudita, Hong Kong, Emiratos Árabes y Egipto. Por su crecimiento resaltaron Estados Unidos (170%), Arabia Saudita (106%), Egipto (82%), Líbano (47%) e Irak (586%) pese a importar granadas peruanas por menos de US$ 500 mil. Las principales empresas fueron Exportadora Frutícola del Sur S.A., Corporación Agrolatina S.A.C., Agrícola Los Medanos S.A., Agro Victoria S.A.C., Pomica Perú S.A.C., Agroinversiones Valle y Pampa Perú S.A., Agrícola Pampa Baja S.A.C., Inversiones Nivama S.A.C., Agrícola Huarmey S.A. y Greenland Perú S.A.C. Ica, Arequipa, Lambayque y Lima, principales productores Esta fruta se adaptó muy bien a las condiciones climáticas del Perú, se siembra especialmente en suelos arenosos y posee una alta resistencia a la sal. La variedad más importante es la Wonderful, que se produce también en otros países como Israel, Estados Unidos, Grecia y Chile. En los últimos años, el cultivo del también llamado 'Rubí de las frutas' se incrementó notablemente: en 2015 fueron alrededor de 12 mil toneladas, 2016 fueron 23 mil, 2017 alcanzaron las 26 mil y el 2018 más de 46 mil toneladas. Las regiones productoras más importantes fueron Ica, Arequipa, Lambayeque y Lima. La Gerencia de Agroexportaciones del gremio empresarial indicó la necesidad de fortalecer esta cadena a través de un trabajo de innovación, ingreso a nuevos mercados y participación en certámenes como el XXI Almuerzo Agroexportador y el Super Foods Summit, en el que se tocan temas importantes para productores y empresarios del sector.",agraria.pe/agronegocios,https://agraria.pe/noticias/envios-de-granada-crecieron-6-en-los-primeros-nueve-meses-de-20249
2019-11-11,Agroexportaciones peruanas crecieron 5.3% en los primeros 9 meses del año,"Estados Unidos es el principal destino de los despachos, concentrando el 31% del total, seguido de Holanda, España, Inglaterra, Ecuador, China, Alemania, Chile, Colombia, Canadá. Destacaron las exportaciones de paltas que sumaron US$ 730 millones y arándanos frescos con US$ 343 millones, entre otros.  En el período enero-septiembre de este año, las agroexportaciones peruanas sumaron US$ 5.042 millones, lo que significa un crecimiento de 5.3% en comparación a los US$ 4.787 millones registrados en el mismo periodo de 2018. Asi lo indicó la Dirección General de Seguimiento y Evaluación de Políticas (DGESEP) del Ministerio de Agricultura y Riego (Minagri), quien indicó que dentro de la canasta agroexportadora resaltan las colocaciones al exterior de frutas y hortalizas. El principal mercado destino de las agroexportaciones sigue siendo los Estados Unidos con el 31% de las compras, seguido por Holanda, España, Inglaterra, Ecuador, China, Alemania, Chile, Colombia y Canadá; estos diez países concentraron el 77% del total del valor FOB exportado En los primeros nueve meses del año, sobresalieron las mayores colocaciones de paltas frescas o secas US$ 730 millones (+1%), uvas frescas que alcanzaron US$ 372 millones (+20%), café sin tostar y sin descafeinar, arándanos frescos US$ 343 millones (+56%), espárragos frescos US$ 262 millones (+6%), mangos frescos, preparación para alimentación animal, los demás cítricos US$ 125 millones (+10%), bananas o plátanos tipo Cavendish Valery frescos; cacao crudo en grano, entero o partido US$ 108 millones (+10%), entre otros. Estos 10 productos en conjunto concentraron el 55% del total exportado.",agraria.pe/agronegocios,https://agraria.pe/noticias/agroexportaciones-peruanas-crecieron-5-3-en-los-primeros-9-m-20197
2019-11-06,ASPRAOSRA exporta cinco contenedores de banano semanalmente,"Agroideas financió plan de negocio a la cooperativa piurana por S/ 700.000 para la construcción de planta empaquetadora.  La cooperativa agraria Asociación de Pequeños Productores Agropecuarios Orgánicos ""San Rafael"" (ASPRAOSRA), ubicada en Piura, exporta semanalmente cinco contenedores de bananos a países del mercado europeo como Alemania y Bélgica. Esto es gracias a un plan de negocio cofinanciado por el Programa de Compensaciones para la Competitividad (Agroideas) del Ministerio de Agricultura y Riego (Minagri), que les permitió mejorar e incrementar su producción. Esta cooperativa, cuya sede está ubicada en el distrito de Buenos Aires, de la provincia de Morropón (en Piura), cuenta con 256 hectáreas de terrenos y está constituida por 182 socios, quienes recibieron un cofinanciamiento del 70% (S/ 700.000) para la construcción de una planta empaquetadora. Dicho fondo financió la infraestructura y tecnología necesaria que exige el mercado exportador, como la instalación de una empacadora de bananos y un cable vía de 4.8 km para el traslado de la fruta. Asimismo, el plan contemplaba la provisión de fertilizantes, asistencia técnica, entre otros aspectos. Los productores han sido beneficiados con el crecimiento de la cooperativa. De acuerdo al gerente de ASPRAOSRA, Alex Rijalba Arévalo, la migración ha disminuido entre las familias agricultoras, quienes dejaban su comunidad en búsqueda de una mejor oportunidad de vida.",agraria.pe/agronegocios,https://agraria.pe/noticias/aspraosra-exporta-cinco-contenedores-de-banano-semanalmente-20173
2019-11-06,Agroexportaciones peruanas crecerían más de 10% este año,"En el 2020 el crecimiento del sector sería mayor al de este año. Hay expectativa en el sector por la pecana, por lo que se ha solicitado al Senasa que inicie las acciones para abrir el mercado chino para este producto.  Este año, las agroexportaciones peruanas en general crecerían por encima del 10% (frente al 2018 que alcanzó los US$ 6.647 millones), con lo que superarían los US$ 7.000 millones. Así lo informó el director ejecutivo de la Asociación de Gremios Productores Agrarios del Perú (AGAP), Gabriel Amaro Alzamora, quien detalló que en el caso de frutas y hortalizas frescas, los envíos al cierre del 2019 estarán cercanos a los US$ 4.000 millones. Indicó que actualmente más del 40% de las agroexportaciones peruanas se van a Europa, otro 40% se destina a Norteamérica y lo demás se dirige principalmente a Asia. “Algo se va a Sudamercia y Centroamérica, Oceanía, pero el tercer gran mercado destino que estamos impulsando es el de Asia que es el que tiene muchas perspectivas de crecimiento para nuestros productos”. Detalló que los productos protagonistas de las agroexportaciones son: el arándano, cuyos despachos crecen de manera acelerada; la uva de mesa cuyos envíos se siguen incrementando; y la palta Hass que sigue creciendo en áreas y volúmen de exportación. Estos tres productos lideran los despachados. Agregó que hay otro grupo de productos importantes como cítricos, espárragos, mangos y banano; y otros productos que se exportan en pequeñas cantidades como los dátiles, maracuyá, higos, sandía, entre otros. Tambien hay productos nuevos que se están probando como carozos, cerezas, durazno, frambuesas, pecana. Sobre este último, dijo que se trata de un cultivo que actualmente tiene baja producción en el ranking general pero que se tiene muchas perspectivas en el mercado internacional. “En Ica hay pequeños productores de pecanas que ya están exportando y hemos pedido formalmente a través de AGAP que se inicien las acciones para la apertura del mercado chino para la pecana peruana que es muy apreciada en Asia. El mercado mundial es interesante para este fruto seco”, manifestó. Mencionó que los países asiáticos valoran mucho todos los productos peruanos ya que son de alta calidad y cumplen todos los estándares. Por eso se ha pedido tambien que se abra el mercado chino para la granada. “Para lograr el desarrollo de nuevos productos es importante desarrollar la zona de la sierra y selva, para eso debemos impulsar los temas de infraestructura ya que es un sector que requiere cadenas de frío y necesita transitabilidad para poder llevar los insumos y sacar los productos”, finalizó. Crecimiento del sector sería mayor en el 2020 Amaro adelantó que en el 2020, las agroexportaciones peruanas crecerían más que este año, un factor importante para ello es tener el marco jurídico adecuado que es la Ley de Promoción Agraria, con una visión de largo plazo. Indicó que la promulgación de la norma (que extiende el periodo de vigencia de dicha ley hasta el 2031) será determinante porque las inversiones en el sector son a lago plazo. “Los cultivos duran 30 o 40 años, si no tienes un marco jurídico de largo plazo es muy dificil invertir para tener retornos en ese mediano a largo plazo. Este como todos los sectores, lo que requiere siempre es inyectarlo continuamnete con nueva inversión”. Gabriel Amaro recordó que el gobierno tiene como meta que las agroexportaciones alcancen los US$ 10.000 imillones en el 2021. Al respecto, señaló que si se hubiese aprobado la prolongación de la vigencia de la Ley de Promoción Agraria antes y se hubiesen desarrollado los proyectos de irrigación, se hubieran tenido más inversiones. “Ahora las empresas están a la expectativa de lo que sucederá, además muchas empresas están invirtiendo en otros países”. Datos . La Asociación de Exportadores (ADEX) informó que de enero y septiembre del presente año, las agroexportaciones peruanas (tradicionales y no tradicionales) sumaron US$ 4.758 millones, mostrando un incremento de 9% respecto al mismo periodo del año anterior. De este total, los envíos agrarios tradicionales (US$ 469.595.000) presentaron una variación positiva de 9.1% y concentró el 9.8% del total, mientras que el subsector agropecuario-agroindustrial alcanzó los US$ 4.288.649.000, mostrando un incremento de 8.9% y concentró el 90.2% del total. . El director ejecutivo de AGAP resaltó que en el 2000, las exportaciones peruanas de frutas y hortalizas sumaron US$ 100 millones y en el 2018 ascendieron a más de US$ 3.300 millones. . En cuanto a los despachos de productos procesados, dijo que crecen al mismo ritmo que las exportaciones de frutas y hortalizas frescas. En el 2000 los envíos de procesados de frutas y hortalizas sumaron US$ 150 millones, mientras que en el 2018 alcanzaron los US$ 1.000 millones. Ambas líneas van de la mano, además hay nuevas tendencias en el mundo como los productos orgánicos y los productos listos para comer (ready to eat).",agraria.pe/agronegocios,https://agraria.pe/noticias/agroexportaciones-peruanas-crecerian-mas-de-10-este-ano-20167
2019-11-06,"Con la obligación impuesta por EE.UU. de fumigar en destino, Perú perdió el primer lugar como exportador mundial de espárragos","Desde que se instauró esta obligación, los empresarios nacionales han gastado US$ 80 millones solo en pasar por dicho procedimiento que, encima, le resta vida en anaquel al producto. Pero el panorama podría cambiar con la campaña de certificación de campos y plantas de procesamiento.  A pesar de haber sido durante mucho tiempo la “punta de lanza” de la agroexportación peruana, incluso con bastante anticipación al crecimiento explosivo de los últimos años, la venta nacional de espárragos a los mercados del mundo no recibió todos los cuidados que necesitaba. Carlos Zamorano, director ejecutivo del Instituto Peruano del Espárrago y Hortalizas – IPEH, explica que resulta extraño que un cultivo con cerca de 50 años de exportaciones no hubiera pasado mucho antes por un proceso de certificación de sus campos ni de las plantas de procesamiento tal y como han hecho los empresarios del mango, la uva de mesa, palta Hass, cítricos, arándanos y otros. Una posible explicación, nos dice, es que los principales mercados, Estados Unidos y Europa (en ese orden) nunca tuvieron exigencias fitosanitarias hacia los exportaores hasta que la aparición de plagas activó la fumigación mandatoria para los despachos que llegaran desde el Perú hacia la nación norteamericana. “Erróneamente se pensó que esa era la solución, y muchos pensaron que ya no había que hacer nada en los campos aquí porque igual lo iban a fumigar allá”, dice. Y las consecuencias de este cambio de panorama han sido serias, empezando por el hecho de que Perú perdió la primacía en la exportación de la hortaliza a Estados Unidos (lugar que ahora ocupa México) y, consecuentemente, a nivel mundial. Esto, sumado a los ingentes costos del proceso de fumigación para los exportadores peruanos. “Uno tiene que pagar por que le ‘envenen’ el producto en Estados Unidos. Nosotros hemos calculado un costo de fumigación de menos de 30 centavos de dólar por caja y lo que hemos calculado desde el inicio de la fumigación mandatoria a Estados Unidos, solo el espárrago que va a ese mercado, hasta el año pasado, la industria peruana en costos directos había pagado 84 millones de dólares”, detalla. Además, para realizar este fumigado se tiene que cortar la cadena de frío, lo que le quita 30% de vida de anaquel al producto. Finalmente, ya que para pasar ese proceso debe enviarse en cajas abiertas de cinco kilos, se limita la posibilidad de hacer presentaciones con valor agregado. En definitiva, un conjunto de condiciones que ponen en amplia desventaja al Perú frente a México, país al que no se exige la fumigación. Momento de cambio Sin embargo, un punto de inflexión se podría haber dado el pasado 2 de noviembre, cuando entró en vigor la Reoslución Directorial N 0002-2019-Minagri-Senasa-DSV, que establece los requisitos sanitarios y fitosanitarios para exportar espárragos frescos a Estados Unidos y los países de la Comunidad Europea. Los puntos clave exigidos ahí son la certificación de los lugares de producción, certificación de las instalaciones de procesamiento primario (empacadoras), certificación fitosanitaria de envíos, certificación de análisis de residuos de plaguicidas y metales pesados. De las aproximadamente 26 mil hectáreas que habría en el país (no hay un estudio específico) ya se encuentran certificadas 9 mil hectáreas gracias a una campaña liderada por el Ministerio de Agricultura y Riego. Con estas garantías, los mercados receptores tendrán la confianza de que el producto que reciben tiene poca prevalencia de plagas y muy bajos riesgos. La idea, dice Zamorano, es que con estas nuevas condiciones en los tres o cuatro primeros meses del próximo año se pueda negociar con Estados Unidos la eliminación de la fumigación. Lograr ese objetivo tendría un impacto positivo enorme que se reflejaría en todos los mercados a los que se dirige la hortaliza peruana, además que ayudaría a ordenar los datos sobre el cultivo en nuestro territorio. “Ya no somos el primer exportador a nivel mundial, este es el costo de la fumigación. Es el costo de haber tenido un cultivo sin mayores controles a los que están sometidos los demás productos de agroexportación”, refrenda el líder gremial. Con todo, el vocero del IPEH estima que este año las exportaciones de espárragos se mantendrán en un nivel de US$ 500 millones, con un gran peso de los despachos en fresco (que el año pasado alcanzaron los US$ 375 millones). El resto se reparte entre las presentaciones en congelado y en conserva. Finalmente, sobre la posibilidad de contar con una semilla peruana de espárrago, reconoce que no hubo grandes avances (se intentó con un proyecto de la Universidad Nacional Agraria La Molina, pero no se obtuvieron resultados). Sin embargo, si se logra salir de la exigencia del fumigado, esa nueva etapa de florecimiento de la industria permitiría impulsar las investigaciones de este tipo ya que nuestro país necesita una variedad específica que requiera menos agua y tenga mayor resistencia a plagas.",agraria.pe/agronegocios,https://agraria.pe/noticias/con-la-obligacion-impuesta-por-ee-uu-de-fumigar-en-destino-p-20165
2019-11-05,Agroexportación: el uso de la inteligencia comercial hace la diferencia,"En la campaña de palta 2019 nuevamente las agroindustriales peruanas destinaron el mayor volúmen a Europa, donde, debido a la alta oferta, se vieron afectadas en el precio, mientras que el mercado estadounidense tenia problemas de abastecimiento. Solo dos empresas nacionales aprovecharon este panorama: Avocado Packing Company y Complejo Agroindustrial Beta.  Entre abril y setiembre de 2019, Perú despachó 286.922 toneladas de palta (12% menos que el mismo período de 2018) por un valor de US$ 669 millones (3% más), lo que reflejó que hubo una caída en el volumen exportado pero con mejores precios, indicó el director general de Fresh Fruit Perú, Luis Corvera. Recordó que en la campaña de 2018, un crecimiento no planificado en la producción de palta de Perú ocasionó una sobreoferta que llevó los precios a la baja, hasta US$ 2 por kilogramo, frente a los US$ 2.4 del 2017. En esa campaña, las exportaciones se dispararon un 45% en volumen, pero el crecimiento en valor solo lo hizo en 24%. Dicho comportamiento, dijo que motivó a los exportadores a estabilizar sus volúmenes y no crecer para evitar nuevas caídas en los precios. “Este panorama animó a varias empresa a adelantar un par de semanas su cosecha y así evitar la sobreoferta este año, pero fueron tantos los que pensaron igual que solo adelantaron el problema. Lo más dramático fue que apuntaron al mismo mercado que un año antes habían saturado, Europa, y a pesar de la mala experiencia en esta campaña tampoco buscaron nuevos destinos”. El 87% de los despachos de las primeras semanas llegó al Viejo Continente. Detalló que durante seis semanas más se presionó a Europa y el precio, que empezó en US$ 2.1 el kilogramo; cayó hasta US$ 1.95. “Y aquí vino un segundo desacierto: en lugar de tratar de entender al mercado y así buscar nuevos destinos, decidieron reducir las cosechas para la exportación”. Agregó que para ese momento, Estados Unidos tenía problemas de abastecimiento ya que la cosecha californiana fue afectada por el mal clima; y la mexicana fue afectada por las amenazas de la administración Trump. “Sin mucha palta en el mercado estadounidense, el precio promedio saltó hasta US$ 2.85, un 46% más que el que se ofrecía en Europa. Pero las empresas peruanas, en su mayoría, no estaban informadas de esto; habían descuidado la inteligencia comercial”. El director general de Fresh Fruit Perú, señaló que no fue sino hasta inicios de septiembre cuando hubo una reacción tardía de los exportadores peruanos. En ese momento la campaña se acababa y no había más palta, además de que la exportación mexicana empezó a estabilizarse. Chile, con una ventana comercial complementaria a la peruana, adelantó su campaña y aprovechó la oportunidad. Luis Corvera destacó que solo dos empresas peruanas sacaron provecho de la información. Avocado Packing Company, la joint venture del grupo Mission, fue una de ellas. Esperó que el mercado global se estabilizara y priorizó, por primera vez, Estados Unidos sobre Europa. Desde finales de abril, destinó allí más del 66% de sus exportaciones. Y, durante los últimos meses (en medio de la contracción de la oferta peruana), regresó con fuerza al Viejo Continente. Así, saltó del tercer lugar al liderazgo en palta. Exportó 30.362 toneladas por US$ 81 millones, creciendo con solo 4% en volumen, 42% en valor, con un precio promedio de US$ 2.7 por kilogramo. Complejo Agroindustrial Beta, por su parte, dio un gran salto, al crecer 78% en volumen y 73% en valor. En tanto, los líderes de 2018 se vieron desplazados esta vez. El uso de la inteligencia comercial hizo la diferencia. Se espera que para la próxima campaña sea diferente. Fuente: Día 1 de El Comercio",agraria.pe/agronegocios,https://agraria.pe/noticias/agroexportacion-el-uso-de-la-inteligencia-comercial-hace-la--20164
2019-11-05,Agroexportaciones peruanas crecieron 9% entre enero y septiembre de este año,"Envíos agrarios tradicionales (US$ 469.595.000) presentaron una variación positiva de 9.1% y concentró el 9.8% del total. Por su parte, el subsector agropecuario-agroindustrial alcanzó los US$ 4.288.649.000, mostrando un incremento de 8.9% y concentró el 90.2% del total.  La Asociación de Exportadores (ADEX) informó que entre enero y septiembre las agroexportaciones (tradicionales y no tradicionales) sumaron US$ 4.758 millones, experimentando un incremento de 9% respecto al mismo periodo del año anterior y logrando un monto máximo histórico para ese periodo. Sin embargo, la tasa no es la más alta si se toma en cuenta el mismo lapso de tiempo de otros años (enero-septiembre). En 2010 creció 30%, 2011 fue 44%, 2014 fue 24% y 2018 ascendió a 14%. Los envíos agrarios tradicionales (US$ 469.595.000) presentaron una variación positiva de 9.1% y concentraron el 9.8% del total. Su partida principal fue el café (US$ 367.540.000), que a pesar de sufrir una contracción de -1.4%, representó el 78.2% del total de estos despachos. Otros fueron azúcares de caña y lana sin cardar. De los 61 mercados a los que llegaron, Estados Unidos (US$ 137.041.000) y Alemania (US$ 93.551.000) ocuparon el primer y segundo lugar, respectivamente, y representaron el 49.1% del total. Les siguieron Bélgica, Colombia, Suecia, Canadá, Uruguay, Reino Unido, Italia y Francia. Algunas de las empresas que destacaron en el ranking fueron Perales Huancaruna S.A.C., Olam Agro PERÚ S.A.C., Procesadora del Sur S.A., Cartavio S.A.A., Compañía Internacional del Café S.A.C. y Cooperativa de Servicios Múltiples Cenfrocafe Perú. Valor agregado Por otra parte, el subsector agropecuario-agroindustrial alcanzó los US$ 4.288.649.000, mostrando un incremento de 8.9% frente al mismo periodo de 2018 y concentró el 90.2% del total. Entre sus productos más importantes están la palta (US$ 729.656.000), uva (US$ 371.948.000), arándanos, espárragos frescos y mangos. Su principal destino fue Estados Unidos (US$ 1.410.786.000) que concentró el 32.9% del total. Países Bajos, España, Ecuador, Reino Unido, Chile y China también ocuparon posiciones importantes en el ranking. Destacaron por su crecimiento Indonesia (222.9%) al importar cacao y uvas; y Arabia Saudita (143.2%) que demandó uvas, granada y quinua. Asimismo, Gambia (81%) que solicitó principalmente leche evaporada sin azúcar; Singapur (66.3%) con cacao, espárragos, arándanos, granada, quinua y tara en polvo; y Portugal (62.3%) con uvas. De acuerdo al Sistema de Inteligencia Comercial ADEX Data Trade, las principales empresas agroexportadoras no tradicionales fueron Camposol S.A., Vitapro S.A., Virú S.A., Danper Trujillo S.A.C. y Consorcio de Productores de Fruta S.A. Fortalecer trabajo conjunto En ese sentido, la gerenta de Agroexportaciones de ADEX, Susana Yturry Farge, dijo que es imprescindible fortalecer un trabajo conjunto con el sector público a fin de fortalecer la competitividad del sector y diversificar la oferta de productos y mercados. ""La labor de instituciones como Minagri, Senasa, INIA, Sanipes y Digesa es fundamental para ese objetivo"", resaltó. El sector privado por su parte, a través del gremio empresarial, realizará una serie de actividades para seguir capacitando a los integrantes de esa cadena en temas como sanidad, inocuidad, identificación de mercados y tendencias. Algunos de los certámenes son el XXI Almuerzo Agroexportador, X Convención de Capsicum, Noche de Pisco, III Congreso de Fortalecimiento de la Cadena de Maracuyá y otros.",agraria.pe/agronegocios,https://agraria.pe/noticias/agroexportaciones-peruanas-crecieron-9-entre-enero-y-septiem-20159
2019-10-31,Exportaciones de limón Tahití muestran importante incremento,"Durante los primeros nueve meses de 2019, los envíos peruanos de este producto superaron los US$ 6.2 millones.  Entre enero y septiembre del presente año, Perú exportó 6.852.007 kilos de limón Tahiti por un valor FOB de US$ 6.269.729. Estas cifras revela un importante crecimiento desde los 5.136.144 kilos despachados al exterior en igual periodo de 2018 por un valor entonces de US$ 4.882.587. De acuerdo al portal Agrodata Perú, el mayor destino de estos envíos en los primeros nueve meses de 2019 fue Chile, donde se lograron colocaciones por US$ 2.805.521 (45% del total de envíos). A continuación se ubicaron Reino Unido con US$ 1.055.134, Estados Unidos con US$ 840.836, Países Bajos con US$ 691.504, Panamá con US$ 668.176, República Dominicana con US$ 190.591, entre otros. En tanto, entre las principales empresas exportadoras del rubro se encontraron Limones Piuranos SAC con ventas por US$ 1.395.056, COEXA con US$ 1.035.255, Frutícola Olmos EIRL con US$ 699.067, Limones Peruanos SRL con US$ 522.016; Promotora y Servicios Lambayeque SAC con US$ 382.304; Grupo Gerónimo Trading SRL con US$ 279.273, Grupo Seleyvi Trading SAC con US$ 259.417, Industrias Agroforestales Casablanca SAC con US$ 252.713, entre otros.",agraria.pe/agronegocios,https://agraria.pe/noticias/exportaciones-de-limon-tahiti-muestran-importante-incremento-20135
2019-10-24,La historia de la piurana que reinventó los chifles para darle una alegría a su mamá,"Ninoska Vilela es piurana, tiene 53 años y es la mente detrás de “Orgánicos Don José”, una marca de chifles orgánicos que busca promover la cultura alumenticia en nuestro país.  Ninoska ha hecho de todo. Ha trabajado en una empresa de tarjetería, ha preparado arreglos florales, ha sido decoradora y hasta ha tenido su propio quiosco ambulante. Aunque estudió la carrera de economía en la Universidad Nacional de Piura y trabaja como asistente en una empresa hace varios años, el sueldo jamás le alcanzó para mantener a su hija. Es madre soltera. Se divorció hace 27 años, y desde entonces, el camino ha sido cuesta arriba. Empinado. Muy empinado. Pero hoy la historia es otra. Ninoska parece haber alcanzado, por fin, la ansiada cima. Hace dos años, creó “Orgánicos Don José”, una marca de chifles orgánicos que busca promover la cultura alimenticia en nuestro país. Todo empezó por amor a Juana, su madre querida. “Hace cuatro años, mi mami enfermó de insuficiencia renal. A medida que pasó el tiempo, se fue empeorando y tuvo que pasar por diálisis. Allí fue cuando el doctor me recomendó prepararle comida orgánica”, cuenta Ninoska. “No tenía idea del universo orgánico, así que comencé a investigar. Empecé con los chifles porque a mi mamá le gustaban mucho, pero se ponía mal cada vez que los comía. Entonces, le preparaba chifles de banano orgánico. Luego, aprendí a hacer tortas y pasteles de verduras orgánicas"", explica. Hace tres años, todo cambió cuando la mamá de Ninoska falleció. Entonces, su hija le propuso seguir preparando comida orgánica, pero esta vez a modo de negocio. ""Cuando mi mamá fallece, mi hija me anima a abrir un negocio de chifles orgánicos. Estaba convencida que podríamos ayudar a otros pacientes a vivir saludable y comer rico. Y así fue como empezamos”, revela. Hoy, “Orgánicos Don José” es una empresa familiar. Ninoska, sus dos hermanas y su hija están detrás de cada detalle. Cada una se encarga de la producción, distribución y presentación de cada producto. Y el camino no ha sido fácil, pues la alimentación orgánica no es muy popular en el noroeste del Perú. Pero, a ellas nada las detiene. ""Es difícil. A pesar de que Piura es un departamento con gran oferta de cultivos orgánicos, hay muchas personas que no saben lo que es la alimentación orgánica. Los clientes nos preguntan cuál es la diferencia entre un cultivo orgánico y uno normal. Aún tenemos que explicarlo, aunque parezca increíble”, señala. ""En Piura aún no existe la cultura alimenticia que nosotros quisiéramos. Por eso, difundirla es nuestra siguiente meta"", agrega. Sin embargo, en sus primeros años han logrado bastante. Lo que empezó en su natal Piura, hoy llega hasta Lima de la mano de las bioferias de La Molina y Barranco. Semanalmente, ingresan de 10 a 15 kilos para cada bioferia. Un monto que cada vez crece más. Además, el año pasado ampliaron su oferta de productos: además de chifles, ahora ofrecen chumbeques, mazapanes, alfajores, empanadas y tortas orgánicas; todos los postres que alguna vez fueron los favoritos de Juana. Ella siempre está presente. Aunque claro, los chifles siguen siendo su producto estrella. En agosto pasado, Ninoska ganó el primer lugar en el concurso organizado por la comunidad ""Yo Madre"", de la bloguera Rocío Oyanguren, con el apoyo de Arca Continental Lindley. Tras recibir el galardón, Ninoska se hizo acreedora de 5 mil soles en efectivo y una beca de estudios para estudiar en Zegel IPAE. Un éxito que le ha dado más ganas de seguir adelante. ""Me siento realizada. Esa es la palabra. Porque empecé de nada y he ido escalando poco a poco. Y este es el regalo de todo el esfuerzo. Nada es fácil en esta vida. Hemos pasado varios tropiezos pero aquí estamos. Esto demuestra que todo es posible si creemos en nosotras mismas. Las mujeres lo podemos todo. Solo es cuestión de creer en nosotras mismas y ser perseverantes"", reflexiona. Ahora, su meta es llegar a más rincones de Lima y así, seguir promoviendo la cultura alimenticia en nuestro país. ""Nuestra meta en los próximos meses es posicionarnos aún más, tanto en el mercado piurano como en el limeño. En Lima, estamos tratando de ingresar a la bioferia de El Polo y a los Domos de la Costa Verde con nuestros productos. Y en Piura, nuestra lucha es la cultura alimenticia. Es necesario promover la comida orgánica"", comenta. Dato Los productos están disponbles en las bioferias de Barranco y La Molina. También puedes hacer tus pedidos al número 3444002. Fuente: VIÙ – El Comercio",agraria.pe/agronegocios,https://agraria.pe/noticias/la-historia-de-la-piurana-que-reinvento-los-chifles-para-dar-20090
2019-10-23,Se debe tener cuidado con las expectativas comerciales de la pitahaya,"Una de las ventajas de producir esta fruta son los bajos costos de producción en relación con otros cultivos, ya que no es muy riguroso en asistencias agronómicas. Sin embargo, sí es exigente en agua y requiere de un cuidado especial contra las plagas.  “La pitahaya es interesante para desarrollar mercados, pero se debe tener mucho cuidado con la expectativa que se va creando en relación con la sostenibilidad comercial”, pidió José Castillo, jefe de la Sede Regional de Piura de Sierra y Selva Exportadora. Castillo asegura que antes de 2015 este producto era mayoritariamente desconocido y que Sierra y Selva Exportadora fue uno de los primeros en introducir la pitahaya como “un cultivo alternativo, nuevo a desarrollar mediante un sistema de investigación e inteligencia comercial”. Para Castillo, una de las ventajas de producir esta fruta son los bajos costos de producción en relación con otros cultivos, ya que no es muy riguroso en asistencias agronómicas. Sin embargo, sostiene que sí es exigente en agua y que requiere de un cuidado especial contra las plagas. Desde 2016, Sierra Exportadora está realizando investigaciones en el cultivo de variedades nativas de pitahaya en municipios como Montero y Huancabamba (Piura) para medir los comportamientos agronómicos y las características finales de las pitahayas rojas. Fuente: infomercado.pe",agraria.pe/agronegocios,https://agraria.pe/noticias/se-debe-tener-cuidado-con-las-expectativas-comerciales-de-la-20079
2019-10-23,Agroexportaciones no tradicionales a Canadá sumaron US$ 75.4 milones de enero a agosto de 2019,"Los principales productos agrícolas no tradicionales despachados a Canadá son mandarinas frescas, mango en conserva, uvas, quinua, palta y mango frescos.  De enero a agosto del presente año, las agroexportaciones no tradicionales de Perú a Canadá sumaron US$ 75.4 millones, mostrando un incremento de 278% frente a los US$ 20 millones alcanzados en los mismos meses de 2009, año en que se firmó el tratado de libre comercio entre ambos países. Así lo señaló la analista senior de Desarrollo de Políticas del Centro de Investigación de Economía y Negocios Globales de la Asociación de Exportadores (CIEN-ADEX), Nancy Arrelucé Ruiz. La especialista detalló que los principales productos agrícolas no tradicionales despachados a Canadá en los primeros ocho meses del presente año fueron mandarinas frescas, mango en conserva, uvas, quinua, palta y mango frescos. La representante de CIEN-ADEX manifestó que existen muchos productos peruanos del sector agrícola no tradicional libres de arancel que aún no abastecen el mercado canadiense, entre los que destacó el cacao en grano, aceitunas, arvejas, nueces de Brasil, entre otros. Datos . El Tratado de Libre Comercio entre Perú y Canadá, entró en vigencia el 1 de agosto de 2009. Ese año nuestras exportaciones con valor agregado a ese destino sumaron US$ 38.986.000 y hoy superan los US$ 165.541.000, lo que significó un crecimiento de 325%. Durante ese tiempo hubo espacio para insertar 306 nuevos productos, entre los que destacan cítricos, quinua, mandarina, arándanos, jengibre, etc. . El Acuerdo Comercial entre Perú y Canadá permitió un cambio en la estructura de la oferta hacia ese país. La participación de los no tradicionales aumentó de 2.9% (sin TLC) a 12.5% (2019) del total de nuestras exportaciones. Es decir, el número de partidas no tradicionales se incrementó en 32%, pasando de 394 en 2009 a 521 en 2019.",agraria.pe/agronegocios,https://agraria.pe/noticias/agroexportaciones-no-tradicionales-a-canada-sumaron-us-75-4--20075
2019-10-22,S&M Foods incursiona en el negocio de frutas frescas,"Las exportaciones se iniciarán en el 2020; proyectan despachar 50 contenedores de mango y 50 contenedores de palta. La fruta se destinaría a Holanda, Estados Unidos, Italia, Canadá, Alemania.  La empresa S&M Foods, que exporta capsicum y superfoods (como granos andinos, menestras, maca, orégano) está incursionando en el negocio de las frutas frescas como palta y mango. Así lo señaló el gerente general de S&M Foods, Alberto Santiago Milla, quien dijo que su representada se ha alidado con socios estratégicos de la costa norte -principalmente Piura- quienes conocen el manejo agronómico del cultivo, su trazabilidad, así como el manejo operativo y logístico de ambas frutas. “Nos hemos aliado con productores que necesitan exportar su producción y lo harán a través de S&M Foods. Ellos buscaban una empresa líder en el sector para sacar sus productos al exterior y nosotros buscabamos ampliar nuestro abanico de productos al exterior”, explicó. Agregó que las exportaciones se iniciarán en el 2020, proyectando despachar 50 contenedores de mango y 50 contenedores de palta. La fruta se destinaría a Holanda, Estados Unidos, Italia, Canadá, Alemania. Señaló que cada año aumentarán los volúmenes exportados de mango y palto porque son productos peruanos de alta calidad que ya están posicionados y tienen un mercado grande. Santiago Milla dijo que su representada también sembrará sus propios cultivos de palta y mango. Por ahora están evaluando la zona donde instalar dichas frutas. Dato . S&M Foods también está desarrollando arándanos y lúcuma deshidratados.",agraria.pe/agronegocios,https://agraria.pe/noticias/s-m-foods-incursiona-en-el-negocio-de-frutas-frescas-20066
2019-10-21,"Granada, uva y palta son principales protagonistas de agroexportación peruana a Rusia"," Rusia se está convirtiendo en un destino relevante para la agroexportación peruana. De hecho, entre enero y septiembre del presente año, los despachos a dicho destino de frutas y hortalizas crecieron 17% tanto en valor como en volumen con respecto al mismo periodo de 2018. “Con ello, se alcanzaron envíos por US$ 34.2 millones, que equivalen a 22.796 toneladas. Los principales productos exportados fueron granada (35% de participación), uva fresca (18%) y palta (18%)”, detalló la agencia de inteligencia comercial Fresh Fruit. Es de resaltar, según esta fuente, que hasta septiembre de 2019 el 19% de las exportaciones peruanas de granada tuvieron como destino Rusia, convirtiéndose así en el segundo mercado de relevancia de esta fruta. Estos envíos alcanzaron un valor de US$ 12 millones, lo que equivale a 7.275 toneladas. Esto representa un crecimiento de 10% en valor y 34% en volumen. “Entre las empresas que realizan más envíos se encuentran Exportadora Frutícola del Sur (con 20% de participación), Agrovictoria (15%) y Corporación Agrolatina (13%)”, subraya. De otro lado, las exportaciones de uva al mercado ruso crecieron 31% en valor y 37% en volumen, alcanzando la cifra de US$ 6.5 millones, lo que equivale a 3.894 toneladas. Fresh Fruit recuerda que Rusia es el segundo importador de uva fresca del mundo y tiene una demanda creciente del producto peruano. En este acápite, las principales exportadoras son Agrícola San José (con 11% de participación) y Exportadora Safco Perú (9%). Finalmente, sobre los envíos de palta, indican que crecieron 101% en valor y 103% en volumen. De esta manera alcanzanron un monto de US$ 6.3 millones, lo que significa un volumen de 3.347 toneladas. Aquí, las principales empresas que realizaron envios fueron Agrocosta Perú (17% de participación), Sterling Perú (15%) y Agroindustrias Checcobamba (13%).",agraria.pe/agronegocios,https://agraria.pe/noticias/granada-uva-y-palta-son-principales-protagonistas-de-agroexp-20056
2019-10-18,Aprolimom produciría 1.200 toneladas de limón sutil en la campaña 2019/2020,"Actualmente, el total de la producción se destina al Mercado Mayorista de Santa Anita (en Lima), pero el objetivo es colocarlo en el mercado exterior.  La Asociación de Productores de Limón de Matapalos (Aprolimom), produciría 1.200 toneladas de limón sutil en la campaña noviembre 2019 – abril 2020, informó su responsable técnico, Wilmer García Maldonado. Aprolimom, ubicada en el distrito de Matapalos, provincia de Zarumilla (Tumbes) cuenta con 95 pequeños productores asociados, quienes concentran 300 hectáreas de limón, todas de la variedad sutil. El 100% del área está en producción. García Maldonado detalló que la asociación produce 50 toneladas por semana (200 toneladas por mes), con una estacionalidad de producción de noviembre a abril. Agregó que actualmente el total de la producción se destina al Mercado Mayorista de Santa Anita (en Lima), pero la proyección de su representada es colocar en el mercado exterior, por eso estuvieron presentes en Expoalimentaria 2019 (gracias al apoyo del Minagri y el Proyecto Binacional Puyango Tumbes), donde participaron en la rueda de negocios. “En Expoalimentaria tuvimos reuniones con empresarios de Chile y Estados Unidos, quienes se mostraron interesados en nuestro producto pero aún falta el tema de certificación e industrializarlo para llegar a esos destinos”, sostuvo. Finalmente, señaló que como organización se tiene pensado incrementar el número de socios y áreas de limón. “En todo Tumbes existen alrededor de 3 mil hectáreas de limon (2.000 en producción y 1.000 en crecimiento) y nuestra organización busca incrementar socios para tener mayor oferta de la fruta”.",agraria.pe/agronegocios,https://agraria.pe/noticias/aprolimom-produciria-1-200-toneladas-de-limon-sutil-en-la-ca-20049
2019-10-18,El notable auge de las uvas rojas sin semilla en el portafolio agroexportador peruano,"Desde la temporada 2015 en adelante se ha registrado un crecimiento explosivo con una oferta múltiple de estas variedades patentadas.  Las uvas rojas sin semilla patentadas son casi un delicatessen, sin embargo se han convertido en un gran negocio dentro de la agroexportación. De hecho, hoy el portafolio de esta línea de uvas es muy variado. Información de IQonsulting y Aduanas, revela, por ejemplo, que en la temporada 2012/13 empieza a dominar largamente la variedad Magenta. Una vez puesto en movimiento el cambio, para la temporada 2014/15 la Magenta empieza a ceder buena parte de su protagonismo ante la Sweet Celebration. Ambas, con un agregado marginal de otras variedades, alcanzaron entonces un volumen de exportación que bordeó las 5.000 toneladas. En 2016, según resalta Grappa Varietes Ltd., ingresa otra protagonista como ARRA 29, la cual ha venido creciendo sostenidamente en áreas desde entonces hasta la actualidad. De otro lado, para la campaña 2015/16 la correlación entre la Magenta y la Sweet Celebration se mantiene, pero aparece de a pocos una nueva variedad que con el tiempo cobraría gran protagonismo: Jack´s Salute. Sostenida por las participaciones mayoritarias de Sweet Celebration y una importante proporción todavía de Magenta, la temporada 2016/2017 de exportación de uvas rojas sin semilla, que se complementó con la ya referida Jack´s Salute, así como las recientes Scarlotta S. y Timco, da un importante salto y supera las 10.000 toneladas. Pasos gigantes A partir de ahí los crecimientos de los despachos de este tipo de uvas desde nuestro país son notables. Así, en la temporada 2017/18, superan las 20.000 toneladas, es decir que duplican en la práctica a la temporada previa. Y las proporciones cambian: es ampliamente mayoritaria la participación de la variedad Sweet Celebration, seguida en importancia por Jack´s Salute, Magenta, Timco, Scarlotta S., entre otras de menor proporción. La temporada 2018/2019 no hizo más que confirmar la viada con que viene el sector. La exportación de estos frutos se duplicó nuvamente y trepó hasta las 40.000 toneladas con dos variedades protagonistas: Sweet Celebration y Jack´s Salute. Estas fueron complementadas por una nueva: Allison, que en menor proporción fue parte de este portafolio junto a las ya conocidas como Timco, Magenta, Scarlotta S. y otras.",agraria.pe/agronegocios,https://agraria.pe/noticias/el-notable-auge-de-las-uvas-rojas-sin-semilla-en-el-portafol-20047
2019-10-15,Perú exportaría US$ 100 millones más que Chile en arándanos al cierre de 2019,"Se estima que exportaciones peruanas del berry alcanzarían los US$ 680 millones al final de este año. Por ahora, en volumen Chile mantiene la delantera, sin embargo esto cambiaría en el 2020.  La agencia especializada en inteligencia comercial para agroexportación Fresh Fruit proyectó que, aunque Perú todavía no sobrepasará a Chile en el ranking de los mayores exportadores de arándanos en volumen, es probable que sí lo desplace del primer puesto en ventas. La agencia reseñó en una comunicación que según el Comité de Arándanos de la Asociación de Exportadores de Frutas de Chile A.G. (ASOEX),se espera que las exportaciones del fruto desde el país sureño para la temporada 2019-2020 crezcan solo un 4% con respecto a la temporada anterior. En tanto, el gremio nacional de Proarándanos, estima por su parte que el crecimiento de estos despachos hacia el exterior desde el Perú será de 34%. Una de las razones para este contraste sería que Chile enfrenta complicaciones en sus exportaciones a Estados Unidos, su destino de mayor importancia, que se ha comportado de manera inestable en las últimas campañas. Tras estos análisis, Fresh Fruit hizo su propia proyección para el trimestre final del presente año, y estimó un crecimiento de 5% para Chile (porcentaje mayor al proyectado), con lo que dicho país cerraría el 2019 con 138.542 toneladas exportadas, lo que equivale a US$ 580 millones en ventas. “Mientras que, con un crecimiento conservador de 25%, menor al estimado por Proarándanos, el Perú cerraría el año con 95.625 toneladas exportadas, equivalente a US$ 681 millones. Aunque Chile creciera en 10% sus volúmenes, solo alcanzarían 140.020 toneladas; y sus ventas, US$ 587 millones”, complementó. Y agregó: “El Perú aún no sobrepasará a Chile en volumen exportado, pero probablemente lo haga en el 2020 si mantiene esta dinámica de crecimiento”. Asimismo, resaltó que en el primer semestre del año, Chile ha disminuido sus exportaciones de arándanos en 1% con respecto al mismo periodo de 2018, considerando ventas, y en 4% teniendo en cuenta el volumen. Perú, por su parte, incrementó las exportaciones en 70% para las ventas y 75% para el volumen. “Los precios promedio de exportación del Perú disminuyeron en 3%, siendo US$ 5.70 por kilo en la primera mitad del 2019 en comparación con los US$ 5.87 del mismo periodo del 2018; mientras que los de Chile subieron en 2%, a US$ 4.04 por kilo frente a US$ 3.95 del periodo previo”, concluyó la agencia.",agraria.pe/agronegocios,https://agraria.pe/noticias/peru-exportaria-us-100-millones-mas-que-chile-en-arandanos-a-20020
2019-10-07,"A pesar que las agroexportaciones no tradicionales siguen creciendo, su dinamismo es cada vez menor"," De enero a agosto del presente año, las agroexportaciones no tradicionales de Perú sumaron US$ 3.772 millones, mostrando un incremento de 4.7% respecto a lo alcanzado en iguales meses de 2018, informó la Sociedad de Comercio Exterior del Perú (ComexPerú). Indicó que si bien la evolución de las exportaciones agrícolas del rubro no tradicional ha mantenido una tendencia positiva en los últimos 4 años, el crecimiento alcanzado en los primeros ocho meses del año estuvo por debajo del registrado para el mismo periodo de 2018 (+16.5%). “Si bien las agroexportaciones no tradicionales aún se mantienen en terreno positivo, su dinamismo es cada vez menor. Se esperaría que con la reciente extensión del Régimen de Promoción Agraria se mejore esta situación, a partir de nuevas inversiones en el sector. Asimismo, urge la ejecución de los grandes proyectos de irrigación que siguen en cola de espera”, manifestó el gremio de comercio exterior. Mercados destinos En lo que respecta a los mercados, ComexPerú señaló que en los primeros ocho meses del año, se realizaron envíos a 166 países. El principal fue Estados Unidos, que registró un incremento de 16%, al pasar de US$ 1,043 millones en el periodo enero-agosto de 2018 a US$ 1,209 millones para el mismo periodo de 2019, y concentró un 32% del total enviado al mundo. Le siguió Países Bajos, con US$ 623 millones, un 16.5% del total y un 4.4% menos con respecto al periodo anterior. A continuación, España (US$ 258 millones; 6.8%; +1%), Ecuador (US$ 199 millones; 5.3%; +5%) y Reino Unido (US$ 172 millones; 4.6%; -2.5%). Asimismo, entre enero y agosto de 2019, las exportaciones de paltas lideraron el ranking de las agroexportaciones no tradicionales al registrar envíos por un valor de US$ 702 millones, lo que significó un 18.6% del total y creció un 5.1% con respecto al mismo periodo del año anterior. El principal destino de este producto fue Países Bajos, cuyos envíos sumaron US$ 227 millones en el periodo de análisis, lo que representó un 32.2% del total de paltas exportadas y un 6.5% menos respecto del periodo de 2018. Igualmente, en los meses de abril, mayo, junio y julio fue el producto más exportado. El segundo producto de nuestra canasta agroexportadora fueron las uvas, las cuales alcanzaron un valor de US$ 362 millones entre enero y agosto de 2019, un 18.5% más con respecto al mismo periodo de 2018. Dicho resultado fue impulsado por los mayores envíos a Estados Unidos y Hong Kong, los cuales crecieron a tasas del 21% y el 19%, respectivamente. Por su parte, los espárragos fueron nuestro tercer producto de exportación, al registrar un valor de US$ 213 millones, lo que representó un aumento del 5% con respecto al mismo periodo de 2018. Estados Unidos y Países Bajos, con montos exportados de US$ 129 millones (+15.2%) y US$ 22 millones (-19.2%), respectivamente, lideraron el ranking de exportación de este producto. Datos . En lo que se refiere solo al mes de agosto del presente año, las agroexportaciones no tradicionales sumaron US$ 473 millones, una caída del 14% respecto del mismo mes de 2018. Entre los productos que podemos destacar en dicho mes se encuentran los arándanos, cuyos envíos al mundo registraron un incremento del 58.4%, al pasar de US$ 48 millones en agosto de 2018 a US$ 76 millones para el mismo mes de 2019, principalmente a los mercados de Estados Unidos (+150%) y China (+99%). . Los US$ 3.772 millones alcanzados por las agroexportaciones no tradicionales en los primeros 8 meses del año, representó el 42.9% del total de las exportaciones no tracionales del Perú.",agraria.pe/agronegocios,https://agraria.pe/noticias/a-pesar-que-las-agroexportaciones-no-tradicionales-siguen-cr-19967
2019-10-03,Exportaciones de jugo de limón superan los US$ 10 millones en los ocho primeros meses del año,"Estados Unidos se el receptor del 73% del total de los envíos de este producto peruano.  Durante los ocho primeros meses del presente mes, Perú exportó 10.158.080 kilos de jugo de limón por un valor FOB de US$ 7.200.779. Estas cifras revelan un moderado incremento desde los 9.282.649 kilos despachados al exterior en igual periodo de 2018 por un valor entonces de US$ 6.560.505. De acuerdo al portal Agrodata Perú, el mayor destino de estos despachos entre enero y agosto de 2019 fue Estados Unidos, donde se logró colocaciones por US$ 5.220.947 (73% del total de envíos peruanos). Más atrás se ubicaron Países Bajos con US$ 870.048, Canadá con US$ 443.486, Reino Unido con US$ 317.689 y Bahamas con US$ 125.277. En tanto, entre las principales empresas exportadoras del rubro se posicionaron Multifoods SAC con ventas por US$ 4.641.154, Agroindustrias AIB SA con US$ 1.975.231, Limones Piuranos SAC con US$ 529.480 y otros con montos menores que sumaron US$ 54.914.",agraria.pe/agronegocios,https://agraria.pe/noticias/exportaciones-de-jugo-de-limon-superan-los-us-10-millones-en-19952
2019-10-02,Unión Europea: Zofratacna ofrece ventajas competitivas para la agroexportación,"Delegación de embajadores europeos visitó dicha zona y ponderó su potencial para dinamizar el comercio de las empresas dedicadas a la agroexportación.  La Unión Europea (UE) observa con interés el desarrollo actual y futuro de la Zona Franca de Tacna (Zofratacna), debido a que se trata de un sistema que ofrece ventajas competitivas a las empresas que operan en esta zona y que las ayuda a afrontar los desafíos comerciales que exige el mercado internacional, sostuvo el embajador del bloque europeo en el Perú, Diego Mellado. De este modo, una delegación de embajadores del bloque comunitario visitó el complejo industrial, donde destacaron las ventajas competitivas que ofrece. El diplomático destacó el potencial de la zona franca tacneña para dinamizar el comercio de las empresas peruanas dedicadas a la agroexportación. “La UE es un gran mercado de 510 millones de consumidores. Se trata de una plaza exigente, donde las empresas peruanas han conseguido abrirse paso. En el sector agroindustrial, el Perú lidera la exportación a la UE en una serie de productos”, manifestó. Adaptación al mercado Mellado se mostró convencido de que las empresas peruanas pueden adaptarse a las exigencias de los mercados mundiales, como el europeo, a través de las ventajas que ofrece el sistema de Zofratacna. “Tacna es una zona fronteriza donde se puede desarrollar un mayor dinamismo comercial. Entiendo que la legislación se viene modificando para dar más incentivos. Por eso estamos aquí, porque queremos ver cómo Zofratacna puede responder a esos desafíos, ofreciendo un marco a las empresas para que sean más competitivas, no solo a nivel local, sino global”, subrayó el diplomático. Inversión agroindustrial Por su parte, el presidente del directorio de Zofratacna, Aldo Fuster, dijo que el reto actual es darle un enfoque exportador a la zona franca, la cual tiene un gran potencial para la inversión agroindustrial. “Tenemos 50,000 hectáreas que pueden usarse para la agricultura. Ya hemos comenzado un proyecto privado para captar la producción de los agricultores y que se pueda destinar en mayor porcentaje al mercado europeo y norteamericano”, comentó. La delegación europea estuvo comprendida por el embajador de la UE en Perú, Diego Mellado; y los embajadores de Alemania, Stefan Herzberg; de Austria, Gerhard Zettl; de Bélgica, Koenraad Lenaerts; de Francia, Antoine Grassin; de Portugal, Afonso Henriques Abreu de Azeredo; y de Suecia, Cecilia Ekholm. Ellos visitaron las instalaciones de Zofratacna, así como la fábrica de ladrillos Maxx y la planta de cerveza artesanal Master Brew, ubicadas dentro del complejo industrial. Fuente: Agencia Andina",agraria.pe/agronegocios,https://agraria.pe/noticias/union-europea-zofratacna-ofrece-ventajas-competitivas-para-l-19947
2019-09-30,Tacna lista para exportar 2.500 toneladas de zapallo a Chile,"El producto fue cosechado en el Valle de Cinto de la provincia de Locumba.  La Dirección Regional de Agricultura de Tacna informó que gracias a la asistencia técnica del personal de la Agencia Agraria Jorge Basadre del sector agricultura, se viabilizará la exportación de 2.500 toneladas de zapallo. Este producto, en su mayoría de la variedad “camote”, fue cosechado por los agricultores del Valle de Cinto de la provincia de Locumba y se encuentra listo para enrrumbar hacia el mercado chileno. Según recuerda dicha Dirección Regional, Locumba representa el 24% de la producción de zapallo con 92 hectáreas, seguida de Curibaya (5%) y el distrito de La Yarada de Los Palos (58%).",agraria.pe/agronegocios,https://agraria.pe/noticias/tacna-lista-para-exportar-2-500-toneladas-de-zapallo-a-chile-19923
2019-09-24,Exportaciones de limón sutil llegaron a valores de US$ 2.9 millones en los primeros ocho meses del año,"Chile concentró el 64% de los envíos del cítrico peruano.  Durante los ocho primeros meses del presente año, Perú exportó 3.576.220 kilos de limón sutil en fresco por un valor FOB de US$ 2.969.009. Estas cifras revelan un moderado avance desde los 3.221.636 kilos despachados al exterior en igual periodo de 2018 por un valor entonces de US$ 2.384.093. Según reporta el portal Agrodata Perú, el principal destino de estos despachos entre enero y agosto de 2019 fue Chile, donde se lograron colocaciones por US$ 1.896.744 (64% del total de envíos nacionales). A continuación se ubicaron Italia con US$ 497.960, Panamá con US$ 407.663, Estados Unidos con US$ 148.493 y República Dominicana con US$ 14.254. En tanto, entre las principales empresas exportadoras del cítrico se posicionaron Limones Piuranos SAC con ventas por US$ 775.000, Grupo Gerónimo Trading SRL con US$ 407.000, Limones Peruanos SRL con US$ 378.000 y Agroexportaciones Machu Picchu SRL con US$ 331.000.",agraria.pe/agronegocios,https://agraria.pe/noticias/exportaciones-de-limon-sutil-llegaron-a-valores-de-us-2-9-mi-19889
2019-09-23,Agroexportaciones peruanas crecieron 4.1% en los primeros ocho meses del año,"Los productos que resaltaron por mayores colocaciones fueron paltas, uvas, espárragos frescos, arándanos,entre otros.  De enero a agosto del presente año, las agroexportaciones peruanas sumaron US$ 4.352 millones, lo que representó un crecimiento de 4.1% en comparación a lo alcanzado en el mismo periodo de 2018. Así lo informó el Ministerio de Agricultura y Riego (Minagri), quien destacó que el incremento de los envíos estuvo impulsado por las mayores colocaciones de frutas y hortalizas. De acuerdo al reporte de la Dirección General de Seguimiento y Evaluación de Políticas (DGESEP) del Minagri, los principales productos despachados fueron paltas frescas o secas, uvas frescas, café sin tostar, sin descafeinar, espárragos frescos, mangos frescos, preparaciones para alimentación animal, arándanos frescos, los demás cítricos, bananas o plátanos tipo ""Cavendish Valery"" frescos y cacao crudo en grano, entero o partido. Estos 10 productos en conjunto concentrarían el 54% del total exportado. Según el detalle, resaltarían los mayores valores de exportación de paltas frescas o secas con US$ 754 millones (+13%), uvas frescas que alcanzaron US$ 362 millones (+18%), espárragos frescos US$ 213 millones (+5%), arándanos frescos US$ 130 millones (+21%), los demás cítricos US$ 120 millones (+23%), cacao crudo en grano,entero o partido US$ 100 millones (+14%), entre otros. Principales mercados Paltas frescas: EstadosUnidos, Holanda, España, Inglaterra, Chile, China, Japón, Hong Kong, Rusia,Canadá, Bélgica, Alemania, Costa Rica, India, Francia, Portugal, entre otros. Uvas frescas: EstadosUnidos, Hong Kong, Holanda, China, México, Tailandia, España, Canadá, Rusia, Corea, Colombia, Taiwán, Vietnam, Indonesia, Inglaterra, Arabia Saudita, Portugal, entre otros. Café sin tostar, sin descafeinar: EstadosUnidos, Alemania, Bélgica, Canadá, Suecia, Inglaterra, Francia, Colombia, Italia, Holanda, Corea, Japón, Australia, España, República Dominicana, Nueva Zelanda, México, entre otros. Espárragos, frescos o refrigerados: Estados Unidos, Holanda, Inglaterra, España, Brasil, Bélgica, Australia, Alemania, Francia, Chile, Dinamarca, Canadá, Japón, Hong Kong, Colombia, Irlanda, Italia,Singapur, entre otros. Mangos, frescos o secos: Holanda, Estados Unidos, España, Corea, Inglaterra, Francia, Canadá, Chile, Zonas francas, Alemania, Japón, Suiza, Ecuador, Rusia, Bélgica, México, Italia, entre otros. Preparaciones para alimentación animal: Ecuador, México, Honduras, Panamá, Costa Rica, Guatemala, Bolivia, Nicaragua, Colombia, El Salvador, Italia y Cuba. Arándanos frescos: EstadosUnidos, China, Holanda, Inglaterra, Hong Kong, Canadá, España, Tailandia, Brasil, Singapur, Bélgica, Costa Rica, Malasia, Chile, Alemania, Baréin, entre otros. Los demás cítricos: Estados Unidos, Inglaterra, Canadá, China, Holanda, Rusia, Hong Kong, Irlanda, México, Portugal, España, entre otros. Bananas tipo ""Cavendish Valery"" frescos: Holanda, Estados Unidos, Panamá, Bélgica, Corea, Alemania, Japón, Inglaterra, Finlandia, Italia, Suecia, Canadá, Chile, Portugal, España, México, Suiza, entre otros. Cacao crudo en grano, entero o partido: Indonesia, Holanda, Malasia, Italia, Bélgica, Estados Unidos, México, España, Singapur, Suiza, Estonia, Alemania, Colombia, Inglaterra, Australia, Canadá, Argelia, Japón, entre otros.",agraria.pe/agronegocios,https://agraria.pe/noticias/agroexportaciones-peruanas-crecieron-4-1-en-los-primeros-och-19881
2019-09-18,Investigadores del INIA se capacitan en mejoramiento genético,"Pasantía les permitirá impulsar la innovación tecnológica para mejorar la competitividad de la producción agrícola y garantizar la seguridad alimentaria del país.  Siete investigadores del Instituto Nacional de Innovación Agraria (INIA) de Perú realizaron una pasantía en Texcoco (México), sobre análisis estadístico de datos genéticos y fenotipos para fitomejoradores, que les permitirá impulsar la innovación tecnológica para mejorar la competitividad de la producción agrícola y garantizar la seguridad alimentaria de su país. El proceso de aprendizaje se llevó a cabo en el Centro Internacional de Maíz y Trigo (CIMMYT) durante 12 días y se dio a raíz de la alianza establecida entre el Programa Nacional de Innovación Agraria (PNIA) del INIA y el Instituto Interamericano de Cooperación para la Agricultura (IICA). “La actividad es parte del apoyo del IICA en su constante preocupación por fortalecer las capacidades de los profesionales que investigan en el campo de la agricultura en el país”, explicó la especialista en Tecnología, Innovación, Sanidad Agropecuaria e Inocuidad de los Alimentos del IICA en Perú, Erika Soto. Los temas tratados por los investigadores en la pasantía se enfocaron en conceptos sobre modelos mixtos lineales, genética cuantitativa aplicada en la selección genómica y fitomejoramiento, análisis y manejo de datos genéticos, análisis de diversidad y estudios de asociación amplia del genoma, entre otros. “Esto servirá para aplicar en nuestro trabajo diario, orientado a promover y ejecutar las actividades que faciliten el desarrollo y el fortalecimiento de la innovación tecnológica agraria de Perú, para la seguridad alimentaria y el incremento de los niveles de competitividad de la producción”, indicó Teófilo Jara Calvo, uno de los pasantes. Los otros investigadores beneficiados fueron Teodoro Narro, Mirihan Gamarra, Rocío del Pilar Palomino, Isaac Cieza, César Oscanoa y Víctor Gonza Cusipuma. El fitomejoramiento consiste en la técnica de investigación mediante la cual se cruzan distintas variedades de una misma especie vegetal con el objetivo de mejorar sus características genéticas y lograr plantas más resistentes y productivas. En el caso del CIMMYT de México, desarrolla y distribuye líneas mejoradas de maíz e híbridos a socios y colaboradores de todo el mundo, con lo que impacta la seguridad alimentaria, los ingresos y los medios de vida de millones de pequeños agricultores y sus familias en los trópicos y subtrópicos del África subsahariana, Asia y América Latina.",agraria.pe/agronegocios,https://agraria.pe/noticias/investigadores-del-inia-se-capacitan-en-mejoramiento-genetic-19852
2019-09-17,Exportaciones de cítricos aumentaron en volúmen 3.5% a agosto del 2019,"En los primeros 8 meses del año, solo se registra un leve incremento de los envíos de mandarinas.  Al cierre de la semana 35 del presente año (31 de agosto) las exportaciones peruanas de cítricos (mandarina, tangelo, naranja, limón y toronja), alcanzaron las 171.772 toneladas, mostrando un incremento en volúmen de 3.59% (5.967 toneladas) respecto a las 165.805 toneladas despachadas en igual periodo del año pasado. Así lo informó el gerente general de la Asociación de Productores Cítricos del Perú (ProCitrus), Sergio del Castillo Valderrama, quien detalló que este crecimiento estuvo impusaldo por los mayores despachos de naranja y limón. En cuanto a mandarinas (que representa el grueso de los despachos) dijo que en el periodo analizado se apreció un ligero incremento. A la semana 35 del 2018 Perú había despachado 128.570 toneladas de mandarinas y a la misma semana de este año las exportaciones de esta fruta alcanzaron las 128.960 toneladas Sergio del Castillo indicó que a inicios del año se esperaba un incremento en el volúmen exportado de cítricos de entre 5% y 8%, el cual estaría sustentado por mayores despachos de mandarina. “Ya culminó la campaña de mandarina pero todavía hay algunos embarques que no están registrados en el sistema y en todo septiembre sigue despachándose esta fruta. Las exportaciones de los demás cítricos continúa todo el año”, explicó. Agregó que el incremento de los envíos de cítricos esté explicado por los mayores despachos de naranja y limón es una buena noticia, ya que significa que nos estamos diversificando y no solamente es la mandarina la que impulsa el crecimiento del sector. Además significa que otras zonas productoras participan más. “Hay que destacar que la mandarina es un producto que impulsa la econompia de la costa central, pero cuando hablas de la exportación de naranja se habla de Junín; y de limón de Piura, por lo cual también se benefician estas regiones con un mayor dinamismo de las exportaciones”, sostuvo. En el caso de la naranja, dijo que se trata de la naranja de jugo (industrial), un producto competitivo porque tiene buen grado brix y buen rendimiento de jugo. Esta fruta se exporta a Holanda, Inglaterra y tambien a Panamá, Dominicana, Colombia, entre otros. En cuanto al limón, desde el año pasado se aprecia esta tendencia positiva. Chile sigue siendo el principal mercado de este producto, pero tambien hay un volumen importante que se dirige a Panamá. Mercados En cuanto a los mercados destinos, el representante de ProCitrus, destacó que al cierre de la semana 35 del presente año (31 de agosto) algunos países ya recibieron más cítricos procedentes de Perú que todo lo que adquirieron el 2018. Al respecto, mencionó que Holanda a la semana 35 de este año ya habia recibido más de 25 millones de kilos (todo el 2018 se enviaron 24.7 millones de kilos). Este mercado seguirá recibiendo frutas, por lo que será un destino que va reigstrando un crecimiento interesante. Igual panorama se presenta en China, donde al cierre de la semana 35 de este año ya había recibido 11.8 millones de kilos (todo el 2018 recibió 10.4 millones de kilos). El año pasado el gigante asiático fue el mercado que más incrementó sus adquisiciones de cítricos peruanos (mandarinas). Sobre Estados Unidos, dijo que ha importado menos cítricos de todo el mundo, sin embargo Perú es uno de los pocos abastecedores que ha incrementado su despacho a este mercado. Mientras que para Reino Unido se espera que los despachos de cítricos disminuyan ya que en todo el 2018 se exportó 40.5 millones de kilos, y a la semana 35 de este año recién iban 29.7 millones. La debilidad de la libra esterlina ha hecho que pierda atractivo este mercado en favor de otros mercados como Holanda.",agraria.pe/agronegocios,https://agraria.pe/noticias/exportaciones-de-citricos-aumentaron-en-volumen-3-5-a-agosto-19837
2019-09-16,"Sector agroquímico en Perú facturará US$ 208 millones, creciendo más de 5% este año","Impulsado por crecimiento de agroexportaciones y principales cultivos tradicionales. De lo comercializado en el mercado de agroquímicos, el 60% va dirigido a los cultivos tradicionales (arroz, papa y maíz) y el 40% para el sector de agroindustria.  Las ventas del sector agroquímico en el Perú alcanzarán los US$ 208 millones este año, registrando un crecimiento de más de 5% respecto al 2018, debido a un mejor desempeño de las agroexportaciones y algunos cultivos tradicionales, estimó CultiVida. “La tendencia del mercado de agroquímicos es de crecimiento y se puede llegar a una facturación de hasta US$ 208 millones para el 2019, básicamente impulsado por el sector agroexportación y también por algunos cultivos tradicionales”, señaló el director ejecutivo de CultiVida, Carlos Rodríguez Koch. “En el primer semestre del 2019 el desempeño fue bueno, porque hubo mucho calor en el verano y había que prevenir los cultivos de las plagas. Cabe indicar que el 2018 fue un año difícil para el sector y el negocio de agroquímicos cerró entre US$ 195 millones y US$ 197 millones”, agregó. El especialista proyectó que se registrará un crecimiento superior al 5% en las ventas del sector agroquímico, debido a que los factores climáticos, como el Fenómeno El Niño, influyen positivamente en el mercado de agroquímicos, pues hay más plagas y más necesidad de controlarlas. “Es un mercado en crecimiento, no solamente por el efecto de El Niño y las altas temperaturas que producen la aparición de plagas con mayor intensidad, sino también por el boom agroindustrial que se está viviendo por los cultivos de exportación”, señaló. “También hemos visto una buena recuperación en los precios de la papa, y si bien es cierto que se han sembrado menos hectáreas a nivel de la costa, los precios en el campo se mantienen todavía en un buen nivel”, añadió. Carlos Rodríguez indicó que, de lo comercializado en el mercado de agroquímicos, el 60% va dirigido a los cultivos tradicionales (arroz, papa y maíz) y el 40% para el sector de agroindustria. “El crecimiento del sector viene siendo sostenido, porque cuánto más población existe en el mundo, más necesidad de alimentos hay, dándose una tendencia de crecimiento continua a lo largo de los últimos años en el sector agroquímicos”, explicó.",agraria.pe/agronegocios,https://agraria.pe/noticias/sector-agroquimico-en-peru-facturara-us-208-millones-crecien-19827
2019-09-16,Exportaciones de tara disminuyeron en valor 12.19% en el primer semestre del año,"Precios de tara como materia prima seguirán bajando. Las perspectivas para el 2020 avizora la reducción de los precios y se espera la recuperación para el 2021.  En el primer semestre del año, las exportaciones peruanas de tara (polvo y goma) sumaron US$ 17.835.351, mostrando una reducción de 12.19% frente a los US$ 20.309.552 alcanzados en igual periodo del 2018. Así lo informó la Gerencia de Agroexportaciones de ADEX, quien indicó que en volumen, de enero a junio del 2019 se despacharon 9.622.706 kilos, reflejando una caída de 10.61% en comparación a los 10.764.745 kilos enviados en similares meses del año anterior. Los principales mercados destinos de la tara son: China US$ 4.215.653 (2.588.875 kilos), Italia US$ 2.620.421 (1.545.400 kilos), Brasil US$ 2.232.374 (1.388.000 kilos), Argentina US$ 1.121.904 (561.500 kilos), Alemania US$ 937.799 (443.700 kilos), México US$ 936.629 (532.000 kilos), Estados Unidos US$ 917.656 (272.236 kilos), entre otros. Detalló que en la primera mitad del presente año, los despachos de tara en polvo sumaron US$ 11.920.666, registrando una disminución de 12.88% versus los US$ 13.682.975 enviados en el mismo periodo de 2018. En volumen, en el primer semestre de 2019 se despacharon 7.707.175 kilos, mostrando una caía de 12.03% frente a los 8.761.031 kilos exportados en iguales meses del año anterior. En lo que respecta a goma de tara, de enero a junio de este año las exportaciones alcanzaron los US$ 5.914.685, registrando una reducción de 10.75% frente a los US$ 6.626.577 obtenidos durante enero-junio de 2018. En el periodo estudiado de este año, los despachos sumaron 1.915.531 kilos, 10.75% menos que lo enviado en el primer semestre del año anterior (2.003.714 kilos). Menor consumo de harina de tara en fabricación de cueros Carlos Álvaro Hinostroza, gerente general de Exandal, empresa líder en la producción y exportación de goma de tara y tara en polvo, mostró su preocupación por las menores exportaciones de dichos productos, que según dijo significan grandes pérdidas para las empresas exportadoras. Indicó que las causas de esta reducción son varios factores entre los que destaca: la caída del consumo mundial de harina de tara en la fabricación de cueros, situación que no podrá recuperarse en el mediano plazo. Además de la caída radical de los precios de goma de tara por el exceso de semilla de las empresas exportadoras, que vendieron más harina de tara que goma de tara. A esto se suma las amenazas de productos sustitutos que pueden reemplazar a la goma de tara como la goma guar, y a la harina de tara con productos sintéticos. El representante de Exandal agregó que los precios de tara como materia prima seguirán bajando, información que se viene evidenciando desde meses atrás. Las perspectivas para el 2020 son de reducción de los precios, esperando una recuperación en 2021. En ese sentido, señaló que se compromete a buscar otras aplicaciones con mayor valor agregado y poder recuperar los precios de tara para el beneficio de toda la cadena de este producto. Dato . Según el portal Agrodata Perú, de enero a agosto del 2019, las exportaciones peruanas de tara en polvo alcanzaron los US$ 19.614.261, mostrando una reducción de 20% frente a los 24.493.363 alcanzados en igual periodo de 2018. En volumen, en los primeros 8 meses del presente año se despachó 12.802.400 kilos de tara en polvo , reflejando una caída de 17.3% en comparación a los 15.475.912 kilos enviados en similares meses del año pasado.",agraria.pe/agronegocios,https://agraria.pe/noticias/precios-de-tara-como-materia-prima-seguiran-bajando-las-pers-19824
2019-09-12,El 30% del valor alcanzado por las agroexportaciones el 2018 corresponde a mipyme,"En el año 2000 habían 9 grandes empresas agroexportadoras, en el 2010 fueron 53 y en el 2018 fueron 132 grandes empresas, mientras que las pequeñas empresas en el 2000 eran 171, en el 2010 eran 541 y en el 2018 fueron 2.147 empresas.  De las 2.279 empresas que se dedicaron a la agroexportación en el 2018, el 94% corresponden a micro, pequeñas y medianas empresas (mipyme). Así lo indicó la titular del Ministerio de Agricultura y Riego (Minagri), Fabiola Muñoz Dodero, quien resaltó que son aproximadamente 453,000 los productores asociados a la agroexportación de forma directa e indirecta. Señaló que del total de las agroexportaciones alcanzadas el 2018 que sumaron US$ 6.653.052.336, las mipymes representaron US$ 1.976.141.561, es decir el 30% del total (25% lo realizaron las micro y pequeñas empresas y 5% las medianas empresas). Manifestó que la gran mayoría de empresas agroexportadoras hoy día son pequeñas y aglutinan a pequeños productores detrás de ellas. Agregó que en casi todas las regiones del país tenemos realmente una participación de pequeños productores y pequeñas empresas agroexportadoras. “En los últimos años se ha incrementado la cantidad de mipyme agroexportadoras. En el año 2000 habían 9 grandes empresas agroexportadoras, en el 2010 fueron 53 y en el 2018 fueron 132 grandes empresas, mientras que las pequeñas empresas en el 2000 eran 171, en el 2010 eran 541 y en el 2018 fueron 2.147 empresas”, detalló. En ese sentido, dijo que si usamos las cifras de los productos tradicionales y no tradicionales, tenemos por ejemplo que la mayoría de productores que están en el café son pequeños productores que se asocian para poder comercializar sus productos, y si miramos los cultivos no tradicionales como cacao, plátano o mango, tenemos una enorme cantidad de pequeños agricultores que están logrado que sus productos, a traves de diferentes formas asociativas, puedan llegar a mercados externos. Empoderamiento de la mujer En otro momento, la titular del Minagri destacó la importancia del empoderamiento de la mujer en zonas rurales. Al respecto, indicó que uno de los elementos centrales en el ciclo de violencia domestica es que en muchos casos la mujer no puede romper el ciclo por falta de autonomía económica. “El trabajo de mujeres en el campo, básicamente vinculado a la agricultura familiar que se asocia para exportar o agroexportación tambíen, está permitiendo tener unos indicadores de incorporación de mujeres realmente mucho mejores de lo que teniamos años atrás, eso es algo notable que hay que resaltar”, aseveró Explicó que la agricultura moderna ha incrementado en más de 7 veces la participación la participación de las mujeres en las actividades del sector. En el 2004 del total de trabajadores en empresas agrícolas el 63.58% eran hombres y el 36.42% eran mujeres, pero en el 2015 del total de trabajadores en empresas agrícolas, el 54.04 eran hombres y 45.96% eran mujeres. Datos . Según información del Ministerio de Comercio Exterior y Turismo (Mincetur), de las 7.801 empresas exportadoras (de todos los sectores) que existen en nuestro país, 5.580 son micros, pequeñas y medianas empresa (mipyme), es decir el 71% del total. . Del valor de las exportaciones totales de Perú en el 2018 que ascendieron a US$ 47.932 millones, solo 1.822 millones corresponden a los despachos realizados por las mipyme (es decir menos del 5% del total). . En el sector agricultura existen 1.684 empresas mipyme exportadoras, las cuales realizan despachos por US$ 741 millones, es decir el 41% de todas las exportaciones que realizan las mipyme (US$ 1.822 millones). . De acuerdo a la clasificación del Ministerio de la Producción (Produce), se considera mipyme a las empresas cuyas ventas anuales totales son menores a S/ 9.660.000.",agraria.pe/agronegocios,https://agraria.pe/noticias/el-30-del-valor-alcanzado-por-las-agroexportaciones-el-2018--19801
2019-09-11,Impulsan proyecto para revitalizar el sector del banano orgánico,"Objetivo del Proyecto es mejorar la productividad y calidad del banano orgánico fresco en la región. En el marco del proyecto se incrementará la producción en 3.714 hectáreas ubicadas en los valles de Alto Piura, Bajo Chira, Chira, San Lorenzo.  Las cooperativa agraria Asociacion de Productores de Banano Organico Sector el Monte y Anexos Mallaritos (APBOSMAN) y el Centro Ecuménico de Promoción y Acción Social Norte (CEDEPAS NORTE), vienen impulsando el proyecto “Innovación Agroindustrial de Bananao Orgánico” en Piura. El proyecto, que será financiado por la Cooperación Suiza y Helvetas Perú, busca mejorar la productividad y calidad del banano orgánico fresco en la región de Piura. Este trabajo involucrará a 4.000 productores de banano orgánico, organizados en 16 asociaciones de las provincias de Morropón, Paita, Piura y Sullana. Parte de la financiación otorgada permitirá a los productores implementar tecnologías innovadoras que incrementen los niveles de producción por hectárea, prevengan y controlen plagas y enfermedades, además de mejorar la calidad poscosecha del banano orgánico para la exportación. Se considera también la adaptación y mitigación del cambio climático mediante la medición y reducción de emisiones de gases de efecto invernadero, así como de residuos plásticos. En el marco del proyecto se incrementará la producción en 3.714 hectáreas ubicadas en los valles de Alto Piura, Bajo Chira, Chira, San Lorenzo. Dato . Los productores de banano orgánico pasaron de exportar 220 contenedores semanales a tan solo 170, reduciendo los ingresos anuales de US$ 200 millones a US$ 167 millones. Fuente: La República",agraria.pe/agronegocios,https://agraria.pe/noticias/impulsan-proyecto-para-revitalizar-el-sector-del-banano-orga-19798
2019-09-10,Agricultores logran producir semilla certificada de papa con asistencia técnica del INIA,"En esta primera campaña fueron cosechados más de 60.000 tuberculillos de alta calidad genética resistentes a plagas.  La Asociación de Productores Agropecuarios Artesanales y Agroindustriales Niño Jesús de Chanquil, de la provincia de Acobamba (Huancavelica), logró su primera producción de semilla certificada de papa de alta calidad genética, aplicando técnicas innovadoras brindadas por el Instituto Nacional de Innovación Agraria (INIA). En esta primera campaña fueron cosechados más de 60.000 tuberculillos de alta calidad genética resistente a plagas, en los módulos de producción de semilla que el INIA implementó en los barrios Totora, Chanquil Zona Centro 1 y Chanquil Zona Centro 2, que forman parte de la asociación. Especialistas de la Estación Experimental Agraria Santa Ana del INIA, realizaron el acompañamiento técnico durante el ciclo productivo de la semilla de papa, que va desde la construcción de los módulos, la preparación y fertilización de sustratos donde se realiza la siembra, hasta la aclimatación y trasplante de plántulas in vitro de papa. También se asistió en técnicas de cosecha, clasificación y selección de tuberculillos, además en el proceso de desinfección y almacenamiento de la semilla, dentro del proyecto ""Mejoramiento e innovación de la tecnología productiva de los semilleros de papa variedad INIA 303 Canchán"", que financia el INIA a través del Programa Nacional de Innovación agraria (PNIA). Estas actividades de transferencia tecnológica buscan fortalecer las capacidades técnicas de los agricultores para que mejoren su producción en calidad y cantidad, de tal manera que se potencie la comercialización de semilla de papa en la región.",agraria.pe/agronegocios,https://agraria.pe/noticias/agricultores-logran-producir-semilla-certificada-de-papa-con-19790
2019-09-09,Agroexportaciones peruanas crecieron 7.7% durante enero-julio de 2019,"Los despachos agro industriales no tradicionales (US$ 3.278.984.000) crecieron 7.69% y los envíos agrarios tradicionales (US$ 259.198.000) presentaron una variación positiva de 8%.  Las agroexportaciones peruanas (tradicionales y no tradicionales) sumaron más de US$ 3.538 millones entre enero a julio de 2019, mostrando un crecimiento de 7.72% en comparación al mismo periodo del año pasado (US$ 3.284.582.000), informó la Asociación de Exportadores (ADEX). Valor agregado Los despachos agro industriales no tradicionales (US$ 3.278.984.000) crecieron 7.69% más entre enero-julio respecto al mismo periodo del 2018 y tuvieron como productos principales a la palta (US$ 620.584.000) y a la uva, que de forma conjunta representaron el 36.3%. Otros fueron el mango, espárrago, demás preparaciones para la alimentación de animales, arándano, plátano y demás. De un total de 137 mercados, los que destacaron fueron EE.UU., Países Bajos y España que demandó palta, espárrago y mango. Ecuador, Reino Unido, Chile, China, Colombia, Hong Kong y Canadá también fueron parte de la cartera. Las principales compañías fueron Vitapro S.A., Camposol S.A., Virú S.A., Danper Trujillo S.A.C., Avocado Packing Company S.A.C., Agrícola Cerro Prieto S.A., Consorcio de Productores de Fruta S.A., Gloria S.A., Complejo Agroindustrial Beta S.A. y Gandules Inc S.A.C. Agro primario Los envíos agrarios tradicionales (US$ 259.198.000) presentaron una variación positiva de 8% y tuvo al café (US$ 178.971.000) en el primer lugar del ranking, al concentrar el 69%, aunque presentó una contracción de -7.2%. Otros productos fueron los demás azúcares de caña y lana sin cardar ni peinar. De entre un total de 60 destinos, resaltan Estados Unidos (US$ 76.214.000) y Alemania (US$ 43.127.000), que representaron de forma conjunta el 46% y demandaron especialmente el grano aromático. Les siguieron Colombia, Bélgica, Uruguay, Canadá y Reino Unido. De ellos, Alemania y Bélgica cerraron en rojo: -12.9% y -36.8%, respectivamente. Según el Sistema de Inteligencia Comercial ADEX Data Trade, otros son Suecia, Francia, Italia, Japón, Países Bajos, Corea del Sur, Ecuador, España, China y Australia. Empresas como Perales Huancaruna S.A.C., Cartavio S.A.A., Olam Agro Perú S.A.C., Procesadora Del Sur S.A., Compañía Internacional del Café S.A.C., H.V.C. Exportaciones S.A.C., ocuparon los primeros lugares en el ranking.",agraria.pe/agronegocios,https://agraria.pe/noticias/agroexportaciones-peruanas-crecieron-7-7-durante-enero-julio-19782
2019-09-05,4 mil productores piuranos de banano orgánico apuestan por la innovación y el emprendimiento agroindustrial para mejorar su competitividad,"Con el lanzamiento del proyecto “Innovación Agroindustrial de Banano Orgánico”, buscarán desarrollar capacidades y mejorar ingresos derivados de la agroindustria innovadora y mayor productividad del banano orgánico fresco.  La Cooperativa Agraria APBOSMAN y el Centro Ecuménico de Promoción y Acción Social Norte (CEDEPAS NORTE), con el financiamiento del Programa SeCompetitivo de la Cooperación Suiza – SECO y la facilitación de Helvetas Perú, realizarán el lanzamiento del proyecto “Innovación Agroindustrial de Banano Orgánico”, que tiene por finalidad mejorar la calidad de vida de los productores de la cadena de banano orgánico de Piura, gracias al desarrollo de capacidades y al incremento de ingresos derivados de la agroindustria innovadora y de la mejora de la productividad y calidad del banano orgánico fresco. La ceremonia de lanzamiento del proyecto se realizará el día jueves 5 de septiembre a las 3:30 p.m. en el auditorio Luis Paredes Maceda del Gobierno Regional de Piura y contará con la presencia del Gobernador Regional de Piura, Servando García Correa y del Director de la Cooperación Suiza - SECO en Perú, Alain Bühlmann. El proyecto involucra a 4 mil productores de banano orgánico, organizados en 16 asociaciones de las provincias de Morropón, Paita, Piura y Sullana. En el marco del proyecto, se incrementará la producción en 3,714 hectáreas ubicadas en los valles de Alto Piura, Bajo Chira, Chira, San Lorenzo. “Innovación Agroindustrial de Banano Orgánico” surge en respuesta a la necesidad de incrementar la competitividad en la cadena de banano orgánico y diversificar la oferta agroindustrial de manera sostenible, para cumplir con los estándares que exige el mercado internacional. El proyecto cuenta con cuatro componentes: desarrollo de emprendimiento agroindustrial, fortalecimiento de la cadena de banano orgánico fresco, desarrollo de competencias de los actores de la cadena y adaptación y mitigación del cambio climático. A través del proyecto se identificarán de oportunidades concretas de mercado y alternativas tecnológicas para la transformación agroindustrial del banano orgánico, a través de un nuevo emprendimiento que permita comercializar los subproductos del banano orgánico con valor agregado. La implementación de tecnologías innovadoras permitirá que los productores incrementen los niveles de producción por hectárea, prevengan y controlen plagas y enfermedades y mejoren la calidad poscosecha del banano orgánico para la exportación. Se considera también la adaptación y mitigación del cambio climático mediante la medición y reducción de emisiones de gases de efecto invernadero así como de residuos plásticos. El tiempo de ejecución es de 32 meses, desde julio de 2019 hasta febrero de 2022. Cuenta con el apoyo del Programa SeCompetitivo de la Cooperación Suiza - SECO, que tiene como facilitador nacional a Helvetas Perú. Cabe señalar que SeCompetitivo es un programa comprometido con la competitividad del sector privado del Perú, el desarrollo sostenible y la reducción de la pobreza. Brinda apoyo a los sectores público y privado orientados a elevar la productividad, facilitar el comercio exterior y promover el desarrollo del capital humano, apuntando a la generación de más y mejores puestos de trabajo, que favorezcan un desarrollo económico sostenible e inclusivo.",agraria.pe/agronegocios,https://agraria.pe/noticias/4-mil-productores-piuranos-de-banano-organico-apuestan-por-l-19754
2019-09-05,"“No hay ninguna razón que justifique un desinterés por el espárrago""","Para el Complejo Agroindustrial Beta, principal empresa exportadora de espárragos de Perú, el cultivo sigue siendo rentable y auguran seguir creciendo por lo cual continuarán invirtiendo en él. Sin embargo, otras se han retirado del rubro.  A pesar que el espárrago es uno de los principales cultivos de agroexportación de Perú (en el 2018 ocupó el quinto lugar con despachos por US$ 515.572.625 y 169.757.029 kilos) las empresas no muestran su interés en incursionar en este producto y, lo que es peor, algunas se han retirado del negocio. El presidente de la consultora Inform @ cción , Fernando Cillóniz Benavides, indicó que el esparrago es una incógnita, ya que fue el producto abanderado en su momento, y que hoy día no está creciendo como el resto (uva, palta, entre otros). “No hay ninguna razón que justifique un desinterés por el espárrago. Las empresas altamente productivas deberían de seguir apostando por este cultivo”, comentó. Por su parte, Lionel Arce Orbegozo, gerente general del Complejo Agroindustrial Beta, principal empresa exportadora de espárragos de Perú, dijo que para su representada dicho cultivo sigue siendo rentable por lo cual continuarán invirtiendo en este producto en el cual esperan seguir creciendo tanto en fresco como congelado Agregó que Beta cuenta actualmente con 3.000 hectáreas de espárragos (50% en Ica y 50% en Lambayeque) y están analizando reemplazar las áreas que están llegando a edad adulta. Detalló que la empresa tiene un proyecto para el próximo año de 400 hectáreas nuevas. Además, dijo que su representanda viene realizando una inversión de US$ 6 millones en la instalación de un túnel en una planta de espárrago congelado nueva en Jayanca (Lambayeque) que estará lista en noviembre de este año. La planta de packing tendrá una capacidad de procesamiento de 40 toneladas de materia prima al día. “Nosotros seguimos apostando por este cultivo. Habría que preguntar a las otras empresas por qué se retiraron, creo que por ser un cultivo maduro ya está básicamente todo dicho en el negocio”, sostuvo.",agraria.pe/agronegocios,https://agraria.pe/noticias/no-hay-ninguna-razon-que-justifique-un-desinteres-por-el-esp-19752
2019-09-04,Asociación Agroecológica Huanganapampa implementó módulo de poscosecha de cacao,"Inversión del Plan de Negocio fue superior a los S/ 480 mil. Duplicaron su producción inicial.  Los 37 productores de cacao de la de Asociación Agroecológica Huanganapampa implementaron un módulo de poscosecha de cacao, mediante un Plan de Negocios en adopción de tecnología por más de 480 mil soles, cofinanciado por el Ministerio de Agricultura y Riego (MINAGRI) a través del Programa de Compensaciones para la Competitividad – AGROIDEAS. El total de la inversión realizada asciende a 480 mil 760 soles. Los miembros de la Asociación Agroecológica Huanganapampa dieron una contrapartida equivalente al 20% (86,142 soles), mientras que MINAGRI-AGROIDEAS cofinanció el 80% (394,609 soles). Le ejecución del Plan de Negocio comprendió la entrega de herramientas, fertilizantes, la construcción del módulo de poscosecha, un moto carguero, una balanza, equipo completo para almacenamiento del producto y fertilizantes. El módulo de poscosecha de cacao, está conformado por un área de almacén, un área de fermentación, una planta de tratamiento de aguas mieles y un módulo de secado. En el distrito de Castillo Grande, provincia de Leoncio Prado, región Huánuco, se realizó la ceremonia de inauguración donde participaron: el presidente de la Asociación Agroecológica Huanganapampa, José Manuel Huerta Peña; el alcalde distrital de Castillo Grande, Pabel Espinoza Trujillo; y el Coordinador Regional del Programa AGROIDEAS en Huánuco, Jhordan Baltazar Peña. Cuadruplicaron su producción El presidente de la Asociación Agroecológica Huanganapampa, José Manuel Huerta Peña, agradeció el apoyo de AGROIDEAS del MINAGRI, el cual les ha permitido cuadruplicar su producción, al pasar de 300 kg/ha a 1500 kg/ha. Además, manifestó que están enfocando sus esfuerzos en mejorar la calidad de su cacao para el mercado.",agraria.pe/agronegocios,https://agraria.pe/noticias/asociacion-agroecologica-huanganapampa-implemento-modulo-de--19745
2019-09-04,Cuatro países asiáticos entre los quince principales mercados destinos de las agroexportaciones no tradicionales de Perú,"De enero a julio del presente año, las agroexportaciones no tradicionales sumaron US$ 3.279 millones, mostrando un incremento de 7.7% respecto a lo alcanzado en igual periodo de 2018.  Entre enero y julio del presente año, cuatro países asiáticos se posicionaron entre los quince principales mercados destinos de las agroexportaciones no tradicionales de Perú. Así lo informó la Asociación de Exportadores (ADEX), quien detalló que los países del Asia que aparecen en el mencionado ranking son China (que se ubicó en la séptima posición), Hong Kong (en el noveno lugar), Corea del Sur (décimo tercer puesto) y Japón (en la casilla 14). El gremio exportador también destacó que dicho ranking estuvo liderado por Estados Unidos con US$ 1.037.212.120 (+19.78%), Países Bajos con US$ 540.421.060 (-4.48%) y España US$ 225.191.912 (+5.31%). Agroexportaciones no tradicionales crecieron 7.7% y tradicionales aumentaron 8% En otro momento, ADEX señaló que de enero a julio del presente año, las agroexportaciones peruanas sumaron US$ 3.279 millones, mostrando un incremento de 7.7% respecto a lo alcanzado en igual periodo de 2018. Mencionó que en los siete primeros meses de 2019, los productos que más resaltaron fueron las paltas, uvas y mangos. Por otro lado, dijo que de enero a julio de 2019, las exportaciones agrarias tradicionales sumaron US$ 259.198.328, registrando un crecimiento de 8% frente a lo conseguido en similares meses del año anterior. El principal producto despachado fue café.",agraria.pe/agronegocios,https://agraria.pe/noticias/cuatro-paises-asiaticos-entre-los-quince-principales-mercado-19743
2019-08-29,“Con mucho esfuerzo la agroexportación se ha consolidado como el segundo generador de divisas”,"Existe un mayor potencial de crecimiento si se culminan obras como Chavimochic III, Majes, Olmos, entre otras.  El Director Ejecutivo de la Asociación de Gremios Productores Agrarios del Perú (AGAP), Gabriel Amaro, destacó el desempeño que el sector agroexportador ha desarrollado en los últimos dieciocho años en los que pasó del 5to al 2do puesto como generador de divisas en el país. Amaro ratificó el potencial de crecimiento que tiene la agroexportación si se culminaran con obras de infraestructura como la tercera etapa de Chavimochic, Majes, Olmos, entre otros pendientes que permitirían que distintas regiones tengan un crecimiento exponencial y requieran de mayor cantidad de mano de obra, logística y se pueda pensar en llegar al pleno empleo gracias al desarrollo de la agroexportación en muchas más regiones. El Director Ejecutivo del gremio especializado señaló que, si bien en la actualidad ocupamos el puesto 13 de los países exportadores de frutas y hortalizas, tenemos todas las condiciones para estar en el Top 10 en el ranking mundial. Para ello, resaltó el sentido de urgencia que deben tener las autoridades para resolver los retos que tiene el país en este sector, entre ellos el de infraestructura hidráulica ya mencionado, la aprobación de la continuidad de la Ley de Promoción Agraria, entre otros que fomenten y atraigan las inversiones, y que generen confianza en todos los actores involucrados. Amaro resaltó que con el trabajo en conjunto entre el sector público y privado se pueden lograr los grandes objetivos nacionales que tienen en la agroexportación uno de sus mejores exponentes.",agraria.pe/agronegocios,https://agraria.pe/noticias/con-mucho-esfuerzo-la-agroexportacion-se-ha-consolidado-como-19720
2019-08-28,AMT Agroindustria recibe certificación en Buenas Prácticas de Manufactura en poscosecha de cacao,"La planta tiene una capacidad de producción de 63 mil kilos de cacao en baba por semana.  AMT Agroindustria SAC recibió la certificación en Buenas Prácticas de Manufactura (BPM) en poscosecha de cacao. La certificación fue otorgada por la empresa SMC Slovensko A.S. De esta manera AMT Agroindustria obtenieme la primera certificación que se le otorga a una planta en la región de Ucayali. La planta -ubicada en el kilómetro 166 de la carretera Federico Basadre, provincia Padre Abad (Ucayali)- tiene una capacidad de producción de 63 mil kilos de cacao en baba por semana. Como se recuerda, la planta fue inaugurada en 2016 y desde esa fecha ofrece un valor agregado a la producción de este grano en beneficio de las familias productoras de cacao de Ucayali. Actualmente AMT Agrindustria exporta a Alemania y a Italia además de abastecer al mercado local.",agraria.pe/agronegocios,https://agraria.pe/noticias/amt-agroindustria-recibe-certificacion-en-buenas-practicas-d-19701
2019-08-27,Perú triplicó exportaciones de palta Hass a Estados Unidos,"Las importaciones estadounidenses de palta Hass, en general, experimentaron un aumento del 20% en el primer semestre de este año, impulsadas por un aumento en los suministros mexicanos.  Perú tuvo un aumento interanual sustancial de sus exportaciones de palta Hass a Estados Unidos, pasando de US$ 31 millones a US$ 77 millones en la primera mitad del año. El aumento se produjo a pesar de la menor producción en Perú, ya que el país comenzó a cosechar mucho antes que en 2018 y también envió menos fruta a Europa. Además, las importaciones estadounidenses de palta Hass, en general, experimentaron un aumento del 20% en el primer semestre de este año, impulsadas por un aumento en los suministros mexicanos. Las importaciones de enero a junio de todos los mercados aumentaron de US$ 1.100 millones a US$ 1.320 millones año con año, según muestran los datos del Departamento de Agricultura de Estados Unidos (USDA por sus siglas en inglés). Esto se debió principalmente a un aumento interanual del 16% en las importaciones mexicanas de palta Hass de US$ 1.070 millones a US$ 1.200 millones. Ese aumento se produjo en medio de una mayor producción en México y una cosecha más pequeña en California. Desde Chile, el tercer proveedor más grande de Estados Unidos durante el período, las importaciones aumentaron de US$ 2 millones a US$ 7.4 millones. Mirando hacia atrás en los últimos años, las importaciones estadounidenses de palta Hass han mostrado una fuerte tendencia al alza. Las importaciones aumentaron de US$ 1.500 millones en 2014 a US$ 2.500 millones en 2017, pero disminuyeron a US$ 2.200 millones el año pasado. Este aumento ha sido impulsado casi exclusivamente por México, que durante esos años representó entre el 85 y el 94% de las importaciones de Hass. Las importaciones de Hass de Chile y Perú han fluctuado fuertemente durante esos cinco años. Los suministros de palta Hass desde Perú se registraron en US$ 148 millones en 2014, cayeron luego a US$ 63 millones en 2016 y luego aumentaron nuevamente a USD 171 millones el año pasado. Mientras tanto, las importaciones desde Chile de 2014 a 2018 se registraron en US$ 64 millones, US$ 15 millones, US$ 65 millones, US$ 108 millones y US$ 62 millones, respectivamente. Colombia, un nuevo jugador que entró en escena, representó US$ 77.000 de las importaciones de aguacate Hass en 2017, el año en que obtuvo acceso al mercado. Esto aumentó a US$ 592.000 en 2018, y de enero a junio de este año las importaciones alcanzaron US$ 1.4 millones. Fuente: Portalfrutícola",agraria.pe/agronegocios,https://agraria.pe/noticias/peru-triplico-exportaciones-de-palta-hass-a-estados-unidos-19692
2019-08-22,Montcafé: la marca de Amazonas que quiere dejar huella como el café sostenible,"La idea de hacer crecer este emprendimiento surgió cuando cursaba los últimos ciclos de Economía, pero tomó forma al egresar, junto a sus socios. Hoy la empresa produce café de tres variedades: tostado, verde y de origen.  Su interés por el café le viene desde niño. Quizá el haber estado rodeado de ese aroma desde que nació y que viera a sus padres, caficultores, trabajando en sus cultivos es lo que llevó a Marco Murrieta a que, años después, junto a unos amigos - hoy sus socios-, iniciara un proyecto que desde hace siete años tiene nombre: Montcafé. “Cuando tenía 16 años empecé con un pequeño negocio, luego de aprender de mis padres, y tuve una pequeña chacra en Rodríguez de Mendoza (Amazonas), que fue el inicio de lo que hoy tenemos”, dice Marco Murrieta. La idea de hacer crecer ese emprendimiento surgió cuando cursaba los últimos ciclos de la carrera de Economía en la Universidad Federico Villareal, pero tomó forma al egresar, junto a sus socios. Hoy la empresa produce café de tres variedades: tostado, verde y de origen. “En total tenemos seis hectáreas, de las cuales tres están en producción, y vendemos nuestros productos al canal HORECA (hoteles, restaurantes y catering) y nos hemos enfocado en la experiencia con la instalación de cafeterías”, sostuvo Murrieta. En Oso Negro, el nombre de su finca cafetalera, lo que buscan es duplicar o triplicar la meta de productividad por hectárea y mejorar los procesos para obtener mejores beneficios del café y cuidar a la vez el medio ambiente con el fin de alcanzar una agricultura sostenible, ya que su café está libre del uso de químicos. A su vez, busca dar apoyo a las comunidades. Un ejemplo de ello es Musa, su café producido por mujeres de las comunidades cercanas y que ha logrado una fórmula donde destacan las notas achocolatadas. Su otro producto estrella es Montcafé Gourmet. Miranda al futuro En todo este tiempo, dice el ejecutivo que se han enfocado en capacitarse para la gestión y control de calidad del café con viajes a Estados Unidos para conversar con los tostadores (empresas encargadas de tostar el café) y conocer más de los nuevos conceptos de especialidades. Pero los planes a futuro son más ambiciosos. Con su marca de cafeterías que ostenta dos locales actualmente, uno en San Isidro y otro en Magdalena del Mar, se viene el tercero en 2020, viendo las zonas de San Borja o Surco. “Nos movemos en esas zonas, donde vemos una gran demanda por nuestro producto”, dice Murrieta, quien no descarta llevar su propuesta a centros comerciales. Y con la marca, además de ganar nuevos clientes para su portafolio, y de estar presentes en la cadena Wong, quieren ahora ver su reingreso al exterior, en cual se planea en unos dos años, y que los llevaría a Estados Unidos y Chile. “Queremos que en este tiempo nuestra marca sea más conocida”, agregó. Para ello, la marca trabaja en nuevas presentaciones y formatos, enfocándose mucho en su café gourmet con nuevos sabores. Marco Murrieta fue ganador del premio especial “Empresario del Año”, principal galardón del certamen en el año 2017 de los Premio Citi a la Microempresa, que se entregan año a año. Fuente: Gestión.pe",agraria.pe/agronegocios,https://agraria.pe/noticias/montcafe-la-marca-de-amazonas-que-quiere-dejar-huella-como-e-19664
2019-08-21,Puerto de Salaverry ya opera como impulsor clave de las agroexportaciones del norte peruano,"Días atrás una nave con contenedores cargados de productos agrícolas de la región norte partió con destino a Panamá, marcando un hito en la conexión productiva del país.  El pasado 11 de agosto una nave con contendedores cargados de productos agrícolas del norte peruano partió del puerto de Salaverry con destino a Panamá. Este traslado marcó un hito en la agroexportación para las regiones norteñas, pues comestibles como el plátano, coco, uva, mango, limón, entre otros, enrumbaron así hacia mercados internacionales. “Estamos hablando de los primeros contenedores de productos que salen de nuestras chacras de agroexportación de primer nivel, para competir con el mundo. Toda la zona norte del país tiene ahora un punto directo de salida hacia mercados internacionales. Eso nos hace más competitivos”, declaró la ministra de Transportes y Comunicaciones, María Jara Risco. La titular del sector ofreció estas declaraciones al dar un balance sobre las acciones que se ejecutan para modernizar el puerto de Salaverry. La implementación del servicio Sealand Salaverry Feeder, que consiste en el movimiento regular de contenedores para la exportación, es una de estas medidas. Jara recordó que las mejoras en el puerto liberteño permiten ahorrar hasta US$ 500 por contenedor, pues ya no trasladan su carga a Lima en camiones para embarcarla en el Callao con destino al extranjero. Está previsto que las empresas navieras lleguen cada dos semanas al puerto de Salaverry para trasladar los productos norteños. “Antes (las compañías marítimas) no nos tenían en el radar como un país y ahora vienen cada quince días al puerto. Los agroexportadores se han tenido que agrupar para estar preparados y despachar los productos con esa periodicidad”, refirió Jara. Por su parte, el concesionario del puerto, Salaverry Terminal Internacional S.A., adelantó inversiones por más de US$ 11 millones que han permitido optimizar el traslado de la carga.",agraria.pe/agronegocios,https://agraria.pe/noticias/puerto-de-salaverry-ya-opera-como-impulsor-clave-de-las-agro-19651
2019-08-16,El dulce y efímero sabor de la “ciruela peruana”,"Solo aparece esporádicamente durante el verano y ha sabido crecer de forma silvestre. Por su sabor, en el norte se produce en gran cantidad ahora y se exporta incluso al mercado de Ecuador, donde es muy apreciada.  Su nombre científico es Spondias purpurea, aunque la gran mayoría la conoce entre nosotros como ciruela peruana, ciruela criolla y hasta como cirgüela. Y sin embargo, no es una ciruela sino una drupa. Se le encuentra a lo largo de la costa peruana hacia el norte, con especial énfasis entre Piura y Tumbes, donde los calibres del fruto pueden ser mayores. William Daga, especialista en frutales de Sierra y Selva Exportadora, resalta que destaca por su color rojizo y tener poca carne que sin embargo es sabrosa. De hecho, en esas soleadas tierras esta “ciruela” es tan emblemática que hasta le dedican un festival en Virú. “En el norte, Chicama es una zona emblemática (de producción); en Virú se produce más de 30 mil toneladas anuales. Se cultiva bastante sobre todo en Tumbes y Piura para exportarla al Ecuador; al ecuatoriano le encanta este tipo de fruta”, explica. La atracción del mercado del país norteño es tal que casi todo lo producido en Tumbes se va para allá, refiere, en tanto que la producción de Virú sí se distribuye en mercados locales como Lima e Ica, donde también se siembra. En total, un 8 a 10% de la producción total del país se destina a la exportación, con las complicaciones propias que tiene una fruta que es extremadamente delicada. En Ecuador se paga de 4 a 5 soles el kilo, un rango similar al mercado peruano en el que oscila entre 3 a 5 soles por kilo. De producción efímera, la ciruela peruana se encuentra principalmente en meses de verano, con énfasis entre febrero y marzo, y luego desaparece del mercado hasta el próximo año. Por eso sus tintes rojizos solo adornan los puestos esporádicamente. A pesar de su preponderancia, este fruto no es muy estudiado a nivel de las autoridades y de hecho no se le hace prácticamente seguimiento aunque es originario de Mesoamérica, incluyendo a Brasil y Perú, por lo que somos centro de origen. Así, se ha desarrollado de forma silvestre y casi sin llamar la atención, tendida entre los cercos y como separación de las parcelas, escondiendo un dulzor que siempre se ha sabido apreciar.",agraria.pe/agronegocios,https://agraria.pe/noticias/el-dulce-y-efimero-sabor-de-la-ciruela-peruana-19622
2019-08-15,Crean Estación Experimental Agraria en Tumbes,"A través de la Resolución Jefatural N° 149-2019-INIA.  A través de la Resolución Jefatural N° 149-2019-INIA, se informó de la creación de la Estación Experimental Agraria “Los Cedros” en el distrito de Corrales, provincia y departamento de Tumbes, sobre un área de 48.65 hectáreas, debidamente inscrito en Registros Públicos. La estación funcionará como Unidad Operativa dependiente del Pliego 163 del Instituto Nacional de Innovación Agraria. Las oficinas de Administración, Planeamiento y Presupuesto del INIA serán las encargadas de iniciar su implementación. Foto: MásAgro Perú",agraria.pe/agronegocios,https://agraria.pe/noticias/crean-estacion-experimental-agraria-en-tumbes-19617
2019-08-06,210 contenedores se descargan en el Puerto de Salaverry para impulsar las agroexportaciones,"Los contenedores marítimos serán usados para transportar productos agroindustriales de La Libertad, Cajamarca y Áncash, entre otras regiones.  Un total de 210 contenedores arribaron y fueron descargados en el Puerto de Salaverry (La Libertad) el pasado 27 de julio, informó la Autoridad Portuaria Nacional (APN), entidad adscrita al Ministerio de Transportes y Comunicaciones (MTC). Los contenedores marítimos -a bordo del buque Mariner, de más de 188 metros de eslora (largo de la nave), procedente del Callao- serán utilizados para exportar productos agroindustriales de La Libertad, Cajamarca, Áncash, entre otras regiones. Se trata de la primera descarga de este tipo desde el inicio de operaciones del concesionario, Salaverry Terminal Internacional (STI), y la de mayor número en 10 años. De esta manera, las regiones del norte exportarán productos como los arándanos, espárragos en conserva, azúcar, harina de pescado, entre otros. “Esto no hubiera sido posible sin las mejoras continuas que se realizan en el terminal portuario. Hace solo dos semanas, se instaló un moderno sistema de amarre hidráulico (Shore Tension), que permitirá reducir hasta en 60% los periodos de cierre del terminal debido a oleajes anómalos”, dijo Edgar Patiño, presidente del directorio de APN. Además, se ejecutó un dragado a -12.5 metros de profundidad en la zona de maniobra para que naves de mayor envergadura puedan operar de manera óptima. También se han colocado nuevas y modernas bitas, que permiten el mejor amarre al momento del anclado de cada embarcación. En octubre pasado, el MTC y la empresa Salaverry Terminal International S.A suscribieron un contrato de concesión por 30 años, que contempla una inversión de US$ 229 millones para la modernización y desarrollo del terminal.",agraria.pe/agronegocios,https://agraria.pe/noticias/210-contenedores-se-descargan-en-el-puerto-de-salaverry-para-19552
2019-08-06,Intenciones de siembras para la campaña agrícola 2019-2020 ascienden a 97.185 hectareas,"Tres cultivos (papa, maíz amiláceo y cebada) representan el 63.8% del total de las intenciones de siembra para dicha campaña.  Las intenciones totales de siembras en la región Huancavelica para la campaña agricola 2019/2020 -que se inicia este mes- asciende a 97.185 hectareas. Así lo informó la Dirección Regional Agraria de Huancavelica (DRA Huancavelica), quien detalló que la provincias con mayores siembras son Tayacaja con 41.274 hectáreas y Acobamba con 17.926 hectáreas. Según las encuestas a los productores, realizadas por el personal de las Agencias Agrarias, los principales cultivos a sembrar en la región son papa con 24.408 ha, maíz amiláceo con 21.044 ha y cebada 16.585 ha. Estos tres cultivos representan el 63.8% del total de las intenciones de siembra para la mencionada campaña. Otros productos a sembrar son frijol grano seco con 7.285 ha; haba grano seco, 6.793 ha; arveja grano verde, 5.397 ha; trigo, 5.195 ha; arveja grano seco, 3.684 ha; olluco, 2.952 ha; quinua, 1.828 ha; maíz choclo, 978 ha; zapallo, 317 ha; maíz amarillo duro, 298 ha; ajo, 178 ha; zanahoria, 117 ha; tomate, 52 ha, entre otros.",agraria.pe/agronegocios,https://agraria.pe/noticias/intenciones-de-siembras-para-la-campana-agricola-2019-2020-a-19550
2019-08-05,Planta de packing de palta y uva de Ecosac cuenta con capacidad de procesar 480 toneladas de productos al día,"La empresa cuenta además con planta de langostinos y de conservas.  En su fundo de 6.000 hectáreas en Piura, la empresa Ecosac no solo se dedica al desarrollo de cultivos, sino al procesamiento de sus productos con sus diversas plantas instaladas. Rafael Barúa, gerente general de la empresa, detalló así que cuentan con una planta de conservas que tiene capacidad de procesar 140 toneladas de productos al día. En tanto, el packing de palta y uva logra atender hasta 480 toneladas por día. Por su parte, la planta de langostinos alcanza las 70 toneladas al día. Con esta capacidad, logran producir 140 contenedores de langostinos, 290 de pimiento piquillo, 425 de pimiento morrón, 1,250 de uva, así como 170 de palta y otros. En total, despachan 2,275 contenedores.",agraria.pe/agronegocios,https://agraria.pe/noticias/planta-de-packing-de-palta-y-uva-de-ecosac-cuenta-con-capaci-19541
2019-08-05,Agroexportaciones peruanas dejaron de crecer en el primer semestre del año,"A pesar que en la primera mitad del 2019 el volumen de las agroexportaciones aumentaron 5.3% al pasar de 1.277.260.793 kilos a 1.345.435.569 kilos.  En el primer semestre del año, las agroexportaciones peruanas (tradicionales y no tradicionales) sumaron US$ 2.319.489.358, mostrando una caída de 0.1% respecto a los US$ 2.321.368.066 alcanzados en igual periodo del 2018. Así lo informó el portal AgrodataPerú, quien señaló que de enero a junio de 2019 los despachos agrarios alcanzaron los 1.345.435.569 kilos registrando un aumento de 5.3% frente a los 1.277.260.793 kilos enviados en los mismos meses del año anterior. Detalló que en la primera mitad del presente año, las exportaciones agrarias tradicionales sumaron US$ 108.394.433 (75.085.318 kilos), mientras que los despachos agropecuarios no tradicionales (agroindustriales) alcanzaron los US$ 2.211.094.925 (1.270.350.251 kilos). Respecto a los envíos agrarios tradicionales, destacan los despachos de café en grano sin tostar con US$ 87.150.963 (33.400.028 kilos) representando en valor el 80.4% de los despachos agrarios tradicionales. Le sigue azúcar caña rubia con US$ 8.335.480 (14.690.161 kilos). Por su parte, los productos que lideran las exportaciones agropecuarias no tradicionales o agroindustriales son: uvas US$ 358.546.931 (167.135.436 kilos), paltas frescas US$ 178.191.061 (135.582.894 kilos), espárragos frescos US$ 98.619.508 (33.603.383 kilos), banano US$ 89.433.661 (100.606.019 kilos), alimentos preparados para animales US$ 84.336.369 (80.610.678 kilos), arándanos US$ 83.913.873 (14.569.230 kilos), entre otros.",agraria.pe/agronegocios,https://agraria.pe/noticias/agroexportaciones-peruanas-dejaron-de-crecer-en-el-primer-se-19539
2019-08-02,Aguajales son sustento económico y nutricional de la selva y pieza clave contra el cambio climático,"Iquitos consume a diario 20 toneladas de aguaje.  El aporte de los humedales de nuestra Amazonía, especialmente de los aguajales, como sustento en la economía local, en la nutrición, y en la mitigación del calentamiento global, será destacado durante la Expoamazónica 2019, la feria de negocios y de gastronomía más grande de la selva peruana, que se inaugura el jueves 15 de agosto, en la ciudad de Iquitos (Loreto). Los aguajales, áreas inundadas donde crece la palmera del aguaje, junto a diversidad de plantas y animales, contribuyen enormemente a la mitigación de los efectos del cambio climático mundial, siendo un gran almacén de carbono, que atrapa más de 600 toneladas de dióxido de carbono por hectárea, entre tres y cinco veces más que cualquier otro ecosistema tropical. Humedales de Loreto para el mundo El presidente de la Comisión Organizadora de la Expoamazónica 2019, Andrés Ferreyra Macedo, informó que se ha dispuesto de un lugar especial en la Feria, en donde se ambientará y recreará los humedales, con el fin de que el público visitante conozca, valore y disfrute todo lo que significan estos ecosistemas para la humanidad y cuya conservación es prioritaria. En la ambientación titulada ""Humedales de Loreto para el Mundo"", se difundirá información referente a biodiversidad, ecosistemas, paisajes, pueblos indígenas, servicios ecosistémicos y cómo todo ello converge en una cadena productiva sostenible y ambientalmente amigable que, hoy por hoy, viene mejorando la calidad de vida de nuestros pueblos amazónicos, manifestó. Aguaje: el árbol de la vida El biólogo Tony Mori Vargas, gerente de la Autoridad Regional Ambiental del Gobierno Regional de Loreto, quien dirige esta ambientación de humedales en la Expoamazónica, señala que de elegir una palmera que represente a la Amazonía, esta sería definitivamente el aguaje, por su mayor importancia ecológica, económica y social. El explorador Alexander Von Humboldt la denominó hace dos siglos el ""árbol de la vida"". Sólo en Iquitos se consume a diario unas 20 toneladas de este fruto. Esta palmera es usada ancestralmente casi en su totalidad. Desde las hojas, inflorescencia, tallos, semillas y hasta sus raíces son utilizados por el hombre. Su tallo o estípite muerto es el alimento de los populares suri ( larva de una especie de escarabajo) pero su mayor valor nutricional está en la pulpa (contiene 5 veces más vitamina A que la zanahoria), anotó. Igualmente, advirtió que los aguajales vienen siendo amenazados, debido a la tala de esta palmera para cosechar los frutos; solo en las zonas cercanas a Iquitos se cortan mensualmente más de 17 mil palmeras femeninas de aguaje para satisfacer la demanda. Expoamazónica 2019 La Feria ExpoAmazónica es un esfuerzo público-privado que pone en vitrina toda la diversidad y potencialidad de las regiones de la Amazonía peruana, para generar negocios que impulsen su desarrollo y crecimiento sostenible. La novena edición de la Expoamazónica Iquitos 2019 se desarrollará en las instalaciones del colegio Mariscal Oscar R. Benavides en Iquitos, del 15 al 18 de agosto. Organizado por el Gobierno Regional de Loreto, Expoamazónica 2019 contará con 400 stands para la exhibición y venta de los diversos productos y servicios de las regiones de Ucayali, San Martín, Amazonas, Madre de Dios, Huánuco, integrantes del Consejo Interregional de la Amazonía (CIAM). También participarán empresarios de Lambayeque, Piura, Tumbes, La Libertad, Cajamarca, Áncash, Puno, Junín, Pasco, Ayacucho y Lima. Expoamazónica 2019 cuenta con la más completa oferta de productos agroindustriales, nativos y representativos, alimentos y bebidas, artesanías, turismo y flores nativas. Se espera la visita de 50 mil personas. A la rueda de negocios acudirán 75 grandes compradores nacionales y extranjeros de empresas exportadoras, proveedoras, supermercados, restaurantes y hoteles para negociar con unas cien asociaciones de productores, empresas y cooperativas amazónicas. La rueda de turismo, con la participación de 15 empresas nacionales, reunirá a unas 20 agencias de viaje, operadores de turismo mayoristas y minoristas. El movimiento económico en la ciudad de Iquitos, en el rubro hotelería, restaurante y tours, se proyecta en unos S/ 4 millones.",agraria.pe/agronegocios,https://agraria.pe/noticias/aguajales-son-sustento-economico-y-nutricional-de-la-selva-y-19537
2019-08-01,"San Martín, Amazonas, Piura y Tumbes se unen para exportar cacao orgánico","Proyecto, que beneficiará a 2.000 productores, cuenta con el apoyo de la Cooperación Suiza, APPCacao y el GORE San Martín. La inversión ascenderá a US$ 1.8 millones.  San Martín, Amazonas, Piura y Tumbes se unirán para exportar cacao como parte del proyecto “Cacao noramazónico orgánico y sostenible” que impulsa la Asociación Peruana de Productores de Cacao (APPCacao) y el Gobierno Regional de San Martín. Se informó que la ejecución del proyecto demandará una inversión de US$ 1.800.000, y compromete a instituciones como el gobierno regional de San Martín, cooperativas cacaoteras, Cooperación Suiza, entre otras. El objetivo es apoyar a un promedio de 2.000 productores de cacao orgánico miembros de organizaciones de la zona Noramazónica, los mismos que buscan mejorar la calidad de su producción con competitividad, sostenibilidad, y posicionarse además exitosamente en el mercado nacional e internacional. Esto se logrará con la asociatividad y el fortalecimiento del trabajo en cooperativas, y manteniendo estándares de calidad y avanzando hacia un cultivo libre de agroquímicos y pesticidas. El proyecto tendrá una duración de 4 años y busca que los productores incrementen sus ingresos hasta en un 20%, que mantengan su oferta de 6.000 toneladas métricas de cacao orgánico, con precios diferenciales, entre otros resultados de impacto. Pretende lograr calidad orgánica de la productividad, promoviendo soluciones viables para la mitigación del cadmio con el uso de carbón activado y materia orgánica, a través de la innovación de la productividad, entre otros métodos sobresalientes y exitosos. Luis Mendoza Aguilar, presidente de APPCacao, afirmó que se busca posicionar y diversificar mercados del cacao para fortalecer la oferta exportable, así como potenciar proyectos de valor agregado del cacao y que no solo se logre la exportación sino también ganar un mercado local y nacional. Aseguró que se promoverá la educación financiera, el acceso a nuevos servicios y productos innovadores, la profesionalización de la gestión de gobernanza cooperativa que promueva la participación de mujeres y jóvenes. Esta iniciativa comienza en julio 2019 y se prolonga hasta febrero 2022 enfocada en la innovación para la productividad, la promoción comercial para la internacionalización, la profesionalización de las cooperativas y la incidencia en políticas públicas. El proyecto regional cacao se orienta a aumentar los niveles de ingreso de los pequeños productores que recibirán ayuda con oportunidades, actualizando las prácticas de producción, mejorando la calidad del producto, fortaleciendo sus capacidades organizacionales y optimizando su posicionamiento en la cadena de valor.",agraria.pe/agronegocios,https://agraria.pe/noticias/san-martin-amazonas-piura-y-tumbes-se-unen-para-exportar-cac-19526
2019-08-01,Exportaciones de cáscara de limón llegan a valores de casi US$ 5 millones durante el primer semestre,"El mayor destino de estos despachos peruanos fue Alemania.  Durante el primer semestre del presente año, Perú exportó 7.075.977 kilos de cáscara de limón por un valor FOB de US$ 4.995.271. Estas cifras muestran un importante incremento en volumen desde los 4.636.539 kilos exportados en igual periodo de 2018 por un valor entonces de US$ 4.163.042. Según reportó el portal Agrodata Perú, el mayor destino de estos despachos nacionales entre enero y junio de 2019 fue Alemania, donde se lograron colocaciones por US$ 2.026.000. A continuación se ubicaron España con US$ 956.000, México con US$ 532.000, Dinamarca con US$ 469.000, Brasil con US$ 362.000 e Italia con US$ 356.000. En tanto, entre las mayores empresas exportadoras del rubro se ubicaron Limones Piuranos SAC con ventas por US$ 1.986.424, Agromar Industrial SA con US$ 1.985.324, Agroindustrias AIB SA con US$ 523.900, Procesadora Frutícola SA con US$ 346.108 y otros con montos menores que juntos sumaron US$ 153.515.",agraria.pe/agronegocios,https://agraria.pe/noticias/exportaciones-de-cascara-de-limon-llegan-a-valores-de-casi-u-19524
2019-07-26,Los lichis chinos entran por primera vez al mercado sudamericano,"Los lichis chinos se cosechan cuando los sudamericanos ya han terminado su temporada.  “Los lichis se consideran frutas de alta gama en el mercado internacional. Esta es la primera vez que exportamos nuestros lichis a Chile y América del Sur. Los lichis chinos se cosechan cuando los lichis sudamericanos han terminado su temporada. Confiamos en que la calidad del producto chino es lo suficientemente buena para el mercado sudamericano y estamos encantados de ofrecer a los consumidores de América del Sur la oportunidad de probar el sabor de los lichis chinos"", comenta Chen, director de Guangdong Fuyi Agricultural Product Co., Ltd. La tasa de floración de los lichis chinos ha sido relativamente baja esta temporada porque el invierno de 2018 fue bastante cálido. Como resultado, el volumen de producción total disminuyó enormemente. ""El precio es bastante alto este año porque perdimos gran parte de la cosecha. El precio generalmente comienza alto al principio de la temporada y luego baja lentamente. Este año, sin embargo, el precio se ha mantenido alto e incluso ha aumentado ligeramente hacia el final de la temporada. El precio retail es bastante elevado y el valor de exportación aumenta constantemente"". ""Los lichis del Sudeste Asiático entran al mercado casi al mismo tiempo que los de China. Por lo tanto, nuestro producto nacional se enfrenta a una fuerte competencia en el mercado internacional. Sin embargo, los lichis chinos tienen una pequeña ventaja porque el sabor es único y existe la infraestructura adecuada para mantener la fruta fresca. Exportamos nuestros productos a los Estados Unidos, Canadá, Dubái, Australia, el sudeste de Asia y Europa. Las variedades más populares en el mercado internacional son los lichis Concubine's Smile y Black Leaf. Los Concubine’s Smile son muy conocidos. La pulpa del fruto es muy dulce y densa y el hueso es pequeño. El lichi Black Leaf es rojo brillante y su sabor es puro y dulce. El precio también es muy razonable, lo que hace que sea una variedad popular entre los consumidores"", explica el director. ""Prestamos el mayor cuidado en cada etapa de producción y procesamiento, y administramos todo el proceso de manera eficiente, lo que hace que nuestro lichi sea popular entre los consumidores extranjeros y nos permite ampliar nuestro volumen de exportación"". ""Por ejemplo, después de recoger los lichis de los árboles, inmediatamente comenzamos el proceso de envasado, que tiene lugar en un ambiente cerrado y estrictamente controlado. Gestionamos el proceso de envasado de varias maneras para cumplir con los diversos requisitos de los diferentes mercados. Además de eso, el transporte también repercute en la calidad del producto. El departamento de investigación de nuestra empresa desarrolla específicamente tecnología para proteger mejor a los lichis durante el transporte. Esta es también una de las razones por las que nuestra empresa puede garantizar la calidad del producto y el excelente sabor desde el campo hasta la mesa del consumidor"". Las principales variedades de lichi producidas por Fuyi Agricultural Product son la Fragance of Gui Flower, Concubine's Smile, Black Leaf, Rice Cake, Exquisite Flavor, y las variantes de Jade Purse. “Nuestras plantaciones están ubicadas en Hainan, Cantón, Guangxi y Fujian. La superficie total de nuestras plantaciones es de aproximadamente 67.000 hectáreas y 5 de nuestras plantaciones cumplen con los estándares fitosanitarios de la Unión Europea"", resaltó el vocero. Fuente: FreshPlaza.com",agraria.pe/agronegocios,https://agraria.pe/noticias/los-lichis-chinos-entran-por-primera-vez-al-mercado-sudameri-19501
2019-07-26,Exportaciones de capsicum cayeron en valor 8.8% en los primeros cinco meses del 2019,"Envíos de ajíes secos y congelados aumentaron, mientras que ajíes en conserva (principal presentación exportada) y frescos cayeron. Este último se redujo en valor 55% y en volúmen 70%.  Durante el periodo enero-mayo del presente año, las exportaciones peruanas de capsicum (conserva, secos, congelados y frescos) sumaron US$ 85.939.207, mostrando una reducción de 8.8% respecto a los US$ 94.221.789 alcanzados en igual periodo de 2018. Así lo informó la Gerencia de Agroexportaciones de la Asociación de Exportadores (ADEX), quien indicó que en los primeros cinco meses de 2019 los despachos de capsicum ascendieron a 42.760.908 kilos, registrando una caída de 6% frente a los 45.478.847 kilos enviados en similares meses del año anterior. Conserva El gremio exportador destacó que la principal presentación de capsicum despachado por nuestro país fue en conserva, cuyos envíos de enero a mayo de 2019 alcanzaron los US$ 48.623.108, sufriendo una disminución de 16% en comparación a los US$ 57.985.613 obtenidos en los mismos meses de 2018. En el periodo analizado de este año, el volúmen exportado de capsicum en conserva ascendió a 28.919.870 kilos, reflejando una caída de 11% versus los 32.489.543 kilos enviados en igual periodo del año anterior. Los principales ajíes despachados en esta presentación fueron: Morrón US$ 31.861.900 (19.205.075 kilos), piquillo US$ 5.607.409 (2.939.588 kilos), jalapeño US$ 4.279.755 (3.745.492 kilos), cherry US$ 3.079.755 (1.364.806 killos), páprika US$ 2.163.948 (1.042.778 kilos), entre otros. Seco En lo que respecta a los ajíes secos, ADEX señaló que de enero a mayo del presente año sumaron US$ 32.705.920, mostrando un incremento de 3% respecto a los US$ 31.695.924 alcanzados en igual periodo de 2018. En dicho periodo se exportaron 11.414.757 kilos de ajíes secos, registrando un alza de 9% frente a los 10.428.709 kilos enviados en similares meses de 2018. Entre los capsicum secos que destacaron en los primeros cinco meses del año figuran Páprika US$ 29.035.177 (10.271.885 kilos), guajillo US$ 1.439.171 (460.691 kilos), chile ancho US$ 1.427.257 (340.641 kilos), Morrón US$ 379.086 (261.650 kilos), ají panca US$ 144.628 (45.035 kilos), otros. Congelado Sobre los capsicum congelados, de enero a mayo del presente año alcanzaron los US$ 4.128.604, reflejando un crecimiento de 19% en comparación a los US$ 3.479.552 obtenidos en iguales meses del año anterior. En los meses estudiados de este año, los despachos de ajíes congelados sumaron 2.175.257 kilos, observandose un alza de 27% versus los 1.710.237 kilos enviados en los primeros cinco meses de 2018. Los principales capsicum congelados despachados fueron: Morrón US$ 1.802.508 (1.154.215 kilos), ají amarillo US$ 674.844 (298.502 kilos), jalapeño US$ 587.072 (337.597 kilos), lombardi US$ 567.375 (189.670 kilos), rocoto US$ 298.507 (114.782 kilos) entre otros. Frescos Mientras que en los primeros cinco meses de 2019 las exportaciones de capsicum frescos sumaron US$ 481.575, registrando una reducción de 55% frente a los US$ 1.060.700 obtenidos en iguales meses del año anterior. De enero a mayo del presente año, los envíos de ajíes frescos ascendieron a 251.024 kilos, mostrando una caída de 70% respecto a los 850.358 kilos despachados en simulares meses de 2018. Destacan ají amarillo US$ 203.033 (91.866 kilos), morrón US$ 127.971 (102.981 kilos), rocoto US$ 65.697 (25.782 kilos), escabeche US$ 57.026 (20.008 kilos), limo US$ 19.557 (7.677 kilos), aji panca US$ 6.556 (2.311 kilos), entre otros.",agraria.pe/agronegocios,https://agraria.pe/noticias/exportaciones-de-capsicum-cayeron-en-valor-8-8-en-los-primer-19495
2019-07-26,Producción nacional de arroz se reduce en 510 mil toneladas en la campaña grande,"En la campaña complementaria, que acaba de comenzar, se instalarían 178 mil hecáreas de arroz, área similar a lo sembrado en la campaña complementaria pasada.  El cambio climático ha generado la proliferación de plagas y enfermedades en nuestro país, causando la disminución de los rendimientos productivos en varios cultivos, siendo uno de los más afectados el arroz. Así lo señaló el presidente de la Asociación Peruana de Productores de Arroz (Apear), Exequiel Chiroque Paico, quien indicó que en la última campaña grande, que culminó en abril, la producción nacional de arroz ascendió a 2.640.000 toneladas de arroz cáscara, mostrando una reducción de 510 mil toneladas, frente a las 3.150.000 toneladas de arroz cáscara alcanzadas en la campaña grande anterior. Detalló que en la última campaña grande se instalaron 440 mil hectáreas de arroz, cuyo rendimiento promedio ascendió a 6 toneladas de arroz cáscara por hectárea (4.2 toneladas de arroz pilado o blanco), mientras que en la campaña grande anterior se sembraron 420 mil ha, pero el rendimiento promedio alcanzó las 7.5 toneladas por ha (5.3 toneladas de arroz pilado). “A pesar que se instalaron más hectáreas de arroz, el menor rendimiento alcanzado generó que la producción disminuya, sin embargo el abastecimiento nacional de arroz está asegurado ya que solo con 320 mil hectáreas se atiende el consumo interno, a lo que se le agrega el volumen importado que asciende a 200 toneladas anuales”, sostuvo. El consumo nacional de arroz es de 1.900.000 toneladas de arroz blanco. Agregó que esta reducción en los rendimientos se apreció en todos los valles arroceros, siendo uno de los más afectados Lambayeque, donde en la campaña grande anterior el rendimiento promedio fue de 11 toneladas por hectárea, mientras que en la última campaña grande solo alcanzó las 8 toneladas por ha. En esta región se instalan 50 mil hectáreas de arrroz en la campaña grande. Por su parte, las regiones de la selva (San Martín, Ucayali, Pucallpa, Loreto) tambien se han visto muy afectadas ya que dichas zonas realizan dos campaña al año (grande y complementaria) lo que ha generado muchos problemas fitosanitarios. Chiroque Paico dijo que son precisamente las regiones de la selva donde se vienen incrementando las áreas de arroz. Inició campaña complementaria En otro momento, el presidente de Apear, dijo que en la campaña chica o complementaria (que se acaba de iniciar) se instalarán alrededor de 178 mil hectáreas de arroz, área similar a lo registrado en la campaña chica anterior. Se espera que en esta campaña el rendimiento productivo promedio tambien sea de 6 toneladas por ha. Precisó que en la campaña complementaria actual, en la selva (San Martín, Ucayali, Pucallpa, Loreto) se instalarían 120 mil hectáreas de arroz, en Piura 15 mil hectáreas, Tumbes 8 mil ha, Amazonas 20 mil ha, y Jaén 15 mil ha. Exequiel Chiroque dijo que este menor rendimiento productivo sumado al bajo precio del producto está provocando que muchos agricultores apuesten por otros cultivos. Al respecto, mencionó que en Tumbes y Piura muchas áreas arroceras han dado paso al cultivo de banano al ser un producto más rentable.",agraria.pe/agronegocios,https://agraria.pe/noticias/produccion-nacional-de-arroz-se-reduce-en-510-mil-toneladas--19494
2019-07-25,Ponen en marcha ambicioso proyecto de cacao orgánico en cuatro regiones,"Proyecto “Cacao noramazónico sostenible” beneficiará a más de 2 mil productores de San Martín, Amazonas, Piura y Tumbes.  San Martín fue la región elegida para poner en marcha el proyecto “Cacao noramazónico sostenible” que busca impulsar el cultivo de cacao orgánico en el nororiente del país y beneficiar a más de 2.000 productores de San Martín, Amazonas, Piura y Tumbes. La iniciativa es promovida por la Asociación Peruana de Productores de Cacao (APPCacao), en alianza con el Gobierno Regional de San Martín, con el objetivo de promover el cultivo de cacao orgánico. La inversión del proyecto asciende a más de US$ 1.8 millones Objetivos del proyecto El proyecto busca apoyar a las organizaciones de productores de cacao de la zona noramazónica del Perú para que mejoren su competitividad, sostenibilidad y se posicionen exitosamente en el mercado de cacao y derivados. Por este motivo se desea incidir en la importancia de la asociatividad y el fortalecimiento del trabajo en cooperativas, en mantener estándares de calidad internacional y avanzar hacia un cultivo libre de agroquímicos y pesticidas. El proyecto tiene una duración de 4 años y busca que 700 productores incrementen sus ingresos en un 20%, que 10 organizaciones mantengan su oferta de 6.000 toneladas métricas de cacao orgánico, con precios diferenciales, entre otros resultados e impactos. Productividad y oferta exportable El desarrollo del programa impulsará la productividad y calidad, la producción orgánica y el cambio climático, promoviendo soluciones viables para la mitigación del cadmio en cacao y derivados con uso de carbón activado y materia orgánica, a través de la Innovación de la productividad. Buscará posicionamiento y diversificación de mercados para este producto y fortalecerá la oferta exportable con valor agregado; incidiendo la posición peruana ante las organizaciones internacionales acerca del cadmio y otros contaminantes, a través de la promoción comercial para la internalización. De igual manera se promoverá la educación financiera, el acceso a nuevos servicios y productos innovadores, así como la profesionalización de la gestión de gobernanza cooperativa, promoviendo la participación de mujeres y jóvenes, operaciones que se plasmarán mediante la profesionalización de la gestión.",agraria.pe/agronegocios,https://agraria.pe/noticias/ponen-en-marcha-ambicioso-proyecto-de-cacao-organico-en-cuat-19488
2019-07-23,“Nos vamos a enfocar en dar soluciones de cartón para el sector agroexportador”,"Planta que entrará en operación en octubre próximo se ubicará en Chao (La Libertad), colindante con el packaging de Camposol. Al 2020 esperan alcanzar una capacidad de 15.000 toneladas de producción.  El grupo Dyer Coriat quiere seguir creciendo en la agroexportación. Pero esta vez no se trata de Camposol sino de Ecopacking, que se enfocará en la producción de cajas de cartón para el sector agroexportador, y con la cual espera tener un 35% de market share en el mediano plazo. Para ello apelan a un producto hecho a base de un papel importado con trazabilidad. ¿Cómo empieza este nuevo negocio del grupo Dyer Coriat? Este es un proyecto que arranca en octubre del 2018 como Ecopacking, empresa con la que buscamos ser uno de los principales productores de cajas de cartón en la región, enfocados en la agroexportación. Ya tenemos una división que produce clamshell para el envío de productos como arándanos. ¿Por qué ingresar a este negocio? Vemos un potencial interesante en el mercado y la necesidad de poder dar más opciones al mercado. Nos vamos a enfocar en una primera instancia en dar soluciones de cartón al sector agroexportador, no en el industrial. ¿Dónde ubicarán la nueva planta? Estará ubicada en Chao (La Libertad), colindante con el packaging de Camposol. Es una planta que entrará en operación en octubre de este año, ya que nos tomó un año el proceso de ingeniería y construcción. El espacio destinado es de 50.000 m2 y con una inversión de US$ 35 millones, que representa la más importante en empaques en el país. Será la más moderna y automatizada de la región. ¿Se hará por etapas? Ocurre que no se techan los 50,000 m2, en una parte van los equipos, patio de maniobra, almacenaje de materia prima, producto terminado; todo está diseñado para alcanzar su máxima capacidad. Nuestra proyección es producir 60.000 a 80.000 toneladas de cajas de cartón al año para el sector agroexportador. ¿Ya cuentan con una cartera de clientes? A diferencia de las industrias donde se abastece a lo largo del año, en la agroexportación es por campaña y se llega a un acuerdo. Si bien Camposol no es lo mismo que Ecopacking, pero sí del mismo grupo, nos va a asegurar el 20% de capacidad instalada, el resto lo tenemos que buscar, apelando a que nuestra caja será de mejor calidad, más eficiente, alta gráfica y con buenas características a nivel de mercado. ¿Cómo lo garantizan? Todo el papel que estamos trayendo como materia prima es importado y tiene trazabilidad de un cuidado por el medio ambiente. Como un reforzamiento a ello, el grupo a través de su empresa Reforestadora Inca (Refinca) siembra unas 1.500 hectáreas de pinos, que equivale a la producción de 100.000 toneladas de papel, nosotros vamos a consumir 60.000. Es un esfuerzo por mantener el medio ambiente. ¿Tienen planeado incorporar una planta procesadora de papel? En el Perú para el sector agroexportador se requiere un papel virgen que en el país nadie lo fabrica, ya que tiene características particulares como tener más resistencia, soportar la humedad, entre otros. Hacerlo implica inversiones altísimas y tener un bosque. En octubre arrancan, ¿cuál es la expectativa? Entramos con arándanos, uva y mango, en una etapa de pleno apogeo. Hoy en el mercado peruano son 250.000 toneladas de caja de cartón corrugado, el 40% es agro (100.000 toneladas) y el ratio de crecimiento es mayor que el industrial. Hasta el 2022 el mercado de agro debe crecer en 50.000 toneladas de cajas, que es lo que queremos captar. No vamos a entrar a quitar mercado sino a capitalizar ese crecimiento. A nivel de mercado ¿cuánto esperan tener? Tenemos la ventaja de ubicarnos en el norte donde está el 70% de las empresas agroexportadoras. Si hoy el mercado es de 100.000 toneladas a mediano plazo deben haber más o menos unas 150,000 toneladas, y de ahí esperamos tener el 35% de participación de mercado. ¿Y en capacidad de planta? Espero que en 2020 lleguemos a una capacidad de 15.000 toneladas de producción y en tres años alcanzar la capacidad máxima de la operación. ¿Por qué dejar para después al sector industrial? El sector agroexportador crece más rápido que el industrial, el cual usa mucho papel reciclado que se produce en el mercado peruano y donde las competidoras están integradas y ahí no encontramos margen de precio. Nosotros vamos por el papel importado y al ser un commodity el margen de precio será parejo. ¿Qué otros proyectos pueden trabajar dentro de Ecopacking? Todo lo que tenga que ver con investigación y desarrollo, tenemos la división de clamshell y la de cartones, y podemos explorar qué solución desde una sola empresa le brindamos al cliente. Dato . La otra división que tiene el grupo Dyer Coriat dentro de Ecopacking es la de clamshell, que son los envases especiales para la exportación de productos como el arándano. La ubicación de esta planta es en Lurín, y tiene un espacio de 10.000 metros cuadrados. Julio Gaige dice que al igual que la planta de Chao es totalmente automatizada y con maquinaria occidental. Aquí, se evalúa este año hacer inversiones adicionales para seguirla potenciando. “Hoy estamos cómodos con el manejo de esta división, ya abastecemos a casi todas las empresas que producen arándanos en el país y ahora entramos a la uva. Nos enfocamos en las grandes producciones”, sostuvo Gaige. Fuente: Gestión *Foto referencial",agraria.pe/agronegocios,https://agraria.pe/noticias/nos-vamos-a-enfocar-en-dar-soluciones-de-carton-para-el-sect-19471
2019-07-17,Pitahaya supone nueva oportunidad para la agroexportación,"En Chinecas, Chimbote, hay una propuesta para instalar entre 60 a 100 hectáreas de la fruta. Otras iniciativas están en Trujillo (La Libertad) y Huaral (Lima) donde se tiene pensado plantar unas 60 hectáreas.  El cultivo de pitahaya en la región de Piura supone una nueva oportunidad para los productores y se perfila como un nuevo medio de diversificar la producción agrícola y ampliar la oferta exportable de productos agropecuarios. Según el especialista Eduardo Pinedo, actualmente hay 15 hectáreas dedicadas a este cultivo, 3 en la sector de Tejedores, 6 en Milingas (San Lorenzo), 5 en el Medio Piura y 1 en Chacalalá (Sullana). Ecuador, Colombia y otros países de Centro América son los líderes en producción y exportación de la fruta. En el caso del Perú se produce ya desde hace varios años en la región de San Martín. En cuanto al consumo, Pinedo refirió que las ciudades de Trujillo y Lima lideran la demanda, allí su precio promedia los S/15 por kilo. Apoyo al agro El alcalde de Sullana, Power Saldaña Sánchez, indicó que su comuna apoyará un proyecto piloto para promocionar el cultivo en el valle del Chira y contará con la financiación del Programa de Compensaciones para la Productividad (Agroideas), perteneciente al Ministerio de Agricultura y Riego (Minagri), para impulsar la reconversión del agro. A través de este programa ya se han entregado esquejes a 50 familias, para que instalen el cultivo en una superficie de 30 hectáreas. Pinedo recalcó que en Perú hay varias iniciativas para instalar este fruto, por el alto valor comercial que tiene en el mercado internacional y local, así como por el valor nutritivo. Además se uniría a las frutas con mayor potencial para el país. ""En Chinecas, Chimbote, hay una propuesta para instalar entre 60 a 100 hectáreas de la fruta. Otras iniciativas están en Trujillo (La Libertad) y Huaral (Lima), donde se tiene pensado plantar unas 60 hectáreas"", dijo. Fuente: infomercado.pe",agraria.pe/agronegocios,https://agraria.pe/noticias/pitahaya-supone-nueva-oportunidad-para-la-agroexportacion-19434
2019-07-17,Exportaciones de aceite de limón llegaron a valores de US$ 7 millones en el primer semestre,"Países Bajos fue el principal mercado de estos despachos peruanos al concentrar el 44% de los envíos.  Durante el primer semestre del presente año, Perú exportó 276.554 kilos de aceite de limón por un valor FOB de US$ 7.817.104, según reportó el portal Agrodata Perú. De acuerdo a dicha fuente, el mayor destino de estos despachos peruanos fue Países Bajos, que concentró el 44% del total de envíos desde nuestro país (US$ 3.434.413). A continuación se ubicaron Reino Unido con US$ 2.919.292, México con US$ 1.141.903, Francia con US$ 157.845, Estados Unidos con US$ 138.104 y Canadá con US$ 25.547. En tanto, entre las mayores empresas exportadoras del rubro se posicionaron Limones Piuranos SAC con ventas por US$ 2.406.846, Agroindustrias AIB SA con US$ 2.055.613, Cítricos Peruanos con US$ 1.794.645, Procesadora Frutícola SA con US$ 1.144.000 y Aceites Esenciales del Perú SA con US$ 416.000.",agraria.pe/agronegocios,https://agraria.pe/noticias/exportaciones-de-aceite-de-limon-llegaron-a-valores-de-us-7--19427
2019-07-16,Agroexportaciones peruanas sumaron US$ 2.537 millones entre enero y mayo de este año,"Se observó una mayor colocación de uvas, paltas, arándanos, mango congelado, entre otros. Estados Unidos es el principal destino de las agroexportaciones al concentrar el 28% de las compras, seguido de Holanda, España, Ecuador y China.  El Ministerio de Agricultura y Riego (Minagri) reveló que en los primeros cinco meses del año, las exportaciones agrarias sumaron US$ 2.537 millones, cifra superior en 1.7% a lo registrado en el mismo periodo año pasado (US$ 2.494 millones). Las mayores ventas fueron de frutas y hortalizas. Según el reporte de la Dirección General de Seguimiento y Evaluación de Políticas (DGESEP) del Minagri, los principales productos del ranking agroexportador fueron uvas frescas, paltas frescas o secas, mangos frescos, espárragos frescos, café sin tostar, sin descafeinar, preparaciones para alimentación animal, arándanos frescos, bananas o plátanos tipo ""Cavendish Valery"" frescos, mango congelado y granada. Estos 10 productos en conjunto concentraron el 54% del total exportado a los mercados. En los primeros cinco meses de este año, se resaltaron las mayores colocaciones al exterior de las uvas frescas, que alcanzaron US$ 357 millones (+19%), paltas frescas o secas US$ 280 millones (+2%), arándanos frescos US$ 84 millones (+68%), mango congelado US$ 64 millones (+3%), entre otros. Mercados de destino Del mismo modo, el Minagri informó que el principal país de destino de las agroexportaciones en ese periodo fueron los Estados Unidos, que concentró el 28% del total exportado, seguido de Holanda 16% y luego España, Ecuador, China, Inglaterra, Colombia, Chile, Alemania y Hong Kong. Estos 10 países en conjunto representaron el 74% del total exportado. Uvas frescas: Los principales mercados de destino fueron: Estados Unidos, Hong Hong, Holanda, China, México, Tailandia, España, Canadá, Rusia, Corea, Colombia, Taiwán, Vietnam, Indonesia, Inglaterra, Arabia Saudita, Portugal, entre otros. Paltas frescas: Holanda, Estados Unidos, España, Inglaterra, China, Chile, Hong Kong, Rusia, Japón, Canadá, Alemania, Costa Rica, Bélgica, Francia, Portugal, entre otros. Mangos frescos o secos: Holanda, Estados Unidos, España, Corea, Inglaterra, Francia, Canadá, Chile, Alemania, Japón, Suiza, Ecuador, Rusia, México, Bélgica, Italia, entre otros. Espárragos, frescos o refrigerados: Estados Unidos, Holanda, Inglaterra, España, Brasil, Australia, Bélgica, Alemania, Japón, Francia, Chile, Colombia, Hong Kong, Corea, México, Irlanda, Italia, Sudáfrica, Taiwán, entre otros. Café sin tostar, sin descafeinar: Estados Unidos, Alemania, Bélgica, Canadá, Colombia, Inglaterra, Suecia, Japón, Francia, Corea, Italia, Australia, República Dominicana, Holanda, España, Nueva Zelanda, Noruega, entre otros. Arándanos frescos: Estados Unidos, Holanda, Inglaterra, China, Canadá, Hong Kong, Brasil, España, Tailandia, Costa Rica, Alemania, Malasia, Bélgica, entre otros. Preparaciones para alimentación animal: Ecuador, México, Honduras, Panamá, Guatemala, Costa Rica, Nicaragua, Bolivia, Colombia, El Salvador, Italia y Cuba. Bananas tipo ""Cavendish Valery"" frescos: Holanda, Estados Unidos, Panamá, Bélgica, Alemania, Corea, Japón, Inglaterra, Finlandia, Italia, Suecia, Canadá, Chile, Portugal, España y Aruba. Mango congelado: Estados Unidos, Canadá, Bélgica, Japón, Holanda, Alemania, Polonia, Corea, Chile, Inglaterra, Suecia, Australia, Noruega, España, México, Israel, Francia, Croacia, Nueva Zelanda, entre otros. Granada: Holanda, Rusia, Inglaterra, Estados Unidos, Canadá, Hong Kong, Arabia Saudita, Emiratos Árabes Unidos, Egipto, Malasia, Italia, Singapur, Líbano, Colombia, Irak, Indonesia, Alemania, Qatar, Kuwait, España, entre otros.",agraria.pe/agronegocios,https://agraria.pe/noticias/agroexportaciones-peruanas-sumaron-us-2-537-millones-entre-e-19420
2019-07-12,El crecimiento del consumo en Asia es clave para el futuro de la agroexportación peruana,"La exportaciones agrícolas al continente asiático se han multiplicado por ocho en los últimos años. Además, las empresas peruanas se han consolidado notablemente y diversifican productos y estrategias comerciales comprando tierras en el exterior. La infraestructura sigue siendo un reto sin embargo.  Dos motores son los que están impulsando la economía peruana hoy: la inversión minera y la agroindustria, esta última con su gran capacidad de generar exportación, empleo e inversiones. Así lo definió José Carlos Saavedra, vocero del Servicio de Asesoría Empresarial (SAE) de Apoyo Consultoría y director de IPAE. El analista estimó que las perspectivas a futuro para la agroindustria nacional son positivas por dos tendencias marcadas en el mercado como son la preocupación global por alimentarse de forma saludable y el crecimiento del mercado de consumo en China (a pesar de las noticias de desaceleración de la economía de dicho país). Sobre el mercado del continente asiático, destacó que es el único en el que las exportaciones del sector se han multiplicado por ocho en los últimos años, a diferencia de otros destinos como Estados Unidos, Europa y América Latina (en los dos primeros se concentra el 70% de las ventas actualmente). “En Asia el consumo de alimentos está creciendo mucho. Nuestros vecinos de Chile aprovechan estos cambios en el mercado y presentan los arándanos chilenos en China como snacks para el cine. Así uno ve en la prensa las diferentes formas en que se aprovecha este mercado”, contó. Sobre la desaceleración china, explicó que se da un caso peculiar pues la inversión es fuerte ya que las familias de ese país ahorran mucho puesto que el Estado no les da seguridad social. Así, si bien los ingresos de una familia china son equivalentes a los de una familia brasileña, su consumo todavía es parecido al de una nigeriana. “Hay diferencia entre ingresos, ahorro y consumo; eso el Gobierno chino lo quiere cambiar por un menor ahorro. Si la mitad del ahorro se va a consumo va a haber una explosión que va a ser notable”, complementó. Crecimiento extraordinario José Carlos Saavedra también resaltó el crecimiento de las exportaciones agrícolas modernas basado en las cifras, ya que estas en 1995 apenas alcanzaban los 300 millones de dólares en tanto que hoy superan los 5.000 millones dólares. “Además es un sector que ha crecido y se ha diversificado con productos nuevos. La Libertad, Ica, destacan de manera importante; Piura se ha desarrollado mucho con uvas, mangos y demás. La composición del portafolio de productos vemos que ha permitido bajar la dependencia de los espárragos que antes significaba el 25% del total de las exportaciones. Hoy su participacion es mucho menor, no porque haya caído, sino porque otros productos han crecido más como las uvas, paltas y arándanos. Esa diversificación ha sido importante con su inversión en tecnología, aumento de productividad y crecimiento del empleo”, declaró. Este auge del sector ha permitido no solo una consolidación empresarial y de mercados, sino que ha tenido un impacto social. De hecho, el vocero de Apoyo Consultoría considera que si el consumo ha venido creciendo en el país a pesar de que el empleo en general crece muy poco, se debe a que dos terceras partes de los nuevos trabajos creados corresponen al sector agroindustrial. El año pasado, por ejemplo, se crearon 150 mil empleos formales, de los cuales 100 mil provinieron de la agroindustria y los otros 50 mil del resto de sectores, lo que ha incidido en el consumo. Consolidación empresarial En el plano empresarial, el panorama también ha sido muy positivo, ya que, explicó, en el año 2000 no había ninguna empresa agroindustrial que facturara más de 20 millones de dólares. Hoy existen 43 empresas que alcanzan esa cifra y algunas incluso tienen exportaciones por más de 100 millones de dólares anuales. Este potenciamiento se ha visto acompañado con nuevas estrategias como ha sido la inversión en compra de tierras en otros países, como Colombia y Uruguay, algo absolutamente novedoso para el sector y que habla del nivel de consolidación que están alcanzando estas empresas. La evolución se nota igualmente en los canales usados, ya que los espárragos se trasladan por vía aérea, pero la uva, palta y arándanos van hasta en un 94% por vía marítima, lo que representa además un reto para la infraestructura porturaria peruana. “El 80% del arándano sale de La Libertad y debería salir por el puerto de Salaverry, pero todavía se va en su mayoría por el Callao, porque Salaverry aún no está a punto para atender esta demanda logística. Están haciendo ahora mejoras al puerto. Y en vía aérea, principalmente con el espárrago, el 40% sale de La Libertad y el 50% de Ica, todo sale desde el aeropuerto Jorge Chávez; las aerolíneas no tienen muchas razones todavía para ir a Pisco”, comentó. Finalmente, Saavedra estimó que las agroexportaciones peruanas superarán los 10.000 millones de dólares en 2021, siempre que se superen retos como la aprobación de la prórroga del régimen especial agrario y las trabas que sufren los proyectos de irrigación como Chavimochic III, que podría añadir 63.000 hectáreas de cultivo y está paralizado por el procedimiento de salida de la operación de Odebrecht.",agraria.pe/agronegocios,https://agraria.pe/noticias/el-crecimiento-del-consumo-en-asia-es-clave-para-el-futuro-d-19397
2019-07-08,Agroexportaciones peruanas crecieron 2.4% en los primeros cinco meses del año,"Históricamente, del total de los despachos del sector, un tercio se registra en el primer semestre del año y dos tercios en el segundo, por lo que se espera un mejor comportamiento en los próximos meses.  Las agroexportaciones peruanas sumaron entre enero y mayo de este año US$ 2.375 millones, lo que representó un incremento de 2.4% respecto al mismo periodo del año pasado. La baja tasa fue por un efecto estadístico pues el primer semestre de 2018 fue excepcionalmente bueno (26% de crecimiento), informó la Asociación de Exportadores (ADEX). El presidente del gremio empresarial, Alfonso Velásquez Tuesta, indicó que históricamente, del total de los despachos del sector agro, un tercio se registra en el primer semestre del año y dos tercios en el segundo, por lo que espera su recuperación en los próximos meses (mayor tasa). Las cifras refieren que los despachos agro tradicionales sumaron en los primeros cinco meses del año US$ 137.823.000 (crecimiento de 0.7%) y la agroindustria no tradicional alcanzó los US$ 2.237 millones (alza de 2.5%). ADEX detalló que los principales productos de la oferta agraria primaria entre enero y mayo pasado fueron el café, lana sin cardar ni peinar, los demás azúcares de caña, las demás lanas sin carcer ni peinar, lana de alpaca y llama, entre otros, que llegaron a 53 mercados liderados por EE.UU., Alemania, Colombia, Uruguay, Bélgica y Canadá. Por su parte, en el sector agroindustrial no tradicional destacan las uvas, paltas, mangos, espárragos frescos, demás preparaciones usadas para la alimentación de animales, arándanos y plátanos. ""Los arándanos siguen con un crecimiento acelerado (68.1%). Se observan interesantes crecimientos en China (151%), Alemania (290%), Hong Kong (378%) y Brasil (453%), puntualizó Velásquez. Los principales mercados del sector agro no tradicional fueron EE.UU., Países Bajos, España. Ecuador y Reino Unido. Ministra descarta problemas en sector por desaceleración La titular del Ministerio de Agricultura y Riego (Minagri), Fabiola Muñoz refirió que las agroexportaciones peruanas, siempre ""han tenido un resultado cíclico"", pues durante el año inciden varios factores como el clima, que determinan su tendencia; pero ello no significa que existan problemas en este sector. ""Hay que entender a las agroexportaciones, creo que la impresión que se da es que estamos en un problema, pero hay que mirar el cuadro completo. Estos resultados son cíclicos, siempre han sido así y van a seguir siendo así. Hay momentos en el año que suben o bajan, por temas de clima o agua, hay varios factores"", enfatizó. Agregó que en nuestro país hay noticias positivas en el sector agroexportador y que ""hay ventajas enormes, obteniendo récords de exportaciones en productos como los arándanos"".",agraria.pe/agronegocios,https://agraria.pe/noticias/agroexportaciones-peruanas-crecieron-2-4-en-los-primeros-cin-19367
2019-07-05,Frambuesa se perfila como próximo fruto estrella de agroexportación,"Estacionalidad del fruto presenta mayor producción todo el año en la sierra. Otros productos son el cultivo de nueces. Café debe reorientar producción a mayor calidad para ganar rentabilidad.  Para los próximos dos años el sector agroexportador seguirá con su crecimiento de tierras de cultivos en uva de mesa y palta, pero principalmente se dará una mayor atención a los berries. La empresa de fertilizantes noruega Yara señaló que en esta variedad de frutos, productos como las frambuesas, cerezas y moras comenzarán a ganar más espacio para cultivos. El representante de productos de Yara Perú , Gonzalo Casavilca Lozano, comentó que en el caso de la frambuesa está próxima a convertirse en el nuevo producto estrella de la agroexportación. Recordó que a la fecha se están dando pruebas experimentales en la sierra y costa del país. “En lo que corresponde a las actividades agroexportadoras para el 2021, en el caso de la frambuesa es un producto que tiene ya un periodo para seguir mejorando su desempeño”, indicó. La estacionalidad de la frambuesa en el Perú se presenta en los meses de enero, febrero, marzo, noviembre y diciembre en la costa; mientras que en la sierra se puede obtener el producto todo el año. Por otro lado, Casavilca señaló que el arándano ya tiene un espacio ganado y su exportación se encontrará consolidada en los siguientes años. En tanto, productos como los nogales (nueces) presentan etapas de desarrollo y potencial crecimiento en la agroexportación, con etapas piloto en Ica. Agroexportación En la agroexportación de uva, departamentos como Ica, Piura, Lambayeque y La Libertad tienen el 83% de producción nacional. Actualmente el promedio nacional está entre 21 y 22 toneladas por hectárea y con un adecuado programa de nutrición y tecnificación se puede lograr una producción de unas 25 toneladas por hectárea, dijo el ejecutivo. En el caso de los cultivos de palta se puede llegar a 20 toneladas, agregó. La Libertad, Ica, Lima y Junín concentran la mayor producción nacional. Yara Perú señala que la expectativa de agroexportación a 2025 es que Perú llegue a tener cultivos de espárragos en 30,000 hectáreas. Para el caso de la uva de mesa, la extensión sería de 29.000 hectáreas. “En palta se espera una oferta cultivable de 39.500 hectáreas, mientras que en mandarinas serán de 19.000 hectáreas y en blueberries de 17.000 hectáreas”, proyecta Casavilca. Referencias El ejecutivo señaló que algunos productos agroexportables, como los espárragos, tienen un nivel de rentabilidad menor que otros agroproductos, ya que estos se encuentran en una etapa de madurez. Casavilca considera que los espárragos tendrán cultivos más concentrados en extensión de hectáreas. “En el caso de la palta, las restricciones arancelarias de Estados Unidos a México van a permitir que productos como la palta peruana lleguen más a ese mercado”, indicó. De otro lado, en el caso de productos como el café, Casavilca señaló que la rentabilidad de este debe basarse no tanto en mayor volumen –ya que Brasil y Colombia tienen mercados posicionados–, sino en orientar su volumen a una mayor calidad. Logística En el Perú, Yara cuenta con cuatro centros logísticos y la compañía viene invirtiendo en coordinación y mejores entregas con el cliente. Casavilca indicó que a través de herramientas tecnificadas (full fitness) cada cliente busca programar su despacho para evitar retrasos en los pedidos. Datos . Tierras irrigadas. Se estima una extensión de tierras de 3.5 millones de hectáreas irrigadas al 2025, que es un 11% de incremento respecto a su actual extensión que está en 3.1 millones. . Yara Perú indicó que desarrollos agroexportadores, como los arándanos, harán que este fruto convierta al Perú en el primer país agroexportador al 2021. A la fecha, se cuenta con áreas superiores a las 8.000 hectáreas. Fuente: Gestión",agraria.pe/agronegocios,https://agraria.pe/noticias/frambuesa-se-perfila-como-proximo-fruto-estrella-de-agroexpo-19356
2019-07-05,Descenso en venta de fertilizantes,"Hay unas 100 empresas en el mercado que ofertan productos foliares (fertilizantes y nutrientes que se suministran a las plantas de un cultivo). Se calcula que se venden entre 4.8 y 5 millones de unidades al año.  El mercado de fertilizantes en nuestro país observa una disminución en su demanda por las menores producciones de agroexportación, así como por la reducción de cultivos extensivos, como arroz y café. Así lo indicó Gonzalo Casavilca Lozano, representante de Yara Perú, quien señaló que durante 2018 se tuvieron 1.2 millones de toneladas de fertilizantes vendidos y para este año se alcanzarían 1.1 millones de toneladas. “Esto responde a las necesidades del mercado. Aunque hay que señalar que no ha habido buenos precios del arroz, se ha fertilizado menos, y el café ha estado golpeado en sus precios”, indicó. Por otro lado, señaló que el precio de los fertilizantes va ligado a los rendimientos promedio por región y por cultivos. “En zonas como Arequipa se tienen cultivos bastante altos y también es una zona importante en venta de fertilizantes”, dijo. Además de Arequipa, otras zonas son Piura y Trujillo. El precio del fertilizante está asociado al costo del flete, y a la accesibilidad de la zona, indicó. El representante de Yara señaló que hay unas 100 empresas en el mercado que ofertan productos foliares (fertilizantes y nutrientes que se suministran a las plantas de un cultivo). Se calcula que se venden entre 4.8 y 5 millones de unidades al año. Fuente: Gestión",agraria.pe/agronegocios,https://agraria.pe/noticias/descenso-en-venta-de-fertilizantes-19354
2019-07-03,Perú exporta más de 70 mil toneladas anuales de frutas hacía China,"Delegación técnica de Administración General de Aduanas – (GACC por sus siglas en inglés) del gigante asiático, verifica en nuestro país las condiciones en sanidad e inocuidad agroalimentaria del sistema de agroexportación de frutas peruanas.  El Ministerio de Agricultura y Riego (Minagri) informó que mientras en China se firmaba el ingreso de quinua peruana, una delegación técnica de Administración General de Aduanas – (GACC por sus siglas en inglés) del gigante asiático, verificaba en nuestro país las condiciones en sanidad e inocuidad agroalimentaria del sistema de agroexportación de frutas peruanas. Ello a razón que en la actualidad se exportan más de 70.000 toneladas anuales en mangos, arándanos, mandarinas, palta Hass y uvas, gracias a que el Servicio Nacional de Sanidad Agraria (Senasa) obtuvo protocolos fitosanitarios para ingresar al gigante asiático. Además, en los últimos años se incrementó de mil a cinco mil hectáreas los campos peruanos de producción de frutos con destino a China. Para comprobar el funcionamiento del sistema de agroexportación peruano la delegación extranjera inspeccionó durante la semana campos y empacadoras para envíos al extranjero en zonas productoras de Chincha (Ica), Huaura y Huaral (Lima). Los funcionarios chinos hicieron hincapié en que hace más de 15 años Perú y China suscribieron el acuerdo para la exportación de mango, y durante ese tiempo no se han presentado casos de plagas ni riesgos para su agricultura. Durante estos años la exportación ha sido favorable, presentando un crecimiento importante, los envíos en la campaña de 2018-2019 alcanzaron las 302.3 toneladas. En un primer momento, los técnicos del GACC y el Senasa analizaron las posibilidades de mejora en el sistema de registro de la lista de productores, el cual próximamente podría realizarse de manera On line, puesto que viene presentando demoras. El viernes, los gobiernos de Perú y China suscribieron el protocolo de requisitos fitosanitarios para el ingreso de quinua peruana a China, medida con la cual se beneficiarían a unos 20.000 productores de Cusco, Puno, Ayacucho, Huancavelica y Arequipa.",agraria.pe/agronegocios,https://agraria.pe/noticias/peru-exporta-mas-de-70-mil-toneladas-anuales-de-frutas-hacia-19336
2019-07-03,Costach instaló 1.250 hectáreas de algodón pima peruano en la presente campaña en Piura,"La organización comercializa su algodón fibra a mercados de Europa (Francia y Alemania) y Asia (Japón y China). Antes vendía en America (Colombia y Guatemala). Se busca ingresar a nuevos nichos de mercado.  La Cooperativa Agraria de Servicios Múltiples ""Tallán – Chusís” (Costach), que cuenta con 500 asociados, instaló 1.250 hectáreas de algodón pima peruano en la presente campaña, de un total de 3.500 hectáreas de dicho cultivo que se siembran en el Bajo Piura (que pertenece a 1.200 familias). Así lo indicó el gerente general de Costach, César Zapata Alzamora, quien destacó que el cultivo viene desarrollándose adecuadamente debido a la aplicación de un paquete tecnológico coordinado por los técnicos de la cooperativa que ha resultado eficaz. Resaltó que los rendimientos productivos obtenidos ascienden entre 80 y 100 quintales de algodón rama o entre 25 y 30 quintales de algodón fibra. “El algodón pima peruano es de una calidad extraordinaria en el mundo (solo comparable con el egipcio), tenemos una finura entre los 2.5 micras hasta 3.8 micras, es decir se pueden hacer telas muy finas. A pesar de tener esa finura es altamente resistente por tener una reflextancia arriba del 70% y una elongación de 5 a 6”, detalló. Agregó que su representada comercializa su algodón fibra a mercados de Europa (Francia y Alemania) y Asia (Japón y China). Antes vendía en America (Colombia y Guatemala). Costach trabaja actualmente en las mesas técnicas con el Ministerio de Agricultura y Riego - Minagri) a través de Agroideas, PSI, Sierra y Selva Exportadora; el Ministerio de Comercio Exterior y Turismo (Mincetur), y el Ministerio de la Producción (Produce) para llegar a nuevos nichos de mercado. César Zapata dijo que Costach tiene la intención de incrementar las áreas de algodón, para ello han presentado un plan de negocio a Agroideas para que los dote de una planta desmotadora, con la cual pueden brindar con seguridad a sus asociados los servicios de desmote a un costo accesible con el que hoy no cuentan. “Con el desmote transformamos el algodón rama en algodón fibra y logramos separarlo de la pepa. Lamentablemente aún no podemos ingresar al tema de hilatura porque las plantas hilanderas del país, que son especializadas por la calidad de este algodón, son demasiado caras”, comentó. Denominacion de origen En otro momento, el gerente general de Costach, dijo que con el trabajo que viene realizando su representada con los ministerios ya mencionados se busca tramitar la inscripción de la denominación de origen del algodón pima peruano de Piura, cultivo producido por la pequeña agricultura, cosechado a mano y libre de Organismos Vivos Modificados (OVM). Dato . Costach lanzará una línea de algodón pima peruano sostenible para la cadena de textiles y confecciones. Esta nueva categoría es un intermedio entre la produccón convencional y orgánica.",agraria.pe/agronegocios,https://agraria.pe/noticias/costach-instalo-1-250-hectareas-de-algodon-pima-peruano-en-l-19332
2019-07-01,"La frambuesa, mora y cereza son los próximos pasos en la ruta de los berries peruanos","Líder del gremio empresarial sostuvo que se trata de frutos que pueden ofrecer grandes posibilidades a pequeños productores, tal como sucede en Chile. Estimó además que las agroexportaciones peruanas crecerán 12% al cierre de este año.  El próximo gran reto de la agricultura peruana es incorporar a los pequeños y medianos productores de zonas del interior del país en el boom de la agroexportación que se está viviendo actualmente. En ese sentido, Alfonso Velásquez, presidente de ADEX, resaltó que uno de los nichos que necesita explotarse más a profundidad desde un punto de vista comercial es el de los berries. Así, consideró que, además del arándano, hay otras variedades que están listas para entrar en el escenario y cobrar protagonismo: “Estamos hablando de la frambuesa, la mora y la cereza, que es lo que sigue en la ruta de los berries”. El líder gremial sostuvo que se trata de frutos que pueden ofrecer buenas alternativas para las comunidades y asociaciones de productores rurales, tal como ya sucede en Chile con la frambuesa, donde la unidad de producción promedio es una parcela de 0.6 hectáreas. Agregó que en esa vía ADEX se encuentra realizando diversos convenios con gobiernos regionales para incentivar mecanismos de modernización que sirvan de incentivos para exportar. Para esto, observó, se necesita de comunidades estructuradas y organizadas para atendender las necesidades y los pedidos del mundo. “Algunas comunidades ya están trabajando, como el distrito de Tambo en Cusco, que ya está exportando paltas a China; y así tenemos otras experiencias en quinua, durazno, en todo el Perú hay realidades que queremos masificar”, detalló. Asimismo, Velásquez abogó por desarrollar alianzas creativas con mercados estratégicos como Rusia y Brasil. A esto agregó que el conflicto comercial entre Estados Unidos y China abrirá más posibilidades para los negocios pues Perú puede incrementar su presencia en ambos países, con los que tiene vínculos comerciales. Con todo este impulso, estimó que el segmento agroexportador peruano crezca este año un 12% y alcance ventas por un promedio de 7.500 a 8.000 millones de dólares. Dato Alfonso Velásquez reiteró que la meta de negocios para la feria Expoalimentaria 2019, que se realizará del 25 al 27 de septiembre próximo en el Centro de Exposiciones Jockey de Lima, será de US$ 1.200 millones.",agraria.pe/agronegocios,https://agraria.pe/noticias/la-frambuesa-mora-y-cereza-son-los-proximos-pasos-en-la-ruta-19313
2019-06-28,Costach lanzará línea de algodón pima peruano sostenible para la cadena de textiles y confecciones,"Esta categoria es un intermedio entre la produccón convencional y la orgánica. El objetivo es reducir el uso de agroquímicos, utilizando solo los que respetan el medio ambiente, es decir de la línea verde y azul (no los de etiqueta roja) e incorporar materia prima en la preparación de los suelos para de esa manera disminuir los niveles de uso de fertilizantes sintéticos.  La Cooperativa Agraria de Servicios Múltiples ""Tallán – Chusís” (Costach), de Piura, lanzará una línea de algodón pima peruano sostenible para la cadena de textiles y confecciones. Así lo señaló su gerente general, César Zapata Alzamora, quien detalló que esta categoría es un intermedio entre la produccón convencional y la orgánica. La nueva línea será presentada este 3 de julio en el Hotel Sol de Oro (Calle San Martín 305 Miraflores, Lima). “Con esta categoría se trata de reducir el uso de agroquímicos, utilizando solo los que respetan el medio ambiente, es decir de la línea verde y azul (no usar los de etiqueta roja) e incorporar materia prima en la preparación de los suelos para de esa manera disminuir los niveles de uso de fertilizantes sintéticos”, detalló. Agregó que el desarrolló de esta nueva línea fue posiblle gracias a la alianza de su representada con el CBI de Holanda, el proyecto “Más Algodón” de la Organización de las Naciones Unidas para la Alimentación y la Agricultura (FAO) y el Ministerio de Agricultura y Riego (Minagri). César Zápara dijo que han finalizado la etapa de acreditación y certificación para poder comercializar esta nueva línea de algodón sostenible en el mercado internacional, el cual ya ha mostrado su interés por adquirirlo.",agraria.pe/agronegocios,https://agraria.pe/noticias/costach-lanzara-linea-de-algodon-pima-peruano-sostenible-par-19300
2019-06-26,Exportaciones piuranas se incrementaron 10% en primer cuatrimestre del año,"Pota congelada, mangos, fosfatos de calcio, residual seis (combustible), bananas y uvas forman parte de su oferta al exterior. Los principales mercados son Estados Unidos, China, Países Bajos, Panamá y Corea del Sur.  Los despachos piuranos ascendieron a US$ 981.222.000 en los primeros cuatro meses de 2019, lo que representó un incremento de 10% respecto a similar periodo del año previo, con lo que ocupó el cuarto lugar en el ranking de regiones exportadoras, excluyendo Lima y Callao, informó la Asociación de Exportadores (ADEX). Los despachos Tradicionales de Piura ascendieron a US$ 239.547.000, lo que significó una variación de 14.7% y tuvieron una participación de 24%. Los No Tradicionales alcanzaron los US$ 741.674.000 y presentaron un alza de 8% y representaron el 76% restante Hay que señalar que en 2014 (enero-abril) Piura registró el monto más alto de los últimos seis años (US$ 1.068.260.000); luego las cifras cayeron hasta 2016, y desde ese año están en proceso de recuperación. Las cifras en azul se deben fundamentalmente al buen comportamiento del subsector pesca para Consumo Humano Directo. La exportación de pota congelada creció 60% por la creciente demanda de los mercados asiáticos, principalmente a China y Corea del Sur. Otro destino importante es España. La oferta exportable de la región está integrada por 297 partidas, entre las que destacan la pota congelada, mangos frescos, calamares en conserva, fosfatos de calcio naturales, residual seis (combustible), plátanos, uvas, grasas y aceites de pescado y oro. Según el sistema de Inteligencia Comercial ADEX Data Trade, el 65.3% del total de los despachos de la región Piura son de los subsectores pesca (35.5%) y agroindustria (29.8%). Asimismo, se observó que aunque ocupan un lugar importante en el ranking, productos como los mangos, plátanos, filetes de pescado, alcohol etílico y colas de langostinos, presentaron caídas. Principales mercados En el primer cuatrimestre del año, las exportaciones de Piura llegaron a 83 destinos. Estados Unidos fue el principal mercado con US$ 181.963.000 y una cuota de participación de 18.5%, pese a la caída de 21%. Le siguió China con US$ 117.287.000 y una participación de 12% por su demanda de mangos. En tercer lugar se colocó Países Bajos con US$ 92.691.000 y una participación de 9.5%, seguido de Panamá, Corea del Sur, España, Bolivia, Brasil, Japón y Suiza.",agraria.pe/agronegocios,https://agraria.pe/noticias/exportaciones-piuranas-se-incrementaron-10-en-primer-cuatrim-19283
2019-06-24,Productividad del pequeño y mediano agricultor en nuestro país es de las más bajas de la región,"La producción nacional promedio de papa no supera las 15 toneladas por hectárea; mientras que en Chile superan las 21 tn/ha. Esto se explica por una baja o nula aplicación de fertilizantes.  La agroexportación en el Perú ha crecido a un ritmo vertiginoso en la última década en cuanto a volumen exportado y valor. Se estima que las agroindustrias venderán US$ 7.200 millones al finalizar el 2019. El crecimiento del sector se debe principalmente a que cumplimos con la demanda de mercados cada vez más exigentes: productos de buena calidad y durabilidad en altas cantidades. Sin embargo, la realidad de la pequeña y mediana agricultura no es la misma. Según cifras de la FAO (ver adjunto), el Perú tiene uno de los rendimientos por hectárea en cultivos intensivos más elevados en el mundo. Las condiciones climáticas, el buen manejo del suelo y del agua, y una balanceada nutrición de cultivos a base de fertirriego, fertilización edáfica y fertilización foliar, son los factores del éxito. En uva de mesa, por ejemplo, el Perú es líder a nivel global con una productividad de 24.7 toneladas por hectárea en promedio frente a las 20 que consigue Chile y las 17.3 que obtiene Estados Unidos. En espárrago, Perú es lider en rendimiento productivo alcanzando un promedio de 11.8 toneladas por hectárea, seguido de México con 8.5 tn/ha, Chile 5.5 tn/has. En mandarina Perú presenta un rendimiento promedio de 27.5 tn/ha, por encima de Paraguay con 25 t/ha, Brasil 20.2 t/ha, Chile con 17.2 tn/ha, México 13.9 tn/ha, Argentina con 11.4 tn/ha; y solo superado por Estados Unidos con 28.8 tn/ha. Mientras que en palta, Brasil con 18 toneladas por hectárea y Perú con 12 tn/ha lideran los rendimientos. Las cifras en cultivos extensivos que comparte la FAO, muestran una realidad preocupante. A diferencia de la agroindustria, la pequeña y mediana agricultura tiene uno de los rendimientos más bajos por hectárea en papa, café y maíz. La producción nacional promedio de papa no supera las 15 toneladas por hectárea; mientras que países como Colombia y Venezuela superan las 19 tn/ha, en Uruguay supera las 20 tn/ha, en Chile supera las 21 tn/ha, en Brasil es de 29.7 tn/ha, y Holanda logra alcanzar rendimientos de más de 50 tn/ha. Una de las principales causas es la baja o nula aplicación de fertilizantes en todo el ciclo productivo de los cultivos. Igual panorama se registra en café (cultivo de mayor extensión en nuestro país), ya que Perú alcanza rendimientos promedio de 723 kilos por hectárea, cuando en Colombia y Guatemala superan los 850 kgg/ha, Honduras y Nicaragua alcanzan los 950 k/ha, Cost Rica supera la tonelada por hectárea, Paraguay alcanza los 1.300 kg/ha, y Brasil supera los 1.5 tn/has. Lo mismo sucede en maíz donde nuestro país obtiene rendimientos promedios de 3.2 toneladas por hectárea, mientras que Brasil (4.3 tn/ha), Paraguay (5.4 tn/ha), Argentina (7.4 tn/ha) y Chile (11.5 tn/ha). El último Censo Nacional Agropecuario (realizado en 2012) demuestra que la agricultura peruana se caracteriza por una aplicación limitada de fertilizantes; es decir, más del 55% de agricultores no aplica ningún tipo de fertilizantes por desconocimiento, falta de acceso o por tradición; mientras que, de los que sí utilizan (44%), únicamente el 25% aplica un programa de nutrición de cultivos adecuado con las dosis exactas en cada etapa del cultivo. Para Paulo Yvan, Director Regional de Yara Pacífico Sur, desistir en la aplicación de fertilizantes es una mala práctica agrícola que trae consecuencias severas. “No solo (los agricultores) empobrecen la calidad de sus cultivos y producen en cantidades insuficientes para generar rentabilidad, sino que tampoco le devuelven al suelo los nutrientes que fueron absorbidos por las plantas. Estamos frente un escenario insostenible cuando deberíamos producir más en menos espacio. Esto lo puede garantizar un adecuado manejo del cultivo con un programa de nutrición balanceado y dosificado”. El equipo agronómico de Yara realizó el año pasado 58 ensayos demostrativos en diferentes zonas agrícolas del país para los cultivos de arroz, maíz, papa y café, con el objetivo de probarle a agricultores medianos los resultados en productividad que puede alcanzar un programa de nutrición balanceado. El ejercicio consistió en la comparación de los resultados en rendimiento y calidad de una hectárea con aplicaciones de fertilizantes insuficientes versus una hectárea con una correcta fertilización balanceada. En los 11 ensayos realizados en el cultivo de arroz, por ejemplo, los productores que aplicaron fertilizantes de manera insuficiente obtuvieron un promedio de 9.31 toneladas por hectárea, mientras que, el programa de nutrición balancedo de Yara superó las 11.20 (tn/ha). Esto significó un incremento del 20.50% en rendimientos y una ganancia extra superior a los S/ 1.195 por hectárea. Otros resultados obtenidos Áreas cultivadas en las que no se aplica ningún tipo de fertilización. Rendimiento nacional promedio: 14.46 quintales por hectárea / Fuente: MINAGRI – Anuario Producción Principales Productos Agrícolas 2017 *Los rendimientos nacionales promedio son menores a los rendimientos promedios de los ensayos debido a que existen áreas cultivadas en las que no se aplica ningún tipo de fertilización.",agraria.pe/agronegocios,https://agraria.pe/noticias/productividad-del-pequeno-y-mediano-agricultor-en-nuestro-pa-19255
2019-06-17,"Agroexportaciones sumaron US$ 1.890 millones de enero a abril 2019, mostrando un incremento de 4%","La región Ica se consolidó como la mayor exportadora de frutas y hortalizas frescas. Piura y La Libertad se mantienen en el segundo y tercer lugar respectivamente.  Entre enero y abril de este año, las agroexportaciones peruanas sumaron US$ 1.890 millones, registrando un aumento del 4% frente a iguales meses de 2018. Dicho monto mantiene al sector como el segundo generador de divisas del país. Así lo indicó la Asociación de Gremios de Productores Agrarios del Perú (AGAP), quien señaló que el subsector frutas y hortalizas frescas registró envíos por US$ 1.008 millones (+6%), siendo Ica la región que lideró las exportaciones hortofrutícolas. El gremio destacó que en los primeros cuatro meses de 2019 la uva fresca fue el producto de agroexportación con mayores envíos al extranjero, con un valor total de US$ 357 millones, 14% más en comparación al mismo periodo del año anterior (US$ 312 millones). Detalló que Ica fue la región que registró la mayor exportación de uva con US$ 274 millones, seguida por Piura con US$ 38 millones y la Libertad con US$ 21 millones. En cuanto a otros productos que destacaron dentro del subsector frutas frescas, están el mango con envíos por US$ 179 millones, siendo Piura la región con mayor exportación de este cultivo (US$ 131 millones), seguido por Áncash (US$ 31 millones) y Lambayeque (US$ 11 millones). La exportación de palta fresca registró envíos por un total de US$ 142 millones, destacando la región Lima (US$ 50 millones), Lambayeque (US$ 37 millones) y La Libertad (US$ 21 millones). El arándano tuvo exportaciones por US$ 83 millones, siendo La libertad el principal exportador durante este periodo con US$ 68 millones, Lambayeque con US$ 8 millones y Lima con US$ 6 millones. Finalmente, el banano orgánico tuvo envíos por US$ 58 millones, destacando Piura y Lambayeque con US$ 54 millones y US$ 2 millones respectivamente. En cuanto al subsector hortalizas frescas, la exportación de espárragos fue de US$ 74 millones, destacando Ica como principal proveedor con US$ 35 millones, seguido por La Libertad con US$ 30 millones y Lima como US$ 3 millones. Por otro lado, de enero a abril de 2019 la exportación de cebolla fresca ascendió a US$ 15 millones, mostrando un crecimiento de 3% comparado a igual periodo del año anterior. La región que más exportó este cultivo fue Ica con US$ 11 millones, seguida por Arequipa con US$ 3 millones y Lambayeque con US$ 1 millón. Entre otros productos, el café registró exportaciones por US$ 77 millones, siendo la región Cajamarca la que tuvo mayores envíos (US$ 25 millones), seguida por Lima (US$ 19 millones) y Lambayeque US$ 11 millones. Mientras que el cacao en grano tuvo envíos por un total de US$ 31 millones, destacando Lima (US$ 20 millones), San Martín (US$ 6 millones) y Huánuco (US$ 1 millón).",agraria.pe/agronegocios,https://agraria.pe/noticias/agroexportaciones-sumaron-us-1890-millones-de-enero-a-abril--19210
2019-06-14,APROBOVCHIRA inaugura cámara de frío para conservación de banano orgánico en Piura,"La cámara de frío tiene capacidad para almacenar 40 toneladas de banano orgánico .  La Asociación de Productores de Banano Orgánico Valle del Chira (APROBOVCHIRA) de Sullana inauguró una cámara de frío de banano orgánico gracias al cofinanciamiento del Programa de Compensaciones para la Competitividad (Agroideas). La cámara de frío tiene capacidad para almacenar 40 toneladas de banano orgánico (2 contenedores). De esta manera, los 202 socios de la asociación reducirán costos al no tener que tercerizar el servicio. La nueva infraestrcutura forma parte del Plan de Negocio en adopción de tecnología al que accedieron por parte de Agroideas, entidad que invirtió S/ 586.655. El plan de negocio tambien incluyó la implementación de un plan de fertilización, la entrega de un camión y furgón, la construcción de cinco centros de empaque, la ampliación del centro de paletizado, además de capacitación y asistencia técnica. Estas mejoras han permitido que la organización agraria produzca en la actualidad hasta 11 contenedores de banano orgánico por semana. Actualmente, APROBOVCHIRA exporta directamente a Holanda, Bélgica, Reino Unido y Alemania, además cuentan con la certificación Global GAP y Fair Trade. Dato . En el año 2018, la APROBOVCHIRA realizó ventas por US$ 8.687.000.",agraria.pe/agronegocios,https://agraria.pe/noticias/aprobovchira-inaugura-camara-de-frio-para-conservaci-19195
2019-06-12,Uvas de color rojo están marcando tendencia,"Nuevas variedades de uva que permitan reducir el uso de mano de obra serán requeridas.  La presidenta de Uvanova de Chile, Carolina Cruz, indicó que las preferencias y lo que marca la tendencia mundial actualmente es seguir hacia uvas de color rojo porque se les asocia a una mejor poscosecha. Señaló que las uvas verdes (blancas) son bien cotizadas pero no están exentas de problemas productivos y las variedades negras no ocupan un nicho más allá del 10% o 15% de las preferencias, aunque ahora el sabor que se ha resaltado en las nuevas variedades negras es bastante importante. En ese sentido, detalló que la tendencia mundial de consumo de uvas en el mundo es un 60% de variedades rojas, 30% de blancas (verdes) y un 10% de negras. “Las rojas están marcando tendecia”. Nuevas variedades En otro momento, la especialista destacó que las principales características que deben tener las nuevas variedades de uva de mesa que se vienen instalando tanto en Chile como en Perú es que sean altamente productivas, se adapten a las diferentes zonas productivas, y si es posible ayuden a bajar los costos de producción. “Uno de los principales costos que tiene la uva de mesa es la mano de obra, por lo tanto todo aporte que hagan estas nuevas variedades en términos de bajar el uso de mano de obra serán requeridas”, sostuvo. Además, mencionó que todavía el cultivo de uva de mesa es muy artesanal, por lo que cada racimo debe ser tratado de forma individual. Agregó que otros aportes de las nuevas variedades de uva de mesa van pensando en términos de sabores y formas diferentes que los pueden hacer más atractivos para los diferentes mercados. “El cambio varietal más que una ventaja hoy en día es una obligación ya que los mercados están con una fuerte tendencia hacia variedades sin semillas; tanto en Chile como en Perú tienen como principal variedad o variedad ícono a la Red Globe que resultó ser muy exitosa porque tenía altos rendimientos, se adptaban muy bien a distintas zonas pero hoy día el consumidor está exigiendo cosas nuevas (sabores nuevos, calibres más grandes), tambien tenemos que buscar mejores condiciones productivas”, comentó. Carolina Cruz recordó que el negocio busca rentabilidad, la cual está muy asociada a una buena productividad, entonces como el negocio se puso estrecho en cuanto a los precios de retorno, se tiene la obligación de ir hacia variedades de productividades altas. Desafíos De cara a lo que es la agricultura del siglo XXI, la especialista dijo que los principales desafíos tienen que ver con sustentabilidad, menos requerimiento de reguladores, así como optimizar el recuro hídrico que es limitante. Además, las variedades que sean resistentes a plagas y enfermedades serán un tremendo aporte. Adelantó que ya existen programas geneticos que están trabajando en variedades con altos niveles de antioxidantes de manera que puedan ser un aporte en términos de salud. Dato . La presidenta de Uvanova Chile dijo que las principales variedades de uva de mesa en dicho país son: en variedades tradicionales se tiene Red Globe, Crimson, Thompson y Superior; y dentro de las nuevas variedades destacan Timco, Sweet Celebration, Arra 15, además Allisón está inrrumpiendo con éxito en diferentes zonas.",agraria.pe/agronegocios,https://agraria.pe/noticias/uvas-de-color-rojo-estan-marcando-tendencia-19177
2019-06-11,Café de Piura fue reconocido como el mejor del mundo en Estados Unidos,"Nuestro producto bandera fue reconocido como el mejor al cumplir con los estándares de calidad y por complacer el exigente paladar de países como Estados Unidos, Canadá, Suecia, Alemania y Arabia Saudita.  El café del distrito de San Miguel del Faique, en la provincia de Huancabamba (Piura), ganó el Premio Mundial al Mejor Café del Mundo, en la séptima edición de la feria Taste of Perú, que se llevó a cabo del 1 al 4 de junio en la Universidad de Columbia, en Washington (Estados Unidos). Nuestro producto bandera fue reconocido como el mejor al cumplir con los estándares de calidad y por complacer el exigente paladar de países como Estados Unidos, Canadá, Suecia, Alemania y Arabia Saudita. El galardón fue recibido en dicha feria internacional por el alcalde de San Miguel del Faique, José Antonio Huamán Chuquipoma, quien manifestó que es un reconocimiento a los agricultores de los caseríos Quitahuajara, El Higuerón, Chamelico, La Capilla, el Tambo, San Cristóbal, Pampa Alegre, Huayanay, pues al reconocerse la calidad del café piurano se abre paso al mercado internacional. En la exhibición mundial estuvieron presentes cinco burgomaestres de diferentes regiones de nuestro país: región Piura (café), Huancavelica (artesanía), Junín (café), Puno (café) y la región Madre de Dios. No es la primera que el café peruano obtiene premios en el extranjero por su excelente calidad.",agraria.pe/agronegocios,https://agraria.pe/noticias/cafe-de-piura-fue-reconocido-como-el-mejor-del-mundo-en-esta-19172
2019-06-07,Piura busca el liderazgo nacional en producción de uva de mesa de la mano con la innovación,"Emplear el sistema de conducción open gable en lugar del parrón español puede generar un ahorro del 20 al 25 % en la producción.  Piura se convertirá en dos o tres años en el primer productor de uva de mesa del Perú -según los datos que maneja Provid-, y tiene aún grandes márgenes para mejorar la productividad si incorpora los últimos avances tecnológicos de la agroindustria, por ejemplo en sistemas de conducción de la vid. Simplemente sustituyendo el parrón español por estructuras open gable se puede generar un ahorro del 20% al 25% por hectárea, aseguró el ingeniero Edward Custodio, jefe de Innovación y Desarrollo de TUPEMESA. El departamento norteño cuenta con unas 8.000 hectáreas de cultivo de uva de mesa de las 20.000 que hay en todo el Perú. De esas, el 47% está dedicada a Red Globe, aunque hay una tendencia al cambio hacia uvas sin semillas. Además, Piura representa actualmente el 15% del desarrollo agroindustrial en nuestro país, lo que hace de este sector una fuente de trabajo dominante en la región. La campaña de uva de mesa 2018-2019 está a punto de concluir y, según las estimaciones de Provid, cerrará con una producción de 47.000.000 cajas de 8.2 kilogramos. El 98% de ellas se destina a la exportación y el 2 % restante no califica para este fin. Edward Custodio dijo que su representada busca consolidar la nueva línea de productos destinados al sector agroindustrial. “Piura es para nosotros una región importante y estamos seguros de que cualquier mejora a nivel de producción significará un desarrollo en todo el proceso económico; por eso traemos nuevas soluciones de calidad: sistemas Open Gable y Central Agro (estacas) TUPEMESA, soluciones que permiten ahorros significativos y una mejora notable de la productividad”, explicó. Ambos sistemas consisten en estructuras galvanizadas, tres veces más duraderas que las clásicas de madera, por lo que no tienen que ser sustituidas con la misma frecuencia. Y en relación al sistema open gable, hace más sencillo y rápido el proceso de cosecha, con lo que permite reducir la cantidad de jornales necesarios. Dato . TUPEMESA es una empresa peruana del Grupo CINTAC dedicada a transformar el acero en soluciones innovadoras para los diferentes sectores económicos.",agraria.pe/agronegocios,https://agraria.pe/noticias/piura-busca-el-liderazgo-nacional-en-produccion-de-uva-de-me-19148
2019-06-06,Reporte de la FDA: ¿qué productos peruanos vinculados a la agroexportación fueron rechazados en los últimos meses en el mercado de EE.UU.?,"Fueron tres empresas del sector cuyos productos no pasaron la supervisión del ente sanitario del país norteamericano.  El comercio de alimentos no está exento de altibajos. Si bien no son muchos, siempre es importante conocer qué casos se han dado en que un producto peruano, especialmente del rubro agroindustrial, ha sido reportado como rechazado en su intento de ingresar al mercado de los Estados Unidos. Tras una revisión de los reportes entre enero y mayo de 2019 de la Administración de Alimentos y Medicamentos de Estados Unidos (U.S. Food & Drug Administration –FAD) pudimos encontrar los siguientes casos puntuales: Durante enero pasado la oficina sanitaria norteamericana señaló el rechazo en cinco reportes de los días 14, 15, 18, 23 y 28 de despachos de uvas correspondientes a la empresa IQF del Perú. La razón esgrimida en este caso fue el descubrimiento de residuos químicos de pesticidas. Un segundo caso se da en febrero último, cuando la instancia referida informó del rechazo de un envío de derivados de tamarindo de Incanto Foods Export SAC. Esta vez la argumentación para no permitir el ingreso fue la calificación de “filthy” (sucio) del producto, lo que podría indicar que se encontraba total o parcialmente descompuesto. El último caso vinculado al sector agrario hasta el momento corresponde al mes de abril, cuando la FDA rechazó una transacción de frijoles de la empresa Peru Food Import SAC tras un análisis de muestra que reveló residuos de pesticidas. (Foto referencial)",agraria.pe/agronegocios,https://agraria.pe/noticias/reporte-de-la-fda-que-productos-peruanos-vinculados-a-la-agr-19139
2019-05-31,Siembras adelantadas de papa en la costa obtendrían mejores precios,"Siembras de papa en Ica, Nazca, Valle de Majes y Acarí en el presente año crecerán entre 15% y 20% respecto al año pasado.  Las siembras adelantadas de papa en la costa peruana beneficiarían a los productores con mejores precios, pero debe considerarse algunos aspectos, como la calidad de las semillas, para enfrentar las condiciones actuales de clima que podrían generar problemas, sostuvo el director ejecutivo de CultiVida, Carlos Rodríguez Koch. ""Si bien es cierto que las siembras adelantadas de papa a nivel de costa (mayo) podrían beneficiar a los agricultores con mejores precios, las condiciones actuales de clima podrían conllevar algunos problemas"", manifestó. La papa es el principal tubérculo en el país y uno de los cultivos que más contribuyen a explicar el Valor Bruto de la Producción Agrícola del Perú (4%), según cifras reportadas por el Ministerio de Agricultura y Riego (Minagri). Además, es importante económicamente porque genera trabajo, siendo el sustento de unas 711.000 familias campesinas. ""Ya se iniciaron las siembras en Ica, Nazca, Valle de Majes y Acarí, con áreas mayores que el año pasado (de 15% a 20% más), con las variedades Única (que tolera temperaturas más altas) y Canchán, pero el panorama es incierto por las altas temperaturas de día que traen como consecuencia desuniformidad en el brotamiento y pudrición de tubérculos semilla"", dijo el experto. ""No obstante, retrasar la siembra a los meses de junio hasta setiembre, complicaría el panorama de precios como en campañas pasadas en donde los productores tuvieron que abandonar los campos por los precios demasiado bajos"", agregó. El especialista explicó que las pudriciones bacterianas de los tubérculos-semilla limitan el número de plantas por hectárea, así como la presencia de la mosca minadora (Liriomyza huidobrensis) incide en los rendimientos y tiene su pico entre los meses de julio a octubre, cuando el control cada vez es más complicado. Señaló que en la sierra centro, específicamente Huánuco, los agricultores se han recuperado de pérdidas económicas pasadas y se encuentran optimistas para iniciar esta nueva campaña (desde agosto próximo). Rodríguez Koch indicó que en la sierra los principales problemas que inciden fuertemente en los rendimientos son el gorgojo de los Andes, los nematodos, la rancha y la mancha negra. ""Dependiendo de la zona de producción, tomando en cuenta la altitud, se tendrán diferentes respuestas a estas plagas"", manifestó. Clima y semilla El experto comentó asimismo que hubo efectos del clima durante la campaña agrícola que está culminando, como la presencia de heladas fuera de temporada y las granizadas que han impactado directamente sobre la productividad del cultivo de papa. ""Situación que hace presumir que el abastecimiento al mercado disminuirá y habrá un efecto de mayores precios al público de las variedades más populares como Canchán, Perricholi, Unicacomo Huairo, Amarilla, Peruanita y las mejoradas"", afirmó. Carlos Rodríguez señaló que hay dos factores importantes que deben tomarse en cuenta al momento de la siembra, como son la semilla de calidad y el factor climático. ""La semilla es la base de todo cultivo, y su calidad es primordial si queremos tener buenos rendimientos"".",agraria.pe/agronegocios,https://agraria.pe/noticias/siembras-adelantadas-de-papa-en-la-costa-obtendrian-mejores--19100
2019-05-31,“Debemos comenzar a darle personalidad  e identidad a nuestro café”,"Empresarios jóvenes ligados al café están apostando por un modelo de negocio como son las cafeterías de especialidades, con el objetivo de atender no solo al turismo sino también sofisticar a su consumidor local, y de esa manera, crear una cultura cafetalera.  El café es uno de los principales productos de agroexportación de Perú, sin embargo no ha desarrollado el potencial que tiene, para ello es necesario realizar varias acciones que permitan un mejor posicionamiento. Al respecto, el director de Promoción de Exportaciones de PromPerú, Luis Torres Paz, destacó que debemos comenzar a darle personalidad e identidad a nuestro café como parte de la cadena de valor con el objetivo de conquistar el mercado global y nacional. “Se trata de buscar una estrategia que nos permita posicionar la identidad del café peruano y en esa línea se ha trabajado la marca ‘Cafés del Perú’ que puede ser una herramienta importante para incrementar las exportaciones y aumentar el consumo interno del café”, sostuvo. Agregó que actualmente muchos empresarios jóvenes ligados al café están apostando por un modelo de negocio como son las cafeterías de especialidades, con el objetivo de atender no solo al turismo sino también sofisticar a su consumidor local, y de esa manera, que ese consumidor se vaya apasionando y creando una cultura cafetalera. Luis Torres destacó que muchas universidades e institutos de Lima están en las regiones amazónicas, trabajando el tema de barismo y reposteria con el objetivo de crear un vínculo entre el café y gastronomía, lo cual es interesante porque complementa la oferta de valor de este producto. Sin embargo, indicó que las personas viven del café todavía de manera introvertida, por eso es necesario desarrollar marcas que lo relacionen con su entorno. En ese sentido, dijo que la proliferación de cafeterías permitirá en algunos años darle una identidad más sólida al café del Perú, por eso es importante ir posicionando ciertas ideas en los compradores para que sea un elemento atractivo. A modo de ejemplo, dijo que en la región Amazonas se deberían crear nombres para los cafés y una carta relacionada a la cultura Chachapoyas o la fortaleza de Kuelap, y así desarrollar el potencial creativo de los peruanos. “Debemos seguir apostando por el Café. Ver a los jóvenes entusiasmados con este producto, haciendo sus emprendimientos es el mejor ingrediente para que recobre más fuerza nuestro café”, finalizó. Dato . En junio del presente año se iniciaría el programa de licenciatarios para que adopten la marca “Cafés del Perú”, señaló el representante de PromPerú.",agraria.pe/agronegocios,https://agraria.pe/noticias/debemos-comenzar-a-darle-personalidad-e-identidad-a-nuestro--19099
2019-05-30,Exportaciones de la Macrorregión Norte crecieron 4% en el primer trimestre del año,"Despachos no tradicionales se incrementaron 10.6% y representaron el 52.6% del total. Resaltan los mangos, pota, arándanos, uvas, fosfatos de calcio y plátanos.  En el primer trimestre del año las exportaciones totales de la Macrorregión Norte (Tumbes, Piura, Lambayeque, La Libertad y Cajamarca) sumaron US$ 1.830.972.000 mostrando un incremento de 4% respecto a similar periodo de 2018. Su crecimiento se debe a la oferta con valor agregado, informó la Asociación de Exportadores (ADEX). Del total exportado, el 47.4% (US$ 868.329.000) son de productos primarios que cayeron 2.5%; y el 52.6% restante (US$ 962.643.000) son con valor agregado que experimentaron un alza de 10.6%. De todos los subsectores, tres son los más importantes al concentrar el 80% del total: el Agropecuario-Agroindustria lidera el ranking con una participación del 33%, le siguió la minería tradicional con el 32% y la pesca para Consumo Humano Directo con el 15%. ADEX detalló que los principales productos despachados al exterior fueron oro, mango, cobre, pota, harina de pescado, arándanos, uvas, fosfatos de calcio, demás preparaciones para la alimentación de animales, derivados de petróleo, plátano y café sin descafeinar y sin tostar (Lambayeque es una importante región acopiadora). El gremio sostuvo que los principales mercados de la oferta total de la Macrorregión Norte del país fueron Suiza, Estados Unidos, China, Países Bajos, Alemania, Canadá y Corea del Sur. Por regiones Por monto exportador, las regiones más importantes fueron Piura (US$ 756.322.000), con un incremento de 7% y La Libertad (US$ 568.217.000) con un caída de 8%. Les siguieron Cajamarca (US$ 350.365.000), Lambayeque (US$ 121.871.000) y Tumbes (US$ 34.194.000). La oferta de Piura está constituida principalmente por mangos, pota, fosfatos de calcio, residual 6 y plátanos; la de La Libertad por oro, harina de pescado, arándanos, preparaciones utilizadas para la alimentación de animales y espárragos; y la de Cajamarca de oro, cobre, café, tara y plata. En el caso de Lambayeque, su portafolio incluye las uvas frescas, mangos, café (es una región acopiadora), pimiento morrón y arándanos. Finalmente, Tumbes tiene a los langostinos enteros congelados, colas de langostino con caparazón congelados y colas de langostinos sin caparazón congelados, como su productos más preponderantes.",agraria.pe/agronegocios,https://agraria.pe/noticias/exportaciones-de-la-macrorregion-norte-crecieron-4-en-el-pri-19096
2019-05-28,Los mercados que se abrirían este año para principales productos de agroexportación peruanos,"Arándanos, uvas, mandarinas, palta y quinua legarían a estos nuevos destinos.  Siete importantes productos de agroexportación peruanos ingresarían este año a nuevos mercados, estimó el director ejecutivo de la Asociación de Gremios Productores Agrarios del Perú (AGAP), Gabriel Amaro, de acuerdo con los avances de las gestiones del Servicio Nacional de Sanidad Agraria (Senasa) para el cumplimiento de los requisitos fitosanitarios de los países de destino. Entre estos productos se encuentran los arándanos y las mandarinas de distintas variedades, que llegarían a la India; la palta Hass, que tendría como nuevos destinos a Filipinas y México; mientras las uvas podrían ingresar a Argentina y la Chirimoya a Ecuador. Además, la quinua peruana llegaría este año a Colombia y China. Este último mercado también recibiría los primeros envíos de granada peruana. “Estos mercados esperamos que puedan abrirse ya este año, porque las gestiones se encuentran muy avanzadas. Por ejemplo, en el caso de China solo estamos esperando la apertura de su mercado para la quinua y la granada, porque ya está todo listo. Deberían salir ya”, dijo Amaro. En el caso de la apertura del mercado de la India para la exportación de arándanos y mandarinas, el representante del gremio resaltó que tendría gran importancia por el tamaño del país y su número de habitantes, además de la inminente firma de un tratado de libre comercio entre Perú y dicho país. Apertura de mercados para los próximos años Amaro también indicó que el gremio viene gestionando, junto a Senasa, el ingreso de las uvas peruanas a los mercados de Japón, Sudáfrica, Filipinas, Egipto y Chile, que podría lograrse en los próximos años. El proceso no tarda lo mismo en todos los casos, hay países que tienen procedimientos mucho más largos. “Japón siempre se demora más en autorizar el ingreso de un nuevo producto, porque revisa uno por uno, que cada producto cumpla los requisitos fitosanitarios, no revisa varios en paralelo”, comentó el vocero de AGAP. Desde el año pasado, Perú gestiona el ingreso de las pecanas a China, y desde el presente año gestiona la apertura de dicho mercado a la castaña peruana. Ante las autoridades de Japón, además del ingreso de uvas, se está gestionando la entrada de chirimoya, arándanos y granada. Agroexportadoras empiezan a invertir en el exterior Por otro lado, el director ejecutivo de AGAP resaltó que las más grandes empresas agroexportadoras están empezando a invertir en el exterior -como ya lo han hecho Camposol y Cerro Prieto-, debido al crecimiento que han alcanzado, pero también porque “no hay suficientes tierras irrigadas”, debido a la paralización de importantes proyectos como Chavimochic III y Majes Siguas II. “Las empresas van a buscar espacio para crecer en otros países, ya lo están haciendo. Un factor súper importante es que no hay suficientes tierras para invertir aquí, entonces tienen que ir fuera para poder invertir. Esto deja claro que es muy importante destrabar los grandes proyectos de irrigación”, dijo al respecto. Agregó que para este año proyecta una tasa de crecimiento de las agroexportaciones similar a la del año pasado, que fue de más de 12%, y un crecimiento de los envíos de frutas y hortalizas superior al 20%. Fuente: Gestión",agraria.pe/agronegocios,https://agraria.pe/noticias/los-mercados-que-se-abririan-este-ano-para-principales-produ-19075
2019-05-27,La burocracia y tramitología pueden detener el desarrollo agroexportador,"Son múltiples las capas de trámites que deben pasar los agroexportadores para desarrollar efectivamente su trabajo, por lo que es necesario un trabajo conjunto entre el sector público y el privado que simplifique las condiciones.  El exceso de burocracia, o tramitología, puede ser un lastre insalvable para el desarrollo de una industria. Es el caso de la agroexportación, que para su desarrollo debe enfrentarse a múltiples vallas antes de alcanzar su objetivo: Senasa, Mincetur, OEFA, Senace, ANA, MTPE, Sunafil, EsSalud, Gobiernos Regionales, MTC, Congreso de la República, Proinversión, Aduanas y Sunat. Gabriel Amaro, director ejecutivo de la Asociación de Gremios Productores Agrarios del Perú – AGAP, señaló que una situación como esta compromete la posición que ha logrado el país a nivel internacional como proveedor seguro de alimentos: Perú ha saltado del puesto 36 como principal exportador de frutas y hortalizas en el año 2000 al puesto 13 en que se encuentra hoy. Sin embargo, la maraña de trámites que las empresas del sector deben enfrentar dificultan que se desarrolle un mayor sentido competitivo. Así, apuntó que según el último Índice de Competitividad Global que mide el desempeño de 140 países, Perú, en el pilar “Institucionalidad” se encuentra en el puesto 112, muy por detrás de otros importantes exportadores de frutas y hortalizas de calibre global como Estados Unidos, España y China. “El pilar (Institucionalidad) tiene 20 indicadores. Escogí seis que afectan a las empresas, que son eficiencia del marco legal regulatorio, carga de la regulación gubernamental sobre la economía, índice de participación electrónica, incidencia de la corrupción en el país, derechos de propiedad intelectual y la calidad de la administración de la tierra (que es la seguridad jurídica para la propiedad de inmuebles y tierras). Mientras los otros tres países están en su mayoría casi todos en azul, aprobados y en buenas posiciones –salvo España en dos indicadores y China en uno- Perú está jalado en todos. Y eso jala (negativamente) todos los demás indicadores”, relató. Cambiar esta realidad, remarcó, es menester tanto del sector público como el privado, y ya hay entidades que se han dado cuenta, como el Mincetur y el Senasa, que, impulsando a las agroexportadoras generan beneficios para miles de peruanos con el pago de impuestos y creando nuevos puestos de trabajo. Por ello, consideró que una simplificación de toda la tramitología ayudará no solo a las empresas grandes, sino a muchos emprendimientos medianos y pequeños al interior del país. Casos y ejemplos Como ejemplo de las situaciones que han tenido que enfrentar, recordó que en la primera década del siglo se dio una norma que regulaba con estándares internacionales el agua que las empresas del rubro podían usar. Este marco fue cambiado en el 2015 y dificultó a tal extremo la gestión de la provisión de agua “que prácticamente había que regar con agua mineral”. Fue el sector privado entonces el que tuvo que hacer un análisis y convencer al sector público para que derogara aquella traba burocrática. Otro caso que citó fue el acontecido en 2017 a raíz del impacto del Fenómeno del Niño en la agricultura, por el cual el Gobierno, con buena intención, otorgó seis meses de plazo extendido a las empresas del sector para presentar sus declaraciones juradas. “Pero se olvidaron que no todos estaban afectados y que había empresas que sí podían presentar su declaración porque necesitaban otros trámites como la devolución de IGV, tampoco podían presentarlos, tenían que presentarlos seis meses después…les cortaban su flujo de caja, y esa fue una solución no con mala intención, sino que no fue vista en su integridad. Hablamos con el sector público y se resolvió”. Incidió por ello en que las trabas burocráticas y la tramitología mal hechas afectan a todas las empresas que son socias estratégicas para el desarrollo el país. En esa vía, destacó iniciativas como la Ventanilla Única de Comercio Exterior (VUCE) que ya tiene casi una década funcionando y donde las empresas agroexportadoras tienen más de 273 mil trámites, lo que las convierte en las mayores usuarias de la plataforma. Finalmente, Gabriel Amaro recordó que parte del panorama general de estabilidad que la agroexportación necesita en el país es la renovación de la Ley de Promoción Agraria cuya vigencia culmina en dos años. Consideró que si no es así, el sector se volverá muy burocrático y los efectos positivos de largo plazo, como la reducción de la informalidad en el agro en 9% durante los últimos 15 años, se perderán. “Queremos que esto siga generando cosas positivas o no vamos poder seguir formalizando con esta tramitología”. Dato El vocero de AGAP dejó siete propuestas finales para mejorar la inversión en el sector: .Implementar un sistema de calidad regulatoria. .Simplificar toda la regulación vigente (como la Normativa de Gestión Ambiental). .Desarrollo e implementación del VUCE 2.0. .Creación de la Ventanilla Única Electrónica del Estado para el ciudadano y las empresas. .Contratar más ingenieros para el sector público. .Trazabilidad y transparencia en los trámites. .Indicadores de eficiencia para cada institución pública relacionados a la eficiencia en la tramitología y al crecimiento económico en su sector.",agraria.pe/agronegocios,https://agraria.pe/noticias/la-burocracia-y-tramitologia-pueden-detener-el--19058
2019-05-24,Exportaciones de cáscara de limón llegaron a US$ 3.6 millones durante los cuatro primeros meses del año,"Alemania fue el mayor receptor de estos despachos peruanos.  Durante los primeros cuatros meses del presente año, Perú exportó 5.066.730 kilos de cáscara de limón por un valor FOB de US$ 3.661.179. Estas cifras revelan un buen incremento en volumen desde los 3.518.676 kilos despachados al exterior en igual periodo de 2018 por un valor entonces de US$ 3.274.551. De acuerdo al portal Agrodata Perú, el mayor destino de estos envíos peruanos entre enero y abril de 2019 fue Alemania, donde se lograron colocaciones por US$ 1.558.156 (43% del total de envíos nacionales). A continuación se ubicaron España con US$ 709.097, México con US$ 438.357, Dinamarca con US$ 397.264, Brasil con US$ 195.425, Italia con US$ 178.237 y otros con montos menores que juntos sumaron US$ 184.643.",agraria.pe/agronegocios,https://agraria.pe/noticias/exportaciones-de-cascara-de-limon-llegaron-a-us-36-millones--19053
2019-05-20,Exportaciones de frutas crecieron 9.5% en el primer trimestre del año,"Cifra estuvo impulsada por las mayores ventas de arándano (70%), uva (19%) y granada (27%).  Las exportaciones peruanas de frutas (frescas, congeladas, conservas y jugos), que representan más del 50% de las agroexportaciones, crecieron 9.5% en el primer trimestre del año, en relación a igual período de 2018, según el Ministerio de Comercio Exterior y Turismo (Mincetur). La viceministra de Comercio Exterior, Sayuri Bayona , explicó que el buen dinamismo de nuestras frutas estuvo impulsado por las mayores ventas de arándano (70%), uva (19%) y granada (27%). Este escenario se dio como resultado de las mayores inversiones efectuadas en el agro, la alta demanda de los países europeos y la agresiva campaña de promoción de nuestros productos en el exterior. El importante crecimiento de las exportaciones de fruta contribuyó con el incremento de las exportaciones agropecuarias, que aumentaron 7% en este periodo. La viceministra señaló que, entre enero y marzo, Perú exportó arándano por más de US$ 80 millones, convirtiéndose así en la fruta con mayor crecimiento durante el primer trimestre de 2019. Las exportaciones de esta fruta provienen de las regiones de La Libertad (cuenta con una participación de más del 80% del mercado), Lambayeque, Lima y Áncash. Mientras que los principales destinos de este superalimento se concentran en Estados Unidos, Países Bajos, Reino Unido, China y Canadá. Las ventas al país asiático, cabe precisar, crecieron cerca del 150% en los primeros tres meses del año. A la fecha, Perú se mantiene como el segundo exportador mundial de arándano, después de Chile. Uvas Las exportaciones de uva, principal producto de exportación agrícola, ascendieron a US$ 355 millones en el primer trimestre de 2019, valor 19% mayor al registrado en igual período de 2018. Este crecimiento obedeció al fuerte incremento del volumen exportado (33%). De enero a marzo, los principales destinos de la uva peruana fueron Estados Unidos, Hong Kong y la Unión Europea, que concentran más del 70% del total exportado del fruto. Ica y Piura son las principales regiones exportadoras del fruto, agrupando casi el 90% de las ventas totales. ""Actualmente, Perú es el tercer exportador mundial de uva fresca, después de Chile y EE.UU. Sin embargo, en pocos años se convertirá en el segundo exportador mundial de esta fruta, gracias a las mayores inversiones que se vienen ejecutando en el país"", sostuvo la viceministra. Granada Entre enero y marzo, las exportaciones de granada crecieron 27%, alcanzando los US$ 36 millones. Esto en línea con el inicio de estacionalidad de cosecha y exportación (febrero-mayo). Las exportaciones del fruto, rico en antioxidantes, provinieron de Ica, principal productor y exportador, además de Arequipa, Lima, Lambayeque y Áncash. Las exportaciones de esta fruta han crecido sostenidamente en los últimos años. Así, en el 2005, Perú apenas exportaba granada por US$ 1 millón a 11 destinos, mientras que -en 2018- las exportaciones bordearon los US$ 70 millones, llegando a más de 30 destinos.",agraria.pe/agronegocios,https://agraria.pe/noticias/exportaciones-de-frutas-crecieron-95-en-el-primer-trimestre--19015
2019-05-20,Exportaciones de jugo de limón superan los US$ 3.3 millones durante los primeros cuatro meses del año,"Estados Unidos concentró el 73% del total de estos despachos peruanos.  Durante los cuatro primeros meses del presente año, Perú exportó 4.809.667 kilos de jugo de limón por un valor FOB de US$ 3.356.342. Estas cifras son relativamente similares a los 4.869.541 kilos despachos en igual periodo de 2018 por un valor entonces de US$ 3.398.004. De acuerdo al portal Agrodata Perú, el mayor destino de estos envíos entre enero y abril de 2019 fue Estados Unidos, donde se lograron colocaciones por US$ 2.444.285 (73% del total de exportaciones nacionales). A continuación se ubicaron Países Bajos con US$ 332.735, Canadá con US$ 301.056, Reino Unido con US$ 16.476, Bahamas con US$ 56.055 y otros con montos menores que juntos sumaron US$ 70.735. En tanto, entre las mayores empresas exportadoras del rubro se posicionaron Multifoods SAC con ventas por US$ 2.264.478, Agroindustrias AIB SA con US$ 966.824 y Limones Piuranos SAC con US$ 125.040.",agraria.pe/agronegocios,https://agraria.pe/noticias/exportaciones-de-jugo-de-limon-superan-los-us-33-millones-du-19014
2019-05-16,Costeño Alimentos lanza al mercado Arroz Paisana fortificado para combatir la anemia en el Perú,"Con este innovador producto se reducirá la grave enfermedad que limita el desarrollo físico e intelectual de cuatro de cada 10 niños peruanos.  La empresa Costeño Alimentos lanzó al mercado el nuevo Arroz Paisana fortificado con vitaminas y minerales, cuyo consumo reduce la anemia, una enfermedad que afecta el desarrollo físico e intelectual de 4 de cada 10 niños peruanos y de miles de mujeres gestantes de todo el país, provocando cansancio, bajo rendimiento escolar y mayor riesgo de infecciones. El nuevo producto empezará a ser distribuido primero en Lima y luego en el resto del país. Este alimento fortificado cumple con la Resolución Ministerial N° 745, que dio el Ministerio de Salud en agosto de 2018 para señalar las características que debe tener el arroz fortificado para combatir de manera eficaz la anemia y desnutrición en el país, tanto de niños como adultos. Según la empresa, el nuevo Arroz Paisana Fortificado, una vez preparado, tiene el mismo sabor que el Paisana tradicional. La fortificación del arroz le permitió a Costa Rica en apenas unos cuantos años reducir en 90% los casos de anemia, con lo que sus niños empezaron a tener mayores posibilidades de desarrollarse física e intelectualmente, mejorando su capacidad para estudiar, desarrollarse y lograr un mejor futuro. “Con más de 56 kilos de consumo per cápita al año, 33 kilos más que el promedio en América Latina, el arroz es uno de los alimentos preferidos y de mayor consumo en el Perú; por lo que el consumo de arroz fortificado será una herramienta eficaz para mejorar la nutrición de niños y adultos”, detalló la empresa. Este producto será distribuido a través de bodegas y mercados en presentaciones de 1kg y 5kg.",agraria.pe/agronegocios,https://agraria.pe/noticias/costeno-alimentos-lanza-al-mercado-arroz-paisana-fortificado-18998
2019-05-16,Exportaciones de Piura sumaron US$ 765 millones en primer trimestre del año,"La canasta exportadora estuvo integrada primordialmente por mangos, uvas, banana o plátanos frescos, pota y calamar congelado, jibias y calamares preparados o en conserva.  La Asociación de Exportadores (ADEX) informó que las exportaciones piuranas en el primer trimestre del año sumaron poco más de US$ 765 millones, lo que representó un incremento de 7.4% respecto al mismo periodo de 2018. Los despachos tradicionales (US$ 193 millones), crecieron 5.4% y representaron el 25% del total de la región, mientras que los no tradicionales, poco más de US$ 572 millones, registraron un aumento de 8.1% y tuvieron una cuota representativa del 75%. De acuerdo a cifras del sistema de inteligencia comercial ADEX Data Trade, el incremento de los envíos piuranos se debe al buen desempeño principalmente de productos de los sectores agroindustrial y pesca. En ese contexto, resaltan los mangos frescos que pese a una contracción de -7.8%, concentraron el 17% de los despachos totales de la región, los plátanos, uvas frescas y los mangos en conserva. Del sector pesca destacan la pota y calamares congelados, así como las jibias y calamares preparados o en conserva. Ambas especies superaron los US$ 170 millones. La primera partida aumentó en 71% y la segunda 38%. Los principales mercados de la oferta piurana en el exterior son Estados Unidos con US$ 153 millones y una cuota de participación del 20% del total, seguido de China (US$ 82.878.000), Países Bajos, Panamá y Corea del Sur. Otros mercados lejanos a los que por ahora se llega con montos menores son Yemen, Israel, Emiratos Árabes Unidos, Libia, Rumanía e Irak. Datos . En 2018 Piura realizó exportaciones por US$ 2.723 millones, con lo que registró un crecimiento de 28% respecto a 2017 gracias a los mayores envíos de bienes no tradicionales (36%), los cuales alcanzaron un récord de US$ 1.978 millones. . A fin de promover la oferta con valor agregado de las regiones, en particular los alimentos, ADEX realizará del 25 al 27 de septiembre próximo la feria Expoalimentaria, que reunirá en un solo recinto (Centro de Exposiciones Jockey), lo más selecto de la oferta peruana. Llegarán compradores internacionales de los cinco continentes para identificar proveedores.",agraria.pe/agronegocios,https://agraria.pe/noticias/exportaciones-de-piura-sumaron-us-765-millones-en-primer-tri-18996
2019-05-15,Cada vez hay más hectáreas de palta en Colombia,"Se estima que hay 17 mil hectáreas sembradas en dicho territorio, que ha concitado gran inversión extranjera.  Colombia, un país con una gran riqueza natural y un clima tropical que sobresale por las oportunidades que genera en el sector agropecuario al poder contar con tierras que se caracterizan por su clima templado, humedad apropiada, suelos meteorizados, irradiación alta y una marcada topografía altitudinal. Lo anterior le aporta a la fruta, en específico al aguacate, un carácter especial. Los colombianos han podido observar el gran crecimiento que ha tenido el sector aguacatero en el país, donde cada año son más las hectáreas sembradas con esta fruta que revoluciona el mercado internacional, especialmente Europa, Estados Unidos y ahora Asia. Lo que comenzó con unos pocos viveros sembrados con árboles de aguacate en 1982, ahora 37 años después, se estima que hay cerca de 17.000 hectáreas sembradas en departamentos como Caldas, Antioquia, Valle del Cauca, Santander, Norte de Santander, Risaralda, entre otras. Se asegura que el aguacate es el negocio por el crecimiento exponencial que ha tenido a lo largo del tiempo donde no solo se ha evolucionado en términos de áreas sembradas, sino también el tema de exportaciones ha tenido un incremento considerable. En el año 2009, donde comenzaron las exportaciones de aguacate colombiano se enviaron un total de dos contenedores y medio al mercado holandés y ahora, tan solo 10 años después, esta cifra se ha superado de manera impresionante llegando a estimar una exportación total de 56.700 toneladas de la fruta, lo que se traduce a 78.000 millones de dólares. Este es un sector cuyo crecimiento ha favorecido significativamente al país, dado que muchas familias ahora viven del cultivo de aguacate. Además, se ha vinculado a la mujer en el trabajo y se ha reconocido el desarrollo favorable de los árboles de aguacate en gran parte de las zonas del país generando altas productividades. Es debido resaltar que el desarrollo de la industria en el país ha atraído la inversión extranjera, de hecho ya hay más de 6.000 hectáreas compradas por inversionistas mejicanos, chilenos y peruanos para cultivar aguacate. Así como hay grandes oportunidades en el país para el cultivo de la fruta, igualmente existen una gran cantidad de retos, donde el principal es estar en un negocio que se vuelva competitivo y sostenible a largo plazo. La construcción de estos dos aspectos requiere de unos esfuerzos específicos como el enfoque en la calidad de los productos; trabajar en el desarrollo de certificaciones de orígenes donde se busque unificar la calidad del aguacate; es debido hacer un esfuerzo especial en la gerencia del agro, donde se tengan en cuenta temáticas como el desarrollo humano y la gestión humana; igualmente, hay que hacer un especial énfasis en la promoción del consumo interno de aguacate. Pequeños y grandes productores deben comprometerse con su labor y con la entrega de productos de calidad, pues no solo se trata de abrir un mercado y enviar una gran cantidad de contenedores, sino que es necesario que se efectúen estrategias de promoción del producto en ese país, para lo cual es necesario invertir un dinero. Colombia será además, sede el IX Congreso Mundial de Aguacate: https://bit.ly/2IdoC7R .",agraria.pe/agronegocios,https://agraria.pe/noticias/cada-vez-hay-mas-hectareas-de-palta-en-colombia-18990
2019-05-15,Agrobanco debe fortalecerse para contribuir con la competitividad y productividad del agro,"El seguro agrario debe ampliarse a toda la agricultura familiar.  El ex ministro de Agricultura, Luis Ginocchio, sostuvo que el fortalecimiento del Agrobanco es fundamental para contribuir con la competitividad y productividad del sector agrario, ganadería y forestería. “La banca de fomento en el caso de la agricultura es fundamental, no solo porque se trata de una actividad que genera empleo, sino también porque produce alimentos y dinamiza a las economías regionales”, declaró. Uno de los pedidos de los agricultores agrarios plantea la transferencia inmediata de S/ 1.500 millones al Agrobanco para que tenga capacidad de atención nacional y sea una banca de fomento. Transferencia Al respecto, explicó que con la transferencia de estos recursos se podría atender los requerimientos financieros de 60.000 productores. “No se trata de regalar el dinero sino de colocarlo de una manera profesional. Hay que fortalecer el Agrobanco con cuadros profesionales competentes y una masa de créditos que le permita ser rentable”, dijo. Ginocchio enfatizó que la agricultura familiar es la que garantiza la alimentación interna y la preservación de la biodiversidad (arracacha, papas nativas, entre otros), para el desarrollo de negocios. En ese sentido, dijo que se necesita un plan de diversificación productiva. En este caso, dijo que los productores de arroz o de papa pueden gradualmente pasar a desarrollar otros cultivos o la crianza de animales. Comentó que otro de los factores para elevar la competitividad del agro es el fortalecimiento de las organizaciones de productores. Seguros Otro pedido de los productores agrarios es la reconversión del seguro agrario catastrófico en el fondo de prevención y mitigación de contingencias en el sector agropecuario y de camélidos andinos sudamericanos, por desastres naturales. Al respecto, Ginocchio comentó que en el mundo de las finanzas los seguros cumplen un papel fundamental. “Para que la banca privada se anime al segmento de la agricultura familiar, un seguro ayuda pero este producto debería extenderse a toda la agricultura familiar”, anotó. Asimismo, dijo que con una agricultura familiar cubierta de catástrofes, Agrobanco les podría financiar con más tranquilidad manteniendo bajo control sus índices de morosidad. “Se trata de una actividad productiva que como cualquier otra que para modernizarse requiere de una inversión del Estado”, subrayó. Reconstrucción Ginocchio dijo que el tema de la reconstrucción con cambios es fundamental. Por ejemplo, comentó que en el caso de Piura, y otras regiones del norte y del sur, el Niño Costero destruyó pequeña, mediana y grande infraestructura de riego. “Atender esos temas es urgente. Es necesario acelerar la atención a este problema porque impacta directamente en la capacidad de producción de los agricultores”, aseveró. Aranceles En relación al pedido de los productores agrarios de restablecer los niveles arancelarios ad valoren y franja de precios, Ginocchio dijo que la política arancelaria del país está atada a compromisos internacionales. “El problema del agro es mucho más complejo que un tema arancelario. Está más vinculado con un tema de pérdida de rentabilidad en la actividad agraria, especialmente de los productos alimenticios”, manifestó. En este caso, mencionó al arroz, papa, maíz, entre otros y dijo que todos ellos pasan por un proceso de pérdida de rentabilidad pues tienen procesos de comercialización obsoletos. “Se puede hacer uso de las redes de información donde se conecten los centros de producción para definir las campañas de producción en función de la demanda. Esto se debe manejar desde la siembra para no sobresaturar los mercados porque eso destruye los precios”, comentó.",agraria.pe/agronegocios,https://agraria.pe/noticias/agrobanco-debe-fortalecerse-para-contribuir-con-la-competiti-18989
2019-05-15,Costeño iniciará modernización de su planta en Sullana,"La empresa busca que sus activos en Piura tengan igual desempeño productivo que sus instalaciones en el Callao.  Como una estrategia de impulsar su producción, Costeño Alimentos, productora de arroz embolsado y vinculada al holding brasileño Grupo Camil, anunció la llegada de una nueva maquinaria para su línea de arroz embolsado en Sullana (Piura), en agosto próximo. Jorge Alfaro, gerente general de la empresa, explicó que este proyecto de modernización apunta a que los activos de Costeño en Piura tengan igual desempeño de producción que sus instalaciones en el Callao. Costeño cuenta con una planta de producción de arroz en la urbanización Bocanegra (Callao), donde se hicieron cambios en sus máquinas embolsadoras hace tres años. Además de esta producción, la empresa cuenta con una línea de fabricación de galletas de arroz. Distribución de arroz Para la primera semana de julio, el ejecutivo refiere que contarán con nuevos distribuidores que atenderán los mercados en la costa norte. De otro lado, seguirán consolidando la comercialización de arroz en la región sur. Costeño Alimentos proyecta ventas por 110.000 toneladas de arroz en este año y estima un crecimiento en ventas de un dígito. En el mercado nacional, se comercializan unos 2.2 millones de toneladas de arroz. Menestras Con el objetivo de diversificar su portafolio de productos, Costeño busca afianzar su canal de comercialización de sus líneas de menestras y conservas en los mercados de abastos y bodegas en Lima y provincias. “Vemos que la venta en supermercados y autoservicios es un canal más maduro, y vemos que hay oportunidades para crecer en bodegas y en mercados”, puntualizó. Alfaro precisó que, a través de la marca Hoja Redonda, se está ampliando la línea roja (tomates y tucos), y la venta de frejoles y pallares. Fuente: Gestión",agraria.pe/agronegocios,https://agraria.pe/noticias/costeno-iniciara-modernizacion-de-su-planta-en-sullana-18987
2019-05-15,"“Si el MEF y Minagri no resuelven problemas del agro, nuestra bancada iniciará un proceso de interpelación y censura contra esos ministros”","TLC han beneficiado a los productos que vienen del exterior ya que se les exonera de aranceles y a un grupo de agroexportadores que ganan millones y no pagan tributos completos; sin embargo ha empobrecido a los trabajadores del campo de nuestro país que están en pie de lucha reclamando sus justos derechos, sostuvo el legislador.  El congresista del Frente Amplio, Humberto Morales, indicó que si el Ministerio de Economía y Finanzas (MEF) y el Ministerio de Agricultura y Riego (Minagri) no resuelven los problemas del sector agrario, su bancada iniciará un proceso de interpelación y censura contra los responsables de dichas carteras. Destacó que los Tratados de Libre Comercio (TLC) han beneficiado a los productos que vienen del exterior ya que se les exonera de aranceles y a un grupo de agroexportadores que ganan millones y no pagan tributos completos; sin embargo han empobrecido a los trabajadores del campo de nuestro país que están en pie de lucha reclamando sus justos derechos. “Ha llegado el momento de que el Ejecutivo atienda a la pequeña agricultura que produce el 70% de los alimentos que comemos los peruanos. Nosotros no renunciaremos a confrontar abiertamente al modelo neoliberal que ha empobrecido a los trabajadores del campo de nuestra patria”, sostuvo. Agregó que el sector agrario tiene una bancada (Frente Amplio) que enfrentará en cualquier circunstancia a aquellos que han regalado al país mediante leyes. “La lucha por el sector agrario es unitario, pase lo que pase enfrentaremos a todos aquellos que quieren seguir empobreciendo a los hombres y mujeres del campo y regalando nuestra patria”. Dato . El último lunes se realizó un paro nacional agrario por 24 horas, el cual fue convocado por la Convención Nacional del Agro Peruano (Conveagro) y la Junta Nacional de Usuarios de los Distritos de Riego del Perú (JNUDRP). Dichos gremios indicaron que si el Ejecutivo no resuelve los problemas del sector en un plazo de 60 días realizarán un paro nacional indefinido.",agraria.pe/agronegocios,https://agraria.pe/noticias/si-el-mef-y-minagri-no-resuelven-problemas-del-agro-nuestra--18984
2019-05-10,Sechura: inauguran invernadero para beneficio de estudiantes y campesinos,"Permitirá la siembra de diferentes frutos de calidad para su venta en mercados internacionales.  Por primera vez en Piura, se puso en marcha un invernadero que permitirá la siembra de diferentes frutos que finalmente serán ofrecidos en mercados internacionales, por su calidad alimentaria, lo cual permitirá acceder a mejorar la calidad de vida de campesinos y capacitación de estudiantes. La inauguración del invernadero que abarca ocho hectáreas de cultivos, se llevó a cabo el pasado 7 de mayo en las instalaciones del colegio Baltazar Ramos Plata, en Rinconada Llicuar, en Sechura, donde asistió la directora de la empresa española Tecnova, Maricarmen Galera, quien explicó los beneficios de la nueva obra que beneficiará principalmente a los pueblos del Bajo Piura. En ese contexto, Galera dio a conocer que, con la tecnología puesta en marcha, la Comunidad Campesina San Martín de Sechura e Innova, capacitaron a más de 500 personas de esta zona, entre estudiantes y campesinos. “Con esta iniciativa, el agricultor de la zona tendrá una nueva alternativa de desarrollo. Por ejemplo, en el cultivo del arroz, donde se utilizará menos recursos naturales, pero se conseguirá mayores ingresos. Pero, algo importante es que con esta tecnología los campesinos tendrán menos sacrificio en el campo”, detalló. Por su parte, el presidente de la comunidad campesina San Martín de Sechura, Sebastián Espinoza Ayala consideró que, con esta propuesta, habrá mayores oportunidades para los pobladores del Bajo Piura. “Nuestros estudiantes tendrán mayor aprendizaje porque ya tenemos gente capacitada en estos temas. Además, les decimos a todos los pobladores que la asociación entre ellos permitirá acceder a estos proyectos, lo cual permitirá desarrollo y calidad de vida para las familias”, explicó. Fuente: larepublica.pe",agraria.pe/agronegocios,https://agraria.pe/noticias/sechura-inauguran-invernadero-para-beneficio-de-estudiantes--18959
2019-05-09,Volumen de frutas y hortalizas frescas  exportadas creció 49% en el primer trimestre del año,"Las granadas y arándanos frescos fueron los productos con mayor crecimiento de toneladas enviadas.  Durante el primer trimestre del año, las toneladas (TM) exportadas por el subsector frutas frescas impulsaron el crecimiento de las agroexportaciones, pasando de 317 mil TM durante el 2018 a 482 mil TM (+52%) entre enero y marzo de 2019, según información de AGAP. El producto que encabezó la lista fue la uva con 191 mil TM, 62% más que el primer trimestre de 2018, seguido por el mango con 147 mil TM (+28%), el banano orgánico con 71 mil TM (+29%), la granada con 23 mil TM (+168%), la palta con 21 mil TM (+96%), el arándano con 18 mil TM (+571%) y los cítricos con 6 mil TM (+66%). Las exportaciones de dichos productos generaron divisas por US$ 742 millones, 8% más que lo generado en el mismo periodo el año anterior (US$ 690 millones). En el subsector hortalizas frescas, la exportación de productos fue de 71 mil TM (+31%), siendo liderado por la cebolla con 45 mil TM (+42%), seguido por el espárrago con 20 mil TM (+24%), el ajo con 4 mil TM, la calabaza con 2 mil TM y el capsicum con 197 TM. Las exportaciones de hortalizas frescas registraron envíos por US$ 76 millones para los tres primeros meses de este año. En conjunto, se exportaron un total 552 mil TM (+49%) de frutas y hortalizas frescas, generando divisas por US$ 818 millones, 6% más que lo registrado durante el primer trimestre del 2018 (US$ 772 millones). En cuanto a otros productos como el café y cacao, sus envíos fueron de 26 mil TM y 17 mil TM respectivamente, mientras que el jengibre registró 3 mil TM. El principal destino de las frutas y hortalizas frescas peruanas durante este periodo fue Países Bajos, a donde llegaron 137 mil TM, seguido por Estados Unidos con 179 mil TM, Hong Kong con 31 mil TM, España con 30 mil TM, Reino Unido con 21 mil TM, China con 19 mil TM, México con 13 mil TM, Panamá con 12 mil TM y finalmente, Corea del Sur y Rusia con 11 mil TM cada uno. El desempeño del sector agroexportador durante este primer trimestre creció en 5.17%, registrando envíos por US$ 1,497 millones, cifra que nos mantiene como el segundo sector exportador del país.",agraria.pe/agronegocios,https://agraria.pe/noticias/volumen-de-frutas-y-hortalizas-frescas-exportadas-crecio-49--18948
2019-05-08,Perú cuenta con ventajas climáticas que le permiten desarrollar una gran industria de banano orgánico,"Enfermedades como la Sigatoka negra son muy dañinas para el cultivo pero no se desarrollan en nuestro país, como sí sucede en Ecuador, donde tiene que controlarse con agroquímicos.  El banano es uno de los productos de agroexportación con mayor protagonismo en los últimos años, especialmente en mercados de alto valor como Norteamérica, Europa y Asia, gracias a su contenido de vitaminas, proteínas y potasio. Carlos Orellana, especialista en el cultivo, destaca especialmente el valor de negocio del banano orgánico, cuya demanda está creciendo a nivel mundial con Perú bien posicionado y asentado con grandes cualidades que lo ayudan a diferenciarse. “En Perú las condiciones ambientales son únicas y se prestan para la producción de banano orgánico con la mayor parte concentrada en Piura, una pequeña parte en Tumbes y en otras regiones aledañas”, dice. Y explica a continuación las razones de las diferencias que hacen resaltar a nuestro país: “En Ecuador también se cultiva banano pero es muy difícil hacer banano orgánico, ya que las condiciones medioambientales son favorables para que se presente la enfermedad de la Sigatoka negra, patología que no hay en Perú porque no existen las condiciones para que se desarrolle esa enfermedad que es la más devastadora para el cultivo y cuyo control es netamente químico, no se puede hacer otro tipo de control… Perú tiene condiciones ambientales únicas, es el gran punto a favor que tiene el cultivo para ser catalogado como orgánico”. Orellana, quien es de origen ecuatoriano, reconoce así las diferencias entre las condiciones de producción entre ambos países y el potencial que hay para aprovechar en el segmento orgánico, especialmente en el mercado europeo al que se suma las ventajas arancelarias que tiene Perú gracias al TLC suscrito con dicho mercado y que lo han ayudado a convertirse en el primer exportador de banano orgánico para el Viejo Continente. Es gracias a este panorama, agrega, que en Piura se han conocido casos de agricultores que estaban tradicionalmente dedicados al arroz que han migrado al banano orgánico. De hecho, en provincias como Sullana se han formado asociaciones de productores con el fin de exportar directamente, lo que demuestra la versatilidad del cultivo para crear oportunidades a organizaciones de todo calado. En cuanto al retorno económico, el especialista apunta que en promedio por cada caja de 43 libras se paga 12 dólares, lo que lo convierte en una posibilidad muy atractiva. Consultado sobre los aspectos que debe revisar la industria peruana para mejorar, apunta que se debe mejorar la infraestructura de las plantas empacadoras para que, por ejemplo, permitan el proceso conocido como ‘deslechado’ en tinas de buen tamaño. A esto debe agregarse, dice, un mayor acompañamiento en investigación científica en aspectos de nutrición y fitopatológicos, tal como hacen otros países que aspiran a convertirse en jugadores importantes en este mercado. Dato Carlos Orellana participará como expositor en el V Curso Internacional de Banano Orgánico organizado por Bananotecnia, que se realizará en Lima junto a otros especialistas de Ecuador y Perú para abordar temas de producción, manejo de cultivo, comercialización y tendencias de mercados. El evento se desarrollará el 25 de mayo en el Auditorio del Club AOP del distrito de Ate. Los interesados en participar deben inscribirse en: www.bananotecnia.com y comunicarse con consultas@bananotecnia.com o al celular 983600986",agraria.pe/agronegocios,https://agraria.pe/noticias/peru-cuenta-con-ventajas-climaticas-que-le-permiten-desarrol-18938
2019-05-06,Macrorregión norte es la más dinámica en la agroexportación del Perú,"El crecimiento en la Macrorregión norte es mayor en áreas sembradas y número de empresarios en el tema exportador.  La macrorregión norte es la más dinámica del país, tal es así que su crecimiento es mayor en áreas sembradas y número de empresarios en el tema exportador. Así lo aseguró el presidente de la Asociación de Exportadores (ADEX), Alfonso Velásquez Tuesta. “El crecimiento en el primer trimestre de este año alcanza el 30.1%, lo que es un indicador importante. Por ejemplo, en la región Lambayeque al cierre del 2018 se tuvo el 25.7% en el tema exportador”, explicó. En este contexto indicó que el producto bandera del norte es la palta por su alta rentabilidad en inversión; aunque precisó que otro producto es el arándano por su importante demanda e interés mundial. “Su crecimiento es fundamental, solo en Lambayeque pasó de 11 millones de soles a 50 millones de soles en 2018 y aún hay un techo inmenso para este berry. Definitivamente va a traer consecuencias positivas para el desarrollo de la frambuesa y la cereza en una visión de nuevos productos”, precisó. Velásquez aseguró que todo el Perú crece de manera sostenible. En el caso de las regiones norteñas, dijo que Piura, Lambayeque y La Libertad son las que tienen mayor crecimiento por sus valles establecidos. En ese sentido afirmó que el desafío está en la región Tumbes, donde aún es lenta la reconversión del arroz a cultivos de exportación. En tanto que la región Cajamarca, subrayó, sigue procesando su café y cacao. “Todavía nos falta conquistar la región cajamarquina con la visión agroexportadora que se retrasa de alguna forma en el lado de la minería”, anotó. También manifestó que no hay muchos productos que puedan reemplazar 40 mil hectáreas de arroz de la noche a la mañana; empero, desde hace años se promueve la nuez de agua con miles de hectáreas sembradas en la China. “Es un tubérculo que tiene demanda en fresco y congelado”, remarcó. Caso .Velásquez Tuesta refirió que en Lambayeque en el rubro de la agroexportación se tiene US$ 118 millones, lo que significa el 97% del total de las exportaciones regionales. .Respecto a los inconvenientes que deben ser superados, subrayó está la infraestructura (carretera) para lograr la salida de los productos de la provincia de Paita (Piura), además figuran los costos logísticos elevados. .Asimismo destacó que urge involucrar a la agricultura familiar. Fuente: La República",agraria.pe/agronegocios,https://agraria.pe/noticias/macrorregion-norte-es-la-mas-dinamica-en-la-agroexportacion--18926
2019-05-06,AgroRural desarrolló 247 actividades de prevención en beneficio de 150 mil agricultores,"Se plantean alianzas estratégicas con el gobierno regional y los núcleos ejecutores conformados por las juntas de usuarios de riego y pobladores, que permitirán agilizar acciones.  El Programa de Desarrollo Productivo Agrario Rural (AgroRural) desarrolló 247 actividades de prevención para la atención de 150.000 agricultores, se informó durante una reunión con los presidentes de las juntas de usuarios de Piura y Tumbes ante los que se expuso los avances del componente de infraestructura hidráulica y de riego del plan de la Reconstrucción con Cambios. El viceministro de Desarrollo e Infraestructura Agraria y Riego, Jorge Montenegro, indicó que el sector trabaja en la elaboración de expedientes técnicos para la ejecución de más obras en función a los tiempos establecidos. “Tenemos el encargo de la ministra [Fabiola] Muñoz de no llegar al 2021 sin antes haber concluido las actividades de reconstrucción en esta región”, sostuvo. Para ello, se plantean alianzas estratégicas con el gobierno regional y los núcleos ejecutores conformados por las juntas de usuarios de riego y pobladores, que permitirán agilizar estas acciones a favor de los pequeños agricultores. “No solo construiremos y rehabilitaremos infraestructura de riego, sino que, además, trabajaremos para el desarrollo territorial considerando lo que la región produce”, puntualizó durante su intervención. Agregó que a fines de mayo se volverán a reunir para exponer las soluciones de los problemas y preocupaciones recogidos. Limpieza y descolmatación A su turno, la directora ejecutiva de Agro Rural, Jacqueline Quintana, detalló que se han ejecutado 247 actividades de limpieza y descolmatación en ríos, canales y otras infraestructuras de riego para la atención de 65.000 hectáreas de cultivo de unos 150.000 pequeños agricultores. Dijo que se encuentra en proceso de licitación el alquiler de maquinaria que permitirá concluir las actividades de prevención en el distrito de Huarmaca (Huancabamba), la que fue temporalmente paralizada debido a las lluvias. “En el 2017 recibimos el encargo de realizar estas actividades de prevención, pero AgroRural va más allá. Estamos presentes en las zonas altas y medias de la Sierra, principalmente, mediante diversas actividades y proyectos a favor de la pequeña agricultura”, indicó. Representantes del Programa Subsectorial de Irrigaciones (PSI) y de la Autoridad para la Reconstrucción con Cambios también expusieron sobre sus avances en el proceso de reconstrucción y rehabilitación de infraestructura hidráulica y de riego.",agraria.pe/agronegocios,https://agraria.pe/noticias/agrorural-desarrollo-247-actividades-de-prevencion-en-benefi-18925
2019-05-03,Piura: Proyecto AGRISECH será presentado este 8 de mayo en Sechura,"El proyecto tiene como objetivo el uso y manejo eficiente de la escasa agua que predomina en el territorio sechurano mediante el uso del sistema de riego tecnificado, de un invernadero para el control del clima y plagas, energía renovables, y fundamentalmente cultivos alternativos y variados de exportación que servirían para mejorar de manera significativa la productividad del agro en Sechura.  Este 8 de mayo será la presentación oficial del Proyecto AGRISECH, que nace de un trabajo conjunto entre la Agencia Española de Cooperación Internacional para el Desarrollo (AECID), la Fundación para las Tecnologías Auxiliares de la Agricultura (CT TECNOVA), la Universidad de Almería y la Fundación Comunal San Martín de Sechura. Dicho proyecto constituirá una realidad para los pobladores de Sechura que contarán con una agricultura moderna y sostenible, y servirá de ejemplo para una nueva y variada agricultura en toda la región Piura y el resto del país que quiere copiar este modelo de siembras en invernaderos como se hace, con gran éxito, en España. La iniciativa tiene como principales objetivos el uso y manejo eficiente de la escasa agua que predomina en el territorio sechurano mediante el uso del sistema de riego tecnificado, de un invernadero para el control del clima y plagas, el uso de energías renovables, y fundamentalmente cultivos alternativos y variados de exportación que servirían para mejorar de manera significativa la productividad del agro en Sechura; y puede ser replicable en otras regiones del país. La ceremonia de presentación del proyecto se desarrollará en el predio colindante con la I.E. Baltazar Ramos Juárez del distrito de Rinconada Llicuar de la provincia de Sechura (Piura), desde las 09.00 am. En dicho acto, se presentará el proyecto AGRISECH, el papel que desempeña en la región junto a logros y resultados obtenidos, y beneficios para la Comunidad Campesina de Sechura. Cabe destacar que el Proyecto viene capacitando constantemente en técnicas modernas de agricultura tanto a los jóvenes de los últimos años de la I.E. Baltazar Ramos Juárez, como a la población del distrito de Rinconada Llicuar y alrededores.",agraria.pe/agronegocios,https://agraria.pe/noticias/piura-proyecto-agrisech-sera-presentado-este-8-de-mayo-en-se-18915
2019-05-03,Agroexportaciones generaron más de 207 mil puestos de trabajo en el primer bimestre,"En total, las exportaciones peruanas generaron 484.028 puestos de trabajo a nivel nacional.  Durante el primer bimestre del año, las exportaciones generaron 484.028 puestos de trabajo a nivel nacional (directos, indirectos e inducidos), lo que ha significado un crecimiento de 0.7% respecto al mismo periodo de 2018, informó ADEX. Alfonso Velásquez, presidente del gremio empresarial, sostuvo ante estas cifras que es fundamental impulsar las exportaciones con valor agregado, no solo abordando la agenda macro pendiente (sobrecostos logísticos e infraestructura), sino impulsando medidas sectoriales.. Tras reiterar su apoyo a la Ley de Promoción Agraria y solicitar que dicho modelo se extienda a otros sectores, refirió que es importante fortalecer las cadenas productivas y la agricultura familiar para que se beneficien de la agricultura moderna. “ADEX inició una cruzada por el valor agregado de nuestra oferta exportable. Suscribimos convenios con los gobiernos regionales de Huancavelica, Moquegua y Pasco, que son históricamente mineras porque queremos ayudar a sus autoridades a generar una nueva oferta y dinamizar la ya existente. Llevaremos los beneficios de las exportaciones en cuanto a generación de empleo, formalización y descentralización”, lo cita un comunicado del gremio. De acuerdo al reporte, en el primer bimestre del año el sector tradicional generó 160.996 empleos y perdió 13.323. El agro tradicional con 35.777 puestos de trabajo, se redujo en 3.869 empleos (-9.8%). En contraparte, la pesca, con más de 10.000 nuevos puestos (un total de 15.903) fue la que generó sí tuvo saldo positivo (incremento de 190.7%). No tradicionales Los despachos de productos con valor agregado dieron trabajo a 323.032 personas, lo que representó un incremento de 5.4% (16.566 más que en el primer bimestre de 2018), gracias al mayor encadenamiento productivo de actividades como la agroindustria, industria, joyería y artesanía. En este acápite, el reporte de ADEX detalla que la agroindustria generó 207.781 empleos entre enero y febrero, 13.091 puestos más que en el mismo periodo de 2018 (crecimiento de 6.7%). Esto se debió a los mayores envíos de uvas, mangos, arándanos, leche evaporada, páprika, galletas dulces, raíces de achicoria, aceite de palma, galletas saladas, semillas de tomates, jugó de maracuyá, aceitunas, manteca de cacao, entre otros. Otros sectores que sumaron puestos fueron la pesca para consumo humano directo con 25.930 en total (2.189 nuevos, 9.2%) y los despachos de madera con 4.206 (234 nuevos, 5.9%), entre otros. “Hay que señalar que los puestos netos creados en el primer bimestre del año fueron 3.243, pues si bien se generaron 31.710 empleos, se perdieron 28.467”, observó finalmente ADEX.",agraria.pe/agronegocios,https://agraria.pe/noticias/agroexportaciones-generaron-mas-de-207-mil-puestos-de-trabaj-18912
2019-05-02,¿Qué frena el despegue del AgTech en el Perú?,"La disrupción tecnológica va a destiempo de ‘boom’ agroexportador. Es clave crear soluciones a medida y un ecosistema, dicen expertos.  La disrupción tecnológica en el agro peruano de la mano de las startup de AgTech no avanza al ritmo exponencial de las agroexportaciones, que crecen por año a doble dígito. Aunque el fenómeno es planetario (la agricultura y la caza es la industria que menos innova, según un estudio de 2016 del McKinsey Globlal Institute), en Perú hay factores locales que inciden en esta realidad. A juicio de Luis Luira, director de inversiones de The Board, falta que los emprendedores peruanos encuentren los “dolores actuales” del sector. Se refiere a identificar las soluciones precisas que demandan los empresarios, ya sean grandes, medianos o pequeños. Pero ese no es un camino fácil. Así lo cree Guillermo De Vivanco, co-founder y CEO de Space AG, una startup que partió ofreciendo toma de imágenes en campo con drones y hoy se ha integrado con firmas de sensores de cara a brindar servicios de Big Data. “El reto es encontrar cómo validar el beneficio del producto y los ciclos de validación son superlargo, van al ritmo de la naturaleza”, advierte. Christian Broders, gerente de administración y finanzas de Agrícola Cerro Prieto, coincide con De Vivanco, en particular por el riesgo que transfiere al negocio. “En algunos casos se necesitan hasta más de cinco o seis años para que un cultivo llegue a la madurez en rendimiento. Es muy probable que priorizar decisiones de corto plazo para aumentar la rentabilidad de un cultivo afecte los años venideros”, afirma. En formación Para Alaín Elías, presidente de Asociación Peruana de Capital Semilla y Emprendedor (Pecap), el hecho de que el venture capital (financiamiento privado de startup) recién esté empezando en Perú no ayuda a reducir la brecha con los agronegocios. Pero hay oportunidades, dice, si las pymes proveedores se deciden a dar el salto de ese segmento al mundo startup, sobre todo para acceder a capital. Sinergia Tech, creado de la plataforma de teleagronomía Agros comenzó así. Aunque le fue difícil encontrar fondos en Piura, recurso humano y programas de aceleración especializados, proyectan cerrar el año con 5 mil usuarios en Perú y brindar el servicio al Gobierno chileno, informa Hugo Piñaterra, su fundador. Dato 4 de 20 incubadoras de startup priorizan al agro en Perú, según Innóvate. Se trata de Incubadora PQS del Grupo Romero, Startup UPC, Incubagraria y ACM Ventures. Las cuatro están en Lima y han impulsado al menos 16 startup en Ag Tech, que ya se venden. Fuente: Día1 – El Comercio",agraria.pe/agronegocios,https://agraria.pe/noticias/que-frena-el-despegue-del-agtech-en-el-peru-18908
2019-05-02,“Necesitamos mejorar el ecosistema innovador en el sector agrario”,"Funcionario subrayó que la oferta alimentaria el país no puede seguir apostado exclusivamente a la exportación de productos frescos, sino que debe avanzar en procesados, secos y deshidratados.  En el objetivo de alcanzar los US$ 10.000 millones de agroexportaciones hacia el final del presente Gobierno, uno de los grandes retos es trabajar de manera articulada con diversas instituciones y sostener una creciente competitividad en el sector. Así lo explicó Javier Martínez, director de Políticas Agrarias del Ministerio de Agricultura y Riego (Minagri), para quien es fundamental acelerar las condiciones de competitividad agrarias con un marco legal previsible que permita desarrollar las inversiones, incidir en el valor agregado, fortalecer las capacidades de los productores, desarrollar una mejor infraestructura de riego y resaltar el valor de la sanidad. “No podemos hablar de competitividad si no hablamos de permanencia de mediano y largo plazo de nuestro productos bandera en el mercado…La tasa de crecimiento (agraria) muestra la importancia del sector para el dinamismo de la economía; necesitamos inyectar más competitividad en el sector”, declaró. Esto se ve reflejado, dijo, en que hay una gran dinamismo en diversas regiones vinculadas a la agroexportación antes rezagadas, lo que ha provocado que el país sea un gran jugador en diversos productos; sin embargo existen aún otras que no avanzan al mismo ritmo, lo que requiere trabajar en ellas para mejorar sus niveles productivos, lo que ayudará a diversificar la canasta agroexportadora del país. En esa vía, recordó que el mundo muestra hoy un panorama de alto nivel adquisitivo con países importantes donde las clases medias están creciendo y las familias son cada vez menos numerosas, lo que necesita que la oferta agraria se adecúe a nichos específicos con alimentos nutritivos y funcionales de calidad en cantidades determinadas para diferenciarse de la competencia. “(Necesitamos) mejorar el ecosistema innovador en el sector agrario, no podemos mantenernos con los productos tradicionales en su forma natural fresca. Necesitamos avanzar en procesados, secos, deshidratados, mejorar la eficiencia productiva, impulsar la gestión del uso del agua y articular la provisión de servicios acorde a las necesidades del productor. Hay que empoderar a la gastronomía, que es un actor fundamental, para poner en valor productos hoy desconocidos que pueden ser importantes para el dinamismo del sector”, explicó. Martínez estimó por ello que el próximo año se piense en alternativas productivas más allá de los alimentos consolidados que puedan tener ventajas comparativas en los mercados internacionales, así como mirar al mercado interno para encontrar soluciones e identificar oportunidades de negocios. “Debemos fortalecer el capital humano especializado; nuestros productores tienen capacidad y trayectoria, vienen enfrentando el cambio climático adaptando sus cultivos a otros pisos ecológicos y pueden ayudar a que esta diversificación de oferta pueda concretarse. Hay que poner en valor estas capacidades”, agregó. Finalmente, recordó que es importante pensar en innovar las formas de financiamiento con incentivos ambientales y sociales para que el sector sea más dinámico, consolidando nuestra imagen como país a través de marcas. Apuntó en ese sentido que ya nos conocen como productores de uva, palta y espárrago, entre otros, pero falta dar el salto para ser reconocidos por productos innovadores, que ayuden a que las empresas y organizaciones agrarias se mantengan en el mercado generando negocios rentables.",agraria.pe/agronegocios,https://agraria.pe/noticias/necesitamos-mejorar-el-ecosistema-innovador-en-el-sector-agr-18904
2019-04-30,Nuevo modelo de cultivo produciría 25 mil toneladas de café climáticamente inteligente,"Proyecto “Café del futuro” escala un modelo que probaría que se puede producir más café, de mejor calidad, utilizando menos recursos naturales y sin deforestación.  El café es la bebida más consumida del mundo y está siendo amenazada por el cambio climático. En el Perú, la producción de café abarca 425.400 hectáreas. “Se calcula que cerca de un millón de personas están vinculadas directamente a esta actividad, en su organización productiva en su comercialización o en la preparación del grano en los ámbitos de producción”, sostiene la organización Solidaridad. Si bien se produce café en 17 regiones del país, solo en 10 se concentra el 98.6% de la producción nacional. Además, de las 196 provincias del Perú, 30 concentran el 96.1% de la producción cafetera, 9 de ellas ubicadas en la región San Martín. Según el Barómetro de Café de 2018, se calcula que cerca del 70% del café en el mundo es generado por pequeños productores, quienes se ven afectados por los constantes cambios en el precio de exportación del café y por el cambio climático, que impacta especialmente a las zonas cafeteras, aumentando las plagas, reduciendo la vida fértil de los arbustos y disminuyendo la calidad del cultivo. Estos problemas afectan a la producción de café y a la competitividad entre productores, poniendo en riesgo la sostenibilidad del negocio. Sin embargo la solución estaría en el propio cultivo. Solidaridad, una ONG internacional sin fines de lucro especializada en trabajar con los actores de las cadenas de valor de distintas materias primas, promueve desde 2013 un modelo de agricultura climáticamente inteligente que fortalece el manejo de las fincas por parte de los caficultores, conciliando mejoras productivas, sociales y de conservación. De acuerdo a cifras de dicha entidad, se calcula que la frontera agrícola se va incrementando a alrededor de 4,500 hectáreas por año, siendo la roya una causa de deforestación del bosque al implicar una razón de apertura a mayor campo. Un modelo probado El Proyecto “Café del Futuro” tiene una fase antecesora a través del Proyecto “Café, Conocimiento y Carbono para REDD+” en 2013, y llegó a capacitar a cerca de 1,200 productores en técnicas sostenibles en la región San Martín. En esta fase, se probó un modelo de agricultura climáticamente inteligente, que consiste en fomentar nuevas prácticas agrícolas sostenibles con el objetivo de reducir la deforestación. Esta fase probó que el café producido de manera climáticamente inteligente puede garantizar al mercado una continuidad en la producción, con mejor calidad y menos riesgos para los inversionistas (al protegerlo de fenómenos climáticos asociados al calentamiento global, por ejemplo). Este modelo fortaleció los sistemas sociales, ya que promueve el mutuo apoyo entre las distintas cooperativas, instituciones y caficultores. Esta primera fase en Perú se trabajó con 554 hectáreas con cultivos sostenibles y se calcula que cerca de 600 hectáreas son las que se dejaron de deforestar en el país. Se plantó 144.000 árboles que representan a 376 hectáreas de plantaciones forestales que conforman corredores biológicos o de conservación. Escalar el modelo Este año iniciarán la Fase II del Proyecto “Café del Futuro”, con el objetivo de escalar el modelo de la Fase I y beneficiar a 6169 caficultores de las regiones San Martín y Cajamarca. El proyecto trabajará a distintos niveles: a nivel de productor, de políticas públicas y de incentivos y promoción de un café libre de deforestación en mercados internacionales. El proyecto introduce el concepto de Movimiento de Héroes Cafetaleros, que vendrían a ser todas las instituciones, productores, asociaciones, sociedad civil, medios y personajes que construyen el Café del Futuro que salva el planeta, los bosques y el futuro del sector. El Movimiento alberga asimismo a los técnicos y productores que enrumbarán el proyecto a las metas. Dichas metas proyectan producir 25,664 toneladas métricas de café de origen climáticamente inteligente, de las cuales 4,619 irían directamente a los mercados norteamericano y europeo. Además, reduciría la emisión de 20,152 toneladas de CO2 y protegería 36,526 hectáreas de café directa e indirectamente. “La agricultura climáticamente inteligente que propone Solidaridad, ha demostrado que es posible aumentar la producción y la calidad del café, utilizando menos recursos naturales sin deforestación. Esto, a su vez, aumenta la calidad de vida de los caficultores. Asimismo, este café podría facilitar el ingreso a mercados internacionales, ya que estas iniciativas significan menor riesgo para los inversionistas. Un cafetero que aplica estas prácticas no solo produce más y mejor café, también genera trabajo formal y cuida el medio ambiente”, manifestó la organización.",agraria.pe/agronegocios,https://agraria.pe/noticias/nuevo-modelo-de-cultivo-produciria-25-mil-toneladas-de-cafe--18895
2019-04-29,Sembrarían tres mil hectáreas de algodón en Piura,"Costach sembrará cerca de dos mil quinientas porque ya tiene compradores en Francia, Italia, Alemania, Japón y China. Están en negociaciones con compradores de España y Portugal así como de Inglaterra.  Los agricultores algodoneros de Piura siguen apostando por el cultivo de esta fibra que ahora se vende en los principales países de Europa y Asia. Confían que la vuelta al uso de fibras naturales le dé otra oportunidad al algodón piurano. Este año se sembrarán unas tres mil hectáreas. César Zapata Alzamora, presidente de la Cooperativa Agraria de Servicios Múltiples Tallán Chusis (Costach) estima que si hubiese más promoción por parte de las entidades estatales los agricultores piuranos dejarían de sembrar arroz en gran medida, y volverían a exportar algodón como hace más de medio siglo. Este año, la siembra, entre los valles del Medio, Bajo Piura, Sechura, Chira y Alto Piura podría llegar a tres mil hectáreas. Costach sembrará cerca de dos mil quinientas porque ya tiene compradores en Francia, Italia, Alemania, Japón y China. Están en negociaciones con compradores de España y Portugal así como de Inglaterra. El sueño, dijo, es que la realeza europea vuelva a preferir el Pima Peruano, como lo hacía en el siglo XX. Zapata sostiene que gracias a las investigaciones de la Fundación Para el Desarrollo del Algodonero, a cargo de Pedro Miguel Reyes, se han logrado variedades precoces y de alto rendimiento. El cambio de la fecha de siembra también contribuye a que el algodón piurano tenga menos plagas que antes. Eduardo Woodman señala que en el mundo hay una tendencia a usar las fibras naturales, dejando de lado los tejidos sintéticos y Piura tiene una gran oportunidad, porque la demanda de hilos de algodón va a crecer en los próximos años. Explica que los agricultores piuranos tienen que estar preparados para hacer frente a la demanda que se va a generar. Datos . La siembra del algodón Pima en estos tiempos es sostenible. Se usa menos agroquímicos. . El algodón Pima genera mucha mano de obra. En Piura se sigue cosechado a mano. . Los productores temen que el ingreso y siembra de algodones Hazera e Ipa contaminen la fibra piurana, por lo cual recomiendan que las autoridades realicen la vigilancia necesaria. Fuente: El Tiempo",agraria.pe/agronegocios,https://agraria.pe/noticias/sembrarian-tres-mil-hectareas-de-algodon-en-piura-18889
2019-04-26,Hoy las frutas componen casi el 50% de la canasta agroexportadora peruana,"La funcionaria recordó que hace 50 años el país solo exportaba azúcar, algodón y café en el rubro agrario, lo que contrasta con una gama muy amplia hoy. Informó que se entregarán tres nuevos planes regionales de exportación.  La viceministra de Comercio Exterior, Sayuri Bayona, comparó el crecimiento anual de 15% que han tenido las agroexportaciones peruanas en los últimos 18 años con el de sus pares como Paraguay, Uruguay o Chile, resaltando que el nuestro es muy superior, lo que ha configurado un auge bastante rápido del sector. Recordó en ese contexto que hacia 1968 los despachos agrícolas peruanos se concentraban en tres productos como son el azúcar, algodón y café; lo que contrasta notablemente con la gran cantidad de frutas que hoy componen casi el 50% de una canasta agroexportadora diversificada en donde destacan productos como las uvas, paltas, arándanos, mangos, mandarinas y bananos, entre otros. Se apoyó en las cifras que acompañaron este movimiento, apuntando que hace 19 años el total de los despachos al exterior de frutas peruanas apenas alcanzaban los US$ 42 millones, punto desde el cual se saltó hasta los US$ 3.000 millones de 2018, un crecimiento notable con casos dignos de resaltar como los arándanos que enviamos al extranjero por valores de US$ 500 millones. En cuanto a destinos, recordó que Europa es el principal receptor de estos envíos y que representa el 39% del total de los despachos peruanos, seguido de Estados Unidos, América Latina y Asia, este último un mercado con mucho potencial de crecimiento tal como han demostrado las uvas que calaron con éxito ahí. De hecho, la participación peruana en el sector de importaciones agrícolas del gigante asiático creció de 4% a 8% en 2018. “Perú es líder agrícola en diversos productos, como el espárrago, en donde somos primer exportador mundial; los arándanos donde somos los segundos, así como en las platas y nueces de Brasil. Somos terceros en uvas y mangos, cuartos en palmitos en conserva y cortezas de limón, quintos en aceitunas en conserva, séptimos en mandarinas frescas, y décimos en cebollas”, detalló sobre el panorama actual. Comercio mundial Todo esto ha sido posible, valoró, gracias a una agresiva política de apertura comercial de dos décadas, fruto de lo cual Perú cuenta hoy con múltiples tratados de libre comercio que brindan preferencias arancelarias en mercados importantes como China, Unión Europea, Japón, Corea del Sur, México, Chile, entre otros. A este grupo consolidado estimó que se sumarán los acuerdos ya en negociación concluida con Australia, Guatemala, Brasil y el Acuerdo Transpacífico de Cooperación Económica que incluye a 11 países de la cuenca del Asia-Pacífico. “Tenemos negociaciones abiertas con la India; también en el marco de la Alianza del Pacífico con cuatro candidatos a estados miembros que son Singapur, Canadá, Nueva Zelanda y Australia. Y está el acuerdo con el Reino Unido que busca mantener las preferencias que tenemos con la Unión Europea en el marco de la salida del Reino Unido de dicho bloque”, agregó. Al interior En el fuero interno, Sayuri Bayona informó que el Mincetur se encuentra trabajando en conjunto con instituciones como PromPerú y Digesa, entre otras, para capacitar a los exportadores nacionales en diversas regiones de tal forma que cumplan con los requisitos técnicos de los mercados destino. Detalló que este año se planea capacitar a más de 160 supervisores de campo para que cuenten con certificados conforme a la nueva ley de inocuidad de alimentos vigente en EE.UU. y a 90 representantes de agroexportadoras que se formarán como inspectores orgánicos según estándares internacionales. A este esfuerzo se suman los 21 planes regionales de exportación (PERX) ya en vigencia y tres más que están por entregar en las semanas próximas. Estos documentos, refirió, ayudan a identificar las actividades necesarias para el desarrollo exportador de cada región del país de la mano con las autoridades regionales y el sector privado. Asimismo, ponderó el trabajo que hacen para el desarrollo del biocomercio, el programa de comercio justo, la huella ambiental hídrica y de carbono, factores que son muy importantes como requisitos para ingresar a mercados de altos ingresos que cuidan estos aspectos, así como las certificaciones. Dato La viceministra de Comercio Exterior dio estas declaraciones durante su participación en el Seminario de Agroexportación organizado por ComexPerú.",agraria.pe/agronegocios,https://agraria.pe/noticias/hoy-las-frutas-componen-casi-el-50-de-la-canasta--18873
2019-04-25,Congreso promulgó Ley que declara de interés nacional la creación de un plan de rescate financiero a mypes afectadas por el Niño Costero,"Ley permitirá que los emprendedores puedan refinanciar sus operaciones crediticias y se les dé más tiempo y plazo a fin de que puedan trabajar y pagar sus obligaciones.  El Congreso de la República promulgó la Ley N° 30932, que declara de interés nacional la creación de un plan de rescate financiero a los productores de la micro y pequeña empresa que han sido afectados por los desastres naturales del fenómeno de “El Niño Costero” en nuestro país. El congresista Ángel Neyra Olaychea (Fuerza Popular), autor de la mencionada ley, dijo que la norma busca establecer mejores condiciones crediticias para los productores Mype (personas naturales y jurídicas) afectadas por los desastres naturales a consecuencia del Fenómeno de “El Niño Costero”, a fin de establecer las condiciones de calificación crediticia aplicables a quienes mantienen deudas vencidas con las instituciones del sistema financiero de nuestro país, considerándose dentro de los alcances de la Ley a la micro y pequeña empresa, pequeños agricultores, pescadores artesanales, entre otras actividades. “Esta Ley busca impulsar la economía en las zonas afectadas con el objetivo de reactivar el aparato productivo y la mejora del empleo, y que hasta la fecha no han podido reconstruirse con consecuencias negativas para los emprendedores de la región. Además, la Ley busca otorgar las mismas condiciones que tenían los productores antes del Fenómeno de “El Niño”, que a la fecha muchas de ellas han sido llevadas a las condiciones de desempleo”, sostuvo. Agregó que esta nueva oportunidad de rescate financiero permitirá que los emprendedores, tanto personas naturales o jurídicas, puedan refinanciar sus operaciones crediticias y se les dé más tiempo y plazo a fin de que puedan trabajar y pagar sus obligaciones; además, con ello, obtendrán mejores condiciones crediticias a través de las instituciones financieras. “El principal y loable compromiso del Congreso de la República a través de la Comisión de Producción, Micro y Pequeña Empresa y Cooperativas con el sector de emprendedores toma en cuenta su fortaleza, esfuerzo y el aporte a la producción nacional”, comentó Finalmente, dijo que esta Ley es un avance importante en el proceso del fortalecimiento de las micro y pequeñas empresas y constituye el esfuerzo más serio por la viabilidad económica, y de proyección de éstas en el fomento del empleo.",agraria.pe/agronegocios,https://agraria.pe/noticias/congreso-promulgo-ley-que-declara-de-interes-nacional-la-cre-18870
2019-04-24,INIA implementó 20 módulos de producción alpaquera para mitigar efectos de heladas y cambio climático,"La acción busca recuperar la calidad genética de las alpacas aplicando las tecnologías generadas por el INIA, que beneficiará a más de 11.000 criadores de dichas regiones.  Con el objetivo de dotar de infraestructura adecuada que permita a los criadores de alpacas hacer frente a las heladas y efectos del cambio climático, el Instituto Nacional de Innovación Agraria (INIA) implementó 20 módulos integrales de producción en comunidades campesinas de Puno, situadas sobre los 4.000 m.s.n.m. Cada módulo está conformado por un cobertizo, playa de esquila, manga de manejo, módulo de empadre, matadero rural, poza de charqui, ahijadero y dormidero rotativo. Esta infraestructura ha sido diseñada y validada por los investigadores del Programa Nacional de Camélidos del INIA, liderados por el Dr. Teodosio Huanca, con la participación de criadores de alpaca. Los módulos han sido implementados en 20 comunidades campesinas que cuentan con terreno y ganado comunal, donde el uso de la infraestructura genera un beneficio común para todos sus integrantes. Las comunidades intervenidas se constituyen además en centros de demostración de las tecnologías generadas por el INIA y otras instituciones de investigación, para mejorar la crianza de los camélidos a niveles rentables y competitivos. Esta acción forma parte del Proyecto de Inversión denominado “Ampliación de servicios tecnológicos mediante transferencia de embriones para la recuperación de la calidad genética de Alpacas en las regiones de Puno y Ayacucho”, cuyo objetivo principal es recuperar la calidad genética de las alpacas en dichas regiones aplicando las tecnologías generadas por el INIA, que beneficiará a más de 11.000 criadores de alpacas de estas regiones. A través de este proyecto, el INIA ha capacitado y formado a la fecha a 80 promotores alpaqueros, siendo la meta total 120, quienes brindarán asistencia técnica a criadores de comunidades campesinas de Puno y Ayacucho. En las comunidades puneñas de Ccanccolly y Urinsaya, distrito de Crucero, provincia de Carabaya, el INIA inauguró dos nuevos módulos alpaqueros, acto que contó con la participación de productores agropecuarios, así como autoridades de la zona.",agraria.pe/agronegocios,https://agraria.pe/noticias/inia-implemento-20-modulos-de-produccion-alpaquera-para-miti-18860
2019-04-24,Minagri impulsará reconversión productiva en el norte del país,"También se propuso la elaboración de una agenda de trabajo que contempla priorizar la infraestructura de riego, así como la implementación de acciones de sanidad agraria  La titular del Ministerio de Agricultura y Riego (Minagri), Fabiola Muñoz Dodero, anunció que su cartera apoyará la reconversión productiva del arroz en el norte del país por productos de mayor rentabilidad como banano, limón, cacao, entre otros. ""Por el cultivo de una hectárea de arroz los agricultores perciben S/ 1.000, pero si sembraran banano orgánico obtendrían ganancias superiores a los S/ 10.000 por hectárea"", explicó. En ese sentido, propuso a las autoridades regionales y locales así como a líderes de organizaciones agrarias y juntas de riego definir la vocación productiva del territorio de la región para ser más productivos y no destinar mayores tierras a la siembra de arroz por ser un cultivo que demanda mucha agua y ser causante de la salinización de los suelos. “Además, una mayor producción del cereal provoca la caída del precio en perjuicio de los ingresos de los pequeños productores”, sostuvo Muñoz Dodero. La titular del Minagri también propuso la elaboración de una agenda de trabajo que contempla priorizar infraestructura de riego, así como la implementación de acciones de sanidad agraria.",agraria.pe/agronegocios,https://agraria.pe/noticias/minagri-impulsara-reconversion-productiva-en-el-norte-del-pa-18852
2019-04-23,El mercado de uva de mesa se está reduciendo en los EE.UU.,"Los proveedores esperan que la oferta del fruto se ajuste a medida que el sector pase de la cosecha del hemisferio sur a la del hemisferio norte. Marketing Orden del USDA está impactando en las llegadas a dicho mercado.  Los proveedores esperan que la oferta de uva de mesa se ajuste a medida que el sector pase de la cosecha del hemisferio sur a la del hemisferio norte. Las llegadas de fruta de Chile disminuyen semanalmente, especialmente las de uvas verdes sin semillas, y México no comenzará a enviar grandes volúmenes hasta mayo, siguiendo con un período de oferta relativamente estable. Sin embargo, según Ira Greenstein, de Direct Source Marketing, la Marketing Order del USDA, que entró en vigencia el 10 de abril, está teniendo un impacto en las llegadas. ""Todos los envíos entrantes de uvas sin semillas de Chile deben cumplir con los requisitos de EE. UU. a su llegada, lo que hace que los productores no puedan enviar nada que no sea una fruta de excelente calidad"", dice Greenstein. ""Seguirá entrando al mercado una cantidad considerable de Crimson sin semillas durante los próximos 7 a 10 días, pero las llegadas en general de uvas negras y verdes sin semillas disminuirán rápidamente a lo largo de la temporada. Aunque hay una gran cosecha de uvas de mesa sin semillas en Hermosillo y Caborca, México, no se espera que el sector vea un volumen significativo hasta la tercera semana de mayo. Los importadores harán todo lo posible por estirar la oferta chilena hasta ese momento, pero es posible que la oferta de uvas verdes sin semillas sea extremadamente reducida, lo que es preocupante"". La oferta de uvas verdes sin semillas probablemente se agotará Los informes indican que las uvas verdes sin semillas de Chile varían en cuanto a la calidad. Algunas de las frutas son de una calidad superior de almacenamiento, mientras que otras son de baja calidad o promedio y se deben mover rápidamente. Como resultado, el mercado se divide con un mayor abanico de precios. ""El precio de las uvas verdes sin semillas de buena calidad actualmente oscila entre 24-28 $ para las medianas / grandes, 28-30 $ para las grandes y 30-32 $ para las grandes"", señaló Greenstein. ""Los importadores con lotes de almacenamiento de calidad premium están pidiendo entre 34-38 $, y el tamaño y la condición son los factores determinantes"". Greenstein también advierte de que es probable que la oferta de uvas verdes sin semillas sea muy reducida hasta que México pueda comenzar a enviar algunos volúmenes decentes. ""El sector seguramente agotará la oferta general de uvas verdes sin semillas antes de que los primeros volúmenes comiencen a cruzar desde México. Esperamos que los precios del mercado al contado de las verdes sin semillas continúe aumentando semana tras semana, con un FOB que finalmente alcanzará los 40 $"". Las uvas negras sin semillas casi han terminado Una situación similar puede verse en las uvas negras sin semillas, pues la oferta se reducirá en las próximas semanas. La Marketing Order del USDA también está en juego, y los importadores piensan que la disminución de la calidad desalentará a los transportistas a enviar más fruta desde Sudamérica. Los precios están aumentando a medida que la disponibilidad se reduce. ""Los productores y los transportistas no están enviando fruta después de la Marketing Order del USDA, porque la variedad Autumn Royal es fácil que se dañe y no llegará a cumplir los requisitos de EE. UU. a la llegada"", explica Greenstein. ""La disponibilidad general ha comenzado a reducirse con el ajuste al alza del FOB semana tras semana. El precio de las uvas negras sin semillas de buena calidad actualmente oscila entre 28-32 $. Se espera que la oferta esté disponible otros 7 a 10 días a medida que el sector mueve los últimos volúmenes de la temporada"". Las variedades sin semillas rojas son más abundantes, y las Red Globe están comenzando a llegar desde Chile ahora que la temporada peruana ha terminado. Los proveedores dicen que una de las razones por las cuales hay más uvas de mesa rojas en el mercado estadounidense en este momento son los mercados más inestables en Asia y Europa, lo que ha supuesto que los productores chilenos hayan optado por enviar más volumen a los Estados Unidos. Como resultado, el mercado es más estable para las uvas rojas actualmente. ""Los importadores continuarán ofreciendo FOB agresivos para mantener la fruta en movimiento a través del sistema de manera controlada"", observó Greenstein. ""Los precios generales de las Crimson sin semillas actualmente varían entre 16 y18 $ para las medianas/grandes, 18-20 $ para las grandes y 20-22 $ para las grandes. Hay una oferta decente de variedades patentadas rojas sin semillas como la Jack Salute, Allison y otras, con precios que oscilan desde 20 a 24 $ según el tamaño, la calidad y el importador. Muchos importadores han cerrado los precios de los programas promocionales hasta fin de mes, lo que podría provocar que algunos de ellos pidan precios más altos en las ventas del mercado al contado"". Fuente: freshplaza.es",agraria.pe/agronegocios,https://agraria.pe/noticias/el-mercado-de-uva-de-mesa-se-esta-reduciendo-en-los-eeuu-18849
2019-04-22,Agroxportaciones de Chavimochic generaron US$ 7.512 millones en 23 años,"Las inversiones del Estado en obras civiles e hidráulicas en Chavimochic asciende a US$ 1.400 millones y las inversiones privadas en el desarrollo agroindustrial, en infraestructura menor de riego, instalación y mantenimiento de cultivos realizadas por los empresarios en los últimos 15 años llegan a los US$ 1.350 millones aproximadamente.  Las agroexportaciones desde los campos de la irrigación liberteña Chavimochic, desde 1995 hasta 2018, suman S/ 7.512 millones, gracias a las inversiones de empresas privadas y públicas que han convertido a esta irrigación en el emporio agroindustrial del norte del Perú, señaló el gerente del Proyecto Especial Chavimochic, Carlos Matos izquierdo. Diversos productos agrícolas como espárragos, arándanos, paltas, alcachofas, uvas, mangos, entre otros forman parte de las frutas que se cosechan en los valles de la irrigación Chavimochic, convirtiendo a La Libertad en la primera región a nivel nacional exportadora de espárragos frescos y arándanos; y segunda en palta Hass y espárragos en conserva. Las inversiones del Estado en obras civiles e hidráulicas en Chavimochic ascienden a US$ 1.400 millones y las inversiones privadas en el desarrollo agroindustrial, en infraestructura menor de riego, instalación y mantenimiento de cultivos realizadas por los empresarios en los últimos 15 años llegan a los US$ 1.350 millones aproximadamente. Todas estas inversiones han sido el resultado de una exitosa estrategia de desarrollo del Estado peruano. “Chavimochic es considerado un Proyecto bandera, mérito a la eficiente labor de sus profesionales y técnicos; y debe ser el Proyecto representativo de la región La Libertad para la celebración del Bicentenario de la Independencia”, concluyó Matos Izquierdo. Fuente: AgroNoticias",agraria.pe/agronegocios,https://agraria.pe/noticias/agroxportaciones-de-chavimochic-generaron-us-7512-millones-e-18838
2019-04-22,Perú exportó más de 47 millones de cajas de uva de mesa en la campaña 2018/2019,"Las principales variedades exportadas fueron la Red Globe con el 33% del total, Crimson con el 17% y Sugraone con el 16%. En la campaña 2018-2019, las hectáreas plantadas de uvas de mesa alcanzan 19.001 hectáreas, siendo Ica la región con la mayor extensión.  Las exportaciones de uva de mesa por parte de Perú en la campaña 2018/2019 alcanzaron las 47.032.696 cajas (de 8.2 kilos c/u), mostrando un incremento de 40% respecto a lo despachado en la campaña anterior (2017/2018) que fue afectada por el fenómeno de El Niño; y un aumento de 21% en comparación a la temporada 2016/2017. Así lo indicó la Asociación de Productores de Uva de Mesa de Perú (Provid), quien detalló que el 92% de las exportaciones realizadas en la campaña 2018/2019 se realizaron entre la semana 42 de 2018 y la semana 07 de 2019. “El peak se registró en las semanas 50 (3.848.417 cajas) y 51 (4.194.415 cajas). Provid agregó que hubo un retraso en el inicio de la campaña debido, principalmente, a problemas vinculados a la guerra comercial entre Estados Unidos y China, las variedades tardías de Estados Unidos y el cambio climático”, sostuvo el gremio. En cuanto a destinos, el 94% de las exportaciones de uva de mesa peruanas se dirigió a América del Norte, Europa y Asia. Dentro de este grupo, América del Norte fue el mercado que registró el mayor incremento (+28%), seguido de Asia (+46%) y Europa (+65%). En términos de países, los envíos se centraron en Estados Unidos (33%), China (17%) y Holanda (16%). En términos de incremento, el principal destino que es Estados Unidos creció 23% respecto a la campaña anterior, y 33% frente a la campaña 2016-2017. “Entre los principales destinos, Reino Unido ha marcado la diferencia, puesto que ha sido el país que ha tenido el mayor crecimiento, +77% en relación a la campaña 2016- 2017, y +79% frente a la campaña 2017-2018, pasando a representar el 3% en la campaña 2016-2017 y el 5% en esta última campaña”, precisó Provid. En términos de variedades exportadas, las tres principales fueron la Red Globe con el 33% del total exportado (18.968.818 cajas), Crimson con el 17% (5.599.409 cajas) y Sugraone con el 16% (4.925.146 cajas). Provid destaca que en la campaña 2018-2019, las hectáreas plantadas de uvas de mesa alcanzan 19.001 hectáreas, siendo Ica la región con la mayor extensión (8.779 ha), seguida de Piura (6.569 ha) y Lambayeque (1.682 ha), representando el 46%, 35% y 9% del total del área respectivamente. Fuente: SimFruit",agraria.pe/agronegocios,https://agraria.pe/noticias/peru-exporto-mas-de-47-millones-de-cajas-de-uva-de-mesa-en-l-18837
2019-04-17,Productos orgánicos han permitido que pequeños agricultores organizados se conecten con el mercado internacional,"En Perú existen casi 600 mil hectáreas con certificación orgánica y son cerca de 100 mil productores que tienen certificación orgánica.  Perú es uno de los principales países exportadores de productos orgánicos del mundo, sin embargo esa data no aparece en la estadística de agroexportación o figura de manera oculta, señaló el investigador del Programa de Hortalizas de la Universidad Nacional Agraria La Molina (UNALM), Roberto Ugás Indicó que el Estado brinda las estadísticas de agroexportación mostrándola por cultivo, por lo que hay un problema de visibilidad de lo que está sucediendo con la agricultura orgánica, así las estadísticas mismas no estarían dando una realidad del campo. “La exportación de productos orgánicos en nuestro país representa ya un sector importante para la economía y que está a cargo principalmente de pequeños productores. Se pide al Estado que visibilice lo que ya es una realidad porque solo haciéndolo visible se puede apoyar mejor”, comentó “Si vemos el monto de agroexportaciones orgánicas del año pasado apreciamos que ha sido superior a la exportación de espárragos, así que los productos orgánicos ya están entre los cinco principales rubros de agroexportación del país y sin embargo casi nadie habla de eso”, sostuvo. En ese sentido, dijo que los productos orgánicos han sido uno de los principales procesos que ha permitido que los pequeños agricultores peruanos organizados se conecten con los mercados locales e internacionales. Detalló que en Perú ya existen casi 600 mil hectáreas con certificación orgánica y son cerca de 100 mil productores que tienen certificación orgánica. “Lo más interesante es que para que esos miles de pequeños productores tengan acceso a la certificación orgánica tienen que organizarse en cooperativas y asociaciones para abaratar los costos de la certificación y poder acceder a mercados nacionales o externos”. Roberto Ugas destacó que la pequeña agricultura orgánica de exportación es el sector agrario más regulado con certificaciones obligatorias y voluntarias, lo que los obliga a gastar más dinero y tiempo; en ese sentido solicitó al Estado contar con un sistema de control más capacitado y mejor financiado –a cargo del Senasa- que permita al pequeño productor acceder a otras alternativas de certificación. SGP El investigador también se refirió a los Sistemas de Garantía Participativas (SGP), que ya están autorizados para el funcionamiento en varios países de América Latina y Asia, y donde Perú está bastante atrasado. Al respecto, indicó que la particularidad de los SGP es su adaptación a las condiciones del pequeño productor. Agregó que hay que tener cuidado en la propuesta del Senasa que exige requisitos que lo acercan mucho a la certificación de terceras partes (empresas certificadoras privadas) y lo hace muy complejo para los pequeños productores. “Hay que mirar las experiencias en otros países como en Chile que cuenta con un sistema de autocertificación donde su autoridad sanitaria verifica directamente”. “No podemos dejar la producción orgánica o agroecológica para el mercado local que proviene de pequeños productores en manos de un sistema que pueda tener una carga burocrática que lo va a hacer inservible”, aseveró. Dato . Perú es el séptimo país en el mundo con mayor número de productores orgánicos. Además somos el tercer país exportador de productos orgánicos en América Latina (detrás de Brasil y México).",agraria.pe/agronegocios,https://agraria.pe/noticias/productos-organicos-han-permitido-que-pequenos-agricultores--18825
2019-04-16,Manejo integrado: una necesaria disciplina para enfrentar los retos del cultivo de papa en el país y la región,"Especialistas de 11 países fueron reunidos en el local del Centro Internacional de la Papa en Lima para intercambiar experiencias y conocimientos en el cuidado del cultivo de papa, teniendo como eje la experiencia peruana.  Hay que empezar diciendo que la papa es el tercer alimento en importancia del mundo. Y es un cultivo que está enfrentando retos simultáneos: incremento de temperaturas, patrones de lluvia cada vez menos predecibles, sequías, inundaciones, granizadas, heladas y más. Todo en un contexto de lo que hoy conocemos como cambio climático. Jorge Andrade-Piedra, científico del Centro Internacional de la Papa (CIP) pone en perspectiva todos estos factores y apunta que compartir conocimiento es cada vez más importante, especialmente en lo relacionado a investigaciones de variedades del tubérculo con características resistentes a sequías, temperaturas altas, producción de semillas y enfermedades como el tizón tardío. Es por esta razón que la entidad recibió días atrás a 11 técnicos de diversos países de la región que son parte de la iniciativa de Cooperación entre Corea y América Latina para la Alimentación y la Agricultura (Kolfaci por sus siglas en inglés), quienes recibieron en un taller de manejo integrado los conocimientos que les permitirán enfrentar en sus regiones el cambio climático con alternativas como sistemas de producción de semillas, manejo de variedades, provisión de material de siembra sano, técnicas de manejo de plagas, fertilización y riego. “La base del manejo integrado es usar variedades resistentes a estreses abióticos: me refiero a las sequías, altas temperaturas; y estreses bióticos como son principalmente el tizón tardío y los virus. La base es tener una variedad que sea resistente a estos problemas. Y luego tenemos una combinación de tecnologías que ayudan a superar problemas derivados del cambio climático, sea el uso de semilla sana, certificada, y técnicas para manejo de plagas y enfermedades. Tenemos al tizón tardío como la principal enfermedad, pero también hay enfermedades de semilla que requieren manejo integrado, lo que incluye la rotación de cultivos, sanidad, zonificación de cultivos por áreas y técnicas de manejo integrado para plagas, uso de feromonas, insecticidas de baja toxicidad, una batería de tecnologías a disposición del agricultor”, explica Andrade-Piedra. En el caso peruano, el especialista reconoce que la papa se desarrolla en dos ambientes bien diferenciados. Por un lado está el agricultor de la costa que tiene acceso a mecanización, créditos, áreas más grandes y maneja técnicas sofisticadas; en tanto que en la sierra hay una agricultura de subsistencia con poco acceso a tecnología, bajo acceso al mercado y problemas sanitarios. Sin embargo, es este último sector donde se alberga una mayor diversidad, lo que los convierte prácticamente en guardianes de las papas nativas. Experiencias compartidas El “Curso de Manejo Integrado de Cultivo de Papa” que se impartió en el CIP este mes de abril desarrolló un total de nueve temas y tuvo como uno de sus objetivos prácticos el inicio de colaboraciones entre los especialistas participantes para identificar problemas comunes del cultivo de papa en sus respectivos países con la opción de desarrollar proyectos a partir de esos descubrimientos. Sandra Insuasty Córdoba, una de las asistentes al taller en Lima, apuntó que en la región de Nariño en su Colombia natal, hay similitudes con el trabajo en papa que se realiza en Perú y Ecuador. En dicha zona existen 26 mil productores de escala media y pequeña con quienes, desde Agrosavia (la Corporación colombiana de investigación agropecuaria) trabaja en la difusión de metodologías y técnicas ancestrales para el cuidado del cultivo. “La diferencia (con Perú) es en el tema de tecnología. Perú ha avanzado mucho en tecnología tanto de diagnóstico, producción de semillas, fitomejoramiento, diagnóstico de plagas y enfermedades. En Colombia, en el centro del país (donde la producción es industrial) hay mayores avances a diferencia de Nariño que queda muy lejos y no tiene un clima o ambiente que se parezca al del centro por lo que la tecnología que crean ahí no la podemos validar. Tuvimos que adoptar tecnología de Ecuador, que se asemeja más”, cuenta. Agrega que salir de su país a eventos como el del CIP le permite adquirir nuevos conocimientos, algunos ancestrales, para entregar tecnologías e ideas en su región. Destaca el trabajo de la institución en áreas como la promoción del consumo y que los Gobiernos se comprometan con el reconocimiento de la importancia de la papa, algo en lo que Perú tomó la delantera y es motivo de orgullo. Por su parte, Jury Magne Calizaya, miembro del Instituto Nacional de Innovación Agropecuaria y Forestal de Bolivia (Iniaf), comenta que en su país la agricultura en general vive realidades diferentes según se desarrolle en zonas altas y bajas. Es en las primeras, dice, donde se pueden encontrar la variedades de papas nativas y silvestres y los agricultores trabajan en superficies pequeñas con bajo rendimiento, lo que no les permite contar además con una dieta diversa. Para atender esta realidad, trabaja en investigación, capacitación y producción, coordinando con agricultores que le permitan desarrollar semillas y captar tecnologías de otros países e instituciones como el CIP para validarlas en Bolivia. “Veo que el CIP trabaja en plagas y enfermedades bastante itinerantes en campo y laboratorio; parte de mi trabajo es producir semilla de papa prebásica. Mucho de lo que se aplica aquí pensamos solicitar que se lleve allá en métodos, protocolos, plagas y enfermedades”, estima. Finalmente, Jorge Andrade-Piedra agrega que todo este trabajo tiene un correlato con la realidad de los mercados cuando se logra que establecimientos como los supermercados de Lima compren papas nativas y lleguen a un público que las consume. Un desarrollo que tiene como telón de fondo el banco de germoplasma del CIP, que es un tesoro para la institución y la humanidad, pues es el repositorio de genes con características múltiples que permiten desarrollar la investigación en el marco del cambio climático. “El CIP está siempre gustoso de colaborar con sus socios de Perú; tenemos una agenda de investigación variada, y la tecnología que producimos aquí no solo es para el Perú y Latinoamérica, sino que se usa en la India, Nepal, Kenia, Tanzania, Ásia, África. El aporte del CIP con base en Lima es a nivel global”, cierra.",agraria.pe/agronegocios,https://agraria.pe/noticias/manejo-integrado-una-necesaria-disciplina-para-18813
2019-04-15,Exportaciones peruanas de frutas y hortalizas frescas crecieron en valor 9% en el primer bimestre de 2019,"La uva ha sido el actor principal con envíos por US$ 343 millones, siendo su principal destino Estados Unidos con una participación de 47%.  En el primer bimestre del año, los despachos de las agroexportaciones peruanas sumaron US$ 1.118 millones, mostrando un incremento de 6% respecto a igual periodo de 2018, indicó la Asociación de Gremios Productores Agrarios del Perú (AGAP). Explicó que dicho incremento fue impulsado por el subsector frutas y hortalizas frescas, cuyos envíos en enero y febrero de 2019 alcanzó los US$ 662 millones, registrando un crecimiento de 9%, motivado principalmente por la productividad de los envíos de frutas frescas, que alcanzó una cifra de US$ 600 millones, superior al periodo anterior en 10%. Dentro de este subsector, la uva ha sido el actor principal con envíos por US$ 343 millones, siendo su principal destino Estados Unidos con una participación de 47%, seguido por Hong Kong con 14%, Holanda y China con 9% cada uno, México con 5% y finalmente Tailandia, España, Canadá, Rusia y Corea del Sur con 2%. El mango también tuvo un destacado desempeño durante este primer bimestre del año, con envíos por US$ 123 millones, llegando principalmente a Holanda con una participación de 34%, Estados Unidos con 12% y España con 3%. De igual manera, la exportación de arándanos continuó sumando al subsector con envíos por US$ 77 millones, siendo Estados Unidos también el mayor comprador de este producto peruano, con una participación de 72%, seguido por Holanda con 12% y Reino Unido con 10%. Cabe destacar el buen desempeño de la exportación de granada fresca, la cual superó la cifra registrada alcanzada en iguales meses del año anterior, pasando de US$ 6 millones durante 2018 a US$ 15 millones (+141%). En cuanto al subsector hortalizas frescas, el espárrago fue el principal producto exportado con US$ 45 millones, y sus principales mercados fueron Estados Unidos con una participación de 49%, Holanda con 20% y finalmente Reino Unido y España con 11% cada uno. Otros productos importantes en el subsector fueron la cebolla con exportaciones por US$ 13 millones y los ajos con US$ 3 millones. Sobre otros productos, el jengibre, por ejemplo, tuvo exportaciones por US$ 4 millones y su principal mercado de destino fue Estados Unidos (46%). El cacao en grano registró exportaciones por US$ 17 millones, llegando principalmente a Indonesia (31%), Holanda (26%), España (12%) e Italia (10%); y finalmente el café registró envíos por US$ 61 millones llegando a Estados Unidos (23%), Alemania (21%) y Bélgica (10%).",agraria.pe/agronegocios,https://agraria.pe/noticias/exportaciones-peruanas-de-frutas-y-hortalizas-frescas-crecie-18806
2019-04-12,Ica y Piura lideraron las exportaciones de uva de mesa en 2018,"Estados Unidos fue el principal mercado destino de la uva fresca peruana, mientras que Ica y Piura fueron las regiones que lideraron los envíos. Crecimiento del sector fue de 25.8% frente al 2017, según Perucámaras.  Las exportaciones peruanas de uva fresca ascendieron a US$ 816.4 millones al cierre de 2018, un monto mayor en 25.8% con respecto al año anterior, según mostró un informe del Centro de Investigación Empresarial (CIE) de Perucámaras. De acuerdo con el estudio, las regiones de Ica y Piura lideraron los envíos de uvas a nivel nacional al registrar valores de US$ 368 millones (con un crecimiento de 8.1%) y US$ 324.6 millones (50.1%), respectivamente. Más atrás se ubican Lambayeque con US$ 51.6 millones (un incremento de 35.6%), La Libertad con US$ 32.4 millones (86.2%) y Arequipa con US$ 24.8 millones (40.9%). Cabe mencionar que del total despachado de frutas como productos no tradicionales en 2018 (US$3,202.2 millones), el 25.5% correspondió a uvas frescas. Mercados El principal mercado de destino de las exportaciones nacionales de uvas fue Estados Unidos con US$ 302.5 millones, con una participación de 37% del total exportado. Le sigue Países Bajos con US$ 143.8 millones (participación de 17.6%), Hong Kong con US$ 80.1 millones (9,8%) y Reino Unido con US$ 55.6 millones (6.8%).",agraria.pe/agronegocios,https://agraria.pe/noticias/ica-y-piura-lideraron-las-exportaciones-de-uva-de-mesa-en-20-18799
2019-04-12,El potencial de la exportación de limón fresco en el mercado europeo,"Se trata de un fruto que cada vez se hace más conocido entre el consumidor del Viejo Continente, con mayores volúmenes de consumo durante su temporada de verano. Brasil y México dominan los despachos, aunque nuevos protagonistas como Perú y Colombia están apareciendo.  Las importaciones de limones frescos en el mercado europeo han crecido un 33% entre 2013 y 2017, y se espera que esta tendencia se mantenga como resultado de la popularidad que va ganando el cítrico en la preparación de alimentos y bebidas. El Centro para la Promoción de Importaciones de Países en Desarrollo – CBI, explica en un reporte que este segmento presenta oportunidades para los países que ofrezcan alternativas de provisión a las dos naciones dominantes del momento que son México y Brasil. Sin embargo, advierte, la disponibilidad del fruto a nivel mundial puede presionar los precios a la baja, por lo que el exportador debe tener en cuenta que estos valores son muchas veces impredecibles. El reporte reconoce dos variedades como las más populares y mayormente utilizadas para consumo en fresco: Persa (también conocido como Tahiti), que es popular por su naturaleza sin semilla y domina el mercado del Viejo Continente; y Key (o mexicano) que es un variedad más pequeña y sí tiene semillas, lo que lo hace menos favorecido entre el público. El CBI recomienda a los exportadores características básicas que debe cumplir el producto para ser aceptado en este exigente mercado: apariencia intacta, libre de moretones o recortes curados, sin rastro de materias extrañas, prácticamente libre de pesticidas, sin signos de encogimiento y deshidratación, sin daño causado por bajas temperaturas o congelamiento, tampoco son bien recibidos los que muestran humedad anormal externa o con olores y sabores extraños. De otra parte, sí son admitidos el uso de cera amarilla y blanca de abejas, cera de candelilla y cera de carnauba. Sin embargo, agrega, debido al incremento de uso del limón con cáscara en la preparación de cocteles y presentación de cervezas, los clientes pueden especificar sus preferencias en cuanto a la preservación del fruto y requerirlos sin uso de ceras. Además, el producto tiene que llegar en un grado de madurez adecuado, mostrando un color apropiado (mayoritariamente verde), y con un contenido de jugo de por lo menos 40% en los limones Key y 42% en los Persas. Principales mercados Las importaciones europeas de limones frescos se han incrementado de 111 mil toneladas en 2013 hasta 148 mil toneladas en 2017, originándose en su mayoría de países en desarrollo. Los únicos países desarrollados que exportan limones a Europa son Israel y Estados Unidos, aunque lo hacen en pequeñas cantidades. En territorio europeo los países que destacan como importadores de grandes volúmenes de limón de países en desarrollo son Países Bajos y Reino Unido, explica el CBI. “Países Bajos es un típico punto de entrada para la gran Europa. La mayoría de sus importaciones comprende limones sin semilla Persas, principalmente de Brasil y México. Nuevos proveedores de países en desarrollo están surgiendo, como Vietnam, Guatemala, Colombia y Perú. Por ejemplo, Vietnam incrementó sus exportaciones hacia Países Bajos de 651 toneladas en 2013 a 4,140 toneladas en 2017”, detalla. Con 110 mil toneladas, Países Bajos es el mayor importador de la región y el que más crecimiento ha registrado en los años recientes. Esto es resultado, estima el estudio, de una demanda creciente en dicho país y naciones cercanas. De hecho, en 2017, Países Bajos re-exportó 93 mil toneladas de limones, los que tuvieron como principales destinos Alemania, Francia y Reino Unido, plazas donde el consumo es alto. En Europa del Este en cambio, en países como Rumania y Bulgaria, el consumo es reducido, pero con un crecimiento sostenido, el cual depende de las re-exportaciones. Tendencias Los limones están siendo usados generalmente para dar sabor a las comidas y están ganando popularidad también en combinación con bebidas tropicales y cocteles. En tanto los consumidores se familiarizan más con el fruto, se hace evidente que su demanda se fortalece especialmente en el verano europeo. Como se anticipó, las ventas de las variedades sin semilla se están incrementando ya que encajan en el estilo fácil de exprimir y mezclar. La demanda por esta variedad es sólida en la Europa Occidental. El CBI también consideró de importancia el mercado para los limones orgánicos, ya que muchas veces se usan con cáscara en el consumo. “Por lo tanto, los limones orgánicos están más y más en demanda. Además, pueden representar una oportunidad para países proveedores más pequeños que puedan competir con los grandes volúmenes convencionales de México y Brasil. Un ejemplo reciente es el de un distribuidor holandés que empezó un proyecto de limón orgánico en Colombia en 2017”.",agraria.pe/agronegocios,https://agraria.pe/noticias/el-potencial-de-la-exportacion-de-limon-fresco-en-el-mercado-18796
2019-04-11,AgroRural instalará 1.765 cobertizos para proteger alpacas y ovinos ante heladas,"Actividad forma parte del Plan Multisectorial ante Heladas y Friaje 2019 – 2021 que llevará a cabo el Minagri.  El Programa de Desarrollo Productivo Agrario Rural (AgroRural), instalará 1.765 cobertizos en las regiones de Apurímac (50), Arequipa (530), Ayacucho (30), Cusco (525) y Puno (630), que protegerán a alpacas y ovinos ante la temporada de heladas. Los cobertizos, para lo cual se destinaron S/ 30 millones, permitirán resguardar a alrededor de 176.500 alpacas y ovinos entre adultos, madres con crías y madres gestantes, para reducir su mortandad y morbilidad. AgroRural señalo que el área total construida será de aproximadamente 128.96 m2 y que además contará con una plataforma de concreto para facilitar la esquila y el manejo ganadero. Los cobertizos tienen una durabilidad promedio entre 25 a 30 años. “Con esta intervención sostenible y de entrega directa a los beneficiarios altoandinos, se prevé proteger al ganado reduciendo su vulnerabilidad”, señaló la entidad. Agregó que esta actividad forma parte de las acciones que llevará a cabo el Ministerio de Agricultura y Riego (Minagri) en el marco del Plan Multisectorial ante Heladas y Friaje 2019 – 2021, el cual se coordina de manera articulada con los gobiernos regionales, locales y comunales.",agraria.pe/agronegocios,https://agraria.pe/noticias/agrorural-instalara-1765-cobertizos-para-proteger-alpacas-y--18786
2019-04-10,Terrenos agrícolas en costa superan los US$ 70 mil por hectárea,"Asimismo, terrenos agrícolas cercanos a proyectos mineros se valorizan entre US$ 60.000 a US$ 80.000 la hectárea.  El valor de los terrenos agrícolas se incrementa debido a un componente de agroexportación, indicó la expresidente de Conveagro, Lucila Quintana, quien señaló que en tierras próximas a proyectos de irrigación se encuentran precios que superan los US$ 70.000 por hectárea, como en los casos de Chavimochic, Olmos (Lambayeque), o MajesSiguas II (Arequipa). Manifestó que en centros agrícolas como Monsefú y Reque (Lambayeque), la hectárea se cotiza en S/ 280.000, considerando que son centros agrícolas y hay una proyección de que en cinco años comenzará la urbanización en la zona. En Olmos, dijo no hay terrenos inferiores a US$ 50.000 o US$ 60.000 la hectárea. Una fortaleza para su valor a futuro es la próxima construcción de terminales portuarios como el puerto Eten, así como conexiones con Paita y otros terminales en el norte. Mientras que terrenos en Cajamarca tienen precios de entre S/ 20.000 a S/ 30.000 la hectárea, siendo zonas donde se cultivan productos de panllevar y no hay mayor condición productiva. Hectáreas cercanas a proyectos mineros En otro momento, la expresidente de Conveagro, indicó que terrenos agrícolas cercanos a proyectos mineros se valorizan entre US$ 60.000 a US$ 80.000 la hectárea, ya que estas tierras se venden “como una oportunidad de explotación minera y se presume que, si se hace el estudio de impacto ambiental, se comprará más terreno”. Asimismo, señaló que el mayor precio de venta de estas tierras responde a la presunción de que en estas zonas se puede encontrar más mineral a ser explotado en el futuro. “Se paga un justiprecio para que se venda a la mejor minera”, anotó. En ocasiones, dijo, la alternativa para la adquisición de tierras es efectuar negociaciones por parte de las empresas mineras con las comunidades. No obstante, en el caso de terrenos próximos a minas ya en operación (como, por ejemplo, Las Bambas) el valor de la hectárea puede llegar a entre US$ 10.000 a US$ 12.000. “Las personas no quieren comprar por el tema de la contaminación, el conflicto social por parte de las comunidades, por el aspecto de los impactos ambientales. Se debe considerar, además, el grado de erosión de los suelos y el impacto de los metales”, explicó Quintana. Consideró, además, que en ocasiones el valor de este tipo de espacios es un 30% de lo que se vende en la costa. Señaló que pese al tema de los fertilizantes el suelo presenta niveles de erosión y bajo nivel de nutrientes. Fuente: Gestión",agraria.pe/agronegocios,https://agraria.pe/noticias/terrenos-agricolas-en-costa-superan-los-us-70-mil-por-hectar-18782
2019-04-10,“Quizá la agricultura familiar está más preparada para el cambio climático que la agricultura capitalista”,"Especialista en agroecología dijo que los monocultivos acarreaban muchos costos no solo económicos sino en cuanto efectos en la salud por el uso de agroquímicos.  ¿Es la agroecología un sistema viable para los agricultores? Marc Dufumier, profesor emérito en AgroParis Tech y especialista en el tema, considera que se trata de una tarea imperativa. Desde su perspectiva, el objeto de trabajo de los agricultores no es solo la tierra, los cultivos y el rebaño, sino todo un ecosistema en el que suceden una gran cantidad de interacciones entre el suelo, clima, los seres vegetales y animales. “Para el productor es importante entender la complejidad de estos agroecosistemas, y también para los consumidores”, afirmó. Durante su alocución en el foro “Políticas públicas para promover la agroecología” organizado por Conveagro, el experto francés dejó en claro que no le agrada el concepto de la “agricultura capitalista” que, desde su punto de vista, incurre en muchos costos para la producción, así como el uso de insumos químicos para lograr un rendimiento bruto atractivo. “La única agricultura que permite maximizar la tasa de lucro con retorno de capital es el monocultivo. Compro máquinas, una cosechadora automotriz y hay que rentabilizar ese equipamiento sobre la mayor superficie posible”, detalló. Explicó que ese esquema puede resultar rentable pero ofrece poca resiliencia y genera externalidades negativas para la salud a través de costos ambientales. Puso como ejemplo que un monocultivo suele ser un sistema muy frágil y propenso a la invasión de plagas y enfermedades, por lo que tiene que echar mano de más y más pesticidas conforme se van desarrollando resistencias. En cambio, Dufumier estimó que la agricultura familiar puede entrar en ritmos de diversificación de cultivos con escalonamiento de los periodos de trabajo durante el año, sin necesidad de especializarse demasiado y con sistemas de producción más resilientes ante una panorama tan actual como es el del calentamiento global. “La agricultura familiar, diversificando sus actividades en un predio es incluso más resiliente frente a un caso climático extremo. Puede tener algunas pérdidas, pero no perderlo todo…quizá la agricultura familiar está más preparada para adaptarse a esto que la agricultura capitalista”. En ese sentido, recordó que el tema del calentamiento global se venía avisando desde hace 30 años por lo menos y que los gobiernos no tomaron medidas preventivas entonces, lo que ha derivado en que hoy sea una peligrosa realidad irreversible.",agraria.pe/agronegocios,https://agraria.pe/noticias/quiza-la-agricultura-familiar-esta-mas-preparada-para-el-cam-18779
2019-04-09,"Mejoran producción de panela orgánica en valles interandinos de Piura, Lambayeque y Cajamarca","Con tecnología se logra rendimientos superiores a 150 toneladas de caña por hectárea, obteniéndose más de 15 toneladas de panela orgánica de exportación.  Más de mil productores agrarios de caña de azúcar para panela orgánica granulada de los valles interandinos de las regiones de Piura, Lambayeque, Cajamarca y La Libertad, podrán mejorar los niveles de producción y productividad de sus cultivos, a través de la adopción de nuevas técnicas de manejo agronómico promovidas por el Instituto Nacional de Innovación Agraria (INIA). Los productores de las comunidades de La Victoria (Piura), La Succha Alta (Lambayeque) y San Martín (Cajamarca) han comprobado que pueden obtener una mayor rentabilidad económica con la introducción de nuevas variedades de caña y aplicando técnicas de manejo como el sistema de siembra en surcos a curvas de nivel, la fertilización orgánica y el control biológico. Sin intervención técnica el productor obtiene en promedio un ingreso neto de S/ 3.000 por hectárea. Con el sistema de siembra y producción propuesto por el INIA, el ingreso es superior a S/ 15.000 por hectárea y en menor tiempo. Con la tecnología del INIA se han logrado rendimientos superiores a 150 toneladas de caña por hectárea, obteniéndose más de 15 toneladas de panela orgánica de exportación. Mientras que con el sistema tradicional y uso de la variedad criolla, la producción alcanza 50 toneladas de caña y 5 toneladas de panela orgánica. Además se logró reducir el tiempo de producción de 24 meses a tan solo 18 meses, tanto para caña planta como para caña soca, resultado del rebrote del cultivo. Alternativa tecnológica El investigador en caña de azúcar del INIA, Ing. Asdrubal Ruesta Campoverde señaló que para obtener estos resultados se ha incorporado diversas técnicas agrarias para el manejo del cultivo, una de ellas es el uso del “Agro-nivel” para el diseño y trazado de surcos en curvas de nivel, que evitan la erosión y permite el mejor aprovechamiento del agua y la conservación de los nutrientes del suelo. Además, para fortalecer las capacidades de producción orgánica y sostenible de los cañicultores se ha promovido la técnica de labranza mínima, la cual respeta las condiciones naturales del suelo, pues solo se ara el surco donde se sembrará la caña. Otro punto importante es la fertilización orgánica, haciendo uso de abonos como el guano de las islas, roca fosfórica, compost y humus de lombriz. “Estos insumos proveen de nitrógeno, fósforo, potasio, calcio, entre otros nutrientes, que contribuyen en la obtención de un alto rendimiento de caña y panela por hectárea”, mencionó el investigador del INIA. De igual manera, se ha promovido el uso de biocontroladores como avispas Trichogramma spp. y las moscas Billaea claripalpis, las cuales son de gran utilidad para mitigar la presencia del cañero, principal plaga en los valles interandinos, que logra mermar hasta en un 30% la producción. “Con la utilización del control biológico se ha logrado reducir esta cifra a 5%”, apuntó Ruesta Campoverde. Esta nueva propuesta tecnológica se desarrolló en el marco del proyecto ""Validación técnica económica de variedades promisorias de caña de azúcar de alto potencial de rendimiento de caña, azúcar y panela para las regiones de Lambayeque, La Libertad, Piura y Cajamarca"", ejecutado a través del Programa Nacional de Cultivos Agroindustriales y de Agroexportación del INIA, con fondos del Programa Nacional de Innovación Agraria.",agraria.pe/agronegocios,https://agraria.pe/noticias/mejoran-produccion-de-panela-organica-en-valles-interandinos-18774
2019-04-05,Se establecerían vuelos regulares para carga de agroexportación peruana hacia China,"Luego del primer envío en 2016 de arándanos peruanos por vía aérea, este tipo de flujo no se mantuvo, por lo que se espera retomarlo de manera continua.  El 21 de noviembre de 2016, luego de obtener los respectivos protocolos fitosanitarios, Perú despachó sus primeros cargamentos de arándanos a China por vía aérea. Parecía el inicio de un flujo regular de envíos que sin embargo no se sostuvo en dicho formato. Consultado al respecto, Edgar Vásquez, ministro de Comercio Exterior y Turismo, explicó que China Eastern, la aerolínea que se encargó de aquel primer viaje chárter de los arándanos nacionales, ha anunciado su intención de establecer vuelos regulares hacia nuestro país desde este año, lo que implica solucionar primero algunos escollos logísticos. “Seguimos trabajando, es un gran reto porque la distancia entre China y el Perú requiere la posibilidad de ir con escalas. Entonces la logística es compleja, pero estamos trabajando para que finalmente una aerolínea china pueda venir de una manera que pueda asegurar constantemente el transporte de nuestros productos hacia dicho mercado”, detalló.",agraria.pe/agronegocios,https://agraria.pe/noticias/se-establecerian-vuelos-regulares-para-carga-de-agroexportac-18749
2019-04-04,Stevia One planea operar planta procesadora en los próximos meses,"La empresa compró entre 150 y 200 hectáreas en Sullana y espera tener cerca de 500 hectáreas para sembrar el edulcorante natural.  La empresa Stevia One, de capitales belgas, planea empezar a operar la planta procesadora de stevia más grande del mundo en los próximos meses. La planta, que se instaló en Paita (Piura), generó una inversión de US$ 40 millones, y tiene una capacidad de procesamiento de 25 toneladas de hoja seca por día. En Piura, la firma no solo proyecta procesar stevia, sino también sembrar y cultivar dicho producto, para ello ha comprado entre 150 y 200 hectáreas en Sullana y espera tener cerca de 500 hectáreas para sembrar este edulcorante natural.",agraria.pe/agronegocios,https://agraria.pe/noticias/stevia-one-planea-operar-planta-procesadora-en-los-proximos--18744
2019-04-01,Instalan 800 cobertizos para prevenir mortalidad de ganado por heladas,"Apoyo de empresa Minsur en infraestructura agropecuaria bordea los S/ 3 millones.  Un total de 800 cobertizos fueron instalados en los distritos puneños de Antauta y Ajoyani, en las provincias de Melgar y Carabaya, respectivamente, con la finalidad de proteger al ganado y contrarrestar los efectos que pudieran provocar las bajas temperaturas y heladas que afectan ambas jurisdicciones que se ubican sobre los 4 mil metros de altura. Los trabajos de construcción estuvieron a cargo de la empresa minera Minsur, como parte de su programa de responsabilidad social y apoyo a dichas poblaciones, para reducir la mortalidad de animales en esta época del año. Durante 2018 el apoyo en infraestructura agropecuaria llegó a cerca de S/ 3 millones, según el reporte de inversión social de la Unidad Minera San Rafael. Ello se logró como parte de los acuerdos adoptados en las mesas de desarrollo de las tres cuencas de Antauta y Ajoyani. El informe también indica que se invirtió en la adquisición y mantenimiento de tractores, campañas de sanidad animal y la implementación de infraestructura de riego, entre otros componentes. Este conjunto de iniciativas permite que Antauta, Ajoyani y la Comunidad Campesina Queracucho puedan contar con una ganadería más competitiva y protegida durante las épocas de las heladas. De acuerdo a informes de la Asociación DESCO, la mortalidad de ganado en dichas zonas se ha reducido notoriamente. Así, hasta diciembre del año pasado, se instalaron 301 cobertizos en la localidad de Carabaína (Macusani), 145 en Larimayo y otros 68 en San Juan. Mientras que en la cuenca de Antauta se construyeron 287 cobertizos, además de 18 invernaderos para cultivos de hortalizas. Dato . Minsur está considerado como el tercer productor de estaño a nivel mundial y el mayor proveedor de este mineral en el hemisferio occidental.",agraria.pe/agronegocios,https://agraria.pe/noticias/instalan-800-cobertizos-para-prevenir-mortalidad-de-ganado-p-18716
2019-04-01,“Nuestra agroexportacón se ha desarrollado en la costa peruana y tenemos el reto de extenderla con agresividad incorporando a la sierra y selva”,"El año anterior fueron más de 2.100 empresas agroexportadoras las que lograron colocar más de 500 tipos de productos en 142 mercados internacionales.  La agroindustria está consolidada como la segunda principal actividad generadora de divisas de Perú (después de la minería y antes del turismo), indicó el titular del Ministerio de Comercio Exterior y Turismo (Mincetur), Edgar Vásquez. Destacó que el agro y la agroexportación representan casi el 3% del Producto Bruto Interno del Perú (PBI), mostrando la relevancia de lo que significa la agricultura moderna peruana en la actualidad. “Es importante cómo esta agroexportación nos ha posicionado en el mundo, pero además está generando el orgullo nacional ya que nuestro país es un importante abastecedor de alimentos saludables, orgánicos, sostenibles y responsables socioambientalmente”, sostuvo. Resaltó que la agroexportación peruana es un modelo que no solamente es estudiado en el mundo sino que, debido a los buenos resultados obtenidos, se puede pensar en extenderse a otras actividades de manera tal que pueda impactar positivamente en la economía nacional. Edgar Vásquez dijo que en 2018 fueron 25 regiones del país las que exportaron productos del sector agropecuario. Además, dijo que desde el Mincetur, en trabajo conjunto con los empresarios, se trabajó en la elaboración de los planes regionales de exportación. “El año anterior fueron más de 2.100 empresas agroexportadoras que lograron colocar más de 500 tipos de productos del sector agropecuario, de los cuales 208 alcanzaron récord histórico. Asimismo, fueron 142 mercados a donde destinamos dichos productos”, comentó. El titular del Mincetur resaltó que Perú es un líder global en la agroexportación, ubicándose en el “top ten” de la exportación global en varios productos (primer exportador de espárragos y quinua; segundo exportador de arándanos, paltas y mandarinas; tercer proveedor mundial en uvas y páprika; cuartos en palmitos; quinto en aceituna en conservas; entre otros). “Tenemos grandes ventajas para ser un proveedor global de alimentos saludables, sostenibles, amigables con el medio ambiente, con responsabilidad social, que atiende las preocupaciones actuales de los mercados; ya no solo se necesita que el producto sea bueno, bonito y a buen precio, sino se necesita que sea un producto que en su proceso de producción incorpora elementos como el respeto de los derechos laborales, el respeto a la igualdad de oportunidades en las mujeres, la no utilización de mano obra de niños o esclavitud, entre otros”, señaló. El ministro manifestó que a pesar de este buen presente de la agroexportación peruana no debemos dormirnos ya que aún hay mucho por hacer. “Nuestra agroexportacón se ha desarrollado en la costa peruana y tenemos el gran reto de extenderla con agresividad incorporando a las poblaciones de la sierra y selva. No tengo dudas que en la Amazonía está la reserva alimentaria y de medicinas del futuro de la humanidad y es ahí donde tenemos que poner nuestros esfuerzos”. Agregó que otro reto que tiene nuestro país es mitigar los efectos del cambio climático, para ello se debe introducir todo lo que la tecnología actual nos permite para hacer un mejor aprovechamiento de los recursos hídricos que existen.",agraria.pe/agronegocios,https://agraria.pe/noticias/nuestra-agroexportacon-se-ha-desarrollado-en-la--18712
2019-03-29,"Entre los sectores exportadores, la mayor generadora de empleo en el país es la agroexportación","Además es el segundo sector generador de divisas para el Perú.  El sector agroexportador es el primer sector exportador generador de empleo y el segundo sector generador de divisas para el país, destacó el presidente de la Asociación de Exportadores (ADEX), Juan Varilias Velásquez. Indicó que estos logros se deben a la apertura comercial que inició nuestro país hace 20 años, y que hoy se traduce en que el 90% de los envíos agrarios de Perú se dirigen a países con los que cuales hemos tenido o tenemos acuerdos comerciales vigentes. Señaló que otro factor que provocó estos magnificados resultados fue la apuesta por la diversificación tanto de productos como de regiones productoras. Explicó que hace 20 años era imposible imaginar envíos de arándanos, mangos, uvas, jugos, galletas, snacks en base a sacha inchi, bebidas de maca, pasta de ají, entre otros; todos estos productos son cultivados y procesados en Perú que apostó los la diversificación, la innovación y el desarrollo agroindustrial. Además, destacó que en este proceso se incluyó a regiones alejadas de Lima como Cusco, San Martín, Cajamarca, Áncash, Puno, adicionales a las regiones de la costa que ya tenían una agroindustria. “En estos 20 años (en el 2000 se implementó la Ley de Promoción Agraria) hemos demostrado que la agoexportación promueve más empleo y formalidad. Son más de 300 mil empleos formales registrados (con una importante participación de mujeres), de esta manera se ha generado una mayor calidad de vida para los productores agrarios”, sostuvo. Agregó que el sector agroexportador puede lograr que más de 85 mil personas salgan de la pobreza, por es fundamental el diálogo continuo entre el sector privado con el Ejecutivo y el Congreso, para promover leyes y normativas que apoyen el desarrollo del agroexportador. Juan Varilias manifestó que para seguir celebrando logros como los mencionados es muy importante el mantenimiento y la extensión de la vigencia de la Ley de Promoción Agraria (Ley N° 27360) así como la rápida implementación del Plan Nacional de Competitividad y Formalización que ayudará a la obtención de un nivel de competitividad importante.",agraria.pe/agronegocios,https://agraria.pe/noticias/entre-los-sectores-exportadores-la-mayor-generador-18704
2019-03-27,Los productos agrícolas van a escasear en Costa Rica,"La falta de lluvias va a afectar la producción en un contexto en que hay pocas reservas de algunos alimentos.  A pesar de que el fenómeno del Niño no será tan fuerte como se esperaba en un principio, este siempre afectará a muchos productos agrícolas, lo cual tocará el bolsillo de la gente pues debido a la escasez sus precios aumentarán. Lo anterior fue confirmado por Álvaro Sáenz, vocero de la Cámara Nacional de Agricultura y Agroindustria (CNAA), quien comentó que lamentablemente la gente suele pensar que el efecto de la lluvia es inmediato en los cultivos, pero no es así. “Cuando empiece a llover mucha gente va a decir: ‘ya nos salvamos’, pero no es así. La lluvia que no hemos tenido desde octubre, en zonas donde debía estar lloviendo, es la que generará la escasez porque la cosecha se da meses después”, dijo Sáenz. Según Sáenz se verán muy afectados los cultivos de la papa, la cebolla, el tomate, el apio, el culantro y el repollo, entre otros. “Además, las reservas de arroz están bajas. Hay escasez de arroz y frijoles por la pérdida de la cosecha de Upala y por otro lado habrá una disminución de leche porque los pastos son cultivos y sin lluvia se secan y no se produce leche”, dijo. Por si fuera poco, la falta de lluvia genera la proliferación de plagas, que los agricultores no les pueden hacer frente porque no tienen los insumos necesarios. “Estamos paralizados por la histeria ambientalista, que no nos permite tener agroquímicos de nueva generación. Otros países de la región son afectador por el Niño, pero sí pueden usar los agroquímicos”, comentó. Por esa razón, según él, los insectos se incrementan por el calor, como la mosca blanca que ataca la cosecha de chile dulce. No obstante, los agricultores no pueden combatirla por no poder usar agroquímicos. “Por si fuera poco, el abono necesita agua y si no llueve tendremos plantas más débiles por lo que estarán más expuestas a las enfermedades porque con el calor también hay más virus y bacterias, aunque realmente, menos hongos”, dijo. Fuente: lateja.cr",agraria.pe/agronegocios,https://agraria.pe/noticias/los-productos-agricolas-van-a-escasear-en-costa-rica-18695
2019-03-27,Envíos agropecuarios de macrorregión norte crecieron 24.4% en 2018,"Sector agrario registró la mayor participación dentro de la estructura exportadora no tradicional de esta parte del país (66.1%).  En 2018 las exportaciones agropecuarias de la macrorregión norte (Tumbes, Piura, Lambayeque, La Libertad y Cajamarca) sumaron US$ 2.601.7 millones, mostrando un incremento de 24.4% respecto a 2017. Así lo indicó un informe del Centro de Investigación Empresarial (CIE) de la Cámara Nacional de Comercio, Producción, Turismo y Servicios (Perúcamaras), quien agrega que dicho sector registró la mayor participación dentro de la estructura exportadora no tradicional de esta parte del país (66.1%). Los principales productos del sector exportados fueron los arándanos rojos que alcanzaron los US$ 473.8 millones (con un crecimiento de 46.5%) y las uvas por US$ 408.6 millones (50.4% de incremento). Les siguen las paltas con US$ 365.6 millones (+14,4%) y los mangos con US$ 206.7 millones (+38,1%). En las regiones de Lambayeque y Piura, los envíos agropecuarios registraron el mayor peso en el valor total exportado. Por su parte, los envíos del sector pesquero crecieron 36.4% (907.2 millones de dólares). Este sector registró el mayor peso en el valor total exportado de la región de Tumbes. Con respecto a las exportaciones totales de productos no tradicionales, registraron US$ 3.936.6 millones, equivalente a un crecimiento de 27% con relación a 2017. Estos productos explicaron el 51.3% del total despachado por esta macrorregión. Por su parte, las exportaciones totales (tradicionales y no tradicionales) de la macrorregión norte ascendieron a US$ 7.676.5 millones en 2018, registrando un crecimiento de 8.7% con respecto a 2017.",agraria.pe/agronegocios,https://agraria.pe/noticias/envios-agropecuarios-de-macrorregion-norte-crecieron-244-en--18692
2019-03-26,Alto Piura retomaría en septiembre subasta para nuevo operador,"En mayo está prevista la apertura de entradas al túnel de trasvase, a fin de hacer la valorización de activos.  Representantes del proyecto de irrigación Alto Piura (Peihap) revelaron que para setiembre próximo se iniciará el proceso de licitación para contratar al nuevo operador encargado de hacer el túnel de trasvase, ubicado en Huancabamba (Piura). El gerente general de la entidad, Reynaldo Almestar Saavedra, señaló que en las últimas semanas, el Peihap comprobó que solo se tiene avanzado un 19% de obras en este túnel, y que a la fecha, las dos entradas (Sondorillo y Huarmaca) se encuentran bloqueadas por mallas. El Peihap está en coordinación con el consorcio Obrainsa-Astaldi para que se realice la apertura de entrada y la valorización de obra, paso esencial para una nueva convocatoria. El plazo para esta apertura está previsto para los primeros días de mayo. Situación actual Por lo pronto, los ingresos a las zonas del túnel de trasvase se encuentran inundados por la filtración de las lluvias, carecen de ventilación y luz eléctrica, anotaron. El Peihap refiere que el valor del túnel de trasvase, que comprende el primer componente de todo el proyecto de irrigación, se calcula en S/ 474 millones. A la fecha, solo se han llegado a perforar unos 1,353 metros de entrada y otros 854 metros de la zona de salida. Demás componentes La realización de trabajos en el túnel de trasvase condiciona la realización de los otros componentes que comprende el proyecto Alto Piura, como son la construcción de generadores eléctricos y la habilitación de tierras cultivables. Según el Peihap el presupuesto de este año se estima en S/ 156 millones, de los cuales S/ 120 millones (un 70%) corresponden al primer componente de trabajo. El proyecto tiene como objetivo trasvasar un volumen de 335 millones de metros cúbicos de agua del río Huancabamba para ser aprovechados en el riego del Alto Piura, a fin de aumentar los niveles de productividad agrícola, así como en la generación de 300 megavatios de potencia instalada. Dato . El túnel de trasvase de Alto Piura se paralizó en agosto del 2018 debido a dificultades del consorcio Obrainsa Astaldi de continuar con las obras ante falta de presupuesto para seguir con las perforaciones. Fuente: Gestión",agraria.pe/agronegocios,https://agraria.pe/noticias/alto-piura-retomaria-en-septiembre-subasta-para-nuevo-operad-18684
2019-03-26,La Positiva busca crear nuevas pólizas para el sector agroexportador,"La compañía creció 77% en seguros de muerte de planta.  La compañía aseguradora La Positiva busca crear nuevas pólizas este año para el sector agroexportador, informó la gerente adjunta de seguros agrarios de la firma, Lourdes del Carpio. Según la ejecutiva, el disparador de la demanda de este tipo de pólizas fue el fenómeno El Niño (FEN) costero del verano de 2017, que en el norte afectó sobre todo plantaciones de uva (la producción cayó 10% en esa zona). En efecto, ese año las primas del seguro de muerte de planta -el único que ofrece al sector hasta ahora contra inundaciones- ascendieron a US$ 142 mil con indemnizaciones por US$ 2 millones. En 2018, las ventas de esta póliza crecieron 77%. “Se ha cobrado conciencia de la exposición a este riesgo”, comenta. En ese contexto, indica que la meta es estructurar seguros a medida multianuales orientados a cubrir tres frentes: la cadena productiva afectada por riesgos climáticos que deviene en incumplimientos de programas; la calidad, que puede incidir en una merma del retorno del negocio; y el precio. “A veces por el clima, se retrasa la cosecha y no alcanza el precio esperado”, indica al respecto. Según Del Carpio, este año trabajarán con técnicos de las empresas agroexportadoras en el diseño de los seguros, con miras a comercializarlos en 2020. Fuente: Día 1 de El Comercio",agraria.pe/agronegocios,https://agraria.pe/noticias/la-positiva-busca-crear-nuevas-polizas-para-el-sector-agroex-18683
2019-03-26,Alonso Segura: La migración rural estacional para agroexportación está siendo ocupada por mano de obra venezolana,"Este fenómeno estaría generando un mayor impacto en la pobreza y pobreza extrema en la sierra, explicó.  El ex ministro de Economía y Finanzas, Alonso Segura, analizó el impacto en diversos sectores económicos nacionales del ingreso de los más de 800.000 ciudadanos venezolanos en los últimos dos años. Durante su ponencia en el Conversatorio Económico BanBif: Crecimiento, tendencias y oportunidades de la economía local e internacional, estimó que este fenómeno estaría generando efectos de desplazamiento sobre grupos humanos locales. Para ejemplificar, explicó que la migración rural estacional para las épocas de siembra y cosecha en la agroexportación, está siendo ocupada por mano de obra venezolana. Ello podría generar un mayor impacto en la pobreza y pobreza extrema en la sierra. “Vamos a ver qué va a pasar cuando salga la data de pobreza y pobreza extrema del INEI del año 2018. En el 2017 recuerden que la pobreza extrema creció por primera vez en 15 años y la pobreza extrema también. Vamos a ver qué ocurre porque esto sí tiene incidencia”, sostuvo. Luego, refiriéndose a la productividad, Segura indicó que mayores ingresos o flujos de mano de obra elevan la productividad, especialmente si se trata de mano calificada. Pero para que ello ocurra debe incorporarse dicha mano de obra productiva a la economía. Criticó también que aunque la economía peruana es más flexible que otros países, dicha flexibilidad no se debe al sector formal sino al informal, el cual es tan grande que “al final todos encuentran cómo ganarse la vida con trabajos de muy baja productividad”. Fuente: elcomercio.pe",agraria.pe/agronegocios,https://agraria.pe/noticias/alonso-segura-la-migracion-rural-estacional-para-agroexporta-18682
2019-03-26,FONDECYT ejecutó 156 proyectos en el sector agrario en los últimos seis años,"El cultivo con mayor número de proyectos financiado es el café con 203 iniciativas. Le siguen el cacao, papa y quinua.  De2013 a la fecha, el Fondo Nacional de Desarrollo Científico, Tecnológico y de Innovación Tecnológica (FONDECYT) ha trabajado 156 proyectos relacionados al sector agrario en 23 regiones del Perú. Así lo indicó el supervisor técnico de FONDECYT, Rolando Cruzado, quien señaló que para el desarrollo de estos proyectos agrarios (que no incluyen el sector silvicultura, pecuario, acuícola y pesca) la inversión ascendió a S/ 71.027.777. Detalló que dicho financiamiento fue asumido por entidades internacionales y nacionales como el Banco Mundial que contribuyó con S/ 20.812.612, CDTI España con S/ 854.978, FOMITEC con S/ 11.792.465, FONDECYT con S/ 32.980.287, MINEDU con S/ 4.587.435. Agregó que el cultivo con mayor número de proyectos financiados es el café con 203 proyectos (11 proyectos financiados por FONDECYT, 115 proyectos financiados por el PNIA y 77 proyectos financiados por Innóvate Perú). Le sigue el cacao con 128 proyectos financiados (8 proyectos financiados por FONDECYT, 45 proyectos financiados por el PNIA y 75 proyectos financiados por Innóvate Perú), la papa con 54 proyectos (3 por FONDECYT, 32 por el PNIA y 19 por Innóvate Perú), y quinua con 50 proyectos financiados (6 por FONDECYT, 124 por el PNIA y 20 por Innóvate Perú). Datos . Rolando Cruzado dijo que de los 156 proyectos que trabajaron en el sector agrario, en el 2013 se desarrollaron 11, en el 2014 fueron 10 proyectos, en el 2015 fueron 43, en el 2016 fueron 12, en el 2017 fueron 5 y en el 2018 fueron 75 proyectos. . FONDECYT es la unidad ejecutora del Consejo Nacional de Ciencia, Tecnología e Innovación Tecnológica (CONCYTEC), creado para gestionar y canalizar fondos que se puedan destinar a lograr que la ciencia resuelva los problemas productivos y sociales del país.",agraria.pe/agronegocios,https://agraria.pe/noticias/fondecyt-ejecuto-156-proyectos-en-el-sector-agrario-en-los-u-18679
2019-03-22,Norandino busca incrementar producción de panela en Bagua,"La panela ha cambiado la realidad del distrito de Montero en Ayabaca, donde la población depende básicamente de este producto.  El año pasado, la Cooperativa Agraria Norandino, invirtió US$ 400 mil para ampliar el cultivo de azúcar y la infraestructura para producir panela en Piura y de esa manera poder atender la alta demanda del mercado Europeo por dicho producto. Así lo indicó el gerente comercial de dicha cooperativa, Santiago Paz López, quien dijo que este año su representada busca incrementar la producción de panela en Bagua (Amazonas), para lo cual realizarán una nueva inversión ya que el objetivo es tener una mayor oferta de panela. “El mercado nos pide más panela pero el crecimiento es complicado porque se trata de pequeños agricultores que no tienen apoyo y este crecimiento en la producción se realiza con los propios recursos de la cooperativa Norandino”, sostuvo. Indicó que sería interesante que el Gobierno pueda invertir en este producto, ya que se puede ver en Piura que la panela ha cambiado la realidad de todo un territorio. “En todo el distrito de Montero (provincia de Ayabaca) la economía de la población ahora depende básicamente de la panela”. Santiago Paz, señaló que actualmente la oferta de panela de Norandino asciende a 1.900 toneladas, de las cuales el 80% se destina a Italia y el resto a Francia. Añadió que la cooperativa cuenta con 600 asociados que se dedican a la producción de panela, quienes cuentan con 900 hectáreas de caña de azúcar en Piura, Cajamarca y Amazonas.",agraria.pe/agronegocios,https://agraria.pe/noticias/norandino-busca-incrementar-produccion-de-panela-en-bagua-18658
2019-03-22,Minagri instalará 1.765 cobertizos para proteger ovinos y alpacas ante impacto de heladas,"Intervención se realizará en las regiones de Apurímac, Arequipa, Ayacucho, Cusco y Puno.  El Ministerio de Agricultura y Riego (Minagri) destinará S/ 30 millones para la implementación de 1.765 cobertizos para el resguardo de ovinos y/o alpacas a fin de mitigar el impacto generado por las temporadas de heladas. Dicha intervención se realizará en 51 distritos de las regiones de Apurímac, Arequipa, Ayacucho, Cusco y Puno; para ello se coordinará con la Dirección General de Ganadería de dichas regiones. “A través de las direcciones zonales de Agro Rural, se implementarán 50 cobertizos en Apurímac, 530 en Arequipa, 30 en Ayacucho, 525 en Cusco y 630 en Puno”, sostuvo la directora ejecutiva de Agro Rural, Ing. Jacqueline Quintana Flores. Agregó que también que se contará con el apoyo de las autoridades regionales, locales y comunidades campesinas, lo que “nos permitirá fortalecer esta intervención en beneficio de los productores locales a través de un trabajo articulado”. Por su parte, el director de la Dirección General de Ganadería (DGGA) del Minagri, Christian Barrantes, señaló que los criadores beneficiados serán aquellos que vivan en zonas de temperaturas extremas y con un tamaño de rebaño de alrededor de 100 alpacas u ovinos. Dato . La actividad forma parte de un conjunto de acciones que ejecutará el Minagri a través de sus direcciones de línea, organismos públicos descentralizados y programas en el marco del Plan Multisectorial ante Heladas y Friaje 2019 – 2021.",agraria.pe/agronegocios,https://agraria.pe/noticias/minagri-instalara-1765-cobertizos-para-proteger-18657
2019-03-20,Exportaciones de aceite de limón llegan a US$ 1.5 millones durante el primer bimestre,"Reino Unido fue el principal destino de estos despachos peruanos.  Entre enero y febrero del presente año, Perú exportó 54.437 kilos de aceite de limón por un valor FOB de US$ 1.500.833. De acuerdo al portal Agrodata Perú, el principal destino de estos envíos fue Reino Unido, donde se lograron colocaciones por US$ 889.000. A este le siguieron México con US$ 412.000 y Países Bajos con US$ 200.000. Fueron tres las empresas que se encargaron de estos despachos: Agroindustrias AIB SA con ventas por US$ 673.000, Aceites Esenciales del Perú SA con US$ 416.000 y Limones Piuranos SAC con US$ 412.000.",agraria.pe/agronegocios,https://agraria.pe/noticias/exportaciones-de-aceite-de-limon-llegan-a-us-15-millones-dur-18643
2019-03-20,La agricultura familiar es el actor principal para reconstruir la agricultura del país,"La agricultura familiar está llamada a cumplir un papel mucho más importante del que cumple hasta este momento, por lo que es necesario que sus organizaciones representativas sean proactivas en responder a desafíos como el cambio climático, inseguridad alimentaria, deterioro de recursos naturales, entre otros.  El proceso de reconstrucción por el que atraviesa nuestro país debe entenderse no solo como “reconstruir lo que fue destruido por efecto del Niño Costero, sino porque el agro peruano necesita ser reconstruido, y la agricultura familiar es el actor principal para esta reconstrucción de la agricultura del país en su conjunto”. Así lo indicó el representante del Centro Peruano de Estudios Sociales (Cepes), Fernando Eguren, quien resaltó que en el contexto mundial actual se ha puesto en los primeros lugares de las agendas de cada país algunos temas que antes no estaban presentes como cambio climático, inseguridad alimentaria, deterioro de los recursos naturales, calentamiento global, entre otros. “Estos temas son hoy en día el marco general al interior del cual tienen que definirse las políticas de todos los países. Hace algunos años no eran temas que estaban en los primeros lugares y las políticas podían inhibirse, hoy eso no es posible; sin embargo en el caso de Perú no se está siguiendo esos cambios que son necesarios”, sostuvo. Al respecto, dijo que la agricultura familiar tiene un papel muy importante y es la mejor dotada para enfrentar y adecuarse al cambio climático. “La agricultura familiar es un tratamiento mucho más amigable con la naturaleza debido a la poca emisión de carbono que emite y que es la fuente del cambio climático. Además hay que recordar que la agricultura familiar es uno de los principales grupos humanos que produce alimentos”, comentó. En ese sentido, dijo que es necesario que las organizaciones representativas de la agricultura familiar sean más proactivas en presentarse a sí mismas ante el país como un sector humano que está en la capacidad de responder a muchos de los desafíos mencionados. Por su parte, Beatriz Salazar, de Cepes, indicó que es necesario que se vea la agricultura familiar no como un problema sino como una solución a varios problemas como por ejemplo la pobreza y generación de empleo. Además, dijo que la agricultura familiar es una solución ante el cambio climático, ya que los pequeños agricultores realizan prácticas ancestrales dando sostenibilidad a servicios ecosistémicos que almacenan agua a través de la instalación de cochas, siembra y cosecha de agua, infiltraciones. “Los agricultores, sobre todo ecológicos, tienen un rol importante como es combatir la degradación de los suelos y desertificación, empleando prácticas integrales, con lo que contribuyen a que la tierra tenga mayor contenido orgánico y sea más fértil, lo que genera mayores rendimientos en las cosechas ayudando a la seguridad alimentaria”, manifestó.",agraria.pe/agronegocios,https://agraria.pe/noticias/la-agricultura-familiar-es-el-actor-principal-para-reconstru-18641
2019-03-19,Frutícola Olmos construirá planta de empaque,"La firma Instalará 60 hectáreas nuevas de limón Tahití.  La compañía agroexportadora Frutícola Olmos, productora de limón Tahití y sutil orgánico en el valle lambayecano homónimo invertirá en una planta de empaques, comenta su jefe de exportación Juan Vigil. “Estamos apuntando a manejar líneas que procesen entre 3 y 4 toneladas/hora, con cámaras de frío como para un mínimo de 4 contenedores”, precisa y apunta que iniciarán la construcción entre el segundo semestre de este año y el primero del 2020. La planta supondrá una inversión de entre US$500 mil y US$1 millón. La decisión va en línea con el plan de crecimiento de la compañía, que en noviembre del año pasado realizó sus primeros despachos propios (antes los tercerizaba). Así, de los cuatro contenedores de limón Tahití que colocaron los últimos meses del 2018 (solo exportan esta variedad), prevén llegar a 40 contenedores en el 2019. En retorno, esperan alcanzar hasta US$2 millones, estima Vigil. En el exterior, la compañía comercializa la fruta a través de Costco, Whole Foods Market, Publix Super Markets y Albert Heijn B.V. En el campo, el plan es sumar 60 hectáreas más de limón Tahití. De las 300 ha que hoy poseen en sus cuatro fundos, el 40% corresponde a esta variedad. Dato . La firma exporta el 60% del limón a Estados Unidos. Fuente: Día 1 de El Comercio",agraria.pe/agronegocios,https://agraria.pe/noticias/fruticola-olmos-construira-planta-de-empaque-18637
2019-03-19,Buscan implementar plantas de procesamiento primario de mango en San Lorenzo,"Serán cuatro las plantas de procesamiento primario de mango que acogerán a 16.434 hectáreas potenciales ubicadas en Valle de los Incas, Malingas, Cruceta y Partidor en el Valle de San Lorenzo en la Provincia de Sullana.  Con la finalidad de atender la problemática generada por el bajo precio del mango, la Dirección Regional de Agricultura de Piura (DRAP) y el Ministerio de Agricultura y Riego (Minagri), continúan integrando esfuerzos a fin de consolidar el proyecto para la “Implementación de Plantas de Procesamiento Primario de mango en el Valle de San Lorenzo: asociatividad y elegibilidad de asociaciones beneficiarias”. En este marco, el titular de la DRAP, Carlos Rodríguez se reunió con el titular de la Dirección General Agrícola del Minagri, Fernando Barturen y el equipo de trabajo integrado por especialistas de la DRAP, Agroideas, INIA, Sierra y Selva Exportadora, Dirección de Información Agraria- DGIA, DGSEC, Senasa y Gobierno Regional Piura. Se Informó que serán cuatro las plantas de procesamiento primario de mango que acogerán a 16.434 hectáreas potenciales ubicadas en Valle de los Incas, Malingas, Cruceta y Partidor en el Valle de San Lorenzo en la Provincia de Sullana -Piura, quienes serán los beneficiados con el mencionado proyecto. Las cuatro organizaciones beneficiarias son: Asociación Ex Huayna Cápac – Valle de los Incas - APU; Cooperativa San Francisco Malingas; Cooperativa Agraria Frutos Tropicales del Valle de San Lorenzo en La Cruceta; Asociación de Productores de Mango Yuscay Tablazo Alto. En la reunión también se vio los avances en los expedientes técnicos y Planes de Negocios que podrían ejecutarse. Se recordó que en conversaciones anteriores el Minagri, asumió el compromiso de financiar la instalación de cuatro plantas empacadoras de mango en el Valle de San Lorenzo. Asimismo, instalar una oficina que brinde información estadística y comercial sobre el mango. De esta manera se busca elevar los niveles de productividad y lograr la inserción competitiva a los mercados nacionales e internacionales, con el propósito de mejorar la calidad de vida de las familias que se dedican a esta cadena productiva.",agraria.pe/agronegocios,https://agraria.pe/noticias/buscan-implementar-plantas-de-procesamiento-18633
2019-03-18,Perú debe posicionar sus agroexportaciones en el marco de la alimentación saludable,"Funcionario sostuvo también que se debe trabajar a profundidad en la promoción del comercio electrónico, especialmente con el mercado asiático, la apuesta más fuerte de la agroexportación peruana.  A fin de mantener su desempeño competitivo en un mercado mundial jalonado por diversas tendencias, Perú debe estar atento a preocupaciones como la alimentación saludable. De acuerdo a Luis Torres Paz, director de exportaciones de PromPerú, “ese es el posicionamiento que nuestro país debe jugar, que nuestras empresas no sean consideradas agroexportadoras sino proveedoras de alimentación saludable. Creo que ahí vamos a tener la sinergia completa entre los ingredientes y la gastronomía. Ya la gastronomía está haciendo el esfuerzo para ir hacia esa alimentación saludable, varios chefs peruanos están en esa ruta y eso nos va a seguir ampliando las oportunidades en el mercado”. Para el funcionario, junto a este posicionamiento debe haber un trabajo muy profundo en el manejo del comercio electrónico. De hecho, resaltó que el Plan Nacional de Competitividad que impulsa el Gobierno tiene un componente fuerte en relación a la economía digital y que los agroexportadores no están ajenos a esta realidad. Afirmó en ese sentido que ya existen varias empresas peruanas líderes que están ingresando en el mercado de comercio electrónico, especialmente con el continente asiático. “Esa es una buena noticia para todos porque en el Asia estas empresas peruanas están generando una marca a nivel internacional y están permitiendo que muchas empresas medianas, pymes, se inserten en esta corriente de comercio electrónico”. Agregó que Promperú está trabajando en este marco con un total de 500 pymes para apoyarlas en su afán de incursionar en el comercio electrónico y logren así facturar cerca de US$ 10 millones en el mediano plazo; se espera que hacia el año 2021 alcancen los US$ 100 millones. Finalmente, destacó que la agroexportación peruana tiene en el continente asiático a su apuesta más fuerte, hecho que ha podido constatar en las últimas ferias de alimentos en dicho continente donde nuestro país es considerado, junto a México y Chile, como un jugador muy apreciado y que tiene gran potencial de crecimiento.",agraria.pe/agronegocios,https://agraria.pe/noticias/peru-debe-posicionar-sus-agroexportaciones-en-el-marco-de-la-18621
2019-03-18,Norandino instala planta procesadora de cacao en Piura,"La cooperativa agraria proyecta exportar este año más de 2.000 toneladas de cacao. El año anterior se despacharon 1.900 toneladas.  La Cooperativa Agraria Norandino inaugurará este 31 de marzo en Piura una planta procesadora de pasta de cacao, cuya inversión asciende a US$ 8 millones. La planta tendrá una capacidad de procesamiento de 3.000 toneladas al año. Así lo indicó el gerente comercial de Norandino, Santiago Paz López, quien destacó la importancia de dicha infraestructura ya que sería la única planta procesadora de cacao de una organización de productores en América Latina. Agregó que en la mencionada planta se tiene proyectado procesar cacao no solo de Perú sino también de otras países como de Ecuador, Colombia, Guatemala y Nicaragua. Paz López dijo que hay tanta expectativa por la inauguración que vendrán importantes chocolateros de Francia, Suiza, Bélgica, Alemania, Holanda, Estados Unidos y Canadá. Además, se espera contar con los embajadores de esos países y el presidente de la República, Martín Vizcarra. En otro momento, el gerente comercial de Norandino indicó que su representada proyecta exportar este año más de 2.000 toneladas de cacao. El año anterior se despacharon 1.900 toneladas. Los principales mercados son Francia, Suiza, Bélgica, Holanda, Italia, Estados Unidos y Canadá. Al respecto, dijo que se están enfocando en buscar más clientes en Estados Unidos y Canadá que son países que no han puesto restricción al tema del cadmio en el cacao por lo que en abril iniciaría una gira de negocios en esos mercados. Dato . La Cooperativa Agraria Norandino cuenta con 600 asociados dedicadas al cultivo de cacao, quienes tienen en total 1.000 hectáreas ubicadas en Tumbes, Piura, Cajamarca, Amazonas y San Martín.",agraria.pe/agronegocios,https://agraria.pe/noticias/norandino-instala-planta-procesadora-de-cacao-en-piura-18620
2019-03-15,Minagri capacitó a 1.062 alcaldes y líderes de comunidades en siembra y cosecha de agua,"La siembra y cosecha de agua además de brindar seguridad hídrica a los pequeños productores, es la vanguardia en la lucha contra los efectos del cambio climático, al lograr mantener el ecosistema de las cuencas altoandinas.  El Fondo Sierra Azul capacitó hasta el momento a 1.062 alcaldes y líderes de comunidades en la estrategia de siembra y cosecha de agua y la construcción de cochas, que brindan seguridad hídrica a los pequeños productores de diversas regiones del país. Estas capacitaciones se realizaron en los talleres informativos denominados “Siembra y Cosecha de Agua por la Vida y la Productividad en el Campo”, donde participaron alcaldes provinciales y distritales, sus equipos técnicos, así como dirigentes de comunidades. Los especialistas de Sierra Azul explicaron cómo formular proyectos para la construcción de cochas, zanjas de infiltración, actividades de forestación y habilitación de praderas. Lo que más les llama la atención a los participantes, son los pasos para la construcción de una cocha: la ubicación del lugar correcto, la compactación del terreno, los beneficios de usar geomembrana, la utilidad de las válvulas y el aliviadero, entre otros. El director ejecutivo del Fondo Sierra Azul, Ing. Max Sáenz Carrillo, remarcó que la siembra y cosecha de agua además de brindar seguridad hídrica a los pequeños productores, es la vanguardia en la lucha contra los efectos del cambio climático, al lograr mantener el ecosistema de las cuencas altoandinas. Los talleres que se coordinaron con los gobiernos regionales y las direcciones zonales del Minagri, se realizaron en Apurímac, Arequipa, Ayacucho, Áncash, Cajamarca, Cusco, Huancavelica y La Libertad. Próximamente, estos talleres se dictarán en Puno, Ica, Lima, Moquegua, Pasco, Tacna y Huánuco.",agraria.pe/agronegocios,https://agraria.pe/noticias/minagri-capacito-a-1062-alcaldes-y-lideres-de-comunidades-en-18611
2019-03-14,"Ica, Piura y La Libertad concentran el 82% de las agroexportaciones del interior del país en enero de 2019","En enero de este año las agroexportaciones tradicionales y no tradicionales del interior del país –sin incluir Lima y Callao- sumaron US$ 602.592.000, registrando un incremento de 15.5% respecto a lo alcanzado en enero del 2018.  En enero de este año las agroexportaciones tradicionales y no tradicionales del interior del país –sin incluir Lima y Callao- sumaron US$ 602.592.000, registrando un incremento de 15.5% respecto a lo alcanzado en enero de 2018. Así lo informó la Asociación de Exportadores (ADEX), quien destacó que las regiones de Ica, Piura y La Libertad concentraron el 82% del total de las agroexportaciones del interior del país (sin Lima y Callao) obtenido en el primer mes de 2019. La analista de Desarrollo de Políticas del CIEN-ADEX, Nancy Arrelucé, manifestó que el avance del sector en enero fue respetable aunque menor al del promedio de la última década (19%). La brecha es aún peor si se compara con los datos de enero del año pasado (65%). Indicó que la irregularidad en el comportamiento del sector estará vinculada a los vaivenes de la economía de Estados Unidos, su principal mercado. Recordó que el PBI estadounidense, en el cuarto trimestre de 2018, registró una expansión moderada de 2.6%, mientras que los periodos precedentes fluctuó entre 3.4% y 4.2%. ""Esta tendencia a la baja preocupa porque no solo desvió a ese país de su meta anual de crecimiento de 3% - creció 2.9% en 2018- sino que permite a los analistas estimar una desaceleración en el primer trimestre del 2019 e incluso una contracción del PBI hacia el 2020"", explicó. En ese sentido, la especialista consideró importante robustecer la competitividad de las empresas agroexportadoras con miras a diversificar mercados y aprovechar las oportunidades que ofrecen los Acuerdos Comerciales vigentes y los que están en negociación. ""Es vital la plena vigencia de Ley de Promoción Agraria N° 27360, pues promueve la generación de empleo formal"", dijo. Regiones Ica fue la región que lideró los envíos del sector en enero del 2019 (US$ 229.485.000), con un alza de 7.8%, respecto al similar periodo del año pasado. Los productos que más despachó fueron la uva (80% de participación), espárragos y cebolla. Su oferta llegó a 53 destinos. Estados Unidos, Hong Kong, Países Bajos, China, España, México, Canadá y Corea del Sur fueron los más importantes. En segundo lugar se ubicó Piura (US$ 134.684.000). Logró un crecimiento de 11.9% y despachó principalmente mango, uva y banana. También tuvo a Estados Unidos como su destino más importante, seguido de Países Bajos, Corea del Sur, España, Reino Unido, Canadá, México y Hong Kong. Le siguió La Libertad (US$ 127.313.000). Su partida más importante fue el arándano al presentar una variación positiva del 93%. Resaltaron también la uva, espárrago, preparaciones utilizadas para la alimentación de los animales y otros. Los alimentos de esta región llegaron a 45 destinos. De otro lado, Lambayeque quedó en el puesto N° 4 con US$ 47.700.000 (exportó más uva, café que acopió de otras regiones, preparaciones utilizadas para la alimentación de animales y arándanos). Su oferta se despachó a 41 mercados, principalmente a Estados Unidos, Países Bajos, Ecuador, Alemania, Reino Unido y China. Respecto a los envíos de Arequipa (US$ 13.964.000), sobresalen la uva, cebolla, granada y ajos, entre otros alimentos. Siguen en el ranking de regiones agroexportadoras Cajamarca, Ancash, San Martín, Junín, Tacna y Cusco, entre otras.",agraria.pe/agronegocios,https://agraria.pe/noticias/ica-piura-y-la-libertad-concentran-el-82-de-las-agroexportac-18608
2019-03-14,Exportación de kion disminuyó 60% en enero del presente año,"Los principales destinos fueron Estados Unidos y Países Bajos que de manera conjunta representaron el 84% del total y retrocedieron -29.3% y -77.3% respectivamente.  En enero de este año la exportación de kion sumó US$ 2.067.000, lo cual representó una caída de 60% en comparación a lo obtenido en igual mes de 2018 (US$ 5.168.000), debido a un menor envío a sus dos principales mercados, informó la Gerencia de Agroexportaciones de la Asociación de Exportadores (ADEX). En efecto, de un total de 8 mercados a los que llegó este producto, destacaron Estados Unidos (US$ 1.268.000) y Países Bajos (US$ 466.000) que de manera conjunta representaron el 84% del total y retrocedieron -29.3% y -77.3% respectivamente. Le siguen Bélgica, España, Alemania, Canadá, Chile y otros. Las empresas que lideraron el ranking, según cifras del Sistema de Inteligencia Comercial ADEX Data Trade, fueron Agronegocios La Grama S.A.C., Organi-K S.A.C, Elisur Organic S.A.C, Agroindustria Jas E.I.R.L., Kion Export S.A.C., Hamillton Farm Perú S.A.C. y Ecoandino, entre otras. Se busca sembrar en toda la selva El administrador general de Ecoandino, Gino Samaniego, empresa que exporta ese producto, comentó que el kion es una raíz milagrosa, originaria China y que en Perú es cultivada en la Selva central, específicamente en Satipo. Añadió que el reto es sembrarlo en toda la selva. “El sabor y olor del kion nacional son más intensos que los cultivados en China. Si se descentraliza su siembra a otros puntos de la selva, se reducirían los costos. En algunas oportunidades sube de S/ 1.50 a S/.8”, detalló. A su turno, el gerente general de Beo Perú S.A.C., Giuseppe Accetta, solicitó al Gobierno fortalecer la presencia del kion en los mercados internacionales. “El sector privado ya trabaja arduamente para que tenga más presencia en otros destinos”, señaló. Destacó que la tendencia mundial exige productos de calidad y saludables. “Las propiedades de este alimento se están apreciando en el mundo con más fuerza. El kion peruano tiene alta confiabilidad en el mercado externo, por su intenso aroma y sabor”, finalizó. Fuente: Boletín Perú Exporta",agraria.pe/agronegocios,https://agraria.pe/noticias/exportacion-de-kion-disminuyo-60-en-enero-del-presente-ano-18607
2019-03-12,"Agroexportaciones alcanzaron los US$ 720 millones en enero último, pero necesitan mayor impulso","Líder gremial resaltó la necesidad de contar con instituciones sanitarias modernas, personal descentralizado, implementación de más laboratorios del Senasa, así como plantas de irradiación en el centro, norte y sur del país. Presentó además el ‘20º Almuerzo Agroexportador’.  Un panorama muy auspicioso para el sector agroexportador es el que se configura al saber que en enero del presente año los despachos al exterior de este rubro alcanzaron los US$ 720 millones, lo que significa un crecimiento de casi 15% con respecto al mismo periodo del año anterior. Lo destacó de esta manera Juan Varilias, presidente de ADEX, para quien estos resultados demuestran que se siguen alcanzando récords históricos en el sector y que existe todavía mucho potencial para continuar con una tendencia positiva. Cabe recordar que días atrás, el ministro de la Producción, Edgar Vásquez, apuntó que las agroexportaciones no tradicionales ascendieron a US$ 669 millones en el primer mes de este año, con una participación muy positiva de productos como la granada (+709), arándano (+106%), uva (+18) y mango (+15). Para sostener este ritmo, Varilias sostuvo que es fundamental el trabajo que va a desarrollar la recientemente reactivada Mesa Ejecutiva de Agroexportación que lidera el Ministerio de Agricultura y Riego (Minagri) y que debe convertirse en una plataforma para promover soluciones de interés para el sector. “Se requieren acciones rápidas para cumplir con la meta hacia el 2021, la cual contempla superar los US$ 10.000 millones en agroexportaciones”, enfatizó. Asimismo, reiteró el pedido hecho en anteriores oportunidades sobre la necesidad de extender la vigencia de la Ley de Promoción Agraria, tema sobre el cual sostuvo conversaciones con algunos congresistas de la República la semana pasada, a quienes no solo les incidió sobre este tema sino sobre la posibilidad de que el modelo se extienda a otros sectores de exportación no tradicional para atraer y promover más inversiones en un entorno dominado por la informalidad y baja productividad. En este marco, resaltó la necesidad también de contar con instituciones sanitarias fortalecidas y modernas, personal capacitado que opere de manera descentralizada, la implementación de laboratorios del Senasa en más regiones, así como plantas de irradiación en el centro, norte y sur del país. En esa vía, destacó los resultados de la apertura comercial gracias a los nuevos protocolos fitosanitarios concretados con países de alto poder adquisitivo. “En 2018 nos convertimos en el primer proveedor de paltas y el segundo de arándanos en China. Ahora, China está esperando la quinua peruana”, agregó, poniendo de relieve que hace tan solo cinco años nuestro país no registraba envíos de este tipo a dicho mercado. Similar preponderancia estamos logrando en Estados Unidos, donde –refirió- hace 10 años figurábamos como el décimo quinto proveedor de frutas frescas y hoy alcanzamos el sexto lugar. Todo este envión sin embargo se ve mermado por una pérdida de competitividad que, señaló, se demuestra en el retroceso que ha tenido el país en el último ranking Doing Business, donde Perú retrocedió 10 posiciones. El reto debe ser que este año se revierta notablemente esa tendencia, para lo cual el sector privado debe jugar un rol preponderante. Otros factores que Juan Varilias puso sobre la mesa a consideración son los paros de transportistas, las pésimas condiciones de carreteras, la falta de comunicación con las zonas de producción y la saturación de puertos y aeropuertos, además del drawback de 3% y la demora en la devolución del IGV, entre otros. “Nosotros como agroexportadores debemos continuar apostando por nuevos mercados como Asia. En enero de este año los envíos al Asia sumaron US$ 97.5 millones, con lo que se ha cuadruplicado lo exportado hace 10 años a ese continente. Además, el sector privado debe apostar por tecnología e innovación en las distintas fases del proceso productivo y de comercialización; esto ayudará a reducir costos, mejorar la productividad e identificar oportunidades de negocio”, concluyó. Almuerzo agroexportador Juan Varilias dio estas declaraciones durante el anuncio del ‘20º Almuerzo Agroexportador’ que se realizará el 26 de marzo en el Swissotel de Lima. Entre los temas que se abordarán durante la jornada destacan ‘Asia: Tendencias y oportunidades para productos peruanos’ a cargo del Gabriel Figueroa, gerente comercial de Origin Direct Asia, y ‘Perspectivas para las agroexportaciones’ a cargo de Fernando Cillóniz, ex gobernador regional de Ica y presidente la consultora Inform@cción.",agraria.pe/agronegocios,https://agraria.pe/noticias/agroexportaciones-alcanzaron-los-us-720-millones-en-enero-ul-18583
2019-03-08,Gobierno se compromete a impulsar dos proyectos emblemáticos de irrigación en Ica,"Río Grande- Palpa y presa Tambo Caracocha forman parte del Megaproyecto de Afianzamiento Hídrico para la adaptación al cambio climático y control de avenidas.  De los 16 proyectos emblemáticos de irrigación identificados por el Ministerio de Agricultura y Riego (Minagri), y que serán impulsados con miras al bicentenario, dos se encuentran en la región Ica: Río Grande- Palpa y presa Tambo Caracocha, que también beneficia a Huancavelica. Así lo anunció el titular del sector, Gustavo Mostajo, tras acompañar al presidente de la República, Martín Vizcarra a la colocación de la primera piedra de la obra ""Afianzamiento Hídrico de la Cuenca del río Grande - Santa Cruz, Palpa"", cuya ejecución está a cargo del Gore Ica. En presencia del gobernador regional de Ica, Javier Gallegos, Mostajo se comprometió a financiar la elaboración del expediente técnico de la presa Tambo Caracocha, que garantizará el riego para unas 30 mil hectáreas, beneficiando a más de 120 mil productores. Las obras mencionadas forman parte del ""Megaproyecto de Afianzamiento Hídrico para la adaptación al cambio climático y control de avenidas"" que busca, entre otras cosas, asegurar el agua ante los constantes fenómenos climáticos y evitar inundaciones. Se calcula que Río Grande- Palpa demandará una inversión de S/ 342 millones, mientras que Tambo- Caracocha, S/ 206 millones. El titular de Agricultura participó de las actividades presidenciales en el marco del Muni Ejecutivo que se realizó en Ica para coordinar acciones con los alcaldes provinciales y distritales. En ese marco, informó de las acciones que ha emprendido su sector para hacer frente a la emergencia por la crecida de los ríos en la región. En la actualidad, a través del Programa Subsectorial de Irrigaciones, se interviene en siete puntos críticos: tres en el río Matagente en el distrito de El Carmen, dos en río Chico, en Alto Larán y dos en el río Ica, en Ocucaje. A eso se suma los trabajos emprendidos por el ANA en el río Matagente, tanto en el sector Mónica Vargas como Ronceros Alto, a fin de proteger a los agricultores y población en general del desborde de los ríos. El Minagri ha invertido en la limpieza, descolmatación y colocación de roca al volteo en esos puntos críticos más de S/ 10.7 millones.",agraria.pe/agronegocios,https://agraria.pe/noticias/gobierno-se-compromete-a-impulsar-dos-proyectos-emblematicos-18569
2019-03-07,DRA Junín recomienda a agricultores adoptar medidas adecuadas para combatir la roya del café,"Plantas mal nutridas son propensas al ataque de la roya, siendo necesaria la aplicación de abonos.  La Dirección Regional de Agricultura de Junín (DRAJ) recomendó a los agricultores adoptar medidas adecuadas para combatir la roya del cafeto, mal que afecta las plantaciones de café de la selva central del país sobre todo en época de lluvias, donde prolifera. En ese sentido, indicó que los productores deben de tener en cuenta que las plantas mal nutridas son propensas al ataque de la roya, siendo necesaria la aplicación de abonos sintéticos granulados, ricos en potasio para el mejor llenado de frutos, así como el uso de cal. Según la DRA Junín, durante este mes las plantas se encuentran en floración y cuajado de frutos, para ello se recomienda a los agricultores aplicar fungicidas preventivos, con acidificantes, adherentes y dispersantes, para evitar el lavado por las persistentes lluvias que se registran durante estos días. De igual manera, se recomienda a las autoridades locales presentar proyectos para la “captura de carbono” a través de la reforestación en comunidades nativas y localidades de colonos que abandonan las tierras luego de un cultivo, además hacer énfasis en proyectos de inversión pública para la industrialización de los cultivos de la selva. En tanto, a través de las Agencias Agrarias, se trabaja en el posicionamiento y en el fomento de la comercialización del café de la región, así como impulsar procesos de articulación territorial para la mejora de las condiciones sociales, económicas y ambientales de las zonas cafetaleras.",agraria.pe/agronegocios,https://agraria.pe/noticias/dra-junin-recomienda-a-agricultores-adoptar-medidas-adecuada-18554
2019-03-04,Cafeteros colombianos se retiran del mercado de Nueva York,"Los productores están sufriendo su peor crisis en más de una década, después de que los precios de su café cayeran por debajo de un dólar la libra. Ahora quieren vender sus cosechas sin atarse a los precios del mercado.  La Federación Nacional de Cafeteros de Colombia (FNC) anunció que está explorando formas de vender las cosechas de sus miembros a precios que al menos cubran sus costos de producción. Según datos de la FNC, los agricultores colombianos necesitan ganar 760.000 pesos (unos 240 dólares o 210 euros) por cada envío de 125 kilogramos (275 libras) al mercado internacional para cubrir los costos de producción. Pero los precios en febrero eran de 690.000 pesos por envío, y han rondado el dólar (0,88 euros) por libra en lo que va de año en Nueva York. En una entrevista con DW, el director general de la FNC, Roberto Vélez, apeló a los grandes compradores de café, insistiendo en que los cultivadores colombianos se quedaron ""mendigando"" a medida que la industria se enriquece. ""Mientras que la industria probablemente ha tenido los dos mejores años con enormes ganancias, los caficultores, que son los eslabones más débiles de la cadena, están perdiendo dinero. Por eso queremos que los precios cubran los costos. No estamos diciendo que queremos precios de $4 o $5 por libra"", plantea. Vélez y la FNC ahora planean fijar el precio de los granos de café arábica colombiano entre $1.50 y $1.60 por libra, alegando que el mercado de Nueva York está demasiado ligado a la producción de Brasil y no toma en cuenta a los productores en Colombia o América Central. El café del Brasil Colombia es el tercer productor mundial de café después de Brasil y Vietnam. El año pasado produjo 13,6 millones de bolsas de café arábica lavado, un 4,5 por ciento menos que en 2017. Alrededor de 540.000 familias dependen de la producción de café, y sus medios de subsistencia se ven gravemente amenazados después de que los precios bajaran de 1,50 dólares la libra a mediados de 2016 a tan sólo 0,98 dólares en los últimos tiempos. Parte de la razón de la caída mundial es una cosecha excepcional en Brasil, que produjo 62 millones de sacos el año pasado, según la agencia de suministro de alimentos del país, Conab. Además, como el café se comercia en dólares estadounidenses, una caída continua del valor de la moneda brasileña, el real, que ahora se comercia a un 45 por ciento por debajo de su promedio de 20 años frente al dólar, ha impulsado la competitividad del país frente a los productores rivales de Colombia y Guatemala. Especulaciones Vélez también culpa a los especuladores de Nueva York por la caída de los precios del café. Afirmó que los fondos de inversión no relacionados con la industria controlan más de 30 millones de sacos de café futuro. Esto crearía ""precios ficticios"" porque esas bolsas todavía no existen. ""Los especuladores aumentan y disminuyen los precios sin ningún control y han hecho que el descenso de los precios sea aún mayor"", dice, añadiendo que esta especulación financiera amenazaría la existencia de unos 25 millones de caficultores en todo el mundo. Los comerciantes de futuros de café compraron contratos baratos el año pasado con la esperanza de que los precios subieran para que pudieran obtener beneficios. El comercio masivo de futuros se está llevando a cabo en medio de la reducción de los incentivos para ampliar la oferta en 2019, a pesar del aumento del consumo de café en todo el mundo. El fabricante de refrescos Coca Cola, por ejemplo, ha dado un paso audaz hacia los puntos de venta de café, comprando la cadena británica de café Costa por 5.100 millones de dólares en agosto del año pasado. Nestlé, por su parte, pagó 7.150 millones de dólares por el derecho a comercializar productos de la cadena de cafeterías Starbucks, que ahora se está expandiendo en China a un ritmo de una nueva tienda cada 15 horas. La paradoja del café Mientras tanto, analistas han llegado a describir la inusual coexistencia de un auge del consumo de café y una crisis cafetera en los países productores como la ""paradoja del café"". La tendencia a la baja de los precios de producción comenzó en 2011 y se hizo más dramática en 2018, cuando los precios cayeron por debajo de los costes de producción. Al mismo tiempo, las cafeterías se han vuelto omnipresentes, con las grandes multinacionales comprando cada vez más negocios de café, mientras que las pequeñas cadenas continúan entrando en el mercado. El Foro Mundial de Productores de Café, que incluye asociaciones de productores de todo el mundo, ha pedido a las empresas que se comprometan a comprar café a un costo superior al de producción. Sugirió que los productores proporcionen certificación para demostrar a los consumidores que pagan a los agricultores rendimientos suficientes. Mientras tanto, el gobierno colombiano ha anunciado que destinará más de 30 millones de dólares en ayuda a los agricultores para ayudarles a capear el temporal. Los fondos fueron aprobados el año pasado, pero no se gastaron en su totalidad debido a una breve recuperación de precios en octubre y noviembre. Vélez insiste en que los subsidios de los gobiernos latinoamericanos, ya de por sí limitados financieramente, no pueden ser la solución. ""Pedirle dinero a nuestros gobiernos significa que nuestros contribuyentes están subsidiando una industria internacional que está ganando mucho dinero"", asegura. El jefe de la FNC señaló que los cafeteros colombianos son conscientes de que se han expuesto a una posición de riesgo con sus planes. Salir del mercado de café de Nueva York sigue siendo un riesgo, dijo, pero con el apoyo de más productores de Arábica de otros países, espera que la iniciativa de Colombia marque la diferencia. Fuente: Deutsche Welle",agraria.pe/agronegocios,https://agraria.pe/noticias/cafeteros-colombianos-se-retiran-del-mercado-de-nueva-york-18533
2019-03-01,Lluvias no afectan niveles de agroexportaciones peruanas,"Monitoreo en zonas productivas es constante.  El ministro de Comercio Exterior y Turismo, Edgar Vásquez, afirmó que las intensas lluvias que se vienen presentando en varias regiones del país no han afectado los niveles de exportaciones previstos en lo que va del año. “En las zonas de exportación nosotros realizamos un monitoreo constante y hasta el momento no hemos registrado afectaciones que generen un impacto negativo en las mismas”, manifestó. En esa línea, comentó que las inundaciones generadas por el Fenómeno de El Niño Costero registradas en 2017 no afectaron las grandes extensiones agroexportadoras. “Los eventos que ocurrieron hace un par de años, que fueron de mayor magnitud, no impactaron el sector exportador y aquí tengo que mencionar que la mayor parte de afectación en el sector agropecuario se dio en pequeñas parcelas”, indicó. Explicó que las grandes empresas exportadoras poseen extensas áreas con infraestructura de calidad y además mecanismos que les permiten minimizar los efectos de las lluvias. “Entonces no hubo una mayor afectación el 2017 y no los hay en lo que va del año; ello no significa por supuesto que no estemos atentos a cualquier factor que pueda perjudicar al exportador”, anotó.",agraria.pe/agronegocios,https://agraria.pe/noticias/lluvias-no-afectan-niveles-de-agroexportaciones-peruanas-18520
2019-02-28,Perú y Chile se aliarán para promocionar las agroexportaciones en Asia,"A este esfuerzo se podrían unir con Colombia y México, países con los que conforman la Alianza del Pacífico.  La complementariedad en algunos productos agrícolas entre Perú y Chile ha hecho que ambos países suscriban un acuerdo para trabajar en un plan conjunto de promoción a mercados como Asia en diversos temas como fitosanitarios o de innovación. Así lo dio a conocer el ministro de Agricultura, Gustavo Mostajo, quien dijo que si bien nuestro mercado principal sigue siendo Estados Unidos y Europa, hay interés por crecer en el mercado de Asia. “Tenemos productos comunes, principalmente los productos frutícolas para poder abastecerlos”, dijo. Entre algunos de los productos mencionados están la palta, uva y cítricos, los que “podemos potenciar juntos”. “Ambos países estamos creciendo y ya se ha trabajado de manera conjunta en la calidad sanitaria, como en la lucha contra la mosca de la fruta”, expresó. Agregó que el acuerdo de cooperación entre ambos países abarca temas como: desarrollo productivo y competitivo del sector agrario, modelos de asociatividad en pequeños productores, ciencia y tecnología (innovación agraria), acceso a mercados (medidas fitosanitarias), gestión pública descentraliza, gestión de recursos hídricos, gestión de recursos forestales y de fauna silvestre, entre otros. Por su parte, el ministro de Agricultura de Chile, Antonio Walker Prieto, mencionó que cada país avanza en la promoción como Promperú y ProChile, pero que “podemos hacerlo juntos y tenemos un plan de trabajo para los próximos meses”, dijo. “Creemos que podemos ser complemento, en el mundo se tiende a formar bloques comerciales, y podemos tener nuestro propio bloque, de productos agrícolas, con productos saludables y sostenibles”, mencionó. Expresó además que en este esfuerzo se podrían unir con Colombia y México, países con los que conforman la Alianza del Pacífico. Fuente: Fresh Plaza",agraria.pe/agronegocios,https://agraria.pe/noticias/peru-y-chile-se-aliaran-para-promocionar-las-agroexportacion-18512
2019-02-28,Solo 10% de créditos se refinanciaron por Niño costero de 2017,"En octubre de 2017, la Superintendencia de Banca, Seguros y AFP (SBS) informó que entre enero y agosto de dicho año, se reprogramaron deudas por S/ 3.708 millones en el sistema financiero tras el paso de El Niño costero.  La gerente de negocios de la central de riesgo Sentinel, Yanina Cáceres, estimó que solo el 10% de los créditos reprogramados, en el marco de la flexibilidad dictada por la SBS en 2017, llegaron a refinanciarse debido al fenómeno climático de aquel entonces. “Del 100% de los préstamos reprogramados por el Fenómeno El Niño costero del 2017, solo el 10% cayeron en refinanciación en el sistema financiero”, afirmó Cáceres. Cabe destacar que en octubre de 2017, la Superintendencia de Banca, Seguros y AFP (SBS) informó que entre enero y agosto de dicho año, se reprogramaron deudas por S/ 3.708 millones en el sistema financiero tras el paso de El Niño costero. El escaso porcentaje de créditos refinanciados refleja que las medidas de la SBS fueron acertadas y resultaron ser un apoyo para las mypes afectadas. En otro momento, Cáceres refirió que a diciembre de 2018 los créditos en el sistema financiero crecieron 9.1%, siendo los préstamos de consumo los que registraron un mayor avance (13.4%), seguido por los hipotecarios (9.5%), por los no minoristas o empresas (8.4%) y las (micro y pequeña empresa) mypes (4.1%). Avance mype Por separado los créditos a microempresas avanzaron 7.8% en clientes y 3.6% en montos el año pasado, mientras que los préstamos a pequeñas empresas crecieron 6.1% en clientes y 5.1% en montos, refirió Cáceres. Tanto para las micro como para las pequeñas empresas el crecimiento fue menor al de 2017, debido a que las entidades financieras ajustaron sus políticas crediticias con estos clientes, luego del Niño costero de 2017 y por la mora que registran, explicó. Por macrorregiones En otro momento, comentó que más del 55% de los deudores mype de la macrorregión norte (Tumbes, Piura, La Libertad y Lambayeque) tiene deuda con una sola entidad financiera, es decir son clientes exclusivos, y solo el 6.1% de estos clientes tiene pasivos con más de cuatro entes financieros. “En esta macrorregión las financieras y bancos son las preferidas por las mypes para endeudarse”, dijo. En la macrorregión norte centro (Ancash, Huánuco, Pasco y Junín), casi el 60% de los deudores mype presenta deuda con una sola entidad financiera y solo el 4.6% de estos clientes tiene pasivos con más de cuatro entes financieros, indicó. “En esta macrorregión las cajas municipales y los bancos son las preferidas para tomar créditos mype”, refirió. En la macrorregión Lima Callao, más del 55% de clientes mype presentan deudas con una entidad financiera y solo el 7.3% de estos clientes cuenta con pasivos con más de cuatro entes financieros, señaló. “Los bancos y las financieras se presentan como las preferidas para los préstamos mype”, añadió. Preferidos para préstamos Cáceres refirió que en la macrorregión sur 1 (Ica, Huancavelica y Ayacucho) más del 61% de las mypes deudoras tiene crédito con una entidad financiera y solo el 4.6% presenta deudas con más de cuatro entes financieros. “Las cajas ediles y las financieras son las escogidas para los créditos mype”, señaló. En la macrorregión nororiente (Cajamarca, Amazonas y San Martín), el 65% de los clientes mype tiene crédito con una entidad financiera y solo el 2.9% con más de cuatro entes financieros, dijo. “Acá los clientes mypes prefieren trabajar con bancos y cajas municipales”, sostuvo. La gerente de Negocios de Sentinel señaló que en la macrorregión selva (Ucayali y Loreto) un poco más del 61% de los clientes mype presenta deuda con una entidad financiera y solo el 4% con más de cuatro entes financieros. “Las cajas municipales y los bancos son los preferidos por las mypes para tomar préstamos”, señaló. En la macrorregión sur 2 (Apurímac, Cusco y Madre de Dios) el 65% de clientes mype presenta deuda con una entidad financiera y solo el 2.5% con más de cuatro entes financieros, siendo las cajas municipales y los bancos las preferidas por los emprendedores, refirió. Cáceres indicó que en la macrorregión sur andina un poco más del 58% de los clientes mype tiene deuda con una entidad financiera y solo el 4.6% con más de cuatro entidades financieras, siendo las cajas ediles y las financieras las preferidas por estos deudores.",agraria.pe/agronegocios,https://agraria.pe/noticias/solo-10-de-creditos-se-refinanciaron-por-nino-costero-de-201-18511
2019-02-28,Los consumidores jóvenes de China prefieren la palta como un batido,"A diferencia de nuestro país, donde se le ve como un acompañamiento de platillos y en ensaldas, el mercado asiático está conociendo al fruto como un alimento saludable que pueden mezclar en bebidas con otros elementos como el yogurt.  En sus viajes a los confines más impensados del mundo, los productos de agroexportación peruana muchas veces tienen que saltar vallas no solo comerciales y fitosanitarias, sino hasta culturales. Es el caso de la palta, por ejemplo, en el gigantesco mercado chino, donde hasta hace poco era un fruto absolutamente desconocido pero que ha ido ganándose un lugar de una forma distinta a la que nosotros le conocemos. Miguel Gálvez, director de la Unidad de Inteligencia y Negocios de la Cámara de Comercio Peruano-China (Capechi) resaltó que a diferencia de los peruanos que vemos a la palta como parte cotidiana de nuestra dieta acompañando platillos y formando parte en ensaladas, en el país asiático se le ha concebido más bien como un fruto saludable, especialmente entre los jóvenes, por lo que la consumen como un batido que mezclan con yogurt para su desayuno o la media mañana. Hay otros grupos, agregó, que sí lo utilizan como guacamole por imitación de la forma de consumo en otros países. “Lo que sí es válido reconocer es que cada vez hay más personas que conocen las propiedades que tiene la palta, las grasas buenas que tiene y la incorporan a su dieta. Hoy en día el consumidor en China está muy preocupado por la alimentación sana, entonces ven cómo se consume en Europa, en Estados Unidos, qué dice Internet sobre estos productos”, sostuvo. Un importante punto de apoyo que tiene Perú en este sentido, agregó, es que países como Chile y México, que llegaron antes al mercado chino, ya han estado realizando campañas de sensibilización para fomentar el consumo de la palta, lo cual nos beneficia, siempre que se refuerce la idea del origen. En esa línea, Gálvez consideró que el café también podría entrar con fuerza en China, pues de hecho ya en Beijing desde hace unos cinco meses existe una “Casa Perú”, un local comercial que vende productos peruanos de todo tipo, desde artesanía, textiles, joyería y demás, en donde también se encuentra café peruano. En este caso, son también los jóvenes quienes están marcando la pauta al cambiar la costumbre de beber el tradicional té por este producto más occidental.",agraria.pe/agronegocios,https://agraria.pe/noticias/los-consumidores-jovenes-de-china-prefieren-la-palta-como-un-18508
2019-02-27,Agro Rural rehabilitará 860 hectáreas agrícolas afectadas por lluvias y desborde de ríos,"La intervención comprende, además, la limpieza y descolmatación de 8.253 metros lineales de infraestructura de riego conformada por 24 canales y 22 bocatomas.  El incremento de lluvias y desborde de ríos afectaron 860 hectáreas agrícolas en los distritos de Moquegua, Ilo, Torata y Samegua (Moquegua), que serán rehabilitadas como parte de las acciones de respuesta que realiza el Ministerio de Agricultura y Riego (Minagri), a través del Programa de Desarrollo Productivo Agrario Rural (Agro Rural), en las jurisdicciones declaradas en estado de emergencia por el Poder Ejecutivo. Así lo anunciaron representantes de Agro Rural, quienes precisaron que esta intervención comprende, además, la limpieza y descolmatación de 8.253 metros lineales de infraestructura de riego conformada por 24 canales y 22 bocatomas. “Se estima una inversión S/ 427.494 destinada a la contratación de servicio de maquinaria pesada, compra de materiales de construcción y la adquisición de kits de herramientas y equipos de protección personal para la mano de obra local”, señaló la directora ejecutiva de Agro Rural, Jacqueline Quintana Flores. Indicó que estás últimas serán distribuidas a las juntas de usuarios, comités de regantes y otras asociaciones comunales en coordinación con sus representantes, así como autoridades regionales y locales, quienes elaboraron el padrón de pobladores afectados. “Esta intervención se concreta gracias a las supervisiones in situ en los lugares donde se reportaron desbordes de los ríos, lo que ocasionó la pérdida y afectación de la infraestructura de riego y áreas agrícolas”, acotó. El resultado fue la elaboración y validación de 24 fichas técnicas a cargo de un equipo de la sede central y Dirección Zonal de Moquegua de Agro Rural, en acción conjunta y coordinada con autoridades regionales y locales. También se contó con el apoyo de otros organismos del Minagri como la Autoridad Nacional del Agua (ANA), entre otros. Cabe mencionar que el financiamiento de esta actividad de respuesta fue gestionado por Agro Rural ante el Fondo para Intervenciones ante la Ocurrencia de Desastres Naturales (Fondes) de Indeci con el sustento técnico de las fichas respectivas.",agraria.pe/agronegocios,https://agraria.pe/noticias/agro-rural-rehabilitara-860-hectareas-agricolas-afectadas-po-18502
2019-02-27,La Libertad: planean dedicar hasta 100 hectáreas a cultivo de marihuana para uso medicinal,"Representantes de la empresa canadiense Allpa Mama Cannabis Perú se reunieron con la autoridad local para comunicarle su intención de invertir terrenos para este fin.  Moche podría convertirse en el primer distrito del Perú en dedicar sus terrenos para la siembra, cosecha y procesamiento de la marihuana con fines de su uso medicinal. Representantes de la empresa canadiense Allpa Mama Cannabis Perú se reunieron este martes con el alcalde de Moche, Arturo Fernández, para transmitirle sus intenciones de invertir 60 millones de dólares, adquiriendo terrenos de la comuna para siembra del cannabis. “Esta es una oportunidad para el agricultor para mejor su calidad económica con los ingresos que tendría a través del alquiler de sus chacras”, asegura el alcalde de Moche. Este novedoso contrato está relacionado entre la empresa canadiense y la Cooperativa Mochica. El alcalde de dicha comuna refirió que solo cumple el rol de mediador para promover este cultivo de marihuana con finalidad medicinal. El emprendimiento abarcaría entre 50 a 100 hectáreas de terreno en Moche, los cuales se ubican en la campiña de Moche y en un sector frente a la UCT. El acuerdo estaría decidido este viernes por parte de los agricultores mocheros, quienes rentarían sus terrenos. Se calcula que los propietarios de estas áreas ganarían hasta cuatro veces más de sus ingresos económicos. Además, de llegar a un acuerdo para que la empresa privada ingrese a cultivar la marihuana en Moche, se promoverían, al menos, 250 puestos de trabajo. “Esperemos que nuestros agricultores lleguen a buen acuerdo con los canadienses. De ser así, como autoridad, yo voy a estar muy vigilante con el buen uso que se le dé a la marihuana y no perjudique a nuestra comuna”, señaló Arturo Fernández. Ley verde Como se sabe, la LEY Nº 30681 regula el uso medicinal y terapéutico del cannabis y sus derivados. “Como médico sé con el consumo del aceite del cannabis se puede tratar a los pacientes que tienen alguna enfermedad en el hígado, riñón. Así también, con los pacientes de Parkinson”, aseguró el alcalde de Moche, quien saludó que la empresa canadiense haya puesto los ojos de inversión en su comuna para el cultivo de marihuana. Laindustria.pe",agraria.pe/agronegocios,https://agraria.pe/noticias/la-libertad-planean-dedicar-hasta-100-hectareas-a-cultivo-de-18501
2019-02-26,EE.UU.: Termina una buena temporada de importación de uvas peruanas,"Para mediados de marzo llegarán al país norteamericano los últimos envíos desde nuestro país, tras lo cual empezarán a cobrar protagonismo los despachos chilenos.  La cosecha de uvas peruanas está a punto de acabar y los proveedores se preparan para hacer los últimos envíos a los Estados Unidos. Según Andre Fattore, de TerraSur Imports, la cosecha finalizará de aquí a una o dos semanas, y las últimas llegadas a los Estados Unidos se esperan para mediados de marzo. La mayoría de las variedades ya han dado por concluida la campaña y los próximos envíos serán principalmente de uvas Red Globe. En general, ha sido un buen año para las importaciones peruanas, con cifras superiores a las del año pasado. ""En las tres o cuatro semanas próximas, recibiremos las últimas importaciones peruanas de la temporada, tras lo cual Chile comenzará a intensificar sus volúmenes de envío"", explica Fattore. ""Si se compara con el año pasado, el volumen de esta temporada ha sido mayor, con 43-44 millones de cajas frente a las 35-36 del año pasado. El Niño tuvo un efecto significativo en el cultivo del año pasado, sobre todo en el norte. Sin embargo, este año hemos tenido muy buenas condiciones de cultivo en general. El norte de Perú aún se está recuperando en términos de calidad, pero la región de Ica, en el sur del país, ha producido unas uvas de calidad excelente este año"". Red Globe aún tiene mercado Red Globe es la única variedad de uva con semilla que está disponible ahora para el mercado estadounidense en general, pues muchos productores han apostado por las uvas sin semillas. Los importadores de uvas peruanas lo consideran una oportunidad y señalan que siempre habrá mercado para la Red Globe. ""La Red Globe ha tenido muy buena demanda, en especial durante enero"", dice Fattore. ""Se debe a que, en su mayoría, California ha retirado mucha cantidad de esta variedad y se ha creado un vacío. Aunque muchos productores están apostando por la uva sin semillas, la Red Globe sigue teniendo demanda y siempre tendrá sitio en el mercado"". Nuevas oficinas TerraSur Imports es una filial de Pedregal, una importante productora y exportadora peruana de uvas y otras frutas. Este es el primer año que la empresa cuenta con una oficina en los Estados Unidos, al decidir que comercializar su propia fruta en Norteamérica era la mejor forma de avanzar. Fattore indica que la empresa tiene la licencia exclusiva en Perú para el cultivo de la variedad Timpson, que es una variedad verde sin semilla. ""Somos la única empresa que puede comercializar Timpson fuera de Perú"", afirma. ""Así que esta variedad es nuestra prioridad, aunque también trabajamos con otras uvas, como variedades sin semillas como Magenta, Allison, Jack Salute, Cotton Candy, Sweet Sapphire o Sugraone. Este es el primer año que estamos comercializando nuestras uvas en Norteamérica tras la apertura de un centro de distribución en Nueva Jersey"". La empresa distribuye sus uvas principalmente en bolsas y clamshells en diferentes tamaños, según las preferencias del cliente. Fattore concluye relatando lo exitosa, aunque complicada, que ha sido la temporada de importación peruana. ""La temporada peruana ha tenido muchos retos, sobre todo porque California ha acabado muy tarde. La mayoría de la fruta en noviembre y diciembre se exportó a Extremo Oriente y a Europa, así que al final hemos tenido una buena temporada"". Fuente: freshplaza.es",agraria.pe/agronegocios,https://agraria.pe/noticias/eeuu-termina-una-buena-temporada-de-importacion-de-uvas-peru-18496
2019-02-26,Ingeniero agroindustrial crea prometedora galleta para combatir la anemia,"“El sueño que tengo es poder reducir la anemia en Ayacucho y en otras regiones”, contó.  Con sabor a cacao o a vainilla, una simple pero innovadora galleta con alto contenido en hierro creada por un estudiante universitario puede ser la clave para terminar con la acuciante y crónica anemia infantil de Perú, donde cuatro de cada diez niños menores de tres años padece este mal. Nutri Hierro es el nombre que le dio a esta ""galleta antianémica"" su creador, Julio Garay, un humilde ingeniero agroindustrial de la surandina Ayacucho, una de las regiones con más anemia del país al estar presente en casi la mitad de los menores de 3 años, edad en la que este mal deja secuelas irreversibles en el desarrollo cognitivo. La galleta es fruto de la tesis que Garay hizo para titularse en la Universidad Nacional de San Cristóbal de Huamanga (UNSCH), donde cursó sus estudios gracias a Beca 18, el programa social de subvenciones universitarias para jóvenes peruanos de bajos recursos del Programa Nacional de Becas y Crédito Educativo (Pronabec). ""El sueño que tengo es poder reducir la anemia en Ayacucho y en otras regiones"", contó Garay a la Agencia Efe en la pequeña planta donde ha comenzado a producir en cadena estas galletas capaces de quitar la anemia a los niños con tomarlas tan solo durante un mes. Ese fue el resultado de distintas pruebas realizadas en siete municipios de Ayacucho, tanto de su área urbana como especialmente de la rural, donde la anemia infantil se dispara hasta más del 50%. ""Imaginé que tendría resultados en tres meses, pero en solo un mes la cantidad de hemoglobina había subido en los niños"", comentó Garay, de 25 años y natural de Sivia, en el convulsionado Valle de los Ríos Apurímac, Ene y Mantaro (VRAEM), zona con gran presencia de narcotráfico y de remanentes del grupo terrorista Sendero Luminoso. Una de las pruebas se hizo en la aldea de Patibamba, donde algunos niños anémicos que tomaron un paquete de cuatro galletas por día aumentaron su nivel de hemoglobina hasta los valores mínimos aceptables (12 gramos por decilitro de sangre) o incluso por encima. ""Realmente me quedé sorprendido"", afirmó a Efe el médico Diego Flores, encargado de la posta de salud de Patibamba donde realizó los controles a los niños. ""Si bien la hemoglobina debe normalizarse a las cuatro semanas con un tratamiento convencional, las galletas subieron estos valores a niveles más altos de lo que esperaba. Hubo niños que pasaron de una hemoglobina de 10 a 14 e incluso 16"", explicó Flores. El galeno indicó que, para que el tratamiento sea totalmente efectivo, se debe prolongar por lo menos seis meses, de modo que los niños recuperen sus reservas de ferritina. ""Esto puede cambiar el futuro de todo un país. Superar la anemia especialmente en los niños de menos de dos años es muy importante para Perú porque un país nutrido y sin anemia es más próspero"", agregó Flores. María Quispe, madre de una hija de dos años con anemia, afirmó a Efe que el producto ""es excelentísimo"". ""Veo que a los niños les gusta y se sienten bien, con bastante energía"", apuntó. Los esperanzadores resultados tienen su razón en la fórmula diseñada por Garay para esta galleta cuyo ingrediente ""secreto"" y principal es sangre de res, elemento con alto contenido en hierro y proteínas que normalmente se desecha en los camales (mataderos) y cuyo bajo precio abarata mucho los costos de producción. La sangre transformada en puré está en el 50 % de cada galleta, mientras que un 30% es quinua, un 10% harina de trigo y otro 10% cacao que los padres de Garay cultivan en su casa de la comunidad de Quimpitiriky y que sirve para enmascarar el sabor a sangre. Así, cada 100 gramos de galletas tiene 20 miligramos de hierro, cuando en la misma cantidad de lentejas hay 7 miligramos y en la carne de res 3 miligramos. También tienen un 12% de proteínas, lo mismo que en 100 gramos de huevos y muy por encima de la leche (3%), según el Instituto Nacional de Calidad (Inacal). Desde su planta en Ayacucho implementada gracias a un préstamo y el apoyo de Aje Group, uno de los mayores grupos empresariales de Perú, Garay aspira ahora a proveer de galletas ""antianémicas"" a Ayacucho y a la vecina región de Huancavelica, también golpeada fuertemente por la anemia infantil. Asimismo, busca entrar dentro de Qali Warma, el programa social que da desayunos a 3,8 millones de escolares de primaria y secundaria en todo el país. ""Lo más bonito de esta experiencia es que puedo ayudar a mejorar la salud de las personas"", concluyó Garay. Fuente: Agencia EFE",agraria.pe/agronegocios,https://agraria.pe/noticias/ingeniero-agroindustrial-crea-prometedora-galleta-para-comba-18493
2019-02-25,Exportaciones peruanas de castañas crecieron 41% en 2018,"Esta partida representó el 33.8 % de los envíos de productos naturales.  Al cierre de 2018 la exportación de castaña, conocida como nuez de Brasil, sumó US$ 66.326.000 mostrando un aumento de 41% en comparación a 2017, informó la Gerencia de Agroexportaciones de la Asociación de Exportadores (ADEX). Este alimento, que representa el 33.8% de los envíos de productos naturales, llega a 26 destinos liderados por Corea del Sur (US$ 50.891.000), país que concentra el 77% de lo despachado. Le siguen Estados Unidos, Reino Unido, Rusia, Francia, Vietnam, Países Bajos, Nueva Zelanda y Colombia. Madre de Dios es una de las regiones que más produce castaña con 2.5 millones de hectáreas destinadas a este cultivo. Al respecto, el gerente general de Manutata S.A.C., Rodrigo Coca, resaltó su gran impacto social, económico y medioambiental en la zona, donde aproximadamente el 20% de su población depende directa e indirectamente de su acopio y producción. Por ese motivo solicitó una mayor promoción de ese fruto. ""Es imprescindible que todas las instituciones públicas relacionadas al rubro: recaudación, control, supervisión y fiscalización, estén correctamente alineadas y consensuadas acorde a la realidad de la zona donde se cultiva la castaña, porque las actividades y operaciones vinculadas al producto tienen sus particularidades"", dijo. Coca manifestó que también se deberían implementar políticas crediticias para los productores y concesionarios en general. Son 7 mil familias que se dedican a la producción de este 'superfood' que forma parte del grupo de los frutos secos, ricos en grasas saludables, fibras y minerales como el magnesio, fósforo, zinc, entre otros. En ese sentido, informó que su empresa, Manutata S.A.C., implementó recientemente un sistema de incentivos a sus proveedores con el objetivo de brindar un justo reconocimiento económico basado en parámetros de calidad y cumplimiento de contrato.",agraria.pe/agronegocios,https://agraria.pe/noticias/exportaciones-peruanas-de-castanas-crecieron-4-18485
2019-02-25,Gobierno otorgará bono a agricultores afectados por lluvias,"Bono sería de S/ 1.000 por hectárea para cultivos tradicionales y S/ 1.500 para cultivos permanentes, por un máximo de 4 hectáreas por agricultor.  El Gobierno está preparando un decreto de urgencia para otorgar un bono de ayuda a los agricultores afectados por las lluvias e inundaciones para recuperar sus cultivos, anunció el ministro de Agricultura y Riego, Gustavo Mostajo Ocola. Indicó que dicha norma dispondrá los mismos beneficios que el bono extraordinario de mitigación agropecuaria por emergencia entregado a los agricultores afectados por El Niño costero en el norte del país en 2017. Señaló que el monto del bono aún no se tiene establecido, pero de forma preliminar se estima que será de S/ 1.000 por cada hectárea, por un máximo de cuatro hectáreas, y de S/ 1.500 por hectárea si se trata de cultivos permanentes. Comentó que los Comités de Emergencia Regional (COER) de los gobiernos regionales, realizan en este momento la evaluación y el empadronamiento de agricultores con cultivos tradiciones y permanentes afectados, con apoyo técnico del Ministerio de Agricultura y Riego (Minagri). Mostajo dijo que también se evalúa otorgar crédito, a través de Agrobanco, con el fondo Agro Perú del Ministerio de Agricultura y Riego (Minagri) a los agricultores afectados. “Se ha solicitado a las gobiernos regionales a través de sus direcciones regionales agrarias que levanten información de los padrones con las áreas de cultivos que fueron afectados para tener una estimación real de cuánto podríamos disponer para ayudar a estos pobladores”, sostuvo. Dato . El titular del Minagri señaló que en el caso de Moquegua se han visto afectadas 700 hectáreas de cultivos. En Arequipa las zonas afectadas son Majes, Caylloma, Condesuyo y Tequeña.",agraria.pe/agronegocios,https://agraria.pe/noticias/gobierno-otorgara-bono-a-agricultores-afectados-por-lluvias-18482
2019-02-22,El 90% de la cosecha de aceituna está en riesgo de perderse en valle de Ilo,"La gerencia regional de Agricultura de Moquegua señala que, en total, hay más de 700 hectáreas afectadas en cultivos de frutales y olivos. Senamhi señala daños a uvas para exportación en Ica y Tacna.  La producción de olivo, cuyo cultivo se concentra en el sur del país, es una de las que se están viendo más afectadas por las intensas lluvias que vienen asolando esa zona desde comienzos de este mes, y que la seguirán afectando – según los últimos pronósticos del Senamhi– por lo menos hasta este sábado. El gerente regional de Agricultura de Moquegua, David Espinoza, señaló que en el valle de Ilo (una de las principales zonas productoras de olivo de esa región), aproximadamente el 90% de la cosecha de aceituna está afectado y se encuentra en riesgo de perderse. Precisó que los agricultores de esa zona han reportado a esa gerencia regional de Agricultura pérdidas totales en más de 34.43 hectáreas cultivadas con ese producto, y que están afectadas otras 178.88 hectáreas, en todo el valle de Ilo, que incluye la zona de Ilo, Algarrobal y Pacocha, debido a los deslizamientos causados por las lluvias, que han cubierto las áreas sembradas. En general, indicó que en la región Moquegua se han perdido cerca de 158 hectáreas sembradas con diversos productos. Entre ellos, paltos, orégano, vid, frutales y olivos, y se encuentran en condición de afectadas 743.64 hectáreas. La afectación se ha dado no solo por la caída de las lluvias y los deslizamientos que se han producido sobre las zonas sembradas, sino también por la presencia de enfermedades fungosas propiciadas por el exceso de humedad, que han atacado varios cultivos. Refirió que, como ya las autoridades locales y regionales están coordinando la ayuda a los productores afectados, aún es posible que los cultivos en condición de afectados se puedan recuperar. Además, refirió que en coordinación con el Ministerio de Agricultura, se están asignando presupuestos para la recuperación del servicio de agua para riego, así como la rehabilitación de canales y bocatomas, e infraestructura en general para uso agrícola. Vale recordar que, en todo el territorio nacional, se extienden aproximadamente 30,000 hectáreas de cultivo de olivo en regiones como Ica, Moquegua, Arequipa y Tacna, siendo esta última la que concentra más del 66% de tierras para producir aceituna y aceite de oliva. Por su parte, el Senamhi indicó que en Ica se han afectado cultivos de vid, en particular la variedad Red Globe, debido a las temperaturas máximas de hasta 33 grados centígrados. Añadió que en Tacna las lluvias han afectado las variedades Italia y Thomson Seedless. Lluvias seguirán hasta mañana El Senamhi señaló que, de acuerdo a los pronósticos meteorológicos, las precipitaciones internas continuarán hasta este sábado 23 en la zona sur del país, situación que, en el caso de Arequipa, continúa incrementando el caudal del río Camaná. Precisó que ayer el citado afluente registró un caudal máximo instantáneo de 564 metros cúbicos por segundo, con una anomalía de 134% superior a su promedio histórico, lo que puede afectar a los valles de Majes y Camaná. Dato . El Senamhi señala que el calor en el valle de Ilo disminuirá la calidad y el rendimiento de las cosechas. En Moquegua y Tacna la temperatura llegó a 33.6 grados centígrados. Fuente: Gestión",agraria.pe/agronegocios,https://agraria.pe/noticias/el-90-de-la-cosecha-de-aceituna-esta-en-riesgo-de-perderse-e-18476
2019-02-20,Lluvias intensas amenazan panorama productivo de la palta peruana,"Además, la producción del fruto ha sufrido caída de entre 5 y 10%, lo que, sumado al clima, ha provocado un encarecimiento en los precios a nivel local.  Las intensas lluvias que se vienen registrando en Perú continúan afectando diversas regiones del país, tanto es así que el Gobierno ha declarado el Estado de Emergencia en varios distritos de los departamentos de Tumbes, Piura, Lambayeque, Cajamarca y La Libertad, a causa del inminente peligro de inundaciones y corrimientos de tierra, que se mantendrá, según la previsión climatológica, durante un periodo de 60 días más. Las repercusiones que se esperan en las cosechas son graves y mantienen en gran incertidumbre a los productores peruanos, además de esto, la producción de aguacate ha sufrido caídas de entre un 5 y 10%, sin embargo esta fruta se está vendiendo, ya que debido a las lluvias es muy difícil acceder a zonas como el norte para los camiones que transportan productos frescos. Esta caída en la producción sumada a las lluvias ha provocado un encarecimiento en los precios a nivel local de hasta 50 centavos de sol en los productos frescos, no solo de la palta sino también de otras frutas y verduras. Diana Sajami, Gerente de FCE Export Fruit S.A.C., ha declarado que “en la región de Piura ya está finalizada la campaña de mangos, por lo que no se prevé que los cultivos o envíos se vean afectados. Sin embargo en el departamento de Lambayeque, que es una importante zona de producción del aguacate, los productores quieren adelantar sus cosechas debido a la alerta por lluvias que está prevista”. “Los productores de palta quieren vender ya sus cosechas para que no se pierdan, pero aún su materia seca no está lista. Además el calor y la humedad están siendo muy altos, lo que dificulta aún más que la fruta llegue a buen término para una cosecha satisfactoria”. Sajami ha asegurado que a los productores que aún no tienen lista la cosecha “no les queda más remedio que esperar y rogar para que las lluvias les respeten al menos hasta que su cosecha esté lista”. En el caso de otras cosechas importantes en la zona como la palta o aguacate de tipo Hass, la temporada aún no ha comenzado, por lo que Diana Sajami comenta que “no existe una gran preocupación por las lluvias, ya que se estima que para abril, su época de cosecha, todo haya pasado”. Fuente: freshplaza.es",agraria.pe/agronegocios,https://agraria.pe/noticias/lluvias-intensas-amenazan-panorama-productivo-de-la-palta-pe-18459
2019-02-20,El cambio climático va a afectar a toda la cadena de producción agrícola,"Perú se encuentra en pleno desarrollo de lineamientos contra el cambio climático en el marco del Acuerdo de París para la adaptación de factores vinculados a la producción agrícola.  El cambio climático es un factor que afectará claramente el desarrollo de la agroexportación a nivel mundial, y el Perú está tomando cartas en el asunto para adaptarse. Giovanna Egas, especialista en temas de adaptación al cambio climático del Ministerio del Ambiente (Minam) resaltó que en este contexto nuestro país es uno de los más vulnerables por lo que desde hace cinco años el Estado trabaja en un proceso de adaptación planificado que incluya los tres niveles de Gobierno: nacional, regional y local. Recordó que en 2016, al firmarse el Acuerdo de París, Perú se alineó a los esfuerzos por la lucha contra la emisión de gases de efecto invernadero con medias específicas en cinco ejes temáticos priorizados: agricultura, agua, bosque, salud y pesca y acuicultura. “Este esfuerzo nacional tiene un nombre que es las Contribuciones Nacionalmente Determinadas (NDC), focalizadas en metas de adaptación en factores de producción de sistemas agropecuarios; son medidas que ayudarán a que la provisión de agua, que es clave, se conserve, almacene y disponga de manera continua y sostenible para estos temas”, explicó. El trabajo incluye medidas de adaptación en factor suelo, lo que implica mejorar su fertilidad, mitigando la vulnerabilidad a lluvias intensas relacionadas al cambio climático, así como los posibles deslizamientos de tierras que pueden interrumpir el transporte y comercialización de los productos. “Si hablamos de competitividad, el cambio climático va a afectar a toda la cadena de producción, desde el momento de provisión del insumo de agua, que es crítico, y en la floración, fructificación y desarrollo vegetativo que puede tener la planta, hasta los procesos de transporte”. La funcionaria agregó que la NDC del sector agrícola está considerando todos estos elementos en una labor conjunta que abarca al Minam, Minagri, INIA y Senasa para que las medidas de adaptación se implementen a nivel del territorio a través de proyectos de inversión pública que tienen que ser promovidos con apoyo del Estado y el sector privado. En tanto, el Minam trabaja en la identificación de indicadores y sistemas de monitoreo para rendir cuentas a la Convención Marco de París y a las instancias de nivel interno sobre los avances en las brechas y los posibles impactos en productividad de las sequías prolongadas y lluvias intensas. Esto requiere, complementó Egas, identificar no solo tecnología apropiada sino también políticas, normativas, regulaciones, metodologías, mecanismos de financiamiento y servicios de información vinculados al factor agroclimático. “Es un trabajo arduo que desarrollamos; tenemos apoyo de la cooperación internacional y pronto con la Ley Marco de Cambio Climático que está en proceso de reglamentación se habilita el involucramiento del sector privado, civil, la academia y otros actores para generar acciones concretas de adaptación que no deben ser vistas como ajenas al proceso sino que son procesos que debemos ajustar para que nuestra productividad sea sostenible”, finalizó.",agraria.pe/agronegocios,https://agraria.pe/noticias/el-cambio-climatico-va-a-afectar-a-toda-la-cadena-de-producc-18455
2019-02-19,180 contenedores semanales de banano de Piura en riesgo por paro indefinido de transportistas,"Precio del banano sigue en caída por mayor producción en Ecuador, Colombia, Costa Rica, entre otros.  Al menos 180 contenedores de banano que salen cada semana de Piura se encuentran en riesgo ante el anuncio del paro de los transportistas, indicó la vicepresidenta de la Mesa Técnica del Banano, Marcia Herrera Reto. “En una semana se envía de Piura 180 contenedores, si se prolonga o es indefinido se afectará las exportaciones y los ingresos de los productores. Además, se perdería clientes con los que ya se tiene contratos firmados, así como la imagen del país”, indicó. Como se sabe, el gremio nacional de transportistas y conductores (GNTC) anunció que realizará un paro indefinido desde ayer ante la indiferencia por solucionar los problemas que afectan al transporte de carga. Precio en caída Herrera Reta señaló que el precio del banano sigue en caída, actualmente una caja de 18.14 kilos se oferta entre US$ 5.20 y US$ 6.50, cuando en años anteriores osciló entre US$ 6.20 y US$ 7.0 por la mayor producción en países como Ecuador, Colombia, Costa Rica y otros. Además, está cerca a los mercados europeos y el precio por caja igual es menor. Refiere que esta situación obliga a que cada año se tenga que exportar un mayor volumen de tonelaje para obtener mayores ingresos. Desde el 2018 se enfrentan al problema del agua, lo que ha reducido en hasta un 25% la productividad de la fruta. La también jefa del área de certificación de la Asociación de Pequeños Productores de Banano Orgánico Samán y Anexos (Appbosa), indicó que antes se regaba el cultivo cada 28 a 30 días y hoy lo hacen cada 40 a 45 días, con lo que se retrasa el proceso para la cosecha de las racimas de banano. Agregó que a pesar de las bajas en el precio, esperan tener un crecimiento entre 10% a 15% de las exportaciones totales; estimó que los envíos llegarían a sumar US$180 millones este año. Fuente: eltiempo.pe",agraria.pe/agronegocios,https://agraria.pe/noticias/180-contenedores-semanales-de-banano-de-piura-en-riesgo-por--18449
2019-02-15,Exportaciones peruanas de cítricos alcanzarían las 200 mil toneladas este año,"Incremento estaría sustentado por los mayores despachos de mandarinas, lideradas por las variedades W. Murcott y Tango.  En el presente año las exportaciones peruanas de cítricos (mandarina, naranja, tangelo, toronja y limón) alcanzarían las 200 mil toneladas, lo que representaría un incremento de 10% frente a las 180.239 toneladas despachadas en 2018. Así lo señaló el gerente general de Asociación de Productores de Cítricos del Perú (ProCitrus), Sergio del Castillo Valderrama, quien destacó que este incremento estaría sustentado por los mayores despachos de mandarinas, lideradas por las variedades W. Murcott y Tango. Indicó que hay nuevas inversiones en cítricos, tanto de mandarinas en La Libertad como de limones en Lambayeque y Piura. Por el lado de la costa central (Lima e Ica) dijo que si bien no hay un crecimiento de nuevas áreas de mandarinas sí se aprecia una rotación de cultivos, es decir pasaron de sembrar variedades antiguas por nuevas lo que genera un cambio en la producción. Agregó que las variedades patentadas que tengan buenas características para la exportación tendrán cierto desarrollo en el país. Asimismo, dijo que la oportunidad en el negocio de las mandarinas pasa por contar con variedades que permitan atender las diferentes ventanas comerciales (temprana, media y tardía). Sergio del Castillo manifestó que en los últimos años hubo una mejora de los precios a nivel mundial de los cítricos, debido a la alta demanda de estas frutas por ser fuente de vitamina C, lo cual trae beneficios a la salud.",agraria.pe/agronegocios,https://agraria.pe/noticias/exportaciones-peruanas-de-citricos-alcanzarian-las-18424
2019-02-14,Plagas en los cultivos y crianzas podrían presentarse tras las lluvias,"Limpieza y orden en las chacras permitirían cero incidencias de roedores.  El Servicio Nacional de Sanidad Agraria (Senasa), informó que plagas y enfermedades en los cultivos y crianzas podrían presentarse pasadas las lluvias, huaicos y desbordes que afectan las regiones que se encuentran en emergencia en el Perú. En estos momentos, hasta las plagas son afectadas por los fenómenos climáticos, muchas se han visto arrasadas, sin embargo, pasado el temporal se van a refugiar en el caos y desorden, situación que aprovecharán para reproducirse, explicó la autoridad fito y zoosanitaria. Limpieza y orden contra roedores De manera preventiva el Senasa está trasladando insumos para el control de roedores para para proteger los cultivos pasadas las temporadas de lluvias. Estas acciones se realizarán principalmente Arequipa, Tacna y Moquegua, pero en estos momentos la prioridad es la población. La prevención es necesaria para evitar daños en cultivos, crianzas y reducir la probabilidad de enfermedades que se transmiten de animales a humanos, como salmonelosis, leptospirosis, entre otros. Los especialistas y técnicos están reforzando las acciones de vigilancia y control para prevenir el aumento de la plaga en campos de cultivos. Pasada la emergencia, se deben mantener los campos limpios y ordenados, de esta manera se puede evitar que existan daños en la agricultura terminadas las lluvias. Caracol Africano Esta plaga se ubica exclusivamente en zonas tropicales del Perú, las precipitaciones fluviales favorecen su reproducción por lo que su número podría aumentar. Ante ello, se viene implementando, en las zonas agrícolas de las regiones con presencia de esta plaga, equipos de aplicación de químicos para su control y erradicación. En las zonas urbanas, el Senasa presta apoyo a los gobiernos locales y al Ministerio de Salud para el control de esta plaga. Se exhorta a la población a no tocar de manera directa, menos consumir estos moluscos, ya que pueden transmitir parásitos o enfermedades peligrosas. Langosta controlada Sobre la temible langosta, el Senasa informó que en el Perú esta plaga se encuentra totalmente bajo control, en estado solitario, sin causar daños a cultivos o a la vegetación silvestre.",agraria.pe/agronegocios,https://agraria.pe/noticias/plagas-en-los-cultivos-y-crianzas-podrian-presentarse-tras-l-18420
2019-02-13,Envíos de mango son impulsados con tecnología rápida y eficiente,"La región Piura tiene gran potencial de crecimiento en producción y exportación. El puerto de Paita es el principal centro de envío de la fruta.  El mango es uno de los principales productos de la canasta agroexportadora peruana que mantiene su demanda en el mundo. En los últimos años no solo presentó un incremento en envíos, sino también en la superficie cultivada, siendo Piura la principal zona productora y exportadora de la fruta. Actualmente presenta gran potencial de escala mundial. En la campaña anterior (2017/2018) el Perú despachó 204 mil toneladas de mango fresco, de las cuales el 70% provino de la región Piura, indicó la Asociación Peruana de Productores y Exportadores de Mango (APEM). Precisamente, el mango piurano es muy apreciado en destinos como Estados Unidos, Canadá, Países Bajos, España, Francia, Reino Unido, Corea, entre otros. Diego Blotte, Country Manager de Maersk Perú, comentó que, desde el puerto de Paita, el mango es enviado a Filadelfia (Estados Unidos) con un servicio estacional llamado ""Oceania Service"" (debido a que viene desde Nueva Zelanda) que conecta Paita y Filadelfia en 11 días, lo cual permite que el producto llegue rápidamente, manteniendo sus características y calidad. Asimismo, señaló que los embarques siguen los procedimientos exigidos por las normas de calidad y sanidad internacionales y certificados por el Servicio Nacional de Sanidad Agraria (Senasa), así como por certificadoras internacionales. Estas condiciones permiten competir en las mejores condiciones al mango nacional con productores de Ecuador, Brasil, México y otros. Las cifras de Aduanas-Sunat señalan que el mango nacional se envía principalmente como fruta fresca (60%), congelado (20%), pulpa (5%) y jugo (5%). Asimismo, gran parte del mango fresco se despacha a Europa (68%) y a Estados Unidos (25%), así como a otros mercados de Latinoamérica y Asia. Dato . La campaña de mango peruano se inicia a principios de noviembre y se extiende hasta marzo. No obstante, en enero es donde se concentra la mayor producción y volúmenes de exportación. Las variedades que se cultivan son Kent, Edward, Ataulfo, Haden y Keitt. De estas, la variedad Kent es la que tiene un mejor desempeño para los despachos. Es perfecta para ir a destinos lejanos como China, que llega por vía aérea en buen estado manteniendo su sabor, textura y valor nutricional.",agraria.pe/agronegocios,https://agraria.pe/noticias/envios-de-mango-son-impulsados-con-tecnologia-rapida-y-efici-18412
2019-02-13,Hongos bajan niveles de cadmio en plantaciones de cacao,"El hongo logró que el metal se uniera a la fracción menos soluble del suelo, lo cual haría que la planta no lo absorbiera desde la raíz.  Los hongos formadores de micorrizas arbusculares (FMA) mejoran algunas funciones fisiológicas de las plantas para aumentar la tolerancia a condiciones de estrés –como la sequía– y también contribuyen a reducir la absorción de cadmio, metal que causa toxicidad en los cultivos. Así lo comprobó la química Diana Milena Jácome, magíster en Ciencias Agrarias de la Universidad Nacional de Colombia (U.N.), luego de realizar análisis morfológicos y fisiológicos de plantaciones de cacao en etapa de vivero en Casanare. La presencia de hongos FMA en sistema suelo-planta de cacao, en etapa de vivero, muestra efectos determinantes en parámetros de producción de biomasa y manejo de suelos con problemas de acumulación de cadmio por origen antrópico o actividades mineras. “Este hongo también afecta la dinámica del cadmio, un metal pesado que se va acumulando en el suelo tras el uso de fertilizantes. El hongo logró que el metal se uniera a la fracción menos soluble del suelo, lo cual haría que la planta no lo absorbiera desde la raíz”, señala la magíster. “Por su alta permanencia en el medio, este metal se puede ir acumulándo con el tiempo. El suelo de Colombia concentra bastante cadmio natural, situación preocupante ya que causa graves trastornos en los humanos”, agrega. El chocolate –cuya producción nacional en 2017 alcanzó unas 60.000 toneladas– es uno de los productos que más ha presentado inconvenientes por presencia de cadmio a la hora de ser exportado, por lo cual se estableció un plazo hasta 2019 para empezar a bajar los niveles del elemento. La investigación se realizó en el campus Utopía, de la Universidad de La Salle, localizado en la Hacienda Matepantano, en Yopal, donde se construyó un vivero de 8 metros x 20 metros cubierto con polisombra al 65 % y plástico transparente como recubrimiento, con el fin de controlar el ingreso de aguas lluvias que provocaran un aumento en la cantidad de residuos contaminados con cadmio; también se instaló un plástico en el suelo como barrera física para mantenerlo libre del metal. Se construyeron 5 bloques de 3 x 4 m cada uno, con una inclinación aproximada de 4°; al final se dispusieron canaletas metálicas para recoger los lixiviados, líquido resultante del paso de fluidos a través de un sólido. Después se realizaron 10 tratamientos de la interacción de cinco concentraciones diferentes de cadmio de suelo y dos tratamientos con el hongo FMA, con y sin inoculación. En cada bloque las plantas con la misma concentración de cadmio se ubicaron en una sola fila para evitar contaminación cruzada por lixiviación. Las muestras que se almacenaron en bolsas plásticas y los residuos líquidos transferidos a recipientes plásticos se dejaron temporalmente bajo techo hasta que se terminó el muestreo. Una vez finalizado el ensayo, los residuos sólidos y líquidos se transportaron a Bogotá y se entregaron a la Unidad de Gestión Ambiental de la U.N. para su análisis. Fuente: AgroAlimentando",agraria.pe/agronegocios,https://agraria.pe/noticias/hongos-bajan-niveles-de-cadmio-en-plantaciones-de-cacao-18410
2019-02-12,En el tercer trimestre del año se convocaría a nueva licitación para Alto Piura,"Una empresa consultora tendrá que realizar un nuevo expediente a fin de continuar con la obra.  La administración del proyecto de irrigación hidroenergético Alto Piura planea reanudar la licitación para culminar las obras que dejó pendiente el consorcio Obrainsa-Astaldi. Se estima que en el transcurso del tercer trimestre del año pueda ser convocada la nueva licitación del proyecto. Para ello, una empresa consultora tendrá que realizar un nuevo expediente a fin de continuar con la obra. Actualmente, en la perforación del túnel hay un avance de dos kilómetros, de los trece que se tienen que realizar.",agraria.pe/agronegocios,https://agraria.pe/noticias/en-el-tercer-trimestre-del-ano-se-convocaria-a-nueva-licitac-18402
2019-02-08,Perú debe aprovechar con sus menestras las nuevas megatendencias de consumo a nivel mundial,"Las legumbres fueron uno de los productos que anticiparon el éxito de la agroexportación peruana y tienen mucho campo para crecer con los pequeños productores.  William Arteaga, viceministro de políticas agrarias del Ministerio de Agricultura y Riego (Minagri), recordó, a propósito del Día Mundial de las Legumbres (que se celebra el 10 de febrero), que las menestras fueron uno de los productos que prefiguraron el éxito de la agroexportación peruana de hoy, lo que se refleja en puntos como que el Comité de Menestras de ADEX fue uno de los más fuertes en el gremio exportador, lo que ayudó a generar tecnología, tratamiento y desarrollo de semillas. “Hace varios años una de las inquietudes del Comité era la ausencia de semillas, la falta de un banco de semillas. Hablábamos entonces del frijol castilla, gandul, frijol de palo, los garbanzos, pallares de Ica, etcétera. Eso fue creciendo y salieron muchas iniciativas”, comentó, apuntando además que desde un inicio se hizo énfasis en la gran variedad de leguminosas del país con alto valor nutritivo, bajo costo de semilla y huella hídrica positiva. Por esas características, el funcionario del Minagri remarcó que las leguminosas son un producto ideal para los pequeños productores que son mayoría en el Perú. Reconoció en este sentido que hay un gran espacio por aprovechar, el cual no ha avanzado al ritmo que se hubiera deseado. Wiliam Arteaga estimó que las menestras encajan perfectamente en las nuevas megatendencias de consumo del futuro que ya se empiezan a percibir en el mundo en cuanto a la alimentación, y que empalman con los estilos de vida de la gente más joven. “Hoy las cocinas se achicaron y ganaron espacio los microondas; antes se pensaba que el microondas era un lujo, ahora es de primera necesidad”, dijo. En esa línea, observó que los alimentos listos para comer y que sean altamente nutritivos son los que marcarán la pauta en la que debe encaminarse este rubro productivo. Y es que cada vez más la gente busca valores nutracéuticos y antioxidantes, características que han valido para el gran reconocimiento que hoy tienen por ejemplo los arándanos y la quinua. A esto se suma que las legumbres peruanas tienen gran sabor, lo que es un punto a favor muy importante para su éxito comercial. Por ello, finalizó, todos los miembros de la cadena de las legumbres, como productores, cocineros, prensa y demás, deben ayudar en su difusión y convertirlas en el nuevo boom peruano.",agraria.pe/agronegocios,https://agraria.pe/noticias/peru-debe-aprovechar-con-sus-menestras-las-nuevas-megatenden-18383
2019-02-08,Exportaciones de café y cacao superarían los US$ 1.000 millones este año,"Exportaciones de superfoods donde destacan la quinua, kiwicha y sacha inchi sumarían cerca de US$ 300 millones.  Al cierre del presente año, las agroexportaciones peruanas alcanzarían los US$ 8.000 millones, lo que representaría un incremento de 14% respecto a los poco más de US$ 7.000 millones alcanzados en el 2018. Así lo indicó el viceministro de Políticas Agrarias del Ministerio de Agricultura y Riego (Minagri), William Arteaga Donayre, quien dijo que el grueso del rubro exportador está concentrado en frutas y hortalizas frescas, el cual es el mercado más dinámico y expansivo. Además, destacó que entre café y cacao los despachos superarían los US$ 1.000 millones y cerca de US$ 300 millones en lo que son los superfoods entre los que destacan la quinua, kiwicha y sacha inchi. “La agricultura de exportación ha venido creciendo a un ritmo importante. La tendencia de crecimiento de las agroexportaciones se mantiene a lo previsto y se proyecta llegar al 2021 alcanzando los US$ 10.000 millones”, comentó. Cerezas En otro momento, William Arteaga se refirió a la cereza, cultivo que podría tener potencial en nuestro país. Dijo que las iniciativas públicas y privadas que se vienen realizando en esta fruta son para conocer cuáles son las condiciones agroclimáticas ideales para su desarrollo, aprovechando el clima y suelo como ventajas comparativas. “El reto de la exportación de cereza en fresco es ubicar su cosecha antes que salga la oferta de Chile, no es producir sino lograr la variedad, el color y la oportunidad que quiera el mercado internacional. Esas son las evaluaciones que realizan de manera reservada en algunos casos las empresas privadas”, sostuvo. Agregó que de ser viable este cultivo (si se dan las condiciones de calidad, oportunidad y mercado) la cereza puede ser un boom espectacular en los próximos años.",agraria.pe/agronegocios,https://agraria.pe/noticias/exportaciones-de-cafe-y-cacao-superarian-los-us-1000-18380
2019-02-07,Productores de banano orgánico y espárrago están presentes en Fruit Logística 2019 de  Alemania,"Organizaciones agrarias llevan oferta exportable con la finalidad de estrechar lazos comerciales a nivel internacional. A través de Agroideas, accedieron a Planes de Negocios que mejoraron sus capacidades productivas.  Seis productores de dos organizaciones agrarias de Piura y La Libertad llevan su oferta exportable a la Feria Fruit Logística 2019, que se realiza del 6 al 8 de febrero en Berlín (Alemania). La delegación peruana exhibe sus productos en el ""Pabellón Perú"" en donde establecen contacto con empresarios y proveedores de los cinco continentes. La Fruit Logística 2019 es considerada la feria más importante del mundo para el sector hortofrutícola que reúne anualmente a más de 78 mil visitantes y más de 3 mil expositores. Este evento concentra principalmente, la oferta en frutas (45.5%) y hortalizas (31.5%). Banano orgánico piurano de exportación Los 50 socios de la Cooperativa Agraria Alto Grande Santa Sofía de Sullana ya hicieron realidad el sueño de la exportación directa a Alemania Holanda y Bélgica, pero ahora sus esfuerzos se enfocan en expandir sus fronteras internacionales y la Fruit Logística 2019 es el escenario ideal. La organización agraria accedió a un Plan de Negocio de Agroideas por S/ 379.592 que les permitió mejorar sus capacidades productivas a través de la compra de maquinaria, vehículos y la adquisición de las certificaciones Orgánica, Global GAP y Fair Trade. En 2018, generaron ventas por US$ 2.500.000 (Valor FOB). Espárrago liberteño en auge La Asociación de Productores Agropecuarios de Los Molinos de Cajanleque de la provincia de Ascope en La Libertad, está conformada por 73 productores que quieren seguir los pasos de la cooperativa Santa Sofía. Si bien solo destinan su producto al mercado interno, ya cuentan con la infraestructura necesaria para lograr la tan ansiada exportación directa. A través de un Plan de Negocio del Programa de Compensaciones para la Productividad (Agroideas), que involucró una inversión de S/1.096.650 se logró la instalación y equipamiento de una planta de procesamiento de espárrago verde y línea de empaque automatizado con tecnología de punta que tiene capacidad para producir hasta 15 toneladas diarias. Datos . Según la Superintendencia Nacional de Administración Tributaria (SUNAT), el año 2018 en el Perú se exportaron más de 116 mil toneladas de espárrago fresco a 39 países por más de US$ 338 millones (Valor FOB). . Del mismo modo, la cifra de exportación de banano orgánico alcanzó las 213 mil toneladas, generando ventas por más de US$ 153 millones (Valor FOB).",agraria.pe/agronegocios,https://agraria.pe/noticias/productores-de-banano-organico-y-esparrago-estan-presentes-e-18377
2019-02-07,Gobierno priorizará 15 grandes proyectos de irrigación en el país,"Uno de estos proyectos es la presa de Chonta en Cajamarca, para lo cual se ha garantizado una inversión de S/ 500 millones.  El presidente de la República, Martín Vizcarra, afirmó que su Gobierno impulsará 15 grandes proyectos de irrigación en diversas regiones del país, para mejorar el sector agrario y continuar con el crecimiento económico del Perú. Durante su participación en el Muni-Ejecutivo realizado en Cajamarca, anunció que uno de estos proyectos es la presa de Chonta, infraestructura de irrigación que beneficiará directamente a los agricultores cajamarquinos. El Mandatario garantizó los S/ 500 millones para este proyecto, por medio del Ministerio de Agricultura y Riego (Minagri), a fin de iniciar las obras correspondientes. “Ahora hemos hecho un listado de 15 proyectos de irrigación que son los más importantes de todo el Perú, los cuales vamos a empezar en este Gobierno y tendrán toda la prioridad”, dijo. Dato . El presidente de la República felicitó a la región Cajamarca por los avances en la reducción de la anemia infantil, gracias al cambio de hábitos alimenticios, lo cual debe ser un ejemplo replicado en todo el país.",agraria.pe/agronegocios,https://agraria.pe/noticias/gobierno-priorizara-15-grandes-proyectos-de-irrigacion-en-el-18371
2019-02-07,Café dejará de ser fuente de trabajo en la mayor área cafetalera del país por el cambio climático,"Desolador panorama para la caficultura nacional.  Las altas oscilaciones de la temperatura debido al cambio climático, ponen en peligro la producción de café arábico, el cual se siembra en nuestro país. Así lo indicó el gerente de la Junta Nacional del Café (JNC), Lorenzo Castillo Castillo, quien señaló que las altas temperaturas afectan la calidad del producto, incrementan la presencia de plagas, reducen los rendimientos productivos y generan sobrecostos al productor. “El café arábico tiene un horizonte de alto riesgo que lo veníamos advirtiendo en los últimos 10 años, el desafío que tenemos es si seguimos sembrando cafés arábicos y en qué condiciones”, sostuvo. Señaló que la mayor parte del café en nuestro país se encuentra instalado entre los 1.500 a 2.000 m.s.n.m, además la tendencia es sembrar más café en la sierra, zona que sentirá los mayores efectos del cambio climático, por lo que se prevé que el café dejará de ser fuente de trabajo en la mayor área cafetalera del Perú. “Esos 2.5 millones de peruanos que viven de manera directa e indirecta de la economía del café a qué se van a dedicar o qué ingresos van a tener en el futuro. ¿Qué será de Pangoa, Pichanaki, Selva Central o Villa Rica dentro de 20 años? ¿Cómo el país se prepara para enfrentar este riesgo? ¿Qué pasará si no hay café, con qué lo reemplazamos? Este es el horizonte caficultor por el cambio climático”, manifestó. Robusta por arábica Agregó que en el mundo se registra un crecimiento de café robusta. Hace 30 años la producción global de café robusta no pasaba los 15 millones de sacos (61 kilos cada saco) y actualmente son más de 65 millones de sacos. “Este importante incremento de los cafés robustas en la industria mundial del café se debe a una motivación económica. La gran industria necesita materia prima barata y el café robusta tiene menor precio en el mercado en relación a los arábicos. Además, a la gran industria no le interesa calidad sino volúmenes”, agregó. Indicó que la cooperación internacional hace 15 años comenzó a promover cultivares nuevos, resistentes a plagas, en la primera etapa con cafés de alta calidad, sin embargo hoy están promocionando los cafés robustas, los cuales tienen menos cafeína, menos acidez y son más suaves. “Esta tendencia de interés de comercial de la gran industria choca con la caficultura de América Latina, excepto Brasil que siembra robusta”. Seguir con café arábica o cambiar a robusta Lorenzo Castillo dijo que en ese contexto Perú debe pensar cómo se adapta a las nuevas tendencias y al cambio climático. Señaló que es importante contar con la capacidad instalada para cambiar el café arábico por robusta, tener el recurso humano, además de las inversiones correspondientes. “La gran industria busca sostenibilidad en su negocio, en cambio nosotros los pequeños pensamos en la sobrevivencia del día a día, este es un punto de partida para decir Perú quiere seguir como está o entramos a otro escenario de cambio, de adaptación”, comentó. Mercado comienza a exigir certificaciones ambientales En otro momento, señaló que actualmente la gran industria de Europa está preocupada por el cambio climático, por lo que ha planteado un esquema de incidencia que establece certificaciones de huellas ambientales. “Europa dice que en 3 años el café, cacao y banano que ingresen a su territorio requerirán una referencia de cuánta contaminación o contribución a reducir los gases de carbono. Esa es una condición de mercado que para algunos es una medida paraaranceleria, pronto entrarán Japón, Estados Unidos y debemos adaptar la caficultura a ese proceso, ya que el 65% del café peruano se va a Europa y nos vemos obligado a poner en agenda este tema, el cual es un tema estratégico para nuestro futuro”, sostuvo. Dato . Lorenzo Castillo resaltó que en los últimos tres años la pérdida estimada en la economía del pequeño productor por efecto referencial de precio en la relación al costo de producción es S/ 2.764 millones. Al respecto, detalló que el estimado de costo de producción está por encima de S/ 9 el kilo contra el precio de venta de S/ 5.3. Además dijo que esta crisis amenaza extenderse por dos años más, salvo que se produzca la fuerte sequía que se anuncia en Brasil, la cual elevaría el precio del café en el mercado internacional.",agraria.pe/agronegocios,https://agraria.pe/noticias/cafe-dejara-de-ser-fuente-de-trabajo-en-la-mayor-area-cafeta-18370
2019-02-06,"Exportaciones de café en Brasil alcanzaron los 31.52 millones de sacos, registrando un aumento de 15% en 2018","En 2018 Brasil tuvo una cosecha récord de casi 62 millones de sacos de café.  Los exportadores cafeteros de Brasil vendieron al exterior 31.52 millones de sacos de café verde en 2018 (cada saco es de 60 kilos), registrando un aumento 15% respecto a 2017, dado que una cosecha récord impulsó los volúmenes de exportación, indicó el Consejo de Exportadores de Café de Brasil (Cecafé). Asimismo se espera que las ventas internacionales vuelvan a crecer este año, posiblemente a niveles en torno a los 33 o 34 millones de sacos, si se confirma el actual panorama positivo para la cosecha 2019 y mejoran las condiciones de embarque en los puertos. Cecafé dijo en su reporte anual que Brasil, el mayor productor mundial, exportó 29.04 millones de sacos de café arábiga en 2018, un 7.1% más que el año previo. Por su parte, los envíos de café robusta totalizaron 2.48 millones de sacos, muy por encima de los 295.623 sacos exportados en 2017, cuando hubo una dura sequía. Los granos de arábiga normalmente son usados por los productores de marcas de mayor calidad, mientras que la variedad robusta se vende sobre todo a los fabricantes de café instantáneo. Brasil tuvo una cosecha récord el año pasado, de casi 62 millones de sacos de café. Las estimaciones iniciales de analistas independientes marcan que la producción será menor pero elevada en 2019, año de menor rendimiento en el ciclo bienal del cultivo de arábiga que alterna mejores y peores cosechas. Las exportaciones de café verde en diciembre alcanzaron los 3.36 millones de sacos de 60 kilos, frente a los 2.64 millones de sacos del mismo mes de 2017. Cecafé dijo que los volúmenes de exportaciones en el último trimestre de 2018 llegaron a un récord histórico de 10.48 millones de sacos, y que continuarían fuertes en los primeros meses de 2019 porque el mercado sigue bien abastecido. Fuente: América Economía",agraria.pe/agronegocios,https://agraria.pe/noticias/exportaciones-de-cafe-en-brasil-alcanzaron-los-3152-millones-18369
2019-02-06,Productores apuestan por la reconversión de la caficultura peruana a través de la agroforestería como sistema de jubilación,"Enfoque ha sido expuesto en reuniones de trabajo con el ministro de Agricultura y funcionarios de la PCM.  La reconversión de la caficultura peruana con enfoque de adaptación al cambio climático y el objetivo de brindar seguridad social mediante el ahorro previsional con la siembra de árboles es un esquema que viene promoviendo la Junta Nacional del Café (JNC) desde hace varios años, informó su presidente, Tomás Córdova Marchena. Sostuvo que de esta manera se busca mejorar la economía de los pequeños productores y al mismo tiempo contar con una cobertura de seguridad social y jubilación mediante el ahorro a través de la siembra de árboles maderables. ""Este enfoque ha sido expuesto en diversas reuniones de trabajo al ministro de Agricultura como a funcionarios de la Presidencia del Consejo de Ministros a fin de que se priorice en el Plan Nacional de Café"", comentó. Córdova remarcó que en Perú diversas cooperativas están desarrollando proyectos de agroforestería con fines previsionales. Por ejemplo, en Selva Central destacan las experiencias de las cooperativas Pangoa, Ubiriki y ACPC Pichanaki, entre otras. En el norte están los proyectos de las cooperativas CENFROCAFÉ, La Prosperidad de Chirinos, Unicafec, Aprocassi y Sol y Café. Y en San Martín están los pilotos desarrollados por las cooperativas Oro Verde, Acopagro y Adisa. ""Este proceso tiene hoy el acompañamiento de la Unión Europea a través del proyecto Café Correcto, que se viene implementado en 18 cooperativas en el norte, centro y sur del país"", indicó el dirigente. Apoyo financiero La JNC viene motivando a entidades financieras sobre la pertinencia de promover esta reconversión de la caficultura peruana como alternativa al riesgo del cambio climático, como ya se está ejecutando en otros países cafetaleros como Costa Rica, Guatemala, Honduras y Colombia, a través de la Federación de Cafeteros. Asociar café con agroforestería y con otros cultivos, en una especie de caficultura de tres pisos, es un mecanismo que ya se está llevando a cabo también en Vietnam e Indonesia. El dirigente cafetalero refirió que tanto el Ministerio de Agricultura como la PCM han mostrado sumo interés en conocer la viabilidad económica de este proceso, y están realizando algunos avances. ""La reconversión de la caficultura es prioridad, toda vez que se tiene que reorientar la renovación de cafetales sobre todo en áreas por debajo de los 1.500 metros de altura, a fin de evitar el daño que ocasiona el incremento de plagas y el cambio climático, que generan serios problemas y carencia de rentabilidad"", advirtió. Estos proyectos tienen el objetivo de cooperar con la adaptación y mitigación del cambio climático, promover un sistema de ahorro previsional con el sembrado de árboles maderables y mejorar la rentabilidad de las fincas de café y cacao, actualmente afectadas por bajos precios y sobrecostos por el desorden de temperaturas en las zonas de producción de café, cacao y otros cultivos. Dato . Tomás Córdova dio estas declaraciones en el marco del Taller ""Experiencias y Desafíos en Sistemas Agroforestales en Café, articulados a la Jubilación Segura de Productores Agrarios"", donde se presentaron los procesos impulsados por organizaciones cafetaleras y cacaoteras del norte, centro y sur del país, en alianza con agencias de cooperación y empresas privadas.",agraria.pe/agronegocios,https://agraria.pe/noticias/productores-apuestan-por-la-reconversion-de-la-caficultura-p-18367
2019-02-06,Exportaciones de granadas y fresas crecen rápidamente y ya se encuentran entre las diez frutas más exportadas,"Agroexportaciones representaron el 12% de las exportaciones totales de Perú en 2018.  En 2018, las agroexportaciones peruanas alcanzaron los US$ 5.860 millones, representando el 12% de las exportaciones totales que ascendieron a US$ 47.702 millones (US$ 34.500 millones corresponden a los envíos tradicionales y US$ 13.200 millones a los no tradicionales). Así lo informó el titular del Ministerio de Comercio Exterior y Turismo (Mincetur), Edgar Vásquez, quien detalló que en lo que respecta al subsector agropecuario y/o agroindustrial (no tradicional) en 2018 creció 15% respecto al año precedente. Detalló que los principales productos despachados de este rubro son las uvas, cuyos despachos sumaron US$ 815 millones (+26%), las paltas con US$ 793 millones (+26%), los arándanos con US$ 554 millones (+49%), alcanzando todos niveles records de exportación. Agregó que en el caso de las paltas, nuestro país se ubica como el segundo exportador mundial, luego de México. Edgar Vásquez manifestó que frutas como las granadas (crecieron 16%) y las fresas (14%) vienen escalando rápidamente y ya se encuentran entre las diez frutas más exportadas de Perú.",agraria.pe/agronegocios,https://agraria.pe/noticias/exportaciones-de-granadas-y-fresas-crecen-rapidamente-y-ya-s-18361
2019-02-06,La palta apuntalará el desarrollo del agro nacional y fortalecerá el ingreso del trabajador rural,"Si Perú pretende desarrollar nuevos mercados y dejar de depender de los dos mega mercados como son la Unión Europea y Estados Unidos, urge trabajar intensamente en plazas como China, Hong Kong, Corea del Sur, Singapur, Arabia Saudita, Emiratos Árabes Unidos y Marruecos.  La palta se ha constituido en 2018 en el principal rubro de agroexportación del Perú, con una perspectiva de expansión muy ambiciosa, que va a apuntalar el desarrollo de la agricultura nacional y fortalecer el ingreso del trabajador rural. Así lo indicó el Ministerio de Agricultura y Riego (Minagri), a través de la Dirección de Estudios Económicos e Información Agraria (DEEIA), de la Dirección General de Políticas Agrarias (DGPA), en la publicación “La Situación del Mercado Internacional de Palta. Análisis desde una Perspectiva de las Exportaciones Peruanas”. En el estudio se destaca que el consumo mundial de palta ha crecido exponencialmente en los últimos años, y que su sabor y sus propiedades nutritivas lo han convertido en un alimento de moda en los países desarrollados y cada vez más jóvenes consumidores de los países emergentes vienen presionando con mayores demandas. Importación global En cuanto a las importaciones mundiales de palta, según datos de TradeMap estas vienen creciendo de una manera sostenida. En el período 2001-2017 se observa una tasa de crecimiento promedio de un 12.5% por año, de manera que en estos dieciocho años las importaciones mundiales se han incrementado en más de seis veces su volumen. En el 2017 el mundo importó 2.081.026 toneladas de palta, cuando en el 2016 se importaron 1.943.541 toneladas y en el 2001 solo eran 315.353 toneladas importadas. Aparentemente las importaciones de palta tienen una elevada diversificación, ya que se registran importaciones en más de 145 países del mundo, sin embargo se encuentran concentradas en pocas economías como son Estados Unidos y la Unión Europea (28 países miembros). Estos dos mega mercados importaron 1.7 millones de toneladas en 2017 (80.7% del total importado por el mundo). En 2017 Estados Unidos importó 900.198 toneladas, en el 2016 fueron 859.606 toneladas, pero en el 2001 solo eran 59.385 toneladas importadas. Por su parte, la Unión Europea importó 780.132 toneladas en 2017, cerca de 697.240 toneladas en 2016 y 186.236 toneladas en 2001. A esto se suman otros mercados de muy importantes y de permanente presencia, como son Canadá y Japón (que hace mucho tiempo ha occidentalizado su consumo); pero también aparecen con mucho ímpetu los mercados asiáticos como China, Hong Kong, a los que podríamos sumar Corea del Sur y Singapur, además de países árabes como Arabia Saudita, Emiratos Árabes Unidos y Marruecos. “Si Perú pretende desarrollar nuevos mercados y dejar de depender de los dos mega mercados como son la Unión Europea y Estados Unidos, urge trabajar intensamente los mercados señalados anteriormente, incluso el mercado Centroamericano, a fin de ingresar a dichos mercados en épocas contra estacionales, de manera que sin afectar su producción interna podríamos consolidar nuestra presencia y ampliar nuestros mercados de agroexportación combinando mecanismos de mercadeo con las exportaciones estacionales”, recomienda el estudio. Producción mundial Según datos de FAOSTAT la producción de palta en el mundo mostró un crecimiento de un 5.1% por año en el período 2000-2017, como respuesta a la expansión del consumo mundial. En 2017 se ha alcanzado la cifra de producción más elevada con 6.048.508 toneladas, cuando en 2016 fueron 5.737.522, mientras que en 2007 ascendió a 3.683.499 toneladas. México es el principal productor, consumidor y exportador de palta en el mundo, representó en 2017 el 34% de la producción mundial con una tasa de crecimiento anual de 5.09% en promedio (2000-2017). Le siguen en importancia República Dominicana con un 11% de participación y un incremento de 13.3% promedio anual. El tercer país en volumen de producción de palta es Perú con un 8% de participación en la producción mundial de la mencionada fruta. Perú es el país que muestra la tasa más elevada de crecimiento de su producción con un 14.4% promedio por año. A esa tasa de crecimiento posiblemente en 2021 igualemos la producción de República Dominicana. Nuestro país en 2017 produjo 466.758 toneladas de palta, en 2016 fueron 455.394 toneladas, en 2015 (367.110 toneladas), 2014 (349.317 toneladas), 2013 (288.387 toneladas), 2012 (268.527 toneladas), 2011 (213.662 toneladas), 2010 (184.370 toneladas), 2009 (157.415 toneladas), 2008 (136.303 toneladas) y en 2007 (121.720 toneladas). Exportación de palta Alrededor del 33% de la producción mundial de palta se exporta. Casi el 95% del volumen comercializado es de la variedad Hass, el incremento de las exportaciones en estos últimos 17 años es en promedio de un 12% por año, lo cual nos muestra que esta fruta recién está siendo valorada en su debida magnitud y es reconocida a través del mundo. En año 2017 la exportación mundial de palta ascendió a 1.993.000 toneladas, en 2016 fueron 1.871.000 toneladas, cuando en 2001 solo se exportaban 320 mil toneladas. México es el líder mundial en la exportación de este producto; en 2017 ha representado el 45% del total exportado. El segundo lugar le corresponde al Perú, que en 2017 exportó 247 mil toneladas (12.4% del total), además ha venido creciendo a una tasa promedio de un 32% por año, durante el período 2000 a 2017, superando en ese lapso a los más importantes países proveedores y comercializadores del mundo. Nuestro país en 2016 exportó 194 mil toneladas, en 2015 fueron 187 mil toneladas, 2014 (179.000 toneladas), 2013 (115.000 toneladas), 2012 (84.000 toneladas), 2011 (82.000 toneladas), 2010 (60.000 toneladas), 2005 (19.000 toneladas) y en 2001 (3.000 toneladas). China: Mercado con potencial Los patrones de consumo de la población china han limitado el dinamismo de las importaciones de palta de manera que recién a partir de 2013 se observan importaciones poco significativas (1.5 mil toneladas), en 2014 se registra un volumen de 4.1 mil toneladas, recién en 2015 se aprecia un salto en las importaciones cuando se eleva a 16 mil toneladas (290% crecimiento). En 2016 se incrementa a 25.1 mil toneladas (57%) y alcanza un importante volumen de importación en 2017 con 32 mil toneladas (28%). Solo tres países (México, Chile y Perú) son los proveedores de palta a China. Inicialmente México es el protagonista de dicho comportamiento (2014 y 2015), pero en 2016 y 2017 el fuerte incremento de las importaciones procedentes de Chile, lo convierten en el principal proveedor de paltas de China (11.6 mil toneladas y 16.7 mil y toneladas respectivamente). En cuanto al Perú, aún mantiene una modesta presencia en este mercado, en el 2015 importó a China un volumen de 3.6 mil toneladas, la misma que casi se duplica en 2017 con 6.7 mil toneladas (86% de aumento). No cabe duda que las importaciones de palta en China se vienen consolidando rápidamente aunque no en las cantidades que se esperaban, de manera que este potencial mega mercado aún no ha logrado adoptar a este fruto de origen latinoamericano. El volumen de palta demandado actualmente por China, teniendo en cuenta el número de habitantes (1.360 millones) es realmente muy limitado. Este es un producto que hasta hace unos años atrás era solo para un nicho de mercado de turistas o visitantes occidentales que llegaban a los hoteles por negocios. Actualmente existe un mercado potencial de 180 millones de consumidores de clase media y alta, distribuidos en más de 100 ciudades chinas, que tienen poco o nulo conocimiento de las bondades de la palta peruana, salvo un número marginal de personas que está empezando a disfrutar de esta exquisita fruta. Se estima que este tipo de consumidor se debe ampliar hasta más de 400 millones al año 2020, de acuerdo a un trabajo realizado por dos consultores de un centro de investigación de mercados publicado en el sitio web de McKinsey & Company en 2012, denominado, “Meet the Chinese consumer of 2020” por Yuval Atsmon y Max Magni. Es necesario realizar campañas de promoción de las paltas en China para lograr que el producto sea conocido y se publiciten las formas de prepararlas para su consumo. Al ser la palta un producto poco conocido es preciso educar al consumidor chino respecto de su estado de madurez, posibles preparaciones y formas de distinguir la calidad del producto. Oportunidades para Perú Siendo México de lejos la primera potencia exportadora y el Perú el dinámico proveedor que está tratando de romper la hegemonía del gigante productor de palta, si pretendemos consolidar nuestra presencia en el importante mercado norteamericano y mundial, necesitamos analizar la estacionalidad de las exportaciones de México. La palta mexicana ingresa al mundo durante todo el año, pero alcanza sus volúmenes más importantes entre los meses de octubre a mayo de cada año, mientras que el Perú sale a partir de marzo hasta setiembre de cada año, justamente en los meses en que México alcanza sus menores niveles de exportación, de ahí que la mejor oportunidad para poder ampliar nuestras exportaciones es aquel período en que es muy limitado el volumen colocado por México (marzo-setiembre). En ese sentido, el Perú tendrá las mejores oportunidades de ingresar hacia aquellos mercados con los que compite con México, justamente en aquellos períodos en los que estacionalmente están poco abastecidos por dicho país, es decir cuando éste disponga de una menor oferta exportable en el mercado. De hecho que esta menor oferta de paltas por parte de México va a influir en mejorar el precio del producto en el mercado internacional, este será el mejor momento para la palta peruana, de poder consolidar su presencia en el mercado norteamericano, incluso en mercados potenciales para el Perú, como Japón, Canadá, China y Centroamérica. Además, es necesario incentivar el consumo de la palta Hass en el Perú, ya que es muy limitado el consumo de esta variedad, esto permitiría tener un mercado base que compense las caídas coyunturales de la demanda mundial. Datos . Actualmente existen alrededor de 500 variedades de palta en el mundo, de estas las que más se cultivan son la palta Hass, Fuerte, Bacon, Reed, Pikerton, Gween, etc. A nivel mundial casi el 95% del comercio mundial de palta es de la variedad Hass. . Recientes informaciones sobre el primer productor y exportador de paltas del mundo que es México señalan que está muy interesado en incrementar sus exportaciones de paltas y otros productos agrícolas hacia los Estados Unidos. Este tema fue uno de los aspectos claves de la renegociación del Tratado de Libre Comercio con Estados Unidos (TLCAN). México sigue ampliando su frontera agrícola legal o ilegalmente, con ello busca cubrir la creciente demanda de palta y para asegurar su oferta exportable. . Los exportadores mexicanos confían en la posibilidad del crecimiento de las ventas en otros mercados, uno de los destinos que más ha captado la atención es China, donde el consumo crece velozmente. En 2014, China importó 400 toneladas de palta mexicanos (todo de Michoacán) y, en 2017, esa cifra subió a 14.000 toneladas. Además, los productores de la región de Jalisco tienen el foco puesto en el mercado mundial hace ya un tempo.",agraria.pe/agronegocios,https://agraria.pe/noticias/la-palta-apuntalara-el-desarrollo-del-agro-nacional-18360
2019-02-05,Empresas agroindustriales de Piura formalizan a 10.254 trabajadores,"Personal contratado verbalmente no había sido registrado en la planilla electrónica ni contaba con seguridad social de salud, por lo que no gozaba de beneficios laborales.  Un total de 10.254 trabajadores del sector agroindustrial y agrario de diversas provincias de Piura formalizaron su situación laboral, destacó la Superintendencia Nacional de Fiscalización Laboral (Sunafil) que intervino en el proceso a través de la Intendencia Regional de Piura. Precisó que el personal, contratado verbalmente como peones para la cosecha de uva, mango, plátano y realizar labores en plantas procesadoras, no había sido registrado en la planilla electrónica ni contaba con seguridad social de salud, por lo que no gozaba de beneficios laborales. Esta situación fue detectada al momento de entrevistar a los trabajadores, durante el recorrido que realizó el equipo de inspectores de Sunafil a los fundos de cosecha y producción. También visitaron las oficinas de las empresas, a fin de verificar los cuadernos de asistencia y comprobar si la información –declarada formalmente ante la Sunat– era verídica. Los operativos desarrollados por el equipo Perú Formal Rural se ejecutaron durante la última semana de enero, pero previo a las intervenciones se desarrolló una etapa de inteligencia para realizar un cruce de información con datos de las empresas inspeccionadas. La entidad fiscalizadora precisó que las empresas formalizaron a sus trabajadores, por ello ninguna fue multada. No obstante, se les dio medidas de advertencia, donde se les indicó que cada vez que realicen un proceso de reclutamiento, deben cumplir con la ley y colocar a su personal en la planilla electrónica, y así no recibir sanciones. Sunafil aseguró que la estrategia de Perú Formal Rural tiene dos objetivos: por un lado, regularizar el empleo informal no declarado, aportando mayor estabilidad a los trabajadores; y, por otro, generar un efecto disuasivo para que las empresas –con un alto riesgo de incumplimiento– regularicen voluntariamente su situación.",agraria.pe/agronegocios,https://agraria.pe/noticias/empresas-agroindustriales-de-piura-formalizan-a-10254-trabaj-18355
2019-02-05,Merma significativa de la producción de mango en Casma,"Un bajón importante sufriría la producción de mango en la provincia de Casma, en la campaña de este año.  A inicios de la de cosecha del que es catalogado como el “fruto bandera” de Casma, el Servicio Nacional de Sanidad Agraria (Senasa) ha informado que la exportación bajaría hasta en un 40% durante este año. El principal motivo de esta reducción sería el clima inestable que azota los campos de cultivo. El Coordinador de la oficina de Senasa en Casma, Eugenio Sandoval Pantoja, señaló que la lluvia y el intenso calor han causado estragos en la producción del mango. Esto significa que en Yaután la producción de los campos estaría llegando solo hasta un 50% de lo usual, es decir por lo menos 30 toneladas del fruto. Del mismo modo, en Casma la cosecha de mangos llegaría solo hasta el 60%, igual a 50 toneladas. Eso debido a que el producto aun no logra su estado de floración como para poder ser exportado. Fuente: diariocorreo.pe",agraria.pe/agronegocios,https://agraria.pe/noticias/merma-significativa-de-la-produccion-de-mango-en-casma-18354
2019-02-04,Agroexportaciones peruanas crecieron 12% en  2018,"Cifras registradas superaron las proyecciones anuales y mantienen a la agroexportación como el segundo sector exportador más importante del país.  En 2018, las agroexportaciones peruanas sumaron US$ 6.647 millones, registrando un crecimiento de 12% frente a lo alcanzado en 2017, superando de esta manera las proyecciones realizadas para el año, indicó la Asociación de Gremios Productores Agrarios del Perú (AGAP). El crecimiento se debió principalmente a los mayores envíos de frutas y hortalizas frescas (F&H) que llegaron a un total de US$ 3.246 millones, mostrando un aumento de 17% comparado con el año anterior; siendo Europa el principal continente de destino con una participación de 44%, superando a Norteamérica debido al incremento de las exportaciones en los diferentes países europeos (Países Bajos, Reino Unido y España). En cuanto a las frutas frescas, la uva fue la protagonista del año, ya que registró un crecimiento de 13% comparado al año anterior, pasando de US$ 652 millones a US$ 739 millones; seguida por la palta que también tuvo una importante participación con US$ 724 millones (+25%); el arándano con US$ 527 millones (+46%); el mango con US$ 254 millones (+33%); los cítricos con US$ 203 millones (+7%); el banano orgánico con US$ 164 millones (+10%); la granada con US$ 67 millones (+16%) y las nueces del Brasil con US$ 64 millones (+37%). También tuvieron un destacado incremento en sus exportaciones productos como los higos (+198%), granadillas (+165%), dátiles (+103%), fresas (+70%) y finalmente las sandías (+48%). Los principales países de destino de las frutas frescas fueron Estados Unidos con US$ 932 millones, seguido por Países Bajos con US$ 733 millones, Reino Unido con US$ 227 millones, España con US$ 172, China con US$ 113 millones, Hong Kong con US$ 107 millones, Corea del Sur con US$ 91 millones, Canadá con US$ 56 millones, Chile con US$ 49 millones y Rusia con US$ 39 millones. En el subsector hortalizas frescas, el espárrago continuó siendo el producto más exportado con US$ 369 millones, seguido de las cebollas con US$ 71 millones, las arvejas con US$ 23 millones, los ajos con US$ 13 millones y finalmente los capsicums y calabazas, ambos con US$ 2 millones cada uno. Las hortalizas frescas tuvieron también a Estados Unidos como principal país de destino con US$ 282 millones, seguido por Reino Unido con US$ 50 millones, Países Bajos con US$ 45 millones, España con US$ 41 millones, Colombia y México con US$ 8 millones, Ecuador con US$ 7 millones, Chile con US$ 6 millones, Brasil con US$ 5 millones y Australia con US$ 4 millones. Dato La exportación de café en grano registró envíos por US$ 627 millones, mientras que el cacao exportó US$ 254 millones (+11%).",agraria.pe/agronegocios,https://agraria.pe/noticias/agroexportaciones-peruanas-crecieron-12-en-2018-18346
2019-02-01,Minagri espera que Chavimochic III se destrabe a más tardar en el segundo trimestre,"El ministro de Agricultura se mostró a favor de propuesta planteada por el concesionario -liderado por Odebrecht- para que concluya la presa Palo Redondo.  La tercera etapa del proyecto de irrigación Chavimochic -a cargo de la concesionaria Chavimochic, conformada por las constructoras Odebrecht y Graña y Montero- se encuentra parada desde hace más de dos años. No obstante, con una nueva autoridad regional, desde el Gobierno se proyecta que “a más tardar” hacia el segundo trimestre del año se reiniciará. “Espero que hacia el primer trimestre o a más tardar el segundo trimestre se tome una decisión (para destrabar el proyecto )”, comentó el ministro de Agricultura, Gustavo Mostajo. El titular del sector señaló que el martes pasado se reunió con el gobernador regional de La Libertad, Manuel Llempén, para evaluar la situación de Chavimochic III y en breve tomar una decisión sobre aceptar o desechar la propuesta del concesionario. Mostajo señaló que está a favor de la propuesta planteada por la concesionaria, que implica que esta continúe la presa Palo Redondo “en el más corto tiempo posible”, la misma que conllevaría al desistimiento del arbitraje iniciado ante la Comisión de Naciones Unidas para el Derecho Mercantil Internacional y su salida del proyecto. No obstante, aclaró que la última palabra -respecto al rumbo de Chavimochic III- la tendrá la autoridad regional. “La propia empresa alcanzó una propuesta que comprende concluir la presa de Palo Redondo y retirarse del proyecto. Particularmente considero que a fin de dar una salida a este problema, podemos proponerle al gobierno regional que (la empresa) concluya el proyecto y efectivamente que se vaya, pero una vez que acabe la obra”, dijo. Remarcó que desde el Gobierno nacional harían todos los esfuerzos -a través de seguimientos- para que los recursos sean los justos, y que no exista una situación de desconfianza. No obstante, el ministro recordó que también existe otra alternativa que pretende que se resuelva el contrato y se asuma el costo, lo que “sería muy alto”, dado que retrasaría un año, por lo menos, el destrabe de la obra. En ese contexto, Mostajo precisó que se le alcanzará a la autoridad regional una opinión técnica sobre la mejor alternativa para destrabar la tercera etapa de Chavimochic. Dato . Hasta diciembre del año pasado -bajo la gestión del exgobernador Luis Valdez- no se pudo llegar a un acuerdo con la concesionaria, dado que la empresa solicitaba que para concluir la presa Palo Redondo se aplique una fórmula incluida en el contrato que busca que se actualice por la inflación el costo original para dicha obra. Fuente: Gestión",agraria.pe/agronegocios,https://agraria.pe/noticias/minagri-espera-que-chavimochic-iii-se-destrabe-a-mas-tardar--18336
2019-01-30,Agro Rural descarta deuda por intervención en Piura durante El Niño costero,"Agro Rural reconoció el esfuerzo y colaboración de las juntas de usuarios para apoyar en la emergencia que comprendió la limpieza y descolmatación de 614.8 kilómetros de drenes, canales de riego y quebradas en 25 distritos de las provincias de Piura, Sechura, Sullana, Morropón, Huancabamba y Ayabaca.  El Programa de Desarrollo Agrario Rural (Agro Rural) del Ministerio de Agricultura y Riego (Minagri) aseguró que no tiene deuda pendiente de pago a las juntas de usuarios de la región Piura por su intervención durante la emergencia que causó el Fenómeno de El Niño costero. A través de un comunicado, Agro Rural afirmó que no existe una deuda pendiente de pago con las juntas de usuarios de San Lorenzo y Sechera como lo dieron a conocer estas organizaciones. “Agro Rural reconoce el esfuerzo y colaboración de las Juntas de Usuarios para apoyar en la emergencia en el marco de la ejecución del DS 077 -2018 EF que comprendió la limpieza y descolmatación de 614.8 kilómetros de drenes, canales de riego y quebradas en 25 distritos de las provincias de Piura, Sechura, Sullana, Morropón, Huancabamba y Ayabaca”, aseveró. Subrayó que esta intervención ha permitido que más de 143,000 piuranos hayan sido beneficiados con estos trabajos preventivos en la región. “Debemos remarcar que a la fecha se han cancelado todas las deudas pendientes de reconocimiento en favor de las juntas, gracias a un exhaustivo peritaje realizado por especialistas del Centro de Peritaje del Colegio de Ingenieros del Perú –Consejo”, señaló. Agro Rural agregó que el resultado de estos estudios nos permitió contar con el sustento jurídico y el aval técnico de un colegio profesional para el pago correspondiente por los trabajos realizados y validados. “Nuestra institución seguirá trabajando con transparencia y cumpliendo las políticas del sector, siempre en el marco de las funciones y procedimientos que faculta la ley”, acotó.",agraria.pe/agronegocios,https://agraria.pe/noticias/agro-rural-descarta-deuda-por-intervencion-en-piura-durante--18319
2019-01-29,Infraestructura de riego en San Lorenzo está totalmente deshecha,"Demora en las obras no solamente afecta la economía de los 150 mil pobladores de San Lorenzo, sino a toda la economía de la región Grau (Tumbes y Piura).  La infraestructura de riego del valle San Lorenzo (Piura) está dañada al 100%. Si se habla de la infraestructura mayor como el canal Quiroz, el túnel Culqui, la salida de agua del reservorio y los canales Yuscay, Tablazo y Malingas, está totalmente deshecha. Así lo indicó el presidente de la Junta de Usuarios del Sector Hidráulico Menor San Lorenzo (JUSHSAL), Burno Fossa Villar, quien señaló que han pasado dos años desde que se presentó el Fenómeno de El Niño, que provocó el daño a la infraestructura de riego, y hasta el momento no se siente la reconstrucción debido a la ineficiencia del Estado. Sostuvo que de los S/ 500 millones ofrecidos por el Gobierno para la reconstrucción de la infraestructura de riego en San Lorenzo, hasta el momento solo se ha destinado S/ 50 millones, los cuales se invirtieron en las primeras intervenciones. “En San Lorenzo no vemos más allá del 10%, no hay avance”. “Estamos ya cansados, es hora de que el Gobierno se dé cuenta que las necesidades del agro en general –tanto piurano como peruano- son muy grandes. Los agricultores son héroes ya que damos de comer a todo el país, sin embargo somos el sector a quien más palo le da el Gobierno sin ningún tipo de ayuda ni apoyo”, declaró. En cuanto a las pérdidas que se registran por el colapso de la infraestructura de riego, Fossa dijo que esto no solamente afecta la economía de los 150 mil pobladores de San Lorenzo, sino a toda la economía de la región Grau (Tumbes y Piura). Detalló que San Lorenzo es el mayor productor de mango y limón del país. “Estamos hablando de miles de millones de soles en pérdidas. Solo San Lorenzo en lo que es frutales -sin tierra y sin infraestructura- no deja de valer menos de US$ 600 millones”, comentó. Sobre los expedientes técnicos de las obras dijo que hasta la fecha no se tienen a pesar que ya pasó la etapa de emergencia, rehabilitación y ahora reconstrucción, por lo cual los agricultores se muestran muy preocupados pues no saben cuándo se iniciarán las labores de reconstrucción. “Las autoridades de Lima no conocen la realidad, ellos vienen en helicóptero. Necesitamos que vengan a Piura tres días y recorran las diferentes infraestructuras hídricas de Piura para que se den cuenta lo lamentable que está todo”, finalizó. Dato . El presidente de la JUSHSAL dio estas declaraciones durante la marcha de protesta que realizaron ayer los agricultores de San Lorenzo reclamando la poca acción por parte del Estado para atender la situación del agro en Piura. Fossa dijo que si esta movilización no tiene respuesta se tomarán medidas más fuertes como un paro regional. “Necesitamos que el agro sea atendido como se merece, que el Estado se dé cuenta que los agricultores están unidos y luchando”.",agraria.pe/agronegocios,https://agraria.pe/noticias/infraestructura-de-riego-en-san-lorenzo-esta-totalmente-desh-18304
2019-01-28,Gobierno apoyará destrabar del proyecto Majes-Siguas II,"El Minagri también impulsará este año la construcción de cochas y la siembra de pastos cultivados.  Luego de cumplir una intensa gira de trabajo por Arequipa, el ministro de Agricultura y Riego, Gustavo Mostajo, anunció que el Gobierno apoyará los esfuerzos de la autoridad regional de Arequipa para destrabar el proyecto de irrigación Majes-Siguas II, que impulsará el desarrollo del sector agrícola en el sur del país. Para ese efecto, el titular del Minagri mantuvo una sesión con el gobernador regional, Elmer Cáceres Llica, y su equipo de funcionarios para abordar las acciones que ejecutan el ministerio y los Organismos Públicos Adscritos (OPAS) para impulsar la actividad agropecuaria arequipeña. En la cita, el ministro Mostajo, recalcó la necesidad de retomar Majes Siguas II, a fin de concretar el tan ansiado proyecto que permitirá ampliar la frontera agrícola. En la misma reunión, se acordó que el Gobierno regional formalizará el pedido de un informe técnico al Ministerio de Agricultura y Riego para evaluar la adenda 13 de Majes-Siguas II, que es uno de los proyectos emblemáticos que piensa reactivar el Gobierno nacional este año. Medidas concretas Por otro lado, Mostajo acompañado de los principales funcionarios del sector pasó revista de los proyectos y medidas que implementará el Minagri este año en dicha región. Por ejemplo, solo el Ministerio tiene previsto concretar en 2019 la construcción de 32 cochas (reservorios naturales) en Arequipa, pero contando con el apoyo de la autoridad regional y los municipios se podrá a elevar a 50 el número de cochas, a fin de promover la actividad ganadera en las partes altoandinas. La meta del Gobierno es concretar la instalación de 1.250 cochas al final de 2021 (año del bicentenario), y que este año se tendrán listas 360 a nivel nacional. Otra de las medidas que promoverá el ministerio en esta región sureña es duplicar la siembra de pastos cultivados de 1.500 a 3.000 hectáreas, con el propósito de fomentar la ganadería, y cuyo número se podrá incrementar con el concurso del Gobierno regional y las autoridades locales. Mostajo recordó que el Gobierno se ha puesto como objetivo contar con 300 mil hectáreas de pastos cultivados al 2021 en el país. Planes de negocios Otro de los temas expuestos en la cita fue que el ministerio seguirá promoviendo la asociatividad a través del financiamiento de planes de negocios con Agroideas. ""Tenemos S/ 100 millones para planes de negocios y que se implementarán a lo largo del 2019 a nivel nacional"", sostuvo. Al final de la sesión de trabajo celebrada en la sede del GORE Arequipa, el ministro resaltó el trabajo del Comité de Gestión Regional Agrario de Arequipa, como elemento articulador de las acciones en favor del campo entre el Gobierno nacional a través del ministerio y sus OPAS y el Gobierno regional, y que es presidido por el Gerente Regional de Agricultura. Seguidamente, el ministro y su comitiva se desplazaron hasta Majes para supervisar la nueva planta de procesamientos de productos lácteos del centro de acopio Luis Pasteur, que contó con cofinanciamiento de Agroideas, y que beneficiará a 35 socios que podrán incrementar sus ingresos por la venta de quesos, yogurt, entre otros.",agraria.pe/agronegocios,https://agraria.pe/noticias/gobierno-apoyara-destrabar-del-proyecto-majes-siguas-ii-18301
2019-01-28,Paro agrario y falta de riego afectaron exportaciones de mango en Piura,"En la campaña 2018/2019 los envíos de mango de Piura llegarían a 104.800 toneladas, cifra menor en 38% respecto a los 168 mil toneladas despachadas en la anterior campaña.  Las exportaciones de mango piurano en la presente campaña serán 38% menores a las que se registraron en la campaña anterior, señaló el gerente de la Asociación Peruana de Productores y Exportadores de Mango (APEM), Juan Carlos Rivera Ortega. Indicó que en la campaña 2018/2019 los envíos piuranos llegarían a 104.800 toneladas, cifra menor a los 168 mil toneladas de la anterior campaña. Agregó que en la semana 03 (del 14 al 20 de enero 2019) se ha exportado 14.212 toneladas de mango fresco, de las cuales 13.508 toneladas salieron por vía marítima; 574 toneladas por vía aérea y 130 toneladas por vía terrestre. El total acumulado de exportación en la campaña 2018/2019 asciende a 82.762. Además, en dicho periodo, el acumulado de exportación de mango congelado fue de 7.664 toneladas, versus las 4.689 toneladas de la campaña previa. Causas Rivera Ortega explicó que, tras realizarse la tercera prospección entre diciembre y principios de enero, se ha determinado que hubo caída de frutos durante la etapa de cuajado, menor floración que la esperada en diciembre y fruta no “llenó” adecuadamente para ser exportada por la falta de agua para el riego. “Lo anterior implica que se ha replanteado la proyección del total exportado fresco de 161 mil a 131 mil toneladas métricas. Esta cifra es 18% menor que lo proyectado inicialmente y 36% menor a lo alcanzado la campaña record 2017/2018 en el país”, detalló. Añadió que el paro agrario, registrado por dos semanas en Tambo Grande, no permitió exportar la fruta afectando a los productores y los ingresos serán menores en la presente campaña. Recalcó que el Perú podría exportar un mayor volumen pero depende aún del mercado; por ejemplo, a Europa ya está ingresando fruta de Brasil y Costa de Marfil y en EE.UU., la de México y Guatemala. Dato . Los principales exportadores de mango son Sunshine Export, Asica Farms, Dominus, Tropical Fruit Trading, FLP del Perú, Passion Fresh, Sobifruit y Best Fruits. Fuente: El Tiempo de Piura",agraria.pe/agronegocios,https://agraria.pe/noticias/paro-agrario-y-falta-de-riego-afectaron-exportaciones-de-man-18300
2019-01-28,Implementarán cuatro plantas procesadoras para la exportación de mangos en Piura,"Agricultores tendrían un espacio para acopiar, seleccionar, lavar, y envasar los mangos para comercializarlos, incluso fuera del mercado nacional.  En la III Audiencia Pública de la Comisión Agraria realizada en el valle de San Lorenzo en Piura, el viceministro de Políticas Agrarias del Ministerio de Agricultura y Riego (Minagri), William Arteaga, anunció que dicha cartera viene trabajando un programa de mejoramiento de la competitividad del mango en Piura. En ese marco, dijo que se tiene previsto implementar cuatro plantas procesadoras de mango en beneficio de más de 200 productores de cuatro organizaciones, los que tendrían así una herramienta clave para otorgarle valor agregado al mango y comercializarlo directamente en el mercado. A través de las plantas procesadoras los agricultores tendrían un espacio para acopiar, seleccionar, lavar, y envasar los mangos para comercializarlos, incluso fuera del mercado nacional, fortaleciendo la exportación de este fruto que es muy requerido en el extranjero. Este proyecto se está diseñando a través de Agroideas quien ya tiene varias experiencias de éxito en Piura con los planes de negocios en banano orgánico y el cacao, comentó el viceministro. ""Estamos poniendo todo el esfuerzo para hacer real estas cuatro plantas para el mango, y que los agricultores puedan procesar su producto; pero para ello necesitamos el apoyo de ellos, que trabajen unidos, asociados"", resaltó a su salida de Piura. Agregó que otro grupo de productores asociados solicitó una quinta planta de mango en Piura, por lo cual el Minagri realizará las evaluaciones que determinen su ejecución y financiamiento. Hay que resaltar que los productores recibirán asistencia técnica en temas de mercado y negociación, fortaleciendo sus capacidades para la producción de mango. El objetivo es que este proyecto de implementación de plantas procesadoras, sean un piloto que luego pueda replicarse en más zonas de la región. Al cierre de la III Audiencia Pública de la Comisión Agraria, el viceministro William Arteaga escuchó cada una de las consultas y propuestas de las Juntas de Usuarios de la región, a fin de encontrar alternativas de solución a la problemática de los pequeños agricultores. Se quejaron por ejemplo de un desorden en la producción y de un mal manejo de las Juntas de Usuarios, por lo que propusieron un ordenamiento de cultivos y mayor control en la asignación del recurso hídrico. Fue evidente asimismo un enfrentamiento entre la actual Junta de San Lorenzo y un grupo de regantes, tal es el caso del dirigente arrocero Jorge Burneo, quien fustigó duramente al presidente de esa Junta Bruno Fosa y le exigió transparencia en su gestión. Sin embargo el viceministro, resaltó que debe primar el dialogo y la concertación entre todos los actores que intervienen en la actividad agraria, conjuntamente con las autoridades locales, regionales y del Gobierno Central. Respecto a la solicitud de trabajar nuevas infraestructuras de riego, como la represa Vilcazán, en la provincia de Ayabaca, Arteaga Donayre refirió que de acuerdo a la normatividad, esta propuesta debe cumplir con estudios adecuados, a fin de que el Ejecutivo lo evalúe y se amerite su ejecución. En esta audiencia participaron, además de las Juntas y el MINAGRI, el presidente de la Comisión Agraria, Federico Pariona y los congresistas, Martiza García, Mártires Lizana y Luis López. Asimismo, autoridades distritales de Tambo Grande",agraria.pe/agronegocios,https://agraria.pe/noticias/implementaran-cuatro-plantas-procesadoras-para-la-exportacio-18297
2019-01-28,2018: exportaciones de jugo de limón cerraron en US$ 9.3 millones,"Estados Unidos se consolidó como el mayor destino de estos despachos peruanos.  Durante 2018 las exportaciones peruanas de jugo de limón alcanzaron los 13.800.027 kilos por un valor FOB de US$ 9.363.855. Estas cifras muestran un moderado crecimiento desde los 12.126.980 kilos despachados durante 2017 por un valor entonces de US$ 7.977.260. Según el portal Agrodata Perú, el mayor destino de los envíos peruanos durante el año pasado fue Estados Unidos, que concentró colocaciones por US$ 7.508.000. A continuación se ubicaron Países Bajos con US$ 618.000, Canadá con US$ 504.000, Reino Unido con US$ 373.000 y Bahamas con US$ 106.000. En tanto, las mayores empresas exportadoras del rubro –siempre en 2018- fueron Multifoods SAC con ventas por US$ 6.915.133, Agroindustrias AIB SA con US$ 2.388.220 y otros con montos menores que en conjunto alcanzaron US$ 60.502.",agraria.pe/agronegocios,https://agraria.pe/noticias/2018-exportaciones-de-jugo-de-limon-cerraron-en-us-93-millon-18296
2019-01-25,Tumbes: Sunafil identificó a 219 trabajadores informales laborando en empresas exportadoras de hortalizas,"Trabajadores se dedican a la selección y empaque de cebollas, que son exportadas a Ecuador y Colombia. (Agraria,pe) La Superintendencia Nacional de Fiscalización Laboral (Sunafil), informó que encontró, a través de la Intendencia Regional de Tumbes, a 219 trabajadores informales laborando para tres empresas dedicadas a la contratación de personal para la selección y empaque de cebollas, que tienen como destino los mercados de Ecuador y Colombia. “Dichas empresas se encuentran ubicadas en el distrito de Aguas Verdes, a donde llegaron los inspectores, tanto de la Sunafil como de la Dirección Regional de Trabajo y Promoción del Empleo, para realizar la inspección”, señaló la entidad a través de un comunicado. Agregó que esta acción fue planificada a través de un trabajo de inteligencia inspectiva, el cual permitió determinar la existencia de las tres empresas dedicadas a la contratación de personal sin registrarlos en la planilla electrónica y, por ende, sin cobertura social ni pensión. Como consecuencia de esta inspección, agregó Sunafil, las empresas fueron citadas a comparecencias para presentar la documentación correspondiente de sus trabajadores, así como para asumir la formalización de quienes se encuentran fuera de planilla. “Se tiene información que en este sector existe un promedio de 700 personas que trabajan a destajo y en la informalidad”, concluyó el documento. Dato Sunafil informa que los trabajadores que deseen hacer consultas o denuncias laborales en Tumbes pueden acudir a la Intendencia Regional, situada en Calle Mayor Novoa 607, Tumbes, o llamar al teléfono fijo 072-506431.",agraria.pe/agronegocios,https://agraria.pe/noticias/tumbes-sunafil-identifico-a-219-trabajadores-informales-labo-18287
2019-01-24,Cambio climático: estas son las 153 acciones peruanas de adaptación y mitigación,"Medidas de adaptación y mitigación establecen objetivos y metas en 5 áreas temáticas priorizadas: Agricultura, Bosques, Pesca y acuicultura, Salud y Agua.  El Perú marca un nuevo hito histórico en la acción climática al presentar su Hoja de Ruta para hacer frente al cambio climático con 153 acciones de adaptación y mitigación, llamadas también Contribuciones Nacionales Determinadas. El establecimiento de estas acciones es el resultado de 22 meses de intensa labor del Grupo de Trabajo Multisectorial, conformado por trece ministerios de Estado y el Centro Nacional de Planeamiento Estratégico (Ceplan), para la implementación de las Contribuciones Nacionalmente Determinadas, que constituyen el compromiso del Perú para prepararse ante los impactos del cambio climático y reducir sus emisiones de gases de efecto invernadero al año 2030, en el marco del Acuerdo de París. Nuestras Contribuciones Nacionalmente Determinadas se enmarcan en el Acuerdo de París sobre cambio climático, ratificado por el Perú el 22 de julio de 2016 y que entró en vigor el 4 de noviembre de ese año. El cumplimiento de las Contribuciones Nacionalmente Determinadas es ejemplo de la importancia que tiene para el país contar con una visión de desarrollo a largo plazo, mirando el futuro con los ojos de la sostenibilidad y considerando acciones que contribuyan a la mejora de la calidad de vida de todos los peruanos. Áreas temáticas priorizadas En ese sentido, las medidas de adaptación y mitigación establecen objetivos y metas para reducir la vulnerabilidad ante los peligros asociados al cambio climático en cinco áreas temáticas priorizadas: Agricultura; Bosques; Pesca y acuicultura; Salud y Agua. Esto se realiza mediante la incorporación de enfoques transversales de gestión del riesgo de desastres, infraestructura pública resiliente, pobreza y poblaciones vulnerables, género e interculturalidad, y promoción de la inversión privada. Para ello se definieron 91 medidas de adaptación correspondientes a 46 productos. Las medidas están distribuidas entre las áreas temáticas de la siguiente forma: Agricultura cuenta con 17 medidas (19%); Bosques abarca 12 medidas (13%); Pesca y acuicultura comprende 18 medidas (20%); Salud presenta 14 medidas (15%); y Agua considera 30 medidas (33%). Estas medidas tienen como objetivo alcanzar la meta de reducción de emisiones de 20% con en el año 2030, más un 10% adicional que está condicionado a la cooperación internacional. Gases de efecto invernadero Asimismo, se definieron 62 medidas de mitigación de gases de efecto invernadero, correspondientes a cinco sectores de emisiones: 1) Energía, conformado por medidas en energía-combustión estacionaria y energía-combustión móvil; 2) Procesos Industriales y uso de productos; 3) Agricultura; 4) Uso del suelo, cambio de uso del suelo y silvicultura; y 5) Desechos, conformado por medidas en disposición de residuos sólidos y tratamiento de aguas residuales. La categorización de las medidas de mitigación constituye una estrategia pertinente para el monitoreo de las emisiones y reducciones de emisiones de gases de efecto invernadero con miras a alcanzar las metas de las Contribuciones Nacionales Determinadas. Las medidas están distribuidas entre los sectores de emisiones de la siguiente forma: Energía-Combustión estacionaria, que considera 23 medidas (37%); Energía-Combustión móvil, que agrupa a 14 medidas (23%); Procesos Industriales y Uso de Productos tiene 2 medidas (3%); Agricultura cuenta con 6 medidas (10%); Uso del suelo, cambio de uso del suelo y silvicultura presenta 8 medidas (13%); y Desechos propone 9 medidas (14%). Participación de todos Al respecto, la viceministra de Desarrollo Estratégico de los Recursos Naturales del Ministerio del Ambiente (Minam), Lucía Ruíz, destacó la importancia de involucrar a todos los actores sociales en la implementación de estas 153 medidas. “Todos jugamos un rol importante para tomar decisiones frente al cambio climático. Desde el Gobierno nacional estamos comprometidos en promover inversiones climáticamente inteligentes y una gestión multisectorial, multinivel y multiactor, con la participación de todas y todos los peruanos, no solo del sector público nacional, regional y local, sino también de los pueblos indígenas, el sector privado, la cooperación internacional, las ONG y la academia para que sean parte de este esfuerzo”, enfatizó. A su turno, el director de Cooperación de la Unión Europea, Stefaan Pauwels, destacó el fuerte compromiso entre el Perú y la Unión Europea en la lucha contra el cambio climático, a través de un diálogo político y de proyectos de cooperación entre ambos países, que trabajan juntos intercambiando experiencias y buenas prácticas, buscando soluciones para este importante reto común. “Desde la Unión Europea felicitamos al Estado peruano en su compromiso en la lucha contra el cambio climático. El Perú no solo fue líder en la región para conducir y concluir el Acuerdo de París y ha seguido firme en la implementación de acciones”, subrayó. “Está claro que la implementación de las Contribuciones Nacionalmente Determinadas no solo es un reto para el gobierno nacional, porque requiere de ideas y acciones concretas de parte de varios actores, incluyendo gobiernos regionales y locales, sector privado y sociedad civil. Por ello, hemos decidido apoyar el proceso de Dialoguemos sobre las Contribuciones Nacionales Determinadas, que es un proceso participativo que consideramos como un ejemplo a seguir”, remarcó. Por otro lado, la directora general de Cambio Climático y Desertificación del Minam, Rosa Morales Saravia, sostuvo que estas 153 medidas son el resultado de un trabajo articulado del Gobierno peruano, y que además recoge el trabajo que se ha venido haciendo desde hace más de 20 años para garantizar la gestión integral frente al cambio climático. Estas declaraciones fueron realizadas como parte del “Encuentro con Actores Clave para la implementación de las Contribuciones Nacionales Determinadas al 2030”, en el marco de la Primera Semana Climática, que se realiza en el Hotel Costa del Sol, del 21 al 25 de enero, y que contó con la presencia de cerca de un centenar de representantes del sector público, el sector privado, las ONG, la cooperación internacional, entre otros.",agraria.pe/agronegocios,https://agraria.pe/noticias/cambio-climatico-estas-son-las-153-acciones-peruanas-de-adap-18280
2019-01-23,Ica exportaría entre 20 millones y 22 millones de cajas de uva esta campaña,"Vanguard International Group abrió una nueva envasadora en Ica y pretende extender la temporada.  Desde hace un mes, las uvas de mesa de Ica han empezado a enviarse a Norteamérica, luego de retrasarse dos semanas debido a la lluvia. Por su parte, los envíos de uvas desde el norte de Perú (Piura y Lambayeque) están a punto de finalizar, y la producción comienza a centrarse en las zonas más al sur del país. El representante de Vanguard International Group, Dirk Winkelmann, señaló que hasta la semana 51 de 2018, Perú había enviado 25 millones de cajas de uvas de mesa (cada caja es de 8.2 kilos). ""El norte de Perú (Piura y Lambayeque) continuará haciendo envíos todo enero, aunque en su mayoría son Red Globes a Asia. El norte de Perú experimentó algunas lluvias ligeras desde la semana 47 del 2018 pero nada preocupante, y solo está teniendo algunos problemas leves”, sostuvo. En cuanto a los envíos de Ica, dijo que hasta la fecha están cerca de los 6 millones de cajas, un 15% menos que la temporada pasada; esta reducción se debe a los retrasos. Se espera que el volumen total despachado de esta región sea de 20 a 22 millones de cajas. Para Vanguard International Group ha sido un inicio de temporada emocionante, ya que han abierto una nueva envasadora en Ica y pretenden extender la temporada. ""La cosecha, envasado y envío de uva de Perú de Challapampa comenzó el 17 de diciembre de 2018, desde el nuevo envasador en Ica"", dijo Winkelmann. Agregó que a través de una selección estratégica de variedades IP de temporada temprana, media y tardía, así como prácticas de poda programadas, se ha administrado cuidadosamente las fincas para proporcionar una ventana de suministro más prolongada. “Planeamos extender nuestra temporada para estar presentes en el mercado hasta mediados de abril, proporcionando uvas de mesa premium de Vanguard Challapampa durante toda la temporada de importación"", comentó. El mercado mejora El inicio de la campaña de uva peruana en Norteamérica no fue ideal, pues había muchas uvas de California todavía en trámite, lo cual no es usual cuando normalmente comienzan los envíos desde Sudamérica. Cuando terminó la fruta de California, los exportadores informaron sobre un movimiento mucho mejor en Año Nuevo. Además, varios mercados de exportación fuera de Norteamérica están aumentando sus compras de uvas de mesa peruanas. ""El sudeste asiático se ha concentrado en Sudáfrica y Australia por su fruta del hemisferio sur"", explicó el director general de Vanguard, Crag Stauffer. Agregó que muchos mercados en todo el mundo están mostrando interés en nuestras variedades premium. Detalló que China ha comprado un 40% más que la temporada pasada hasta la fecha. Corea ha comprado un 33% más con un enfoque inicial en Chile. Los retailers norteamericanos están haciendo la transición de las uvas de California a los programas de importación de Perú. Las ventas en Norteamérica han sido dinámicas, ya que Perú y Chile se están moviendo para satisfacer la demanda de transición. ""Las Red Globes tradicionalmente lideran los volúmenes de envío desde Perú con 8 millones de cajas"", agregó Winkelmann. ""Hay un mayor interés en las nuevas y emocionantes variedades sin semillas y Vanguard Challapampa ha desarrollado programas en Norteamérica, México y Asia con Sweet Sapphires, Sweet Globes y Sugar Crisp"". Winkelmann también compartió que Vanguard está introduciendo nada menos que siete nuevas variedades esta temporada en el mercado norteamericano. ""Para esta temporada, Vanguard Challapampa y Vanguard Direct están presentando siete nuevas variedades premium de uvas rojas, verdes y negras, incluyendo Sweet Celebration, Jack's Salute, Ivory, Sweet Globe, Sugar Crisp, Sweet Favor y Sweet Sapphire, con un volumen de envíos que duplica al de los últimos años"". Nueva envasadora Con la nueva envasadora en Ica, Vanguard dijo que no solo han aumentado la capacidad, sino que también pueden ofrecer nuevos estilos de envasado y mejorar los espacios controlados. Stauffer compartió que la envasadora tiene una zona de envasado con temperatura controlada junto con túneles de pre-enfriamiento rápidos. También se encuentra a una distancia conveniente tanto de las fincas como del puerto. “Con la tremenda capacidad en nuestra nueva envasadora en Ica, podemos ofrecer bolsas transparentes y de marca, y envases clamshell y personalizados a nuestros valiosos clientes. Los túneles de pre-enfriamiento rápido reducen la deshidratación del tallo y prolongan la vida útil del producto, lo que garantiza una calidad y condición de entrega final óptima para nuestros clientes en todo el mundo”, explicó. Además, dijo que la ubicación de la envasadora es ideal para todas sus fincas, a no más de 10 minutos, además de estar ubicada en Pan American para reducir el tiempo de transporte al Puerto de Callao en Lima (Perú). “Hemos reunido los elementos necesarios de toda la cadena de suministro, incluida la producción, el envasado, el control de calidad, la logística, el envío y la comercialización, para proporcionar una cadena de suministro totalmente integrada para nuestros clientes”, indicó. Nuevas variedades y espíritu de empresa A pesar del lanzamiento de siete nuevas variedades de uva esta temporada, Vanguard Challapampa no se conforma, y está plantando una gran cantidad de nuevas variedades de uva que estarán disponibles en los próximos dos años. Stauffer dijo que esas variedades incluyen Autumn Crisp®, Midnight Beauty®, Adora®, Icon Firestar®, Allison® y Candy Hearts®. ""También continuamos evaluando nuevas variedades que se están desarrollando para futuras siembras. Nuestro enfoque, como siempre, es ofrecer la mejor gama de uvas de gran sabor"", agregó. Dirk Winkelmann también destacó el espíritu de la empresa en lo que respecta a la sostenibilidad, la gestión medioambiental y la forma en que cuidan a sus empleados. Según él, Vanguard se asegura de que sus recursos hídricos estén bien administrados y que los empleados tengan acceso a las comidas y las instalaciones médicas proporcionadas por Vanguard, tanto en sus fincas como en la envasadora. ""Vanguard Challapampa está muy orgullosa de sus programas de sostenibilidad, calidad, seguridad alimentaria y tecnología"", concluyó Winkelmann. ""Todos nuestros pozos están documentados y auditados y administramos cuidadosamente nuestros activos de agua. En nuestras fincas proporcionamos transporte diario en autobús para los empleados y también proporcionamos comidas para el personal. Proporcionamos asistencia médica en el sitio y / o transporte de emergencia cuando sea necesario”. “En nuestra envasadora en Ica contamos con una enfermería y una estación médica con profesionales. También disponemos de un centro de formación para el desarrollo continuo y la capacitación de los empleados de la envasadora"", finalizó. Fuente: Fresh Plaza",agraria.pe/agronegocios,https://agraria.pe/noticias/ica-exportaria-entre-20-millones-y-22-millones-de-cajas-de-u-18273
2019-01-23,Gobierno coordina con autoridades cusqueñas la atención de la emergencia en Huayopata y zonas afectadas por heladas,"Este año se construirán 50 cochas en Cusco y se instalarán 9 mil hectáreas de pastos cultivados.  A fin de mejorar las coordinaciones para atender la emergencia en el distrito de Huayopata, La Convención, afectada por huaicos hace unas semanas, el ministro de Agricultura y Riego, Gustavo Mostajo, participó, en representación del gobierno, en la mesa dtécnica de trabajo convocada por el Gobierno Regional de Cusco, en la que también se encontraron representantes de otros sectores y gobiernos locales involucrados. En dicha reunión, encabezada por el gobernador, Jean Paul Benavente, se llegaron a una serie de acuerdos como el envío inmediato de los módulos de vivienda para las familias afectadas, la entrega del puente Choquellohuanca para facilitar el acceso a la zona a inicios de febrero, el traslado de maquinaria del Gore y el MTC para la descolmatación del río, así como la pronta rehabilitación de la energía eléctrica. En la parte agrícola, la instalación de la mesa técnica a fines de mes para generar un plan de acción que permita recuperar la actividad agrícola en la zona. Tras recordar que son los gobiernos locales, provinciales y regionales, por norma, los llamados a atender una emergencia, ni bien esta ocurre, con la activación del Centro de Operaciones de Emergencia (COER), Mostajo lamentó que con el cambio de gestión se hayan producido retrasos en la entrega de ayuda a los damnificados, por lo que, dijo, es interés del gobierno nacional tomar conocimiento de la situación actual y apoyar a las nuevas autoridades para atender la emergencia. Heladas Sobre la declaratoria de emergencia en las zonas afectadas por las heladas y el estrés hídrico presentada a fines de diciembre, el titular de Agricultura, informó que su sector, a través de Agrorural, logró entregar, en una primera intervención, abono foliar y semilla a fines de diciembre con un presupuesto de S/ 600 mil. Precisó que en las últimas semanas el Minagri y los gobiernos locales, a través del COER, han venido trabajando en la evaluación de daños, a fin de solicitar los recursos al Fondo para intervenciones ante la ocurrencia de un desastre natural (Fondes) de Indeci. Sin embargo, anotó de los 46 distritos afectados solo 23 han presentado sus fichas de daños ante el sistema de Indeci. Refirió que los recursos para este grupo, S/ 1.2 millones, ya han sido solicitados esta semana y deben ser transferidos a su sector la próxima. Reunión con el gore Por la tarde el ministro y su equipo técnico se reunieron con el gobernador regional de Cusco para evaluar los proyectos y acciones que tiene la región para el sector agrario, como el proyecto Mosca de la Fruta para La Convención. El titular de Agricultura recordó que este año se construirán 50 cochas en Cusco y se instalarán 9 mil hectáreas de pastos cultivados. Finalmente resaltó la disposición del gobernador Jean Paul Benavente de invertir en la agricultura, fortaleciendo la dirección regional.",agraria.pe/agronegocios,https://agraria.pe/noticias/gobierno-coordina-con-autoridades-cusquenas-la-atencion-de-l-18272
2019-01-21,Hay riesgo para cultivos de papa y maíz en el centro,"La deficiencia de lluvias previstas para la sierra norte, central y sur occidental afectarían desfavorablemente las fases de crecimiento y desarrollo de la papa.  En Áncash y Lima se observan riesgos agroclimáticos para algunos cultivos entre los meses de enero a marzo de este año, considerando la deficiencia de lluvias en la sierra central y las altas o bajas temperaturas, informó el Servicio Nacional de Meteorología e Hidrología del Perú (Senamhi). La entidad pronosticó que para el cultivo de la papa existe un “riesgo moderado” en 17 distritos de Áncash, donde los factores climáticos provocarán daños superficiales principalmente en las hojas y flores de este producto. Si bien los rendimientos no se verán afectados por estas condiciones climáticas, provocarían el retraso de las cosechas. Asimismo, se presentaría un “riesgo alto” para este cultivo en 10 distritos de esa región, pudiendo provocar en la cosecha rendimientos inferiores a sus promedios normales. Un panorama aún más preocupante se presenta en Lima, donde los cultivos de papa en 15 distritos de la región presentan un “riesgo alto”; y en tres distritos existe un “riesgo muy alto”, donde el grado de afectación podría ser en la totalidad del cultivo. El Senamhi confirmó la deficiencia de lluvias previstas para la sierra norte, central y sur occidental y, además dijo que ello afectaría la disponibilidad hídrica para las fases de crecimiento y desarrollo de las plantaciones de papa que se encuentran actualmente en la fase de emergencia, crecimiento vegetativo y floración, especialmente en los predios manejados en secano. Maíz Entre Lima y Áncash existen cultivos de maíz amiláceo que podrían verse dañados en 81 distritos (riesgo muy alto) por las condiciones climáticas adversas. Es este caso, la posible pérdida de toda la cosecha respondería a las bajas temperaturas. Además, en 94 distritos de ambas regiones también se presenta riesgo muy alto para el maíz amarillo. “Se observa en gran parte del departamento de Lima la predominancia del ‘riesgo muy alto’ en los cultivos de maíz amiláceo y maíz amarillo; mientras que para el cultivo de papa se muestra un ‘riesgo muy bajo’”, anotó el Senamhi. Pronostican favorable siembra de arroz El incremento constante de la temperatura diurna tendría un efecto favorable en el desarrollo del arroz, indicó el Senamhi. Además, en la costa norte, el bajo volumen de agua almacenada en los reservorios de Poechos y San Lorenzo limitaría la siembra de arroz en las regiones Tumbes y Piura; sin embargo, en localidades donde se adelantó la siembra como Puchaca (Lambayeque) la tendencia sería favorable.",agraria.pe/agronegocios,https://agraria.pe/noticias/hay-riesgo-para-cultivos-de-papa-y-maiz-en-el-centro-18254
2019-01-21,Se necesita más impulso promotor para alcanzar el éxito exportador,"Por: Alfonso Velásquez Tuesta, director de la Asociación de Exportadores (ADEX) Es indudable que el crecimiento de las agroexportaciones en el 2018 refleja la siempre oportuna gestión de los empresarios exportadores quienes apuestan por la diversificación de mercados, la mejora de la calidad; además es oportuno reconocer el acompañamiento del Gobierno con la apertura de mercados y la actitud ágil del Senasa para establecer los protocolos fitosanitarios. Sin embargo un hecho de mucha importancia fue el restablecimiento del uno por ciento adicional del drawback (pasó de 3% a 4%). Dicha medida significó brindarle al sector exportador mayor competitividad, lo que permitió colocar los productos en el mercado de manera más fácil. Sin acompañamiento promotor esto no se hubiera logrado. Esperamos que este crecimiento sea sostenido, pero ello dependerá de mantener el nivel de competitividad. Por esa razón, como empresario exportador celebro el pronunciamiento de los gremios empresariales donde se solicita ahora al presidente de la República avanzar aún más y reestablecer el 5% del drawback. Sin embargo, no todas fueron buenas noticias, ya que indudablemente las reconocidas falencias que tiene nuestro país en infraestructura (puertos, aeropuertos, carreteras, entre otros) no nos permiten crecer a tasas que deseamos. Además, la ubicación de Perú (situado en el puesto 63) en el Informe de Competitividad Global 2018 elaborado por el World Economic Forum (WEF) se debe a la falta de institucionalidad en el país. La actual coyuntura política indudablemente impacta terriblemente en las inversiones. Estamos seguros que nuevas áreas que podrían ser sembradas y nuevas inversiones que podrían hacer nuestros empresarios de todo el sector agroindustrial, están siendo detenidas justamente por este clima de alteración que existe en el entorno institucional del país. Fuera de eso, si tenemos que hablar netamente de cultivos, es importante el crecimiento porcentual de productos como la palta (más de US$ 700 millones), arándanos (más de US$ 590 millones), mango fresco (US$ 223 millones), mango procesado (US$ 75 millones), además del posicionamiento de otros cultivos como banano orgánico, granada, hierbas aromáticas, productos orgánicos, etc. Además, el clima peruano y nuestra diversidad geográfica permiten a nuestro país incursionar en nuevos cultivos que tienen alta demanda en el mercado mundial como la cereza, frambuesa, piña Golden, nueces, entre otros. En general hay un potencial inmenso que necesita ser aprovechado y en donde existen oportunidades para los pequeños productores organizados, quienes deben participar más activamente en el valor agregado de sus productos, de esa manera se podrá desarrollar también la industria nacional. La demanda de nuestros productos tienen que permitir al empresario sentir su compromiso y su responsabilidad por la trazabilidad en toda la cadena de valor, eso significa que debemos trabajar empresarios y sector público unidos -a través de los programas de asistencia técnica y capacitación- en la mejora productiva; al mejorar económicamente esas zonas podamos contribuir al cumplimiento de los Objetivos de Desarrollo Sostenibles (ODS). Tenemos que alegrarnos de que nuestro trabajo y nuestra introducción a nuevos mercados nos ayuden a reducir la pobreza, disminuir los índices de anemia, a mejorar las condiciones de salubridad, cubrir las necesidades básicas insatisfechas de las zonas productivas donde todavía hay bolsones de pobreza. Que ese crecimiento que brinda la agroexportación realmente pueda contribuir en nuestro país a generar desarrollo social y económico. Este crecimiento de las agroexportaciones peruanas responde a la mejora de la calidad, el incremento de la demanda de alimentos saludables y por otro lado el crecimiento de las clases medias en los países en desarrollo. Ese fenómeno de mejoramiento económico mundial es algo que permite avizorar un techo amplio para el crecimiento de nuestras producciones. El mundo recién está aprendiendo a conocer la presencia peruana, la calidad del Perú y el potencial de los empresarios peruanos.",agraria.pe/agronegocios,https://agraria.pe/noticias/se-necesita-mas-impulso-promotor-para-alcanzar-el-exito-expo-18249
2019-01-17,Cooperativa Norandino desarrolla proyecto de reforestación y renovación de café en los Páramos Andinos,"Iniciativa permitirá no solo mantener y conservar el recurso hídrico en cabeceras de cuenca y mitigar efectos del cambio climático mediante el incremento de la oferta y captura de carbono, sino también renovar áreas productivas de café afectadas por la roya.  Cooperativa Agraria Norandino desarrolla el proyecto “Conservación del ecosistema de Paramo Andino, con actividades de reforestación y renovación de cafés especiales en la sierra de Piura"", para ello se instalarán plantaciones de café gourmet y otras especies forestales nativas. Esta iniciativa permitirá no solo mantener y conservar el recurso hídrico en cabeceras de cuenca y mitigar efectos del cambio climático mediante el incremento de la oferta y captura de carbono, sino también renovar áreas productivas de café afectadas por la roya. El proyecto, que se ejecuta en la comunidad campesina de Carmen de Curilcas y Palmo, jurisdicción del distrito de Pacaipampa (provincia de Ayabaca), cuenta con el apoyo de Grow Ahead, y tostadores de café especiales orgánicos y de comercio justo de los Estados Unidos, Cooperative Coffees y Heine Brothers Coffee. Con este proyecto se espera contribuir en el manejo sostenible de los recursos naturales y mejorar los ingresos de las familias, entre ellas las cafetaleras, logrando la articulación de los incentivos generados por la venta de bonos de carbono con la reforestación comunitaria en la Sierra de Piura. El proyecto beneficiará directamente a 200 familias, las que también deben ser sensibilizadas en proyectos de carbono forestal. Además beneficiará de manera indirecta a otras 216 familias De acuerdo al proyecto, se prevé que a finales de este año se haya logrado registrar y añadir 55 hectáreas bajo el sello de carbono justo, las mismas que deben estar reforestadas con diversas especies. Asimismo, al finalizar el proyecto debe haberse logrado renovar 30 hectáreas de café con variedades resistentes a la roya. Datos . La zona de Páramos andinos de Piura es uno de los ecosistemas más frágiles frente al cambio climático. Está siendo afectada con la pérdida de nacientes y vertientes de agua a causa de la deforestación por ampliación de frontera agrícola y consumo de leña y madera afectando el proceso de regeneración y funcionamiento de estos bosques. . Por este motivo, el proyecto se plantea desarrollar un modelo de reforestación que sea atractivo, consistente y sostenible mediante la temática de los incentivos o pagos por servicios ambientales generados adicionalmente por la venta de créditos de carbono al mercado voluntario. Los ingresos de la venta en el futuro de los bonos de carbono serán manejados de manera comunal, a fin de garantizar la sostenibilidad a largo plazo del manejo del bosque Páramo Andino.",agraria.pe/agronegocios,https://agraria.pe/noticias/cooperativa-norandino-desarrolla-proyecto-de-reforestacion-y-18233
2019-01-17,Reconstruyen el emblemático canal de riego Tres Cruces en Tumbes,"Se reconstruyó integralmente los 700 metros lineales del canal de riego con una inversión de más de S/ 1.800.000.  El emblemático canal de riego Tres Cruces, ubicado en el distrito de Papayal, provincia de Zarumilla (Tumbes), que fue inhabilitado por el Fenómeno El Niño costero, ha sido completamente reconstruido y puesto al servicio de centenares de agricultores tumbesinos. Así lo informó la Autoridad para la Reconstrucción con Cambios (ARCC) que destacó que el canal Tres Cruces tiene un valor simbólico porque, al estar a menos de cien metros de la línea fronteriza con el Ecuador, es la primera infraestructura agraria que el Perú muestra a quienes ingresan a su territorio. Las obras de rehabilitación del canal estuvieron a cargo de la Municipalidad Distrital de Papayal que en un término de tres meses reconstruyó integralmente los 700 metros lineales del canal de riego con una inversión de más de S/ 1.800.000. De igual manera, la Municipalidad Distrital de Matapalo, en la misma provincia de Tumbes, ha iniciado las tareas de rehabilitación del canal de riego Domingo Baca que también fue dañado por las lluvias torrenciales y el desborde de ríos que causaron graves daños a la infraestructura agraria en esta zona de la frontera norte del país. El monto invertido es S/ 200.000 y la obra estará concluida a fines de mes. Dato . La ARCC resalta la importancia de que los gobiernos locales ejecuten con eficiencia obras de reconstrucción en las trece regiones que se encuentran comprendidas en el Plan Integral para la Reconstrucción con Cambios y que es concordante con la política de descentralización y de fortalecimiento de capacidades que impulsa el Gobierno.",agraria.pe/agronegocios,https://agraria.pe/noticias/reconstruyen-el-emblematico-canal-de-riego-tres-cruces-en-tu-18231
2019-01-17,Agroexportaciones peruanas crecerían por encima del 10% este año,"La historia de éxito de las agroexportaciones peruanas está muy lejos de terminar. La activa importación de sistemas de riego tecnificado, que transforma campos agrícolas precarios en huertos modernos permite crecimiento del sector.  Desde hace una década, años tras año, las agroexportaciones peruanas celebran importantes crecimientos a pesar de algunos tropiezos coyunturales como el fenómeno de El Niño, con una tendencia sólida que se mantiene. Así lo indicó el presidente de la consultora Inform@cción, Fernando Cillóniz Benavides, quien proyectó que en 2019 las agroexportaciones peruanas crecerían por encima del 10%. “La historia de éxito de las agroexportaciones peruanas está muy lejos de terminar, hay mucha actividad en los campos lo cual hace bien a los peruanos. Veo muchos años siguientes de crecimiento”. Sostuvo que nuestro país sigue muy activo en la importación de sistemas de riego tecnificado, lo cual se transforma en huertos frutícolas, los cuales permiten seguir aumentando las exportaciones de frutas y hortalizas por parte del Perú. “Ahora que nuevamente estoy recorriendo el país, la cantidad de huertos nuevos es visible desde las carreteras, hay mucha actividad de cambio de cultivos tradicionales como maíz, algodón, papa, camote, entre otros, por huertos frutícolas y ahí están los nuevos viñedos, los nuevos huertos de paltos, cítricos y todo lo demás, entonces el sector seguirá creciendo”, detalló. Agregó que el crecimiento en los años anteriores se debió a la modernización y tecnificación de las áreas existentes, sin embargo ahora es evidente que el Proyecto de Irrigación Olmos (Lambayeque) constituye un aporte significativo. “Solo tenemos como proyecto nuevo Olmos ya que Majes Siguas II, Chavimochic III y la irrigación en Ica no se han desarrollado. El crecimiento es más por la reconversión de los valles donde se viene desarrollando mucha agricultura tecnificada”, sostuvo. Potencial para frutos secos En otro momento, el presidente de Inform@cción, indicó la necesidad de nuestro país por diversificar su canasta agroexportadora. En ese sentido, dijo que hay potencial para incursionar en el negocio de los frutos secos como avellanas, nueces, macadamia, pistacho, pecanos, etc. “Creo que hay que pensar en esos cultivos porque por ahí va estar la tendencia. En Nazca (Ica) ya hay algunos inicios con nueces pero todavía no se registran en las estadísticas, sin embargo estoy seguro que en cuatro años tendremos despachos de nueces, así empezó la historia de éxito de la uva, palta, arándanos, entre otros”, comentó. Cillóniz manifestó que otros cultivos que tienen oportunidades son la cereza y la frambuesa. Además, dijo que todos los productos que forman hoy nuestra oferta exportable seguirán creciendo. Dato . Fernando Cillóniz también se refirió a la caída de precios de los cultivos industriales, básicamente el azúcar que está pasando por un momento muy complicado. Hay que recordar que el azúcar junto con el arroz y el maíz son los cultivos industriales más importantes. En cuanto al café dijo que se aprecia una recuperación en su producción, sin embargo no ha venido acompañado del precio.",agraria.pe/agronegocios,https://agraria.pe/noticias/agroexportaciones-peruanas-crecerian-por-encima-del-10-este--18228
2019-01-17,Se necesita una acción a nivel de Gobierno para que Europa no le cierre las puertas al cacao peruano,"Francisco Rivas Chamba, ex presidente de APPCACAO, y Ángel Manero, ex director general agrícola, consideran que la medida de Europa es arbitraria e injusta, por lo que se necesita acciones de parte del Gobierno. Productores en Piura y Tumbes ya empiezan a dejar sus cultivos ante restricciones. Podría haber alto impacto social.  Primeras señales de alerta. Tras la entrada en vigencia este año de la norma europea que impide el ingreso de despachos de cacao a dicho territorio que contengan altos niveles de cadmio, se conoció que algunos productores en regiones como Piura empezaron a erradicar este cultivo. Francisco Rivas Chamba, ex presidente de la Asociación Peruana de Productores de Cacao (APPCACAO), confirmó que el gremio está atravesando una situación muy difícil y que los problemas se empiezan a ver también en Tumbes, donde destacan dos zonas de producción que son Tumbes provincia y Zarumilla. Explicó que la producción de cacao de Tumbes (que es la más grande de dicha región) muestra un índice de cadmio que ya le impide exportar a Europa, por lo que está trasladando sus envíos hacia Ecuador o el mercado interno, que ofrecen valores muy poco atractivos económicamente para los agricultores. Zarumilla en cambio sí está aún enviando su producción hacia el Viejo Continente, pero en proporciones mínimas pues en dicha zona de frontera hay menos metales pesados en el agua. “El resto sí están vendiendo demasiado barato el cacao a Ecuador. El mercado nacional es muy bajo y no compensa el costo de producción. El precio de exportación muchas veces no compensa, pues si vendíamos a 3 soles el kilo en baba, hoy vendemos a S/ 1.80 o S/ 1.50 y perdemos, por lo que tenemos que buscar cambiar de producto”, detalló. Con respecto al caso de Piura, señaló que la información que tiene es que los productores de cacao están cambiándose al banano, igual que en Tumbes, que además es una zona donde este cultivo es el principal y el cacao crece de forma asociada. La situación es diferente en la selva, dijo, donde el cacao es abundante y el impedimento a las exportaciones puede ocasionar un impacto social muy fuerte. Rivas Chamba refirió que durante los años que estuvo al frente de la dirigencia de APPCACAO trató de trabajar con instituciones como el INIA y el Ministerio de Agricultura y Riego (Minagri) pues veían que se podía desatar una situación similar a la del café con la roya, un problema que estaba advertido con mucha anticipación y sobre el que no se tomaron acciones hasta que fue demasiado tarde. Recordó además que el problema del cadmio con la Unión Europea no solo concierne al Perú sino a otros países de la región como Ecuador y Colombia y que se llegó a organizar un foro a nivel internacional para solicitar a Europa, con los gremios y gobiernos, una extensión en el plazo de aplicación de esta medida, la cual no pudo lograrse. Asimismo, el dirigente consideró que esta restricción tiene una arista política pues solo se le ha impuesto al cacao, dejando de lado el hecho de que el cadmio está presente en muchos otros productos, como el arroz. Lo ideal, sostuvo, es que se pueda esperar unos cuatro a cinco años para terminar los estudios técnicos del problema y encontrar soluciones. “El Gobierno debe interceder en este problema, ahora tiene dinero suficiente y con personal técnico para combatir esta enfermedad del cacao”. Vía diplomática Por su parte, Ángel Manero, ex director general agrícola del Minagri pidió no causar alarma pues no todos los campos ni todos los lotes de cacao en el país muestran altos índices de cadmio. “¨Hay campos donde en una misma plantación se encuentran árboles con contenido elevado y otros que no; sin duda aquí hay un tema de control de calidad que tiene que permitirnos monitorear los lotes para evitar caer en estos castigos”. Coincidió además en que hay que tomar la vía diplomática pues se trataría de una medida “arbitraria e injusta” porque para que un consumidor se vea afectado en su salud por los índices de cadmio en el cacao tendría que consumir un promedio de 120 a 130 kilos de chocolate al año, lo que es imposible considerando que en Bélgica, el país que más consume chocolate en el mundo, el consumo anual por habitante no supera los 12 kilos. “De modo que esta es una medida arbitraria de la Unión Europea que necesita una lucha diplomática, y ahí tiene que estar el Canciller, el Presidente de la República tiene que entrar a tallar y evitar se nos cierren los mercados con medidas injustas”, reclamó.",agraria.pe/agronegocios,https://agraria.pe/noticias/se-necesita-una-accion-a-nivel-de-gobierno-para-que-europa-n-18226
2019-01-16,Denuncian que Coca Cola manipuló políticas contra la obesidad en China para no afectar sus intereses,"La gigante de las bebidas habría operado, junto a otras multinacionales, a través de un instituto que influenciaba a funcionarios chinos para que rechacen iniciativas a favor de la regulación de los alimentos e impuestos a los refrescos.  La campaña del gobierno chino Diez Minutos Felices, que animaba a los niños de edad escolar a hacer ejercicio durante diez minutos al día, lucía como una medida loable para mejorar la salud pública en un país que enfrenta tasas alarmantes de obesidad infantil. Sin embargo, lo más notorio de la iniciativa, y de otros esfuerzos que enfatizaban el ejercicio como la mejor manera de perder peso, es lo que no mencionaba: la importancia de comer menos comida chatarra y bebidas azucaradas altas en calorías, productos que se han vuelto omnipresentes en la segunda economía más grande del mundo. Resulta que el mensaje en China acerca de que el ejercicio por sí solo es la mejor opción fue producto de Coca-Cola y otros gigantes occidentales de alimentos y bebidas procesadas, de acuerdo con un par de estudios que documentan cómo estas empresas han ayudado a dar forma a décadas de ciencia y políticas públicas en China respecto de la obesidad y las enfermedades relacionadas con la alimentación, como la diabetes tipo 2 y la hipertensión. Los hallazgos, publicados en las revistas The BMJ y The Journal of Public Health Policy el 9 de enero, indican que Coca-Cola y otras empresas multinacionales alimentarias operaron a través de un grupo llamado Instituto Internacional de Ciencias de la Vida para conseguir que funcionarios chinos rebatieran una iniciativa a favor de la regulación de los alimentos y los impuestos a los refrescos, resultados de un movimiento que ya ha sido impulsado en otras partes del mundo. El grupo, conocido como ILSI, es una organización internacional con sede en Washington, financiada por muchos de los grandes nombres en el sector de los alimentos procesados, entre ellos Nestlé, McDonald’s, Pepsi Co. y Yum Brands, además de Coca-Cola. Tiene diecisiete filiales, la mayoría en economías emergentes como México, India, Sudáfrica y Brasil. Se promueve como un puente intermediario entre los científicos, los funcionarios de gobierno y las empresas multinacionales de alimentos. En China, ILSI está tan bien posicionado que dirige sus operaciones desde el interior del Centro para el Control y Prevención de las Enfermedades del gobierno, en Pekín. Cuando se envió una solicitud al Ministerio de Salud para que hiciera comentarios acerca de los estudios, el ministerio envió un correo electrónico firmado por el director de ILSI en China, no por el secretario de Salud. Chen Junshi, el director de ILSI, señaló que el grupo siempre había enfatizado la importancia tanto del ejercicio como de una dieta equilibrada, y que sus actividades “están basadas en la ciencia y no se ven afectadas por ningún negocio”. La relación cercana del instituto en China y las multinacionales con quienes hacen política pública en el más alto nivel es considerablemente más estrecha que la que existe en otros lugares. Coca-Cola probó tácticas similares en Estados Unidos al asociarse con científicos influyentes para crear una organización sin fines de lucro llamada Global Energy Balance Network, con el fin de promover el mensaje de que la solución a la crisis de obesidad de ese país es el ejercicio y no la dieta. No obstante, en 2015, después de la publicación de un artículo de The New York Times en torno a estas iniciativas y la indignación de los defensores de la salud pública, la empresa desmanteló la organización. Desde finales de la década de 1990, ILSI ha organizado conferencias sobre obesidad en China, les ha pagado a científicos chinos para que asistan a los eventos y ha ayudado a crear campañas nacionales de salud con el objetivo de abordar la epidemia de obesidad del país, de acuerdo con Susan Greenhalgh, científica social y experta en China de la Universidad de Harvard, autora de los nuevos estudios. Las iniciativas de salud pública de China casi siempre promueven el ejercicio y rara vez mencionan el valor de reducir las calorías o el consumo de alimentos procesados y bebidas azucaradas; según muchos expertos, hacer lo segundo es esencial para perder peso, mantenerlo a raya y mejorar la salud. “No puedes usar solo la actividad física para deshacerte de la obesidad, la hipertensión o la diabetes”, dijo Barry Popkin, profesor de Nutrición en la Universidad de Carolina del Norte, campus Chapel Hill. Popkin no participó en el estudio, pero ha pasado décadas trabajando en China para ayudar a que el país desarrolle lineamientos de nutrición y políticas de alimentos, dijo que tales iniciativas a menudo eran frenadas por altos funcionarios que trabajan de la mano con ILSI. “A lo largo de varias décadas, Coke e ILSI han trabajado para frenar cualquier tipo de política en materia de alimentos que beneficie la salud pública”, aseguró. “Lo que han estado haciendo en China es insidioso”. Mediante una declaración, ILSI comentó que estaba comprometido a respaldar “investigaciones basadas en evidencia sobre alimentos y nutrición” y que no realizaba actividades de cabildeo ni recomendaciones sobre políticas en los países donde opera. “ILSI no afirma haber sido perfecto en sus cuarenta años de historia; no es de sorprender que haya habido errores a lo largo del camino”, indica la declaración. “Por eso, ILSI ha analizado las mejores prácticas y se ha comprometido con asegurar la integridad científica en las investigaciones respecto al sector alimentario y la nutrición”. Coca-Cola aseguró en un comunicado que también ha estado cambiando la manera en que financia investigaciones científicas, a través de una mayor transparencia y al poner fin a la práctica de costear la mayor parte de ciertos estudios. La empresa también señaló que en años recientes ha buscado abordar el problema creciente de la obesidad en China con una oferta de bebidas sin azúcar y a través de un mejor etiquetado de información nutrimental en sus productos. “Reconocemos que demasiada azúcar no es buena para nadie”, indica el comunicado. Los hallazgos de Greenhalgh en los nuevos estudios se basaron en entrevistas con funcionarios y científicos chinos, así como una reseña de documentos públicos emitida por Coca-Cola e ILSi. Dijo que los esfuerzos de la industria han sido muy exitosos, en parte porque China no tiene medios ni organizaciones de vigilancia con amplia libertad que habrían analizado o sido críticos de los vínculos con ILSI. En las últimas décadas, China ha pasado de ser un país afectado por la escasez de alimentos a uno que padece niveles cada vez más altos de obesidad y enfermedades crónicas vinculadas con una mala dieta. Más del 42 por ciento de los adultos en China tienen sobrepeso o son obesos, de acuerdo con investigadores chinos, más del doble de la tasa de 1991. En las ciudades chinas, casi una quinta parte de los niños es obesa, de acuerdo con encuestas del gobierno. Debido a que el consumo de bebidas azucaradas ha disminuido en países como Estados Unidos o las naciones de Europa, Coca-Cola considera que China y otros países en vías de desarrollo son esencialespara mantener sus ganancias. China es el tercer mercado más grande de la compañía. Martin McKee, profesor de Salud Pública Europa en la London School of Hygiene and Tropical Medicine y quien escribió un artículo de acompañamiento al estudio en The JML, dijo que ILSI y otros grupos financiados por la industria que representan los intereses de las empresas de tabaco, alcohol o la comida rápida han encontrado terreno fértil en los países que tienen burocracias débiles en cuanto a la salud pública. Estos grupos, dijo, aseguran que son independientes pero se rehúsan a revelar información detallada acerca de su financiamiento, mientras que apoyan y promocionan estudios científicos cuyos resultados a veces enturbian la percepción sobre temas polémicos como el tabaquismo o el consumo de alcohol y refrescos. “A menudo filtran datos de maneras que confunden, mientras presentan estos temas como problemas tan complejos que nada puede hacerse”, comentó. Fuente: The New York Times",agraria.pe/agronegocios,https://agraria.pe/noticias/denuncian-que-coca-cola-manipulo-politicas-contra-la-obesida-18225
2019-01-16,Lambayeque instalará 29 mil hectáreas de almácigos en la campaña agrícola 2018-2019,"Gerencia Regional de Agricultura Lambayeque se reunió con los miembros del Comité de Coordinación del Plan de Cultivo y Riego Valle Chancay Lambayeque, para evaluar la campaña agrícola 2018-2019 de la región.  El último lunes, el titular de la Gerencia Regional de Agricultura Lambayeque (GRAL), Juan Chapoñán, se reunió con los miembros del Comité de Coordinación del Plan de Cultivo y Riego Valle Chancay Lambayeque, para evaluar la campaña agrícola 2018-2019 de la región. Al respecto, el presidente de la Junta de Usuarios Valle Chancay Lambayeque (JUVCL), Alfredo Díaz Suyón, manifestó que en el primer sector, compuesto por Monsefú, Chiclayo, Chongoyape y Lambayeque, se ha finalizado la instalación de almácigos en una área aproximada de 8.500 hectáreas. Actualmente se está realizando los trasplantes que culminarán cerca del 2 de febrero. Por su parte, en el segundo sector compuesto por Ferreñafe, Pítipo, Capote, Mochumí, Muy Finca, Túcume y Sasape, dijo que recién se estaría culminando la instalación de almácigos en una extensión de 20.500 hectáreas. El trasplante se iniciaría el 17 de enero aproximadamente. A su turno, el representante del Proyecto Especial Olmos Tinajones (PEOT), Humberto Nieto manifestó que a través del grupo de trabajo del Plan de Aprovechamiento de las Disponibilidades Hídricas (PADH), se está realizando diversas visitas inopinadas en campo a diferentes sectores hidráulicos del valle con el objetivo de monitorear y establecer correcciones en la distribución del líquido vital. El representante del PEOT destacó al Plan Hidráulico Regional como un instrumento para mejorar la disponibilidad y oferta de agua por medio de la construcción de presas, tales como Montería, Sicán, La Calzada, entre otras.",agraria.pe/agronegocios,https://agraria.pe/noticias/lambayeque-instalara-29-mil-hectareas-de-almacigos-en-la-cam-18217
2019-01-15,Complejo Agroindustrial Beta proyecta crecer en ventas 28.5% este año,"La empresa agroindustrial planea construir una planta de congelado para espárragos y ampliar su packing de arándanos en el norte.  En 2018, el Complejo Agroindustrial Beta realizó ventas por US$ 140 millones sustentado en los mayores volúmenes despachados de paltos y arándanos, y la recuperación de la cosecha de uvas, pese a menores precios. Así lo indicó el gerente de Administración y Finanzas de la empresa, Raúl Briceño, quien señaló que para este año se proyecta que las ventas al exterior alcancen los US$ 180 millones, lo que representaría un incremento de 28.5%. En tal expectativa se considera la normalización de los precios de las uvas y los espárragos en el mercado, además, se depende mucho de las condiciones climatológicas y otras situaciones. Raúl Briceño indicó que los principales mercados destinos de su representada son Estados Unidos, Europa y Asia. Expansión de sus cultivos En otro momento, dijo que Beta este año proyecta nuevas inversiones en capacidad de procesamiento. Así, en el norte, planea construir una planta de congelado para espárragos y ampliar su packing de arándanos. Agregó que la empresa ya desarrolla el negocio de congelados en Ica. Y al haber llegado a 800 hectáreas de espárragos en Jayanca (Lambayeque), requerirán una segunda planta para ese proceso en el norte. En tanto, la ampliación del packing, en Olmos, también responde al aumento de volúmenes de producto. “Hemos alcanzado 600 hectáreas de arándanos y estamos sembrando más en el norte, queremos llegar a 1.000 hectáreas”, dijo. Refirió que será la tercera expansión de dicho packing -donde además procesan paltas-, luego de la culminada a fines del primer semestre de 2018. El año pasado también construyeron un packing de uvas en el norte peruano. Productos todo el año Entre otras inversiones, Briceño afirmó que Beta mantiene la anunciada expectativa de comprar 1.000 hectáreas para tener un banco de tierras. “Dependiendo de los precios y condiciones, podría ser en el sur o norte”, afirmó. Consultado sobre potenciales adquisiciones en el exterior, sostuvo que los esfuerzos de Beta aún se enfocarán en el Perú. Sin embargo, reconoció que aspiran a suministrar productos todo el año, lo cual demandaría un movimiento diferente. “Lo que ya tenemos podría darnos más de US$ 200 millones en ventas en dos años, ahí estaríamos en una mejor posición financiera para ver qué otro paso podemos dar”, dijo, tras indicar que hoy tienen casi 5.000 hectáreas en Perú. Dato . Vistas las condiciones más atractivas en el cultivo de paltas, Beta migrará sus campos en Chincha a estos productos, dejando así el negocio de cítricos. Refirió que estos frutos atendían más al mercado local y que continuar con estos demandaba un cambio de variedad.",agraria.pe/agronegocios,https://agraria.pe/noticias/complejo-agroindustrial-beta-proyecta-crecer-en-ventas-285-e-18212
2019-01-14,Minagri: Se dará continuidad a la ejecución del Proyecto de Irrigación Lomas de Ilo,"Para ello se coordinará con la autoridad regional de Moquegua.  La segunda etapa del Proyecto de Irrigación Lomas de Ilo, será reactivada y para ello el Gobierno Central buscará una solución definitiva con la autoridad regional de Moquegua. Así lo anunció del presidente de la Republica, Martín Vizcarra, noticia que fue confirmada por el titular de Agricultura y Riego, Gustavo Mostajo. De acuerdo a lo anunciado, los trabajos en Lomas de Ilo deberán concluirse y así dotar de riego a tierras fértiles, lo que finalmente permitiría ampliar la frontera agrícola en 5 mil hectáreas. Esto a mediano plazo convertiría a Moquegua en un polo de desarrollo de diversas variedades de frutas con un enorme potencial para exportar a los principales mercados del mundo.",agraria.pe/agronegocios,https://agraria.pe/noticias/minagri-se-dara-continuidad-a-la-ejecucion-del-proyecto-de-i-18206
2019-01-14,Gobierno daría luz verde a reinicio de Chavimochic III con Odebrecht en enero,"Gobernador regional de La Libertad, Manuel Llempén aseguró que cuenta con apoyo del Gobierno central para concluir la presa Palo Redondo con Odebrecht.  En este mes de enero, el Estado y la concesionaria Chavimochic, liderada por Odebrecht, sellarían un acuerdo para reiniciar los trabajos de la tercera etapa de este proyecto de irrigación, adelantó el gobernador regional de La Libertad, Manuel Llempén, quien asegura que recibirá el apoyo del Gobierno Central. “El presidente (Martín) Vizcarra me ha manifestado que en este mes de enero vamos a destrabar el proyecto Chavimochic. Pareciera que la próxima semana voy a tener la oportunidad de conversar con él nuevamente”, indicó Llempén. En diciembre del 2016, la concesionaria decidió paralizar los trabajos debido a que el Proyecto Especial Chavimochic, que depende del Gobierno Regional de La Libertad (GRLL), no le había entregado la totalidad de los terrenos oportunamente, por lo cual aquella exigía cobrar un excedente. Así, la concesionaria inició un proceso de arbitraje contra el GRLL en agosto del 2018 y luego le extendió una propuesta con el fin de concluir los trabajos de Palo Redondo y decidir de mutuo acuerdo la caducidad de la concesión por 20 años. Según indica la autoridad, la única opción que se evalúa, y la más rápida, es tomar esta propuesta para concluir los trabajos de la presa Palo Redondo, que cuenta con un avance del 80% y unos US$ 250 millones ya invertidos. “Es la única alternativa que todos tenemos. La intención es trabajar la terminación de la presa Palo Redondo, que es lo que le da valor a todo el Proyecto Chavimochic, y caducar de mutuo acuerdo la concesión por 20 años. La primera y la segunda etapa son solo un canal que traslada el agua que viene del río Santa y termina en el mar. Recién esta tercera etapa, con la construcción de la presa Palo Redondo, podrá asegurar el agua para irrigar toda la zona agroexportadora”, explicó el gobernador. El resto del proyecto, que incluye el canal de distribución, Llempén Coronel espera que se pueda construir como obra pública. El reinicio de esta obra es sumamente importante para los agroexportadores liberteños, que en varios casos han vistos frenados sus planes de expandirse, por la paralización de la obra. Semanas atrás, se inició una polémica en torno a la posibilidad de que la concesionaria reinicie los trabajos en Chavimochic, luego de que el presidente Vizcarra se mostró en contra de que Odebrecht siga operando en el Perú. Sin embargo, el primer ministro César Villanueva recientemente indicó que el Gobierno respetará el acuerdo entre la Fiscalía y Odebrecht, que permitiría a la empresa continuar operando. Instalación de 6 mil pequeños reservorios En los andes liberteños existen 400 mil hectáreas de tierra que requieren irrigación para asegurar siembras y cosechas, sostiene la autoridad, quien adelanta que para ello instalarán 6 mil pequeños reservorios (pozos con geomembranas) en siete provincias de La Libertad: Otuzco, Julcán, Bolívar, Pataz, Santiago de Chuco, Sánchez Carrión y Gran Chimú. Cada reservorio requerirá una inversión de entre S/ 40 mil y S/ 150 mil, por lo cual la inversión mínima para este proyecto será S/ 240 millones. S/ 1.200 millones para reconstrucción Con respecto al avance reducido de los trabajos de reconstrucción en La Libertad, el gobernador explicó que los gobiernos municipales y regionales no recibían oportunamente el presupuesto para la elaboración de los expedientes técnicos. No obstante, sostiene que esta dificultad ya ha sido subsanada y el GRLL espera recibir S/ 1,200 millones para las obras de este año. ""Aprovecharemos ese presupuesto al 100% este año"", manifestó. Para dialogar sobre el avance de estos trabajos, Llempén se reunirá con el director ejecutivo de la Autoridad para la Reconstrucción con Cambios (ARC), Edgar Quispe, el jueves 17 de enero. Además, dio a conocer que en su gestión se construirá un Parque Industrial en Chicama bajo el modelo de Asociación Público Privada (APP) y se creará un Instituto de Cuero y Calzado, para apoyar la producción de este sector. Fuente: Gestión",agraria.pe/agronegocios,https://agraria.pe/noticias/gobierno-daria-luz-verde-a-reinicio-de-chavimochic-iii-con-o-18205
2019-01-14,Sierra Azul construirá 50 cochas en la región Cusco este año,"Reservorios naturales servirán para combatir impactos del cambio climático e impulsar el agro.  Con una inversión de S/ 5 millones, el Fondo Sierra Azul construirá este año 50 cochas o reservorios naturales en la región Cusco, a fin de reducir los impactos del cambio climático e impulsar las actividades agropecuarias, informó el Ministerio de Agricultura y Riego (Minagri). Estos reservorios, que permitirán la siembra y cosecha del recurso hídrico por medio del almacenamiento de agua de lluvias, beneficiarán de modo directo a 5.000 familias. El director ejecutivo del fondo, Max Sáenz Carrillo, inauguró las siete primeras cochas en el distrito de Quiquijana, que impulsarán las actividades ganadera y agrícola de las comunidades de la provincia de Quispicanchi. Acompañado por autoridades locales y comuneros, el funcionario puso en funcionamiento las primeras siete en Quispicanchi, donde se cultiva, principalmente, maíz, haba, papa y pastos. Resaltó la importancia de este tipo de intervenciones para asegurar la producción de cultivos al contar con una mayor disponibilidad del recurso hídrico en un contexto de cambio climático y sus funestas consecuencias. Las cochas, que fueron puestas en marcha al servicio de pequeños productores son Lacrapampa 01 (comunidad de Urin Ccoscco), Lacrapampa 02, Lacrapampa 03, Yuracc Cancha 01, Yuracc Cancha 02, Kuchuyrimi 01 y Kuchuyrimi 02. Los principales beneficiados son 240 familias de las comunidades de Urun Ccoscco y Kallatiac, en el distrito de Quiquijana. Experiencia exitosa Sáenz Carrillo expresó que son varios los motivos que comprometen al Minagri a proseguir con la construcción de cochas a nivel nacional. “Primero, cumplir con el encargo formulado por el presidente Martín Vizcarra y el ministro del sector, Gustavo Mostajo, de poner en marcha 1.250 cochas al Bicentenario (2021)"", señaló. En segundo lugar, remarcó, la ""convicción de que la siembra y cosecha de agua es la estrategia más adecuada no solo para generar empleo temporal para los productores, sino también porque es la vanguardia en la lucha contra el cambio climático y la conservación de las cuencas altoandinas”. Además, Sáenz sostuvo que, de esta manera, el Minagri contribuye con la organización de las comunidades que, junto a los gobiernos locales son básicos para el desarrollo de las obras. “También por la satisfacción de ver cómo nuestros diques construidos respetan todas las exigencias técnicas y responden adecuadamente a la presión de agua más la seguridad que brindan las válvulas y aliviaderos de cada cocha"", puntualizó. Destacó que la constante en la construcción de las cochas será el empleo temporal para los pequeños agricultores de las zonas altoandinas, la adquisición de materiales e insumos en el mercado local. Asimismo, acompañar las cochas con actividades de forestación, construcción de zanjas de infiltración y habilitación de praderas.",agraria.pe/agronegocios,https://agraria.pe/noticias/sierra-azul-construira-50-cochas-en-la-region-cusco-este-ano-18203
2019-01-11,Agroexportaciones crecieron 10.76% en noviembre de 2018,"Los despachos agrícolas (tradicional) sumaron US$ 88.3 millones, mostrando una reducción de 17.8%, mientras que envíos agropecuarios y/o agroindustriales (no tradicional) alcanzaron los US$ 483.7 millones, reflejando un alza de 18.3%.  En noviembre de 2018, las agroexportaciones peruanas sumaron US$ 572 millones, lo que representó un incremento de 10.76% frente a los US$ 516.4 millones alcanzados en el mismo mes de 2017. Así lo indicó el Instituto Nacional de Estadística e Informática (INEI) en su informe técnico “Evolución de las Exportaciones e Importaciones-Noviembre 2018”. En el estudio se detalla que solo en noviembre de 2018, los despachos agrícolas (tradicional) sumaron US$ 88.3 millones, mostrando una reducción de 17.8% respecto a los US$ 107.4 millones alcanzados en noviembre de 2017. Esta caída se explica por la menor demanda externa de café de Estados Unidos de América y Alemania. Por el lado de los envíos agropecuarios y/o agroindustrial (no tradicional) en noviembre alcanzaron los US$ 483.7 millones, reflejando un alza de 18.3% frente a los US$ 409.0 millones obtenidos en similar mes de 2017. Este crecimiento estuvo impulsado por las mayores ventas de productos agrícolas como uvas (Países Bajos, Estados Unidos de América y Reino Unido), arándanos (Estados Unidos de América y Países Bajos), espárragos (Estados Unidos de América) y plátano, incluido el tipo Cavendish (Países Bajos). El INEI señaló que en noviembre de 2018, los despachos de uva sumaron US$ 158.9 millones (+50.9% respecto a lo alcanzado en noviembre de 2017; arándanos, US$ 95.9 millones (+40.5%); espárragos, US$ 41.6 millones (+9.1%); alcachofa, US$ 13.4 millones (-18.7%); plátano incluido tipo Cavendish, US$ 13.1 millones (+48.8%); preparaciones utilizadas para la alimentación de animales, US$ 10.9 millones (-14%); leche, US$ 10 millones (+16.4%); cacao en crudo, US$ 8.4 millones (+14.1%). Datos . El Instituto Nacional de Estadística e Informática (INEI) indicó que de enero a noviembre del año pasado las exportaciones del sector agrícola se redujeron en 0.4%, mientras que las del sector agropecuario y/o agroindustrial aumentaron en 17.8%. . En los primeros once meses de 2018, los despachos de uva crecieron 33.5%, arándanos (+60.5%), espárragos (+3.5%), alcachofa (+4.9%), plátano incluido tipo Cavendish (+12.6%), preparaciones utilizadas para la alimentación de animales (+8.8%), leche (+5.5%), cacao en crudo (-10%).",agraria.pe/agronegocios,https://agraria.pe/noticias/agroexportaciones-crecieron-1076-en-noviembre-de-2018-18189
2019-01-10,Envíos de frutas y hortalizas frescas de Perú crecieron 18% durante enero-noviembre de 2018,"La palta Hass fue el producto que lideró nuestra oferta exportable con US$ 722 millones (+25%).  Entre enero y noviembre de 2018, las agroexportaciones peruanas alcanzaron los US$ 5.748 millones, registrando un crecimiento de 14% comparado con el mismo periodo de 2017 donde sumó US$ 5.063 millones, informó la Asociación de Gremios Productores Agrarios del Perú (AGAP). Señaló que este incremento fue impulsado principalmente por las exportaciones de frutas y hortalizas (F&H) frescas, que sumaron US$ 2.758 millones, mostrando un incremento de 18%, comparado con el mismo periodo durante 2017. Dentro del subsector frutas, la palta Hass fue el producto que lideró nuestra oferta exportable con US$ 722 millones (+25%), siendo sus cinco principales mercados de destino Países Bajos (US$ 267 millones), Estados Unidos (US$ 175 millones), España (US$ 110 millones), Reino Unido (US$ 66 millones) y Chile (US$ 35 millones). Le siguen las uvas con US$ 468 millones (+19%), el arándano con US$ 448 millones (+41%), el mango con US$ 209 millones (+41%) y el banano orgánico con US$ 150 millones (+11%). La exportación de cítricos registró envíos por US$ 183 millones, las nueces de Brasil alcanzaron los US$ 61 millones, la granada US$ 67 millones, los higos US$ 3.5 millones, las sandías US$ 3.3 millones, las pecanas US$ 3.2 millones y la granadilla US$ 2.7 millones. En el subsector hortalizas frescas, destacaron los envíos de espárragos por US$ 323 millones, seguido por las cebollas con US$ 59 millones, las arvejas US$ 24 millones, los ajos frescos US$ 10 millones, entre otros. Mercados de destino Estados Unidos fue el país que más agroexportaciones peruanas recibió con US$ 989 millones, seguido por Países Bajos con US$ 694 millones, Reino Unido con US$ 247 millones, España con US$ 197 millones y China con US$ 94 millones. Europa fue el continente que recibió más envíos de frutas y hortalizas frescas por US$ 1.265 millones (+24%), seguido por Norteamérica con US$ 1.236 millones (+10%), Asia con US$ 303 millones (+16%) y Sudamérica con US$ 88 millones (+47%). Dato . Sobre la exportación de café, este producto registró envíos entre enero y noviembre de 2018 por US$ 545 millones, mientras que el cacao exportó US$ 233 millones. En cuanto al kión o jengibre, este registró envíos por US$ 36 millones.",agraria.pe/agronegocios,https://agraria.pe/noticias/envios-de-frutas-y-hortalizas-frescas-de-peru-crecieron-18-d-18183
2019-01-09,"Este año, las paltas superarán exportaciones por US$ 800 millones, y los arándanos pasarán los US$ 500 millones","Analista hace un balance de los puntos resaltantes de 2018 en el sector agrario y apunta a cultivos como la frambuesa para una próxima gran apuesta para diversificar la canasta exportadora. Plantea un 2019 positivo, aunque con varios temas estructurales pendientes como la implementación del plan de cultivos.  El cierre del 2018 fue anunciado como un avance por el Ministerio de Agricultura y Riego (Minagri) al haber, según sus estimados, superado la meta de US$ 7.000 millones en agroexportaciones que se había planteado al inicio del año pasado (la entidad señaló que se llegó a los US$ 7.030 millones). Para Ángel Manero, ex director general agrícola del Minagri, este resultado viene acorde con una dinámica propia del sector privado de los últimos 15 años, donde se muestra un crecimiento sectorial de 10% a 15% cada año. “Es un esfuerzo principalmente privado que se ve acompañado por un rol del Estado, principalmente del Senasa, en negociar acuerdos y certificaciones fitosanitarias respectivas para que los productos lleguen, en contratar inspectores…pero este es un mérito principalmente del sector privado”, dice. ¿Qué fue lo más resaltante del 2018 para el sector agrícola? Manero considera que se debe destacar en la gestión del ministro Gustavo Mostajo la resolución ministerial que aprueba el plan de cultivos, una herramienta importante para planificar las siembras y que ayudará a evitar las sobreofertas, siempre que se logre implementar un trabajo coordinado con las regiones. Otro punto que el analista resalta es la continuidad del programa de siembra de pastos mejorados, una labor que ejecuta Agro Rural. Y ya en el ámbito del Congreso de la República, considera que ha sido positivo el reflotamiento del Agrobanco, pues el sector necesita una banca de fomento que se fortalezca. Para ello, agrega, no debe incurrirse en los mismos errores del pasado, como otorgar préstamos por montos considerables a grandes empresarios que luego no pagaron sus deudas, a diferencia del pequeño productor que sí lo hizo. Y en cuanto a su operatividad, pide que la entidad sea más dinámica e innovadora para modernizarse y estar a la par que la banca privada en lo relativo a su efectividad. Sin embargo, un aspecto que refiere ha sido olvidado por la actual gestión ministerial es la promoción agraria que se orienta a los mercados y mejorar la productividad. “Es una tarea pendiente del ministerio. Tenemos un Ministerio de Agricultura muy enfocado en infraestructura de riego; pareciera que es una agencia de infraestructura de riego solamente y se olvida que la riqueza y el mayor impacto que necesita el sector es la promoción comercial porque estamos produciendo mucho. Tenemos mejores carreteras, más agua, el campo está produciendo más, y la oferta está creciendo más allá de lo que crece la población y lo que crece la demanda; por eso tenemos muchos problemas de sobreoferta y precios bajos en varios productos”. En esa línea, pidió dinamizar más los mercados, promover el consumo y establecer donde sea posible programas de industrialización para exportar más, un aspecto muy importante de la mano con la productividad. En definitiva, más promoción agraria, una tarea para la cual las regiones no tienen capacidad ni presupuesto, y que debe ser impulsada por el ministerio. Cultivos promisorios en 2019 Consultado sobre lo que vendrá en este nuevo año, Ángel Manero apunta que espera ver la consolidación del arándano, que debe superar los US$ 500 millones en exportaciones, así como la palta, que estaría por encima de los US$ 800 millones. Llama la atención sin embargo sobre el potencial que tiene la frambuesa para la agroexportación que incluya a pequeños productores, un cultivo que requiere más plantaciones experimentales y nueva tecnología, así como viveros. Señala que zonas como Cañete, Huaral, Chancay y Barranca pueden constituir un gran área industrial para este fruto. El panorama es distinto en cambio para los productos de la selva, cuyo transporte es muy caro y les resta competitividad. En esta región, estima, se requieren políticas integrales de industrialización –con una complementariedad crucial con el sector privado y el enfoque de los fondos para innovación- en la misma zona para explotar el potencial de, por ejemplo, las bebidas exóticas con frutos amazónicos, una tendencia que está creciendo en el mundo que busca bebidas saludables. “Frutas como el camu camu, aguaje, acai, van teniendo mayores espacios de mercado, y son jugos concentrados con gran valor que tenemos que saber promocionar. Por eso es importante el rol de promoción de mercados; si nos quedamos con los brazos cruzados el mundo nos va a pasar por encima. Tenemos que salir a las principales ferias a promover nuestras frutas amazónicas. Estos jugos maravillosos son riquísimos y tienen alto contenido de ácido ascórbico, vitamina C, antioxidantes”, explica. Esta diversificación es fundamental para cultivos que también están ya consolidados y encuentran ahora ciertas dificultades comerciales. Así, sostiene que el crecimiento de la uva en áreas se ha dado de manera muy acelerada, lo que satura el mercado. Igual con el mango, que en su momento fue de las pocas frutas exportables de Piura, lo que ocasionó que mucha gente se volqué a su cultivo. En este ámbito el rol de innovación que debe cumplir el INIA, dice, es importantísimo. Ya se vislumbran también problemas con el durazno orientado a consumo humano directo, por lo que industrializar es prioritario. Proyección 2019 Finalmente, Ángel Manero proyecta que 2019 va a ser un gran año para las agroexportaciones pues las uvas están recuperándose gracias al cambio varietal; las mandarinas también están en auge, así como los arándanos, paltas, mangos, e incluso el café que estuvo golpeado por bajos precios y tiende a recuperarse levemente. “Creo que podemos crecer más de 15% este 2019”, dice. Dato Manero considera que hay que fortalecer también el proceso de regionalización. En ese sentido recordó que Serviagro fue una propuesta de este gobierno para recuperar la extensión agraria y que los gobiernos regionales estén más cerca del agricultor, pero que ha sido dejado de lado por el Minagri.",agraria.pe/agronegocios,https://agraria.pe/noticias/este-ano-las-paltas-superaran-exportaciones-por-18171
2019-01-07,Director regional de Agricultura de Piura solo duró dos días,"El también candidato a consejero regional por Morropón no tenía título profesional.  El director regional de Agricultura de Piura, Arnaldo Arévalo, solo duró dos días en el cargo. Él renunció luego de que fuera cuestionado por presentarse como ingeniero, pese a que no era titulado. Su salida se oficializó luego que el portal web del Gobierno Regional publicara la Resolución Ejecutiva en la que el gobernador Servando García aceptaba su dimisión. Arnaldo Arévalo tentó la consejería por la provincia de Morropón por Fuerza Regional, partido que lidera el flamante gobernador, pero no ganó. “Todas las personas que no cumplan con los requisitos o el perfil requerido tendrán que dar un paso al costado. El señor presentó su renuncia y el próximo lunes deberíamos estar designando a su reemplazo”, dijo Servando García. De igual modo, rechazó las críticas sobre el nombramiento de sus ex candidatos en cargos de confianza de diversos municipios. Al respecto, el consejero Alfonso Llanos (Somos Perú) dijo que le preocupan “estas marchas y contramarchas” del gobernador. “Todo esto está afectando el inicio de la gestión y por eso pediremos en los próximos días que se revisen todas las designaciones”, dijo. El ex gobernador Reynaldo Hilbck, en tanto, dijo a través de su cuenta de Facebook que “los requisitos para los cargos en el gobierno regional están establecidos hace 13 años”. Ello debido a que Servando García señaló que se dejó una valla alta de requisitos para estos puestos. Dato . Arnaldo Arévalo firmaba como ingeniero, pero no estaba registrado ni en la Superintendencia Nacional de Educación Superior Universitaria (Sunedu) ni en el Colegio de Ingenieros. El viernes aseguraba que no había renunciado. Fuente: Perú 21",agraria.pe/agronegocios,https://agraria.pe/noticias/director-regional-de-agricultura-de-piura-solo-duro-dos-dias-18160
2019-01-07,Agromar sumará dos nuevas plantas en Piura y Lima este año,"La empresa proyecta sembrar desde 2020 variedades de limón como el Siciliano y orgánico.  Agromar Industrial planea sumar dos nuevas plantas este año con el fin de seguir creciendo en el mercado. Así, contará en total con unas seis plantas en el país. “Al cierre del año, comenzaremos a operar una nueva planta empacadora de mango en Piura; y una planta multipropósito de congelados en Lima que atenderá al norte y al sur chico”, sostuvo Fabián Hidalgo, gerente general de la empresa. Exportación ¿Sumará la empresa nuevos mercados de exportación? Fabián Hidalgo dijo que tienen en la mira llegar a Dubái este año con productos frescos como mango y limón. “Vamos a participar en una feria logística en Alemania para poder llegar a más mercados con nuestros productos”, indicó. Actualmente ya exportan a Europa, Canadá, México, Brasil, entre otros mercados. En cuanto a nuevos cultivos, este 2019 sumarán a su portafolio los arándanos. Hoy venden al exterior limón, maracuyá y mangos. “Este producto tiene gran potencial de demanda en el exterior, en países como Estados Unidos, y en Europa. Por eso estamos apostando por entrar a competir con esta fruta”, señaló el ejecutivo. Asimismo, esperan comenzar a sembrar en 2020 nuevas variedades de limón como el Siciliano, y el orgánico. Hoy comercializan el limón sutil y el Tahití. “Para estas nuevas variedades de limón comenzaríamos sembrando unas 100 hectáreas, ya contamos con la tierra”, agregó. Y ampliarán este año sus hectáreas (ha) de tierras, incrementándolas en 350 ha; así llegarán a tener alrededor de 1,000 ha. Al cierre del año versus el 2018, la empresa espera crecer 20% en su facturación. “Nos ayudará también a este crecimiento que hemos sacado una nueva presentación de nuestro jugo Frumas, que ya está entrando a los supermercados”, dijo. Datos .Al cierre de 2018, la empresa creció alrededor de 5% en sus ventas con respecto a 2017. .Los precios de néctares y jugos en el mercado se elevaron de 8% a 10% por alza del ISC. Fuente: Gestión",agraria.pe/agronegocios,https://agraria.pe/noticias/agromar-sumara-dos-nuevas-plantas-en-piura-y-lima-este-ano-18159
2019-01-07,¿Qué productos vegetales peruanos ya se exportan al continente asiático?,"En destinos como China, Japón y Corea del Sur, entre otros, ya encuentran los arándanos, mangos, uvas y bananos peruanos.  Muchos especialistas coinciden en que Asia es el mercado del futuro para las agroexportaciones, y por ello, diversos alimentos peruanos se encuentran abriendo el camino para esta industria nacional en dicha plaza. ¿Cuáles son los productos que ya se encuentran en el continente asiático? De acuerdo a información del Ministerio de Agricultura y Riego, estos son los destinos asiáticos donde podemos encontrar actualmente presencia de alimentos provenientes de nuestro país: China, donde se encuentran cítricos, mangos, paltas, uvas, arándanos y espárragos peruanos. Japón, país en el que logramos colocar mangos, banano y kion. Corea del Sur, nación en la que son protagonistas los mangos y las uvas. India, gigante plaza que ya ve la aparición de nuestras paltas, uvas y quinua. Taiwán, donde se puede ubicar la uva peruana. Singapur, a donde ya se despachan cítricos, mangos y paltas. Malasia, destino del espárrago nacional.",agraria.pe/agronegocios,https://agraria.pe/noticias/que-productos-vegetales-peruanos-ya-se-exportan-al-continent-18155
2019-01-04,Contraloría detectó más de S/ 77 millones en perjuicio económico en proyecto Alto Piura,"El ente de control encontró presunta responsabilidad penal, civil y/o administrativa de 20 funcionarios y exfuncionarios del Gobierno Regional de Piura y del Proyecto Especial de Irrigación e Hidroenergético del Alto Piura.  La Contraloría General detectó un perjuicio económico de S/ 77.578.425 en la obra de construcción de la presa y túnel del Proyecto Especial de Irrigación e Hidroenergético del Alto Piura, uno de los proyectos más importantes de la región Piura, que permitirá generar energía eléctrica y ampliar la producción agrícola en la región. Durante la auditoría de cumplimiento, se encontró la presunta responsabilidad penal, civil y/o administrativa de 20 funcionarios y exfuncionarios del Gobierno Regional de Piura y del Proyecto Especial de Irrigación e Hidroenergético del Alto Piura (entidad del Gobierno Regional). Actualmente, la construcción de la presa y el túnel se encuentran paralizados, debido a que se resolvió el contrato con una segunda empresa contratista y un segundo supervisor, que estaban ejecutando el saldo (faltante) de obra. Sin expediente técnico El contrato para ejecutar la obra fue suscrito por el Proyecto Especial y la empresa Construcöes e Comercio Camargo Correa S.A., en mayo del 2010, por 479 millones 663 mil 437 soles, siendo resuelto años después (2013) por mutuo acuerdo entre las partes. La Comisión Auditora ha determinado que la empresa contratista empezó a ejecutar la obra con un expediente técnico deficiente e incompleto, sin los planos de detalles, secciones, georreferenciación, Estudios de Impacto Ambiental y estudios complementarios que permitan la ejecución de la presa y el túnel, objeto central de la obra contratada. Durante tres años, la empresa contratista ejecutó las obras viales, denominadas caminos de acceso (que inicialmente no estaban contempladas en el proyecto), avanzó 188 metros de galerías de acceso al túnel. Sin embargo, no construyó ni el túnel ni la presa (objeto esencial del contrato) porque no contaban con los estudios definitivos de dichas obras. En el año 2014, se culminaron los estudios definitivos con nuevos diseños para la construcción del túnel y la presa que tenían características distintas a las del contrato inicial y contemplaban un incremento de 50% del presupuesto. Esto ocasionó que las partes decidieran resolver el contrato de mutuo acuerdo. El retraso en la elaboración de los estudios definitivos conllevó a que la empresa contratista solicitara que le reconozcan mayores costos generales, costos por posesión de maquinaria, entre otros, los cuales fueron sometidos a un arbitraje. La empresa contratista Camargo Correa ganó el arbitraje por S/ 75.592.302. Además, la entidad tuvo que asumir el costo del proceso arbitral ascendente a S/ 1.150.145, constituyéndose en una pérdida económica para el Estado. Construcción en el lugar equivocado Durante la auditoría de cumplimiento, también se determinó que la entidad y el supervisor autorizaron a Camargo Correa construir las obras de sostenimiento del portal de salida del túnel, sin contar con el expediente técnico completo. Las obras de sostenimiento del talud del cerro que impiden que se produzcan derrumbes cuando se realiza la excavación, se ejecutaron entre octubre del 2012 y septiembre 2013, con una inversión de S/ 835.977. La Contraloría General evidenció que estas obras no fueron utilizadas porque el expediente técnico aprobado, en marzo de 2014, contemplaba la construcción del portal de salida del túnel en un lugar diferente al que se había previsto inicialmente. Por lo tanto, las obras de sostenimiento del portal de salida del túnel tenían que ejecutarse en la nueva ubicación. Así, se ha determinado que cuando se resolvió el contrato con Camargo Correa, la entidad contrató al Consorcio Obrainsa-Astaldi, para que construyera las obras de sostenimiento del nuevo portal de salida del túnel en la ubicación señalada en el expediente técnico aprobado, las cuales contemplaban, incluso, un presupuesto menor, según señala el informe de control. Fuente: Gestión",agraria.pe/agronegocios,https://agraria.pe/noticias/contraloria-detecto-mas-de-s-77-millones-en-perjuicio-econom-18150
2019-01-04,Minagri: Agroexportaciones peruanas superaron meta de US$ 7.000 millones en 2018,"Las paltas, uvas, arándanos, y espárragos son los productos que más se vendieron al exterior  Las agroexportaciones peruanas cerraron el año 2018 en más de US$ 7.030 millones, informó el ministro de Agricultura y Riego, Gustavo Mostajo Ocola, destacando que se cumple con la meta trazada por el gobierno para generar más divisas en este sector. El titular de Agricultura resaltó que la cifra alcanzada representa un incremento de 12.4% en comparación al 2017, cuando se sumó US$ 6.255 millones. Las paltas frescas, uvas frescas, café sin tostar, sin descafeinar; arándanos frescos, y espárragos frescos son los productos que más se vendieron al exterior, concentrando el 44% de todo lo exportado. Según la estadísticas del Minagri, durante el 2018, sobresalen los incrementos de las exportaciones de paltas frescas con US$ 724 millones (25%), uvas frescas que alcanzaron US$ 718 millones (10%), café sin descafeinar, sin tostar con US$ 711 millones (1%) y arándanos frescos con US$ 590 millones (63%). También se destacan las preparaciones utilizadas para alimentación animal con US$ 236 millones (5%), mangos frescos con US$ 223 millones (16%), bananas o plátanos tipo ""Cavendish Valery"" frescos con US$ 166 millones (12%), cacao crudo en grano, entero o partido con US$ 139 millones (5%) y quinua con US$ 124 millones (2%). Gustavo Mostajo recordó que su gestión, desde el inicio, se ha propuesto impulsar aún más las agroexportaciones, no solo gestionando el ingreso de nuevos productos al mercado internacional sino mejorando el posicionamiento de los actuales. En ese sentido, recordó que este año se pondrá en marcha la segunda fase del Programa de Sanidad e Inocuidad Alimentaria que busca la erradicación de mosca de la fruta, la eliminación de las enfermedades del ganado porcino y la mejora de la inocuidad de alimentos en la producción y procesamiento primario. Asimismo, informó que en los próximos días se incorporarán a las misiones diplomáticas de Europa, China y Estados Unidos, los primeros agregados agrícolas que tendrán como misión ser el nexo para gestionar el ingreso de nuevos productos agrícolas a esos mercados. También recordó que en el 2018 se logró el ingreso de arándanos a Chile, cítricos a República Dominicana y Malasia, respectivamente. Y se reabrió el mercado de Indonesia para uva de mesa y el de Colombia para el arroz nacional.",agraria.pe/agronegocios,https://agraria.pe/noticias/minagri-agroexportaciones-peruanas-superaron-meta-de-us-7000-18149
2019-01-02,Exportación peruana de vegetales también se abre paso en Sudamérica,"Países con gran potencial adquisitivo como Brasil, Chile y Argentina ya reciben desde nuestro país productos como ajo, pera, arándano, palta, entre otros.  No solo los mercados de Norteamérica, Europa y Asia son los objetivos de las agroexportaciones peruanas, el propio subcontinente sudamericano es ya destino de varios de estos productos y con gran perspectiva de seguir creciendo. Así, de acuerdo a información del Ministerio de Agricultura y Riego (Minagri), los vecinos sudamericanos que reciben productos vegetales desde nuestro país en la actualidad son: Brasil, que recibe de Perú papa, ajo, pera, manzana, palta, frijol, cebolla, quinua, kiwicha, quinua, cítricos, arándano y granadilla. Chile, que importa cítricos, mango, palta, melón, sandía, zapallo y choclo. Colombia con chirimoya, vid planta, arándano, granada, palta, pimiento y toronja. Uruguay con palta, semilla de quinua, espárragos, papa fresca, uva y mango. Bolivia con palta, zanahoria, granadilla, pimiento fresco y ají seco. Paraguay con flores cortadas y semilla de papa. Argentina con flores cortadas y palta Hass.",agraria.pe/agronegocios,https://agraria.pe/noticias/exportacion-peruana-de-vegetales-tambien-se-abre-paso-en-sud-18132
2019-01-02,Producción agrícola de los principales cultivos de importancia económica en UcayaIi aumentó 33%,"La superficie verde de los cultivos perennes de importancia económica de Ucayali en 2018 ascendió a 125.213 hectáreas, mostrando un incremento de 16.27% respecto al 2014.  La producción agrícola de los principales cultivos de importancia económica en UcayaIi (arroz, maíz, yuca, frejol, plátano, papaya, cacao, café, camu camu, palma aceitera) aumentó 33% en los últimos cinco años, al pasar de 654.992 toneladas en el 2014 a 873.264 toneladas el 2018. Así lo indicó el saliente director regional de Agricultura de Ucayali, Raúl Tello Suárez, quien destacó el crecimiento productivo en cuanto a la ampliación de la frontera agrícola y producción, en cultivos como cacao, café, palma aceitera, plátano, arroz. Detalló que el principal producto en Ucayali actualmente es la palma aceitera, cultivo cuya producción en 2014 ascendió a 147.328 toneladas y en 2018 alcanzó las 329.040 toneladas (+123.34%). Le sigue el plátano, cultivo cuya producción en 2014 ascendió a 280.574 toneladas y en 2018 llegó a 284.537 toneladas (+1.41%). Otro cultivo de importancia que aumentó su frontera es el arroz cuya producción en 2014 ascendió a 25.716 toneladas y en 2018 llegó a 60.393 toneladas (+134.85%). La papaya pasó de 44.022 toneladas en 2014 a 46.527 toneladas en 2018 (+5.69%). Continúa el Cacao cuya producción en el 2014 ascendió a 3.634 toneladas y en el 2018 ascendió a 27.796 toneladas (+664.89%). Café pasó de 5.650 toneladas el 2014 a 8.355 toneladas el 2018 (+47.88%), mientras que el Camu Camu pasó de 1.627 toneladas el 2014 a 1.724 toneladas el 2018 (+5.96%). Sin embargo, dijo que algunos cultivos tuvieron un decrecimiento, por cuestiones climatologías, caída del precio en el mercado o baja demanda, como la yuca, el maíz, fréjol, maní, entre otros. Al respecto, la yuca pasó de 115.476 toneladas en 2014 a 87.317 toneladas en 2018 (-24.39%), el maíz pasó de 28.285 toneladas en 2014 a 26.435 toneladas en 2018 (-6.54%), mientras que el frejol pasó de 2.680 toneladas a 1.140 toneladas entre 2014 y 2018 (-57.46%). Frontera agrícola En cuanto a la frontera agrícola, Raúl Tello Suárez dijo la superficie verde de los principales cultivos perennes de importancia económica de Ucayali en 2018 ascendió a 125.213 hectáreas, mostrando un incremento de 16.27% respecto a las 107.688 hectáreas registradas en 2014. El cultivo perenne de mayor extensión en la región estudiada es la palma aceitera que actualmente cuenta con 36.789 hectáreas, cuando en 2014 habían 35.372 hectáreas (+4.01%). Le sigue el plátano, del que el año anterior existían 34.152 hectáreas y en 2014 habían 31.191 hectáreas (+9.49%),cacao que en 2018 registró 31.192 hectáreas cuando en 2014 ascendía a 21.029 hectáreas (+48.33%). Asimismo, el año anterior se registró 16.706 hectáreas de café y en 2014 habían 12.413 hectáreas de dicho grano (+34.58%), la papaya se instaló en 3.658 hectáreas en 2018 cuando en 2014 habían 4.867 hectáreas (-24.84%) y el camu camu pasó de 2.816 hectáreas a 2.716 hectáreas (-3.55%). Dato . Ayer juramentó el nuevo gobernador regional de Agricultura de Ucayali, Mack Pinchi Ramírez, quien dijo que no permitirá que el agricultor sea el último en recibir las migajas que llegan a las instituciones. En ese sentido ofreció mejoras salariales y un ciclo de capacitación a los técnicos de campo para afrontar los nuevos retos en materia productiva, teniendo como herramienta, los últimos avances tecnológicos y científicos.",agraria.pe/agronegocios,https://agraria.pe/noticias/produccion-agricola-de-los-principales-cultivos-de-importanc-18131
2019-01-02,Principales avances en el sector agrario en el 2018,"Al 2021 el Minagri ha proyectado que las agroexportaciones alcancen los US$ 10.000 millones y el PBI Agrario crezca hasta un 5%.  El titular del Ministerio de Agricultura y Riego (Minagri), Gustavo Mostajo Ocola, destacó que en estos nueve meses al frente de dicho sector se ha ejecutado una política de Gobierno centrada principalmente en darle un mayor impulso a las agroexportaciones, fortalecer la asociatividad de los pequeños productores y promover su articulación al mercado. En ese sentido, dijo que el 2018 fue un año importante para el sector ya que las agroexportaciones crecieron cerca de 6% y se estima que cerró en US$ 7.000 millones en ventas. Indicó que el Programas de Compensaciones para la Competitividad (Agroideas) ejecutó 384 planes de negocios y 206 proyectos de reconversión de productos agropecuarios en las 24 regiones del país el 2018, con lo que busca fomentar la asociatividad, fortalecer la gestión empresarial y promover la adopción de tecnologías agrarias ambientales sostenibles de los y medianos productores agrarios, y de esa manera contribuir a la mejora de su competitividad y calidad de vida. Agregó que en el año que acaba de culminar se desarrolló el Plan Nacional de Cultivos cuyo objetivo es ordenar y orientar a pequeños productores y la planificación de sus cultivos (como papa, arroz, maíz, entre otros) con el propósito de obtener una agricultura rentable y sostenible. De este plan se desprende el Sistema de Información de Cultivos, herramienta informática que permitirá a los productores agrarios realizar el seguimiento de las siembras en tiempo real en las 24 regiones del país. El titular del Minagri dijo que en la campaña de pastos cultivados 2018 se instalaron 50 mil hectáreas en 22 regiones del país con el apoyo de gobiernos locales y regionales. Cada hectárea de pastos cultivados permite triplicar el número de animales alimentados en comparación con el pasto natural. Asimismo, a través del INIA se trabajó en el mejoramiento genético de diversos productos y cultivos, como ejemplo destacó el lanzamiento de la Kulli Papa que es una nueva variedad de papa biofortificada que contiene alto contenido de Hierro y Zinc, lo que ayudará a combatir la desnutrición y la anemia especialmente de la población infantil. También se presentó una potencial variedad de arroz denominada INIA 514 Bellavista que es resistente a plagas y enfermedades, además de presentar altos rendimientos productivos. En otro momento, Mostajo Ocola destacó que Perú ya cuenta con un moderno laboratorio de cambio climático para el sector agrario, complejo científico -único en el Perú y el más moderno de Sudamérica- a través del cual se desarrollarán estudios destinados a minimizar los efectos del cambio climático. En cuanto a la reconstrucción del norte del país (que fue afectado por el fenómeno El Niño) señaló que prácticamente ya se culminó las fases de limpieza, descolmatación de canales y drenes en Trujillo, La Libertad, Piura, Lambayeque, Lima, Ica y Áncash. Al respecto, dijo que las inversiones destinadas al proceso de reconstrucción en el sector agrario ascenderán a S/ 600 millones. Indicó que durante su gestión se intensificó la siembra y cosecha de agua, por eso en 2018 se construyeron 101 cochas en Apurímac, Cusco, Arequipa, Moquegua, Junín, Huancavelica. “Estas cochas permitirán almacenar agua, asegurar cultivos y preparar pastos para la alimentación de animales y así mitigar el efecto del cambio climático”. Agregó que en 2018 se entregaron 20.595 títulos de predios individuales a nivel nacional. Asimismo, sostuvo que con el fin de facilitar el proceso de titulación rural, el Minagri creó el Sistema Catrastral para Predios Rurales y Comunidades Campesinas y Nativas, el cual permitirá hacer el seguimiento de los procesos de formalización de la propiedad rural. Sobre la protección del patrimonio sanitario, se reforzó la brigada canina en los aeropuertos y terrapuertos, con perros entrenados para detectar plagas y enfermedades que puedan generar millones de pérdidas a los agricultores. Además se firmó un convenio con el BID para financiar programa de desarrollo de sanidad agraria e inocuidad agroalimentaria Fase II. Asimismo se reconoció a Perú como país libre de la Fiebre Aftosa. Además, el año pasado el Minagri extrajo 27 mil toneladas de guano de las islas, disponiendo gran parte a los pequeños productores a un precio social. Por último, el Minagri participó estratégicamente en el plan de lucha contra la anemia emprendido por el Gobierno, por ello se fomenta el consumo de alimentos ricos en hierro como la quinua, cañihua, kiwicha, tarwi, habas, frijol, entre otros, incrementando su producción. Lo que se viene En otro momento, el ministro de Agricultura y Riego señaló que al 2021 la meta de dicha cartera es llegar a 300 mil hectáreas de pastos cultivados a nivel nacional, así como la instalación de 1.250 cochas a nivel nacional. Seguidamente indicó que el compromiso del Minagri es titular 283 mil predios rurales individuales, 190 comunidades campesinas y 403 comunidades nativas en los próximos dos años a través del Proyecto Catastro, titulación y registro de tierras rurales en el Perú, Tercera Etapa (PTRT 3). Agregó que Perú se encuentra trabajando en la apertura de mercados internacionales para 193 productos agrícolas y rumbo al bicentenario el Minagri ha proyectado que las agroexportaciones alcancen los US$ 10.000 millones y el PBI agrario crezca hasta un 5%. Asimismo dijo que se culminarán 13 mega proyectos emblemáticos, entre ellos Majes y Chavimochic. “Estas son las metas trazadas. El Minagri tiene un objetivo y ese objetivo es beneficiar a los más de 2 millones de productores agropecuarios porque a ellos nos debemos, porque ellos son el Perú”, finalizó.",agraria.pe/agronegocios,https://agraria.pe/noticias/principales-avances-en-el-sector-agrario-en-el-2018-18130
