fecha,titular,cuerpo_completo,fuente,url
2016-12-28,Cooperación alemana reafirmó su compromiso de apoyar al sector agrario peruano,"GIZ del Perú contribuirá a lo largo del próximo año con programas de gobernanza ambiental, biodiversidad de bosques y titulación de tierras.  La Cooperación Alemana (GIZ del Perú) se comprometió con el Ministerio de Agricultura y Riego (Minagri) a continuar trabajando de manera conjunta por el desarrollo del agro peruano con miras al 2017, en el marco de una política ambiental y de la protección y uso sostenible de los recursos naturales. Así lo sostuvo el embajador alemán en Perú, Jörg Ranau, luego de reunirse con el ministro de Agricultura y Riego, José Hernández Calderón, para analizar el apoyo que Alemania viene brindando a esta importante actividad productiva en Perú. En la cita, Jörg Ranau informó que su país continuará cooperando a través de GIZ. Es así que esta entidad, por encargo del Ministerio Federal de Cooperación Económica y Desarrollo de Alemania, contribuirá a lo largo de 2017 con programas de gobernanza ambiental, biodiversidad de bosques y titulación de tierras. Los aportes de la cooperación alemana tienen como objetivo cumplir con la agenda ambiental peruana e implementar los objetivos climáticos en lo que se refiere al uso sostenible de los ecosistemas, la conservación de la diversidad biológica, la reducción de los gases de efecto invernadero y la adaptación al cambio climático. Dato . En Perú, GIZ trabaja desde 1965 promoviendo el desarrollo sostenible.",agraria.pe/agronegocios,https://agraria.pe/noticias/cooperacion-alemana-reafirmo-su-compromiso-de-apoyar-al-sect-12877
2016-12-28,“Hemos heredado una grave crisis de diálogo entre el Estado y el sector agrario”,"Brecha comunicacional entre el Gobierno y los gremios habría generado la implementación defectuosa de programas como el de renovación de cafetales y mala articulación de la estructura de costos de producción.  Algunas cifras sobre resultados del sector agrario preocupan a Lorenzo Castillo, gerente de la Junta Nacional del Café (JNC). Así, recuerda que de enero a septiembre de este año, según cifras del propio Ministerio de Agricultura (Minagri), el PBI agrícola es de 1.1%, en tanto que el PBI agrario es de -0.5%. “Esto se debe a que hemos generado una grave crisis de diálogo entre el Estado y el sector agrario, no se ha sabido construir confianza entre el sector organizado de los gremios y el Minagri en el pasado. Este divorcio ha generado problemas y esos son los resultados”, explicó el gremialista. En ese sentido, resaltó que hay realidades que no han sido bien entendidas desde el Gobierno y que tienen estructuras que dificultan la rentabilidad en sectores como el cafetalero. “La estructura de costos es un tema central, pues no hace posible hablar de rentabilidad en la actividad agraria y la caficultura específicamente. La estructura de costos hoy es de 9.5 soles el kilo de café pergamino. ¿Cuánto es el precio promedio recibido por el cafetalero en 10 años? No llega a los 6 dólares en promedio. Tenemos una tremenda diferencia de pérdida acumulada a lo largo de años y eso tiene que cambiarse desde el Estado o concertando con los actores del sector”, refirió. Finalmente, el gerente de la JNC pidió también sincerar la estructura de costos que siguió al Plan de Renovación de Cafetales, pues muchos de los créditos otorgados no pueden pagarse por una implementación deficiente que no tuvo en cuenta la experiencia de las organizaciones.",agraria.pe/agronegocios,https://agraria.pe/noticias/hemos-heredado-una-grave-crisis-de-dialogo-entre-el-estado-y-12868
2016-12-23,Bonistas aprueban transferencia de Odebrecht a Brookfield y Suez en Proyecto Olmos,"El cambio de accionistas no afecta las obligaciones de las Concesionarias Trasvase Olmos (CTO) y H2Olmos, que tienen Contrato de Concesión con el Estado Peruano.  Los inversionistas que adquirieron los bonos emitidos por las Concesionarias Trasvase Olmos (CTO) y H2Olmos como parte del financiamiento de las obras ejecutadas en la presa Limón, Túnel Trasandino y la infraestructura mayor de riego del Proyecto Irrigación Olmos, aprobaron la transferencia del 100% de las acciones de Odebrecht a Brookfield y Suez. Como se recuerda, el pasado 25 de noviembre Odebrecht firmó el contrato de compraventa del total de sus acciones en las concesionarias responsables del Proyecto Olmos con las multinacionales Brookfield y Suez. Para concluir la transacción de venta está pendiente la aprobación de la Corporación Andina de Fomento (CAF), financista también de las dos concesionarias y del Gobierno Regional de Lambayeque, como concedente, a quienes ya se les hizo el requerimiento formal, informó una fuente de las Concesionarias. Tras conocer el proyecto de venta de las dos Concesionarias del Proyecto Olmos, los nuevos accionistas y el Gobierno Regional Lambayecano solicitaron que el actual personal que opera en CTO y H2Olmos permanezca encargado de dichas operaciones con la finalidad de evitar inconvenientes o incumplimientos contractuales con los usuarios del proyecto, motivo por lo cual todo el equipo gerencial y de operaciones se mantendrán en los proyectos de Trasvase e Irrigación. Asimismo se precisó que el cambio de accionistas no afecta las obligaciones de CTO ni H2Olmos, que tienen Contrato de Concesión con el Estado Peruano, ya que sus obligaciones y derechos permanecen inalterables. A dos años desde que se concluyeron las obras de Irrigación, se han sembrado más de 15.000 hectáreas en el Proyecto Olmos, con el objetivo de lograr un desarrollo de hasta 33.000 hectáreas en la poligonal del valle nuevo, sumándose la necesidad de seguir incrementando las siembras en el valle viejo, que comprenden las 5.500 hectáreas en posesión de comuneros olmanos. El Proyecto Olmos tiene planificada la generación 30.000 empleos directos, en pleno desarrollo, con inversiones de empresarios agroindustriales en Olmos por más de mil millones de dólares para poner en operación cada uno de sus proyectos. Datos . Brookfield es una empresa líder en la operación y gestión de activos de alta calidad que opera en 30 países con más de US$ 220 billones de activos bajo gestión, incluyendo terminales portuarios, infraestructura ferroviaria, carreteras, transmisión de gas natural, y líneas de transmisión entre otros. Asimismo cuentan con 2 millones de hectáreas de tierras bajo administración y más de 215 plantas hidroeléctricas en 81 ríos. . Por su parte Suez, es uno de los mayores operadores de servicios de agua potable y tratamiento de sistemas residuales con presencia en varios países de Europa, Asia y países como Colombia, Chile y Cuba. Con más de 150 años de historia, Suez tiene presencia en los 5 continentes incluyendo 1.130 plantas potabilizadoras y 2.310 plantas de tratamiento de aguas residuales. Los servicios de irrigación y las presas cubren más de 450.000 hectáreas, principalmente en Marruecos, Francia, Egipto, Chile y España.",agraria.pe/agronegocios,https://agraria.pe/noticias/bonistas-aprueban-transferencia-de-odebrecht-12862
2016-12-22,Piura Agro Export: Sobreproducción de mangos inestabiliza el mercado,"Vocero de la empresa señala que el mayor volumen del fruto no encuentra espacio en las plantas empacadoras, donde se da preferencia a productos con mayor rotación como la uva. También se han depreciado los precios.  La producción peruana de mangos inició el año con buenos augurios y, hasta el momento, los volúmenes se han incrementado en más de 20%. Giancarlo Niño, vocero de Piura Agro Export, explica que si bien en un comienzo este crecimiento fue bien recibido por los productores, con el paso de las semanas ha dado lugar a la saturación del mercado. “El exceso de producción está saturando las plantas empacadoras que no tienen cupo para todos los productores. Muchos tenemos que optar por vender un porcentaje de la fruta en el mercado interno, aunque sea menos rentable. Asimismo, al tener tanta fruta disponible, los precios se han depreciado mucho en las últimas semanas y creemos que la situación no mejorará en las siguientes semanas”, señala. El especialista agrega que esta sobreproducción da como resultado un mercado inestable en el que puede ser complicado cumplir con los acuerdos comerciales, pues las plantas empacadoras no tienen capacidad para manejar toda la fruta producida. “A esto se suma que la uva también está en campaña, que al ser una fruta de alta rotación tiene preferencia para algunas empacadoras”. Ante esta situación, muchos productores optan por ingresar y reforzar contactos en mercados como Asia y Europa, destacando que, hasta noviembre, los envíos al continente asiático se incrementaron en 628%, lo que podría ser una respuesta a la situación que vive actualmente el sector. Según Niño, habrá fruta disponible hasta finales de febrero por lo que, aún con un par de meses de campaña, este porcentaje podría incrementarse. Fuente: freshplaza.es",agraria.pe/agronegocios,https://agraria.pe/noticias/piura-agro-export-sobreproduccion-de-mangos-inestabiliza-12851
2016-12-22,PromPerú lanzará tres marcas sectoriales el 2017,"Marcas son parte de las estrategias de posicionamiento comercial de nuestro país en el exterior.  Con el objetivo de fortalecer las agroexportaciones peruanas, la Comisión de Promoción del Perú para la Exportación y el Turismo (PromPerú) lanzará tres marcas sectoriales el próximo año. Al respecto, el director de Exportaciones de PromPerú, Luis Torres Paz, indicó que dichas marcas son parte de las estrategias de posicionamiento comercial de nuestro país en el exterior. Destacó que serán lanzadas en los eventos más importantes de cada rubro en el mundo. En ese sentido, detalló que la primera marca en anunciarse será “Superalimentos del Perú”, cuyo lanzamiento oficial se realizará en la feria Fruit Logística que se realizará del 8 al 10 de febrero en Berlín (Alemania). Le seguirá una marca enfocada en cafés especiales y cuyo anuncio se desarrollará en el marco de la feria de la Asociación Americana de Cafés Especiales (SCAA, por sus siglas en inglés) que se celebrará del 21 al 23 de abril en Seattle, en Washington (Estados Unidos). Por último, se lanzará una marca para el cacao, cuya presentación se realizará durante el Salón del Chocolate en París, que se desarrollará del 28 de octubre al 1 de noviembre en París (Francia).",agraria.pe/agronegocios,https://agraria.pe/noticias/promperu-lanzara-tres-marcas-sectoriales-el-2017-12849
2016-12-22,Cultivos de uvas instalados en zonas eriazas de Piura consumen más agua que el arroz,"A productores de arroz se les asigna 16.000 m3 de agua por hectárea al año, sin embargo el consumo de agua en arroz en Piura es en promedio 12.000 m3 anuales (con la técnica de riego de secas intermitentes es de 8.000 m3 por ha), mientras que a las uvas se les asigna 19.000 m3 por hectárea al año.  El titular de la Dirección Regional de Agricultura de Piura (DRA Piura), Mario Laberry, señaló que no debería haber campaña chica (o complementaria) de arroz porque pone en peligro la producción de otros cultivos; esto debido a la falta de agua en la región ocasionada por la ausencia de lluvias, lo cual ha impedido el riego de las plantaciones, evento muy recurrente en los últimos años. Ante ello, el presidente de la Asociación Peruana de Productores de Arroz (Apear), Ángel Zapata León, señaló que esta sequía que afecta a Piura se debe al mal manejo del recurso hídrico, así como a las autorizaciones para las nuevas extensiones agrícolas que viene entregando la DRA Piura a grandes proyectos de cultivos como el caso de la uva de mesa. “Los productores arroceros tenemos más de 25 años realizando dos campañas al año en Piura (en la campaña grande se instalan 32.000 ha de arroz y en la campaña chica o complementaria 24.000 ha) y para ello se nos asigna una cuota de agua por año, lo cual nos permite atender ambas campañas”, sostuvo Detalló que dicha cuota asciende a 16.000 m3 de agua por hectárea al año, sin embargo el consumo de agua en arroz en Piura es en promedio 12.000 m3 anuales (ya no se inundan los cultivos) y con la técnica de riego de secas intermitentes es de 8.000 m3 por ha, mientras que a las uvas se les asigna 19.000 m3 por hectárea al año. En ese sentido, agregó que son los cultivos instalados en los desiertos y zonas eriazas como la caña de azúcar y la uva (que cuenta aproximadamente entre 6.000 y 7.000 ha en Piura) quienes consumen más agua. “Técnicamente estamos demostrando que los arroceros y agricultores tradicionales en general, podemos manejar las cuotas de agua que están asignadas en nuestras licencias de agua (donde indica el volumen de agua que le corresponde), sin embargo no dicen que esta escasez del recurso hídrico se debe a que se ha ampliado la frontera agrícola”, comentó. En ese sentido, Ángel Zapata negó que la campaña chica de arroz sea eliminada, aunque dijo que lógicamente se reducirá el área cultivada con dicho producto porque sería irresponsable no hacerlo. “La producción de arroz de Piura permitirá satisfacer con seguridad la demanda regional y nacional”. Sobre la posibilidad de cambiar de cultivo, dijo que para ello se debe estudiar muy bien el tema de rendimiento y mercados. “De la noche a la mañana no pueden decirle al agricultor cambia de cultivo, se debe estudiar bien un producto rentable ya que será el sustento de las familias”. Dato . Los cultivos de arroz en Piura están ubicados en el valle del Chira, San Lorenzo, medio y bajo Piura y Sechura.",agraria.pe/agronegocios,https://agraria.pe/noticias/cultivos-de-uvas-instalados-en-zonas-eriazas-de-piura-consum-12848
2016-12-20,Falta agilidad en temas logísticos para responder a cambios de la demanda,"Adelantar la cosecha de mango coincidió con la cosecha de uva en Piura, por lo que se juntó el requerimiento de ambas industrias, provocando que hubiera momentos críticos en el puerto de Paita y otros servicios en general.  La ausencia de lluvias que se registra en la región de Piura ha provocado que los árboles de mango se estresen generando una maduración rápida de la fruta por lo cual se tuvo que cosechar antes de lo previsto. Así lo señaló el gerente general de la Asociación Peruana de Productores y Exportadores de Mango (APEM), Juan Carlos Rivera Ortega, quien indicó que esto generó una acelerada exportación en las primeras semanas de la campaña de mango fresco 2016/2017. “En la campaña anterior (2015/2016), desde la semana 40 a la semana 50 se despacharon 313 contenedores de mangos frescos procedentes de Perú, mientras que en la presente campaña (2016/2017) en ese mismo periodo (desde la semana 40 a la 50) se despacharon 949 contenedores, es decir más del triple”, sostuvo. En ese sentido, dijo que adelantar la cosecha de mango coincidió con la cosecha de uva en Piura, por lo que se juntó el requerimiento de ambas industrias en cuanto a personal (mano de obra), atención en plantas de empaque y en el puerto de Paita. “Las instituciones públicas como el Servicio Nacional de Sanidad Agraria (Senasa) y empresas privadas como navieras tuvieron doble trabajo, por lo cual sus capacidades de atención no permitieron atender la alta demanda”, comentó. Detalló que en las semana 48 y 49 (del 21 de noviembre al 4 de diciembre del presente año) hubo momentos críticos donde colapsó el servicio en el puerto de Paita y de otros servicios en general. Indicó que ahora que la campaña de uva de Piura está por culminar y los recursos y servicios se están normalizando, la industria del mango volverá a recibir una atención adecuada de los proveedores. “Debemos tomar precauciones para que no vuelva a suceder. Debemos prepararnos mejor, estar mejor informados, pedir a las empresas e instituciones que tengan la agilidad del caso para responder a una demanda de este tipo. La lección es que nos falta agilidad para responder a cambios en la demanda como lo que ocurrió”, finalizó.",agraria.pe/agronegocios,https://agraria.pe/noticias/falta-agilidad-en-temas-logisticos-para-responder-a-12831
2016-12-19,Productores de banano orgánico en el  valle del Chira dejan de exportar más de US$ 275 mil a la semana por menor producción,"Además, asociaciones y empresas ya están reduciendo el número de personal que trabaja en el campo.  En el valle del Chira (Piura) las asociaciones de productores de banano orgánico exportan semanalmente 150 contenedores de dicho producto, sin embargo desde la semana pasada solo logran despachar 130 contenedores debido a la menor producción del cultivo por falta de agua para el riego. Así lo destacó el presidente de la Junta Nacional del Banano (JNB), Valentín Ruiz Delgado, quien detalló que cada contenedor contiene 1.080 cajas. El precio por caja (de 18.14 kilos c/u) asciende a US$ 12.80, razón por la que estos 20 contenedores menos a la semana significaría dejar de vender US$ 276.480. Manifestó que el principal destino de los bananos orgánicos procedentes del Chira, y que se comercializan en el nicho de Comercio Justo, es Europa, seguida de Estados Unidos y Japón. Valentín Ruiz manifestó que si no llueve en los próximos días el problema se agudizará más ya que no se podrá regar y las cosechas de banano son semanales, por lo que la producción irá disminuyendo. “Esperemos que aumente el volumen de almacenamiento de Poechos para que permitan soltar más agua, pero si cierran las compuertas la situación será muy grave. Las asociaciones y empresas ya están reduciendo el número de personal que trabaja en el campo”, comentó. En ese sentido, exigió a los gobernantes de la región a que se agilice el proyecto de afianzamiento del reservorio de Poechos y la construcción de los reservorios satélites, obras que según dijo se iniciarían recién el 2018. Además, el presidente de la JNB, señalo que su representada junto a otros gremios y asociaciones, han tomado la decisión de descolmatar por su propia cuenta el reservorio de Poechos para permitir un mayor almacenamiento del recurso hídrico cuando vengan las lluvias.",agraria.pe/agronegocios,https://agraria.pe/noticias/productores-de-banano-organico-en-el-valle-de-12817
2016-12-15,Piura pierde cerca de S/ 200 millones por falta de lluvias,"Gobierno destinará S/ 131 millones para aliviar déficit hídrico en el ámbito regional.  Piura es una de las regiones más golpeadas por la ausencia de lluvias durante los últimos meses. Las pérdidas ocasionadas por este fenómeno bordean los S/ 200 millones en el sector agrícola, informó la Dirección Regional Agraria de Piura. Esta cifra representa el 14% del PBI agrícola piurano. La cantidad de terrenos afectados también va en aumento. El Centro de Operaciones de Emergencia Regional (COER) reporta unas 50.000 hectáreas, cifra equivalente al 25% del área cultivable en la región. La mayoría de estas pertenece a pequeños agricultores. Entre los principales cultivos afectados figuran el arroz, el banano orgánico y el mango. La región ostenta más de la mitad de la producción nacional en cada uno de estos productos. A esto se suman los niveles mínimos de agua registrados en los reservorios de la zona. Las represas de la costa norte –que en conjunto representan el 40% de la capacidad de almacenamiento del país– operan al 20% de su capacidad útil. Acciones Frente a este problema, las autoridades decidirán en los próximos días la reapertura por un período limitado de los reservorios de Poechos y San Lorenzo, los más grandes de la región. Estos fueron cerrados a la actividad agrícola en noviembre, lo que generó protestas de los agricultores que temen perder sus cultivos. En los últimos meses, el Gobierno ha declarado estado de emergencia hídrica en 18 regiones. El presidente del Consejo de Ministros, Fernando Zavala, señaló ayer, en su visita a Piura, que el Gobierno invierte S/ 50 millones frente a este fenómeno y que se prevé un incremento en el apoyo económico a las regiones en emergencia. Según el ministro de Agricultura y Riego, José Manuel Hernández, el apoyo a las regiones para aliviar el déficit hídrico alcanzaría los S/ 131 millones el próximo año. Este sector también prevé pérdidas agrícolas en regiones del sur. Dato . El Servicio Nacional de Meteorología e Hidrología (Senamhi) espera que las lluvias en la zona norte y centro del país se normalicen en enero. Sin embargo, la escasez continuará en el sur. Fuente: El Comercio",agraria.pe/agronegocios,https://agraria.pe/noticias/piura-pierde-cerca-de-s-200-millones-por-falta-de-12803
2016-12-15,Exportación peruana de espárragos frescos supera los US$ 355 millones a noviembre de este año,"Estados Unidos se consolida en el primer lugar como principal comprador, seguido de Reino Unido.  A pocos días de terminar el 2015, se van perfilando los resultados anuales de algunos de los principales productos de agroexportación. En el caso de los espárragos frescos, se conoció que en el periodo enero-noviembre de este año las exportaciones alcanzaron un volumen de 105.705.464 kilos por un valor FOB de US$ 355.881.898. Según información que publica el portal especializado Agro Data, los principales compradores de este producto nacional en el periodo indicado fueron Estados Unidos con US$ 224.115.000, seguido de Reino Unido (US$ 41.679.000), Países Bajos (US$ 35.442.000), España (US$ 24.703.000) y Australia (US$ 4.066.000). Las empresas que más lograron exportar espárragos frescos fueron Complejo Agroindustrial Beta SA con despachos por US$ 58.838.000. Le siguieron Danper Trujillo SAC (US$ 29.184.000), Empresa Agro Export Ica SAC (US$ 19.161.000), Global Fresh SAC (US$ 17.968.000), Santa Sofía del Sur SAC (US$ 16.646.000) y Sociedad Agrícola Drokasa SA (US$ 16.250.000). Cabe recordar que durante todo el 2015, Perú exportó un total de 128.045.677 kilos de espárragos frescos por un valor FOB de US$ 412.429.388.",agraria.pe/agronegocios,https://agraria.pe/noticias/exportacion-peruana-de-esparragos-frescos-supera-12800
2016-12-13,El Tambo: arroceros solo han sembrado 500 hectáreas de un total de 6 mil por falta de lluvias,"Autoridades no permitieron descarga de agua desde la represa de Pasto Grande para comenzar las labores de siembra.  El Valle del Tambo, en la provincia arequipeña de Islay, padece crisis hídrica pues los agricultores esperaban una descarga desde la represa de Pasto Grande (Moquegua) para comenzar la siembra de 6.000 hectáreas de arroz, pero las autoridades no aceptaron abrir las compuertas. Las 12.000 hectáreas del Tambo son las más productivas de la región. “No solo producimos arroz, sino también papas, cebolla, ajo, maíz. Abastecemos a Arequipa, Puno y Lima. Sin agua estamos condenados”, dice Jesús Cornejo, presidente de la junta de usuarios del valle. Como alternativa a la crisis, la semana pasada el Gobierno Regional de Arequipa llevó al valle motobombas para impulsar el agua desde los canales bajos hacia la zona alta para reutilizarla. La medida es un paliativo, pues no satisface la demanda de los agricultores que solo sembraron 500 de las 6.000 hectáreas dedicadas al arroz. El alcalde provincial de Islay, Richard Ale, advierte que no solo los agricultores están amenazados, pues el agua del río Tambo también es captada para abastecer la planta de la ciudad de Mollendo, capital de la provincia. “Los afluentes del Tambo tienen alto contenido de boro y arsénico, si el caudal es bajo, el agua llega contaminada y su potabilización es más difícil”, refiere Ale. Por su parte, el gobernador regional de Moquegua, Jaime Rodríguez, dijo que no se puede abrir la represa de Pasto Grande (que almacena 47 millones de metros cúbicos de agua) porque se debe priorizar la demanda poblacional, agrícola e industrial de su región. Conflictos de larga data Las desavenencias por el agua son recurrentes desde la construcción de Pasto Grande en los años 90. Los tambeños dicen sentirse sometidos a la voluntad de Moquegua pese a que, por ley, deben recibir 8.2 millones de metros cúbicos entre septiembre y diciembre. Así, en el 2003 hubo protestas que fueron alentadas por el propio expresidente regional de Arequipa, Daniel Vera. Antes de ese conflicto se planteó como alternativa la construcción de una represa para atender la demanda hídrica del Valle de Tambo. Se plantearon embalses en Piedras Negras, Tolapalca y Paltuture, en la sierra de Moquegua, pero los proyectos fueron desechados por los comuneros y autoridades moqueguanas. La última propuesta para atender la demanda del Tambo fue Paltiture, un proyecto cerca de los anteriores, pero donde las autoridades moqueguanas habían aceptado la construcción y negociado una compensación hídrica. El problema es que Paltiture está ahora en la jurisdicción de Puno y son las autoridades de esa región las que se oponen. El proyecto está paralizado por una medida judicial. Por su parte, la gobernadora de Arequipa, Yamila Osorio, propone reformular todo y buscar un lugar donde construir un embalse dentro de Arequipa, lo que demandaría unos tres años, uno más que la construcción de Paltiture. Fuente: El Comercio",agraria.pe/agronegocios,https://agraria.pe/noticias/el-tambo-arroceros-solo-han-sembrado-500-hectareas-de-un-tot-12786
2016-12-13,“Siembra de arroz en campaña grande en Piura comienza en enero y febrero porque ahí se presenta el  periodo lluvioso actualmente”,"Antes las siembras comenzaban desde noviembre porque instalaban variedades de arroz cuyo periodo vegetativo era largo. Hoy se siembran variedades precoces como Mallares, La Puntilla, Tinajones, Nir, entre otros.  La campaña grande arroz en la región de Piura comienza en los meses de enero y febrero coincidiendo con el inicio del periodo de lluvias que se registran actualmente, señaló el presidente de la Asociación Peruana de Productores de Arroz (Apear), Ángel Zapata León. Destacó que hace algunos años, la campaña de arroz se iniciaba en noviembre (algunos productores empezaban en octubre) sin embargo, por el cambio climático, el inicio de la campaña se postergó adecuándose al nuevo periodo de lluvias. Además destacó que antes sembraban variedades de arroces cuyo periodo vegetativo era de 180 días, sin embargo en la actualidad se instalan variedades de arroces precoces como Mallares, La Puntilla, Tinajones, Nir, entre otros, cuyos periodos vegetativos son más cortos (120 días). “Estas nuevas variedades también son más resistentes a plagas y enfermedades y a la falta del recurso hídrico”. Ángel Zapata, mencionó que en Piura normalmente se siembran 36.000 hectáreas de arroz durante la campaña grande, entre los valles de Medio y Bajo Piura, Sechura, San Lorenzo y el Chira, sin embargo para esta campaña solo está planificado instalar 26.800 hectáreas. “En estos momentos los reservorios (tanto de Poechos como de San Lorenzo) deberían traer entre 38 y 60 metros cúbicos de agua por segundo (m3/s) y actualmente estamos en 6 m3/s, lo cual no nos permite almacenar agua ni planificar una campaña”, sostuvo. Sin embargo, manifestó que ya ha comenzado a presentarse lluvias, tanto en la Sierra de Huancabamba, Ayabaca y Loja (Piura), pero todavía no son suficientes para comenzar la campaña. “Si a mediados de enero comienzan a registrarse normalmente las lluvias sí se estarían sembrando las 36.000 hectáreas de arroz acostumbradas y podríamos llegar hasta las 38.000. Todo depende del recurso hídrico”. En ese sentido, dijo que para los productores piuranos, por ahora, están ante un año lluvioso normal. “Estamos acostumbrados a este retraso, por eso la campaña ya no la iniciamos en noviembre sino en enero y febrero porque es el periodo lluvioso que tenemos actualmente”. Construcción de reservorios satélites En otro momento, el presidente de Apear, dijo que los productores del valle del Chira, Bajo y Medio Piura y Sechura, están solicitando al Gobierno Regional de Piura la construcción de reservorios satélites. “En cada periodo lluvioso se pierden al mar aproximadamente 2.000 millones de m3 producto de las lluvias que no pueden ser almacenadas porque el reservorio de Poechos está colmatado, ya que el 55% de su capacidad tiene sedimentos y hasta el momento las autoridades no lo han descolmatado”, comentó. Indicó que estos reservorios satélites permitirían almacenar un aproximado de 380 millones de m3 de agua, con lo cual se mitigaría el problema de las sequías porque ese recurso hídrico se destinaría para el riego de los cultivos permanentes, semi permanentes y transitorios. “Estos reservorios estarían a 5 kilómetros del reservorio de Poechos y serían utilizados como ‘colchón o apoyo’; en el momento que el reservorio de Poechos disminuya el nivel de agua reservada estos reservorios estarían alimentándolo”, finalizó.",agraria.pe/agronegocios,https://agraria.pe/noticias/siembra-de-arroz-en-campana-grande-en-piura-comienza-en-ener-12780
2016-12-12,Cerca de 400 alcaldes de la Macro Región Norte participan en IV Premio Nacional Alcalde Productivo,"Inscritos representan el 94% de burgomaestres que en total tiene la Macro Región Norte.  Un total de 371 alcaldes de la Macro Región Norte conformada por las regiones de Amazonas, Cajamarca, La Libertad, Lambayeque y Piura, participarán en la cuarta edición del Premio Nacional Alcalde Productivo (PNAP), organizado por Sierra y Selva Exportadora, cuya ceremonia de premiación se realizará este jueves 15 de diciembre. El número de autoridades locales que participan en el PNAP 2016 representa el 94% de los 397 burgomaestres que en total tiene la macro norte, de los cuales 43 son alcaldes provinciales y 354 distritales. Este certamen, desde su primera edición en el año 2013, premia a los alcaldes en cinco rubros, siendo la Categoría 1: Atracción de inversión y comercio, donde se tiene registrados 135 alcaldes equivalente al 36% del total de inscritos (371). Luego se ubica la Categoría 2: Formación de alianzas público privadas con 70 alcaldes inscritos (19%), seguido de la Categoría 3: Ejecución de políticas y desarrollo productivo con 119 inscripciones, es decir el 32% de los participantes. En la Categoría 4: Desarrollo de clúster solo se tienen registrados 3 alcaldes que pertenecen a la región de Cajamarca, y en la Categoría 5: Ejecución de buenas prácticas de Municipio Productivo, que posee 44 inscritos (12%). Participación En el presente año, las regiones de Cajamarca (127), Amazonas (84) y Piura (65) lideran las inscripciones del PNAP en la Macro Región Norte con el 100% del total de sus respectivas autoridades locales, que han manifestado su deseo de hacer suyo el concepto de Alcalde Productivo y apostar por el moderno enfoque de gestión municipal que viene promoviendo Sierra y Selva Exportadora desde hace cinco años, en el marco de su eje estratégico Municipio Productivo. Dato . El jueves 15 de diciembre se realizará la ceremonia de premiación en el Centro de Convenciones Daniel Alcides Carrión (Miraflores), en donde se contará con la presencia de funcionarios municipales del país. La ceremonia iniciará a las 6:30 pm.",agraria.pe/agronegocios,https://agraria.pe/noticias/cerca-de-400-alcaldes-de-la-macro-region-norte-participan-12779
2016-12-12,Serfor decomisa más de 900 kilos de carbón vegetal de algarrobo de procedencia ilegal,"Fueron en total 15 sacos con un peso aproximado de 60 kilos cada uno.  Más de 900 kilos de carbón vegetal de algarrobo, cuya procedencia es ilegal, fueron decomisados por personal del Servicio Nacional Forestal y de Fauna Silvestre (Silvestre), en coordinación con agentes de la División de Medio Ambiente de la PNP, en el sector Coscomba (región Piura). El cargamento fue localizado en una vivienda al costado de la Autopista del Sol. Fueron en total 15 sacos de carbón vegetal que pesaban aproximadamente 60 kilos cada uno. Además, se encontró una hornilla artesanal que era utilizada para transformar la leche de algarrobo en carbón. El propietario no mostró a las autoridades ninguna autorización para extraer este recurso natural. De acuerdo al reglamento de la Ley Forestal y de Fauna Silvestre Nº 29763, la transformación o comercialización de este recurso forestal es considerada una infracción muy grave y tiene una multa que equivale a 10 Unidades Impositivas Tributarias (S/ 39.500). Dato .El algarrobo es una especie forestal protegida por el Estado con categoría “vulnerable”, según el Decreto Supremo Nº 043-2006-AG que aprueba la categorización de especies amenazadas de flora silvestre. .El carbón vegetal de algarrobo se obtiene a través de una combustión incompleta en los hornos artesanales denominados “huayronas”. Fuente: larepublica.pe",agraria.pe/agronegocios,https://agraria.pe/noticias/serfor-decomisa-mas-de-900-kilos-de-carbon-vegetal-de-algarr-12777
2016-12-12,Agroexportaciones crecieron 9% en primeros diez meses del 2016,"Entre enero y octubre la balanza comercial agraria fue positiva en US$ 642 millones.  En los primeros diez meses del presente año (enero-octubre) las agroexportaciones peruanas sumaron US$ 4.396 millones, lo que representa un incremento de 9% frente a similar periodo del 2015, señaló el Ministerio de Agricultura y Riego (Minagri). La entidad explicó que uno de los principales factores del resultado de las agroexportaciones ha sido la recuperación de las colocaciones de café en grano, que proyecta cerrar el 2016 con ventas superiores a los US$ 750 millones. Además del mayor volumen de ventas de cacao entero tostado (+2,666%), los demás granos trabajados excepto de cebada (+1,427%), azúcar rubia (+205%), azúcar blanca (+127%), arándanos rojos (+177%), demás semillas de hortalizas (+184%), frijoles comunes (+165%), páprika en trozos (+160%), entre otros. Agro tradicional y no tradicional El Minagri detalló que de enero a octubre del presente año, las exportaciones agrarias tradicionales sumaron US$ 646 millones, mostrando un aumento de 25% respecto al mismo periodo del 2015. Además este rubro significó el 11% del total de las agroexportaciones, Tal incremento se debe a las mayores colocaciones de café que crecieron en 33% en volumen y 23% el valor FOB, el azúcar rubia aumentó 205% en volumen y 223% en valor FOB, mientras que el azúcar blanca aumentó 127% en volumen y 161% en valor FOB. Por su parte, las exportaciones agrarias no tradicionales (agropecuarias y/o agroindustriales) alcanzaron los US$ 3.749 millones durante los primeros diez meses del 2016, registrando un incremento de 6% en comparación a igual periodo del año anterior. Este rubro representó el 89% del total de las agroexportaciones, y los productos que resaltaron fueron las paltas frescas, arándanos rojos, preparaciones utilizadas para la alimentación de los animales, bananas tipo ""Cavendish Valery"", y demás clementinas. También alcohol etílico, cebollas frescas, demás hortalizas preparadas o conservadas sin congelar, páprika seca, demás frutas frescas, jugo de maracuyá y carmín de cochinilla, entre otros. Estados Unidos continúa siendo el principal destino En el periodo analizado de este año, las agroexportaciones peruanas llegaron a 141 países, siendo Estados Unidos el principal destino al captar el 29% del total despachado. Le sigue Holanda que representó el 15%, España (6%), Inglaterra (5%), Alemania (5%), Ecuador (4%), Colombia (3%), Chile (3%), Bélgica (3%) y Canadá (2%). Estos diez primeros países de destino concentraron el 76% del total exportado. Finalmente, entre enero y octubre la balanza comercial agraria fue positiva en US$ 642 millones, debido a un total exportado de US$ 4.396 millones en comparación con los US$ 3.754 millones registrados por las importaciones.",agraria.pe/agronegocios,https://agraria.pe/noticias/agroexportaciones-crecieron-9-en-primeros-diez-meses-del-201-12769
2016-12-09,Agroexportaciones crecieron 8% durante enero – octubre del presente año,"Incremento se debió a los mayores envíos de la palta y arándano y la recuperación del café.  Entre enero y octubre del presente año, las agroexportaciones peruanas (tradicionales y no tradicionales) sumaron US$ 4.191.2 millones, lo que representó un crecimiento de 8% en comparación al mismo periodo del 2015. Así lo señaló la Asociación de Exportadores (ADEX), quien destacó que este incremento se debió principalmente a los mayores despachos de palta y arándanos y la recuperación del café. Según cifras del Sistema de Inteligencia Comercial ADEX Data Trade, los envíos agro tradicionales sumaron US$ 646.5 millones, lo que representó un crecimiento de 22% respecto a enero-octubre del año pasado (US$ 530.7 millones). Por su parte los despachos agroindustriales y agropecuarios ascendieron a US$ 3.544.7 millones, experimentando un alza de 6%. Agro tradicional La gerente de Agro del gremio empresarial, Paula Carrión, manifestó que efectivamente en el sector agro tradicional se observó la recuperación del café respecto a años previos, aunque sin alcanzar los niveles exportados en 2011. ""Este producto representa aproximadamente el 83% de los envíos del rubro tradicional"", detalló. La principal partida es café (US$ 537.4 millones), con un incremento de 19.5%, le sigue los demás azúcares de caña, lana sin cardar, cueros y pieles de bovino. Las 31 partidas se dirigieron a 52 mercados liderados por EE.UU., Alemania, Bélgica, Colombia y Suecia. Los nuevos fueron Emiratos Árabes Unidos que demandó café, Eslovenia (café), Hungría (lana sin cardar y café), Bahamas e Irán. Agro no tradicional Por su parte los despachos agroindustriales y agropecuarios fueron 486 partidas que llegaron a 138 mercados. El ranking es liderado por las paltas (US$ 387.3 millones), seguido de los espárragos frescos, uvas, arándanos, cacao en grano y mangos. ""En el agro no tradicional, destaca el incremento de los arándanos, fruta que ya se ubica en el cuarto lugar de los productos más exportados de este grupo. Se espera que la tendencia positiva continúe dada la reciente suscripción del protocolo fitosanitario de exportación a China"", apuntó la gerente de Agro de ADEX. Otros productos que registraron un comportamiento positivo son la granada y el maíz gigante de Cusco. Asimismo, destacan los ""super foods"" como la chía y la kiwicha, productos que se caracterizan por sus beneficios nutritivos y que son cada vez más demandados en los mercados internacionales. ""Las cifras correspondientes a los diez primeros meses del año evidencian una variación positiva en los envíos de productos con valor agregado, como el jugo de maracuyá, mangos en conserva y maíz dulce congelado"", refirió Carrión. Los principales destinos de la oferta agroindustrial y agropecuaria son Estados Unidos, Países Bajos, España y Reino Unido, con crecimientos de 2.7%, 10.2%, 28.8% y 15% respectivamente. Los nuevos cuyos montos evolucionan lenta, pero favorablemente, son Curazao, Guinea Ecuatorial, Guinea Bissau, Congo, Polinesia francesa, Swasilandia, Luxemburgo, Nueva Caledonia y Kirguizistán. Dato . El crecimiento de las agroexportaciones (tradicional y no tradicional) en octubre del 2016, fue de 17%, la segunda tasa más alta en lo que va del año, después del 24% de agosto, con lo que queda clara la recuperación de ese sector intensivo en mano de obra, que tiene a La Libertad, Piura, Lambayeque e Ica como sus regiones más representativas, señaló Paula Carrión.",agraria.pe/agronegocios,https://agraria.pe/noticias/agroexportaciones-crecieron-8-durante-enero-octubre-del-12760
2016-12-09,Agro en Piura perdería este mes alrededor de S/ 67 millones por falta de agua,"Prioridad será el abastecimiento de agua para la población.  Este mes, el sector agrario en Piura tendría pérdidas por alrededor de S/ 67 millones debido a la falta de agua, señaló el gobernador regional de Piura, Reynaldo Hilbck Guzmán. En ese sentido, lamentó que los reservorios en la región de Piura no tengan la capacidad para cubrir la necesidad del agro, por lo que se dará prioridad al abastecimiento de agua para la población de esta región. “Lo que más nos preocupa es la gente, motivo por el cual se le está dando la prioridad del recurso hídrico para la población de Piura y ese es el primer punto, en el tema de la agricultura está más complicado por la falta de lluvias”, sostuvo. Destacó que se deben tomar medidas para los próximos años ya que esta situación es recurrente debido al cambio climático, motivo por el cual se debe articular las acciones multisectoriales para estar preparados como país ante este tipo de fenómenos. Hilbck informó que la reserva hídrica para la zona urbana depende de dos reservorios, el primero de ellos es el reservorio de San Lorenzo que actualmente está en el mínimo de sus recursos, lo que es un problema para todo el valle de Tambogrande. El segundo es el reservorio de Poechos que abastece a las provincias de Piura, Sullana, Talara, Paita y Sechura, que también está en su cuota mínima y permite sólo ser abiertas sus compuertas para consumo humano. El titular de la región Piura indicó que el reservorio de Poechos tendría una reserva para los próximos 45 días de agua y tampoco se podría dotar de más recursos a la agricultura.",agraria.pe/agronegocios,https://agraria.pe/noticias/agro-en-piura-perderia-este-mes-alrededor-de-s-67-millones-12757
2016-12-07,Argentina: se quedan dos millones de kilos de arándanos sin cosechar,"Otros países competidores y con un costo de producción menor, hicieron caer el precio de la fruta por una sobreoferta.  Alrededor de dos millones de kilos de arándanos quedaron sin cosechar en el litoral argentino por la caída de los precios internacionales y la sobreoferta en el mercado estadounidense, dijo el presidente de la Asociación de Productores de Arándanos de la Mesopotamia Argentina (APAMA), Omar Chiarello. El productor reconoció que los arandaneros mesopotámicos tuvieron este año un volumen ""excelente"" de cosecha, pero se lamentó de que otros países competidores y con un costo de producción menor, hicieron caer el precio de la fruta por una sobreoferta. ""En Argentina se han tenido que dejar variedades sin cosechar"", dijo Chiarello al reconocer que ""la temporada venía bien para los productores locales, ya que tanto el clima como las condiciones generales del arándano venían de maravilla, pero, sin embargo, no se cerró de la mejor manera"". También criticó ""las astucias comerciales de algunos países"" que participaron del Congreso Mundial del Arándano, realizado recientemente en la ciudad entrerriana de Concordia, en el que ""no quisieron decir realmente sus volúmenes de producción"". ""Este es un aprendizaje que lamentablemente cuesta dinero"", manifestó al reiterar que en las 1.000 hectáreas arandaneras de la región mesopotámica quedaron ""alrededor de 2 millones de kilos sin cosechar"". Fuente: Télam",agraria.pe/agronegocios,https://agraria.pe/noticias/argentina-se-quedan-dos-millones-de-kilos-de-arandanos-sin-c-12754
2016-12-07,Envíos aéreos de mangos crecerán en la presente campaña,"Al presentarse una cosecha temprana, el mango de Perú estaría compitiendo directamente con el de Brasil.  Los cambios climáticos este año han ocasionado el aumento de horas frío en Perú, dando lugar a una atmósfera propicia para que las cosechas de mangos tengan una buena temporada, señaló el representante de Quechua Frutos y Vegetales, Gustavo Mezones. “La cosecha empezó la primera semana noviembre, y desde ese momento, vemos que el clima definitivamente ha tenido un efecto positivo en la producción. Calculamos que tendremos un aumento de mínimo un 20% si lo comparamos con el año pasado”, señaló. Destacó que al presentarse una cosecha temprana, Perú estaría compitiendo directamente con su vecino Brasil, y al tener más oferta disponible podría complicar el mercado. “Si bien la oferta incrementa, la demanda también crece, por lo que se ve un avance relativamente parejo. Experimentamos un mercado bastante estable, aunque los precios empiezan a decrecer ligeramente. Al tener mayor volumen, no nos está afectando”, sostuvo. “El gran cambio que vemos este año es que antes la gran mayoría de productores enviábamos nuestra fruta a Estados Unidos y Europa principalmente por mar, pero ante la demanda que tenemos muchos estamos optando por enviar también vía aérea. Al tener la disponibilidad de la fruta logramos enviar mangos ready to eat, sin descuidar nuestros otros envíos”, finalizó. Fuente: freshplaza.es",agraria.pe/agronegocios,https://agraria.pe/noticias/envios-aereos-de-mangos-creceran-en-la-presente-12749
2016-12-02,La palta congelada es una buena alternativa para consumidores que están conociendo el fruto,"Esta versión del fruto está en apogeo, de hecho su demanda se ha incrementado notablemente cada año.  Las frutas congeladas están en su apogeo esta temporada. Perú está terminando la temporada de fresas y la de mango está empezando con muy buenas expectativas de cosecha. “Estos son los dos productos peruanos estrella para la exportación de frutas congeladas. Y a pesar de que la mayoría del mango es destinado para la exportación en fresco, los congelados siguen siendo una buena opción para los consumidores”, señaló Gastón Urbina, vocero de Agropackers. “El nuevo producto en apogeo es el aguacate congelado, que ya lo estamos exportando y cada año vemos un incremento remarcable en la demanda, pues el precio de este producto puede llegar a diferenciarse del fresco en un 50%. Asimismo, al sumergir el producto en una mezcla de ácido cítrico, ascórbico y sal se evita la oxidación, y finalmente se embolsa con nitrógeno envasado al vacío. De esta manera el aguacate se procesa en su punto de maduración perfecto y no pierde sus propiedades nutritivas”, agregó. La versión congelada podría ser una buena alternativa para los consumidores que recién están aprendiendo a consumir los aguacates pues tiene la ventaja de poder ser consumo en la medida estrictamente requerida ya que viene listo, lo que ahorra tiempo (sin cáscara ni pepa) y en su punto exacto de maduración. “Cuando compras una palta en fresco tienes que tener algún tipo de conocimiento sobre el proceso de maduración, esta alternativa es más práctica y además se puede consumir todo el año”, finalizó. Fuente: freshplaza.es",agraria.pe/agronegocios,https://agraria.pe/noticias/la-palta-congelada-es-una-buena-alternativa-para-consumidore-12721
2016-12-02,Crisis hídrica podría acabar con el 15% del mango piurano,"Otros productos que se afectarían son la uva y el limón.  Tras la crisis hídrica que afronta la región, los productos de agroexportación también se verán afectados, entre ellos el mango, la uva y el limón, cuyas plantaciones no podrían soportar la falta del líquido elemento. Según dio a conocer el gerente general de la Asociación Peruana de Productores y Exportadores de Mango (APEM), Juan Carlos Rivera Ortega, la producción del mango se reduciría en un 15% y los calibres de talla y peso no serían del todo óptimos. En Piura hay 22.000 hectáreas sembradas. “Cuando hay falta de agua el árbol lo primero que hace es tratar de deshacerse de su carga que es básicamente la fruta, entonces el mango maduraría rápido y tendríamos un producto de menor tamaño, habrá fruta pero tendrá una producción acelerada”, explicó Rivera. Refirió que se esperaba una excelente campaña, con una proyección de exportar 138.000 toneladas. Sin embargo, ahora el panorama es incierto por la ausencia de lluvias. “Por eso se espera que la situación cambie en las próximas semanas para que no se acrecienten las pérdidas”, dijo. Otro de los productos que se afectaría es la uva, porque si bien la campaña está por culminar, si la sequía continúa la planta tiende a estresarse y podría morir. “Los árboles que tienen raíces superficiales podrían morir, a ese peligro también nos estamos enfrentado ahora, en esta misma situación se encuentra igualmente el limón”, señaló. Cabe recordar que el ministro de Agricultura y Riego, José Manuel Hernández, declaró en estado de emergencia por déficit hídrico a 37 valles o zonas de producción agrícola, que involucran alrededor de 350.000 hectáreas. Fuente: La República",agraria.pe/agronegocios,https://agraria.pe/noticias/crisis-hidrica-podria-acabar-con-el-15-del-mango-piurano-12717
2016-12-02,Apega propone la creación de un Sistema Nacional de Distribución de Alimentos,"Luis Ginocchio, coordinador de la institución, apuntó a la necesidad de articular conceptos de mercado con los pequeños productores, así como un impostergable proceso de asociatividad y desarrollo de sistemas de trabajo que tiendan a la calidad.  Dejar de lado por un momento el enfoque en la gran agroexportación y mirar hacia el mercado nacional, considerando que en nuestro país todavía es muy fuerte el índice de fidelidad a la comercialización tradicional, es lo que pide Luis Ginocchio, coordinador del proyecto “Cadenas agroalimentarias gastronómicas inclusivas” de la Sociedad Peruana de Gastronomía (Apega). Como parte de una estrategia integral, el especialista sugirió la creación de un Sistema Nacional de Distribución de Alimentos, que incluya el desarrollo de aspectos de producción, planes de cultivo, alertas de mercado y sugerencias de consumo, entre otros factores que potencien una cadena comercial local que revitalice a los pequeños productores. “En Perú no sabemos dónde está el mandato en este sentido, cuál es la autoridad que tiene el mandato de manejar los alimentos y la alimentación, pues esa responsabilidad está repartida entre el Minagri, mercados y municipalidades, hay que unificar eso. Debe haber un sistema nacional que vea producción, distribución y consumo, y en el consumo está la nutrición…hay que recuperar nuestras tradiciones alimentarias”, sostuvo. Como marco a la discusión recordó que Perú es uno de los países donde la comercialización tradicional es muy fuerte, especialmente en bodegas y mercados, marcando distancias con otras realidades donde los supermercados han copado el mercado. “Por ello hay que fortalecer las habilidades de negocios de los comerciantes de mercados. En Apega tuvimos un programa llamado Casera, donde trabajamos con 800 comerciantes de mercados para que aprendan a vender origen, calidad, frescura, trato al cliente. No se trata solo de revalorar los productos peruanos sino a los agricultores, que son casi héroes sociales que abastecen la alimentación nacional”, explicó. Negocios, calidad y capacitación El dirigente de Apega observó que si bien los productores muestran un gran deseo de hacer negocios, no encuentran un mecanismo que los impulse para que tengan nociones básicas, por ejemplo, de las cantidades de productos que deben ofrecer según el juego de oferta y demanda del mercado. Recordó que hubo una fiebre por producir diversos alimentos que luego no encontraron articulación con la demanda –tema vinculado a los precios y rentabilidad de la agricultura-, lo que derivó en que muchos productores no pudieran vender sus cosechas. En ese ámbito, agregó que no hay que tenerle miedo a la subida de precios de algunos productos, pues generalmente son parte de los mecanismos de la realidad del mercado de oferta y demanda. “Hay que pensar que las subidas de precios de los productos, si bien no son populares, mientras sean estacionales, son razonables”, señaló. Lo ideal, remarcó, es que los precios mejoren para el agricultor pero no suban para el público, y que la única manera de lograrlo es reduciendo la cadena de intermediación o desarrollando una agroindustria con valor agregado que proponga productos como la palta en puré congelada para ser consumida en épocas de escasez a menor precio que la fresca. Para lograrlo, sin embargo, acotó que hay que cumplir con un objetivo muchas veces esquivo: la asociatividad. “La negativa a asociarse es uno de los indicativos del pobrísimo nivel de gestión empresarial que hemos acumulado en la historia de la agricultura peruana”, apuntó Ginocchio. En ese sentido, objetivos como la calidad son imposibles sin organización. “La calidad se expresa de muchas formas, en la regularidad de la calidad del producto, su sabor, aroma, etc., que son elementos fundamentales que van de la mano con la gestión empresarial, la base para buscar mercados competitivos”, remató.",agraria.pe/agronegocios,https://agraria.pe/noticias/apega-propone-la-creacion-de-un-sistema-nacional-de-distribu-12713
2016-11-30,Empresa española colaborará en la formación de agrónomos en nuestro país,"Técnicos del INIA usarán los productos de Hispatec en iniciativas de investigación y desarrollo a través de las soluciones enfocadas en la obtención de datos desde el cultivo, modelización de patrones productivos y Big Data.  La empresa española Hispatec acordó con la Universidad Nacional Agraria La Molina (UNALM), el Instituto Nacional de Innovación Agraria (INIA), y la Universidad de Tumbes, el uso de sus productos en la formación de técnicos agrónomos e investigación en nuestro país. Los técnicos del INIA usarán los productos de Hispatec en iniciativas de investigación y desarrollo a través de las soluciones enfocadas en la obtención de datos desde el cultivo, modelización de patrones productivos y Big Data. Por su lado, la UNALM integrará ERPagro y demás productos como herramientas formativas de cara a que los futuros gestores e ingenieros agrónomos tengan una visión más integrada y completa de los procesos agroalimentarios y se integren en la vida laboral ya formados en el uso de herramientas de gestión. El mismo tipo de colaboración en materia de formación se ha cerrado entre Hispatec y la Universidad de Tumbes. El acuerdo ha sido saludado por todas las partes como muy beneficioso para la comunidad agraria peruana ya que supone un hito más en la fuerte modernización que el gobierno peruano está impulsando y que está haciendo de la Agricultura un sector clave en su economía productiva. El esfuerzo del Ministerio de Agricultura y Riego (Minagri) responsable en materia de formación y tecnificación de la actividad productiva, ha sido clave en la consecución de este acuerdo que beneficia, principalmente, a los futuros ingenieros agrónomos peruanos y a la eficacia de la industria en su conjunto. Fuente: elalmeria.es",agraria.pe/agronegocios,https://agraria.pe/noticias/empresa-espanola-colaborara-en-la-formacion-de-12699
2016-11-30,"Desde del censo agropecuario del 2012, la mirada del Minagri está en el desarrollo de la sierra y la selva","A pesar del desarrollo de la agroexportación, existen índices preocupantes de pobreza en el sector rural del país. Desarrollo de cadenas productivas y acceso a nuevos mercados son tareas que busca emprender el ministerio para impulsar el desarrollo de esa población.  Una de las herramientas que sirve de base para la elaboración de políticas en el sector agrario actualmente es el resultado del IV Censo Nacional Agropecuario del 2012. Según el economista Jorge Fidel Castro Trkovic, representante del Ministerio de Agricultura y Riego (Minagri), la investigación del 2012 ha llevado a que la gestión del sector vire principalmente hacia el desarrollo de la sierra y la selva. “Después del censo la mirada está principalmente en el desarrollo de la sierra y la selva. Son zonas de menor desarrollo donde es necesario generar condiciones de producción más equitativas. Esto no significa que no se vaya a trabajar en la costa (donde hay un desarrollo más alto), pero sí que el desarrollo de servicios se orienta principalmente a donde están las mayores necesidades”, explicó. Según el funcionario, uno de los aspectos positivos que se reveló en el último censo es que se ha avanzado de manera importante en la promoción del riego tecnificado, un paso crucial que hay que dar en el campo pues el riego por gravedad con canales de irrigación tiene una eficiencia de uso que solo llega al 50% (el otro 50% se pierde), en tanto que el modo tecnificado permite una eficiencia de 90%, una característica crucial especialmente en zonas donde hay sequía. Pobreza rural y mercados Castro se mostró preocupado también por realidades contrastantes como que las agroexportaciones estén creciendo exponencialmente pero los niveles de pobreza en el campo sigan siendo altos. “Casi la mitad de los productores en zonas rurales están en condiciones de pobreza alta”, comentó. Sin embargo, resaltó que gracias a la creación de cadenas de producción de palta, quinua, madera, café y cacao, cada vez más agricultores se van sumando al boom de la agroexportación. “Debemos tomar medidas para aumentar la competitividad en la producción, pero hay que entender que el desarrollo rural va más allá de la actividad agrícola y comprende el uso sostenible de los recursos naturales como el agua, el suelo y los bosques. Más de la mitad del país es de bosques, son casi 60 millones de hectáreas de bosques, y 10 mil han sido deforestadas. El agricultor va, tumba el bosque, cultiva y como no es un lugar apto para la siembra, tiene una baja productividad, por lo cual abandona el lugar. Los últimos reportes apuntan que esta tasa ha ido aumentando”, observó. Jorge Fidel Castro también resaltó que los productores peruanos pueden pensar no solo en desarrollarse en el mercado extranjero, sino el interno, pues hay perspectivas interesantes por las nuevas exigencias de los consumidores de hoy en día. “Hoy existen diversos tipos de presentaciones en los supermercados, vemos productos agrícolas sellados al vacío por ejemplo. La exigencia de los consumidores es cada vez mayor por productos inocuos, con certificación de origen, precio justo, producción orgánica, son características que exigen ya no solo el mercado externo sino el interno. Hacia eso van las orientaciones de política y desarrollo de unidades productivas”, comentó. La idea, dijo, es que la agricultura sea una actividad rentable “Esperamos que la foto del próximo censo sea bastante diferente al anterior”, concluyó.",agraria.pe/agronegocios,https://agraria.pe/noticias/desde-del-censo-agropecuario-del-2012-la-mirada-de-12694
2016-11-29,Brookfield y Suez son los nuevos accionistas del proyecto Olmos tras la venta de Odebrecht,"H2Olmos y Trasvase Olmos, ambas empresas de la constructora brasileña, pasarán a la nueva administración. En los próximos días se hará la presentación formal a los acreedores y al Gobierno Regional de Lambayeque para su aprobación.  La empresa brasileña Odebrecht SA anunció que acordó la venta de su participación en el proyecto de irrigación Olmos (Lambayeque) a Brookfield Infraestructure Partners LP y Suez SA por un monto no informado. Su filial Odebrecht Latinvest cerró el acuerdo para vender el 100% de sus dos concesionarias, H2Olmos y Trasvase Olmos SA de Perú, encargadas de desarrollar el proyecto de irrigación. “Los nuevos accionistas se encuentran comprometidos en asegurar la operación y mantenimiento de las concesiones, concentrándose tanto en el mejoramiento de la operación de los servicios e identificando oportunidades de inversión en infraestructura”, precisó Odebrecht en un comunicado. “En los próximos días la transacción será presentada formalmente a los acreedores y al Gobierno Regional de Lambayeque para su aprobación”, agregó. Si bien Odebrecht no ha precisado el monto de la transacción ni detalló la participación de Brookfield y Suez, en el 2013 estimó que la inversión de ese proyecto sumaba al menos US$ 500 millones. Olmos es uno de los proyectos más importantes del grupo brasileño en Perú. Consiste en el trasvase de las aguas del río Huancabamba a la costa a través de un túnel de 20 kilómetros para irrigar 43.500 hectáreas de tierras cultivables y para generación hidro-energética. El anuncio llega luego del fallido intento de Odebrecht de vender su participación de 55% en un proyecto de gasoducto en Perú a Sempra Energy, que terminó abandonando las negociaciones para no verse implicado en investigaciones por corrupción. Odebrecht busca la venta de otros de sus activos en la región con el objetivo de recaudar efectivo y pagar deudas. Fuente: americaeconomia.com",agraria.pe/agronegocios,https://agraria.pe/noticias/brookfield-y-suez-son-los-nuevos-accionistas-del-proyecto-ol-12686
2016-11-25,Agroexportación en contenedores refrigerados crece un 38% en puerto del Callao,"Incremento se vio impulsado por las exportaciones de uvas, paltas, cítricos, cebolla, mangos, entre otros.  El concesionario del Terminal Norte Multipropósito del Puerto del Callao, APM Terminals, informó que en el periodo enero-septiembre del 2016, las agroexportaciones en contenedores refrigerados movilizados a través del Muelle Norte crecieron en 38% respecto al mismo periodo el año anterior. Este incremento se vio impulsado principalmente por las exportaciones de uvas, paltas, cítricos, cebolla, mangos, entre otros. Sofía Balbi, gerente comercial de contenedores de APM Terminals Callao, sostuvo que “en APM Terminals Callao estamos preparados para atender la creciente demanda del mercado reefer agroexportador, habiendo ampliado la oferta a más de 600 enchufes de energía; y habilitando un nuevo acceso para contenedores al terminal, en el cual los camiones con contenedores reefers cuentan con un acceso dedicado, brindándoles un ingreso fluido”. Las recientes inversiones han permitido a APM Terminals Callao un crecimiento del 24% en su participación de mercado de contenedores refrigerados de agroexportación en el puerto del Callao respecto de 2015, atendiendo aproximadamente el 50% del mercado a la fecha. “Somos conscientes de la importancia y el servicio de calidad que requieren nuestros clientes, es por ello que continuaremos trabajando para estar a la vanguardia y altura del servicio que demandan, siendo uno de nuestros futuros proyectos la implementación de un sistema de monitoreo de temperatura en línea”, finalizó Balbi. Fuente: mundomaritimo.cl",agraria.pe/agronegocios,https://agraria.pe/noticias/agroexportacion-en-contenedores-refrigerados-crece-un-38-en--12667
2016-11-25,Ica: índices de competitividad mejoraron a través del sector agroexportador,"En los próximos años, Ica continuará creciendo en los índices de competitividad, ya que en infraestructura se están haciendo inversiones importantes como el aeropuerto de Pisco, la autopista entre Ica y Nazca, entre otros.  Los índices de competitividad en la región Ica han podido mejorar gracias a sectores como la agroexportación, la diversificación de la oferta y la generación de empleos, indicó el gobernador regional de Ica, Fernando Cillóniz Benavides. Precisamente en el último estudio sobre los Índices de Competitividad Regional 2016, elaborado por Centrum Católica, la región Ica se encuentra entre las 10 primeras, y en el pilar Economía del mencionado estudio, está en tercer lugar del ranking. “Ica es exportadora desde todos sus sectores y en agricultura también lideramos, tenemos diversos sectores con una cartera muy diversificada y vemos que el sector exportador de Ica le da grandes ventajas como la creación de empleo, por eso estemos entre las primera regiones”, sostuvo al comentar el estudio. Respecto al empleo, dijo que por la demanda por mano de obra está llegando más gente de otras regiones. Cillóniz indicó que su región en los próximos años continuará creciendo en los índices de competitividad, ya que en el tema de infraestructura se está haciendo inversiones importantes. En tal sentido, recalcó que ya se cuenta con el aeropuerto de Pisco, la autopista entre Ica y Nasca, el proyecto del tren de cercanías, entre otras obras que darán grandes beneficios a la población y diversos sectores productivos. Indicó también que hay sectores que deben ser fortalecidos y en Ica se debe trabajar en el ámbito universitario y tecnológico superior, ya que Ica no cuenta con muchas universidades a diferencia de otras regiones.",agraria.pe/agronegocios,https://agraria.pe/noticias/ica-indices-de-competitividad-mejoraron-a-traves-del-sector--12666
2016-11-25,Piden que programa Agrojoven incluya a jóvenes rurales no universitarios,"Dirigente pide potenciar a aquellos que ya tienen experiencia en el campo y no han tenido oportunidad de una formación académica.  Un pedido para que el alcance del recientemente lanzado programa Agrojoven se amplíe, ha hecho el presidente de la Asociación Nacional de Productores Ecológicos (ANPE), Felimón Mechato. Desde su punto de vista, si bien la iniciativa del Ministerio de Agricultura y Riego para llevar a estudiantes universitarios a conocer el trabajo agrícola en el campo es buena, se está dejando de lado a los jóvenes que viven en el área rural y cuentan con experiencia en esas labores pero carecen de formación universitaria. “Creo que Agrojoven es una buena propuesta, hay la voluntad política para dar ocupación a los jóvenes y promoverlos para que miren el campo. Pero hay vacíos que ajustar para dar participación y apoyo a los jóvenes rurales que no están incluidos, pues solo se ha dirigido a universitarios que pueden tener la intención de trabajar en el campo, quizá con una visión más de negocio”, refirió el dirigente. Cabe recordar que Agrojoven fue lanzado oficialmente el pasado 15 de noviembre por el Ministro de Agricultura y Riego, José Manuel Hernández, quien indicó que el programa –que iniciaba con la participación de nueve universidades- cuenta con un presupuesto de S/ 17 millones y espera alcanzar a más de 1.600 participantes al finalizar el actual gobierno. Mechato pidió valorar a los jóvenes que ya han desarrollado emprendimientos agrarios fuera del circuito académico y otorgarles facilidades para que puedan desarrollar planes de negocio, estrategias de marketing, sistemas de gestión empresarial, entre otros. “No estoy en contra de los universitarios, sino que soy realista, hay que potenciar a quienes ya se han sacrificado y hacen trabajo en el campo, a ellos hay que darles la mano y potenciar sus agronegocios”. En otro momento, el titular de ANPE resaltó que está avanzando una propuesta para que el Estado pase un decreto supremo de Agricultura para el sistema de garantía participativa que permita la certificación de todos los productos ecológicos. Según le han informado al dirigente, la norma debe darse de todas maneras antes de que culmine el año. “Venimos hace más de 10 años trabajando este sistema de garantías participativas desde abajo, hay ordenanzas municipales y regionales, prácticamente estamos por nuestra propia cuenta implementando el sistema”. Dato ANPE organiza desde ayer el Encuentro Nacional de Jóvenes Agroecológicos en la Facultad de Ciencias Sociales de la Universidad Nacional Mayor de San Marcos. El evento, que dura hasta hoy, busca reunir a un promedio de 100 jóvenes de bases de ANPE y otros colectivos ligados a la agroecología para desarrollar una agenda común.",agraria.pe/agronegocios,https://agraria.pe/noticias/piden-que-programa-agrojoven-incluya-a-jovenes-rurales-no-un-12663
2016-11-24,"Aguaymanto, dátiles, granadillas y sandía entre los llamados a ser próximos protagonistas de la agroexportación peruana","En su afán de diversificar su portafolio de alimentos, el país cuenta con una amplia gama de posibilidades para ganar nuevos mercados.  La palta, arándanos, espárragos y uvas se encuentran entre los productos de agroexportación ya consolidados o en vías de consolidarse. Sin embargo, un ejercicio de diversificación va a ser necesario en la oferta del país para no saturar mercados. ¿Qué productos no tan notorios hoy pueden explotar comercialmente en el futuro? Uno de los primeros en que se piensa es el aguaymanto. El berry hoy ya se exporta a Países Bajos, Alemania, EE.UU. y Canadá, los que representan el 73% del total. Otros destinos son Francia, Japón, Corea del Sur (de gran potencial), Reino Unido, Nueva Zelanda, Australia y Chile. Otra alternativa son los dátiles, fruto del cual se realizó una pequeña exportación este año por US$ 360.000. Según el presidente de la Asociación de Gremios Agroexportadores del Perú (AGAP), Ricardo Polis, su futuro es inmenso. En la lista también se debe considerar a las granadillas, de las que Pasco es el principal productor con un promedio de 2.000 hectáreas dedicadas al cultivo. Otras regiones importantes donde se le encuentra son Cajamarca, Huánuco y La Libertad. La demanda de granadilla proviene especialmente de Italia y Holanda. La granada es otro fruto a tener en cuenta. Ya se le exporta a Países Bajos, que es el principal comprador, seguido de Reino Unido, Rusia, Canadá, Emiratos Árabes Unidos, Vietnam, España, Alemania, Hong Kong y Japón. Está además en la lista de productos que buscarán su próximo ingreso al mercado chino. Las pecanas también son protagonistas, especialmente por la alta demanda que reciben desde Corea, Canadá, Estados Unidos, China y Alemania, donde se valora su alto contenido antioxidante. No podía faltar la frambuesa, que tiene un alto potencial de crecimiento especialmente en regiones como Cajamarca. Por ahora, los envíos todavía son pequeños y solo suman US$ 68.000. La lista se complementa con los calabacines, de los cuales el mayor comprador es Estados Unidos con más de 400.000 toneladas, seguido de Francia, Japón, Alemania y Reino Unido. El mayor productor actualmente es España. Los higos ya empiezan a llamar la atención de los mercados extranjeros también. En Perú, el rendimiento promedio por hectárea cultivada es de 6.6 toneladas, muy superior a las 2.5 toneladas de promedio mundial. México, Chile y Perú son los países latinoamericanos que pueden exportar a Estados Unidos esta fruta. Con una producción nacional de 20.000 toneladas anuales, la chirimoya también está llamada a tener su buen momento en los mercados internacionales. Lima produce el 50% del total. También se cultiva en Cajamarca y Junín. Los principales mercados para la exportación son Costa Rica y Canadá. Finalmente, la lista cierra con la sandía, cuyo principal demandante es el mercado inglés. Se le tiene en consideración por sus propiedades antioxidantes y depurativas, es rica en vitamina A. Fuente: gestion.pe",agraria.pe/agronegocios,https://agraria.pe/noticias/aguaymanto-datiles-granadillas-y-sandia-entre-los-llamados-a-12655
2016-11-23,¿Cuáles son los productos de agroexportación que ya despachamos a China?,"Durante el periodo enero-octubre del presente año, nuestro país ya exportó un total de 117.349 toneladas de productos vegetales.  Sin duda, China es el mercado de moda para el Perú y cada día aparecen nuevas noticias que hablan del potencial que representa para un rubro tan dinámico como el de las agroexportaciones. Sin embargo, nuestro país ya tiene un historial de envíos de productos vegetales a ese destino y de hecho, en lo que va del 2016 (enero-octubre) hemos exportado un total de 117.349 toneladas de alimentos o insumos de este tipo. De acuerdo a información del Servicio Nacional de Sanidad Agraria (Senasa), en el periodo indicado se despacharon desde Perú al gigante asiático 1.488 toneladas de cítricos, 3.106 toneladas de palta, 36.828 toneladas de uva y 53.417 toneladas de maderas. Cabe recordar que, según proyecciones del Ministerio de Agricultura y Riego, en menos de 45 días se iniciarían los primeros despachos de arándanos a este destino, por lo que el volumen total se incrementará notablemente. Estas cifras representan, aún sin haber terminado el presente año, un avance importante sobre las 111.612 toneladas que el país exportó a China durante el 2015. En el detalle del año pasado quedó registrado que se exportaron entonces 1.617 toneladas de cítricos, 38 toneladas de palta, 29.215 toneladas de uva, 57.075 toneladas de maderas y 25.248 toneladas de otros productos. Como se ha informado anteriormente, otros productos en compás de espera para ingresar al mercado chino son la quinua, la grana y la leche evaporada. Esta última, tiene un gran potencial que aprovechar especialmente en diversas zonas rurales de China, donde se carece de electricidad y la cadena de frío no está garantizada.",agraria.pe/agronegocios,https://agraria.pe/noticias/cuales-son-los-productos-de-agroexportacion-12643
2016-11-21,Sector agrario captaría US$ 2.000 millones como resultado de APEC,"Monto de inversión está calculado tanto para la agroindustria de productos frescos como para el subsector forestal. Agraria.pe) El titular del Ministerio de Agricultura y Riego (Minagri), José Manuel Hernández Calderón, sostuvo que tras la realización del Foro de Cooperación Económica Asia-Pacífico (APEC 2016) su sector atraería más de US$ 2.000 millones en inversiones extranjeras para el Perú en los próximos años. “Hemos recibido la visita de distintos inversionistas y estamos pensando que como resultado de este foro podamos tener en unos cinco a seis años más de US$ 2.000 millones de dólares en inversiones en el sector agrario”, manifestó. Detalló que ese monto de inversión está calculado tanto para la agroindustria de productos frescos como para el subsector forestal, porque se ha detectado mucho interés en la industria de la madera. “Les comento que varios de esos inversionistas ya han estado en Majes (Arequipa) y Chavimochic (La Libertad) para visitar esas zonas”, señaló el ministro. Más mercados Hernández Calderón dijo que el arándano es la “vedette” para el Asia-Pacífico en este momento, pero también se reunió con el presidente de Vietnam para hablar sobre la uva peruana, a la cual se le reactivó el ingreso este año a ese mercado asiático. “El Gobierno de Vietnam va acelerar mucho los protocolos sanitarios para retomar la exportación de uva, pero también me voy a reunir con el primer ministro japonés en Palacio de Gobierno para tratar sobre la uva, la palta, los arándanos y los cítricos”, afirmó. Agregó que con China se está trabajando en el ingreso de la quinua y la leche evaporada, además de la granada, pero se debe tener cuidado con responder a la demanda del gigante asiático para no fallar en los envíos.",agraria.pe/agronegocios,https://agraria.pe/noticias/sector-agrario-captaria-us-2000-millones-como-resultado-de-a-12622
2016-11-18,Cultivos de cerezas deben instalarse en zonas de inviernos fríos y primaveras cálidas y sin lluvias,"Perú podría obtener cerezas tempraneras o tardías respecto a la campaña del Hemisferio Sur (octubre-enero) donde hay poca oferta del producto, eso aseguraría buen precio.  Luego del crecimiento explosivo de los arándanos y de la intensión de seguir diversificando nuestra canasta agroexportadora, Perú busca nuevo cultivos para apostar, uno de ellos podría ser la cereza. Agraria.pe conversó con la docente investigadora en frutales de hoja caduca de la Pontificia Universidad Católica de Chile y especialista en Cereza, Marlene Ayala, quien destacó que Perú cuenta con zonas potenciales para el desarrollo de dicho cultivo. “Para sembrar cerezas se requiere acumulación de frío, primaveras libres de heladas, temperaturas bajo cero, ausencia de lluvias al momento de la cosecha, entre otros, por lo que es necesario realizar pruebas en lugares de mayor altura (donde hay más frio). Además se deben probar variedades y portainjertos”, sostuvo. Agregó que si tuviera que elegir una zona donde instalar cereza en Perú se guiaría por la acumulación de frío, debido a que no existen variedades de esta fruta con bajo requerimiento de este factor. “Tenemos el problema genético que tenemos que adaptarnos a las variedades que hay, pero Perú tiene muchos microclimas, por lo que se deben hacer estudios para elegir los valles donde se podría establecer este cultivo”, agregó. En ese sentido, dijo que Cajamarca parece un lugar con potencial para desarrollar plantaciones demostrativas o experimentales, pero al ser un clima diferente –a los registrados en Chile- no se sabe cómo se expresará el cultivo. “Tengo la impresión que Perú podría obtener cerezas tempraneras o tardías respecto a la campaña del Hemisferio Sur (octubre-enero) donde hay poca oferta del producto, eso les aseguraría buen precio, lo que les permitiría obtener rendimientos productivos más bajos que los conseguidos en Chile (entre 12 y 15 toneladas por hectárea en promedio)”, señaló. Marlene Ayala, indicó que en Chile las plantaciones modernas de cerezos se establecen con riego por goteo o microaspersión. “No puedo pensar en un cerezo regado por secano, eso es una limitante de Cajamarca, por lo tanto será necesario contar con embalses que permitan regar el cultivo al momento adecuado”. Chile principal exportador de cereza del mundo En otro momento, la especialista en cerezas manifestó que Chile cuenta con alrededor de 22.000 hectáreas de dicha fruta y cada año se instalan 1.000 hectáreas más. El total de la producción se destina como fruta fresca. Asimismo, mencionó que en el Hemisferio Sur, Chile es el principal productor de cerezas, seguido muy de lejos por Argentina, Nueva Zelanda, Sudáfrica y Australia. Destacó que el país sureño es el primer exportador de cerezas en el mundo. Turquía y Estados Unidos son los principales productores de cereza del mundo, sin embargo dicha producción atiende el mercado interno. Luego continúa Chile que destina el 100% de su producción al mercado de exportación. El principal mercado destino de los despachos de cereza chilena es China, a donde se dirige el 80% de los envíos, el resto se dirige a Estados Unidos, Europa y Brasil. En Chile las variedades de cereza con que se trabajan son Brooks, Royal Dawn, Santina, Lapins, Sweetheart y Regina, con las cuales pueden abarcar toda la temporada (tempranera, media estación y tardía). “La cereza es considerada un superfood porque tiene alto nivel de antioxidante, por lo cual es muy valorada en término de precio, el cliente la prefiere porque es un producto tipo gourmet, por estas razones hay mucha posibilidad que se incremente el consumo de la fruta y Chile podría aumentar sus áreas de cultivo”, sostuvo Ayala. Añadió que la cereza tiene corta vida post cosecha, sin embargo Chile ha desarrollado toda la tecnología para poder despachar la cereza por mar y llegar a China en 40 días, aunque todavía queda mucho por desarrollar. En ese sentido, la especialista dijo que más del 80% de los despachos de cereza por parte de Chile se dirige por vía marítima, mientras que los despachos aéreos se realizan básicamente con las variedades tempraneras. Datos . Marlene Ayala señaló que instalar una hectárea de frambuesa cuesta alrededor de US$ 40 mil a US$ 50 mil, sin considerar el uso de techo (para prevenir lluvias), control de heladas, entre otros. Asimismo, el cultivo requiere mucha tecnificación y mano de obra en la cosecha, podas y raleos. . La especialista brindó estas declaraciones tras su participación en el VII Seminario Internacional de Berries realizado por Sierra y Selva Exportadora en Chiclayo y Cajamarca.",agraria.pe/agronegocios,https://agraria.pe/noticias/cultivos-de-cerezas-deben-instalarse-en-zonas-de-inviernos-f-12610
2016-11-17,Exportación de arándanos y sus derivados crece 162%,"Los arándanos rojos cobraron gran protagonismo al crecer 543% en comparación con el año anterior.  Entre enero y septiembre de este año, la exportación peruana de arándanos y sus derivados sumó US$ 93.8 millones, lo que representa un incremento de 162% frente al mismo periodo del año pasado, informó la Gerencia de Agroexportaciones de la Asociación de Exportadores (ADEX). En este resultado, la partida de arándanos rojos tuvo un rol protagónico, pues significó el 99% de participación, al sumar US$ 93.4 millones, lo que significa un crecimiento de 543% comparado con los US$ 35.7 millones del año pasado (enero-septiembre). Además, Perú envío al exterior jugos de arándanos rojos y arándanos rojos en conserva, que de forma conjunta representaron el 1% restante. Para el gremio exportador, el inminente ingreso del berry peruano al mercado chino despierta grandes expectativas, pues si bien el arándano no es muy conocido, las frutas son parte fundamental de la dieta de los habitantes de ese país como parte del cuidado de su salud. En China, el arándano se cultiva en las provincias norteñas de Shandong, Liaoning y Jilin; y en las sureñas de Guizhou y Jiangsu. También lo importan desde Chile, Corea del Norte, Corea del Sur, Canadá y Taiwan, aunque en montos pequeños. Principales destinos Hasta septiembre de este año, el destino más importante para los arándanos peruanos ha sido Estados Unidos, que importó el producto por US$ 57.8 millones, con una participación del 61.7%, acumulando un alza de 150.4%. Otros destinos relevantes son Países Bajos (US$ 17.4 millones), Reino Unido (US$ 11.1 millones) y Hong Kong (US$ 2.2 millones). Los mercados con mayores crecimientos fueron Canadá (4.295.4%), Emiratos Árabes (2.495.4%), Alemania (2.372%), Tailandia (2.074.1%) y Colombia (1.374%), que se ubican en el ranking de los 12 principales destinos, de un total de 27. De acuerdo a ADEX, las principales exportadoras de arándano peruano son Camposol SA, Talsa, Hortifrut-Tal SAC, Agrícola Santa Azul SAC, Hass Perú SAC, Exportadora Frutícola del Sur SA, Intipa Foods SAC, Agroinversiones Valle y Pampa Perú SA, Agrícola La Venta SA, Blueberries Perú SAC, Frusan Agro SAC, Danper Trujillo SAC y Agrícola Cerro Prieto SA, entre otras.",agraria.pe/agronegocios,https://agraria.pe/noticias/exportacion-de-arandanos-y-sus-derivados-12602
2016-11-17,“Tenemos que desplazar cada vez más la oferta de países competidores  en función a costos”,"Actualmente el 24% de las agroexporotaciones peruanas ya se dirigen a Asia y es probable que a mediano plazo dicha participación alcance el 50% considerando que Estados Unidos y Europa son mercados maduros.  Aumentar las agroexportaciones peruanas es un reto grande debido a que se comienza a observar saturación de productos como la uva y la palta en nuestros clásicos mercados como Europa y Estados Unidos, por tal razón tenemos que ser más agresivos en seguir abriendo nuevos mercados como el Asía, así como continuar penetrando el mercado ruso. Así lo indicó el director general de la Dirección General Agrícola del Ministerio de Agricultura y Riego (Minagri), Ángel Manero Campos, quien además dijo que tenemos que desplazar cada vez más la oferta de países competidores como Chile, México, Sudáfrica, entre otros, en función a costos. “En ese proceso se requiere un trabajo multisectorial. Por un lado el Minagri con el Senasa e Inia, que ven los temas fitosanitarios y de innovación; el Ministerio de Transporte y Comunicaciones, en lo que respecta a puertos, aeropuertos y carreteras; el Ministerio de Energía y Minas, debido a que los costos de energía se están elevando; entre otros ministerios”, sostuvo. Manero Campos manifestó que actualmente el 24% de las agroexporotaciones peruanas ya se dirigen a Asia y es probable que a mediano plazo dicha participación alcance el 50% considerando que Estados Unidos y Europa son mercados maduros. Señaló que los despachos del sector al mercado asiático crece a una tasa superior al 20% anual. Destacó que los productos con potencial para aumentar los despachos agrícolas a Asia son las uvas, arándanos, palta, espárragos, quinua y en general las diferentes frutas que logremos introducir. “En China un producto con mucho potencial sería las quinua, que esperamos poder despacharla a partir del próximo año, también la leche evaporada porque ellos no tienen cadena de frío y están consumiendo más este producto. Por el lado de Corea del Sur hay un interesante consumo de granada”, comentó. El titular de la dirección General Agrícola del Minagri, resaltó que aparte de los temas fitosanitarios, lo países del Asia tienen aranceles muy altos para las importaciones, por lo cual Perú debe trabajar en ambos frentes y de esa manera avanzará mucho.",agraria.pe/agronegocios,https://agraria.pe/noticias/tenemos-que-desplazar-cada-vez-mas-la-12599
2016-11-15,"“Si se destraban los proyectos de irrigación, inversión en el sector ascendería a US$ 3.300 millones al 2023”","Nuevos proyectos de irrigación permitirán incrementar la frontera agrícola en 369 mil hectáreas (211.500 hectáreas nuevas y 157.500 hectáreas mejoradas).  Qué duda cabe que los despachos agropecuarios son el sector más dinámico de las exportaciones peruanas y las expectativas a futuro son positivas. Además son hoy el segundo generador de divisas para el país (detrás de la minería). En ese sentido, el presidente de la Asociación de Gremios Productores Agrarios del Perú (AGAP), Ricardo Polis Labarthe, indicó que su representada espera en los siguientes años (hasta el 2023), si se destraban todos los proyectos de irrigación, que la inversión privada en el sector ascienda a US$ 3.300 millones, lo que sin duda generaría muchos puestos de trabajo. Explicó que en el 2015 las exportaciones peruanas de frutas y hortalizas frescas sumaron US$ 2.165 millones y este año generarían US$ 2.381 millones. Proyectó además que en el año 2017 alcanzarían los US$ 2.739 millones, en 2018 serían US$ 3.149 millones; el 2019, US$ 3.464 millones; el 2020, US$ 3.811 millones, y el 2021 llegarían a US$ 4.230 millones, lo que representaría un crecimiento promedio de 12% cada año. “Esta proyección me atrevo a decir que la vamos a cumplir en un 95%, porque la agricultura es un negocio muy lento y de mucho riesgo, lo que sembramos ahora recién lo cosechamos en cuatro años”, sostuvo. El presidente de AGAP destacó que en la costa peruana hay muchos campos que no están sembrados y otros que todavía no están produciendo, por lo que se mostró seguro que en dicho sector cumplirán la meta de duplicar las exportaciones. 369 mil hectáreas más para el agro moderno En otro momento, Ricardo Polis manifestó que los nuevos proyectos de irrigación permitirán incrementar la frontera agrícola en 369 mil hectáreas (211.500 hectáreas nuevas y 157.500 hectáreas mejoradas). Detalló que dichos proyectos son: Puyango –Tumbes (Tumbes) 19.500 hectáreas nuevas; Alto Piura (Piura) con 19.000 ha nuevas y 31.000 ha mejoradas; Chavimochic III (La Libertad) con 63.500 ha nuevas y 48.000 ha mejoradas; Olmos (Lambayeque) con 38.000 ha nuevas y 10.500 ha mejoradas; Chinecas (Áncash) con 33.000 ha nuevas y 10.500 ha mejoradas; Tambo Ccaracocha-Canal Río Pisco a quebrada Río Seco (Ica) con 68.000 ha mejoradas; y Majes – Siguas II (Arequipa) con 38.500 ha nuevas. Se busca diversificar canasta agroexportadora Sin embargo, dijo que la pregunta es saber qué productos se instalarán en dichas áreas, ya que si se sigue sembrando productos como uva, palta, mandarinas, la oferta peruana saturará los mercados destinos. “Nosotros como gremio nos hemos acercado al INIA con el objetivo de buscar nuevos productos para sembrar en nuevas áreas”. En ese sentido, dijo que existen algunos productos que Perú ya exporta pero en menor medida, los cuales se han investigado de manera privada. Estos productos son pecana (US$ 7.2 millones), frambuesa (US$ 68 mil), calabacín (US$ 2.7 millones), capsicum (US$ 714.301), chirimoya (US$ 659.865), higo (US$ 405.334), dátil (US$ 392.407), maracuyá (US$ 221.086), granadilla (US$ 100.630), sandía (US$ 3 millones), aguaymanto (US$ 20.237), tuna (US$ 4.617) y lulo (US$ 7.680). Además, resaltó que existe otro grupo de productos que aún se vienen realizando pruebas como el caso de la cereza, dátil, nuez de macadamia, cajú, nuez de pecana, pistacho, litchi y longan, rambután, durazno paraguayo, kaki, Níspero japonés, frambuesa, zarzamora, atemoya, la feijoa, pitahaya , indano, y piña.",agraria.pe/agronegocios,https://agraria.pe/noticias/si-se-destraban-los-proyectos-de-irrigacion-12578
2016-11-14,“Meta es otorgar créditos al 90% de pequeños agricultores al 2021”,"Tasas de Agrobanco se reducirían y llegarían a 12% y 14% como mínimo. La diferencia se hará evidente a fines del verano.  El costo del crédito de Agrobanco para el sector agrario descendería hasta 12% avivado por un mejor seguro, que reduciría el riesgo. Esta mejora en la tasa de interés de estos préstamos se sentiría a fines del verano entrante, aseguró el titular del Ministerio de Agricultura y Riego (Minagri), José Manuel Hernández Calderón. ¿Qué avances existen para rebajar el costo del crédito agrario mediante el Agrobanco? Agrobanco ya está pronto a recibir una nueva inyección de capital. El banco ya está capacitando a unas 350 personas que atenderán a los cafetaleros, lo que también se hará para otros cultivos y con la ampliación de la disponibilidad de los créditos habrá más cobertura. Pero lo que aspiramos es que no solo se cubra más cultivos, sino que se pueda reducir la tasa de interés. ¿A cuánto asciende la tasa de interés (activa) del banco? La tasa oscila entre 16% y 18% anual, pero para proyectos de inversión como renovación de equipos o cafetales la tasa es menor como 10%. Ahora también, mediante Agrobanco estamos llevando adelante algo que facilitará la participación de la banca comercial (en el agro). Y es que incrementaremos pronto el monto para los seguros de crédito con lo que cualquier entidad financiera asumiría menos riesgos, tendría asegurados sus créditos y así podría otorgar más préstamos a los agricultores. ¿Esta opción que me manifiesta está vinculada con los anuncios del MEF de bajar el costo del financiamiento para los créditos para los micro y pequeños productores en este caso, mediante Agrobanco y con un esquema de garantías? Sí. Las tasas de interés (en el agro) son altas por el riesgo, pues el sector agropecuario es un rubro riesgoso. Por eso los bancos (o entidades financieras) participan poco y aquellos que lo hacen muestran tasas altas, incluidas las cajas. Entonces, con un seguro ese riesgo baja y, por eso, el MEF dice que podemos bajar las tasas de interés. En el caso de Agrobanco ya tenemos meta para asignar 100 millones de soles para el seguro. Eso nos permitirá apalancar la participación tanto de Agrobanco como de la banca comercial. Si estamos hablando de tasas entre 16% y 18%, ¿a cuánto descenderían? Mínimo pueden reducirse a tasas entre 12% y 14%. Y si son fondos del mismo banco, como de AgroPerú que otorga el Gobierno al banco, la tasa puede descender más. Agrobanco capta recursos de otras entidades que lo financian y paga como mínimo tasas entre 6% y 6.5% por ese fondeo, a lo cual hay que añadir los riesgos y los costos operativos, con lo cual la tasa sube. Ahora si el Gobierno pone fondos en Agrobanco, las tasas bajarían a 6% y 6.5% porque ya no pagarían a una entidad financiera comercial, a lo cual se suma el seguro. Esto abarataría el costo del crédito. Otro tema importante en términos de atención crediticia es que gran parte de los créditos no están orientados a los pequeños agricultores y queremos alcanzar una cobertura (crediticia) de más de 90% de pequeños agricultores al 2021. ¿Cuántos pequeños agricultores existen en el Perú actualmente? En este momento, tenemos 2.2 millones productores (agrarios), de los cuales el 80% son pequeños productores, es decir, un poco más de 1.7 millones son pequeños agricultores. Esos pequeños agricultores tienen menos de cinco hectáreas. La entidad canalizará estos recursos a los pequeños agricultores mediante sus ventanillas y las de las oficinas del Banco de la Nación, de las cajas rurales y municipales, de los bancos, etcétera. ¿Cuándo se hará visible esta rebaja del costo del financiamiento para los hombres del campo? A fines del verano entrante se podrá sentir la rebaja de las tasas de interés porque en el presupuesto (público) del 2017 estamos considerando los recursos para asignar a Agrobanco y elevar el fondo del seguro. ¿A quiénes irían inicialmente estos recursos a menores tasas? Inicialmente iríamos a los que ya son clientes. Luego comienza la cobertura (con créditos) a todos aquellos que no son parte del sistema financiero. Redefine ingreso de siete productos agropecuarios En el marco de la reunión bilateral Perú–Colombia, a realizarse en diciembre en Arequipa, se determinará el ingreso de siete productos agropecuarios a Colombia y ellos, de manera recíproca, podrán ingresar siete productos a Perú. “Los productos que seleccionaremos para el ingreso en Colombia serán coordinados con los agroexportadores. Las reuniones ya las está llevando adelante el Servicio Nacional de Sanidad Agraria (Senasa)”, señaló el ministro Hernández. También indicó que están negociando mercados para el ingreso de quesos madurados, lo cual será beneficioso para el desarrollo de la ganadería. Fuente: El Peruano",agraria.pe/agronegocios,https://agraria.pe/noticias/meta-es-otorgar-creditos-al-90-de-pequenos-agricultores-al-2-12572
2016-11-14,Perú gestiona acceso de productos de origen animal a Chile,"Actualmente se exporta palta Hass, maíz fresco y otros productos a ese destino.  Una delegación técnica del Servicio Agrícola Ganadero (SAG) de Chile visitó mataderos y establos de crianza en la región Tumbes (Perú) para comprobar el sistema de vigilancia epidemiológica de Fiebre Aftosa que ejecuta el Servicio Nacional de Sanidad Agraria (Senasa), con el fin de ampliar el acceso de nuestros recursos pecuarios. Representantes de las instituciones responsables de la sanidad agraria de Perú y Chile, revisaron las certificaciones e inspecciones zoosanitarias, conocieron las labores de los inspectores de cuarentena animal y constataron las acciones de prevención, como la vacunación, en establos ganaderos. En el puesto de control fronterizo con el Ecuador verificaron los procesos de cuarentena animal, así como la importación y exportación de animales como equinos y mascotas. Fueron testigos presenciales de los beneficios que brinda a los productores nacionales, el reconocimiento como País Libre de Fiebre Aftosa sin vacunación otorgado al Perú por la Organización Mundial de Salud Animal (OIE). Esta visita forma parte de las acciones que permitirán al SAG aceptar oficialmente el reconocimiento de la OIE. ""Es importante para asegurar el mercado peruano de envíos de carne vacuna al país del sur, además brindará respaldo internacional a las gestiones que realicemos con países que tienen a Chile como modelo en el intercambio comercial"", afirmó el director de Sanidad Animal del Senasa, Miguel Quevedo. Dato . En el 2017 concluirían las gestiones del Senasa para el acceso de la chirimoya, tuna y aguaymanto al país sureño.",agraria.pe/agronegocios,https://agraria.pe/noticias/peru-gestiona-acceso-de-productos-de-origen-animal-a-chile-12570
2016-11-14,Potencial agroexportador de Perú al Asia Pacífico alcanzaría los US$ 2.400 millones anuales,"En el 2015, cerca del 50% de las agroexportaciones peruanas se dirigieron al mercado del Asia Pacífico.  En el 2015 las agroexportaciones peruanas ascendieron a US$ 5.130 millones, de los cuales US$ 2.493 millones (48.6%) se dirigieron al mercado del Asia Pacífico, señaló el presidente de la Asociación de Exportadores (ADEX), Juan Varilias Velásquez. El líder gremial destacó que las agroexportaciones peruanas dirigidas al Asia Pacífico se incrementaron 344.39% en los últimos diez años al pasar de US$ 561 millones en el 2005 a US$ 2.493 millones el 2015. Detalló que en el periodo analizado las frutas procedentes de Perú destinas al Asia Pacífico crecieron 1.118.6% al pasar de US$ 86 millones el 2005 a US$ 1.048 millones el 2015. “El año pasado, el 55.2% de nuestras frutas se destinaron a este mercado”. Las hortalizas se incrementaron 166.4%, pasando de US$ 259 millones a US$ 690 millones. El 60.4% de nuestras hortalizas se dirige al Asia Pacífico Por su parte, los envíos de productos de la industria alimentaria aumentaron 293.8%, pasando de US$ 32 millones a US$ 126 millones entre el 2005 y 2015. El 19.5% de estos productos se exportan a dicho mercado. El café creció 144% luego de despacharse por US$ 100 millones el 2005 a US$ 244 millones el 2015. El 39.8% del café procedente de Perú se destina al Asia Pacífico Varilias agregó que otros productos vegetales (tara, maca, jengibre, orégano) aumentaron 409%, pasando de US$ 22 millones a US$ 112 millones en el periodo estudiado. El 50.2% de nuestros productos vegetales se destinan a este mercado. Asimismo, las exportaciones de cereales se incrementaron 3.166.6%, al pasar de US$ 3 millones a US$ 98 millones. El 60.3% de nuestros cereales despachados se exportan a dicho mercado. El resto de productos agrarios exportados crecieron 198.3% al pasar de US$ 58 millones a US$ 173 millones. El 39.5% de estos productos se dirigen al Asia Pacífico. Despachos a Asia son los que más crecen El presidente de Adex, manifestó que nuestro país tiene buenos productos, diversidad, empresas competitivas, exportaciones crecientes, y que estos factores son las mejores evidencias del potencial que tienen las agroexportaciones peruanas. Resaltó que las exportaciones de este rubro hacia el mercado americano es el más importante en lo que se refiere al bloque Asia Pacífico, ya que el 79% de dichos envíos se dirige a Estados Unidos, Canadá, México y Chile, sin embargo destacó el crecimiento de las agroexportaciones peruanas a los países del Asía. “Hace 10 años (2005) solo el 8% de las agroexportaciones peruanas se dirigían hacia nuestros socios asiáticos, hoy en día la importancia de este bloque se ha elevado a 20%. Asia es un mercado relativamente nuevo para nosotros pero es interesante remarcar que en esta última década hemos crecido hacia China en 48% anual, a Tailandia hemos aumentado en 52%, en Rusia 47%, Vietnam 42%, en promedio a este continente se ha crecido en 48% anual”. Señaló que todas estas cifras son evidencia del potencial que tenemos en estos nuevos mercados y que la cumbre del APEC -donde vienen delegaciones de empresarios de diversos componentes de los países miembros- es una gran oportunidad para hacer negocios. A modo de ejemplo dijo que solo de China vienen más de 150 potenciales compradores interesados en productos alimenticios. Mirando hacia el Futuro Juan Varilias destacó que se puede medir el potencial de los mercados del Asia Pacífico a través de las oportunidades que aún no hemos aprovechado, refiriéndose a los productos agrarios que nuestros socios importan de manera creciente pero que Perú no exporta pese a que tiene una oferta importante. “En Singapur por ejemplo tenemos 25 oportunidades no aprovechadas, lo que representa un comercio potencial arriba de los US$ 130 millones; en China tenemos 32 oportunidades no aprovechadas por US$ 279 millones, y en Japón tenemos 25 oportunidades no aprovechadas por US$ 1.269 millones”, sostuvo. “En general el Asía Pacífico encierra 97 oportunidades no aprovechadas para productos agrícolas que representan una exportación potencial de US$ 2.400 millones anuales, eso quiere decir que si hacemos de manera correcta la tarea de superar las barreras que dificulten un mayor acceso al mercado asiático, como por ejemplo los temas fitosanitarios, y si promovemos de manera efectiva la inversión, podemos llegar a la meta de duplicar las agroexportaciones al Asia Pacífico en cinco años”, finalizó.",agraria.pe/agronegocios,https://agraria.pe/noticias/potencial-agroexportador-de-peru-al-asia-pacifico-alcanzaria-12566
2016-11-11,Agroexportaciones peruanas a países del APEC  sumaron más de US$ 2.500 millones el 2015,"En el periodo 2011-2015, las agroexportaciones peruanas hacia el mercado APEC crecieron a una tasa promedio anual de 7.3%. En ese mismo período, las exportaciones agrarias aumentaron su participación pasando de 40.2% en el 2011 a 48.1% en el 2015.  En el 2015, las agroexportaciones peruanas hacia los 21 países miembros que conforman el foro de Cooperación Económica Asia Pacífico (APEC), sumaron poco más de US$ 2.500 millones. Así lo señaló el titular del Ministerio de Agricultura y Riego (Minagri), José Manuel Hernández Calderón, quien destacó que el objetivo es que al culminar el actual gobierno dicha cifra se duplique. El Minagri indicó que los países que conforman APEC albergan 2.800 millones de personas (40% de la población mundial) y representan alrededor de 57% del PBI global y 49% del intercambio comercial internacional. Asimismo, la agricultura representa una importante contribución económica a la mayoría de las economías del Asia Pacífico, incluyendo los temas de seguridad y sanidad alimentaria. En el periodo 2011-2015, las agroexportaciones peruanas hacia el mercado APEC crecieron a una tasa promedio anual de 7.3%. En ese mismo período, las exportaciones agrarias aumentaron su participación pasando de 40.2% en el 2011 a 48.1% en el 2015. En el bloque APEC, el principal destino de las agroexportaciones peruanas es Estados Unidos, que tuvo una participación promedio de 63.9% en el periodo 2011-2015. Además, en el último quinquenio, las exportaciones hacia las economías asiáticas, registraron las más altas tasas de crecimiento promedio, resaltando la participación de Vietnam y Tailandia, así como también China Taipei, China y Hong Kong. Datos . José Manuel Hernández brindó estas declaraciones durante el foro “Oportunidades de Negocios e Inversiones Agrícolas con el Asia Pacífico”, realizado en las instalaciones de la Universidad Nacional Agraria La Molina (UNALM). . El foro APEC, fundado en noviembre de 1989, busca promover la liberalización del comercio y las inversiones, facilitar los negocios y promover la cooperación económica a fin de alcanzar la prosperidad entre las 21 economías miembros del Asia Pacífico: Australia; Brunei Darussalam; Canadá; Chile; República Popular China; Hong Kong, China; Indonesia; Japón; Malasia; México; Nueva Zelanda; Papúa Nueva Guinea; Perú; Filipinas; Rusia; Singapur; Corea; China Taipei; Tailandia; Estados Unidos y Vietnam.",agraria.pe/agronegocios,https://agraria.pe/noticias/agroexportaciones-peruanas-a-paises-del-apec-12557
2016-11-10,“Reto de la industria de la uva de mesa es acoplar bien el desarrollo de las nuevas variedades”,"Además es necesario mejorar la competitividad, para lo cual se trabaja en el área de ciencia y tecnología, infraestructura, etc.  La uva de mesa es el principal cultivo de agroexportación de nuestro país y en la presente campaña (2016/2017) se proyecta un incremento en los despachos alrededor del 12% en comparación a la campaña anterior (donde se enviaron 288.000 toneladas). Agraria.pe conversó con el gerente general de la Asociación de Productores de Uva de Mesa del Perú (Provid), Carlos Zamorano Macchiavello, quien destacó que uno de los retos que deberá afrontar esta próspera industria es la de acoplar bien el desarrollo de las nuevas variedades de uva de mesa que se están instalando. “Tenemos todavía un predominio de la variedad Red Globe, por eso Provid está buscando y elaborando información de cómo las empresas vienen manejando sus áreas instaladas con esta variedad, algunas empresas matan dichas áreas, otros las cambian por nuevas variedades y otras las mantienen”, sostuvo. Agregó que uno de los grandes retos es establecer claramente cuál es su base de producción porque hay productores de uva Red Globe que siguen teniendo éxito con esta variedad, sin embargo otros están trabajando con otras variedades, lo cual abre la puerta de muchos mercados. Mejorar la competitividad Por el lado de la competitividad, dijo que Provid ha firmado un convenio con unas de las empresas de transportadores de contenedores más grandes del mundo, con el objetivo de conseguir mejores fletes marítimos para los asociados. Además, solicitó al Gobierno actual que haga su parte en lo que se refiere a infraestructura para mejorar la competitividad a nivel país. Asimismo, dijo que su representada viene trabajando con el Consejo Nacional de la Competitividad un proyecto para capacitar a la mano de obra que se utiliza en el sector agrícola y de esta forma aumentar la productividad. Indicó que dicho proyecto cuenta con fondos del Banco Interamericano de Desarrollo (BID). Carlos Zamorano señaló que también se está reforzando el área de investigación y desarrollo. “Estamos diseñando proyectos de investigación para fondos concursables en las diferentes fuentes como el FINCyT, PNIA, entre otros”. Datos . Sobre la apertura de nuevos mercados, el gerente general de Provid dijo que está en cartera el mercado japonés. “Ya se presentaron todos los estudios sobre el tratamiento de frio en distintas variedades de uva y estamos esperando que la autoridad sanitaria de dicho país envíe a sus técnicos a visitar los campos de cultivo y plantas de empaque en Perú y luego inicie con el Senasa un plan de trabajo con el objetivo de enviar nuestra fruta en la próxima campaña”.",agraria.pe/agronegocios,https://agraria.pe/noticias/reto-de-la-industria-de-la-uva-de-mesa-es-12544
2016-11-08,Gobierno Regional de Piura no entregó línea de transmisión y proyecto Alto Piura está en peligro de detenerse,"Contratista a cargo de la obra avanza labores apelando a grupos electrógenos y negocia un presupuesto adicional que cubra este gasto y permita reparar la línea inoperativa.  El proyecto Especial Hidroenergético Alto Piura (Pehiap) presenta nuevos problemas que impiden su avance. Licitado por segunda vez en diciembre del 2015, podría paralizarse luego de alcanzar un avance de menos de 4%, debido a la inoperatividad de la línea de transmisión eléctrica necesaria para la perforación de un túnel de trasvase de 13 kilómetros. Esta deficiencia no estaba contemplada en el contrato firmado entre el Pehiap y el contratista, el consorcio peruano-italiano Obrainsa Astaldi. De hecho, el documento estipulaba que el Gobierno Regional de Piura entregaría al consorcio una línea de transmisión eléctrica operativa y energizada, algo que no ocurrió. Para no detener la obra, Obrainsa Astaldi estuvo avanzando con grupos electrógenos. De acuerdo a voceros de la empresa, el objetivo era cumplir el cronograma de las obras, especialmente el inicio de la excavación del túnel. Ahora, ambas entidades negocian la aprobación de un presupuesto adicional que cubra el gasto del uso de los grupos electrógenos en vez de energía de la línea de transmisión y el costo de reparar la línea inoperativa. “El proyecto está en un punto crítico. Si no se aprueba el adicional, la empresa va a paralizar la obra”, advirtió el gerente de Obras y Supervisión del Pehiap, Manuel Sandoval Juárez. El gobernador regional de Piura, Reynaldo Hilbck, aseguró al respecto que el problema con la línea de transmisión no paralizará el proyecto y que la contratista continúa con los trabajos de perforación del túnel. “La obra continúa, todos los días se perfora el túnel, se está avanzando. No vamos a parar. Ahora se está revisando el costo adicional, es decir, saber cuánto costará la reparación de esa línea de transmisión. Pero lo importante es que la obra continua…”, comentó el funcionario. Días atrás, la contratista entregó al Consorcio Hidráulico (encargada de la supervisión) un estudio técnico con el costo del primer adicional del Pehiap. El documento será revisado y aprobado para que el presupuesto proceda. Datos .El Proyecto Especial Hidroenergético Alto Piura incorporará 19.000 nuevas hectáreas y optimizará otras 31.000 en el valle del Alto Piura, las que se destinarán principalmente a productos de agroexportación como cacao, banano orgánico y espárragos, generando unos 75.000 puestos de trabajo. .La constructora Camargo Correa inició la ejecución del primer componente del Pehiap en 2010, pero por desavenencias con la empresa, el Gobierno Regional de Piura resolvió el contrato en el 2013. Actualmente, la empresa y el Pehiab disputan un arbitraje en el que la constructora exige S/ 310 millones.",agraria.pe/agronegocios,https://agraria.pe/noticias/gobierno-regional-de-piura-no-entrego-linea-12527
2016-11-08,T&G Global instalará 100 hectáreas de uva a fines del 2017,"Hace dos años, la empresa neozelandesa adquirió 340 ha de uva de vino en Piura y plantó 100 ha de la variedad seedless cuya primera producción será en la próxima campaña.  La firma neozelandesa T&G Global adquirió 340 hectáreas (ha) de uva de vino en Piura y hace dos años plantó 100 ha de la variedad seedless (sin semilla) cuya primera cosecha se realizará esta campaña. Asimismo, la empresa proyecta instalar 100 ha de uvas de mesa adicionales a fines del 2017 las que producirían entre 25 y 30 toneladas por ha, dijo su presidente ejecutivo, Alastair Hulbert. Asimismo, indicó que su representada buscará más oportunidades para seguir plantando, comprará más terrenos y es posible que pruebe otros cultivos en el futuro. “Hemos descubierto que trabajar en Perú es relativamente fácil, dado el buen ambiente inversor del país y su apoyo por las empresas que mejoran su economía. Tenemos 15 empleados a tiempo completo en Lima, 40 en Piura y hasta 150 trabajadores de temporada en las plantaciones de Piura"", explicó. La empresa también está trabajando con una asesoría para reducir la huella medioambiental del proyecto, por ejemplo, mediante el uso de menos agua y menos productos químicos. Las energías renovables muestran un gran potencial, dado que la región tiene muchas horas de sol y los costes eléctricos son relativamente altos. ""Nuestra intención es vender uvas peruanas a todos los mercados globales y conseguir los mejores beneficios para la plantación, además de afianzar nuestras relaciones con nuestros clientes principales y garantizar que los consumidores disfruten de una experiencia de consumo de uvas constante"", manifestó Dato . T&G posee otras plantaciones en Australia, Estados Unidos y Chile. Según su director ejecutivo, la empresa vende unas 15.000 toneladas de uvas de mesa al año en los mercados de Reino Unido, Estados Unidos, Asia y Nueva Zelanda. Fuente: stuff.co.nz",agraria.pe/agronegocios,https://agraria.pe/noticias/tg-global-instalara-100-hectareas-de-uva-a-12526
2016-11-07,Ventas de Productores de la Región Macro Norte asesorados por Sierra y Selva Exportadora crecieron 332% entre enero y junio del 2016,"Piura ocupa el primer lugar en ventas, seguido de La Libertad. Ambas regiones sobrepasan los S/ 21 millones.  Los 57 planes de negocio que Sierra y Selva Exportadora impulsó durante el primer semestre del 2016 (Enero - Junio) en las cinco sedes descentralizadas de la Macro Región Norte (Amazonas, Cajamarca, Lambayeque, La Libertad y Piura), registraron ventas por S/ 82 millones, lo que significó un incremento de 332% respecto a similar periodo del año 2015, cuando se facturó S/ 18.878.688. Dichas transacciones, que en su mayoría han sido articuladas con asociaciones de productores de zonas rurales, han permitido que este organismo público beneficie a 13.604 pequeños productores de manera directa y 51.695 de manera indirecta, lo que significa un 219% más que en el 2015 (20.501 beneficiarios). En este periodo, Piura es la región que lideró las ventas en la zona norte del Perú con S/ 22.590.229; luego se ubica La Libertad que facturó S/ 21.274.482. En tercer lugar se encuentra Amazonas, cuyas ventas sumaron S/ 17.484.624; sigue Cajamarca con S/ 17.391.900 y Lambayeque con ventas que ascendieron a los S/ 3.151.057. Exportación sumó S/ 34.5 millones Sierra y Selva Exportadora especificó que del total facturado por ventas en la Macro Región Norte (S/ 82 millones), el 43% corresponde al rubro de las exportaciones que ascienden a S/ 34.5 millones, ello en el marco de los 10 programas nacionales que promueve la entidad. Es así que el café fue el producto más exportado de las regiones de Piura, Cajamarca, Amazonas y Lambayeque hacia Europa y Estados Unidos. El segundo producto de exportación fue la Uva Red Globe de La Libertad cuyo principal destino de exportación fue Holanda con US$ 356.553, seguido de Estados Unidos (US$ 352.710) y Alemania (US$ 346.066). En tercer lugar se encuentra el cacao con S/ 11.1 millones de ventas hacia Italia desde las regiones de Piura y Amazonas, seguido de los envíos de quesos madurados por S/ 4.1 millones. Sierra y Selva Exportadora se caracteriza por apoyar y articular nuevos emprendimientos de productos competitivos e innovadores; asimismo promueve en las regiones la innovación e industrialización de los productos rurales, a fin de que se cumpla con los requerimientos del mercado mundial. En esa línea, esta entidad capacitó entre enero y junio de este año a 2.411 productores de la Macro Región Norte, a fin de fortalecer las capacidades de los pequeños productores. Además, se capacitó sobre las Buenas Prácticas Agrícolas y el mejoramiento y control de la calidad de productos, acorde a las condiciones que actualmente exigen los consumidores globales. Dato . Es preciso indicar que los planes de negocios en este periodo también han generado 1.066.000 jornales, de los cuales 887.470 corresponden a hombres y el resto generado por mujeres.",agraria.pe/agronegocios,https://agraria.pe/noticias/ventas-de-productores-de-la-region-macro-norte-asesorados-po-12517
2016-11-07,Agroexportaciones crecieron 7% de enero a septiembre del 2016,"Los envíos agro tradicionales, que sumaron US$ 488.5 millones en los nueve primeros meses del año crecieron 17%, por su parte los productos agroindustriales ascendieron a US$ 3.108 millones, es decir 5% más que en igual periodo del 2015.  Las agroexportaciones peruanas sumaron entre enero y septiembre de este año US$ 3.596.5 millones, representando un incremento de 7% respecto al mismo periodo del 2015, impulsado por los mayores despachos de frutas, informó la Asociación de Exportadores (ADEX). Detalló que los envíos agro tradicionales, que sumaron US$ 488.5 millones en los nueve primeros meses del año, se recuperan lentamente, pues luego de caer 21% en el 2015 (enero-septiembre), este año crecieron 17%, sin acercarse al monto del 2011 cuando en similar lapso alcanzó los US$ 1.028.7 millones (record histórico). El café, su principal producto, mantiene despachos inferiores al registrado en el 2013, pues fue fuertemente afectado por la roya. Los productores y exportadores están enfocados ahora en renovar sus campos importando plantines resistentes a esa enfermedad. Otros productos son el azúcar de caña, lana sin cardar ni peinar, cueros y pieles enteros de bovino. La oferta agraria primaria llegó a 54 destinos, liderados por Estados Unidos y Alemania, que de forma conjunta concentraron poco más del 50% del total, pero también están Bélgica, Colombia, Suecia, Canadá e Italia. Por su parte, los productos agroindustriales durante enero – septiembre del 2016 se exportaron por US$ 3.108 millones, 5% más que el año pasado. La oferta de ese subsector está constituida por paltas, espárragos, uvas, cacao, mangos frescos, bananas, preparaciones utilizadas para la alimentación de animales y arándanos. Resalta el crecimiento de los arándanos en 161% y las mandarinas en 106.5%, así como quinua, cacao en grano y páprika. Productos como ajos, arroz semiblanqueado, grasas y aceites de animales o vegetales, pasta de cacao desgrasada y otros productos también cerraron en azul. Los principales destinos de la oferta agroindustrial nacional fueron Estados Unidos (creció 0.6%) y Países Bajos (12.1%), con lo cual ambos representaron el 46% del total. España, Reino Unido, Ecuador, Chile, Colombia, Alemania, Canadá y China, completan el ranking de los 10 destinos más importantes. El presidente del comité de Agroindustrias, Alimentos y Bebidas de ADEX, Max Alvarado, señaló la necesidad de mejorar la infraestructura para garantizar la dotación de agua en las regiones agrarias del país. Mencionó a Ica, que enfrenta un problema de stress hídrico que perjudica la sostenibilidad de la actividad agraria.",agraria.pe/agronegocios,https://agraria.pe/noticias/agroexportaciones-crecieron-7-de-enero-a-septiembre-del-2016-12513
2016-11-07,“Piura comete un error comercial iniciando la campaña de uva de mesa muy temprano”,"Oferta de la ciudad norteña coincide con la producción tardía de uva de Estados Unidos en dicho mercado por lo cual hay mayor oferta y los precios son menores.  La campaña de uva de mesa en Piura se inicia antes que la Ica, sin embargo estar más temprano en el mercado no siempre es más favorable, señaló el gerente agrícola del fundo La Portada, del grupo La Calera, Mauricio del Real. Indicó que Piura comete un error comercial porque cada vez el Hemisferio Norte produce variedades más tardías y con la tecnología que tienen, como plásticos para cubrir los cultivos de las lluvias, hacen que se pueda cosechar más tarde. “El meterse en la ventana comercial de septiembre y quizás primera semana de octubre es un error porque se encontraría con la producción del Hemisferio Norte y justamente nuestros principales clientes están en esa región”, sostuvo. En ese sentido, explicó que la oferta de uva de mesa de Piura coincide con la producción tardía de uva de Estados Unidos, lo que origina que en esa época se concentre mucha oferta de uva, lo que ocasiona que los precios sean bajos. Al finalizar, Mauricio del Real, manifestó que la actual campaña de uva de mesa en Ica comenzó en la quincena de octubre.",agraria.pe/agronegocios,https://agraria.pe/noticias/piura-comete-un-error-comercial-iniciando-la-campana-de-uva--12511
2016-11-04,"""Ante la gran oferta de uvas, nuestra estrategia es retrasar la producción""","El mercado de las uvas Red Globe se ha saturado y el manejo de nuevas variedades sin semilla es necesario por lo que muchos productores están cambiando.  La cosecha de uvas en Perú inició hace un par de meses, dependiendo de la región. Hasta el momento, los cambios climáticos no han tenido consecuencias negativas en esta producción y, al tener acceso a casi todos los mercados, los productores peruanos prevén una buena campaña. El representante de Sang Barrent’s Company (SBC), Eduardo Talavera, señaló que el mercado de las uvas Red Globe se ha saturado y el manejo de nuevas variedades sin semilla es necesario por lo que muchos productores están cambiando la Red Globe por nuevas variedades y otros la están incorporando en nuevas hectáreas de cultivo. “Los resultados no serán de la noche a la mañana, sino con el paso de los años. Sin embargo, es posible que estas dos situaciones creen un balance en el mercado”, afirmó al portal Fresh Plaza. Perú cuenta con viñedos a nivel nacional, pero por la diversidad climática y de ubicación geográfica, no todos los productores pueden manejar los periodos de cosecha para ingresar su producto al mercado en un mejor momento. “Nosotros, al estar ubicados en el valle de Nepeña, al sur de Chimbote, tenemos posibilidades de programar nuestra cosecha según conveniencia. Si bien la humedad relativa es comparable con la de Piura y nuestros programas sanitarios son estrictos, a su vez las condiciones climáticas y el abastecimiento de agua permanente, gracias a la irrigación del Proyecto Chinecas, nos permiten lograr una buena terminación de baya y una coloración completa”, aseveró. Este año SBC ha retrasado su producción para lograr mejores condiciones de mercado, planificando nuestro comienzo de cosecha para mediados de diciembre con la uva blanca sin semilla y para la segunda semana de enero la Red Globe. “Esperamos ingresar cuando la oferta de uva blanca sin semilla sea baja en Estados Unidos y lo mismo para la Red Globe en el mercado asiático y europeo. Dependiendo de los volúmenes almacenados de uva roja sin semilla por EE. UU., probablemente también lo veamos como un atractivo mercado para esta variedad”, finalizó Talavera. Dato . El año pasado Perú superó los 37 millones de cajas de uvas exportadas (8.2 kilos cada caja); aún no se sabe si este año se va a superar esa cifra.",agraria.pe/agronegocios,https://agraria.pe/noticias/ante-la-gran-oferta-de-uvas-nuestra-estrategia-es-retrasar-l-12501
2016-11-02,XV Congreso Internacional sobre el Mango Peruano abordará temas logísticos,"Temas como el transporte limitan los despachos de mango fresco peruano para Asia, ya que los despachos vía marítima demorarían 40 días.  Este 3 y 4 de noviembre se realizará en el Hotel Casa Andina de Piura el XV Congreso Internacional sobre el Mango Peruano donde se abordarán aspectos agronómicos, comerciales y logísticos. Así lo señaló el gerente general de la Asociación Peruana de Productores y Exportadores de Mango (APEM), Juan Carlos Rivera Ortega, quien destacó que para discutir los temas logísticos se invitó a las empresas navieras que recalan en el puerto de Paita (Piura). “Este es un aspecto crucial porque toda la buena labor hecha en las plantaciones en campo está supeditada a un correcto envío”, sostuvo. En ese sentido, dijo que es precisamente el tema de transporte lo que limita los despachos de mango fresco peruano para Asia, mercado al que consideró como “el sueño dorado” para los envíos de dicha fruta. “El tiempo de tránsito es demasiado largo (40 días), lo que impide que tengamos una fruta adecuada y competitiva en ese mercado, por eso no es viable desde el punto de vista logístico”, agregó. Al respecto, destacó que la recomendación de su representada es realizar despachos vía aérea, la cual ya se hace de forma regular, sin embargo dijo que existe un potencial mucho mayor, el cual no se puede desarrollar justamente por una limitación logística. “La cantidad de mango que se puede despachar vía aérea es limitada”. “En Piura tenemos un potencial para surtir el mercado asiático sin problemas pero debemos llegar con un mango de calidad y eso a la fecha solo se logra vía aérea”, comentó. Más temas Juan Carlos Rivera, manifestó que otros temas que serán expuestos durante el XV Congreso Internacional sobre el Mango Peruano son: “Políticas para el desarrollo de la agricultura y la agroindustria en Piura”, que estará a cargo del gobernador regional, Reynaldo Hilbck; “Consumo de mango en el mercado americano, estadística, proyecciones” que expondrá Manuel Michel (EE.UU.) de la National Mango Board de Estados Unidos. En tanto, Orlando Dolores del Senasa, hablará sobre las “Nuevas legislaciones para la exportación de mango frescos”; Sergio Nieto Montenegro, de Estados Unidos, abordará la “Inocuidad en mango, puesta en vigencia de la Ley de Inocuidad Alimentaria en Estados Unidos”; Alonso Chávarri; expondrá sobre las “Límites Máximos de residuos, responsabilidad social y ambiental”. Por su parte, Víctor Galán, de España, comentará sobre las “Tendencias en la producción de mangos a nivel mundial y perspectivas del cultivo de mangos a gran densidad en los trópicos”; Noris Ledesma (EE.UU.), expondrá sobre el “Desarrollo de nuevos híbridos en el mango”; Juan Carlos Lúcar, hablará sobre “Biotecnología para el cultivo de mango: Bioactivación, fisiológica y bioprotección”, entre otros temas. Dato . Para mayor información del el XV Congreso Internacional sobre el Mango Peruano, puede comunicarse al teléfono 5173-306496 o al correo info@peruvianmango.org",agraria.pe/agronegocios,https://agraria.pe/noticias/xv-congreso-internacional-sobre-el-mango-peruano-abordara-te-12472
2016-10-27,Perú exportó casi US$ 17 millones en arvejas frescas,"El principal mercado comprador es Estados Unidos, seguido de Reino Unido y Países Bajos. La venta más alta se logró en septiembre.  Las arvejas también son protagonistas de la agroexportación peruana. Si bien sus números no son comparables a los de productos como la quinua, el mango o la palta, ha sabido hacerse poco a poco de un lugar en diversos mercados. De esta manera, en el periodo enero-septiembre de este año, logró ventas al exterior por US$ 16.914.715. De acuerdo a cifras de Sunat, el mes de septiembre registró la venta más alta, alcanzando los US$ 8.125.640. Le siguieron en relevancia agosto con US$ 4.451.585 y julio con US$ 2.455.229. En cuanto a volumen, durante el periodo señalado se colocaron un total de 4.854.050 kilos de arvejas, lo que se distribuye en un promedio mensual de 539.339 kilos. Cabe observar que en los meses de enero y febrero no se registraron exportaciones de este rubro. En el desglose de la información por mercados de destino, Estados Unidos figura como el principal comprador con 47.4% del total de adquisiciones. En segundo lugar se posiciona Reino Unido con 29.3%, seguido de Países Bajos (21.2%), Japón (1.4%) y Francia (0.4%). Como principales empresas exportadoras de las arvejas figuran Intipa Foods SAC con 38.1% del total de ventas. Le siguen Societe D´Investissment et Developpement Du Peru SAC (14.8%), Corporación Agrícola Viñasol SAC (11.2%), Exportadora Frutícola del Sur (6.9%), Vison SSAC (6.5%), Green Vegetables y Flowers SAC (5.1%), Agrícola Cuyuma SA (3.5%), Fundo La Kiarita SAC (3.5%) y varios otros de menor cuantía que suman 10%.",agraria.pe/agronegocios,https://agraria.pe/noticias/peru-exporto-casi-us-17-millones-en-arvejas-frescas-12442
2016-10-25,Perú produciría 7.5 millones de quintales de café  el 2017,"Mañana se llevará a cabo una sesión del Consejo Nacional del Café, en la que se empezará a trazar el camino para promocionar la marca país  En base a los reportes de las zonas de producción, se estima que la cosecha de café en Perú el 2017 bordearía los 7.5 millones de quintales, señaló el gerente de la Junta Nacional del Café (JNC), Lorenzo Castillo, durante la ceremonia de clausura de la 6ta Expo Café Perú. ""En todos los valles se ha reportado una linda floración, que es una señal auspiciosa de una buena producción, solo falta que el clima nos ayude. Y eso significa que el próximo año tengamos más café y condiciones de vender"", refirió, añadiendo que se prevé cerrar 2016 superando los 6 millones de quintales. Por su parte, el presidente del Consejo Nacional del Café, Ángel Manero Campos, resaltó el éxito que ha tenido la feria, que ha sido visitada por cerca de 10.000 personas, siendo todo un récord en comparación a años anteriores. Indicó que esto ha sido el resultado de la unidad con la que actuaron el sector público y privado para llevar a cabo el evento. ""Llegó el momento de sumar todos y ya vemos el avance, vemos a los caficultores buscando la unidad en términos de organizaciones y eso es importantísimo porque se vienen buenas noticias"", refirió. Consejo Nacional del Café sesionará mañana Adelantó que el 26 de octubre se llevará a cabo una sesión del Consejo Nacional del Café, en la que se empezará a trazar el camino para promocionar la marca país y que a mediano plazo el café peruano pueda tener varias decenas de dólares por encima del precio de bolsa. ""Tenemos el reto de la trazabilidad para asegurar que los cafetales sean orgánicos; el reto de aprobar el autogravamen, que pasa por la unidad de los cafetaleros para administrarlo. Tenemos el reto del Instituto Nacional del Café, que también requiere de la unidad para que sea un solo esfuerzo para toda la industria, así como ajustar y concertar más la renovación del Plan Nacional del Café (diseñado en el gobierno anterior)"", remarcó Manero. Sostuvo que ello se logrará con la misma unidad con la que han trabajado para llevar a cabo la feria del café. ""El ministro de Agricultura estuvo hace dos días inaugurando la Expo Café y nos ha pedido que incidamos en la búsqueda de la unidad, donde Ejecutivo, Congreso, Municipio, Productores, gremios, organizaciones, tengamos un solo objetivo que es el café marca Perú, que tiene que ser reconocido por todo el mundo"", finalizó el funcionario.",agraria.pe/agronegocios,https://agraria.pe/noticias/peru-produciria-75-millones-de-quintales-de-cafe-el-2017-12418
2016-10-25,Si Ecuador no deja de contaminar el río Tumbes se entablaría una demanda internacional,"Diversas actividades en la zona ecuatoriana de la frontera, como la minería informal, afectan la cuenca del lado peruano. Ya se estableció contacto con las autoridades del país norteño para encontrar soluciones de forma paralela a la ejecución del proyecto binacional Puyango-Tumbes.  Se van dando nuevos pasos y proyectando determinaciones luego de que días atrás, el Pleno del Congreso de la República aprobara el proyecto que declara de necesidad pública e interés nacional la ejecución del Proyecto Especial Binacional Puyango Tumbes, un anhelo de más de 40 años de la región norteña. En ese marco, uno de los temas que causa mayor preocupación es la contaminación que sufre el río Tumbes como consecuencia de diversas actividades comerciales y extractivas informales que se dan en el lado ecuatoriano de la cuenca. Al respecto, el presidente de la Comisión Agraria del Congreso, Bienvenido Ramírez, señaló: “La aprobación del proyecto de ejecución fue algo histórico para nuestra región después de tantos años de espera. Ahora estamos en contacto con los agricultores y emitiendo oficios a las diferentes entidades públicas responsables de la contaminación del río Tumbes, así como con la autoridades del Ecuador para que dejen de contaminar estas aguas. Si el diálogo se agota se procederá a una demanda internacional”. El legislador aclaró sin embargo que el tema de la contaminación va por una vía separada de lo que es la ejecución del proyecto binacional pues lo que se busca es que no se pierda más tiempo ya que la norma recién aprobada establece un plazo de cinco años para la realización de la obra. “Ya se ha perdido un año y queremos que Puyango Tumbes se ejecute lo más pronto posible pues va a demandar muchísima mano de obra en la región, lo que ayudará a capear el nivel de desocupación que hay en Tumbes cuando se irriguen las partes altas donde en este momento no llega el recurso hídrico”, sostuvo. Banco de Germoplasma En otro momento, Bienvenido Ramírez dijo que la instancia que preside buscará trabajar de forma coordinada con el Ministerio de Agricultura y Riego para la implementación del Gran Banco de Germoplasma que tiene proyectado el sector en el afán de coadyuvar a la preservación y defensa de los recursos genéticos del país. Nombramiento de Agro Rural Sobre el nombramiento del militar en retiro César Vásquez como director en Agro Rural –nombramiento que fue criticado por la falta de estudios y experiencia en el sector agropecuario del nuevo titular-, Ramírez sostuvo que la designación del ministerio es “respetable” y que antes de emitir un juicio sobre la idoneidad del nuevo funcionario escucharán sus planes de trabajo y evaluarán su performance. Datos .La Ley 30359 ‘Ley para la implementación de Acuerdos Binacionales entre Perú y Ecuador y ejecución del Proyecto Especial Binacional Puyango-Tumbes, aprobada este mes, establece un plazo de caducidad de seis años para concluir los trabajos de la represa Mata Palo. Si no se cumple en el tiempo establecido, el área será devuelta al Parque Nacional Cerros de Amotape. .El congresista Bienvenido Ramírez presidió el foro Patrimonio Nacional y Genético: Patentes con registro Internacional que presentó a diversos especialistas en el tema. El evento iba a servir también para la presentación de un proyecto de Ley que propone la Ley de Patrimonio Natural y Patrimonio Genético del Perú a cargo del congresista Wuilian Monterola, pero éste no asistió.",agraria.pe/agronegocios,https://agraria.pe/noticias/si-ecuador-no-deja-de-contaminar-el-rio-tumbes-12416
2016-10-24,Productores piuranos lograron vender sus legumbres con una mejora de 30% en sus precios,"Asesoría dirigida de Sierra y Selva Exportadora, así como condiciones favorables para la adquisición de insumos agrícolas, coadyuvaron para colocar de forma ventajosa 90 toneladas de frijol panamito en una exportadora chiclayana.  Es la primera vez que sucede y merece reseñarse. Por primera vez, los pequeños productores de la Asociación Nueva Esperanza “El Ceibo” del distrito de Paimas, provincia de Ayabaca, región Piura, lograron vender 90 toneladas de frijol panamito a la exportadora Agronegocios NAUM de Chiclayo con un precio 30% por encima del que cotiza normalmente el producto en el mercado. Para lograr este objetivo, la sede descentralizada en Piura de Sierra y Selva Exportadora asesoró con especialistas a los productores. Esto fue posible gracias a una alianza con la municipalidad distrital de Palmas. De esta manera, se pudo vender directamente la producción a un precio de S/ 2.60 el kilo, cuando lo regular es que se oferte en el mercado a S/ 2.00. La venta total del producto alcanzó los S/ 234.000, lo que representa S/ 54.000 soles más de lo que hubieran obtenido los productores al precio habitual de mercado y por ende a los acopiadores, señaló la entidad estatal. La articulación comercial con el mercado es parte del plan de negocios que esta oficina viene ejecutando con los menestreros, por la cual recibieron asesoría especializada y técnica que les permitió la instalación y producción de 46 hectáreas de frijol panamito. De igual manera, con el apoyo de la gerencia de Desarrollo Económico de la comuna local, se consiguió impulsar el frijol panamito como una nueva cadena productiva de menestras en la localidad de Paimas. Como parte del desarrollo integral de capacidades, los productores también fueron capacitados en el manejo agronómico del esta legumbre, de tal manera que conozcan su ciclo vegetativo y sus etapas críticas, lo que redunda en mejores rendimientos. Otro punto de apoyo fue la provisión de insumos agrícolas –abonos foliares, insecticidas, hormonas, fitohormonas y fungicidas- a precios especiales y con la facilidad de ser pagados al final de la campaña. Esto habría permitido un ahorro de hasta 30% en la compra, lo que equivale a que S/ 6.500 se quedaron en los bolsillos de los pequeños productores que ahora trabajan de manera organizada. Los productores visitaron además la Estación Experimental Vista Florida del INIA Lambayeque, donde pudieron conocer los centros de producción e innovación de semillas de menestras y maíz, así como las ofertas y posibilidad de gestionar y desarrollar semilleros locales en sus propios terrenos con semillas mejoradas. Dato De acuerdo a Sierra y Selva Exportadora, en lo que va del año, gracias a la intervención del plan de negocios de menestras de la institución en Piura, se ha logrado generar ventas mayores a S/ 1.8 millones a través de la asistencia técnica productiva y comercial.",agraria.pe/agronegocios,https://agraria.pe/noticias/productores-piuranos-lograron-vender-sus-legumbres-con-una-m-12408
2016-10-21,Presentan proyectos innovadores para solucionar problemas del agro,"Evento reunió a jóvenes de Venezuela, Colombia, Ecuador y Perú con propuestas para mejorar la calidad de vida de las poblaciones vulnerables.  Por tercer año consecutivo, la empresa Bayer organizó el Foro Innovación Para una Vida Mejor, en el marco del programa Bayer Young Community Innovators (BYCI), que se realizó el 18 de octubre en el Parque Ecológico Voces por el Clima en el distrito de Surco. En este encuentro, los ganadores del concurso, provenientes de Venezuela, Ecuador, Colombia y Perú, intercambiaron conocimientos, experiencias y buenas prácticas; además de discutir sobre el rol de los jóvenes en la búsqueda de soluciones a los problemas sociales de nuestros países a través de la innovación y emprendimiento. Al respecto, el gerente general de Bayer Perú, Heiko Musmann, señaló que este foro es un evento que ha reunido a innovadores sociales de la región, aquellos que usan su creatividad y aportan a la sociedad con soluciones para hacerle la vida mejor a miles de personas. Es por ello que Bayer apuesta por iniciativas como el BYCI y apoya ideas innovadoras. Durante el foro, representantes del Instituto Nacional de Innovación Agraria (INIA), Instituto Nacional de Salud (INS) y Start Up Perú, abordarán los retos que enfrentan los sectores de salud y agro y sus esfuerzos por la promoción de la innovación y emprendimiento en los jóvenes. También se contó con la presentación de casos de éxito de proyectos ganadores de los programas de innovación y emprendimiento de CienciaActiva, Ministerio del Ambiente y Start Up Perú; así como el ganador del concurso BYCI en Perú de la convocatoria 2015. Ganadores BYCI, Países Andinos Ginna Alejandra Jiménez, de la Facultad de Ingeniería Industrial de la Universidad de Boyacá (Colombia), con el Proyecto: ComproAgro: Es una website que ayuda a los agricultores de Boyacá en eliminar a los intermediarios en el proceso de compra y venta de sus productos agrícolas. Asimismo, con esta plataforma, se busca que su producción se pueda vender en grandes cadenas de supermercados. María Alejandra Culman, de la Facultad de Maestría en Telemática, de la Universidad Autónoma de Bucaramanga (Colombia), con el proyecto AgroHIDRO: Busca generar una solución asequible y de fácil uso para monitorizar en tiempo real el balance hídrico del cultivo. El objetivo de este proyecto está dirigido a beneficiar pequeños productores, a través de la implementación de una solución sencilla basada en una red de sensores inalámbrica de bajo costo para optimizar prácticas agrícolas en función del balance hídrico. David Camacho, de la Facultad de Ingeniería Industrial de la Universidad de Los Andes, en Mérida (Venezuela), con el proyecto PSAbono - salida ecológica ante la sequía: Este proyecto consiste en un polímero orgánico súper absorbente para el uso agrícola, que también funciona como catalizador en cultivos de hidroponía. Su producción es de bajo costo a base de componentes orgánicos, lo cual hace que los cultivos estén libres de agentes contaminantes. La producción se lleva a cabo a través de un proceso mediante el cual se calienta y se trituran desechos orgánicos como corteza de coco y bagazo de caña de azúcar, entre otros. La intención es potenciar la producción agrícola reduciendo el grado de contaminación, además de satisfacer las necesidades tanto del productor como del consumidor, con productos de mayor calidad. Mauro Torres, de la Facultad de Ingeniería Agroindustrial de la UNEFA (Venezuela), con el proyecto Redir: Este proyecto es una multiplataforma de servicios financieros de reciclaje en red, para el saneamiento y disposición inversa de residuos.",agraria.pe/agronegocios,https://agraria.pe/noticias/presentan-proyectos-innovadores-para-solucionar-problemas-de-12401
2016-10-21,INIA seleccionará mejores variedades de chirimoyas para diversificar las agroexportaciones,"Existen 400 variedades de chirimoya en los bancos de germoplasmas por lo que se buscará entre ellos si alguna se adecua a los requerimientos del mercado.  El día de ayer el Instituto Nacional de Innovación Agraria (INIA) realizó el I Taller de Agroexportadores, cuyo objetivo es crear la agenda de trabajo para posicionar productos peruanos que dominen el mercado mundial en el futuro. En el taller estuvieron presentes empresarios agroexportadores quienes dieron su opinión sobre cuales eran esos productos novedosos que Perú debiera producir y tendría potencial en el exterior, siendo los más votados la chirimoya, ajíes, maíz morado, pecanas, cerezas, almendra, lúcuma, entre otros. Al respecto, el jefe del INIA, Alberto Maurer Fossa, indicó que se tiene un reto interesante con la chirimoya, ya que los agroexportadores requieren que dicho fruto tenga la piel más gruesa para que soporte la larga travesía y llegue de la mejor manera a los mercados destinos, así como alargar la vida en anaquel del producto. Además, la fruta no debe tener pepas y conservar el excelente sabor al que nos tiene acostumbrados. En ese sentido, destacó que el INIA cuenta con 400 variedades de chirimoya en los bancos de germoplasma ubicados en sus sedes de Lima y Ayacucho. “Entre esas variedades vamos a buscar si alguna de ellas se adecua a los requerimientos solicitados y si no se adecua tenemos las plantas para empezar hacer las cruzas y la selección para satisfacer esta demanda”. Maurer Fossa, indicó que hay muchas variedades naturales de chirimoyas, no seleccionadas, por lo que se realizará una selección inicial. Luego se comenzará con los trabajos de fertilización, densidades, productividad, uniformidad del producto, sabor, entre otros, para producir una fruta de primera calidad. La estrategia del INIA es buscar nuevos productos para diversificar la canasta agroexportadora peruana y de esa manera cumplir el reto de duplicar las agroexportaciones. Maurer Fossa dijo que dicho reto no se cumplirá incrementando la producción de los cultivos que ya son conocidos en el exterior porque eso provocaría saturación de mercados y caída de los precios, por lo cual apuesta por nuevos productos. “Es mi esperanza ver que las agroexportaciones superen a la minería como principal fuente de divisas del país, es un reto posible, ambicioso y por eso me gusta. Como se dice el Senasa abre los mercados hoy, el Inia inventa los mercados del futuro para asegurarnos que en los próximos 10, 15 o 20 años el Perú se vuelva un país de mayor predominancia alimentaria mundial”, finalizó. Dato . Además de la chirimoya, el Inia realizará el mismo trabajo con otros productos como ajíes, maíz morado, pecanas, cerezas, almendra, lúcuma, los cuales fueron destacados por los empresarios agroexportadores como los productos con mayor potencial que tiene Perú que desarrollar y conquistar el mercado internacional.",agraria.pe/agronegocios,https://agraria.pe/noticias/inia-seleccionara-mejores-variedades-de-chirimoyas-para-dive-12393
2016-10-19,¿Cuáles son los 10 productos agropecuarios peruanos más exportados este año?,"Se consolida en el primer lugar un fruto que es un auténtico ‘boom’ en Estados Unidos. En tanto, los protagonistas tradicionales de la agroexportación vuelven a cobrar fuerza.  El camino del crecimiento económico ha encontrado sin duda a nuevo gran protagonista en la agroexportación. Se sabe que el sector constituye uno de los dos más importantes motores de la economía y cuenta con un horizonte potencial de crecimiento enorme. Así vistas las cosas, no sorprende que en el periodo enero-agosto del presente año, haya productos que por sí solos lograron ventas de cientos de millones de dólares. Con cifras de la Sunat, este es el ranking de los 10 productos agropecuarios más exportados por Perú en los primeros ocho meses del año: Puesto 10: Clementinas, wilkings e híbridos similares Estos cítricos híbridos que combinan características de frutos más conocidos como la mandarina, pero agregan un diferencial como un sabor con un toque de amargor (como en el caso de la clementina), han logrado un índice notable de ventas en los ocho primeros meses del año: US$ 58.638.944. Nada mal si consideramos que la exportación total del año pasado estuvo un poco más por encima de los US$ 29 millones, es decir, ya ha más que duplicado sus ventas y el año aún no termina. Puesto 9: Quinua Luego de un auge algo desbocado en pleno frenesí de consumo en mercados de Norteamérica y Europa, el ‘grano de oro de los incas’ busca recuperar su buen ritmo exportador y se mantiene dentro de los 10 productos más vendidos del país. En el periodo señalado logró transacciones por US$ 64.248.475. No es una mala cifra, aunque el ritmo indica que al cerrar el año quedará lejos de los más de US$ 196 millones que logró en el 2014. Puesto 8: Preparaciones para alimentación Un rubro que en el 2014 no existía y que ahora puede mostrar ventas por nada menos que US$ 97.339.941. Cabe señalar que en este segmento pueden incluirse productos con algún tipo de procesamiento o manufactura, por lo que la lista es amplia. Puesto 7: Bananos-Plátanos Uno de los frutos que más hace destacar al norte peruano, con Piura, Tumbes y Lambayeque como principales zonas productoras. Es ya un conocido de las mesas de Norteamérica, Europa y Asia, por lo que no sorprende que la exportación peruana de este rubro haya alcanzado los US$ 102.555.329. Puesto 6: Mango fresco Con zonas de producción intensiva como Tambogrande (Piura) el mango, especialmente en su variedad Kent, se ha convertido en un manjar muy solicitado en países como Estados Unidos y España, aunque también está llegando a Nueva Zelanda y Egipto. Con su sabor único, no es de extrañar que esta delicia llegara hasta los US$ 124.555.329 en ventas. Puesto 5: Cacao De fino aroma y sabor inolvidable, el cacao peruano se destaca en el mundo por el factor calidad. El producto, representativo de zonas como Cusco y San Martín, llega a los mercados del mundo en diversas presentaciones (8 partidas) que en conjunto lograron ventas por US$ 159.666.508. El reto es superar los más de US$ 243 millones que se lograron el año pasado. Puesto 4: Uva Una de las estrellas de la agroexportación peruana que va adaptándose a las necesidades de los nuevos consumidores. La uva ha salido de sus zonas de producción clásicas y ha ganado hectáreas en lugares antes impensados como Piura para atender la demanda de gigantes (como China, donde la variedad Red Globe es la favorita), y de los consumidores jóvenes que están virando hacia las seedless. Así, los cargados racimos del fruto han venido llenos de prosperidad y lograron US$ 196.205.573 en ventas. Puesto 3: Café en grano Un clásico de la agricultura peruana que busca reeditar una gloria no tan antigua. Luego de la debacle de la roya, el segmento se va reincorporando y alcanzando buen ritmo de envíos al extranjero. De hecho, algunos especialistas consideran que hacia el 2018 el sector podría volver a exportar volúmenes similares a los anteriores a la crisis. Hasta agosto, el delicioso grano peruano alcanzó ventas por US$ 291.158.736. Puesto 2: Espárragos Otro producto cuyo protagonismo en la agroexportación peruana es de larga data. A pesar de que productores como Camposol anunciaron que dejarían de producirlo (por lo menos temporalmente), el rubro ha mantenido su vigor y logró colocaciones en el extranjero por US$ 314.409.061. Puesto 1: Palta fresca Es la nueva reina de la agroexportación peruana. Con su inconfundible textura, se ha hecho de un sitio en las mesas de millones de personas, especialmente en Estados Unidos, donde el ‘boom’ por su consumo realmente se ha desatado. La campaña peruana ya cerró ligeramente por debajo de las 200.000 toneladas exportadas y se proyecta que el próximo año crezca alrededor de 15%. Nuevos mercados como India y Argentina le han abierto las puertas, y los próximos proyectos de irrigación destinarán muchas hectáreas a su cultivo, así que el potencial de este producto parece no tener límite por ahora. Hasta agosto logró ventas por US$ 349.446.637, con lo que superó con un margen interesante los poco más de US$ 301 millones del 2015. Dato .Entre enero y agosto de este año, las agroexportaciones sumaron un total de US$ 3.006.525.407.",agraria.pe/agronegocios,https://agraria.pe/noticias/cuales-son-los-10-productos-agropecuarios-12372
2016-10-18,Apurímac: 11 proyectos de irrigación fortalecerán sector agropecuario,"Más de 400 hectáreas de terrenos agrícolas se incorporarán bajo riego, en beneficio de 970 familias de la zona de influencia de la mina Las Bambas.  Como parte del proceso de desarrollo de las comunidades de Challhuahuacho en la región Apurímac, el Ministerio de Agricultura y Riego (Minagri) anunció que a la brevedad pondrá en ejecución un paquete de 11 proyectos de infraestructura y riego en esa zona del país, que fortalecerán y potenciarán su actividad agropecuaria. Estas obras demandarán una inversión de S/ 8.951.051 y permitirán incorporar bajo riego más de 400 hectáreas de terrenos agrícolas, cuya mejor productividad ayudará a mejorar los ingresos de las familias dedicadas a la agricultura y ganadería de la zona y contribuir a la seguridad alimentaria. Lo ofrecido por el Minagri forma parte de un plan para llevar a cabo un total de 17 obras en Apurímac, de acuerdo con los compromisos asumidos por este portafolio en la Mesa de Desarrollo Agropecuario del distrito de Challhuahuacho (Cotabambas), asentado en el entorno de la mina Las Bambas, en un trabajo articulado con la Municipalidad Distrital de Challhuahuacho, la empresa operadora MMG Las Bambas, las comunidades campesinas y organizaciones sociales de base. En la reunión sostenida en la sede de la Municipalidad Distrital de Challhuahuacho, el Ing. Robert Camero Villasante, representante del Minagri y director de Agrorural en la región Apurímac, expuso a las autoridades del lugar cada uno de los proyectos en ejecución. Las comunidades beneficiadas serán Challachalla, Maccoracay, Suracca, Huallpamayo, Ullancani, Anchacalla, Queuña, Maccapata, Anta Anta, Molinopata, entre otras. Estas acciones demuestran el compromiso del MINAGRI, autoridades locales y la empresa privada, por la puesta en marcha de medidas de apoyo en el fomento de políticas inclusivas, sostenibles y de desarrollo integral. Estas medidas ayudarán, a su vez, a mejorar las condiciones de vida de la población y así apuntalar la paz social en esta importante zona del sur andino.",agraria.pe/agronegocios,https://agraria.pe/noticias/apurimac-11-proyectos-de-irrigacion-fortaleceran-12369
2016-10-17,Sunshine Export envía al extranjero hasta 80 contendedores de palta congelada por campaña,"Esta presentación del fruto se dirige principalmente a Norteamérica.  Si bien el mango representa largamente su principal área de negocio (especialmente fresco), para la empresa piurana Sunshine Export la palta también significa una oportunidad de crecimiento, pero en su versión congelada. Así lo comentaron conocedores de la empresa, quienes apuntaron que la palta congelada tiene como mercado casi exclusivo a Estados Unidos. “Allí se coloca un promedio de 50 a 80 contendedores. La campaña es corta, empieza en abril y termina en junio”, señalaron. Sobre los usos que se le da, refirieron que la presentación congelada permite un mejor manejo para el segmento gourmet pues permite, por ejemplo, hacer mejores cortes en las ensaladas. También va lista en trozos para la preparación de pastas. Sunshine Export trabaja con la variedad Hass y tiene presentaciones en trozos, tajadas y mitades. La empresa, nos comentan, trabaja según las condiciones de empaque que el cliente establezca.",agraria.pe/agronegocios,https://agraria.pe/noticias/sunshine-export-envia-al-extranjero-hasta-80-contendedores-d-12351
2016-10-17,"Legumbres, protagonistas de la nueva estrategia  para combatir la anemia en el país","En Perú se cultivan 13 de las 15 variedades de legumbres que existen, eso nos convierte en un productor preponderante a nivel regional.  Las legumbres son productos altamente nutritivos y en Perú existe un problema de salud pública, donde los niveles de anemia en el sector rural entre niños de 3 a 6 años supera el 50%, por lo cual es necesario incluir estos alimentos en la dieta diaria. Así lo señaló el director general de la Dirección General Agrícola del Ministerio de Agricultura y Riego (Minagri), Ángel Manero Campos, quien destacó que dicha cartera viene realizando una campaña de promoción del consumo y valoración de las legumbres. “En los últimos 5 años el Estado ha repartido más de 300 millones de sobrecitos de suplementos de fierro y eso no ha funcionado en la lucha contra la anemia, por eso muchos especialistas aconsejan que para combatir la anemia se necesita consumir más menestras”, sostuvo. Agregó que se tiene la gran oportunidad de utilizar esta riqueza productiva que tenemos (las legumbres) para aportar una solución de salud pública y en ese proceso desarrollar un mercado mucho más atractivo para los productores. “Este año, el Minagri comienza con la promoción de consumo, promoción comercial, y en general darle mayor valoración a nuestro producto y en ese proceso también entra la planificación de cultivos. Debemos tener información veraz y oportuna de cuánto se siembra… ese sistema de planificación de cultivos se está recuperando”, señaló. En ese sentido, indicó que será obligatorio que los agricultores informen sobre sus planes de cultivo y riego, pero no solo desde el lado normativo, sino concientizando al agricultor que esa información le va ser útil a él mismo pues así evita la sobre oferta, eso nos permitirá anticiparnos y hacer promoción para vender mucho más e impedir que los precios desciendan. 13 de las 15 clases de legumbres se cultivan en Perú Por otro lado, el Decano de la Facultad de Negocios de la Universidad Peruana de Ciencias Aplicadas (UPC), Jack Zilberman Fleischman, destacó que 13 de las 15 clases de legumbres que siembran en el mundo, se cultivan en Perú. “Estas 15 especies (donde destacan los garbanzos, frejoles, lentejas, arvejas y habas) destacan por su alto contenido proteico, específicamente en aquellos países donde las ingesta proteica es baja”, destacó. Agregó que “esta cadena alimenticia tan rica y que nos genera un valor tremendo debemos saber difundirla, optimizarla y enriquecerla”. Consumo per cápita de legumbres en Perú es insuficiente Por su parte, el director académico de la Carrera de Administración y Agronegocios de la UPC, Hernani Larrea, destacó que en el 2015 Perú exportó menestras (legumbres) por US$ 64 millones (287 mil toneladas). En dicho año, las menestras peruanas se dirigieron a 45 países, siendo el principal mercado destino Colombia a donde se exportó cerca del 44% del total (destacan pallares y habas), seguido de Estados Unidos y Ecuador. Manifestó que de enero a mayo del 2016 Perú exportó menestras por US$ 21 millones, reflejando un incremento de 54% respecto al mismo periodo del año pasado, lo que demuestra que el Año Internacional de las Legumbres está cumpliendo su labor, “ojala no suceda lo que pasó en el Año Internacional de la Quinua donde se promovió el cultivo, aumentaron las exportaciones y el 2015 volvió a disminuir”. Hernani Larrea señaló que en nuestro país existen 140.000 personas involucradas en el cultivo de menestras, quienes siembran 220.000 hectáreas de dichos productos. Además, agregó que el consumo per capita de menestras en Perú es 2.5 kilos y lo ideal es 12 kilos según recomendación de la Organización Mundial de la Salud (OMS). “Somos un país megadiverso, en Perú se cultivan 13 de las 15 clases de legumbres que existe, eso nos vuelve a poner en un lugar preponderante como país”, finalizó. Dato . Estas declaraciones fueron realizadas durante la Conferencia Magistral: Una cucharada de salud con legumbres, realizado por el Ministerio de Agricultura y Riego (Minagri) y la Universidad Peruana de Ciencias Aplicadas (UPC).",agraria.pe/agronegocios,https://agraria.pe/noticias/legumbres-protagonistas-de-la-nueva-estrategia-para-combatir-12348
2016-10-14,Congreso aprobó ejecución del Proyecto Especial Binacional Puyango,"Fueron 92 votos a favor y 4 abstenciones las emitidas en el Pleno del Congreso  El Pleno del Congreso de la República aprobó el proyecto de ley que declara de necesidad pública e interés nacional la ejecución del Proyecto Especial Binacional Puyango Tumbes. El congresista Bienvenido Ramírez, presidente de la Comisión Agraria y autor del Proyecto de Ley 174/2016-CR, que propuso la “Ley que declara de necesidad pública e interés nacional la Ejecución del Proyecto Especial Binacional Puyango Tumbes”, saludó la decisión y apoyo de sus colegas parlamentarios. El proyecto de ley en mención fue aprobado por mayoría con 94 votos a favor y 4 abstenciones. “Si no existe voluntad política del Poder Ejecutivo el proyecto binacional no podrá iniciar su ejecución, más aún ahora que la Ley 30359, 'Ley para la implementación de Acuerdos Binacionales entre Perú y Ecuador y ejecución del Proyecto Especial Binacional Puyango – Tumbes', en su artículo 4 establece un plazo de caducidad de 6 años para hacer los trabajos de la represa Mata Palo, caso contrario revertirá automáticamente a favor del Parque Nacional Cerros de Amotape el área correspondiente. El pueblo de Tumbes viene esperando por casi 45 años se haga realidad este proyecto y no podemos darnos el lujo de desperdiciar esta oportunidad”, dijo el legislador Ramírez. La Comisión Agraria también tomó en cuenta la opinión favorable del Ministerio de Agricultura y Riego a la respectiva iniciativa legislativa. Durante el debate del proyecto de ley, los parlamentarios Elard Melgar y Horacio Zevallos enfatizaron que la ejecución del Proyecto Especial debería priorizar el beneficio de los pequeños y medianos agricultores, propuesta que fue incluida en la respectiva fórmula legal.",agraria.pe/agronegocios,https://agraria.pe/noticias/congreso-aprobo-ejecucion-del-proyecto-especial-binacional-p-12338
2016-10-14,Perú debe evitar saturar los mercados con los nuevos proyectos de irrigación,"Empresario que es factible alcanzar la meta de duplicar las exportaciones agrícolas al 2021, pero pide acompañar ese esfuerzo con una estrategia comercial para evitar efectos adversos del incremento de producción. Apuntó al Asia como mercado con mayor potencial y destacó ventajas diferenciales del país sobre sus competidores.  Sin duda la meta del Ministerio de Agricultura de duplicar las exportaciones del sector hacia 2021 suena muy seductora, sin embargo, si el incremento en el volumen de producción que representa tal propósito no se acompaña de una estrategia de mercado, puede más bien ser un factor contraproducente. Así lo dio a entender Alejandro Fuentes, gerente general de Agrícola Don Ricardo, para quien, si bien el desafío planteado por el ministerio es factible de alcanzar, para ello se tiene que implementar 225.000 hectáreas más de cultivo y generar inversiones por US$ 3.500 millones, así como que se den sueldos adicionales a los obreros de campo por S/ 131 millones al año. “Estamos conquistando mercados con solo 140.000 hectáreas actuales (de agricultura moderna). ¿Qué pasará cuando ingresemos 200.000 hectáreas más (con los nuevos proyectos)? El rol de Senasa será clave, porque el gran error de los peruanos a futuro sería saturar los mercados y que dejen de ser rentables para nosotros y otros países”, reflexionó. En esa línea, recordó que muchos de los proyectos de irrigación ya se encuentran licitados y que a futuro se debe pensar en atender nuevas latitudes que todavía están por desarrollar como son los mercados de Asia. “El jefe del Senasa ha ido a Indonesia, Vietnam, China, Japón, que son países con potencial. Con Estados Unidos quedan pocos productos que podamos venderle con ventajas competitivas, igual con Europa. En cambio en medio oriente y todo el sudeste asiático es donde hay oportunidades para los productos peruanos, se trata de mercados menos maduros que van creciendo en consumo”, explicó el ejecutivo. Para graficar lo dicho, recordó que en el 2000 Estados Unidos era el principal mercado de Perú, un índice que hoy se ha reducido a 35%, una diferencia que se sustenta en el surgimiento de estos mercados alternativos. Impacto de la agricultura moderna Con solo 144.000 hectáreas de agricultura moderna sobre un total de 4.155.000, Fuentes remarcó que la industria ha logrado generar bienestar en las áreas rurales del país, con empleo formal que incluye pago de CTS, vacaciones y fondos de pensiones. Un movimiento de personas inconmensurable por la extensión del trabajo que implica cada campaña. Basta recordar el caso del arándano, que se tiene que cosechar baya por baya. “¿Se imaginan lo que es cosechar una hectárea de arándano en Chao que produce hasta 15 toneladas?”, preguntó. Esa nueva agricultura que hoy está presente en 18 regiones del país ha escrito historias como la de pleno empleo en Ica, La Libertad y Piura, sostuvo. Finalmente, el gerente general de Agrícola Don Ricardo, destacó la benevolencia del clima peruano, especialmente de la costa, lo que permite abastecer diversos mercados durante varios meses al año. Eso explica que Perú creciera 20% anual en la exportación de frutas y hortalizas frescas entre el 2010 y el 2015, logrando que el segmento crezca en valor 156%, algo que países como Chile o Sudáfrica, directos competidores, no pueden alcanzar. “Cuando empecé en Don Ricardo la ventana de la uva era de tres meses, hoy son prácticamente siete meses del año en que está presente en sus mercados de destino. La palta era un producto que se manejaba entre mayo y agosto, ahora empezamos en febrero y nos vamos hasta septiembre. El espárrago mismo, hace dos décadas tenía dos ventanas, hoy está presente todo el año. Eso es algo que no tiene ningún país, ni Italia, España, Colombia, es una ventaja competitiva que debemos aprovechar”, culminó.",agraria.pe/agronegocios,https://agraria.pe/noticias/peru-debe-evitar-saturar-los-mercados-con-los-nuevos-proyect-12336
2016-10-13,Estudian variedad de quinua resistente al cambio climático,"Sembrarán el grano en distintos lugares del altiplano para poder estudiarlo. Además, el INIA aplicará tecnología para mejorar la fibra de alpaca afectada por la falta de bofedales.  El cambio climático está afectando la producción de la agricultura en el altiplano. Por ciertas épocas las lluvias son más intensas o se ausentan. Para paliar sus efectos, el Instituto Nacional de Innovación Agraria (INIA) emprenderá investigaciones para identificar qué variedades de la quinua soportan las nuevas condiciones. Además, estudiarán cómo mejorar la calidad de la fibra de la alpaca ante estos eventos. “Haremos siembras (de quinua) en varias provincias para ver qué variedad soporta la lluvia, sequía y otros fenómenos climatológicos. Es una forma de prepararnos”, precisó el coordinador e investigador de recursos genéticos del INIA, Policarpo Catacora Ccama. En la actualidad, de las nueve variedades de quinua, tiene preferencia la “Altiplano” y ""Salcedo”. Esto puede cambiar de acuerdo a lo que arroje el trabajo de campo. Catacora dijo que el trabajo se hará en coordinación con las 25 asociaciones productoras de quinua de toda la región. Mejorarán fibra de alpaca El estudio también abarcará la crianza de alpacas. Estos camélidos se alimentan por lo general de bofedales, pero por las modificaciones climatológicas tienen que movilizarse por otras latitudes para conseguir estas plantaciones. Por ello, su alimentación influye en la calidad de micras de su fibra. El titular del INIA en Puno, Eduardo Charaja, dijo que para mejorar la fibra se aplicará, previa evaluación, tres tecnologías. La del empadre controlado, la de inseminación artificial con semen fresco y la trasferencia de embriones. Actualmente la población de alpacas supera el millón y medio. Estos proyectos tienen un fondo de S/ 6.283.824 que provienen del Banco Interamericano de Desarrollo y Banco Mundial. Además se coordinarán los trabajos con el Programa Nacional de Innovación Agraria (PNIA) del INIA. Fuente: La República",agraria.pe/agronegocios,https://agraria.pe/noticias/estudian-variedad-de-quinua-resistente-al-cambio-climatico-12327
2016-10-13,“El éxito de la agroexportación no es solo de un grupo de pudientes empresarios”,"Funcionario destacó el rol de los medianos y pequeños productores de la sierra y selva, cuyos productos amplían y potencian el portafolio de alimentos que Perú ofrece al mundo.  En un ámbito de crecimiento tan importante como el agroexportador, no es extraño que existan siempre voces críticas que traten de encontrarle algún defecto o falencia. De hecho, uno de los discursos que se ha pretendido instalar es el de que el gran ‘boom’ por los alimentos peruanos en el mundo solo beneficia a los grandes agroexportadores de la costa. Fernando Cillóniz, gobernador regional de Ica, desmiente esa versión. Señala que si bien existen críticos de la industria que no lo reconocen, el mérito del crecimiento no es solo de nuestra zona costera sino de la sierra y de la selva. “Dicen que esto es mérito solo de un grupo de pudientes empresarios agroexportadores, nada más falso. Detrás de este éxito está el cacao, café, palmito, quinua, maíz gigante del Cusco, palta y las flores de sierra. Es verdad que nuestra costa está presente pero también lo están los medianos agricultores y los parceleros”, aclaró. Agregó como ejemplo que el éxito del banano orgánico corresponde a la pequeña agricultura, un segmento que cada vez se trepa más al tren de las agroexportaciones junto a las medianas y grandes empresas del rubro. Por ello, la autoridad regional consideró que estamos ante “el mejor proceso socioeconómico que jamás haya emprendido el país en afán de reducir la pobreza y generar empleo formal”. Cillóniz ensalzó el camino que siguió el sector agropecuario en los últimos 15 años y sostuvo que el surgimiento de esta industria es reconocido a nivel mundial. “Somos el segundo sector exportador del país, algo que hace unos años nadie imaginaría”, apuntó, añadiendo que el agropecuario exporta más que los rubros de gas y petróleo y que toda la industria pesquera y manufacturera. En esa línea, recordó que el año pasado las agroexportaciones superaron los US$ 5.000 millones, demostrando una gran fuerza de crecimiento mientras otros sectores se debaten en crisis. Finalmente, auguró que este este año el país volverá a crecer en este negocio como lo viene haciendo desde hace 25 años, sin embargo, es consciente del gran desafío que el éxito plantea hacia el futuro: “El problema es que el futuro va a ser más bravo, el paso fue fácil porque se creció de una base baja. Duplicar US$ 1.000 millones es fácil, pero duplicar US$ 5.000 millones son palabras mayores”.",agraria.pe/agronegocios,https://agraria.pe/noticias/el-exito-de-la-agroexportacion-no-es-solo-de-un-12322
2016-10-11,Organizan taller internacional de seguridad alimentaria frente al cambio climático,"Especialistas de diversas disciplinas tanto nacionales como extranjeros plantearán alternativas para enfrentar los desafíos de la coyuntura agropecuaria a nivel local y global.  Para discutir sobre cómo enfrentar los retos que plantea el cambio climático a la agricultura, expandir la sensibilización y concientización sobre los riesgos y efectos del uso de agroquímicos, y la creación de redes de trabajo para el desarrollo de productos de investigación, se desarrollará del 24 al 27 de octubre el 1er Taller Internacional de Seguridad Alimentaria y Sanitaria: Una combinación para afrontar los riesgos emergentes en un entorno desafiante. El evento, que organizan Cienciativa y la Universidad Nacional Agraria La Molina (en cuya sede se desarrollará), buscará vincular a la seguridad alimentaria y sanitaria mediante un enfoque multidisciplinario. Para este fin llegarán expertos de instituciones de investigación agrícola, educativa y de salud de España, Portugal, Holanda, Inglaterra, Estados Unidos, México y Perú. Ellos darán a conocer los últimos avances científicos sobre el mejoramiento de cultivos, manejo integrado de plagas, monitoreo de riesgos agrícolas y la repercusión del uso de agroquímicos en el ambiente así como sus efectos sobre la salud humana (como el desarrollo de neoplasias y disminución de fertilidad). De acuerdo a los organizadores, el taller está dirigido especialmente a profesionales de diversas disciplinas como agricultura, medicina, educación y salud, interesados en la actualización de conocimientos y enfoques para afrontar los nuevos retos de la agricultura mundial. Asimismo, será la ocasión para plantear la mejora de las cadenas de suministro de cultivos y medios de vida rurales. Entre los expertos internacionales que participarán destacan Fernando Carvalho (Universidad de Lisboa, Portugal), quien disertará sobre la protección y vigilancia radiológica del ambiente y monitoreo de contaminantes orgánicos, entre otros; Carlos Guzmán (CIMMYT, México), quien abordará el tratamiento, procesamiento y calidad nutricional del germoplasma de trigo. También participarán Sally W. Mallari (Management Sciences for Health, Filipinas), Martin Parry (Universidad de Lancaster, Reino Unido), Huub Stoetzer (Universidad Agrícola de Wageningen, Países Bajos) y Raúl Villanueva (Universidad de Kentuky, Estados Unidos). Dato .Para mayor información sobre el taller, puede ingresar al siguiente link: http://www.lamolina.edu.pe/eventos/agronomia/2016/food_health_Security_workshop/esp/resumenes.htm",agraria.pe/agronegocios,https://agraria.pe/noticias/organizan-taller-internacional-de-seguridad-alimentaria-fren-12307
2016-10-11,"Ica, la región que pasó de exportar alimentos por US$ 48 millones a US$ 800 millones en 15 años","Productores y especialistas destacan el potencial de crecimiento de esta región del país así como su diversificación productiva.  De acuerdo a cifras de la Asociación de Exportadores (ADEX), entre enero y julio de este año, Ica alcanzó los US$ 507.610.749 en exportaciones de alimentos. Solo la superan Lima (US$ 770.603.657) y Piura (US$ 509.917.935). Un crecimiento que refrenda una proyección ascendente vertiginosa: la región pasó de exportar US$ 48 millones en el 2000 a US$ 800 millones en el 2015. “El potencial de Ica es impresionante. Estamos posicionados en los cultivos de espárragos y uvas, pero comienzan a abrirse oportunidades con otros productos, como los arándanos por ejemplo”, comenta Salvador Garcés, gerente de ventas de Agrícola Don Ricardo. Según diversos especialistas, Ica es una región rica para la producción de frutas y resalta por condiciones de calidad superiores a otras zonas del país pues el clima permite que las frutas acumulen la cantidad suficiente de azúcares y que el producto gane una mejor presentación. De acuerdo con data del Ministerio de Agricultura y Riego (Riego), Ica representa actualmente más del 38% de la producción agroexportadora de frutas y hortalizas del país. Espárragos y uvas son sus principales productos exportables. Además, esta región es una importante zona productora de cítricos, mangos, granadas, paltas, cebollas y arándanos, con gran demanda en los mercados internacionales. Mercedes Auris, gerente comercial de Vivero Los Viñedos, apunta que hay grandes fundos de Ica en los que pequeños empresarios agrarios ya desean profundizar sus conocimientos sobre los mercados internacionales estratégicos para la región. “Muchos están alineándose a las buenas prácticas de la agricultura moderna y a las exigencias internacionales, fundamentales para su crecimiento”, observa. Infraestructura El conocimiento del mercado mundial de frutas y hortalizas es crítico para alinear la tendencia de los productos agrarios de Ica con los requerimientos fitosanitarios y certificaciones de exportación, explica por su parte Octavio Bachmann, gerente de administración de Agrícola La Joya. Esta necesidad, sin embargo, se enfrenta a una problemática de falta de infraestructura para un mayor desarrollo de la agricultura iqueña de exportación, especialmente en cuanto al abastecimiento de agua. Proyecciones En cuanto al futuro, las proyecciones son de recuperación luego de un 2015 afectado por el Fenómeno El Niño. Salvador Garcés considera que hay que considerar la apertura de mercados externos nuevos como el de arándanos a China y de cítricos a Estados Unidos. “En 2015, El Niño tuvo un impacto importante en el rendimiento de los cultivos, pero se espera que este año, al normalizarse la temperatura y con un aumento de la demanda internacional, tengamos un incremento de las agroexportaciones”, refiere. Destaca además que el trabajo de promoción realizado por los organismos gubernamentales peruanos los últimos años ha sido un gran apoyo para lograr una mayor preferencia de mercados como China, Estados Unidos y Europa por las frutas y hortalizas peruanas. En tanto, Octavio Bachmann sostiene que este año se está registrando un crecimiento ascendente de la exportación de uva de mesa, arándanos y espárragos, principalmente hacia Estados Unidos y Asia. “Las perspectivas para el sector agroexportador son alentadoras, con mercados interesantes que están permitiendo el ingreso de más productos peruanos”, explica. Las estadísticas del Servicio Nacional de Sanidad Agraria (Senasa) señalan que en la reciente campaña (agosto 2015-julio 2016), la región Ica fue la primera exportadora de uva de mesa a escala nacional con un volumen de envíos de 140.000 toneladas, seguida de Piura y Lambayeque con 100.000 y 25.000 toneladas, respectivamente. Fuente: elperuano.com.pe",agraria.pe/agronegocios,https://agraria.pe/noticias/ica-la-region-que-paso-de-exportar-alimentos-por-12303
2016-10-11,Granada peruana tiene oportunidades en Estados Unidos ante caída de producción en ese país,"La demanda de granada fresca en Estados Unidos ha tenido un fuerte crecimiento en la última década, en el 2015 alcanzó un valor de más de US$ 122 millones, representando un incremento de casi el 2% respecto al año anterior.  La cosecha de granada del estado de California (Estados Unidos) probablemente será de 10% a 15% menos que el año pasado, por lo que Perú tiene la gran oportunidad de cubrir la creciente demanda existente debido a la escasez de este producto en dicho mercado, afirmó la Ocex del país en Washington D.C. Otra ventaja importante para los exportadores peruanos radica en la sincronización del suministro de granada a Estados Unidos. La cosecha de granada peruana se realiza durante los meses de marzo hasta fines de mayo, en comparación con la estadounidense que va de octubre a enero, adquiriendo una alta oportunidad para los exportadores peruanos de proveer a un mercado que carecería de suficiente producto. Expectativas El acceso, aprobado en junio por el Departamento de Agricultura de Estados Unidos (USDA), a través de un arduo proceso de certificación del Servicio de Salud en Plantas y Animales (APHIS), para la importación de la granada procedente de Perú, ha generado nuevas expectativas e interesantes oportunidades para la exportación de esa fruta, tanto fresca como en presentaciones con valor agregado. El acceso logrado al mercado más grande de granada del mundo abrirá nuevas puertas para los exportadores peruanos, y apoyará el incremento de la oferta exportable no tradicional, indica la Ocex. La demanda de granada fresca en Estados Unidos ha tenido un fuerte crecimiento en la última década: en el 2015 alcanzó un valor de más de US$ 122 millones, según datos de la Comisión Internacional de Comercio de ese país, representando un incremento de casi 2% respecto al año anterior. Además, las granadas están atrayendo cada vez mayor interés, ya que los consumidores estadounidenses ven este alimento como una “superfruta”, debido a sus altos beneficios para la salud y sus valores nutricionales. La granada es considerada como el antioxidante más poderoso de todas las frutas, y que además proporciona altos efectos inmunológicos. También ayuda a reducir el colesterol, disminuye la presión arterial y es un buen tratamiento natural contra enfermedades como el cáncer. Competencia Desde el 2013 la India ha sido el mayor productor de granada en el mundo y uno de los mayores exportadores de granadas frescas y procesadas, produciendo más de 745.000 toneladas el último año. Irán es el segundo productor mundial, seguido de China. En Estados Unidos, California domina la cosecha de la granada, suministrando un promedio del 90% de la producción doméstica. Sin embargo, la sequía en California durante los últimos cinco años ha generado cambios en cuanto a los principales productos cultivados, dejando los productores de lado frutas como la granada y centrándose en otros alimentos que resultan menos intensivos en el uso del agua como el pistacho y la almendra, por los cuales también se pagan precios altos. Por eso, la producción estadounidense de la granada ha caído drásticamente, dejando al público en búsqueda de proveedores. Considerando las enormes expectativas que genera la aprobación del acceso de la granada fresca peruana al mercado estadounidense, es importante que los productores no solo traten de exportar esta fruta fresca sino que diversifiquen su oferta con productos fabricados a base de esta fruta con valor agregado. Ello les podría ayudar a incursionar en nuevos mercados y mejorar su posicionamiento en un país que representa, en la actualidad, el mayor mercado de granada del mundo. Fuente: Gestión",agraria.pe/agronegocios,https://agraria.pe/noticias/granada-peruana-tiene-oportunidades-en-estados-12301
2016-10-10,Agrobanco proyecta colocaciones por S/ 100 millones en Piura al cierre del año,"La entidad financiera atiende en la región Piura a 220 productores bananeros, cuyas colocaciones suman S/ 9 millones.  Al cierre del presente año, el Banco Agropecuario ((Agrobanco) proyecta realizar colocaciones por S/ 100 millones en la región de Piura, con lo que se atendería 2.405 créditos. Actualmente, el saldo de colocaciones con recursos propios de la entidad financiera en dicha región llega a S/ 95 millones y un total de 2.290 créditos, financiando una variedad de cultivos como arroz, uva de mesa, algodón, banano orgánico, limón, mango, maíz amarillo duro, café, frutales, engorde para ganado y maquina agrícola. Impulso a la asociatividad En ese sentido, Agrobanco dinamizará el financiamiento del cultivo de banano orgánico, café, cacao y arroz en Piura, a través de la entrega de créditos a pequeños y medianos productores asociados y articulados al mercado y que cuenten con productividad demostrada. El crédito que se otorgue para este fin, complementará las acciones de promoción de la asociatividad y asistencia técnica orientadas a elevar la producción y competitividad, en coordinación con el Gobierno Regional, Dirección Regional Agraria, Gobiernos Locales, Agroideas y otras instancias. En el caso del banano orgánico se trata de un producto con crecimiento sostenido en el país y el aporte financiero es importante para lograr que, en la producción y los beneficios de la exportación, participen pequeños productores asociados para lo cual Agrobanco tiene las directivas de crédito adecuadas, señaló la entidad. Agrobanco atiende en la región Piura a 220 productores bananeros y cuyas colocaciones por este producto suman S/ 9 millones y proyecta incrementar estas cifras con énfasis en los pequeños productores organizados. La cartera actual de banano orgánico de Agrobanco a nivel nacional, llega a 850 créditos con un saldo de colocaciones de S/ 18 millones que corresponden a proyectos financiados en Piura, Tumbes, Lima, Lambayeque y La Libertad. De acuerdo a cifras oficiales, las exportaciones de banano orgánico, al cierre de agosto, suman 136.000 TM. En el 2015 se exportaron 190.000 TM, dirigidos a Estados Unidos, Holanda, Alemania, Bélgica, Corea, Finlandia y Japón. Dato . En la Región Piura, Agrobanco tiene oficinas en las ciudades de Piura, Sullana, Chulucanas, Tambogrande y La Unión.",agraria.pe/agronegocios,https://agraria.pe/noticias/agrobanco-proyecta-colocaciones-por-s-100-12287
2016-10-10,BASF: Venta de agroquímicos crecerá con desarrollo de próximos proyectos de irrigación,"Olmos, Majes Siguas e Ica están en la mira de este mercado. Actualmente el rubro de agroquímicos en el país está valorizado en US$ 200 millones con expectativas de crecimiento sostenido.  La concreción de los próximos grandes proyectos de irrigación representa una oportunidad de crecimiento expectante para múltiples industrias, entre ellas la de los agroquímicos. Así lo reconoció Jorge Soriano, gerente de ventas de la Unidad de Protección de Cultivos de BASF, para quien el crecimiento de este rubro puede ser exponencial en el futuro próximo. “Nuestro potencial de crecimiento está dado básicamente por el crecimiento de áreas de cultivo. El proyecto Olmos en dos o tres años debe tener 38.000 hectáreas implementadas y eso para nosotros significa un mercado creciente de uva de mesa, palta, arándanos, hortalizas menores como pimientos y alcachofas que se planea desarrollar ahí. Luego está Majes Siguas que debe operan en cinco o seis años, y otros proyectos como Ica con el trasvase de agua de Huancavelica. Ahí estamos enfocados para crecer”, declaró para Agraria.pe. El ejecutivo recodó que, de acuerdo a la data de importaciones, el negocio de los agroquímicos en Perú alcanza hoy los US$ 200 millones, un índice modesto comparado con un mercado como Brasil que llega a los US$ 5.000 millones, pero que se muestra atractivo por su constante crecimiento durante la última década. “A pesar de ser pequeños, somos atractivos para la región”, refirió. En cuanto al mercado de mayor peso en el país, Soriano apuntó que la uva de mesa significa para BASF una buena participación, especialmente por la necesidad de los productores del control de oídio, que es la principal enfermedad del cultivo. Sin embargo, también destacan las soluciones para el control de hongos en arroz y los biofertilizantes para quinua. Esto, sin dejar de lado los cultivos que no están destinados a la exportación sino al consumo local. “Así como tenemos portafolio para uva de mesa, palta, alcachofa, pimiento y espárrago, lo tenemos para papa, arroz, manzanos, quinua, cacao y café. Conforme vemos las necesidades del mercado pedimos la autorización al Senasa para traer las soluciones”. En general, resaltó que la empresa se encuentra entre las cinco más importantes en el país en cuanto a la importación de agroquímicos. El portafolio de soluciones viene todo importado de diferentes orígenes: Estados Unidos, Europa (especialmente Alemania, que es la casa matriz) y recientemente Brasil, que distribuye para toda la región sudamericana. En otro momento, el vocero de la Unidad de Protección de Cultivos de BASF explicó que sus productos se canalizan por dos vías principales. Una es la comercialización directa con clientes grandes como Camposol y otra, mayoritaria, es a través de distribuidores reconocidos, siempre buscando que se encuentren en las zonas de desarrollos de cultivos. Finalmente, Soriano proyectó que el próximo año BASF crecería en el rubro de agroquímicos por encima del PBI agrícola, agregando que empezarán a desarrollar una línea de salud vinculada al agro con soluciones de control de hormigas, moscas y cucarachas en zonas de packing, centros de producción y galpones de aves.",agraria.pe/agronegocios,https://agraria.pe/noticias/basf-venta-de-agroquimicos-crecera-con-desarrollo-de-proximo-12282
2016-10-10,MacroPlastics: “25% de nuestras ventas en Latinoamérica se realizan en Perú”,"En lo que va del año empresa ya duplicó sus ventas en nuestro país en relación al 2015 y espera que el próximo año duplique lo alcanzado el 2016.  MacroPlastics, empresa líder a nivel mundial en la fabricación de macro bines para cosecha mecanizada hortofrutícola, está presente en Latinoamérica y Perú no es la excepción. La empresa cuenta con tres fábricas en Estados Unidos (California, Washington y Kentucky) desde donde envían sus productos innovadores, los cuales se adaptan a las necesidades específicas de cada cultivo. Así lo señaló el gerente regional de Sudamérica de la empresa, Esteban Becerra, quien indicó que los principales mercados destinos en Latinoamérica son México y Perú. Nuestro país representa el 25% de las ventas totales de la empresa en la región. “El año pasado, MacroPlastics celebró su año de mayor facturación (la empresa cuenta con 30 años en el mercado) y la razón principal de ese éxito es al crecimiento de la empresa en Latinoamérica, principalmente de Perú y México, quienes crecen a un ritmo más acelerado que otros países”, sostuvo. Destacó que en lo que va del presente año (enero-setiembre) la empresa ya vendió en Perú el doble que en todo el 2015 y proyectan que en el 2017 puedan duplicar lo que se venda este año debido a los nuevos modelos que han presentado en la feria Expoalimentaria 2016. El año pasado la empresa vendió en Perú alrededor de 20.000 unidades de bines y este año (enero-setiembre) van alrededor de 40.000. Reducen mano de obra Esteban Becerra, destacó que MacroPlastics fabrica bines para el sector agro (para paltos, mandarinas, entre otros), ganadería, pesca y la industria (como uva vinera). Los bines son de alta tecnología y calidad debido a que son elaborados con polipropileno. “Gran porcentaje de la agroindustria de Perú usa jabas cosecheras que son ineficientes, ya que requiere mucha mano de obra y genera mucho impacto en el producto. En países vecinos como Chile a nadie se le ocurre usar jabas cosecheras porque el costo de mano de obra es muy alto, la tendencia en un futuro en Perú es mecanizar la producción, mejorar la cosecha y post cosecha de los productos y nosotros estamos ofreciendo esa alternativa”, comentó. Dato . En la feria Expoalimentaria, la empresa presentó el “Macro Bin Shipper” , que es un bin que permite optimizar el almacenamiento (logística) ya que es armable y se puede colocar uno sobre otro ahorrando espacio.",agraria.pe/agronegocios,https://agraria.pe/noticias/macroplastics-25-de-nuestras-ventas-en-latinoamerica-se-real-12281
2016-10-07,Agroexportaciones peruanas crecieron 5.4% durante enero-agosto del presente año,"En los primeros ocho meses del año, agroexportaciones sumaron US$ 2.904.173.985, solo en agosto ascendieron a US$ 500 millones.  Durante el periodo enero-agosto del presente año, las agroexportaciones peruanas sumaron 3.062.000.000, lo que representó un crecimiento de 5.43% en comparación a los US$ 2.904.173.985 alcanzados en similar periodo del año anterior, señaló la Sociedad Peruana de Comercio Exterior (ComexPerú). El gremio exportador detalló que del total despachado en los primero ocho meses del 2016, los despachos agrícolas (Tradicional) sumaron US$ 350.000.000, mostrando un aumento de 24.4% frente a los US$ 281.350.000 obtenidos en igual periodo del 2015. Por su parte, los envíos agropecuarios y/o agroindustriales (No Tradicional) durante enero y agosto del presente año ascendieron a US$ 2.712.000.000, registrando un incremento de 3.4% frente a los US$ 2.622.823.985 alcanzados el mismo periodo del año anterior. Los principales productos agropecuarios y/o agroindustriales exportados en los primeros ocho meses del 2016 fueron las paltas frescas o secas con US$ 368 millones, mostrando un alza de 24.2%, espárragos frescos o refrigerados US$ 221 millones (-2.3%), cacao en grano, entero o partido, crudo con US$ 114 millones (-3%) y demás clementinas, wilkings e híbridos similares de cítricos frescos o secos US$ 59 millones (+97.6%). Solo agosto ComexPerú indicó que solo en el mes de agosto de este año las agroexportaciones sumaron US$ 500 millones. De este total, los despachos agrícolas representaron US$ 126 millones (+55.7% en comparación a agosto del 2015) y los envíos agropecuarios y/o agroindustriales fueron de US$ 374 millones (15.7%). En el mes analizado, los espárragos frescos o refrigerados fueron los principales envíos agropecuarios y/o agroindustriales (No Tradicional). Le siguen las paltas frescas o secas US$ 39 millones (9.5%), cacao en grano, entero o partido, crudo US$ 28 millones (3.7%) y demás clementinas, wilkings e híbridos similares de cítricos frescos o secos US$ 26 millones (115.6%).",agraria.pe/agronegocios,https://agraria.pe/noticias/agroexportaciones-peruanas-crecieron-54-durante-12271
2016-10-06,Exportación de uva por parte de Piura crecería hasta 23% en volumen en campaña 2016/2017,"Con el inicio de la campaña de exportación (este mes), se han intensificado las acciones de certificación fitosanitaria de los lugares de producción.  En la campaña 2016/2017, la región de Piura proyecta exportar hasta 120.000 toneladas de uva de mesa, lo que representaría un incremento de 23% respecto a las 97.661 toneladas despachadas en la campaña anterior (2015/2016). Así lo señaló el Servicio Nacional de Sanidad Agraria (Senasa), que destacó que la principal variedad de uva que exporta Piura es la Red Globe, que representa el 60% de la producción total. Además, destacó que la producción de las variedades Crimson Seedless y Sugraone también viene creciendo debido a la demanda del mercado internacional. El Senasa, indicó que los principales mercados destinos para la uva de mesa procedente en Piura son Corea del Sur, Taiwán, Indonesia, Tailandia y Estados Unidos. Certifican lugares de producción de uva de exportación En otro momento, manifestó que con el inicio de la campaña de exportación de uva (comienza este mes), se han intensificado las acciones de certificación fitosanitaria de los lugares de producción a cargo del Senasa. Los especialistas inspeccionan los campos de cultivo y verifican el cumplimiento de las medidas fitosanitarias para asegurar un producto inocuo y de buena calidad. La mayoría de los campos de uva se ubican en el medio Piura y superan las 6.000 hectáreas. Dato . Piura es la segunda región productora de uva del Perú, después de Ica.",agraria.pe/agronegocios,https://agraria.pe/noticias/exportacion-de-uva-por-parte-de-piura-creceria-12263
2016-10-05,Cultivo de banano tiene baja productividad en Piura,"Rendimiento actual en promedio se encuentra entre 1.200 y 1.400 cajas por hectárea al año y se busca alcanzar entre 2.000 a 2.500 cajas.  Existe una baja productividad en el cultivo del banano en Piura, con rendimientos entre 1.200 y 1.400 cajas por hectárea al año, señaló el director regional de Agricultura de Piura, Ing. Mario Laberry Saavedra. El funcionario señaló que por ello se espera que con las parcelas demostrativas y Escuelas de Campo (ECA) se les enseñe a los productores cómo mantener la productividad y llegar a un promedio de 2.000 a 2.500 cajas/ha/año; cifra que es alcanzable, pues hay productores en la región que llegan a 3.000 cajas/ha/año. Asimismo, dijo que se viene implementando el Proyecto de Inversión Pública (PIP) “Mejoramiento de la competitividad de la cadena productiva del banano orgánico para mejorar la oferta exportable en la Región Piura”, el cual tiene un avance del 36% en su ejecución. El coordinador del PIP del Banano Orgánico, Axel Herrera Seminario, señaló que se han instalado 12 parcelas demostrativas para evaluar el crecimiento y desarrollo fenológico del cultivo del banano variedad Williams y se implementó un sistema de monitoreo, vigilancia y alerta de plagas en el banano, para lo cual se instaló una red de 10 estaciones agrometeorológicas. Este sistema se articula para prevenir el establecimiento de plagas en el cultivo a partir del pronóstico de condiciones climatológicas favorables para su desarrollo, detectar tempranamente e identificar la presencia de plagas en campo, y desarrollar medidas de control que minimicen los daños en el cultivo. Axel Herrera aseguró que en el PIP del Banano Orgánico se han realizado hasta el momento 273 cursos talleres de capacitación en Buenas Prácticas Agrícolas orgánicas, se realizaron visitas técnicas a 2.360 productores y se capacitó a 6.537 productores. Precisó que han instalado 162 ECA con la participación de más de 2.000 agricultores, las cuales son una alternativa para la capacitación de personas en zonas rurales y que conllevan profundos cambios en la concepción del desarrollo. Dato . El PIP del Banano Orgánico se ejecuta a través de seis componentes, contando con un presupuesto de S/ 9.7 millones y su ámbito de ejecución comprende Querecotillo, Salitral, Bellavista, Marcavelica, Ignacio Escudero, Miguel Checa (Sullana), Tambogrande (Piura), Chulucanas, Buenos Aires, Batanes, Carrasquillo, Morropón, La Matanza (Morropón), Pueblo Nuevo de Colán, La Huaca, Macacará y El Arenal (Paita). Fuente: walac.pe",agraria.pe/agronegocios,https://agraria.pe/noticias/cultivo-de-banano-tiene-baja-productividad-en-piura-12256
2016-10-05,Perú produce el 0.79% de los cítricos a nivel mundial,"Nuestro país es el segundo productor de mandarinas del Hemisferio Sur, después de Brasil, y también es el segundo exportador de mandarinas luego de Sudáfrica.  La producción mundial de cítricos asciende a 136.3 millones de toneladas, de las cuales 72.5 millones de TM corresponden a naranjas (53% del total), 28.6 millones TM son mandarinas (21%), 15 millones TM son limas y limones (11%), 8.2 millones TM son toronjas (6%) y 12 millones TM corresponden a otros cítricos (9%). Así lo señaló el gerente general de la Asociación de Productores de Cítricos del Perú (ProCitrus), Sergio del Castillo Valderrama, quien indicó que el principal productor de cítricos en el mundo es China, que produce 32 millones de toneladas, representando el 24% global. Le siguen Brasil con 19.7 millones TM y Estados Unidos con 10.5 millones TM. Otros principales productores son India, México, España, Egipto, Turquía, Sudáfrica, Argentina y Perú. Al respecto, destacó que nuestro país produce 1.07 millones de toneladas, lo que representa el 0.79% de la producción mundial de cítricos. Solo Hemisferio Sur Del Castillo indicó que si nos referimos solo al Hemisferio Sur, Brasil es el principal productor de cítricos con sus 19.7 millones de toneladas, de los cuales 17.55 millones TM son naranjas, 940 mil TM mandarinas, 1.17 millones TM de limas y limones y 80 mil TM de toronjas. Le sigue Sudáfrica con sus 2.47 millones de toneladas de cítricos, de ellos 1.61 millones de toneladas corresponden a naranjas, 160 mil toneladas a mandarinas, 240 mil toneladas a limas y limones, 450 mil toneladas a toronjas y 10 mil toneladas de otros cítricos. Por su parte, Argentina produce 2.24 millones de toneladas cítricos, de esta cifra 600 mil toneladas son naranjas, 250 mil toneladas son mandarinas, 1.33 millones de toneladas de limas y limones y 60 mil toneladas de toronjas. Mientras que Perú produce 1.07 millones de toneladas de cítricos de los cuales 450 mil toneladas corresponden a naranjas, 300 mil toneladas a mandarinas, 260 mil toneladas a limas y limones, 10 mil toneladas de toronjas y 6 mil toneladas de otros cítricos. “Como se observa, Perú es el segundo productor de mandarinas del Hemisferio Sur, después de Brasil”, destacó el gerente general de ProCitrus. Comercio mundial En otro momento, Del Castillo señaló que en el 2015 se comercializó a nivel mundial más de 16 millones de toneladas de cítricos, siendo los principales exportadores España, Sudáfrica, Turquía, Egipto y China, quienes representan el 60% de este comercio. Le siguen Estados Unidos, México y Marruecos. Detalló que de las 16 millones de toneladas comercializadas a nivel mundial el 2015, el 82% corresponden a exportaciones de países del Hemisferio Norte y el 18% corresponden a países del Hemisferio Sur. Tendencia en los últimos 10 años El vocero agregó que el comercio exportador de cítricos en el mundo ha aumentado 6% los últimos 10 años, en ese mismo periodo las naranjas crecieron 3%, las mandarinas 8% y las limas y limones 12%. “Las exportaciones de mandarinas desde el Hemisferio Sur se han incrementado 22% en los últimos 5 años. El Perú hoy es el segundo exportador luego de Sudáfrica, habiendo incrementado en 47% sus exportaciones en dicho período”, sostuvo. Evolución de las exportaciones peruana En ese sentido, detalló que las exportaciones de cítricos del Perú han crecido en los últimos 10 años casi 300%: de 30.067 toneladas en el 2005 pasó a 115.123 toneladas en el 2015. En valor pasaron de US$ 19 millones a US$ 122 millones. Estados Unidos es el principal destino de las exportaciones de cítricos de Perú, a donde se dirige 29.5% del total, le sigue el Reino Unido (23.5%), Holanda (17.9%), Canadá (9.1%), Ecuador (3.3%), Irlanda (3.3%), Chile (2.8%), Rusia (2.8%), Colombia (1.3%), China (1.1%), otros (5.3%).",agraria.pe/agronegocios,https://agraria.pe/noticias/peru-produce-el-079-de-los-citricos-a-nivel-12252
2016-10-04,“La Tiendecita Andina” impresionó a delegaciones extranjeras del APEC,"Productos innovadores y “Ready to eat” (listos para comer) sobresalieron.  Durante los 12 días que se realizó el Foro de Cooperación Económica Asia-Pacífico (APEC) en la ciudad de Piura, los diferentes productos innovadores y ‘Ready to eat’ (Listos para comer) que exhibió “La Tiendecita Andina”, causaron sensación e impresionaron por sus modernos empaques a las delegaciones extranjeras que se congregaron en el Hotel Río Verde para discutir acerca de la seguridad alimentaria en el mundo frente al cambio climático. El Ministro de Agricultura de Filipinas, Emmanuel Pinol; la representante del sector Agricultura de Indonesia, Linda Purwainingrat y el embajador de Indonesia en Lima, Maenir Ari Soenanpa, visitaron el exitoso módulo promovido por Sierra y Selva Exportadora y mostraron su interés por los más de 40 productos procesados e industrializados que la Tiendecita Andina presentó durante las plenarias descentralizadas de APEC en la llamada ‘ciudad del eterno calor’. “Importantes autoridades de países asiáticos mostraron interés en tomar contacto con las organizaciones y empresas productoras que participan en La Tiendecita Andina, para evaluar posibles negociaciones”, informó Sierra y Selva Exportadora. Por su parte, los ilustres visitantes resaltaron el trabajo de inclusión productiva e innovadora que promueve la entidad pública, al brindar a los pequeños productores, así como a las pequeñas y medianas empresas piuranas, la oportunidad de poner en vitrina a través de este canal de ventas, sus innovadores productos naturales y saludables que fueron conocidos por las delegaciones de 21 economías que forman parte de este importante bloque. Además de la visita de extranjeros, La Tiendecita Andina también fue visitada por el Ministro de Agricultura, José Hernández Calderón y el Gobernador Regional de Piura, Reynaldo Hilbck Guzmán, quienes destacaron la importancia de este espacio que permite mostrar y apoyar la inserción de pequeños productores organizados a nuevos mercados. Entre los productos elaborados a base de frutas que llamaron la atención de los extranjeros estuvieron las bebidas de arándano, frambuesa, sauco, maracuyá y mango; también los elaborados con maca y el llamado ‘grano de oro’ de los incas: la quinua. La infusión de limón, chocolates a base de cacao, panela, miel y algarrobina fueron los productos piuranos que tuvieron más aceptación entre los extranjeros. “Esta presentación durante la realización de la APEC, ha permitido no solo mostrar y atraer la atención de los visitantes, sino también medir la fuerza del producto entre consumidores extranjeros que de por sí tienen diferentes gustos y costumbres”, señaló la entidad. Dato . Debido a la gran aceptación de la Tiendecita Andina en APEC Piura 2016 como del público piurano que acude los fines de semana al C.C. Open Plaza, la oficina descentralizada de Sierra y Selva Exportadora, anunció que desde esta semana, este canal de ventas y exhibición estará de manera permanente en su sede institucional de Piura, sito en Av. Las Carolinas H1 13 - Urb. Miraflores – Castilla.",agraria.pe/agronegocios,https://agraria.pe/noticias/la-tiendecita-andina-impresiono-a-delegaciones-extranjeras-d-12249
2016-10-03,Dominus evalúa  producir mangos orgánicos,"La empresa proyecta exportar 550 contenedores de mango en la campaña 2016/2017, lo que representaría un incremento de 32% respecto a la campaña anterior.  La empresa Dominus evalúa producir mangos orgánicos, para lo cual instalaría 70 hectáreas de dicho producto en la zona de Malingas (Piura), señaló su gerente general, Víctor Morales. Destacó que con dicha medida se busca diferenciar el producto en su línea de producto fresco como el de congelados. El mango orgánico se despacharía a Estados Unidos y Europa, principalmente. “Este año tenemos dos agricultores asociados con los cuales vamos a trabajar su producción para ir haciéndonos conocidos en esta nueva línea de negocio para la compañía y con eso poder ir en forma segura a la siembra de productos orgánicos”, comentó. Despachos de mango crecerían 32% En otro momento, Víctor Morales destacó que para la campaña de mango 2016/2017 su representada exportaría 550 contenedores de dicha fruta (de 23 toneladas cada contenedor), lo que significaría un incremento de 32% en comparación a los 416 contenedores despachados en la campaña anterior (2015/2016). Detalló que la empresa tiene 120 hectáreas propias de mango en la provincia de Tambo Grande (Piura), los cuales están en plena producción. Además cuentan con agricultores asociados quienes concentran alrededor de 600 hectáreas en los valles de Piura, Jayanca, Motupe y Casma, lo cual le permite a la empresa tener oferta durante toda la ventana comercial que se inicia en noviembre y culmina a fines de marzo. Morales señaló que este importante crecimiento que se registraría en los despachos de la campaña 2016/2017 se debería a la compra del fundo propio, la incorporación de 20 nuevos agricultores asociados y también a una mayor producción favorecida por las temperaturas frías. “La floración ha llegado a niveles por encima del 90%. Se espera en general que Perú tenga un incremento en la producción de entre 20% y 25% en comparación a la campaña anterior donde el rendimiento se vio afectado por el fenómeno de El Niño”, sostuvo. El gerente general de Dominus agregó que del total a despachar, el 85% se dirigiría a Europa, un 10% hacia Estados Unidos y un 5% entre Canadá y algunas pruebas que se realizarán al mercado asiático como Corea del Sur, China y posiblemente Japón. Dato . Dominus es la principal empresa exportadora de mango fresco de Perú, pero también comercializa mango congelado. Víctor Morales dijo que de un campo promedio entre el 15% y 20% se destina para congelado y el resto para fresco.",agraria.pe/agronegocios,https://agraria.pe/noticias/dominus-evalua-producir-mangos-organicos-12226
2016-09-29,Crédito es vital para incursionar en agroexportación,"Los pequeños productores necesitan tener productos de alta calidad, sanidad y consistencia en su producción para que el comprador pueda tener seguridad.  Los pequeños agricultores peruanos podrán ser incluidos en la actividad agroexportadora cuando se incentive un verdadero acceso al crédito, señaló el representante de la Organización de las Naciones Unidas para la Alimentación y la Agricultura (FAO) en el Perú, John Preissing. “El crédito es uno de los insumos e instrumentos más importantes para generar la posibilidad de más inversiones y mayor productividad (…) ¿Cómo pueden ser más productivos por persona?, con el uso de tecnología, sistemas de microrriego, insumos… todo eso implica el crédito”, remarcó durante la Cuarta Reunión Ministerial sobre Seguridad Alimentaria del Foro de Cooperación Económica Asia-Pacífico (APEC) en Piura. Cabe recordar que durante esta reunión, el ministro de Agricultura, José Manuel Hernández, puso al pequeño agricultor y su ingreso al negocio de la exportación como eje central. Sumado a la inclusión financiera del pequeño agricultor, se deben multiplicar los esfuerzos en asistencia técnica e investigación, añadió. “Si es para exportación, los pequeños productores necesitan tener productos de alta calidad, sanidad y consistencia en su producción para que el comprador pueda tener seguridad. Eso implica, a nivel de hectáreas, más y mejor producción y productividad, gestión del agua, uso de los químicos. También obliga a tener más asociatividad porque un solo proveedor no va a acceder a un mercado”, agregó Preising. Señaló que el Perú debe reducir la brecha entre la productividad potencial y la actual, específicamente en la agricultura familiar.",agraria.pe/agronegocios,https://agraria.pe/noticias/credito-es-vital-para-incursionar-en-agroexportacion-12211
2016-09-28,Ayacucho instalaría más de 118 mil hectáreas de cultivos en la campaña 2016/2017,"La papa sería el cultivo de mayor extensión a instalar en la región ya que ocuparía el 19.56% del área total a sembrar.  En la campaña agrícola 2016/2017, Ayacucho instalaría 118.032 hectáreas de cultivos, según los resultados de la Encuesta de Intenciones de Siembra realizada en la región. Según la encuesta, en Ayacucho se registraron 29 productos de importancia regional, y de acuerdo a la distribución porcentual de superficies intencionadas de siembra, la papa ocuparía el primer lugar con un 19.23% del total del área a sembrar. Le siguen como los productos de mayor extensión a instalar el maíz amiláceo con 16.56% y la cebada grano 12.56%. El último lugar lo ocupa el frijol grano seco con un 1.85%. Al respecto, la Dirección Regional Agraria de Ayacucho (DRA Ayacucho), destacó que estos resultados ayudarán a una mejor toma de decisiones, y lograr de esa manera la seguridad alimentaria y la planificación de políticas de gobierno. La DRA Ayacucho resaltó el comportamiento de superficies sembradas de las campañas agrícolas 2009 - 2010 y 2015 - 2016 debido a que mostraron un avance gradual significativo. Dato . La Encuesta de Intenciones de Siembra en Ayacucho fue realizada por la DRA Ayacucho a través de sus 12 agencias agrarias (Huamanga, Cangallo, Huancasancos, Huanta, La Mar, Lucanas, Parinacochas, Paucar del Sara Sara, Sucre, Víctor Fajardo, Vilcashuamán y Valle del Río Apurímac).",agraria.pe/agronegocios,https://agraria.pe/noticias/ayacucho-instalaria-mas-de-118-mil-hectareas-de-cultivos-en--12192
2016-09-27,Habilitan 36 agrotiendas para realizar operaciones con tarjeta Agrobanco-Visa,"En dichos locales se podrán realizar operaciones comerciales para la adquisición de insumos como semillas, agroquímicos, entre otros.  El Banco Agropecuario (Agrobanco), informó que fueron habilitados 36 establecimientos comerciales o ""Agrotiendas"", en las regiones de Tumbes, Piura, Lambayeque y La Libertad. En dichas tiendas se podrán realizar operaciones comerciales para la adquisición de insumos con la tarjeta prepago Agrobanco-Visa. Los clientes de Agrobanco tienen a disposición una tienda en Tumbes y 18 en la región Piura, ubicadas en las ciudades de Piura, Sullana, La Unión, Tambogrande y Querecotillo. En Lambayeque hay 9 establecimientos ubicados en Chiclayo y en la región La Libertad, 7 Agrotiendas están localizadas en la ciudad de Trujillo La tarjeta Agrobanco-Visa, vigente desde julio pasado, facilita al productor cliente del banco, la adquisición de insumos de calidad en estos establecimientos afiliados. Agrobanco recordó que la tarjeta está dirigida a clientes minoristas, personas naturales y tiene disponibilidad en moneda nacional con la que podrán acceder a los productos financieros de la campaña agrícola, como compra de insumos, semillas, agroquímicos, etc.",agraria.pe/agronegocios,https://agraria.pe/noticias/habilitan-36-agrotiendas-para-realizar-operaciones-con-tarje-12186
2016-09-27,Progressive Produce importará más espárragos peruanos,"Incremento de compras de la hortaliza será entre 12% y 15%.  Con el fin del fenómeno El Niño en el Perú, la empresa Progressive Produce prevé aumentar sus compras de espárragos peruanos entre 12% a 15%, señaló el director de Ventas de la firma estadounidense, Gary Meadows. La disponibilidad de la producción local de espárragos durante todo el año constituye una de las principales ventajas. Fuente: Gestión",agraria.pe/agronegocios,https://agraria.pe/noticias/progressive-produce-importara-mas-esparragos-peruanos-12184
2016-09-27,Agroexportaciones no tradicionales del Perú crecerían 15% este año,"Crecimiento será impulsado por los envíos de paltas, cítricos, arándanos, espárragos y mangos.  Las agroexportaciones no tradicionales de Perú alcanzarían este año este año una expansión de 15% respecto al año anterior, estimó el presidente del Consejo Consultivo Empresarial de APEC, Juan Francisco Raffo. Durante la IV Reunión Ministerial sobre Seguridad Alimentaria APEC, que se realiza en Piura., indicó que este crecimiento será impulsado por los envíos de paltas, cítricos, arándanos, espárragos y mangos. Destacó que las agroexportaciones no tradicionales tienen un potencial enorme, el cual podría consolidarse con mayor acceso a mercados y ello podría lograrse con el Acuerdo de Asociación Transpacífico (TPP) y otros que se logren dentro de la APEC. Cita permitirá eliminar barreras fitosanitarias En otro momento, Juan Francisco Raffo señaló que la IV reunión ministerial sobre Seguridad Alimentaria ayudará al Perú a concretar la eliminación de barreras sanitarias y fitosanitarias en los países asiáticos, principalmente China. “Estoy totalmente seguro que APEC ayudará a derribar barreras fitosanitarias y ahora está en los ministros de Estado moverse para lograr que mayores productos entren a los mercados asiáticos”, manifestó. Comentó que estas barreras fitosanitarias y sanitarias se van a eliminar con mayor velocidad con la implementación futura del TPP y tratados APEC (Asia Pacific Economic Cooperation). “Estamos seguros que todos los productos que hoy no pueden ingresar a mercados importantes, como China, podrán hacerlo en el mediano plazo”. Anotó, asimismo, que la reunión de ministros de Agricultura, en el marco del APEC y que se realiza en el Perú, viene representando una vitrina importante para que grandes empresarios decidan mover sus inversiones a nuestro país. “Es una reunión muy importante porque no solo nos visitan autoridades, sino también un buen número de empresarios dedicados al sector agrícola. Calculo que hay dos docenas”, manifestó. En ese sentido, reveló que inversionistas de Nueva Zelanda y Estados Unidos están interesados en adquirir hectáreas agrícolas de nuestro país. “Pero hay que tener en cuenta un factor: la falta de agua. Perú puede tener enorme espacio de tierra, pero poco acceso al agua. Ahí hay un tema en que trabajar”, expresó. Exportaciones peruanas en APEC Por otro lado, el Ministerio de Agricultura y Riego (Minagri) informó que las exportaciones agrícolas peruanas hacia APEC crecieron a una tasa promedio anual de 7.3%. Asimismo, los envíos aumentaron su participación en las exportaciones agrarias totales, pasando de 40.2% en el 2011 a 48.1% en el 2015. La entidad precisó que en el bloque Apec, el principal destino de las agrexportaciones peruanas es Estados Unidos con una participación promedio de 63.9% en el periodo 2011-2015. De igual manera, mencionó que China y Hong Kong registran un aumento de su participación con respecto al 2011 como destino de las agroexportaciones de Perú. Detalló que los principales productos agrícolas exportados al APEC son: uvas frescas, espárragos, café sin tostar, paltas, mangos, hortalizas preparadas, bananas (incluidos los plátanos tipo ‘Cavendish Valery’ y alcachofas. “Canadá China, Estados Unidos, Hong Kong y Vietnam son economías con alto potencial para las agroexportaciones peruanas, debido a que dichas economías registran una alta participación y alto crecimiento promedio en las importaciones de estos grupos de productos”, finalizó. Datos . Según cifras del Minagri, en el 2015 las agroexportaciones con valor agregado crecieron casi 3% respecto a 2014, cuando los envíos alcanzaron los US$ 4.496 millones. . El Consejo Consultivo Empresarial de APEC (ABAC, por sus siglas en inglés) surge con el propósito principal de apoyar al APEC a alcanzar sus objetivos mediante recomendaciones y sugerencias sobre temas de interés y preocupaciones del sector privado, dadas tanto a los líderes de las economías como a los ministros y comités de trabajo. De esta manera, ABAC prepara todos los años reportes con recomendaciones puntuales de políticas públicas en diferentes temas como: finanzas, desarrollo sostenible, Pymes y emprendimiento, integración económica, entre otros.",agraria.pe/agronegocios,https://agraria.pe/noticias/agroexportaciones-no-tradicionales-del-peru-crecerian-12183
2016-09-26,Municipio de Piura lanzó convocatoria Procompite 2016 por S/ 500 mil,"Buscan mejorar la competitividad de las cadenas productivas de banano orgánico, cacao y artesanía.  La Municipalidad Provincial de Piura, a través de su gerencia de Desarrollo Económico Local, lanzó el fondo concursable de Competitividad Productiva (Procompite), cuyo financiamiento es de S/ 500.000. El lanzamiento contó con la presencia del presidente ejecutivo de Sierra y Selva Exportadora, Alfonso Velásquez Tuesta, quien destacó que el Procompite es un mecanismo que financia iniciativas y promueve la asociatividad de los productores, mediante la presentación de planes de negocios orientados a financiar cadenas productivas que tienen demanda en el mercado nacional e internacional. Se precisó que para este fondo concursable, se han seleccionado tres cadenas productivas: artesanía, banano orgánico y cacao. En ese sentido, la oficina descentralizada de Sierra y Selva Exportadora, informó que esta convocatoria busca que los productores que resulten ganadores, mejoren los procesos agroindustriales post cosecha del banano orgánico y el cacao. Con respecto a la cadena productiva de artesanía, la entidad señaló que se mejorarán los procesos de transformación de la paja toquilla en sombreros, carteras, monederos, entre otros artículos, y se optimizarán los procesos de transformación del oro y la plata, buscando diseños innovadores en el rubro de joyería, acorde a las tendencias del mercado mundial. Podrán postular todas aquellas asociaciones que tengan su plan de negocio y las empresas de personería jurídica de los distritos productivos de la provincia de Piura. Por su parte, el gerente de Desarrollo Económico de la municipalidad provincial, Luis Frías Guaylupo, resaltó la labor de Sierra y Selva Exportadora en la difusión del Procompite e indicó que la entidad los ha asesorado en la investigación e identificación de las cadenas productivas potenciales para la exportación, así como en la identificación de los agentes económicos organizados (productores). Agregó que el objetivo principal del Procompite –siendo este fondo concursable una herramienta que genera desarrollo productivo– es apoyar las iniciativas empresariales de alto potencial en la provincia de Piura, las cuales deben encontrarse dentro del marco de las cadenas productivas que se han priorizado (banano orgánico, cacao y artesanía). La Ley Procompite (Ley N° 29337) es un mecanismo que permite que los Gobiernos Regionales y Locales puedan utilizar hasta el 10% de su presupuesto para financiar planes de negocios, presentados por pequeños productores de manera asociada. Dato . Entre el 2013 y el 2015, Sierra y Selva Exportadora promovió y gestionó que asociaciones de pequeños productores accedan al financiamiento público-privado de Procompite por S/ 229.8 millones, lo que impulsó las cadenas productivas y promovió el desarrollo de sus localidades.",agraria.pe/agronegocios,https://agraria.pe/noticias/municipio-de-piura-lanzo-convocatoria-procompite-2016-por-s--12165
2016-09-23,"""La Niña"" favorecería la agroexportación de la costa central","La zona que podría ser las más afectadas por el fenómeno climático es la sierra sur donde se esperan sequías y heladas (friaje).  El director ejecutivo de Cultivida, Rodrigo Santillán, indicó que se está pasando rápidamente de un fenómeno de El Niño moderado a un fenómeno La Niña que todavía no ha sido definido, y podría tratarse de una versión leve, moderada o severa. En ese sentido, destacó que en Perú, la zona que podría ser las más afectada por La Niña es la sierra sur donde se esperan sequías y heladas (el llamado friaje). En la sierra norte, el efecto sería muy parecido al de un Niño leve o moderado con intensas lluvias y huaycos en la sierras de Cajamarca y Piura principalmente. “La zona más favorecida con la Niña será la costa central dedicada principalmente a la pesca y agroexportación. En cuanto a los sembríos de agroexportación como los espárragos, se espera que estos aumenten su calidad de punta en el turión. También se sabe que muchos de los frutales de exportación como la uva, arándanos y en menor medida los paltos y mangos, requieren cierto nivel de frío para maximizar importantes parámetros de calidad”, detalló. Asimismo, dijo que en las zonas de ceja de selva, aunque es difícil generalizar por su amplitud, La Niña será beneficiosa para la agricultura del café como consecuencia de la reducción de lluvias que se espera disminuya la presión de la roya amarilla. Para hacer frente a las nuevas plagas que traería este fenómeno, Rodrigo Santillán recomendó que se cambien los métodos de control, ya que históricamente, El Niño ha sido más virulento en insectos mientras que La Niña trae con más fuerza el ataque de enfermedades ocasionadas por hongos. “El Manejo Integrado de Plagas nos enseña que el buen manejo agronómico y control oportuno es la manera más económica de maximizar las cosechas de buena calidad y por ende la rentabilidad del agricultor. Además se recomienda el monitoreo constante y la asesoría externa para prevenir y controlar de manera eficaz y oportuna las plagas que se presenten”, explicó. En el caso de la sierra, sugirió trabajar no solo en la mitigación de corto plazo sino también avanzar en temas de largo plazo como el incremento de la resiliencia y adaptabilidad contra los friajes que son recurrentes. “Lo primero que hay que hacer es proteger a las poblaciones vulnerables, protegerlas en su salud, alimentación y abrigo. Simultáneamente hay que prepararlas para que retornen a sus labores cotidianas una vez La Niña haya pasado. Un retorno rápido en la agricultura andina, especialmente en cultivos como papa, maíz y cereales andinos garantizará la seguridad alimentaria nacional y mantendrá las importaciones de alimentos al mínimo”. El representante de Cultivida, manifestó que desde la industria para la protección de cultivos, están disponibles a aportar conocimiento y productos innovadores para el desarrollo de una agricultura peruana moderna y resiliente. “La industria peruana para la protección de cultivos cuenta con aproximadamente 1.500 profesionales del agro distribuidos a lo largo y ancho del país. Los mismos que cuentan con los conocimientos y mejor disposición para ayudar a los agricultores a prepararse para manejar sus cultivos de la mejor manera. Estar preparados ante una eventualidad como los friajes representa la primera medida significativa en la mitigación del riesgo agrícola”, finalizó.",agraria.pe/agronegocios,https://agraria.pe/noticias/la-nina-favoreceria-la-agroexportacion-de-la-costa-central-12153
2016-09-23,Productores de menestras optimizarán cadenas productivas con moderna procesadora de semillas,"Trabajarán de la mano con planta inaugurada en la Estación Experimental Agraria Vista Florida del INIA.  Productores de menestras de Piura, Lambayeque y Áncash podrán mejorar su cadena productiva con la planta de procesamiento y acondicionamiento de semillas que fue inaugurada por el Instituto Nacional de Innovación Agraria (INIA), en la Estación Experimental Agraria Vista Florida, provincia de Ferreñafe (Lambayeque). Sierra y Selva Exportadora informó que el frijol caupí y la variedad de gandules son las semillas que se ha venido promoviendo con la finalidad de que productores de menestras de estas regiones le den mayor valor agregado y a su vez puedan trabajar con semilleros para lograr nuevas variedades de menestras. Señalaron que generar nuevas variedades de menestras es parte de la política de seguridad alimentaria que desarrollan la Organización de las Naciones Unidas para la Alimentación y la Agricultura (FAO) y el Foro de Cooperación Económica Asia Pacífico (APEC), puesto que las menestras son fuente de proteína vegetal, carbohidratos y minerales. Es preciso mencionar que esta entidad forma parte de la Comisión Multisectorial de naturaleza temporal del “Año Internacional de las Legumbres 2016”, que tiene como objetivo proponer el programa de actividades oficiales que se desarrollará en el marco de esta nominación especial proclamada por la FAO. La Comisión busca impulsar entre la población el incremento del consumo de legumbres que en el país que alcanza los 2.5 kilos per cápita anual, volumen inferior frente a otros países donde el consumo supera los 12 kilos por persona. En ese marco, esta entidad indicó que con la instalación de esta nueva planta contribuirá a mejorar las cosechas en el norte de Perú. La moderna planta procesará semillas de arroz, frijol caupí y maíz, y asimismo beneficiará a unos 15.000 agricultores de los lugares más cercanos a la región Lambayeque. Luego se incrementará a unos 75.000 hombres del campo, ya que también se suman los beneficiarios indirectos. Conjuntamente con la planta procesadora de semillas, también se inauguró un nuevo invernadero y un moderno laboratorio de análisis de semillas. Ambos repotenciarán el área de producción de la Estación Experimental Agraria (EEA) Vista Florida y mejorarán la oferta de semillas de alta calidad genética.",agraria.pe/agronegocios,https://agraria.pe/noticias/productores-de-menestras-optimizaran-cadenas-productivas-con-12152
2016-09-22,Proyectos de irrigación dinamizarán la agroquímica,"Más mercados y cultivos elevan la expectativa de este sector para el 2017. La empresa QSI proyecta crecer cerca de 10% en ventas este año.  El mayor área cultivable que incorporarán los megaproyectos de irrigación que se logren destrabar dinamizará la industria de agroquímicos y fertilizantes el próximo año, estimó la división de agroveterinaria de Química Suiza Industrias (QSI). De acuerdo con Carlos Komatsudani, gerente de esta unidad de negocio, el ritmo de crecimiento de la industria –que avanzó a doble dígito en los últimos años– se elevaría también por el acceso de más productos peruanos al exterior, como el arándano, que ya tiene permiso para ingresar a China. “Se calcula que existen unas 2.600 hectáreas dedicadas al arándano –con 1.900 hectáreas en producción– que al 2018 treparán a 4.000 hectáreas sembradas”, anotó el ejecutivo a El Comercio. Consideró que con cada vez más terrenos en producción, se hará más relevante el uso de productos agroquímicos especializados que aseguren la calidad de los cultivos y sus rendimientos, Justamente, es en este segmento, aún muy pequeño, en el que QSI ha logrado una mayor participación. “En el manejo fisionutricional (aprovechamiento eficiente de recursos) tenemos alrededor del 30% del ‘market share’”, señaló. Para ampliar su alcance, la unidad decidió reforzar su abanico de cara al segmento agroindustrial, que en la actualidad representa el 30% de sus ingresos. El otro 70% recae en la distribución a pequeños agricultores. Perspectivas Con la representación de 15 compañías, además de un portafolio propio –que representa cerca del 15% de su facturación–, la división de QSI espera cerrar el año sin mayores cambios en sus precios y lograr un crecimiento en ventas cercano al 10%. Ello significaría un avance importante tras un 2015 cargado de especulación por el impacto del fenómeno de El Niño, que llevó a los productores a ser más cautos con la siembra y por ende, con las compras. “El año pasado fue uno de estancamiento. Este será un buen año y el 2017 será mejor”, estimó. Si bien la división mantiene perspectivas auspiciosas para el futuro, no tiene previsto invertir en la construcción de una planta en el corto plazo. “Nuestro foco está en la distribución. Dependiendo de la coyuntura lo estudiaríamos, pero estamos tranquilos por ahora”, puntualizó Komatsudani. Dato . Más del 80% de fertilizantes son importados. Además aún persiste el mercado negro de agroquímicos, hay hasta 20 denuncias al año por falsificación, según QSI.",agraria.pe/agronegocios,https://agraria.pe/noticias/proyectos-de-irrigacion-dinamizaran-la-agroquimica-12142
2016-09-22,Productos innovadores de “La Tiendecita Andina” buscan ingresar a los 21 países del APEC,"Nigeria, Corea, Singapur, Indonesia, China y Australia, entre otros países de este bloque económico, han mostrado interés por la novedosa iniciativa pública.  El Foro de Cooperación Económica Asia-Pacífico (APEC), el cual se viene realizando sesiones en Piura, está sirviendo de vitrina para que productos innovadores y con valor agregado de ‘La Tiendecita Andina’ de Sierra y Selva Exportadora busquen ingresar a las 21 economías de Asia Pacífico. Nigeria, Corea, Singapur, Indonesia, China y Australia, entre otros países de este bloque económico, han mostrado interés por la novedosa iniciativa pública de exhibir y promover diversos productos de las zonas rurales de la región Piura y del país. A través de un módulo de ‘La Tiendecita Andina’ que se exhibe en el Foro APEC – Piura 2016, los visitantes extranjeros tienen la oportunidad de conocer diversos productos nutritivos e innovadores como chocolates de cacao, cafés especiales, panela orgánica, algarrobina, infusiones de limón, entre otros. También destacan los cocteles preparados a base de cacao, de café y algarrobina; productos ecológicos como toffees de algarrobina, miel y polen de abejas, así como propolios que son una sustancia que obtienen las abejas de las yemas de los árboles y que luego procesan en la colmena, convirtiéndola en un potente antibiótico natural. “No solo es una exhibición para promocionar productos de las zonas rurales de Piura, también se busca que las delegaciones extranjeras conozcan lo que producimos en nuestro país: productos nutritivos y saludables, a fin de que puedan ir posicionándose en el mercado internacional y replicar este modelo en sus respectivos países”, indicó la entidad adscrita al Ministerio de Agricultura y Riego (Minagri).",agraria.pe/agronegocios,https://agraria.pe/noticias/productos-innovadores-de-la-tiendecita-andina-buscan-12138
2016-09-22,Odebrecht espera traspasar en tres meses sus concesiones en el proyecto Olmos,"Ejecutivo reveló que ya hubo reuniones con empresas nacionales y extranjeras interesadas; se estableció como requisito que los interesados tengan no solo el perfil técnico para continuar el proyecto sino la calificación económica para seguir las operaciones de trasvase e irrigación.  Alfonso Pinillos, director de inversiones de H2Olmos Odebrecht Latinvest, informó que la empresa espera culminar en dos o tres meses el traspaso de sus concesiones en el proyecto de irrigación Olmos (Lambayeque), que abarca 43.500 hectáreas de cultivos en la costa norte peruana. El ejecutivo sostuvo que ya se realizaron reuniones con representantes de empresas peruanas y extranjeras en los últimos meses, las que mostraron gran interés por el proyecto. Pinillos agregó que un requisito para las empresas interesadas en adquirir la concesión es que no solo tengan nivel técnico para operarla sino calificación económica y financiera suficiente para continuar con las operaciones de trasvase e irrigación. En ese sentido, detalló que el 30% de la superficie agrícola del proyecto, correspondiente a 12.000 hectáreas, ya está en producción y proyectó que generará 30.000 puestos de trabajo directos y 100.000 indirectos cuando alcance la plena producción de las 43.500 hectáreas, lo que se estima en cuatro a cinco años. El vocero de Odebrecht aseguró también que se observa la posibilidad de desarrollar una segunda etapa del proyecto, consistente en aumentar la presa Limón, que abastece el túnel del trasvase, para cuadruplicar la capacidad de embalse y doblar la superficie de cultivos hasta las casi 10.000 hectáreas. Se proyecta que el valor anual de la producción agrícola de Olmos está entre los US$ 650 millones. Dato .Del total de hectáreas del proyecto, 5.500 pertenecen a campesinos del Valle Viejo, y 38.500 a las subastadas para gran agricultura. Fuentes: Efe / diario Gestión",agraria.pe/agronegocios,https://agraria.pe/noticias/odebrecht-espera-traspasar-en-tres-meses-sus-concesiones-en--12137
2016-09-22,Piura produce 120 mil toneladas de limón al año,"Región instala anualmente alrededor de 12 mil hectáreas de limón cuyo rendimiento promedio asciende a 10 TM/ha, sin embargo potencial productivo es el doble.  Piura produce cerca de 120.000 toneladas de limones al año, convirtiéndola en la principal región productora de dicha fruta en nuestro país (concentra más del 50% del total), señaló Sierra y Selva Exportadora. La entidad detalló que en dicha región se instalan alrededor de 12.000 hectáreas de limón anualmente cuyo rendimiento promedio es de aproximadamente 10 toneladas por hectárea (ha). “El rendimiento aún está lejos de su productividad potencial que supera las 20 TM/ha”. Las principales zonas productoras de limón en la región de Piura son Cieneguillo (provincia de Sullana), Tambogrande (provincia de Piura) y Chulucanas (provincia de Morropón). Asimismo, entre las principales empresas productora de limón de la región destacan Limones Piuranos, que comercializa dicho producto en fresco y también dándole valor agregado, desde esencia, en cáscara, jugo concentrado y recientemente filtrante de limón. Darle valor agregado al limón El jefe del proyecto filtrante de limón, Víctor Batallanos, indicó que este nuevo producto, lanzado este año, está orientado a ingresar al mercado de productos de consumo masivo, con lo cual se ha dado un paso más al transformar las materias primas en productos con valor agregado. “Esa es la orientación que debe tener la industria nacional, darle valor agregado a los productos para fomentar el crecimiento agroindustrial. Estoy seguro que Piura tiene todo el potencial y la capacidad para destacar como eje central en toda Sudamérica como una potencia agroindustrial”, sostuvo. El representante de Limones Piuranos indicó que su representada a través de La Tiendecita Andina, recibe asesoramiento para un mejor posicionamiento comercial en diferentes tiendas retails. “Nosotros trabajamos con Sierra y Selva Exportadora que gestiona distintos eventos de promoción de productos lo que nos lleva a un posicionamiento en el mercado. A través de La Tiendecita Andina, promocionamos nuestro producto”, finalizó. Dato . Además de Piura, otras regiones productoras de limón en nuestro país son: Lambayeque, Tumbes, Loreto, entre otros.",agraria.pe/agronegocios,https://agraria.pe/noticias/piura-produce-120-mil-toneladas-de-limon-al-ano-12133
2016-09-21,Minsa recibe aporte para reglamento de Ley de Alimentación Saludable hasta el 22 de octubre,"Ciudadanía en general podrá enviar sus sugerencias para el documento que, una vez aprobado y publicado, entrará en vigencia luego de seis meses.  Hasta el 22 de octubre próximo la ciudadanía en general, entidades del sector público y privado podrán enviar sus comentarios, sugerencias o recomendaciones sobre el proyecto de reglamento de la Ley de Promoción de la Alimentación Saludable para Niños, Niñas y Adolescentes (Ley Nº 30021), informó el Ministerio de Salud (Minsa). Para enviar sus aportes, el Minsa habilitó el correo electrónico webmaster@minsa.gob.pe o a través de la sección “Documentos en Consulta” del portal web www.minsa.gob.pe. Se recuerda que una vez aprobado y publicado, el reglamento entrará en vigencia luego de seis meses. En el Perú se observa una alta proporción de población con sobrepeso y con obesidad. En el 2012-2013, el Instituto Nacional de Salud (INS) registró que el 29.4% de los niños de 5 a 9 años tienen exceso de peso (sobrepeso y obesidad). Asimismo, en los adolescentes de 10 a 19 años esta cifra es de 24.2% y en los jóvenes de 20 a 29 años es de 40.6%. Se estima que a nivel nacional hay 11 millones de personas menores de 60 años que presentan estos problemas. Fuente: Agencia Andina",agraria.pe/agronegocios,https://agraria.pe/noticias/minsa-recibe-aporte-para-reglamento-de-ley-de-alimentacion-s-12131
2016-09-20,El limón es la exportación más competitiva de Argentina,"Exportaciones citrícolas alcanzaron los US$ 570 millones con una tasa de crecimiento promedio anual de 9% durante los últimos 15 años.  Un estudio de la Fundación Mediterránea indica que el sector citrícola es el más competitivo de las exportaciones argentinas. Los embarques de ese complejo (limón fresco, aceite de limón y jugo de limón) superan con creces las colocaciones de otros productos. En el caso del limón fresco su participación en el mercado mundial llega al 15% y el aceite de limón, al 40%. A modo de comparación, la participación de las exportaciones de té llegan a 1.8%, las manzanas, 2.1%; la carne bovina (2.6%) y vinos (2.6%). Sólo las peras alcanzan una participación parecida con un 14.6%. Las exportaciones citrícolas alcanzaron 570 millones de dólares, con una tasa de crecimiento promedio anual del 9% durante los últimos 15 años. Argentina figura entre los principales productores y exportadores de limón. Sus clientes más importantes son países desarrollados, con una gran participación de la Unión Europea. Ayuda el factor contraestación. El trabajo, dirigido por Jorge Vasconcelos, se focalizó en el caso de La Moraleja, un establecimiento ubicado en Salta, lejos del mayor núcleo productivo de Tucumán. Lo tomaron como ejemplo para analizar cómo se puede lograr una expansión de la frontera agrícola. La Moraleja, que cuenta con 4.000 hectáreas cultivadas, está por ampliarse a 5.000 hectáreas, lo que le permitirá una producción de 160.000 toneladas anuales. La Moraleja comercializa productos industriales, por encima del promedio nacional. Del total facturado por La Moraleja en 2015, el 4% fueron ventas de limón fresco, mientras que el 96% restante fue por productos industrializados. Por otro lado, un 95% del total facturado en 2015 fue explicado por las ventas al mercado externo. Fuente: ieco.clarin.com",agraria.pe/agronegocios,https://agraria.pe/noticias/el-limon-es-la-exportacion-mas-competitiva-12117
2016-09-20,Dialogo sobre biotecnología agraria se desarrollará hoy y mañana en Piura,"Se busca que la biotecnología produzca soluciones más amigables con el medio ambiente que los métodos tradicionales de la agricultura industrial.  El Instituto Nacional de Innovación Agraria (INIA), liderará hoy y mañana el grupo de Diálogo de Alto Nivel de Políticas sobre Biotecnología Agraria (HLPDAB) en el que participarán altos funcionarios y expertos técnicos de las 21 Economías miembros del Foro de Cooperación Económica Asia-Pacífico (APEC). Durante el encuentro, se discutirán temas como: regulación internacional sobre bioseguridad en APEC, comercialización de granos y semillas bajo estándares de calidad, protección de la biodiversidad en el marco de las acciones de adopción de la biotecnología, nuevas técnicas biotecnológicas de mejoramiento de cultivos, bases de datos internacionales de productos biotecnológicos, coexistencia entre la agricultura orgánica, convencional y biotecnológica, entre otros temas. La reunión, que se desarrolla en el marco de la Semana de la Seguridad Alimentaria, busca fortalecer las relaciones entre las economías miembro de APEC para facilitar el intercambio de información actualizada sobre los problemas más frecuentes que afectan las tecnologías innovadoras, el uso responsable de la biotecnología, la transferencia de tecnología, experiencias internacionales sobre umbrales para la importación de semillas convencionales, fomento de la inversión y fortalecimiento de la confianza del público en relación con la biotecnología con el fin de aumentar la productividad agrícola y proteger el medio ambiente. Biotecnología agraria Se espera que la biotecnología produzca soluciones más amigables con el medio ambiente que los métodos tradicionales de la agricultura industrial. La biotecnología implica el desarrollo de cultivos in vitro, secuenciamiento de ADN, generación de biofertilizantes y biocombustibles, marcadores moleculares para el mapeo de genes y selección de variedades, modificación genética de organismos (OVM), y el desarrollo de la bioinformática a partir de la creación y mantenimiento de bases de datos, entre otros.",agraria.pe/agronegocios,https://agraria.pe/noticias/dialogo-sobre-biotecnologia-agraria-se-desarrollar-12116
2016-09-19,Comisión Agraria del Congreso apoyará gestión de reconstrucción inmediata del sifón Samán,"Congresista se comprometió a gestionar la declaratoria de emergencia ante el Ministro de Agricultura, para que se tomen las decisiones pertinentes en el Consejo de Ministros del 21 de setiembre.  En reunión de trabajo con los funcionarios del Proyecto Especial Chira Piura (Pechp) y representantes de los agricultores del Valle del Chira, el presidente de la Comisión Agraria del Congreso, Bienvenido Ramírez Tandazo, aseguró que apoyará toda gestión ante el Ministerio de Agricultura y Riego (Minagri) para la pronta ejecución de la reconstrucción definitiva del sifón Samán. Ramírez visitó las instalaciones del Pechp y recibió amplia información de la problemática del sifón Samán de parte del gerente general, Juan Luis Silva García y de los técnicos responsables, así como de los agricultores de la zona y representantes de la Junta de Usuarios del Valle del Chira. El congresista fue informado de todo el proceso iniciado con el desastre del 3 de marzo, cuando una avenida de la quebrada Samán rompió el concreto armado de la estructura subterránea del sifón, afectando el servicio de agua en el Canal Norte y Canal Sur, causando pérdidas por más de S/ 57 millones y la restricción actual para la agricultura y poblaciones que son servidas por dicho ducto, toda vez que la obra provisional solo entrega 10 metros cúbicos por segundo frente a los 25 metros en condiciones normales. La obra de reconstrucción ha sido declarada de Interés Regional por el Consejo del Gobierno Regional Piura solicitando al Minagri y a la Presidencia del Consejo de Ministros la declaratoria del Estado de emergencia de la infraestructura para lograr la adjudicación directa y abreviar los plazos de ejecución, con la finalidad de asegurar la dotación de agua para el agro del Chira y poblaciones vecinas. Como ya es de conocimiento público la obra ha sido convocada el 19 de julio por el Programa Subsectorial de Irrigación PSI del Minagri, como unidad ejecutora, pero ante la gran cantidad de postores y observaciones, la buena pro recién se entregaría el 5 de octubre en el mejor de los casos. Peligrando la postergación de la obra ante el próximo período lluvioso 2017, así como el inminente riesgo de destrucción del canal provisional ante la posibilidad de próximas eventualidades en la quebrada Samán. El congresista se comprometió gestionar la declaratoria de emergencia ante el Ministro de Agricultura, para que se tomen las decisiones pertinentes en el Consejo de Ministros del 21 de setiembre. Al término de la sesión de trabajo, Ramírez junto con el gerente del Proyecto Especial Chira Piura se trasladaron al Canal Provisional a fin de conocer in situ la problemática y dialogar con los directamente afectados. Datos . El canal norte irriga 11.120 hectáreas de cultivos de exportación como el banano orgánico, arroz y frutales de la zona. Tiene una longitud de 39 kilómetros y una capacidad de 25.5 m3/seg. Asimismo, el canal abastece de agua para consumo humano a 110.000 habitantes. . Actualmente el canal brinda un servicio disminuido de agua con capacidad para solo 10 m3/seg. De no ejecutarse la obra definitiva se avizora graves conflictos sociales y pérdidas millonarias, además de problemas de salud pública por el desabastecimiento de agua en las poblaciones vecinas. Fuente: El Regional de Piura",agraria.pe/agronegocios,https://agraria.pe/noticias/comision-agraria-del-congreso-apoyara-gestion-de-reconstrucc-12108
2016-09-19,Agroexportaciones a Italia se incrementaron 15% anual en los últimos cinco años,"Productores peruanos se reunieron con empresas e instituciones europeas del sector en el marco de la feria MAC FRUT 2016.  El presidente de la Asociación de Gremios Productores Agrarios del Perú (AGAP), Ricardo Polis, sostuvo reuniones con empresas e instituciones italianas del sector durante su estadía en dicho país por la participación nacional en la feria MAC FRUT 2016. Entre las instituciones y empresas italianas con las que concertó citas comerciales se encuentran el hub de comercialización mayorista más grande de Italia (MAAP), el Centro de Investigación Agrícola de Italia (CREA), el Centri Servizio Ortofrutticola de Italia (CSO), entre otros. Según el portal especializado Fructidor.es, Perú es uno de los países más dinámicos de América del Sur y el sector Frutas y Hortalizas juega un papel clave en este desarrollo. Con una producción de más de 8 millones de toneladas, Perú exporta varios productos (alcachofas, espárragos, uvas de mesa, aguacates, berries, cítricos, mangos, plátanos), principalmente a Estados Unidos, Asia y Europa. Al respecto, Mac Frut – organizadora del evento - comentó referente al Perú, que las exportaciones de plátanos orgánicos aumentaron en un 19% durante 2015, alcanzando una cifra de negocios de US$ 143 millones para 188.000 toneladas vendidas en todo el mundo. Asimismo, informaron que en Europa, los principales clientes de las agro exportaciones peruanas son los Países Bajos, el Reino Unido y España, mientras que en Italia los productos peruanos registraron un aumento de alrededor del 15% por año durante los últimos 5 años.",agraria.pe/agronegocios,https://agraria.pe/noticias/agroexportaciones-a-italia-se-incrementaron-15-anual-en-los--12097
2016-09-15,Inician perforación en túnel para proyecto Alto Piura,"Proyecto Alto Piura permitirá irrigar 60 mil hectáreas y la inversión ascendería a S/ 510 millones  Se iniciaron las primeras pruebas en la galería de acceso del portal de entrada del túnel de trasvase del Proyecto Especial de Irrigación e Hidroenergético Alto Piura (Peihap), en Sondorillo (Piura). Según Alberto Joo Chang, gerente general del Peihap, los trabajos los realiza el Consorcio Obrainsa Astaldi mediante el método de perforación y voladura, a fin de tener un túnel de 13 kilómetros de extensión. El Peihap permitirá irrigar hasta unas 60.000 hectáreas y demandará una inversión de S/ 510 millones, según publicó Gestión.",agraria.pe/agronegocios,https://agraria.pe/noticias/inician-perforacion-en-tunel-para-proyecto-alto-piura-12072
2016-09-14,Tercer Forum Nacional en el Cultivo de Arroz se realizará en Piura,"Participarán representantes del Minagri, Senasa, INIA, ANA, DGPA, DIGNA, Agroideas, Agrobanco, Gobierno Regional de Piura, Municipalidad Provincial de Sullana, Apear, Apema, Junta de regantes, así como empresas privadas y consultores.  El próximo 23 de setiembre se realizará en la provincia de Sullana (región Piura) el Tercer Forum Nacional en el Cultivo de Arroz, donde se discutirán las problemáticas del sector y posibles soluciones a los mismas. Así lo señaló el presidente de la Asociación Peruana de Productores de Arroz (Apear), Ángel Zapata León, quien destacó que dicho forum ha sido convocado por el Consejo Nacional del Arroz (CNA), que preside el Ministerio de Agricultura y Riego (Minagri), y lo integran su representada, la Asociación Nacional de Molineros de Arroz (Apema), las juntas de usuario de riego, entre otros actores. Destacó que entre los puntos que se abordarán en el forum destaca el tema fitosanitario (plagas y enfermedades) con énfasis en el Añublo Bacteriano y cuya exposición estará a cargo del Servicio Nacional de Sanidad Agraria (Senasa). Destacó que dicho mal afecta a todas las regiones arroceras del país. Otro tema es la Franja de precios y el plan de competitividad como instrumento de promoción para la cadena del arroz, que será expuesto por un representante de la Dirección General de Promoción Agraria (DGPA) del Minagri. “No estamos de acuerdo con la eliminación de la franja de precios porque dicho instrumento permite proteger a los productores arroceros del país que alimentan a 30 millones de peruanos”, sostuvo Ángel Zapata. Además, se hablará sobre la situación y perspectiva del cultivo del arroz, asociatividad, innovación tecnológica, reconversión productiva, manejo agronómico, disponibilidad del recurso hídrico, mecanización agrícola, así como del Plan de monitoreo de contaminantes para la mejora de la inocuidad agroalimentaria del arroz, entre otros. Datos . El Tercer Forum Nacional en el Cultivo de Arroz se realizará el próximo viernes 23 de setiembre a las 8:00 am en el Centro de Convenciones de la Municipalidad de Sullana. El ingreso es libre. . Esta es la tercera reunión del CNA desde que fue reactivado. La primera reunión se realizó en Tarapoto (San Martín) y la segunda en Camaná (Arequipa).",agraria.pe/agronegocios,https://agraria.pe/noticias/tercer-forum-nacional-en-el-cultivo-de-arroz-se-12056
2016-09-13,Sierra Azul no solo dotará de infraestructura gris al agro sino que ofrecerá una dimensión ambiental,"Además de bocatomas y canales, el proyecto comprende estructuras verdes, la mejora de andenes y zanjas de infiltración que favorecerán a los productores de menor escala.  Para realizar un trabajo integral que impacte en todo el ámbito agrícola, la actual gestión del Ministerio de Agricultura y Riego (Minagri), espera trabajar tanto a nivel de desarrollo de grandes proyectos de irrigación a la par que con la agricultura familiar, ofreciendo además a través de sus programas una perspectiva no solo productiva sino ambiental. Así lo afirmó Jorge Luis Montenegro, viceministro de Infraestructura y Riego del Minagri, para quien “nuestra mayor preocupación no es solo poner en servicio los grandes proyectos de la zona norte y sur como Olmos, Chavimochic, Majes Siguas II, sino también conectarnos con la pequeña agricultura y agricultura familiar. Son espacios donde el Minagri viene trabajando y trasladando grandes programas como Serviagro, donde ya se considera la capacitación y asistencia técnica a pequeños y medianos productores”. El funcionario destacó también que el proyecto Sierra Azul para la siembra y cosecha de agua no solo consiste de dotar de ‘infraestructura gris’ a las comunidades sino de ofrecer una dimensión ambiental que permita el crecimiento armonioso del sector. “Con Sierra Azul dotamos de infraestructura no solo gris, que son canales y bocatomas en general, sino de una dimensión ambiental a través de estructuras verdes, siembra y cosecha de agua, mejora de andenes y zanjas de infiltración, que son formas de potenciar al pequeño y mediano productor”, refirió. Asimismo, Montenegro recordó que Perú ya se ganó un lugar expectante como productor alimenticio de carácter global y destaca como el primer exportador de espárragos, páprika y cochinilla. “También destacamos en producción de banano orgánico, café y cacao orgánico, así como mangos y alcachofas”, enumeró.",agraria.pe/agronegocios,https://agraria.pe/noticias/sierra-azul-no-solo-dotara-de-infraestructura-gris-al-12047
2016-09-12,Experiencia agroexportadora en la costa debe ser replicada en la sierra,"Se debe trabajar en reducir las barreras arancelarias y fitosanitarias, sugirió Raúl Salazar, Alto Funcionario del Perú ante APEC.  El Alto Funcionario del Perú ante el Foro de Cooperación Económica Asia-Pacífico (APEC), Raúl Salazar, indicó que la experiencia del crecimiento exponencial de la costa en las agroexportaciones debe ser replicada en la sierra del Perú con el apoyo de Sierra y Selva Exportadora, a fin de mirar a los mercados del Asia Pacífico. Salazar destacó el potencial del mercado de APEC para las agroexportaciones peruanas debido a las oportunidades que presenta, pero precisó que se debe trabajar en reducir las barreras arancelarias y fitosanitarias, ya que hay inspecciones sanitarias que demoran 10 años para revisar los procedimientos. Indicó que este foro es una apertura unilateral y voluntaria de las economías miembros al comercio internacional, por lo que ve un enorme mercado potencial para el desarrollo de un mercado de alimentos funcional, operativo y transparente. Asimismo, Salazar refirió que el comercio de alimentos debe ser trabajado con mayor énfasis en el tema de barreras a fin de disminuirlas y así darle mayor fluidez a la exportación de alimentos que tiene un impacto en el desarrollo rural e inclusión social. ""Y sobre todo es valor agregado aprovechando las ventajas del clima, geografía, ventajas comparativas que tiene el Perú"", dijo El Foro de Cooperación Económica Asia-Pacífico (APEC), fundado en noviembre de 1989, es un foro compuesto por 21 economías del Asia-Pacífico, que busca promover la liberalización del comercio y las inversiones, facilitar los negocios y promover la cooperación económica a fin de alcanzar la prosperidad entre las economías miembros. Perú, tras ocho años vuelve a ser sede de la cumbre del APEC, bajo el lema ""crecimiento de calidad y desarrollo humano"". La cumbre del APEC se realizará del 19 al 20 de noviembre de 2016. La integran Australia, Brunei Darussalam, Canadá, Chile, República Popular China, Hong Kong, China, Indonesia, Japón, Malasia, México, Nueva Zelanda, Papúa Nueva Guinea, Perú, Filipinas, Rusia, Singapur, Corea, Chinese Taipei, Tailandia, Estados Unidos y Vietnam.",agraria.pe/agronegocios,https://agraria.pe/noticias/experiencia-agroexportadora-en-la-costa-debe-ser-12038
2016-09-09,Productores de Piura organizan el IX Festival de la Panela Orgánica,"Festiva congregará a productores, investigadores, profesionales y compradores internacionales.  Productores de la región de Piura realizarán el IX Festival de la Panela Orgánica, que se desarrollará el 16 al 18 de setiembre en los distritos de Montero y Sicchez, así como en la ciudad de Piura. Las actividades fueron presentadas por el comité organizador del festival que lo integran representantes de la Mancomunidad “Señor Cautivo de Ayabaca”, la Cooperativa Agraria Norandino, el Gobierno Regional de Piura, la Dircetur y la ONG Progreso. El Festival, que congregará no solo a productores, sino también investigadores, profesionales y compradores internacionales, se iniciará el 16 de setiembre en el auditorio del Gobierno Regional de Piura. Los temas que se abordarán en este certamen académico son: Mercado nacional e internacional, desarrollo sostenible para la pequeña agricultura, eficiencia térmica de los módulos, producción e investigación de panela, micro zonificación y la panela en la gastronomía peruana. Participarán conferencistas nacionales e internacionales, entre ellos está Jeannete Enmanuel Tejada, de Santa Natura, que expondrá sobre las propiedades naturales de la panela orgánica. En Montero y Sícchez Las actividades en los distritos de Montero y Sícchez se realizarán el 17 y 18 de setiembre. La inauguración será en Sícchez el día sábado 17, donde se tiene prevista la participación del Gobernador Regional, Reynaldo Hilbck. Posteriormente se realizarán visitas a los módulos de procesamiento y un intercambio de experiencias con los productores, investigadores, clientes, autoridades y público asistente. También habrá degustación de productos derivados de la caña y se realizarán actividades culturales y sociales que forman parte de la identidad de los pueblos de la provincia de Ayabaca. Por la noche se realizará la Serenata Panelera en el frontis de la Municipalidad Distrital de Montero. El domingo 18, en Montero se inaugurará la Feria Agroecológica y Artesanal 2016. Luego se realizarán concursos de pintura, concursos con productos de la zona, corso de carros alegóricos y el festival concluirá con un almuerzo de confraternidad. Delegación francesa Una de las delegaciones más importantes que participarán en el festival es de la Cooperativa Ethiqueable, que compra panela granulada de Norandino. “La panela orgánica peruana y con sello SPP de comercio justo se vende en 4.000 supermercados franceses distribuidos en toda Francia, su consumo viene creciendo cada año y es muy apreciada por los consumidores, razón por la cual la cooperativa que comercializa este producto incentiva a sus trabajadores dándoles la oportunidad de conocer directamente desde los productores de panela de Norandino el cultivo de caña de azúcar, el proceso y el Festival de la Panela 2016”, afirmó Yeny Robledo. Fuente: Agencia Andina",agraria.pe/agronegocios,https://agraria.pe/noticias/productores-de-piura-organizan-el-ix-festival-12027
2016-09-08,Exportaciones de alimentos de Piura sumaron US$ 509.7 millones durante enero-julio del 2016,"Exportadores piuranos participarán en feria Expoalimentaria para posicionar su oferta de alimentos.  Entre enero y julio de este año, la exportación de alimentos de la región Piura ascendió a US$ 509.7 millones y llegó a 80 mercados en el exterior, sin embargo, sus empresarios siguen identificando más compradores en todo el mundo, por lo que participarán en la feria Expoalimentaria, a realizarse del 28 al 30 de septiembre próximo. Precisamente, para posicionar los alimentos piuranos ante los compradores extranjeros, empresas como Ecosac, Limones Piuranos, Festival Fruit, Sunshine, Efructífera e, incluso, el Gobierno Regional de Piura, con la oferta de sus pequeños productores, estarán en la feria Expoalimentaria. Los productos que exhibirán son banano, cereza, mango, manzanas, paltas, pera, granadilla, pomelo, higo, uva, naranja y limones; asimismo, espárragos, paprika, pimiento piquillo y morrón; productos marinos como langostinos y harina de pescado; entre otros. Las empresas tendrán la oportunidad de ofrecer sus productos y establecer relaciones comerciales con reconocidas cadenas internacionales como la estadounidense Walmart, la primera corporación pública del mundo según la lista Fourtune Global 500 del 2015, Tesco PLC del Reino Unido, Geant Hypermarket de los Emiratos Árabes Unidos), Spar-Freshline de Sudáfrica, Casino de Francia, Kanematsu Corporation e ITO-Yokado Co de Japón, Cencosud de Chile, entre otros. Cabe señalar que en la feria también habrá numerosas delegaciones de Lima, Callao, Lambayeque, La Libertad, San Martín, Cusco, Ayacucho, Ancash y Arequipa. Asimismo, pabellones internacionales de Turquía, Holanda, Dinamarca, Polonia, Italia, España, Sudáfrica, Japón, Indonesia e India; y de países de la región, como Brasil, Argentina, Chile, Guatemala y Bolivia, que presentarán lo mejor de su oferta. Así marchan las exportaciones La exportación del subsector agropecuario y agroindustrial en Piura alcanzaron los US$ 280.3 millones en los primeros siete meses del año. Las frutas frescas y congeladas, como mangos, plátanos, uvas, paltas; los frijoles, las frutas en conserva, pimiento piquillo y jugo de maracuyá son sus principales productos. Sus destinos fueron Países Bajos, Estados Unidos, Alemania, Colombia, Reino Unido y España. Por su parte, los despachos de la pesca no tradicional ascendieron a US$ 229.4 millones durante el periodo enero-julio. Los productos más importantes son la pota, filetes congelados de pescado, colas de langostino, carne picada de pescado, merluza (también filete), conchas de abanico, harina de crustáceos, conservas de atún y otros. Sus principales destinos son Estados Unidos, España, Corea del Sur, China e Italia.",agraria.pe/agronegocios,https://agraria.pe/noticias/exportaciones-de-alimentos-de-piura-sumaron-12009
2016-09-08,Comisión Agraria  investigará si recursos asignados ante Fenómeno “El Niño” fueron ejecutados,"Se ha pedido la creación de una comisión investigadora para verificar si el dinero fue asignado para la emergencia o tuvo otros destinos.  El presidente de la Comisión Agraria del Congreso de la República, Bienvenido Ramírez Tandazo, señaló que su representada investigará si los recursos asignados para mitigar los efectos del Fenómeno “El Niño”, fueron bien ejecutados “Importantes recursos fueron destinados ante la llegada del fenómeno El Niño (más de S/ 3.000 millones) y existen muchas dudas sobre su ejecución de obras, por lo que vamos a investigar si este dinero fue asignado para la emergencia o tuvo otros destinos”, sostuvo. Agregó que ha solicitado también la creación de una comisión investigadora para el Proyecto Binacional Puyango Tumbes. Otro punto de interés que abordará la Comisión Agraria es el referente a la deuda de los productores con el Banco Agropecuario, ya que, según dijo, debido a los fenómenos climáticos muchos productores como cafetaleros, arroceros, bananeros, entre otros, vieron afectados sus cultivos, lo que les impide cumplir a tiempo con sus obligaciones por lo que se podría reprogramar sus deudas. En cuanto al programa ProQuinua, indicó que su representada ya comenzó a invitar a los funcionarios del Minagri y productores afectados para recabar información y pruebas para –de darse el caso- sancionar a los implicados. “Todos los funcionaros o ex funcionarios que pertenecen al Minagri y están involucrados en este programa van a ser invitados a la comisión para que expliquen cual ha sido su trabajo y los resultados que se obtuvieron”, finalizó.",agraria.pe/agronegocios,https://agraria.pe/noticias/comision-agraria-investigara-si-recursos-12006
2016-09-07,Frijol castilla representó el 19% de los envíos de menestras de Perú,"En el periodo estudiado, los despachos de frijol castilla alcanzaron US$ 4.8 millones, lo que significó un incremento de 34%.  En el primer semestre del año, la exportación peruana de frijol castilla alcanzó US$ 4.8 millones, lo que significó un incremento de 34% respecto a los cerca de US$ 3.7 millones obtenidos en el mismo periodo del 2015, debido al mayor volumen cosechado y su ingreso a más mercados en el exterior. Así lo informó la Asociación de Exportadores (Adex), que indicó que los envíos de frijol castilla en los primeros seis meses del 2016 representaron el 19% del total de los despachos de menestras de nuestro país que en dicho periodo ascendieron a US$ 25.263.158 Al respecto, el presidente del Comité de Menestras y Otros Granos de Adex, Germán Abregú, comentó que la calidad de frijol castilla fue más baja que el promedio normal, lo que impactó en su precio en el exterior. Esto a su vez influyó en su mayor demanda por mercados que buscaban menores precios. “Eso originó que el volumen despachado se incremente en 87%”. Refirió que el cultivo del frijol castilla se da principalmente en el norte del Perú, de Lambayeque a Piura, y su éxito depende de la disponibilidad de agua. “Este año hubo lluvias, aunque menos de lo esperado, lo que influyó en la calidad del grano, que no fue la mejor”. En ese sentido el presidente del Comité de Menestras y Otros Granos de Adex destacó la necesidad de implementar una política de distribución del agua que considere a las menestras en su programación. Enfatizó que ese cultivo consume un tercio del agua requerida por el arroz. Colombia lideró compras De acuerdo a las cifras del Sistema de Inteligencia Comercial ADEX Data Trade, el principal mercado destino del frijol castilla despachado por Perú fue Colombia, que en el primer semestre del 2016 lo adquirió por US$ 1.2 millones, lo que representó el 25% del total. Además dicho país mostró un crecimiento de 113%. Le siguieron Reino Unido con US$ 523.000 (11%), Estados Unidos con US$ 462.000 (9%), Italia (9%), Canadá (8%), España, Emiratos Árabes Unidos, Panamá, Turquía, Brasil y Puerto Rico, entre otros. Asimismo, los nuevos mercados a donde llegaron los frejoles castilla de Perú fueron Portugal Argelia, Bahréin, Sudáfrica, Líbano, Dinamarca, Malta y Cabo Verde. Abregú manifestó que aunque el Perú es un pequeño proveedor mundial, nuestro frijol castilla se caracteriza usualmente por su excepcional calidad, lo que lo hace muy apreciado en los principales mercados del mundo. “Se mantiene la posibilidad de un mayor crecimiento en la medida que exista disponibilidad de oferta”, apuntó. Asimismo, destacó que el frijol castilla es muy valorado debido a que contiene un alto porcentaje de proteína. Además, tiene beneficios para la salud como la eliminación de toxina y propiedades contra la anemia, diabetes y colesterol alto.",agraria.pe/agronegocios,https://agraria.pe/noticias/frijol-castilla-represento-el-19-de-los-envios-de-12002
2016-09-07,En un plazo de cinco años planean lanzar al mercado maíz modificado con tecnología CRISPR que resiste las sequías,"Cultivo ha sido desarrollado por investigadores de DuPont y deberá ser aprobado por el Departamento de Agricultura de Estados Unidos antes de que llegue a los consumidores.  Investigadores de Dupont Pioneer, el brazo comercial dedicado a la agricultura del gran conglomerado multibillonario, publicaron un estudio sobre una cepa de maíz modificada con CRISPR –una encima de edición genética- para ser más resistente a las sequías. Una vez que reciba la aprobación del gobierno, podría convertirse en el primer cultivo modificado por tecnología CRISPR que salga a la venta. Joyce Van Eck, profesora del Instituto Boyce Thompson y afiliada a Cornell University, dijo que la técnica es especialmente complicada en plantas y que “el hecho de que lo hayan logrado y mostrado éxito es realmente sorprendente. Es totalmente innovador”. Por miles de años los humanos han hecho cruzas de cepas de cultivos con la finalidad de hacerlos más saludables, resistentes o fáciles de cultivar. Pero el término “organismo genéticamente modificado” (OVM) se refiere típicamente a cultivos con un código genético que ha sido alterado en un laboratorio. Esto suele significar que los científicos están agregando ADN de otros organismos para mejorar de alguna manera los cultivos –incrementando el monto de alimento que se puede obtener de una planta en menos tiempo, haciéndola más resistentes a enfermedades o condiciones climáticas extremas, o disminuyendo la velocidad a la que se malogra la fruta. En el pasado, los científicos han hecho estos cambios genéticos con dos herramientas principales, llamadas nucleasas de dedos de zinc y Talens. Estas enzimas usualmente se dirigen a las células de las plantas usando virus diseñados especialmente o un pistola genética que bombardea las células con el material genético que los científicos están tratando de añadir. Aunque estas técnicas trabajan para alterar el genoma de las plantas, son más caras de crear y más limitadas en cuanto a la alteración del código genético que la tecnología CRISPR. Esa es parte de la razón por la que CRISPR ha llamado la atención tan rápido. De acuerdo a Van Eck es barato, relativamente fácil de usar y puede realizar cambios precisos en los genes. En este estudio, los ingenieros de DuPont no usaron la tecnología CRISPR para alterar el ADN del maíz per se, sino que cambiaron cómo un solo gen estaba expresado. Estudios anteriores mostraron que si el gen ARGOS8 se sobre-expresaba, la planta ofrecería mayor rendimiento bajo condiciones de sequía, sin cambiar cuánto alimento puede producir bajo condiciones típicas. Cuando los investigadores probaron el maíz alterado con CRISPR en ocho locaciones a lo largo de Estados Unidos, encontraron que tenía una mucho mejor performance bajo condiciones de sequía comparado con el cultivo convencional y aquellos mejorados en procesos de ingeniería tradicional fuera del laboratorio. Las ventajas de este tipo de cultivos se sentirían primero con los agricultores, especialmente aquellos que la pasan mal cuando enfrentan de forma cada vez más continua las sequías, asegura Van Eck. Los consumidores también se beneficiarán en tanto tendrá más acceso a comida y los precios por ella serán más bajos. Antes de que DuPont pueda poner este maíz a disposición de los agricultores, la planta necesita ser aprobada por el Departamento de Agricultura de Estados Unidos (USDA, por sus siglas en inglés), que es la agencia que establece los estándares para asegurar la inocuidad de los cultivos cuyos frutos llegan a los consumidores. Se espera que el maíz de DuPont no esté sujeto a las mismas evaluaciones de seguridad que un típico OVM. Este año, el USDA declaró a un grupo de investigadores que no regularía una seta modificada por tecnología CRISPR y hay razones para creer que el cultivo de DuPont caerá en el mismo vacío regulatorio. “El hecho de que usaran la pistola de genes y no ADN que no sea de maíz, ayudará a facilitar la aprobación regulatoria”, dijo la profesora del Instituto Boyce. Para Van Eck no hay razón para que los consumidores se muestren recelosos con respecto a los cultivos modificados por tecnología CRISPR. Pero con este cultivo, como con muchos otros que tienen claros beneficios para los humanos, Van Eck predice que habrá resistencia. “Cuando se trata de una modificación genética hecha en laboratorio versus una hecha en el campo hay parcialización, y ahí es donde entra la parte emocional…La gente lo percibe como un tema emocional”. DuPont planea comercializar este maíz en los próximos cinco años, lo que lo convertiría en el primer cultivo modificado con tecnología CRISPR que alcanza el mercado, pero tiene competencia: hace pocos días investigadores suizos sirvieron la primera comida hecha totalmente de cultivos modificados con CRISPR, aunque los científicos no mencionaron cuándo esperaban que estos cultivos se encuentren disponibles comercialmente. Sin importar qué cultivo llegue primero al mercado, Van Eck predice que no será el último. Los investigadores de DuPont están encontrando también otros usos para la tecnología CRISPR para mejorar cultivos como la soya, canola, trigo y arroz, según una nota de prensa. Otros laboratorios, académicos y comerciales, están utilizando CRISPR en otros cultivos comunes como el arroz. Y aunque haya quienes miran hacia la ingeniería genética como la vía para alimentar a una población humana que crece de forma explosiva y necesita alimentarse en un planeta cada vez más caluroso, Van Eck observa que tecnologías como CRISPR no son la panacea. “La edición genética, no importa cómo se haga, es una herramienta poderosa que facilita hacer estos cambios para mejorar los rasgos de las plantas. Pero es una herramienta, no será superior a otros tipos de modificaciones. Es una opción más en la caja de herramientas”. Fuente: Popular Science",agraria.pe/agronegocios,https://agraria.pe/noticias/en-un-plazo-de-cinco-anos-planean-lanzar-11995
2016-09-06,Colombia produjo 14 millones de sacos de café en los últimos 12 meses,"Reducción de cosechas a causa del Fenómeno del Niño y paro de transportistas retrasaron salida del grano hacia los puntos de compra y puertos.  Pese a la reducción en la cosecha por efectos del pasado fenómeno de El Niño, y a las consecuencias de un paro de transporte que duró más de 40 días y que retrasó la salida de café a los puntos de compra y hacia los puertos, Colombia produjo 14 millones de sacos de 60 kilos de café verde, un seis por ciento más que en igual periodo anterior. Por su parte, en lo que va del año (enero-agosto) la producción registrada de café superó los 8.83 millones de sacos de 60 kilos, un 2% menos frente a los 8.97 millones de sacos producidos en igual periodo anterior. En agosto del 2016 se produjeron 75.000 sacos de 60 kilos menos que igual mes de 2015, o 6% menos con respecto a los 1.264.000 sacos producidos en agosto anterior. Crecimiento de 3% en los últimos 12 meses En línea con la producción, las exportaciones de café de Colombia crecieron en el último año (septiembre-agosto) y se ubicaron en 12.4 millones de sacos de 60 kilos, un 3% más que los 12 millones vendidos en el exterior en igual lapso anterior. Sin embargo y como consecuencia del paro de transporte, las exportaciones de café entre enero y agosto retrocedieron un 4%, llegando a 7.8 millones de sacos, 344.000 sacos menos que los 8.1 millones de sacos exportados durante los primeros ocho meses de 2015. Entre tanto, en agosto las ventas externas de café crecieron 16% alcanzando los 1.2 millones de sacos, versus los 1.1 millones exportados en igual mes de 2015. Este crecimiento en las exportaciones refleja en buena medida el café represado en puerto como consecuencia del paro camionero y que no pudo salir en su totalidad en julio.",agraria.pe/agronegocios,https://agraria.pe/noticias/colombia-produjo-14-millones-de-sacos-de-cafe-11991
2016-09-06,Este jueves se inicia el IX Simposium de Uva Tropical 2016,"En el marco del evento se abordarán temas como manejo de nematodos, cambio climático y su efecto en el cultivo, manejo en cosecha y post cosecha, entre otros.  Este 8 y 9 de septiembre en Piura se realizará el IX Simposium de Uva Tropical 2016, evento desarrollado por la Asociación Peruana de Productores de Mango (ProMango). El objetivo del simposio es adquirir e intercambiar conocimientos a todo nivel del cultivo de la uva de mesa. Asimismo, es punto de encuentro para el inicio de planes de negocios entre los concurrentes. Entre los principales temas que se abordarán dentro del evento destacan: los requerimientos hídricos del cultivo, manejo de nematodos, tendencias en el consumo, el cambio climático y su efecto en el cultivo, aplicación de tecnologías de punta en el manejo para obtener fruta de calidad, cosecha y post cosecha, entre otros. Al simposio asistirán productores, exportadores; empresarios, gerentes, proveedores de insumos, técnicos especialistas, e investigadores nacionales e internacionales, público interesado en el cultivo de la uva de mesa, así como los asociados a ProMango quienes ya apostaron por este cultivo. Asimismo, en el marco del evento, habrá exhibición de los productos de nuestros proveedores de bienes y servicios quienes participan directa e indirectamente en el éxito de esta actividad económica. Datos . El IX Simposium de Uva Tropical 2016 se realizará este 8 y 9 de septiembre en la Casona Centro de Convenciones Km 2.5 carretera a los Ejidos. Para mayor información comuníquese a los teléfonos: 073 - 311054 / 073 – 608238 o al correo electrónico: piura@promango.org . ProMango es una asociación sin fines de lucro, conformada por productores de mango. El gremio fue fundado el 4 de abril del 2002 y actualmente cuenta con 26 socios que concentran en total 700 hectáreas, las cuales producen aproximadamente el 30% del volumen exportado de mango de Perú.",agraria.pe/agronegocios,https://agraria.pe/noticias/este-jueves-se-inicia-el-ix-simposium-de-uva-11990
2016-09-05,Afirman que el café se extinguirá para el año 2080 a causa del calentamiento global,"Cambio de temperatura ha facilitado la expansión de enfermedades como la roya en zonas antes inmunes a este mal.  Para el año 2080, si no hay medidas importantes con respecto al calentamiento global, el café se extinguirá. Así lo afirmó el Instituto de Climatología de Australia en un reciente reporte que detalla que se espera que la mitad de la tierra agrícola a nivel mundial no sea propicia para producción para el año 2050 a causa del incremento de temperaturas, hongos y pestes. La entidad académica previó que las variedades como Arábica desaparecerán en los próximos 70 años. Se estima que además de afectar a los amantes del café a nivel mundial, la caída drástica en la producción afectará en todos los hemisferios la vida de alrededor de 120 millones de personas en más de 70 países que dependen de la industria. En una situación así, no sorprenderá que los consumidores vean un impacto en el sabor, aroma y precios conforme la producción es más escasa. El documento apunta que el problema no será solo el incremento de temperaturas, sino cómo este factor ha facilitado el camino para que hongos como la roya ataquen los cultivos. En 2012, América Central fue diezmada por un incremento del hongo que ocasionó una caída en la producción de alrededor de 2.7 millones de bolsas, lo que afectó 350.000 trabajos y costó US$ 500 millones. El hongo no se ha detenido y de hecho se reportaron recientemente casos en áreas montañosas de Colombia donde anteriormente no sobrevivía al clima. Otro enemigo del cultivo como la broca del café, que por lo general se encuentra en plantaciones por debajo de los 1.500 metros de altura, ahora se encuentra en zonas altas dañando las que antes eran plantaciones seguras. En el Monte Kilimanjaro, la broca puede encontrarse hoy hasta 300 metros por encima que lo que solía encontrársele en el siglo pasado. El calentamiento de solo uno o dos grados puede provocar una auténtica explosión de la población de insectos y tener un efecto devastador en la agricultura. Jim Hanna, director de sostenibilidad de Starbucks, dijo que “lo que vemos realmente como empresa en un futuro de 10, 20, 30 años, si las condiciones se mantienen, hay un riesgo significativo para nuestra cadena de suministro. Si simplemente nos sentamos y esperamos que el impacto del cambio climático sea tan fuerte que llegue a nuestra cadena de suministro, estaríamos colocándonos en gran riesgo”. Por su parte, Mario Cerutti, vocero corporativo de la empresa italiana dedicada a la elaboración de productos con café Lavazza, apunta que “tenemos una nube sobre nuestras cabezas. Es dramáticamente serio. El cambio climático puede tener un efecto adverso significativo in el corto plazo. Ya no se trata solo del futuro, sino del presente”. Se espera que en las próximas décadas haya un cambio dramático en la producción de café y que los agricultores se alejen del ecuador y busquen tierras montañosas donde entren en conflicto con otros propietarios o afecten los bosques. Dato: .Para leer el informe completo acceda al siguiente link (en inglés): http://fairtrade.com.au/~/media/fairtrade%20australasia/files/resources%20for%20pages%20-%20reports%20standards%20and%20policies/tci_a_brewing_storm_final_24082016_web.pdf Fuente: telegraph.co.uk",agraria.pe/agronegocios,https://agraria.pe/noticias/afirman-que-el-cafe-se-extinguira-para-el-ano-11977
2016-09-02,Situación de los embalses a nivel nacional presentan panoramas distintos,"El Pañe (Arequipa) es la represa que menor reserva de su capacidad útil presenta con solo el 13% de su total, mientras que el reservorio de Aguada Blanca (Arequipa) es el más lleno, registrando un almacenamiento de 97% de su totalidad.  El Servicio Nacional de Meteorología e Hidrología del Perú (Senamhi), señaló que a inicios de septiembre, los volúmenes de agua almacenados en los sistemas regulados en la Región Hidrográfica del Pacífico presentan panoramas distintos. Destacó que El Pañe (Arequipa) es la represa que menor reserva de su capacidad útil presenta con solo el 13% de su total, mientras que el reservorio de Aguada Blanca (Arequipa) registró un almacenamiento de 97% de su totalidad. En el sector norte, el reservorio de Poechos (Piura), presenta un almacenamiento de 361.3 millones de metros cúbicos (MMC), que representa el 74% de su capacidad máxima útil El reservorio de Tinajones (Lambayeque) presenta un almacenamiento de 63.6 millones de metros cúbicos, que representa el 21% de su capacidad máxima. Mientras que la represa de Gallito Ciego (La Libertad – Cajamarca), presentan un almacenamiento de 214.5 MMC, que representan el 55% de su capacidad máxima útil. En el sector central departamento de Lima, el sistema regulado del río Rímac y Marcapomacocha (Lima) se encuentra al 60% de su capacidad máxima útil, que representa un valor de 199.47 millones de metros cúbicos. En el sector sur, los reservorios de los sistemas de Condoroma, Aguada Blanca, El Frayle, El Pañe y Pillones (Arequipa) presentan volúmenes de almacenamiento de 144.2 MMC, 29.4 MMC, 55.4 MMC, 13.1 MMC, y 57.9 MMC, respectivamente; que representan aproximadamente el 56%, 97%, 44%, 13% y 74% de su capacidad máxima útil.",agraria.pe/agronegocios,https://agraria.pe/noticias/situacion-de-los-embalses-a-nivel-nacional-11963
2016-09-02,Camposur produciría 4.800 toneladas de arroz en campaña chica,"Total de la producción se destina al mercado local, como marca de algún supermercado cliente o con su marca propia (Camposur).  El Grupo Camposur proyecta producir 4.800 toneladas de arroz en la presenta campaña (agosto-noviembre), señaló su gerente general, Hans Samalvides Martínez. Destacó que su representada instaló 600 hectáreas (ha) de arroz en Piura en esta campaña chica (o también llamada complementaria), cuyo rendimiento promedio ascendería los 8.000 kilos por ha. Detalló que el arroz que cosecha su representada tiene 18% de humedad (los productores de la región lo cosechan con 23 y hasta 25% de humedad), luego se realiza el secado industrial y se le da un periodo de reposo para que el producto se añeje, y sea más deseado. Asimismo, dijo que el total de su producción se destina al mercado nacional, principalmente a los supermercados, ya sea bajo la marca de alguno de estos establecimientos, o con la marca de Camposur. Un porcentaje se vende también directamente al mercado de productores. Campaña grande es incierta en Arequipa En otro momento, Hans Samalvides, indicó que la producción de arroz es todavía incierta en Arequipa, durante la campaña grande (diciembre/abril), ya que la preocupación de su representada –y de todos los productores de Cocachacra (valle de Tambo) es la disponibilidad del recurso hídrico. “No esperemos que se presenten los problemas que tuvimos a fines del 2015 e inicios de este año, donde las lluvias se retrasaron y no había agua para el riego del arroz. Las lluvias normalmente se registran en quincena de diciembre o a más tardar primer semana de enero, pero este año las lluvias comenzaron la tercera semana de febrero”, sostuvo. Ante ello, dijo que la solución es la construcción de una represa (Paltuture), sin embargo no ve una voluntad política al respecto.",agraria.pe/agronegocios,https://agraria.pe/noticias/camposur-produciria-4800-toneladas-de-arroz-11955
2016-08-29,Sierra y Selva Exportadora impulsará dos proyectos de inversión para la región Nor Amazónica por más de S/ 6 millones,"Se implementará una planta de producción de chocolate fino en base a cacao y la transformación de leche fresca en quesos madurados.  Sierra y Selva Exportadora impulsará dos proyectos de inversión sobre chocolatería fina y quesos madurados que favorecerán a la región Nor Amazónica (Piura, Cajamarca, Lambayeque, Amazonas, Loreto y San Martín), los que demandarán una inversión de S/ 6.100.000, informó el presidente ejecutivo de esa entidad, Alfonso Velásquez Tuesta. Ambos proyectos fueron seleccionados según el interés para la región Nor Amazónica y en el marco de los 35 proyectos de inversión que presentó Sierra y Selva Exportadora en el 2014. “En ese momento los proyectos estuvieron basados en los productos potenciales, volumen y la actividad comercial preponderante en cada una de las 18 sedes regionales que teníamos, ahora, tras el encargo de extender nuestro trabajo de inclusión productiva hacia la selva del Perú, nuestra visión es promover proyectos macrorregionales con valor agregado a favor de esas zonas rurales del país”, sostuvo. De esta forma, el primer proyecto consiste en la implementación de una planta de producción de chocolate fino a base de cacao que se produce en las regiones de Cajamarca, Amazonas, San Martín, la cual demandará una inversión de S/ 3.250.000. Esto es posible debido a que la producción de cacao entre estas regiones sumó durante el 2015 un total de 46.2 mil toneladas (TN), lo que representó el 54% de la producción nacional (85.1 mil TN). San Martín tuvo una producción de 37.3 mil TN de cacao proveniente de Juanjuí, Saposoa y Tarapoto, seguido de Amazonas con 7.2 mil TN y Cajamarca con 1.7 mil TN. “En Amazonas y San Martín se produce cacao fino que es comercializado en seco por falta de plantas de beneficio húmedo y luego son vendidos a empresas exportadoras quienes envían el producto –en su gran mayoría- a Alemania, Francia e Italia, países que lo industrializan y convierten en chocolates finos que incluso son revendidos en nuestro país”, explicó Velásquez. Por ello, dijo, considera como valor agregado del cacao la elaboración de todo tipo de chocolatería fina en esas regiones, aprovechando los recursos que son de calidad como producto inicial. La planta se instalará en la región Lambayeque, pues es el punto donde se concentra la producción de las demás zonas que conforman la región Nor Amazónica y en donde existen los diversos servicios y vías de comunicación para salir directo hacia Lima y exportar. “Es un corredor económico completo, de la selva hacia la costa”, complementó. El segundo proyecto es la transformación en quesos madurados en base a la leche fresca proveniente de las tres regiones mencionadas y Lambayeque. Dicho valor agregado se realizará mediante un adecuado manejo en el acopio, almacenamiento y transformación en una planta industrial con capacidad para procesar 10.000 litros de leche diarios, por lo que la implementación asciende a S/ 2.850.000. Este proyecto es posible si se tiene en cuenta que en la región Nor Amazónica se producen cerca de 500.000 toneladas de leche fresca provenientes de 4 regiones, como son: Cajamarca (324.060 TN), Amazonas (80.358 TN), Lambayeque (50.680 TN) y San Martín (31.344 TN), pero a diferencia del cacao, se plantea trabajar por cuencas lecheras, teniendo en cuenta que el queso es un producto muy perecible. “Tenemos tres cuencas lecheras bien definidas: la cuenca de Zaña (Mocupe, Nueva Arica, Oyotún hasta el distrito cajamarquino de La Florida), la cuenca de La Leche al norte de Lambayeque y la que se ubica entre las provincias de Chota, Cutervo y Santa Cruz en la región Cajamarca, donde se elabora gran cantidad de queso de manera artesanal”, detalló Velásquez. El titular de esta entidad recordó que el trabajo de esta institución está basado en una prospectiva productiva, es decir, producir lo que el mercado demanda sobre la base de la asociatividad, normalización productiva y con planes de negocios que especifiquen cómo se deben ejecutar los mismos.",agraria.pe/agronegocios,https://agraria.pe/noticias/sierra-y-selva-exportadora-impulsara-dos-11917
2016-08-26,Estaciones agrometeorológicas monitorearán banano orgánico en Piura,"Las estaciones tienen como objetivo contar con un sistema de alerta temprana y preventiva de plagas en banano.  Como parte del proyecto de inversión pública “Mejoramiento de la competitividad de la cadena productiva del banano orgánico para mejorar la oferta exportable en la región Piura”, se han instalado 10 estaciones agrometeorológicas en zonas georreferenciales. La colocación de estos equipos demandó una inversión de más de S/ 788.000 y con la ejecución a cargo del Ministerio de Agricultura y Riego (Minagri), a través de la Dirección Regional de Agricultura de Piura, publicó la Agencia Peruana de Noticias “Andina”. Las estaciones tienen como objetivo la implementación de un sistema de alerta temprana, preventiva de plagas en banano, que brinde información agroclimática para la investigación y prevención fitosanitaria que asegure la sostenibilidad de la cadena productiva de banano orgánico. Las zonas donde se han instalado estas estaciones son: Pueblo Nuevo de Colán, La Huaca, La Matanza, Batanes, Buenos Aires, Salitral, Samán, Querecotillo, Huangalá y San Lorenzo, bajo el asesoramiento técnico del Servicio Nacional de Meteorología e Hidrología (Senamhi), que además ha capacitado a técnicos de 73 asociaciones para el recojo de información. El proyecto de inversión pública de banano orgánico tiene como objetivo contribuir a la mejora de las capacidades técnicas y competitivas de los pequeños y medianos productores de banano orgánico de los valles del Chira, Piura y Alto Piura; así como fortalecer el valor de las instituciones públicas que intervienen en esta importante cadena productiva. Por su parte, el director regional de Agricultura de Piura, Mario Laberry Saavedra, afirmó que en la actualidad la producción de banano orgánico de la región enfrenta una serie de problemas que impiden el logro del máximo potencial productivo. “Esta tendencia es causada por diversos factores como los bajos niveles de tecnología utilizada en la producción en el campo, inadecuadas prácticas relacionadas con los procesos de cosecha, poscosecha, empaque y exportación”, enfatizó el funcionario. Por último, el coordinador del proyecto de inversión pública de banano orgánico, Axel Herrera Seminario, indicó que esto se agudiza por diversas amenazas fitosanitarias que se han presentado como la incidencia del ""trips"" de la mancha roja en las plantaciones, una plaga que incluso siendo controlada requiere del involucramiento de actores estratégicos para continuar experimentando e investigando su completa eliminación.",agraria.pe/agronegocios,https://agraria.pe/noticias/estaciones-agrometeorologicas-monitorearan-11911
2016-08-26,Piura: producción de uvas seedless superará a las Redglobe en esta campaña,"Región cuenta actualmente con 8 mil hectáreas de uva, de las cuales 6 mil Has están en producción (la mitad son Red Globe y la otra mitad Seedless) y 2 mil Has entrarán proximente (todas seedless).  En la región de Piura existen actualmente 8.000 hectáreas de uva de mesa, de las cuales 6.000 están en producción y 2.000 comenzarán a producir en las siguientes dos campañas (2016/2017 y 2017/2018). Así lo anunció el director ejecutivo de la Asociación Peruana de Productores de Mango (Promango), Ángel Gamarra Condori, quien detalló que de las 6.000 hectáreas de uva en producción, 3.000 ha corresponden a la variedad Red Globe y las otras 3.000 ha a variedades Seedless (sin semilla) como Flame, Crimson, Thompson, entre otras. Sin embargo, destacó que las 2.000 hectáreas que entrarán en producción en los próximos años, todas son de variedades seedless. “La tendencia está en las uvas sin semillas, las grandes agroexportadoras que ya están en Piura siguen aumentado sus áreas y están instalando uvas seedless”. “Incluso algunas empresas están retirando las Red Globe y están instalando en su lugar seedless porque las primera ya no están dando los resultados esperados, mientras que la seedless tiene buenas precios actualmente”, sostuvo. IX Simposium de Uva Tropical En otro momento, Ángel Gamarra, se refirió al “IX Simposium de Uva Tropical 2016”, evento que realizará su representada los días 8 y 9 de setiembre en el Hotel y Centro de Convenciones Rio Verde by Casa Andina (Piura). Indicó que el objetivo del simposio es dar conocer la situación y perspectiva del mercado de la uva a todos los que actores que intervienen en la cadena productiva de dicho cultivo. Además, es un punto de encuentro para el inicio de planes de negocio entre los concurrentes. Resaltó que en el evento estarán especialistas de Chile, Argentina, México, Estados Unidos y Brasil, quienes abordarán temas como requerimientos hídricos del cultivo; manejo de nematodos, tendencias en el consumo, el cambio climático y su efecto en el cultivo, aplicación de tecnologías de punta en el manejo para obtener fruta de calidad, adecuado manejo en la cosecha y post cosecha; entre otros. Dato . El IX Simposium de Uva Tropical 2016 es organizado por Promango. Para mayor información comuníquese a los teléfonos (073) 311054 / (073) 608238 o al correo: piura@promango.org",agraria.pe/agronegocios,https://agraria.pe/noticias/piura-produccion-de-uvas-seedless-superara-a-las-redglobe-en-11903
2016-08-24,Algodón pima piurano es uno de los productos más olvidados de la región,"Este año solo se sembraron 370 hectáreas de algodón en Piura, la cifra más baja en toda la historia de este emblemático producto.  Piura tiene uno de los mejores suelos del mundo para cultivar algodón pima, pero con el paso de los años ha pasado a ser uno de los productos más olvidados de la región. En 1967 se sembraron 71.000 hectáreas de algodón pima, fue una cifra histórica que colocaba a la región como la primera productora de este producto en toda Sudamérica. 49 años después la situación es totalmente distinta y hasta desalentadora: solo 370 hectáreas se sembraron y es la peor siembra de la historia del algodón en Piura. El titular de la Dirección Regional de Agricultura de Piura (DRA Piura), Mario Laberry, comentó que desde que este producto llegó a Piura, los agricultores lo recibieron muy bien porque el cultivo se adaptó rápido en estas tierras y además les parecía muy rentable ya que se vendía a buen precio en el extranjero. Ahora, los hombres de campo prefieren sembrar arroz, frutales y otros cultivos en lugar de apostar por el algodón. Según Laberry, a pesar de que este año se presentaron buenas condiciones climáticas para sembrar algodón pima, los agricultores no lo hicieron porque temían fuertes lluvias por el Fenómeno El Niño (FEN), publicó el portal web WALAC. Asimismo, el funcionario indicó que no hay muchos incentivos para sembrar este producto. “No lo ven rentable (al algodón) porque ha subido el costo de producción bastante y no es subsidiado. No hay incentivos para el agricultor de algodón. Queremos que el cultivo se reactive, proponer al Gobierno medidas que permitan retomar la siembra. Ni Lambayeque, ni Tumbes tienen el algodón que existe aquí”, expresó Laberry. Las 370 hectáreas que se sembraron este año podrían obtener una producción de hasta 60 quintales por hectárea y cada uno de ellos se vendería hasta en US$ 200. Así lo aseguró el director de Agricultura, quien dijo que existen instituciones como la Cooperativa de Servicios Múltiples Tallán – Chusis (Costash) que compra la pequeña producción de los algodoneros y también los apoya con financiamiento. El algodón pima de Piura es solo comparable con el pima egipcio. Su hebra es más larga y fina, por eso es admirado en el extranjero.",agraria.pe/agronegocios,https://agraria.pe/noticias/algodon-pima-piurano-es-uno-de-los-productos-11881
2016-08-23,Procinorte presentará método no destructivo para detectar la madurez de la cosecha de palta,"El evento, que reunirá a más de 500 actores de la industria del aguacate, presentará investigación de diversas entidades agrícolas de Norteamérica especializadas en este cultivo.  Disminuir las pérdidas económicas derivadas del método tradicional para comprobar cuándo cosechar las paltas será posible con la implementación de un sistema no destructivo para determinar la madurez de la cosecha en el árbol. La metodología es el resultado de la investigación desarrollada por el Instituto Nacional de Investigaciones Forestales, Agrícolas y Pecuarias de México (INIFAP), el Servicio de Investigación Agrícola del Departamento de Agricultura de los Estados Unidos (USDA-ARS), y Agricultura y Agroalimentación Canadá (AAFC). Esta investigación forma parte del trabajo del grupo de árboles frutales del Programa Cooperativo de Investigación y Tecnología Agrícola para la Región Norte (Procinorte), apoyado por el Instituto Interamericano de Cooperación para la Agricultura (IICA). ""Utilizar este método ofrece múltiples beneficios para la industria, mejora la calidad en la pos-cosecha, reduce desechos, mejora las perspectivas comerciales y es una ayuda para reguladores e inspectores"", indicó el investigador del INIFAP, Jorge Osuna. La presentación del método no destructivo para detectar la madurez del aguacate se realizará en el marco del IV Congreso de Aguacate Jalisco 2016, que tendrá lugar del 24 al 26 de agosto en las instalaciones del Centro Universitario del Sur (CUSUR), México. Este foro, dedicado a todos los actores de la industria del aguacate, contará con ponencias de gran interés técnico, exposición comercial, visitas demostrativas a campo y encuentros de negocios para un auditorio que se espera supere las 500 personas. Representantes del grupo de trabajo de árboles frutales de Procinorte participarán en el congreso con las ponencias ""Investigaciones para optimizar el cultivo del aguacate"" y ""Determinación en el árbol de la madurez de cosecha en aguacate"". Dato . Procinorte es una red de organismos nacionales de investigación agrícola de los tres países que conforman América del Norte: Canadá, Estados Unidos y México, que respalda el comercio agrícola mediante sólidos principios científicos y el intercambio de conocimientos en áreas de importancia trilateral.",agraria.pe/agronegocios,https://agraria.pe/noticias/procinorte-presentara-metodo-no-destructivo-para-11875
2016-08-22,En los últimos años autoridades del agro han dejado de lado a los pequeños productores,"Congresista de Fuerza Popular resaltó que su Comisión se distinguirá por ser “de campo y no de escritorio”, por lo que buscará estar en contacto permanente con los productores.  En los últimos años, las autoridades del sector agrario en nuestro país se enfocaron en las empresas agroexportadoras y dejaron de lado a los pequeños agricultores, señaló el presidente de la Comisión Agraria del Congreso de la República, Bienvenido Ramírez Tandazo. Indicó que durante su gestión en dicha comisión (periodo legislativo 2016/2017) se trabajará en beneficio de la agricultura familiar ya que son ellos los que más apoyo necesitan para que puedan salir de la situación de extrema pobreza en que se encuentran. “Esta será una comisión de campo y no de escritorio, eso quiere decir que vamos a estar en permanente contacto con la población agraria y ganadera, a la cual nos debemos”, sostuvo. El congresista de Fuerza Popular (FP) destacó que hubo funcionarios que poco o nada hicieron por los pequeños productores, por lo cual es momento de revertir esta situación. “Yo me involucro con ellos porque vengo del campo y conozco las verdaderas necesidades de los agricultores porque yo también la vivo y la palpito ya que siempre estoy en contacto con ellos”. Al respecto, dijo que es necesario trabajar por aquellos productores que consiguen un pequeño préstamo en cajas municipales o Agrobanco para sembrar sus productos pero por fenómenos climáticos pierden sus cosechas y no pueden pagar dicho crédito porque no cuentan con un seguro. “Vemos también que los intereses que les cobra el sistema financiero como las cajas municipales o Agrobanco son muy elevados, por lo que tendremos que analizar ese tema”, mencionó. Asimismo, dijo que este congreso deberá debatir dos importantes leyes relacionadas al sector agrario como son la Ley de Promoción Agraria y la Ley de Moratoria al Ingreso de Transgénicos, las cuales se discutirán y se sacará la mejor propuesta que beneficie al agro y que no afecte al pequeño productor. “El diálogo permanente con el agricultor es fundamental para saber qué es lo que necesita”.",agraria.pe/agronegocios,https://agraria.pe/noticias/en-los-ultimos-anos-autoridades-del-agro-han-11852
2016-08-17,Incorporación de nuevos productores permitirá duplicar agroexportaciones,"Objetivo es que los beneficios del comercio exterior lleguen a más zonas rurales  La incorporación de nuevos productores en las operaciones de comercio exterior permitirá alcanzar la meta de duplicar el valor de las agroexportaciones en los próximos cinco años. Así lo señaló la presidenta de la Cámara de Industria, Comercio y Artesanía de la Pequeña y Microempresa de Arequipa y Región Sur, Norma Contreras, quien dijo que es necesario ampliar la base exportadora con la presencia de pequeños productores para que los beneficios del comercio exterior lleguen a las zonas más rurales. Contreras sostuvo que para alcanzar ese objetivo es necesario desplegar un plan de capacitación diferenciado, pues no todos los pequeños productores están en las mismas condiciones. “Se necesita más conocimientos comerciales para evitar a los intermediarios. La idea es que haya más empresarios que exportan directamente”, manifestó. Asimismo, resaltó la importancia de apoyar a los pequeños productores con las certificaciones internacionales cuyos costos son elevados. “Trabajar con estos productores permitirá aumentar la oferta exportable agraria en óptimas condiciones”, comentó. Dato . El fin de semana pasado el jefe de Estado, Pedro Pablo Kuczynski, planteó el objetivo de duplicar las agroexportaciones en los próximos cinco años, por lo que dijo que en su próximo viaje a China llevará empresarios peruanos para estudiar mercados.",agraria.pe/agronegocios,https://agraria.pe/noticias/incorporacion-de-nuevos-productores-permitira-duplicar-11829
2016-08-17,Exportaciones peruanas de limones Tahití están en proceso de ampliación,"Clima y la calidad de la tierra hacen que el norte peruano sea idóneo para la cosecha de los limones durante casi todo el año.  El limón Tahití está empezando a ganar más popularidad a nivel mundial y podría convertirse en un reemplazo del limón convencional, principalmente en los meses de escasez de este producto. Perú, al contar con las condiciones climáticas necesarias para este cultivo, está empezando a tomar la iniciativa en el cultivo de este cítrico. Al respecto, el representante de Limones Piuranos, Bruno Fosa Villar, indicó que el clima y la calidad de la tierra hacen que el norte peruano sea idóneo para la cosecha de los limones durante casi todo el año. “En Perú se consume principalmente el limón Sutil, una variedad más pequeña de sabor similar al Tahití. La experiencia que tenemos con el cultivo de esta variedad nos ayudará mucho en el manejo del Tahití”, sostuvo declaraciones al portal Fresh Plaza. Fossa dijo que es claro que el producto será una competencia representativa para países latinoamericanos que hasta el momento lideran el mercado de limones, como México y Brasil, pero nuestro país aún está en el inicio de esta aventura y en búsqueda de compradores fijos para ampliar la inversión. “Este año empezaremos a exportar el limón Tahití, en un principio a Europa con la versión ecológica, que es una de las más demandas en este continente. Y en la medida que analicemos el nivel de recibimiento de los consumidores intentaremos ampliar nuestros envíos a otros continentes”, afirmó. Dato . Limones Piuranos cuenta con la experiencia en la producción y comercialización de limones tanto en fresco como en productos procesados. Principalmente, el aceite esencial de limón con destino enfocado en Estados Unidos y Europa y la cáscara de limón deshidratada demandada fuertemente por Dinamarca.",agraria.pe/agronegocios,https://agraria.pe/noticias/exportaciones-peruanas-de-limones-tahiti-estan-en-proceso-11827
2016-08-16,Llegó maquinaria y empieza en septiembre construcción de túnel de trasvase de Proyecto Alto Piura,"Obra permitirá conectar las aguas del río Huancabamba con el Océano Pacífico. Su objetivo es irrigar hasta 60.000 hectáreas en la provincia norteña.  Alberto Joo Chang, gerente general del Proyecto Especial de Irrigación e Hidroenergético del Alto Piura (Peihab) informó que el jueves pasado recibió la maquinaria especializada para la construcción del túnel de trasvase que conectará las aguas del río Huancabamba con el Océano Pacífico. La obra, que se iniciará el 12 de septiembre, es el trabajo de infraestructura más importante de este proyecto que tiene como objetivo la irrigación de hasta 60.000 hectáreas en Piura. Son dos equipos, una perforadora y una excavadora, los que se encargarán de hacer realidad el túnel de 13 km de largo y 4.8 metros de diámetro por donde discurrirán las aguas. En tanto, el traslado de escombros se hará sobre vagones. El túnel requerirá una inversión de S/ 510 millones, lo que incluye la represa. Las obras son responsabilidad del consorcio Obrainsa-Astaldi y cuentan con la supervisión del Consorcio Supervisor Hidráulico. Joo Chang también señaló que para diciembre de este año se iniciarán las perforaciones por el lado occidental del proyecto. La represa, llamada Tronera Sur, almacenará el agua recogida del río Huancabamba. Las obras de esta sección se proyectan para el segundo trimestre del próximo año. Se estima que ambas infraestructuras se culminen en el año 2020. Dato .El presupuesto modificado del Peihab para el 2016 es de S/ 64.3 millones. El Proyecto suscribió en el primer trimestre un contrato por consultoría para mejorar los sistemas de riego en la provincia de Morropón (La Gallega), con beneficio a 7.280 hectáreas de riego. Fuente: Diario Gestión",agraria.pe/agronegocios,https://agraria.pe/noticias/llego-maquinaria-y-empieza-en-septiembre-11813
2016-08-15,Piura: Sierra Exportadora generó ventas por S/ 22.5 millones en primer semestre del año,"Institución benefició a 18.854 pequeños productores de las provincias de Ayabaca, Huancabamba y Morropón. Además, capacitó a 1.920 productores de 18 distritos de la sierra y zona rural de Piura.  En el primer semestre del año, las organizaciones de productores asesoradas por Sierra Exportadora realizaron ventas por S/ 22.590.228 en la región Piura. Dicha comercialización se realizó gracias a los ocho planes de negocios de intervención en cacao, café, menestras y panela, que dicha institución trabajó en alianza estratégica con la empresa privada, gobiernos locales y gobierno regional. Este monto ya sobrepasó en un 11% los resultados del año 2015 (enero-diciembre), cuando las ventas de los productores apoyadas por la institución ascendieron a S/ 20.059.698, generando 172.131 jornales, detalló el organismo adscrito al Ministerio de Agricultura y Riego (Minagri). Capacitaciones En el primer semestre la institución también benefició a 18.854 pequeños productores piuranos, plenamente identificados de las provincias de Ayabaca, Huancabamba y Morropón. Además, en el marco del programa Fortalecimiento de Capacidades, Sierra Exportadora capacitó a 1.920 productores de 18 distritos de la sierra y zona rural de Piura, a través de seminarios y talleres. En estos talleres se abordó el desarrollo organizacional y empresarial, manejo post cosecha, valor agregado e industrialización, prospectiva productiva y comercial, desarrollo de cadenas de valor y clústeres; corredores económicos, desarrollo económico local, elaboración y gestión de planes de negocios, entre otros. Estas capacitaciones se realizaron en forma descentralizada en los distritos de Montero, Paimas, Chulucanas, Tambogrande, Morropón, Lalaquiz, La Matanza, Carmen de la Frontera, Huarmaca, El Faique, Frías, Sechura y en la ciudad de Piura. Municipio Productivo Asimismo, se indicó que a través de la estrategia “Municipio Productivo” que Sierra y Selva Exportadora promueve en el país, se busca contribuir a mejorar la calidad en gestión de la inversión pública con orientación a negocios inclusivos territoriales, que permitan mejorar la productividad, competitividad empresarial, innovación, desarrollo y diversificación productiva. En ese sentido, también se capacitaron a los alcaldes y funcionarios municipales en buenas prácticas de municipio productivo, así como el acceso a fondos concursables de financiamiento e implementación de la Ley 29337 del Procompite, para mejorar su competitividad productiva y comercial. Es preciso señalar que Sierra y Selva Exportadora se caracteriza por apoyar y articular nuevos emprendimientos competitivos e innovadores; asimismo promueve la innovación e industrialización de los productos andinos, a fin de que se cumpla con los requerimientos del mercado mundial. Planes de negocios Las ventas de las menestras están dirigidas al mercado nacional y se beneficiaron cuatro asociaciones de productores de la provincia de Morropón, en las localidades de Paimas, San Juan de Bigote, Buenos Aires y Morropón-distrito, en coordinación con sus respectivas municipalidades distritales; mientras que la intervención en los planes de negocio de panela favoreció a los productores organizados de los distritos de Montero, Sícchez y Jililí, de la provincia de Ayabaca. En tanto, el plan de negocio del café benefició a los productores de los distritos de Canchaque y Lalaquiz, de la provincia de Huancabamba y a los productores de las localidades de Yamango, Morropón y Chulucanas, de la provincia de Morropón. Es preciso indicar que las ventas de cacao, café y panela se orientaron hacia el mercado europeo, destacando como países destino Francia e Italia, cuyas exportaciones se efectuaron a través de la Cooperativa Agraria Norandino de Piura, aliado estratégico de Sierra y Selva Exportadora.",agraria.pe/agronegocios,https://agraria.pe/noticias/piura-sierra-exportadora-genero-ventas-por-s-225-millones-en-11800
2016-08-15,Agroexportaciones sumaron US$ 2.234 millones durante el primer semestre del año,"Superávit comercial superó los US$ 317 millones por mayores colocaciones.  En el primer semestre de este año (enero-junio), las exportaciones agrarias sumaron US$ 2.234 millones y llegaron a 136 países, destacando las ventas de diversos productos peruanos como paltas, bananas, arándanos, entre otros, informó el Ministerio de Agricultura y Riego (Minagri). Los mercados internacionales que adquirieron mayor número de artículos agrícolas fueron Estados Unidos con US$ 573 millones (26% del total), seguido por Holanda con US$ 369 millones (17%); España, US$ 153 millones (7%); Inglaterra, US$ 108 millones (5%); Ecuador, US$ 102 millones (5%); Colombia, US$ 81 millones (4%); Alemania, US$ 76 millones (3%); Chile, US$ 71 millones (3%); China, US$ 63 millones (3%) y Hong Kong, US$ 53 millones (2%). Estos diez primeros países concentraron el 74% del total exportado. Agro tradicional y no tradicional En los primeros seis meses de este año, las exportaciones agrarias tradicionales representaron el 7% del total de las agroexportaciones, además registraron un crecimiento de 19% respecto a similar periodo del año anterior. Las mayores adquisiciones provinieron de Costa Rica (77%), Colombia (43%), Dinamarca (38%), España (31%), Panamá (29%), Holanda (22%), México (17%), Francia (12%), Inglaterra (8%), Bélgica (8%), entre otros. Uno de los productos tradicionales que experimentó un importante aumento fue la recuperación del café sin tostar, que se expandió 21% en valor FOB. Otros productos tradicionales que destacaron fueron la azúcar blanca y la lana sin cardar ni peinar al crecer en 125% y 8% en valor FOB, respectivamente. Por su parte, las exportaciones no tradicionales (agropecuarias y agroindustriales) registraron ventas por US$ 2.078 millones, lo que representó el 93% del total de las agroexportaciones y mostraron un incremento superior al 1% en comparación al primer semestre del 2015. Los productos de mayor demanda fueron las colocaciones de paltas, que crecieron 31% en valor FOB y lograron ventas por US$ 248 millones, así como las bananas tipo ""Cavendish Valery (12%, US$ 81 millones). Otros artículos que aumentaron sus ventas fueron los arándanos rojos (206% con US$ 24 millones), cebollas frescas (144% con US$ 17 millones), mangos preparados (108% con US$ 10 millones), carmín de cochinilla (91%, con US$ 29 millones), alcohol etílico (86% con US$ 33 millones), páprika entera (32% con ventas de US$ 33 millones), entre otros. Superávit comercial Destaca también como resultado obtenido en el sector durante el primer semestre de este año, un superávit comercial superior a los US$ 317 millones, debido a un total exportado de US$ 2.234 millones frente a los US$ 1.917 millones correspondientes a las importaciones. En el primer semestre del 2015 el superávit fue de US$ 165 millones. Dicha cifra es resultado del mayor volumen colocado de frijoles comunes (285%), arándanos rojos (262%), harina de maca (155%), aceite de palma en bruto (102%), manteca de cacao (104%), azúcar blanca (93%), alcohol etílico (85%), entre otros. Solo en junio Finalmente, en el mes de junio del 2016, el valor total de las agroexportaciones ascendieron a US$ 370 millones, siendo los productos de mayor crecimiento en valor FOB las cebollas frescas (3.123%), aceites esenciales de limón (479%), alcohol etílico (71%), jugo de maracuyá (54%), paltas frescas (16%), entre otras. Holanda, España, Inglaterra, Colombia y China aumentaron sus compras en 39%, 36%, 13%, 16% y 18%, respectivamente.",agraria.pe/agronegocios,https://agraria.pe/noticias/agroexportaciones-sumaron-us-2234-millones-11798
2016-08-12,Ranking de las diez principales empresas agroexportadoras peruanas,"Camposol sigue liderando los despachos en el sector.  En el primer semestre del presente año, las agroexportaciones peruanas (tradicional y no tradicional) alcanzaron los US$ 2.114.918.966, registrando un aumento de 2.18% en comparación a similares meses del año anterior, informó la Asociación de Exportadores (ADEX). El gremio destacó que durante enero-junio del 2016, la principal empresa agroexportadora peruana fue Camposol, con despachos por US$ 71.979.966 representando el 3.4% del total del rubro. Además, registró una reducción en sus envíos de 5.03% en comparación a los US$ 75.793.760 alcanzados en los seis primeros meses del año anterior, donde también se ubicó en la cabeza de la tabla. En segundo lugar se ubicó Sociedad Agrícola Virú con despachos por US$ 58.764.613, participando con el 2.78% del total. Los envíos de la empresa en el primer semestre del año crecieron 4%, generando que suba un puesto en el ranking. Vitapro (de Alicorp), que realizó despachos por US$ 54.677.158 en los primeros seis meses del 2016, se posiciona tercera. La empresa mostró una reducción de 15.59% en comparación a similar periodo del año anterior, por lo que descendió un lugar en la tabla. La cuarta casilla quedó para Danper Trujillo con envíos por US$ 49.642.010, registrando un aumento de 2.58% y ascendiendo un puesto en el podio. Le sigue Gloria con exportaciones por US$ 45.545.349, mostrando una caída de 13.26%, lo que le significó bajar un puesto en el ranking. El sexto lugar fue para Complejo Agroindustrial Beta con envíos por US$ 34.954.863, con lo que mantiene en su ubicación a pesar de registrar una caída de 22.39%. La séptima posición fue para Machu Picchu Foods que realizó despachos por US$ 30.594.09, es decir, creció 24.01% en comparación a similar periodo del 2015.y escaló tres posiciones. Agrícola Cierro Prieto con US$ 29.879.260, Gandules con US$ 28.968.818 y El Pedregal con US$ 27.111.884, se ubicaron octavo, noveno y décimo lugar, respectivamente. En el primer caso creció 9.35% y se mantuvo en su lugar, el segundo disminuyó sus despachos en 5.4% y retrocedió dos puestos, mientras que el tercero aumento sus envíos en 26.24%, lo que le sirvió para escalar dos posiciones.",agraria.pe/agronegocios,https://agraria.pe/noticias/ranking-de-las-diez-principales-empresas-agroexportadoras-11778
2016-08-11,Fujimorista Bienvenido Ramírez fue designado presidente de Comisión Agraria del Congreso,"Legislador por Tumbes es médico de profesión y no registra actividades o estudios ligados a la labor agrícola. Se definió meses atrás como admirador del exdictador chileno Augusto Pinochet.  Bienvenido Ramírez Tandazo, congresista electo de Fuerza Popular por Tumbes, será el presidente de la Comisión Agraria del Congreso. Así se conoció anoche luego de que la bancada fujimorista definiera a sus legisladores que presidirán las 13 comisiones parlamentarias que estarán a su cargo en el presente periodo de sesiones del Poder Legislativo. Ramírez fue elegido con 17.299 votos. Según su ficha de registro entregada a la ONPE para el último proceso electoral, terminó sus estudios de Medicina en la Universidad Nacional de La Plata (Argentina) y obtuvo diplomados en terapia intensiva y nefrología en el mismo país. También señala haber realizado una Maestría en Gerencia en Salud por la Universidad de Piura. Ya en la práctica médica, se indica que Ramírez se ha desempeñado como médico nefrólogo en el Centro Médico Odontológico Argentina y el Hospital Regional II-2, ambos en Tumbes. Además, acredita haber sido profesor de la Universidad Nacional de Tumbes. La ficha agrega que es presidente de la Federación Médica de esa región del norte peruano. No se menciona en la ficha actividades o estudios ligados a la agricultura. Datos .El padre de Bienvenido Ramírez fue dos veces alcalde del distrito de San Jacinto (Tumbes). .En declaraciones para El Comercio el pasado mes de abril, dijo que admira al dictador chileno Augusto Pinochet, a quien equiparó con el encarcelado expresidente Alberto Fujimori.",agraria.pe/agronegocios,https://agraria.pe/noticias/fujimorista-bienvenido-ramirez-fue-designado-11772
2016-08-10,Cafetaleros contarán con Sistema de Alerta Temprana para enfrentar plagas,"Instituciones participantes, dentro de sus ámbitos de competencias, brindarán capacitaciones a profesionales y técnicos, para la asistencia técnica, así como a productores cafetaleros dentro de un plan de trabajo anual concertado.  La Junta Nacional del Café (JNC), el Instituto Interamericano de Cooperación para la Agricultura (IICA), el Servicio Nacional de Meteorología e Hidrología del Perú (SENAMHI), y el Servicio Nacional de Sanidad Agraria (Senasa) firmaron un convenio de cooperación interinstitucional para implementar el Sistema de Alerta Temprana para el Cultivo del Café. La innovadora plataforma advertiría oportunamente a los productores cafetaleros de la existencia de condiciones medioambientales propicias para el desarrollo de una epidemia fitosanitaria que podría afectar sus cafetales. Asimismo, esta instancia difundiría las recomendaciones técnicas a realizar por los productores, en un eventual escenario de peligro fitosanitario, con la finalidad de reducir pérdidas por el ataque de plagas a los cultivos. La implementación del Sistema de Alerta Temprana requerirá de una intensa coordinación y sinergia entre las entidades involucradas, según competencias. Por ejemplo, SENAMHI proporcionará datos meteorológicos de las zonas cafetaleras, Senasa dará la información georefenciada de la incidencia de plagas en el cultivo del café, IICA compartirá el Sistema Participativo de Alerta Temprana Sanitaria (SPATS) para su validación y la JNC proporcionará información de la ubicación y contactos de las organizaciones de productores. Estas instituciones, dentro de sus ámbitos de competencias, brindarán capacitaciones a profesionales y técnicos, para la asistencia técnica, así como a productores cafetaleros dentro de un plan de trabajo anual concertado. Desde marzo, los representantes de las cuatro instituciones están reuniéndose periódicamente y se plantea constituir una plataforma de diálogo, con la integración de otros actores interesados que pudieran aportar en el logro de las metas del convenio y cuyo ámbito de trabajo requieren articular tales como gobiernos regionales, locales, potenciales instituciones financieras, entre otros.",agraria.pe/agronegocios,https://agraria.pe/noticias/cafetaleros-contaran-con-sistema-de-alerta-temprana-11765
2016-08-10,Conveagro apoya propuesta para que pequeños agricultores adquieran tierras en grandes proyectos de irrigación,"Gremio saluda que el tema de la adquisición de tierras se discuta públicamente y pidió que no se siga monopolizando este recurso. También consideró importante puesta en marcha del proyecto del gran Banco de Germoplasma del Perú.  Un necesario debate. Así define Héctor Carrasco, presidente de la Convención Nacional del Agro (Conveagro) la propuesta del ministro de Agricultura, José Manuel Hernández, de impulsar el cooperativismo entre los pequeños y medianos agricultores para que participen en las subastas de tierras de los grandes proyectos de irrigación. “En reuniones anteriores con el hoy ministro (Hernández) hicimos ver como Conveagro que el beneficio del recurso hídrico se estaba quedando en pocas manos para uso agrario. Es positivo que se haya abierto este debate y puesto el tema en agenda pública para todos los que estamos dedicados al tema agrícola, pues los recursos deben llegar a manos de los hermanos campesinos que se dedican al cultivo y necesitan el agua. Hay que dejar de lado el capricho de tener en pocas manos las tierras”, comentó Carrasco para Agraria.pe. Agregó que “no es dable” que las inmensas inversiones que hace el estado para habilitar estas tierras con recursos públicos se dirijan a grandes transnacionales, dejando de lado a los pequeños y medianos agricultores en quienes se sustenta casi el 80% del consumo nacional. Luego, refirió que es atinado promover un sistema cooperativo pues varios productores que tengan un mismo objetivo de desarrollar cultivos para agroexportación pueden asociarse. Sin embargo, acotó que para que la asociatividad llegue a desarrollarse de forma cabal entre los agricultores es necesario que el Gobierno promueva un “TLC interno” con las organizaciones productoras del interior del país para darle sentido a este concepto. Asimismo, apuntó que si bien es cierto que hay que escuchar a todos los gremios como ADEX, que señaló que no debe establecerse un límite a la adquisición de tierras, en Conveagro sí son partidarios de establecer una medida de este tipo. De otra parte, Carrasco saludó el anuncio del Ministerio de Agricultura sobre la puesta en marcha del gran Banco de Germoplasma del Perú para preservar la biodiversidad de nuestros productos y cuidar las patentes que correspondan a ellos en el extranjero. “Esto es definitivamente saludable, Conveagro ha sido defensor del germoplasma de nuestras especies en la costa, sierra y selva. Saludamos esta política que permita patentar nuestros productos de las tres regiones. Es bueno ver estas iniciativas antes de los 100 primeros días de gestión porque defienden lo nuestro”, sostuvo.",agraria.pe/agronegocios,https://agraria.pe/noticias/conveagro-apoya-propuesta-para-que-pequenos-agricultores-adq-11758
2016-08-09,EE.UU. y Holanda continúan siendo los principales destinos de las agroexportaciones peruanas,"Ecuador retrocedió dos posiciones en el ranking pasando del tercer al quinto lugar, mientras que Colombia avanzó cuatro lugares, posicionándose en el puesto seis.  En el primer semestre del 2016, las agroexportaciones peruanas (tradicional y no tradicional) alcanzaron los US$ 2.114.918.966, informó la Asociación de Exportadores (ADEX) El gremio exportador detalló que del total despachado, el 26.56% (US$ 561.730.505) correspondió a Estados Unidos, quien continúa siendo el principal destino. Asimismo, dicho mercado registró un incremento de 0.34% en comparación a los primeros seis meses del 2015. Le sigue Holanda, que adquirió productos del sector agro peruano por US$ 341.741.917 (16.16% del total). Además, los envíos a este país crecieron 14.79% y se mantiene en el segundo lugar del ranking. España avanzó un puesto y se ubicó en el tercer lugar con US$ 151.344.831 (participó con el 7.16%), registrando un importante aumento de 30.77%. Reino Unido también subió un lugar y ocupó el cuarto puesto con US$ 101.992.722 (4.82% del total), mostrando un crecimiento de 7.78%. Ecuador se ubicó en la quinta casilla con US$ 97.061.715 (4.59% del total de los envíos), sin embargo retrocedió dos posiciones debido a que los envíos a dicho país cayeron 18.2% en comparación al primer semestre del 2015. Colombia avanzó cuatro puestos al pasar del décimo lugar (en el primer semestre del 2015) hasta el sexto lugar durante el periodo enero-junio del presente año con despachos por US$ 75.887.228 y registrando un aumento de 61.31%. Alemania y Chile se posicionaron en el séptimo y octavo lugar en el ranking con compras por US$ 71.676.640 y US$ 69.285.026, respectivamente. El primero retrocedió un lugar al registrarse una caída en los envíos por 13.83%, mientras que el segundo se mantuvo gracias a que los despachos crecieron 1.64%. El noveno lugar lo ocupó China con US$ 58.997.257, que descendió dos casillas debido a que la los envíos a ese país se contrajeron 28.94% en comparación a enero-julio del 2015. Hong Kong se situó en la décima casilla con US$ 52.628.599, reduciendo sus compras por 20.57% por lo que bajó un puesto en la tabla de los principales países destinos.",agraria.pe/agronegocios,https://agraria.pe/noticias/eeuu-y-holanda-continuan-siendo-los-principales-11746
2016-08-08,Agroexportaciones peruanas crecieron 2.18% en el primer semestre del  2016,"Sin embargo, en el mes de junio el sector presentó una caía de 6.8%. Por: José Carlos León Carrasco.  En el primer semestre del 2016 (enero - junio), las agroexportaciones peruanas (tradicional y no tradicional) sumaron US$ 2.114.918.966, registrando un aumento de 2.18% en comparación a los US$ 2.069.725.833 alcanzados en similar periodo del año anterior, informó la Asociación de Exportadores (ADEX). El gremio exportador detalló que en los primeros seis meses del presente año, los despachos del agro tradicional ascendieron a US$ 156.626.412, mostrando un incremento de 19.74% respecto a los US$ 130.803.363 obtenidos en igual periodo del 2015. Mientras que las exportaciones agropecuarias y agroindustriales (agro no tradicional) durante enero – junio de este año sumaron US$ 1.958.292.555, lo que significó un crecimiento de 1% frente a los US$ 1.938.922.470 alcanzados en el mismo periodo del año anterior. Principales productos En los primeros seis meses del presente año, los principales productos peruanos de agroexportación fueron: paltas con US$ 250.124.787, registrando un aumento de 32.37% en comparación a lo alcanzado en igual periodo del 2015. Además, representó el 11.83% del total de las agroexportaciones. Le siguen las uvas frescas con US$ 195.264.459, mostrando una reducción de 13.58%; espárragos frescos o refrigerados con US$ 137.843.776 (-4.76%), mangos y mangostanes frescos con US$ 126.428.492 (-15.79%). Además, café sin descafeinar sin tostar con US$ 111.484.764 (21-06%), banana cavendish fresco US$ 80.800.818 (12.42%). También las preparaciones de alimentos para animales tuvieron participación con US$ 68.302.785 (-12.36%), espárragos en conserva con US$ 59.317.887 (-7.5%), cacao en grano con US$ 58.359.057 (-5.28%), mango sin cocer o cocido en agua con US$ 56.141.568 (-4.9%), quinuas US$ 47.146.217 (-32.58%), entre otros. Agroexportaciones cayeron en junio En otro momento, Adex indicó que solo en el mes de junio del presente año las agroexportaciones (tradicionales y no tradicionales) ascendieron a US$ 348.969.940, lo que significó una caída de 6.8% en comparación a los US$ 374.431.266 alcanzados en el mismo mes del 2015. Explicó que esta disminución se debió a las menor venta de hortalizas (-15%), que no pudo ser compensada por el crecimiento de la exportación de frutas (9%).",agraria.pe/agronegocios,https://agraria.pe/noticias/agroexportaciones-peruanas-crecieron-218-en-11738
2016-08-04,Exportaciones a Japón suman US$ 506 millones en primer semestre de 2016,"Destacan los envíos de productos mineros y agrarios  En el primer semestre del 2016, las exportaciones peruanas a Japón alcanzaron los US$ 506 millones, favorecidas por las colocaciones de productos mineros y las agroexportaciones, sostuvo el presidente del Consejo Empresarial Peruano Japonés (Cepeja), Luis Vega Monteferri. “En este período se vendió al mercado japonés productos minerales por un valor de US$ 453 millones, en tanto que las exportaciones no tradicionales, lideradas por productos agrarios, sumaron US$ 53 millones” declaró a la Agencia Peruana de Noticias Andina. No obstante, el empresario comentó que entre enero y junio del año pasado las colocaciones de productos peruanos en la plaza japonesa alcanzaron los 553 millones de dólares. “Esta disminución en las ventas al Japón se debe a una caída en el volumen de importaciones de ese mercado, debido a la contracción de su economía. A pesar de ello, las agroexportaciones a Japón reportan una tasa de crecimiento anual de 5%”, aseveró. El Presidente del Cepeja prevé una mayor dinámica económica en Japón debido a que el gobierno de ese país aprobó recientemente un nuevo paquete para dinamizar su aparato productivo, pues la semana pasada anunció un programa de 28 billones de yenes (US$ 273.000 millones), además de incentivar la natalidad en ese país. Cítricos y uva Por otro lado, Vega comentó que un tema pendiente que ayudaría a incrementar las exportaciones agrarias es la obtención de los permisos necesarios para vender al mercado japonés los cítricos y las uvas. “Es un asunto que viene trabajando el Servicio Nacional de Sanidad Agraria (Senasa) del Ministerio de Agricultura y Riego (Minagri) y va reportando avances”, señaló. Se debe tener presente que el Acuerdo de Asociación Económica entre Perú y Japón se suscribió en mayo del 2011 en la ciudad de Tokio (Japón) y entró en vigencia el 1 de marzo del 2012. Vega agregó que para acelerar el ritmo de inversiones japonesas en el Perú es necesario eliminar la doble tributación. “Ello facilitará la captación de un mayor flujo de capitales japoneses para el financiamiento de proyectos de mediano y largo plazo”, enfatizó. Encuentro empresarial Por otro lado, el dirigente empresarial adelantó que el 12 de setiembre se realizará un nuevo encuentro empresarial Perú-Japón en el país asiático. “En esta ocasión participarán no menos de 50 empresas peruanas de diversos sectores, además de autoridades locales”, afirmó. Explicó que el objetivo de esta cita es establecer alianzas de mediano y largo plazo para dinamizar las relaciones comerciales bilaterales, impulsar la transferencia tecnológica y promover la creación de empresas tipo joint venture (empresa conjunta). “La idea es formar empresas mixtas que permitan aprovechar la tecnología que los japoneses han desarrollado y la materia prima que disponemos en el Perú. Ello es fundamental para generar valor agregado, lo cual incidirá directamente en la creación de empleo”, comentó.",agraria.pe/agronegocios,https://agraria.pe/noticias/exportaciones-a-japon-suman-us-506-millones-en-primer-11718
2016-08-04,Huancavelica sembrará cerca de 98 mil hectáreas de cultivos en la presente campaña agrícola,"DRA Huancavelica en convenio con Mapfre aseguraron 80.432 hectáreas de cultivos por un monto superior a los S/ 5 millones.  En la presente campaña agrícola (agosto-julio), la región de Huancavelica sembrará 97.921 hectáreas de cultivos, lo que representaría un incremento de 9.4% respecto a la campaña anterior. Así lo indica la encuesta nacional de intenciones de siembra realizado por la Dirección Regional Agraria (DRA Huancavelica), donde destaca que dichas siembras serán realizadas por más de 100.000 agricultores de las 7 provincias de la región. El director de la Oficina de Estadística e Informática, Teófilo Ccanto Condori, detalló que algunos cultivos que se sembrarán en la región son arveja grano seco con 3.896 hectáreas, arveja de grano verde con 5.564 hectáreas, cebada grano con 17.420 ha. Además se instalarán 6.151 ha de frijol grano seco, 2.340 ha de haba grano verde, 622 ha de maca, 341 ha de maíz amarillo duro, 18.976 ha de maíz amiláceo, 5.110 ha de trigo, 7.210 ha de haba grano seco, 2.766 ha de olluco Así como también 593 ha de maíz choclo, 316 ha de mashua, 608 ha de oca, 20.749 ha de papa, 1.868 ha de quinua, 50 ha de tomate, , 41 ha de zanahoria, 224 ha de zapallo, 1.756 ha de avena forrajera, 393 ha de cebada forrajera, 409 ha de chocho o tarwi y 510 ha de linaza. Aseguran 80 mil hectáreas Por otro lado, el titular de la DRA Huancavelica, Rudy Zorrilla Riveros, indicó que mediante un convenio suscrito entre su representada y la empresa Mapfre se logró asegurar 80.432 hectáreas de cultivos por un monto superior a los S/ 5 millones, para la Campaña Agrícola 2016 - 2017. Entre los que asegurados se destaca el resguardo de 1.285 hectáreas de alfalfa, 3.959 hectáreas de arveja grano seco, 5.189 hectáreas de arveja grano verde, 4.050 ha de frijol grano seco, 7.438 ha de haba grano seco, 1.936 ha de haba verde, 14.592 ha de maíz amiláceo, 336 ha de maíz choclo, 19.233 ha de papa, 1.602 ha de quinua y 4.793 ha de trigo. Zorrilla Riveros, precisó que los productores que perdieron sus cultivos por daños climatológicos recibirán la suma de S/ 550 por hectárea perdida, de acuerdo al convenio suscrito entre ambas instituciones.",agraria.pe/agronegocios,https://agraria.pe/noticias/huancavelica-sembrara-cerca-de-98-mil-hectareas-11714
2016-08-01,MARCA JUNÍN AVANZA CON NUEVE EMPRESAS PARA CORREDOR AGROEXPORTADOR,"De enero a mayo de este año las exportaciones con valor agregado de Junín ascendieron a casi US$ 11.8 millones. Brasil, China, Estados Unidos y Países Bajos son los principales destinos de productos de la región.  Nueve empresas de diversos subsectores de la región formarán parte del corredor de agroexportación Marca Junín, el cual fue lanzado por el gobierno regional de Junín para mostrar al Perú y al mundo sus mejores productos y promover el consumo. Así lo explicó Ángel Unchupaico, gobernador regional de esa jurisdicción, quien señaló que las organizaciones que se unen a este esfuerzo son asesoradas por Sierra Exportadora. Las nueve empresas asesoradas por esta oficina son el Consorcio Acuícola, con truchas en sus diferentes presentaciones (entera eviscerada, deshuesada, corte mariposa, filete y ahumada); en tanto que la empresa Misky Food participará con quesos madurados, yogures endulzados con stevia, manjar blanco, mantequilla y helados de leche. Por su parte, la Federación Agraria de Pangoa participa con coctel, jalea, mermelada y pasta de cacao; mientras que la Asociación de Productores Agropecuarios Junín ofrece maca gelatinizada y harina de polvo de maca. También se encuentra a Highland Coffee, que cuenta con cafés especiales, así como Ecoandino, con sus mermeladas de aguaymanto, camu camu y lúcuma, así como harina de maíz morado. La lista se completa con Agronegocios Brisas con su destilado de maca, Agroexportadora Avellaneda y Finca Rondeyacu, con destilados de caña de azúcar. Alfonso Velásquez Tuesta, presidente de Sierra Exportadora, resaltó que entre enero y mayo de este año, las exportaciones con valor agregado de Junín ascendieron a casi 11.8 millones de dólares, lo que representa 15.4% más que en similar periodo del 2015. Este impulso se debería a productos como la plata en bruto aleada, jengibre sin triturar ni pulverizar, cueros y pieles curtidas, madera aserrada, mangos en conserva, hortalizas, filetes de truchas, entre otros. En el periodo indicado, los despachos de la región llegaron a 32 destinos, siendo los principales Brasil, China, Estados Unidos y Países Bajos, en los que se concentró el 72% del total. Les siguieron Ecuador, Italia, República Dominicana, Corea del Sur y Canadá. Fuente: andina.com.pe",agraria.pe/agronegocios,https://agraria.pe/noticias/marca-junin-avanza-con-nueve-empresas-para-corredor-11687
2016-07-27,CIUDADANÍA PODRÁ HACER SUGERENCIAS A REGLAMENTO DE LEY SOBRE ALIMENTACIÓN SALUDABLE,"Los comentarios y recomendaciones deben enviarse al correo webmaster@minsa.gob.pe.  Entidades públicas y privadas y la ciudadanía en general podrán plantear sus sugerencias, comentarios y recomendaciones durante 90 días calendario al proyecto de reglamento de la Ley 30021, Ley de Promoción de la Alimentación Saludable para Niños, Niñas y Adolescentes, que será publicado en breve. Así lo establece la Resolución Ministerial N° 524-2016-Minsa, publicado ayer por el diario oficial “El Peruano”, donde se dispone la publicación del mencionado proyecto en el portal institucional del Ministerio de Salud. Las sugerencias, comentarios y recomendaciones deben enviarse al correo webmaster@minsa.gob.pe. Estas serán recibidas, procesadas y sistematizadas por la Dirección General de Promoción de la Salud y Gestión Territorial en Salud.",agraria.pe/agronegocios,https://agraria.pe/noticias/ciudadania-podra-hacer-sugerencias-a-reglamento-11672
2016-07-20,"HOY REALIZAN TALLER SOBRE LA MARCA, ENVASE Y EMBALAJE DE PRODUCTOS DE EXPORTACIÓN","Capacitación busca mejorar competitividad empresarial y comercial de la zona  Hoy se realizará el curso taller sobre el desarrollo de marca, envase y embalaje de productos para la exportación en Chulucanas (Piura), por iniciativa de Sierra Exportadora en alianza estratégica con la Municipalidad Provincial Morropón-Chulucanas y el apoyo de Radio Cutivalú. El taller está dirigido a pequeñas y medianas empresas que elaboran productos con valor agregado para exportar y a las asociaciones de pequeños productores. Asimismo, su objetivo es dar a conocer la importancia del establecimiento de una marca, así como la innovación de envases y embalajes para los productos especialmente agroindustriales, gracias al auge agroexportador de los últimos años en nuestro país. “Buscamos que nuestros aliados conozcan lo importante que es desarrollar una marca, porque es la forma más eficaz de mostrar a los potenciales clientes, cuál es el negocio de la empresa u asociación; así como el adecuado uso de envases y embalajes en el desarrollo de productos con valor agregado y presentaciones adecuadas, que permitan ingresar y posicionarse en mercados exigentes como los retails y el mercado internacional”, indicaron los organizadores. Un envase de mala calidad puede resultar contraproducente para el productor, exportador o distribuidor, porque puede dañar y descomponer el producto; igualmente un mal envase y/o embalaje puede generar la pérdida de una venta y hasta la pérdida del cliente, sostienen. Por este motivo, en el marco del programa de Fortalecimiento de Capacidades (PFC) de Sierra Exportadora, la sede descentralizada en Piura está organizando este ciclo de talleres de marca, envase y empaque para productos de exportación desde el mes pasado. “Primero lo hicimos en la sala de conferencias de la Universidad Nacional de Piura, luego en los distritos de Montero y San Miguel de El Faique coorganizados con sus respectivas comunas”, informó la sede descentralizada Piura de Sierra Exportadora. Ponencia Se informó que la ponencia estará a cargo del ingeniero Juan Castillo Ocaña, jefe de sede Piura de Sierra Exportadora, quien afirma que un cambio en la presentación del producto puede elevar hasta en un 10% las ventas del mismo. La capacitación se realizará en la Biblioteca Municipal “Orlando Velásquez Benítez” de Chulucanas de 9:30 am a 1:00 pm. Para mayor información comuníquese a los teléfonos 964087844 - 978932186.",agraria.pe/agronegocios,https://agraria.pe/noticias/hoy-realizan-taller-sobre-la-marca-envase-y-embalaje-11617
2016-07-20,EN PIURA Y LAMBAYEQUE SUSTITUYEN CULTIVOS DE ARROZ POR BANANO ORGÁNICO Y PALTA,"A través de Agroideas, se financia esta iniciativa con 28 millones de soles para ejecutar un total de 16 planes de negocios en beneficio de diversas organizaciones agrarias.  El Ministerio de Agricultura y Riego (Minagri) promoverá con una inversión de más de 44 millones de soles en Piura y Lambayeque la sustitución de cultivos de arroz y panllevar por los de banano orgánico y palta. De acuerdo a Betzabeth Márquez, jefa del Programa de Compensaciones para la Competitividad (Agroideas), para iniciar este proceso en la costa norte del país, Agroideas cofinanciará la iniciativa con 28 millones de soles (60% del monto total –el resto lo financia el agricultor con créditos del Fondo Agroperú), con lo que se ejecutarán 16 planes de negocios. Esto incluye la adquisición de fertilizantes, maquinaria agrícola, plantones e hijuelos de alta calidad para beneficio de 263 productores agrupados en 16 organizaciones agrarias. Este proceso de reconversión alcanzará un total de 261 hectáreas incorporadas al Proceso de Reconversión Productiva Agropecuaria. La jefa nacional de Agroideas participó en el inicio de la cosecha de banano orgánico en 100 hectáreas de cultivos pertenecientes a tres organizaciones del distrito de Olmos que han sido beneficiadas por la entidad con un monto de inversión de 1.9 millones de soles para la adquisición de diversos implementos agrarios. Agregó que en la región Lambayeque, Agroideas ayudó a mejorar la productividad de 616 hectáreas de cultivo, promoviendo una inversión de 5.8 millones de soles, con lo que se potenció la producción de maíz, trigo, quinua, café, leche, banano orgánico y la crianza de cuyes en beneficio de las familias de 544 agricultores. “Nuestro objetivo es convertir al agricultor en un motor de desarrollo con igualdad de condiciones”, finalizó. Dato Para garantizar la sostenibilidad de la reconversión productiva, se publicarán Resoluciones Ministeriales a favor de cada agricultor, con lo que el programa Agroideas transferirá de forma automática el fondo de cofinanciamiento a Agrobanco, que será la entidad encargada de la ejecución según los planes de negocio. Fuente: andina.com.pe",agraria.pe/agronegocios,https://agraria.pe/noticias/en-piura-y-lambayeque-sustituyen-cultivos-de-arroz-11614
2016-07-19,"BANCO MUNDIAL AVIZORA ""FUTURO ENORME"" PARA AGROEXPORTACIONES DEL PERÚ","Según el Minagri en los primeros cinco meses del este año (enero-mayo), las exportaciones agrarias sumaron US$ 1.859 millones, monto mayor en 4% a lo registrado en similar período del año pasado.  El gerente de comercio y competitividad para América Latina y el Caribe del Banco Mundial, Álvaro Quijandría, señaló al diario “El Peruano” que el Perú tiene un ""futuro enorme"" para las agroexportaciones, basado en su potencial de crecimiento por los nuevos proyectos de irrigación que entrarán en producción. Asimismo, señaló que este crecimiento tiene que venir acompañado necesariamente de una mejora de la competitividad con una mayor y mejor infraestructura logística. ""Los costos logísticos actuales son elevados y la manera de elevar la competitividad de esa producción que se genere tendrá que venir no solo de la productividad agrícola misma, sino de toda la cadena logística"", advirtió. De acuerdo con el Ministerio de Agricultura y Riego (Minagri), en los primeros cinco meses de este año (enero-mayo), las exportaciones agrarias sumaron US$ 1.859 millones, monto mayor en 4% a lo registrado en similar período del año pasado. Además, se obtuvo un superávit comercial superior a los US$ 263 millones. Quijandría indicó que los costos logísticos en el Perú le restan competitividad a sus productos en los mercados internacionales, de acuerdo al estudio que el Banco Mundial realizó para cinco productos: cebolla amarilla, café, cacao, quinua y uva. ""Hay una estimación macro que los costos logísticos representan el 35% del valor total del producto, nosotros hemos hecho una estimación adicional micro, para cinco productos, y el rango va entre 25% y 50% del valor total del producto"", indicó. En el caso del café, el costo logístico representa el 21% del valor del producto, superior a Colombia (9%-14%) y Nicaragua (10%); en el caso de la cebolla amarilla en el Perú este porcentaje se eleva a 50%, mientras que en Nicaragua es 27%. ""Esto nos resta competitividad con otros países de la región, finalmente el costo logístico es el costo del producto y afecta la competitividad así sea un producto para el consumo interno o para la exportación"", agregó. En el caso del cacao, el transporte en el Perú representa un costo de 16%, comparado con Ghana (12%). En la quinua, el costo logístico en el país es de 38%, mientras que en Bolivia 66%. Para la uva, el costo logístico es de 33% en el Perú y 69% en Chile. Puntos críticos El estudio del Banco Mundial abarcó tres tramos de la ruta exportadora: el primero, de la chacra al punto de acopio; el segundo, del punto de acopio a la planta y el tercero, de la planta al puerto, donde identificaron cuellos de botella. ""Hay un punto crítico que aparece en el tramo de la chacra al punto de acopio, en general hemos encontrado un costo elevado, ahí se puede trabajar mejorando la calidad de las vías"", recomendó. El documento identificó que entre las principales causas de merma (el porcentaje del producto transportado que se pierde o se daña) en el tramo chacra-centro de acopio figuran los accidentes (2.1%), mala calidad de las vías (1.4%), cierre de vías (5.5%), clima y accidentes naturales (2.8%). En tanto, los factores de ""accidente"" y ""mala calidad de vías"" se reducen a 0% para los tramos centro de acopio-planta y planta-puerto. Prioridades En ese sentido, Quijandría señaló que este estudio permite una mejor priorización de la agenda en infraestructura logística para el siguiente gobierno y que una mejora en este aspecto tiene un impacto directo en el incremento del Producto Bruto Interno (PBI). Destacó que ""los costos de seguridad en algunos productos son significativos"". Estos aparecen reflejados en la merma que se presenta por ""robos durante el viaje"" para las fases del centro de acopio-planta (2.76%) y en el tramo planta-puerto (13.2%).",agraria.pe/agronegocios,https://agraria.pe/noticias/banco-mundial-avizora-futuro-enorme-para-11600
2016-07-15,CAPACIDAD DE PROCESAMIENTO DE CACAO EN PERÚ ALCANZA LAS 15 MIL TONELADAS,"Perú tiene entre 50 mil a 60 mil hectáreas de cacao que pueden ser consideradas cacaos finos o extra finos.  Perú tiene que trabajar mucho en el tema de la post cosecha en cacao. Nuestro país produce alrededor de 85.000 toneladas de cacao y la capacidad de procesamiento está entre las 12.000 y 15.000 toneladas, señaló el director nacional de la Alianza Cacao Perú, José Iturríos. “El tema del procesamiento de post cosecha es clave, si no hay capacidad descentralizada es muy difícil obtener cacao fino de aroma. Se necesita una fermentación y un secado descentralizado para obtener un cacao de buena calidad, sin eso estamos en problemas”, comentó. Indicó que actualmente solo el 17% de la producción nacional (15 mil toneladas) pasa por una post cosecha de buena calidad que permite garantizar la calidad y la homogeneidad de un cacao fino de aroma y poder llegar a los mercados internacionales. “Por eso cuando un chocolatero llega al Perú y pide cacao fino de aroma va y lo busca en las cooperativas y no necesariamente en los grandes exportadores, eso es una tarea pendiente, creo que deberían haber fondos públicos que deberían apuntar a incrementar ese volumen”, sostuvo, Al respecto, dijo que el grueso de cacao que hoy se comercializa en Perú se comercializa de manera independiente, es decir de agricultor en agricultor, por lo tanto no hay garantía de trazabilidad y existe una gran variabilidad de la calidad del producto. “Este es un tema central que debemos enfrentar si queremos llegar a los nichos de mercado a dónde queremos ir con nuestro cacao que es de calidad”, manifestó el director nacional de la Alianza Cacao Perú. Existen entre 50 mil a 60 mil hectáreas de cacao finos En otro momento, José Iturríos destacó que Perú debe enfocarse en la producción de cacaos finos de aroma y llegar a mercados especiales, ya que actualmente la producción nacional representa el 1.8% de la producción mundial que lidera África y es imposible competir en volumen con ellos. “Debemos aprovechar las ventajas comparativas que tenemos para distinguirnos en ese mercado enorme de cacao. Se habla de la genética que tiene el cacao de origen peruano, nosotros producimos cacao en 16 regiones del país por lo que tenemos una diversidad de sabores y aromas que debería ser la base sobre el cual construir una estrategia país para posicionarnos como un país productor de cacaos finos de aromas, es decir cacaos diferenciados”, explicó. Detalló que en Perú debemos tener entre 50.000 a 60.000 hectáreas de cacao que pueden ser considerados cacaos finos o extra finos como el chuncho, lo cual es una base productiva sobre la cual podríamos empezar a trabajar. “Tenemos quizás el banco de germoplasma de cacao más grande del mundo, el más biodiverso del mundo y no le estamos sacando provecho ni internamente ni externamente”, concluyó. Datos . Según el “Catálogo de cultivares del Perú”, publicado por Devida y el Minagri, de las 84.000 hectáreas de cacao que hay en Perú, 37.000 hectáreas son cacaos nativos (básicamente chuncho), la mayor parte instalados en Cusco (13.000 ha) y Junín (6.000 ha). . Alianza Cacao Perú ha introducido variedades Trinitarias junto con una variedad nacional, por lo cual existen cerca de 23.000 ha de cacao injertadas en las tres regiones que trabajan.",agraria.pe/agronegocios,https://agraria.pe/noticias/capacidad-de-procesamiento-de-cacao-en-11572
2016-07-15,AEROLÍNEAS DE CARGA LISTAS PARA TRANSPORTAR ESPÁRRAGOS DESDE NUEVO AEROPUERTO DE ICA,"Autoridad regional recibió al Presidente electo en el marco de la inauguración del Siuva Sur y compartió con él sus inquietudes sobre el desarrollo de la jurisdicción, especialmente en el plano agrario.  “Me dijo que venía a participar en el Siuva porque él creía en la agroexportación”, dijo Fernando Cillóniz sobre la sorpresiva presencia de Pedro Pablo Kuczynsky el pasado miércoles 13 en la inauguración del XXI Simposio Internacional de la Uva de Mesa (Siuva Sur) en la ciudad de Ica. Y es que la presencia del Presidente electo resultó la ocasión perfecta para que el gobernador regional compartiera con él las expectativas de la región y comentara los principales proyectos que aspiran a convertir a Ica en una estrella aún mayor en el plano de la agroexportación. En ese sentido, Cillóniz resaltó que el nuevo Aeropuerto Internacional de Pisco ya se encuentra listo y que existe el anuncio de las aerolíneas cargueras de que llegarán a esta infraestructura para transportar los espárragos que se comercializarán por el inicio de la nueva temporada de este producto. “El aeropuerto de Pisco está terminado. Ya con la temporada de espárrago por empezar, las aerolíneas cargueras anunciaron que vendrán a transportar la carga. Pero buscamos que también vengan aerolíneas comerciales de transporte de pasajeros, especialmente las de bajo costo”, explicó en declaraciones para Radio Programas del Perú. La autoridad contó además que recorrió junto a Kuczynsky la nueva carretera Pisco-Chincha-Ica, la cual se encuentra lista en su totalidad, salvo por una pequeña porción en el distrito de Tambo de Mora (Chincha) que no ha podido culminarse por la presencia de dos chozas de adobe que aún no se han expropiado. “PPK encargó a (Martín) Vizcarra destrabar el inconveniente con una expropiación justa. Ofreció que la carretera estará lista para Navidad”, agregó. Consultado sobre cómo era posible que un proyecto de esta magnitud se retrase más de dos años por un tema que debería tener fácil solución, Cillóniz replicó que en el país debería castigarse no solo la corrupción sino la indolencia. En esa línea, comentó que otro proyecto que se encuentra demorado es el del puerto de Pisco, el cual está en compás de espera por la falta de aprobación del estudio de impacto ambiental. Argumentó que para solucionar estos problemas hay que cambiar de actitud a nivel institucional pues “en el MEF, Proinversión, Ambiente, hay reticencia para firmar permisos. Pero esto se termina el 28 de julio y estoy seguro que a partir de ahí todo será más dinámico”. Dato .Otro punto sobre el que dialogaron Cillóniz y Kuczynsky fue el de “Agua Grande”, que permitirá incrementar sustancialmente los recursos hídricos para la agricultura en Ica gracias al trasvase del líquido elemento desde el río Pampas, la presa de Tambo y del río Pisco hacia Villacurí. Según el diario Correo, el Presidente electo aseguró que destrabará y otorgará celeridad a estos proyectos pues se “ha perdido un montón de tiempo” en Pro Inversión para concretar estas iniciativas y sostener el crecimiento agroexportador del país y ampliar la frontera agrícola.",agraria.pe/agronegocios,https://agraria.pe/noticias/aerolineas-de-carga-listas-para-transportar-11570
2016-07-14,RECONOCIDOS CHEFS Y BARISTAS RECORREN PUNO BUSCANDO CAFÉS DE CALIDAD,"Comitiva visita diversas fincas y dialoga con cafetaleros socios de la Cooperativa San Juan del Oro y de la Central de Cooperativas Agrarias Cafetaleras (CECOVASA).  Atraídos por la calidad del café que se produce en los valles amazónicos de Puno, una delegación de reconocidos profesionales de la gastronomía peruana visitan cafetales de la región para conocer el proceso de producción, cosecha y manejo post cosecha, que garantiza la oferta de granos de café de alta calidad y de taza, y que son reconocidos ganadores de premios naciones e internacionales. De esta manera, el chef y dueño de los restaurantes Malabar y Amaz, Pedro Miguel Schiaffino; el barman Luis Carlos Flores, el barista David Torres de la Tostaduría Bisetti, y el crítico gastronómico Ignacio Medina, integran la comitiva que va recorriendo fincas y dialogando con cafetaleros socios de la Cooperativa San Juan del Oro y la Central de Cooperativas Agrarias Cafetaleras (CECOVASA). Los granos aromáticos de la zona, cultivados por agricultores quechuas y aymaras, recibieron varios reconocimientos. De hecho, de 11 concursos nacionales de cafés de calidad, CECOVASA logró el primer lugar en siete, los cuales destacaron en eventos internacionales promovidos por FLO y Rainforest Alliance. Estos logros significaron el incremento de la demanda internacional por el café de CECOVASA, con precios superiores a los cotizados en la bolsa de Nueva York. “Vendemos varios lotes por encima de 1.400 dólares el saco de 100 libras, trabajados con gran esmero por productores capacitados por nuestra central de cooperativas. Ahora nos esforzamos para incrementar productividad en las chacras, y alentar el consumo interno. Por eso nos alegra la visita de los mejores cocineros y baristas”, señaló Celso Capia, director de la Junta Nacional del Café y presidente de CECOVASA. La central se fundó en 1970 con cinco cooperativas con la finalidad de exportar de forma directa y obtener mejores precios. En 1993 ingresó al mercado de Comercio Justo. Actualmente reúne a ocho cooperativas que aglutinan a cerca de 5.000 productores de café. Los visitantes recorren desde el pasado lunes 11 hasta hoy jueves 14 de julio las fincas de productores de San Juan del Oro, Quiquira, Putina Punco y Masiapo. El viernes 15 la delegación de embajadores de la gastronomía, baristas y dirigentes de las cooperativas se reunirán con las autoridades municipales y del gobierno regional de Puno para exponer sus impresiones de las condiciones de trabajo y proponer políticas para reactivar la caficultura en la región.",agraria.pe/agronegocios,https://agraria.pe/noticias/reconocidos-chefs-y-baristas-recorren-puno-11565
2016-07-13,APPBOSA: PRODUCCIÓN DE BANANA ORGÁNICA PERUANA SE REDUCE CADA SEMANA,"Vocero de productores señala que enfrentan problemas para suplir la demanda internacional pues esta no ha decaído. Actualmente exportan un promedio de 150 containers de este producto semanalmente.  El invierto y los cambios de temperatura están afectando los campos de banana en el Perú. Aunque se esperaba que este periodo fuera de baja producción, este año la reducción de la cosecha ha sido más evidente. Asociaciones y cooperativas trabajan para implementar el manejo de suelos, capacitación y apoyo técnico a los productores, para capear los efectos del clima. La meta es superar las exportaciones del 2015 en 15%. Ronald Garrido, vocero de Cooperativa Agraria APPBOSA, señala que para un óptimo desarrollo de las plantaciones de banana se requiere tanto de sol como agua, pero que las actuales condiciones del clima están ocasionando una seria demora en la fruta. “Es preocupante caminar por nuestras pequeñas parcelas y ver cómo la cosecha de fruta está decreciendo cada semana. Esta situación es generalizada y todas las organizaciones en el valle están registrando baja producción. Mientras, la demanda internacional no decrece, por lo que estamos encontrando dificultades para abastecer los mercados”, declaró para el portal Fresplaza.com. Las babanas orgánicas, como todos los productos de su categoría, tienen valor agregado para el consumidor y los pequeños productores, a quienes ofrece retornos semanales todo el año, lo que llevó a un incremento de las áreas dedicadas al cultivo. “Actualmente exportamos a nivel nacional un promedio de 150 containers de bananas orgánicas por semana, un promedio de 10% más que el año pasado. Adicionalmente, hemos tenido precios fijos y estables todo el año, de 13 dólares por una caja de 18,14 kilos, por lo que nuestras expectativas por la banana orgánica aún son promisorias”, finalizó el vocero. Dato .APPBOSA opera en el centro poblado de Samán, Piura.",agraria.pe/agronegocios,https://agraria.pe/noticias/appbosa-produccion-de-banana-organica-peruana-11558
2016-07-13,“PERÚ ESTÁ ENTRE LOS 10 PRINCIPALES PRODUCTORES DE SUPERFOODS”,"ADEX reconoció en ceremonia especial el trabajo del ministro en el fomento de las agroexportaciones. Funcionario destacó potencialidades aún por explotar de la producción peruana e hizo votos para que próximo gobierno continúe la línea de trabajo.  Durante la ceremonia de reconocimiento que le realizó ayer la Asociación de Exportadores (ADEX), por “su apoyo decidido a la agroexportación peruana”, el ministro de Agricultura, Juan Manuel Benites, recordó algunos de los lineamientos de su trabajo al frente de esta cartera y destacó las potencialidades aún por explotar de diversos sectores productivos del país en concordancia con las nuevas necesidades de los mercados mundiales de alimentos. Así, resaltó que el Perú se encuentra entre los 10 principales productores de ‘Superfoods’, que son los alimentos de alta calidad y valor nutricional, tan demandados en mercados de Europa y Norteamérica como parte de la tendencia de las nuevas generaciones a comer más sano. “Si uno mira las estadísticas, es algo a lo que no le veo techo (al crecimiento del mercado de ‘Superfoods’). La población del mundo crece más rápido que la oferta de alimentos, y uno ve los tipos de productos que tiene nuestro país, en el espacio de hortalizas y frutas, y creo que estamos llamados a ser campeones regionales pronto y de los más importantes productores en el mundo”, comentó el ministro. En esa línea, destacó además que el sector agrícola se haya convertido ya en el segundo generador de divisas del país. De hecho, puntualizó que esperaba que este año llegara a los US$ 6.000 millones, pues cada cinco años las agroexportaciones prácticamente se están duplicando. Observó que si bien el café sigue siendo el principal producto de agroexportación, hay otros que empiezan a aparecer en el horizonte como el cacao y los capsicum, que tienen gran expectativa por su próximo ingreso a Estados Unidos. Reseñó también los casos de la palta que se envía a Asia y la quinua a la India, destinos antes inimaginables. “Eso se debe al empuje del empresariado peruano y al aprovisionamiento de servicios de parte del Estado. Un Estado que tiene una mirada moderna de lo que tiene que ser, que dejó de ser paternalista, que todo regala, subsidia y protege; un estado que derribó barreras de comercio, donde se puso al productor a competir en igualdad de condiciones”, refirió. De esta manera, consideró que la agricultura peruana se encuentra a la vanguardia, pues no se trata del desarrollo solamente de la gran inversión agraria de la costa, sino de la sierra, que tiene expectativas nuevas en el mercado internacional, y la selva, con productos como el cacao, cuyas exportaciones bordean los US$ 300 millones. Finalmente, Benites resaltó que hoy existe una continuidad de políticas para el sector, lo que se ve reflejado en los logros alcanzados por el sector privado organizado en instituciones como ADEX, que crece en número de asociados y de mercados a los que llegan. “El mérito que haya podido tener se debe a un equipo de trabajo con una mística de servicio al país, objetivos claros, esperamos que el próximo gobierno continúe esta línea. El Estado debe seguir apoyando y apostando por este sector, uno de los llamados a estar entre los principales en la diversificación productiva del país”. Dato .Juan Varilias, presidente de ADEX, fue el encargado de entregar la Medalla de ADEX al Mérito al ministro Benites.",agraria.pe/agronegocios,https://agraria.pe/noticias/peru-esta-entre-los-10-principales-productores-11556
2016-07-12,AGROEXPORTACIONES SE QUINTUPLICARON EN PERIODO 2001-2015,"Sector agroexportador es actualmente el segundo generador de divisas para el país.  Las exportaciones de los productos agrícolas pasaron de US$ 1.000 millones en el 2001 a US$ 5.000 millones en el 2015, destacando los envíos de frutas y hortalizas y los denominados 'superfood' (quinua, maca, kiwicha, sacha inchi, etc.), destacó el director de exportaciones de Promperú, Luis Torres Paz. ""El motor de la exportaciones en los últimos 10 años es el agro, al punto que el sector agroexportador hoy en día es el segundo generador de divisas para el país y en términos de exportación no tradicional, es el primer generador de divisas"", declaró a la Agencia Andina. Precisó que el Perú tiene una fuerza importante en espárragos vedes frescos, uvas, paltas, pimientos piquillo, quinua, maca, berries, arándanos, entre otros. ""Tenemos categorías ya definidas en mercados internacionales en cuanto a frutos, hortalizas y una creciente participación de los superfood. Estos llamados superalimentos tienen una fortaleza reconocida en varias partes del mundo"", destacó. Exportaciones no tradicionales Paz destacó además que en el sector agro se ha avanzado mucho en el rubro no tradicional, especialmente con los envíos de confecciones como la alpaca. ""Estamos trabajando de la mano de la industria para poner con mayor énfasis el algodón Pima peruano en mercados internacionales e incorporar otras fibras y tendencias que el mundo está exigiendo"", comentó. Indicó que el posicionamiento internacional de los productos no tradicionales está siendo soportado por la Marca Perú, la misma que está permitiendo una penetración positiva en diferentes mercados. ""Las exportaciones no tradicionales han continuado presentando un avance importante pese a la fuerte volatilidad que se ha visto en los mercados internacionales en los últimos años"", resaltó. Subrayó que ello se ha venido logrando a través de un aumento constante de la participación de empresas peruanas en actividades de promoción realizadas por el Estado a través de Comisión de Promoción del Perú para la Exportación y el Turismo (Promperú) ""Por ejemplo, se está viendo una mayor participación de Pymes en los servicios que se brindan a través de la ruta exportadora. Iniciamos con 700 empresas en el 2011 y ahora tenemos más de 3.000 pymes de 18 regiones país, las mismas que ya están participando en mercados internacionales"", anotó. Promoción De igual modo, remarcó que en los últimos cinco años Promperú consolidó importantes plataformas de promoción y ferias internacionales con el objetivo de que la demanda por productos peruanos se consolide. ""Hemos logrado consolidar un liderazgo en la región a través de la Expoalimentaria para la promoción de alimentos; Perú Moda para el sector confecciones; Industrias Perú para los productos de la construcción y acabados: y Perú Service Summit, para los servicios relacionados al capital humano"", finalizó.",agraria.pe/agronegocios,https://agraria.pe/noticias/agroexportaciones-se-quintuplicaron-en-periodo-11551
2016-07-12,LIMA ES EL DEPARTAMENTO CON MÁS ÁREAS BAJO RIEGO EN EL PAÍS,"A nivel nacional solo el 12% de las áreas de riego en el Perú se encuentra bajo riego tecnificado.  Lima es el departamento con más áreas bajo riego del país con más de 345.000 hectáreas, superando a Piura y La Libertad, señaló el gobernador regional de Lima, Nelson Oswaldo Chui Mejía. La autoridad indicó que dicha cifra (345.000 ha) corresponde a Lima Metropolitana y Lima provincias; sin embargo, dijo que aun descontando a Puente Piedra, Lurín y algunas zonas que todavía son agrícolas, se puede decir que la Región de Lima cuenta con más de 300.000 hectáreas y con eso supera a todas las otras regiones del país en hectáreas bajo riego. “Lo que estamos haciendo en la sierra de Lima son represas que nos permitan almacenar agua y de esa manera ampliar las áreas de riego y mejorar la calidad de vida de los pobladores de dichas zonas”, sostuvo. Destacó que a nivel nacional solo el 12% de las áreas de riego en el Perú se encuentra bajo riego tecnificado, lo que significa que hay muchas hectáreas que deben ser reemplazadas por este moderno sistema. “Tenemos que trabajar mucho en este tema”. Lima, potencia agroexportadora Chui Mejía destacó también el potencial que tiene la región Lima en cada una de sus nueve provincias, donde existen productos exportables y otros que tienen posibilidades en el mercado exterior. “Lima está entre las tres cuencas lecheras más grandes del país, además es el primer productor de durazno y chirimoya del país, tercer productor en palta y primer exportador de mandarinas. También tenemos manzanas, uvas (de mesa y para vino y pisco), arándanos, hortalizas, truchas, entre otros, entonces somos una zona agrícola muy importante”, sostuvo. Asimismo, destacó la instalación de un Centro de Innovación Tecnológica (Cite) en Huacho, el cual ya está en funcionamiento y donde se va a trabajar con tres productos importantes de la región como uva, palta y durazno, con el objetivo de darle valor agregado y producir vinos y piscos, aceite de palta y duraznos deshidratados. Prevenir catástrofe En otro momento, el gobernador advirtió que en la región hay dos represas que están por colapsar y podrían generar una catástrofe. Se trata de la represa de Yongote en Yauyos y la represa Yanacancha en Huancaya, que tienen más de 50 años y a las que se han detectado grietas por donde se filtra agua. “Si cualquiera de estas represa se rompe desaparecerían una o dos ciudades enteras porque justo están encima de estas ciudades que son zonas turísticas de la región, por eso vamos a conversar con el titular del Ministerio de Agricultura y Riego (Minagri) y visitar esas zonas cuyos accesos presentan muchas dificultades”, comentó. Dato . Este 13 y 14 de julio en el Hotel Sol Palmeras (Huacho) se realizará el V Seminario Nacional de Siembra y Cosecha de Agua, “Una Estrategia de Adaptación al Cambio Climático”, evento que organiza el Gobierno Regional de Lima y el Minagri.",agraria.pe/agronegocios,https://agraria.pe/noticias/lima-es-el-departamento-con-mas-areas-bajo-11540
2016-07-11,AGROEXPORTACIONES SUMARON US$ 1.859 MILLONES ENTRE ENERO-MAYO DEL 2016,"Despachos agrarios se destinaron a 133 países, siendo los Estados Unidos el principal destino al captar el 26% del total exportado.  En los primeros cinco meses de este año (enero-mayo), las exportaciones agrarias sumaron US$ 1.859 millones, registrando un incremento de 4% con relación a los US$ 1.596 millones alcanzados en similar periodo del 2015, indicó el Ministerio de Agricultura y Riego (Minagri). Las ventas en ese periodo fueron sustentados por la recuperación y crecimiento de las exportaciones agrarias tradicionales y las mayores compras de Colombia (48%), España (30%), México (29%), Bélgica (23%), Holanda (19%), Francia (16%), Chile (9%) y Estados Unidos (5%). Durante enero – mayo de este año, las exportaciones agrarias tradicionales sumaron US$ 124 millones, monto superior en 36% respecto a similar periodo de 2015; este incremento fue impulsado por la mayor cantidad exportada de café sin tostar (95%). Otros productos tradicionales que destacaron son el azúcar blanca y la lana sin cardar ni peinar que crecieron en 112% y 15%, respectivamente. El rubro tradicional representó el 7% del total de las agroexportaciones. No tradicionales Por su parte, las exportaciones no tradicionales registraron ventas por US$ 1.735 millones, un alza de 2%, en el periodo referido versus el similar del 2015. Este rubro representó el 93% del total de las agroexportaciones, y destacaron las exportaciones de palta por 160 millones de dólares (40% más), las bananas tipo Cavendish Valery con 69 millones de dólares (13% más), y el cacao en grano, con 44 millones de dólares (3% más). Otros productos fueron las frutas frescas con 38 millones de dólares (26% más), páprika entera por 29 millones de dólares (39% más), carmín de cochinilla con 24 millones de dólares (98% más), los arándanos rojos por 24 millones de dólares (209% más). Asimismo, el alcohol etílico con ventas al exterior por 25 millones de dólares (95% más) y las mandarinas frescas, con envíos por 22 millones de dólares (5% más). Balanza comercial De otro lado, entre enero-mayo de este año, la balanza comercial agraria fue positiva en US$ 263 millones, debido a un total exportado de US$ 1.859 millones en comparación con los US$ 1.596 millones registrados por las importaciones, como resultado del mayor volumen neto colocado en el exterior de diversos productos como frijoles comunes (569%), arándanos rojos (263%), aceite de palma en bruto (164%), harina de maca (167%), manteca de cacao (113%), alcohol etílico (101%), café sin tostar (95%), páprika (93%) y azúcar blanca (83%). El resultado de la balanza comercial agraria de enero-mayo, significó una recuperación del 96% respecto del resultado de la balanza comercial del referido periodo del 2015. 133 países destino Entre enero y mayo año, las exportaciones agrarias llegaron a 133 países, siendo los Estados Unidos el principal al captar el 26% del total exportado, seguido por Holanda (17%) y otros países como España, Inglaterra, Ecuador, Colombia, Alemania, China y Chile; estos nueve primeros países de destino concentraron el 71% del total exportado. Solo en mayo las exportaciones agrarias ascendieron a US$ 360 millones, lo que significó un incremento del 3% respecto al mismo mes del año pasado, debido a la recuperación de los precios FOB de exportación y por el incremento del volumen exportado. El Minagri señaló que los principales artículos que aumentaron sus ventas al exterior fueron las paltas frescas al crecer 29%, seguido de bananas tipo Cavendish Valery (17%), cacao en grano (11%), hortalizas preparadas (35%), páprika seca (21%), cebollas frescas (121%), jugo de maracuyá (7%), carmín de cochinilla (103%), espárragos frescos (8%). Asimismo, países como España aumentaron sus compras en 42%, Colombia (38%), China (27%), Inglaterra (25%) y Holanda (25%).",agraria.pe/agronegocios,https://agraria.pe/noticias/agroexportaciones-sumaron-us-1859-millones-11530
2016-07-08,"PALTAS, GRANADAS Y CÍTRICOS IMPULSAN LA RECUPERACIÓN DE AGOEXPORTACIONES","Entre abril y mayo los envíos de frutas y hortalizas mejoraron, alcanzando un avance acumulado de 4%.  Aunque el año no empezó de manera auspiciosa para las agroexportadoras por menores envíos al exterior a causa de la pérdida de valor de productos como la uva Red Globe y efectos en los cultivos del Fenómeno de El Niño, se empieza a ver una recuperación, señaló un informe del diario Gestión. De acuerdo a la publicación, en abril y mayo los envíos de frutas y hortalizas repuntaron, alcanzando un avance acumulado de 4% al quinto mes, apoyado por un mayor volumen y precio de paltas y granadas. Gabriel Amaro, director ejecutivo de la Asociación de Gremios Productores Agrarios del Perú (AGAP), señaló que la tendencia positiva se habría mantenido en junio con un impulso adicional de los cítricos, cuya campaña se intensifica en estos meses. De esta manera, el sector revierte los resultados del primer trimestre, periodo en que frutas y hortalizas cayeron casi 3%. Otro factor relevante en la recuperación de las exportaciones sería el inicio de la temporada fría en la costa, que le viene bien a los productos frescos. Amaro refirió a propósito que una eventual aparición moderada del Fenómeno de La Niña no afectaría el panorama. Durante los primeros meses algunas empresas habrían resistido a la caída e incluso aumentado sus envíos gracias a la diversificación de sus productos y mercados, y el impulso a la venta de alimentos procesados que elevan el valor y alargan la vida útil del producto. “Algunas empresas que reportan solo productos frescos también han tenido un importante crecimiento, debido a que aún contaban con producción no comprometida aprovecharon la oportunidad de exportarla a un mayor precio”, explicó Denegri. Entre los productos que estarían surgiendo como nuevos protagonistas de la agroexportación peruana figuran el banano (que compite con Ecuador, Colombia y Centro América), los arándanos (que multiplica sus ventas al exterior y a mayo último había aumentado en 208% el valor de sus envíos). Entre los productos tradicionales destaca el crecimiento del café por su creciente acogida en el exterior.",agraria.pe/agronegocios,https://agraria.pe/noticias/paltas-granadas-y-citricos-impulsan-la-11521
2016-07-04,TÉCNICOS DEL  INIA Y MINAGRI VIAJAN A BRASIL PARA INTERCAMBIAR EXPERIENCIAS EN PRODUCCIÓN DE ALGODÓN,"Conocerán avances del vecino país en certificación y calidad genética de semillas, y reforzamiento de la asociatividad de la agricultura familiar.  Representantes del Ministerio de Agricultura y Riego (Minagri), del Instituto Nacional de Innovación Agraria (INIA) y agricultores familiares de Pisco, Piura y Lambayeque, que trabajan en la cadena productiva de algodón, visitan Brasil para conocer la experiencia brasileña en el sector algodonero. Durante 20 días, un grupo conformado por 18 personas visitará los estados de Mato Grosso, Minas Gerais e Paraíba, para conocer experiencias en el área de políticas públicas, abastecimiento de semillas de algodón, mecanización, asociatividad y comercialización de la fibra. La misión técnica está conformada, además, por expertos de la Organización de las Naciones Unidas para la Alimentación e Agricultura (FAO), la Agencia Brasileña de Cooperación (ABC), la Empresa Brasileña de Investigación Agropecuaria (EMBRAPA) y la Secretaría Especial de Agricultura Familiar y de Desarrollo Agrario de Brasil. Para Lucía Pajuelo, coordinadora del Área de Regulación en Semillas del INIA, la misión ya está dando frutos interesantes. ""Hemos podido conocer el trabajo que hace EMBRAPA, el INIA brasilero, en el tema de la certificación de semillas, y reconocer el énfasis que le dan a la calidad genética de la semilla, y cuáles son sus procedimientos. Además, dijo que están aprendiendo mucho sobre el trabajo que se está haciendo a nivel de la Agricultura Familiar en el sector algodonero. Recordemos que, en el Perú, el sector algodonero está conformado casi completamente por agricultores familiares. Al igual que en Brasil, más del 90% de los productores peruanos cultivan algodón en menos de cinco hectáreas. ""Existen los mismos problemas y hay mucho trabajo que se puede adaptar a nuestra realidad. Esas políticas que se han desarrollado aquí en Brasil para la Agricultura Familiar empatan mucho con el trabajo que queremos hacer en el INIA para impulsar la productividad y comercialización en este grupo de pequeños productores"", dijo Pajuelo. La visita técnica al Brasil también constituye una oportunidad para que los expertos peruanos y los propios productores algodoneros exploren posibilidades de avanzar hacia mercados diferenciados y nichos que permitan la agregación de valor y la generación de ingreso para las familias. ""Hemos tenido la oportunidad de conocer la forma de organización de una cooperativa de productores, y nos hemos dado cuenta del nivel de organización y orden que se debe tener, y de todos los lineamientos que hay que establecer para poder beneficiar a los socios, a los miembros de las cooperativas. Eso es lo que necesitamos en Perú: pequeños productores organizados como empresarios"", sostuvo Franklin Suarez, representante del MINAGRI. Aprendiendo de los expertos en algodón y agricultura familiar La experiencia brasileña en la actividad algodonera es una referencia en la región, ya que dicho país pasó de importador a exportador de algodón, debido al gran aumento en la productividad. Brasil realizó inversiones significativas en la investigación agropecuaria, que impulsaron el desarrollo de tecnologías adaptadas a las nuevas fronteras agrícolas. Además, es referencia en políticas públicas para la agricultura familiar, ya que el país tiene el 90% de la producción de algodón en manos de los pequeños agricultores familiares. Datos . La visita técnica es parte del proyecto de Cooperación Sur-Sur Trilateral llevado a cabo por el gobierno de Brasil, la FAO y el gobierno peruano con el objetivo de contribuir al desarrollo sostenible de la cadena de valor del algodón y ampliar las capacidades de coordinación interinstitucional para el fortalecimiento del sector. . En Perú, el proyecto de fortalecimiento del sector algodonero tiene la finalidad de promover el intercambio de experiencia y de conocimientos entre las instituciones peruanas y brasileras, además de contribuir al fortalecimiento de las capacidades institucionales. Las zonas de trabajo del proyecto son Piura, Lambayeque e Ica.",agraria.pe/agronegocios,https://agraria.pe/noticias/tecnicos-del-inia-y-minagri-viajan-a-brasil-para-11476
2016-06-28,CPF: LLUVIAS OBLIGAN A CANCELAR ENVÍO DE 20 CONTENEDORES DE PALTAS Y MANDARINAS,"Precipitaciones han interferido con el ritmo de cosecha y modificado la programación de embarques pues el volumen disponible para empaque ha disminuido.  El factor climático sigue afectando el desarrollo de las campañas de cítricos y paltas peruanas. Marianela Rodríguez, vocera de Consorcio de Productores de Frutas (CPF), señaló al portal Fresh Plaza que las lluvias de los últimos días los han obligado a cancelar el envío de 20 contendores de paltas y mandarinas con destino a Europa y Estados Unidos. “Aunque no es lo deseable, cualquier tipo de lluvia irrumpe el ritmo de cosecha y afecta directamente la programación de embarque al disminuir el volumen disponible para proceso de empaque”, apuntó. Agregó que si bien no hay pérdidas sustanciales pues la fruta sigue segura en el árbol, la incertidumbre sobre la fecha que se podrá retomar la cosecha, y el consecuente retraso en las exportaciones, puede tener consecuencias significativas en el desarrollo del mercado. “En cuanto deje de llover podremos retomar el ritmo de cosecha, la fruta no se pierde, solo se retrasa o altera el número de contenedores a enviar. A pesar de esta variación, confiamos en el equilibro que se está logrando en los diferentes mercados con indicadores de mejora en los precios y condiciones comerciales”, afirmó Rodríguez. También refirió que las expectativas para los meses de julio y agosto son prometedoras debido a la transición hacia La Flor Loca de México*, lo cual está permitiendo una buena ventana de comercialización para la palta proveniente de Perú y California en el mercado americano y europeo. “Es importante considerar que, a la fecha, las proyecciones de Perú se han ajustado y es muy probable que, en comparación con la campaña pasada, no se vea un incremento de más del 5%. Las condiciones climáticas del Fenómeno de El Niño afectaron directamente el crecimiento de la fruta variando el cálculo de tonelaje por hectárea al migrar hacia calibres más pequeños”, finalizó la representante de CPF. Dato *Se llama ‘La Flor Loca’ a la primera de las tres floraciones de paltas en territorio Mexicano, la que ocurre entre julio y agosto.",agraria.pe/agronegocios,https://agraria.pe/noticias/cpf-lluvias-obligan-a-cancelar-envio-de-20-contenedores-11439
2016-06-24,"A DIFERENCIA DE LA RED GLOBE, LAS UVAS SIN SEMILLA INCREMENTAN SU PRODUCCIÓN","Productor del norte peruano es más optimista sobre resultados de la temporada de este año pues los factores climáticos mejoraron a diferencia del 2015. Advirtió que con la Red Globe hubo una oferta desordenada del producto que saturó el mercado.  La campaña de la uva empieza a finales de septiembre en Perú pero los preparativos de los agricultores ya se iniciaron. César Morocho, vocero de Frutas Piuranas, comentó que si bien la temporada del 2015 fue un poco complicada por las altas temperaturas, este año las condiciones meteorológicas han mejorado. “Si analizamos la situación actual, el total de hectáreas de producción de uvas no ha incrementado mucho. Donde vemos un cambio muy grande es en la producción de la Red Globe, la cual está siendo cambiada a seedless (sin semilla) o, en algunos casos, está siendo reemplaza por los arándanos. Esta tendencia se debe a que esta es una variedad que se ha visto saturada en el mercado. El exceso de oferta, quizá un poco desordenada, no está dando buenos retornos en las últimas campañas”, explicó Morocho. Agregó que por ello, a diferencia de la Red Globe, las variedades seedless experimentan un incremento de producción, pero siempre en relación con la demanda de los mercados y manteniendo una competencia equilibrada. El representante aseguró que hay mucha demanda por sus uvas, pero que el mercado es un poco impredecible, por lo que tienen que ver cómo se mantiene la producción en otros países. “En el caso específico de Chile como principal competidor, tenemos que esperar a ver cómo viene su oferta. Recordemos que en la región norte de Perú, en Piura específicamente, la cosecha y exportación se da entre los meses de octubre a diciembre”, apuntó finalmente. Fuente: freshplaza.com",agraria.pe/agronegocios,https://agraria.pe/noticias/a-diferencia-de-la-red-globe-las-uvas-sin-semilla-11417
2016-06-23,RECOMIENDAN USO DE CAJAS DE CARTÓN CORRUGADO PARA PRESENTACIÓN DE LA FRUTA,"Capacitación busca la innovación de envases para los productos especialmente agroindustriales debido al auge agroexportador los últimos años en Perú.  Sierra Exportadora realizó ayer el taller sobre desarrollo de marca, envase y embalaje de productos para la exportación. El evento se desarrolló en el distrito de Montero (Piura) con el apoyo de la Escuela de Empresarios IPAE, la facultad de Agronomía de la Universidad Nacional de Piura y las municipalidades distritales de Montero y San Miguel del Faique. El taller estuvo dirigido a pequeñas y medianas empresas que elaboran productos con valor agregado, asociaciones de pequeños productores y universidades con especializaciones, quienes tienen como objetivo dar a conocer la innovación de envases y embalajes para los productos, especialmente agroindustriales, gracias al auge agroexportador de los últimos años en nuestro país. La marca, el envase y el empaque para productos de exportación tienen como función fundamental fortalecer un producto, pues el envase es el primer contacto visual y estimula a que el consumidor se acerque a la vitrina para conocerlo y adquirirlo. Al respecto, el jefe de la sede Piura de Sierra Exportadora, Juan Castillo Ocaña, señaló que se busca dar a conocer la importancia del establecimiento de marca y el adecuado uso de envases y embalajes en el desarrollo de productos con valor agregado y presentaciones adecuadas, que permita a los productores y pequeñas y medianas empresas, ingresar y posicionarse en mercados exigentes como los retails y el mercado internacional. “Un envase de mala calidad puede resultar contraproducente para el productor, exportador y distribuidor ya que puede dañar y descomponer el producto, asimismo, un mal envase y/o embalaje puede generar la pérdida de una venta y hasta la pérdida del cliente”, explicó. Por su parte, el gobernador regional de Piura, Reynaldo Hilbck, resaltó la labor de Sierra Exportadora en el fortalecimiento de las capacidades de los productores y a la mediana empresa, promoviendo el desarrollo de productos con valor agregado. El curso taller tuvo como ponente principal al presidente del Instituto Peruano de Envases, Jaime Reátegui, quien durante su ponencia indicó que un cambio en la presentación del producto puede elevar hasta en un 10% las ventas del mismo. Se recomendó el uso de cajas de cartón corrugado, ya que éste ofrece grandes ventajas: mejoran la presentación de la fruta, reducen las mermas de los productos y los costos de flete, mejoran el apilamiento, comercialización y brinda facilidad en el transporte. Dato . La industria del envase y embalaje en el Perú representa el 1.8% del PBI del país y anualmente genera mano de obra a cerca de 100 mil personas.",agraria.pe/agronegocios,https://agraria.pe/noticias/recomiendan-uso-de-cajas-de-carton-corrugado-11406
2016-06-23,AGROEXPORTACIONES PERUANAS A REINO UNIDO NO SE VERÍAN AFECTADAS EN CASO  SE SEPARE DE LA U.E.,"Los principales productos de agroexportación de Perú hacia el Reino Unido son cítricos, paltas, uvas, espárragos, entre otros.  Hoy los británicos decidirán, mediante un referendo, si el Reino Unido permanece o no como miembro de la Unión Europea (U.E.). En un escenario así, es pertinente preguntarse qué efectos podría generar su eventual retiro de esta comunidad político-económica en nuestras agroexportaciones; más si consideramos que Perú cuenta con TLC y permisos fitosanitarios para exportar hacia la comunidad europea como bloque pero no a Gran Bretaña. Agraria.pe conversó con el jefe del Servicio Nacional de Sanidad Agraria (Senasa), Jorge Barrenechea Cabrera, quien indicó que no cree que se vean perjudicadas las agroexportaciones peruanas hacia Reino Unido. “Todos los retiros de los países miembros de estos bloques económicos tienen gradualidad. Cuando Venezuela se retiró de la Comunidad Andina ellos tenían que seguir cumpliendo la norma andina por cinco años, seguramente algo de eso existe en la legislación europea”, sostuvo. En ese sentido, señaló que tiene que haber un periodo de transición para que Reino Unido construya también su marco regulatorio para el acceso de productos. Cabrera Barnechea destacó que los principales productos de agroexportación de Perú hacia el Reinlo Unido son uvas, paltas, cítricos, espárragos, entre otros. Condiciones de apertura comercial se mantiene por algunos años Por su parte, un especialista en agronegocios globales, quien prefirió mantener su nombre en reserva, señaló que en todos los acuerdos de integración cuando uno de los miembros se retira enfrenta cláusulas restrictivas para que por algunos años mantenga las condiciones de apertura comercial. “Si bien es cierto en el caso del retiro de Reino Unido de la Unión Europea puede ser por temas políticos o migratorios, el comercio logra vencer esas barreras”, sostuvo la fuente. “Una hipotética separación tendría que tener un acuerdo de la continuación de los acuerdos de apertura Reino Unido – Unión Europea y también para terceros porque la articulación de los sistemas de integración es un tema en el marco de la Organización Mundial de Comercio (OMC)”. Citó el caso de la Comunidad Andina, en donde si un Estado miembro se retira, las condiciones normativas se preservan por cinco años “es como un mutuo disenso en un divorcio, es decir comparten cosas”. En ese sentido, señaló que las condiciones de mercado se mantendrían y lo que cambiaría son las condiciones de otro tipo que no necesariamente afectarían el sector agrícola. “Lo que se prevé es que de darse esta separación no afectaría en lo sustancial a las agroexportaciones peruanas”, finalizó.",agraria.pe/agronegocios,https://agraria.pe/noticias/agroexportaciones-peruanas-a-reino-unido-no-se-11401
2016-06-22,ICA LIDERÓ LA EXPORTACIÓN DE FRUTAS FRESCAS Y SECAS POR REGIONES,"La costa peruana destacó en general en la exportación de hortalizas, frutas, jugos, entre otros.  La costa peruana sobresale como una región de gran producción de alimentos para la exportación. De hecho, Ica, La Libertad, Lambayeque, Piura y Tumbes, son los cinco departamentos de esta zona geográfica que tuvieron como punta de lanza este tipo de productos con resultados resaltantes. Así se infiere de la información publicada en el Boletín Regional de Exportaciones elaborado por el área de Inteligencia Comercial de la Asociación de Exportadores (ADEX). De acuerdo al documento, Ica es el departamento peruano que más ventas de frutas frescas y secas realizó al exterior durante el mes de abril, alcanzando un valor total por este concepto de US$ 198.060.000. En segundo lugar tuvo a las hortalizas frescas y secas con ventas por US$ 62.995.000. También destacaron productos vegetales por US$ 20.718.000, y preparaciones y conservas de pescado por US$ 12.721.000. En tanto, La Libertad tuvo como principal rubro de exportación durante el cuarto mes del año a las hortalizas en conserva, con ventas por un valor de US$ 66.934.000. Le siguieron en importancia las frutas frescas y secas con exportaciones por US$ 48.356.000; hortalizas frescas y secas por US$ 30.703.000 y otros productos de la industria alimentaria por US$ 26.259.000. Por su parte, Lambayeque destacó en el mismo periodo con la venta al exterior de frutas frescas y secas por US$ 31.417.000, hortalizas en conserva por US$ 18.913.000, jugos de fruta por US$ 9.165.000, otros productos de la industria alimentaria por US$ 8.863.000 y cereales y derivados por US$ 4.470.000. Otro acápite destacado es para el departamento de Piura, que vendió frutas frescas y secas por un valor de US$ 180.427.000; moluscos congelados, secos, salados o en salmuera por US$ 42.665.000, pescado congelado por US$ 37.903.000 y preparación y conservas de moluscos por US$ 22.790.000. Finalmente, el departamento de Tumbes tuvo como principal producto de exportación en este periodo a los crustáceos congelados con ventas por US$ 34.605.000. Le siguieron el pescado congelado con ventas por US$ 3.219.000, las frutas frescas y secas por US$ 1.220.000; los moluscos congelados, secos, salados o en salmuera por US$ 1.165.000 y la preparación y conservas en moluscos por US$ 215.000.",agraria.pe/agronegocios,https://agraria.pe/noticias/ica-lidero-la-exportacion-de-frutas-frescas-11390
2016-06-21,AGRONEGOCIOS LOS ÁNGELES  EXPORTARÁ POR PRIMERA VEZ BANANO ORGÁNICO DE PIURA A PAÍSES BAJOS,"En el 2015, Perú exportó más de US$ 40 millones en bananos orgánicos a Holanda.  La empresa peruana Agronegocios Los Ángeles comercializará banano orgánico a Holanda, cultivados por 14 productores de Piura, incursionando así en el mercado de los Países Bajos y generando negocios por US$ 4 millones. El ingreso de Agronegocios a Holanda, es el resultado de un trabajo de coordinación y apoyo que la Oficina Comercial del Perú en Rotterdam (OCEX Rotterdam) ha realizado, después que la referida compañía contactó a sus representantes solicitando contactos con potenciales compradores en ese país. Ante el requerimiento, la OCEX Rotterdam realizó un análisis de las características del mercado y logró obtener compradores para el banano orgánico peruano. Entre estos, destacan empresas de gran trayectoria que proveen de banano a grandes cadenas de supermercados en Holanda y Europa: Superunie, Coop Supermarkt, Edeka y Carrefour. De acuerdo a la Oficina Comercial del Perú en Rotterdam, durante los primeros 4 meses del 2016, las exportaciones del sector agro a los Países Bajos siguen creciendo y presentan un incremento de 9% en comparación con el mismo periodo del año anterior. En el 2015, Perú exportó más de US$ 40 millones en bananos orgánicos a Holanda, lo que demuestra la creciente demanda de esta fruta en este relevante mercado europeo. Considerando que el banano es el tercer producto con mayores índices de exportación a los Países Bajos, este mercado se presenta con gran potencial para los productores y los exportadores peruanos.",agraria.pe/agronegocios,https://agraria.pe/noticias/agronegocios-los-angeles-exportara-por-11382
2016-06-20,AGROEXPORTACIONES SE CONSOLIDARON EN PERÍODO 2011-2016,"Crecimiento del sector evitó que se vieran más afectadas las exportaciones totales (Agrara.pe) Las agroexportaciones peruanas se consolidaron en los últimos cinco años (2011-2016), y su evolución positiva contribuyó a que las exportaciones totales no se vieran más afectadas por la menor demanda internacional, señaló la titular del Ministerio de Comercio Exterior y Turismo (Mincetur), Magali Silva Velarde - Álvarez “Es innegable que nuestras exportaciones se vieron afectadas por la coyuntura externa. Sin embargo, el crecimiento que mostró el sector agroexportador ha sido fundamental para evitar una mayor contracción de nuestros envíos en general”, comentó a la Agencia “Andina”. Detalló que durante el periodo enero-abril de este año, las agroexportaciones nacionales alcanzaron los US$ 1.492 millones, monto superior en 4% al obtenido en similar período de 2015. La titular del Mincetur refirió también que las exportaciones totales peruanas entre enero y abril de este año sumaron US$ 10.110.8 millones, cantidad inferior a lo obtenido en similar periodo del 2015, donde ascendió a US$ 10.315.4 millones. Sin embargo, solo en abril de este año, las exportaciones totales alcanzaron los US$ 2.634 millones, monto que superó a los US$ 1.605 millones obtenidos en el mismo mes de 2015. “Es importante mantener este ritmo. Para ello, se han desarrollado iniciativas destinadas a promover el ingreso de nuestros productos a nuevos mercados, trabajando estrechamente con los empresarios”, finalizó.",agraria.pe/agronegocios,https://agraria.pe/noticias/agroexportaciones-se-consolidaron-en-periodo-11373
2016-06-17,DESCENSO DE TEMPERATURAS EN LA SIERRA NORTE Y CENTRAL CONTINUARÁN HASTA MAÑANA,"En tanto, de 18 al 22 de junio, se prevé el descenso de las temperaturas mínimas en gran parte de la sierra sur  El Servicio Nacional de Meteorología e Hidrología del Perú (Senamhi), informó que las bajas temperaturas en la sierra norte y central continuarán hasta el sábado 18 de junio. Al respecto, las localidades por encima de los 3.500 m.s.n.m. en los departamentos de Pasco, Junín y Huancavelica mantendrán temperaturas por debajo de los 0° C. Así mismo, del 18 al 22 de junio, se prevé el descenso de las temperaturas mínimas en gran parte de la sierra sur, afectando con mayor intensidad a las localidades por encima de los 3.800 msnm en los departamentos de Arequipa, Puno, Moquegua y Tacna. Además, se espera una temperatura mínima de -20° C en Mazocruz (Puno). Departamentos alertados: Áncash, Apurímac, Arequipa, Ayacucho, Cajamarca, Cusco, Huancavelica, Huánuco, Junín, La Libertad, Lambayeque, Lima, Moquegua, Pasco, Piura, Puno, Tacna. Dato . Si desea consultar las provincias alertadas dele clic al siguiente link http://www.senamhi.gob.pe/avisos",agraria.pe/agronegocios,https://agraria.pe/noticias/descenso-de-temperaturas-en-la-sierra-norte-11362
2016-06-17,APEISA NO LOGRA CRECIMIENTO ESPERADO EN CULTIVOS DE GRANADAS POR IMPACTO DE EL NIÑO,"La empresa esperaba crecer 40% en este campo pero alcanzó solamente un 8%. Sin embargo, representante es optimista con respecto al futuro para exportación de la fruta.  Como ha sucedido con la mayoría de cultivos en Sudamérica, las granadas no escaparon a los efectos de El Niño en Perú. “La cosecha terminó a fines de mayo con un prospecto de crecimiento de 8% comparado con el año pasado. Aunque todo crecimiento en producción es positivo, el estimado al inicio de la campaña era alcanzar el 40%, los cambios en el clima nos afectaron”, afirmó José Luis Gereda, director de Corporación APEISA en declaraciones para el portal “Fresh Plaza”. “Las opiniones están divididas, pues muchas fuentes afirman que el factor que afectó la producción ha sido las altas temperaturas, en tanto que otros dicen que fue la radiación solar. De lo que estamos seguros es de que ambos factores impactaron en la calidad reduciendo los volúmenes de fruta exportable. Para sobreponernos, la cosecha empezó más temprano, por lo que algunos importadores predijeron que el rango inicial de producción se mantendría, pero en realidad la campaña terminó mucho más temprano de lo esperado. En cuanto al volumen de producción, es lógico que los resultados no fueron los esperados y es el caso también de los precios comparados con los de la temporada previa”, explicó Gereda. “Esta campaña nos ha enseñado que, como medida preventiva, necesitamos mejorar las estructuras en los campos para proteger la fruta y también retrasar la cosecha en los nuevos campos para reducir el impacto del daño solar. Afortunadamente, los mercados a los que apuntamos continúan creciendo, incluyendo el norteamericano, así que nos mantenemos optimistas en cuanto al futuro de la fruta”, concluyó.",agraria.pe/agronegocios,https://agraria.pe/noticias/apeisa-no-logra-crecimiento-esperado-en-11360
2016-06-15,SENAMHI REALIZARÁ CURSO TALLER SOBRE EL FRIAJE Y SUS EFECTOS EN SAN MARTÍN,"El objetivo es fortalecer las capacidades preventivas de los gobiernos locales, tomadores de decisión y periodistas de la región frente a los daños que causan los eventos hidrometeorológicos extremos.  El Servicio Nacional de Meteorología e Hidrología del Perú (Senamhi) realizará este viernes 17 de junio el curso taller ""El friaje y sus efectos en San Martín: Preparándonos para una Buena Gestión del Riesgo de Desastres en nuestra región"". Esta actividad tiene por objetivo fortalecer las capacidades preventivas de los gobiernos locales, tomadores de decisión y periodistas de la región frente a los daños que causan los eventos hidrometeorológicos extremos como el friaje, desarrollando una cultura de prevención e integración multisectorial. Entre los temas a tratar destacan: ""Los friajes en la Amazonía: Su origen, sus características y su pronóstico""; ""El impacto del friaje y bajas temperaturas en la Región San Martín""; ""Riesgos agroclimáticos por bajas temperaturas en la Región San Martín""; ""La difusión y el rol de la comunicación del Senamhi en eventos hidrometeorológicos""; y ""El esfuerzo multisectorial para enfrentar el friaje y bajas temperaturas"". Dato . El taller se realizará en la Sala de Conferencias de Cerro Verde Tarapoto Hotel, ubicado en Jr. Augusto B. Leguía 596, Tarapoto (San Martín). Para mayor información comuníquese con Merlin Flores Ruiz al correomflores@senamhi.gob.pe o al celular 954076719 - RPM #954076719.",agraria.pe/agronegocios,https://agraria.pe/noticias/senamhi-realizara-curso-taller-sobre-el-11342
2016-06-15,CAE LA DEMANDA DE BANANAS ORGÁNICAS,"A pesar de cambios en el clima de la selva peruana, la producción de este fruto se ha normalizado pero la demanda en el exterior ha caído bruscamente.  Después de meses de continuas lluvias y temperaturas más altas de lo usual, los campos de cultivo, como se esperaba, fueron afectados severamente, aunque la producción de bananas orgánicas en la selva peruana ha estado recuperándose de forma gradual. “Tuvimos mucha lluvia, y debido a la humedad enfrentamos la aparición de hongos, lo que afectó nuestra producción en los primeros meses del año. Afortunadamente, desde mayo, las temperaturas se han normalizado y el control de plagas ha sido exitoso, por lo que nuestra producción se desarrolla como debiera”, explicó Raúl Villa de Consorcio Agrícola del Norte al portal “fresplaza.com”. En tanto la producción orgánica del Perú ha ido creciendo en los años recientes, el país cuenta con pocos productores de bananas orgánicas, las que, a diferencia de los países productores de bananas grandes, tienen poca competencia doméstica. “Hay pocos productores de bananas orgánicas en nuestro país, a pesar de ser una tendencia en crecimiento. Los requerimientos por certificaciones son muy específicos y exigentes. Nosotros, como consorcio, hemos tenido la necesidad de certificar para exportar nuestras bananas orgánicas por algunos años, pero el crecimiento de la demanda es lento”, resalta Villa. El vocero comentó que tienen producción todo el año y que actualmente la demanda de bananas ha caído bruscamente puesto que las vacaciones de verano están próximas en Europa y aún quedan conteiners por exportar. “Felizmente, la fruta se vende en el mercado doméstico y confiamos que en un par de meses la demanda se normalice nuevamente”, finalizó el exportador.",agraria.pe/agronegocios,https://agraria.pe/noticias/cae-la-demanda-de-bananas-organicas-11339
2016-06-15,“ESTE ES EL GOBIERNO QUE MÁS LE HA DEDICADO ESFUERZOS A LA AGRICULTURA FAMILIAR”,"Funcionario desmintió que actual administración se haya concentrado únicamente en el desarrollo de la agroexportación y destacó que el programa Mi Riego se dedicó de forma exclusiva a desarrollar el acceso al recurso hídrico a más de 1.000 metros de altura.  Una de las críticas más recurrentes que se escuchan entre los gremios de pequeños productores a la actual administración de gobierno es un énfasis casi exclusivo en el desarrollo de los grandes proyectos de irrigación para la agroexportación, dejando de lado a los pequeños agricultores. Sin embargo, para el ministro de Agricultura y Riego, Juan Benites, se trata de una percepción totalmente errada y que, por el contrario, este ha sido el gobierno que más esfuerzos ha hecho por la agricultura familiar. Consultado al respecto por Agraria.pe, el funcionario señaló que si bien durante los últimos años se ha propiciado la gran irrigación en la costa, es la primera vez en por lo menos 20 años que se le da importancia a la agricultura de la sierra. Destacó en ese sentido el fondo Mi Riego, que ha significado más del 60% del presupuesto del Ministerio de Agricultura y Riego (Minagri) en años recientes y que se ha dedicado de forma exclusiva al riego a más de 1.000 metros de altura, lo que está generando 140.000 hectáreas bajo riego, un 20% a 25% de la brecha de infraestructura que todavía se necesita cerrar. “Es importante reconocer que además de agua se está llevando crédito con el Agrobanco, que ha crecido 10 veces desde que empezó este gobierno a la fecha y que ha sido destinado básicamente a pequeños agricultores, entre ellos los cafetaleros, y también estamos trabajando en enfoques de asistencia técnica, asociados a crédito una parte y otros a talentos rurales, lo que también es un enfoque hacia seguridad alimentaria y hacia la agricultura familiar. Este es el gobierno que más le ha dedicado esfuerzos a la agricultura familiar y eso creo que tiene que ver sobre todo con el núcleo duro de la pobreza, que se ha reducido casi 17% en este gobierno”, explicó. Agenda pendiente Preguntado sobre los temas pendientes que dejará su despacho al próximo gobierno, Benites señaló en primer lugar el proyecto de titulación de tierras que, aseguró, “tiene todo listo” para echarse a andar y cerrar esta brecha en la asignación de derechos tanto en la parte andina de nuestro territorio como en la selva, especialmente en las comunidades nativas. Señaló que es un campo en donde no se pudo avanzar en la actual administración por problemas administrativos pero que el próximo gobierno podrá sacar adelante. Otro punto que reseñó es la iniciativa para cerrar la brecha en riego, que este gobierno habría ayudado a reducir especialmente en la sierra hasta en 25%. “Pero falta otro 75% y para ello se requiere por lo menos de 500 millones de soles por año, no menos que eso, para que en un plazo de una década el agricultor, sobre todo de la sierra que es donde está la seguridad alimentaria del país, pueda tener más campañas al año, productos estandarizados, mayor competitividad y mejores ingresos”. En el campo de los logros que deja su gestión, el ministro mencionó el reconocimiento de la importancia del eje del agua en la política agraria, especialmente con los avances en los proyectos de irrigación, Mi Riego, e iniciativas privadas en la costa para almacenamiento de agua y expansión de la frontera agrícola. Destacó la importancia de incentivar la siembra y cosecha de agua, sobre todo en zonas altas pues hay un problema de adaptación al cambio climático y se estima que hacia el año 2035 los glaciares desaparecerían. En esa línea, remarcó la importancia de trabajar en la reforestación de las partes altas para tener fuentes de agua seguras y desarrollar un gran programa nacional de riego tecnificado que optimice el recurso pues, si bien se puede asegurar la fuente, es necesario usarla mejor ya que hoy la eficiencia de uso es de 30% en la costa y prácticamente nula en la sierra. En ambos casos se requiere riego tecnificado, competitividad, ahorro del recursos y ampliación de la frontera agrícola. Finalmente, Benites refirió que deja como legado una agricultura sana que crece 3.2% en promedio durante los últimos cinco años y con exportaciones que crecen alrededor de 20% cada año. “Ahora estamos en unos 1.500 millones de dólares, esperamos pasar los 6.000 millones de dólares a fin de año y con la perspectiva de alcanzar la meta de 10.000 millones de dólares anuales al 2021”, estimó.",agraria.pe/agronegocios,https://agraria.pe/noticias/este-es-el-gobierno-que-mas-le-ha-11337
2016-06-15,AGROEXPORTACIONES PERUANAS CRECIERON EN PROMEDIO 6.9% ANUAL EN LOS ÚLTIMOS DIEZ AÑOS,"Las exportaciones agrarias no tradicionales casi se cuadruplicaron pasando de US$ 1.220 millones en el 2006 a US$ 4.398 millones el año pasado  En los últimos diez años (2006-2015), las agroexportaciones peruanas crecieron a una tasa promedio de 6.9% al año, señaló la gerente general de la Sociedad Peruana de Comercio Exterior del Perú (Comex Perú), Jessica Luna. La ejecutiva detalló que del 2006 al 2015 las exportaciones agrarias tradicionales crecieron a un promedio anual de 7.7%, mientras que las exportaciones agrarias no tradicionales aumentaron en promedio 15.9% al año. “En el periodo analizado, las exportaciones agrarias no tradicionales casi se cuadruplicaron pasando de US$ 1.220 millones en el 2006 a US$ 4.398 millones el año pasado”, sostuvo Jessica Luna. En ese sentido, indicó que este importante crecimiento se debió al marco regulatorio que promueve el sector, es decir la Ley de Promoción Agraria (Ley N° 27360), además de los Tratados de Libre Comercio (TLC) que se suscribieron con Estados Unidos, China, la Unión Europea, que definieron accesos a mercados seguros y transparentes para los actores del sector La gerente general de Comex Perú, agregó que entre los productos de agroexportación no tradicional destacan las uvas frescas, mangos, espárragos, paltas, banano. “Estos productos se pueden encontrar en la mayor parte de los mercados a nivel mundial y estamos orgullosos de ofrecer esta calidad de alimentos al mundo”. Dato . Jessica Luna destacó que este dinamismo agroexportador también ha generado un desarrollo de las importaciones en todo lo que está relacionado a la cadena del sector como son los empaques, entre otros.",agraria.pe/agronegocios,https://agraria.pe/noticias/agroexportaciones-peruanas-crecieron-11336
2016-06-14,PIURA Y TUMBES TIENEN POTENCIAL PARA PRODUCIR QUESO MADURADO DE CABRA,"Productores de Marcavelica (Sullana) y Paimas (Ayabaca) son capacitados por Sierra Exportadora en nuevas técnicas de elaboración, pasteurización e higiene.  Sierra Exportadora, en el marco de su Programa Nacional de Quesos Madurados, capacita a los productores de los distritos piuranos de Marcavelica (Sullana) y Paimas (Ayabaca), en la elaboración de quesos de cabra a fin de mejorar sus ingresos, asesorándolos para que produzcan quesos madurados por la demanda creciente de estos en el mercado nacional Al respecto, el presidente de Sierra Exportadora, Alfonso Velásquez Tuesta, manifestó que actualmente el queso de cabra es muy solicitado por ser bajo en grasas saturadas, se digiere mejor, reduce el colesterol, tiene más nutrientes (vitaminas, minerales y proteínas) y además previene algunas enfermedades. También es recomendado para alérgicos a la proteína de la leche de vaca y para intolerantes a la lactosa. Asimismo, señaló que Tumbes es otra de las regiones que destaca en la crianza de ganado caprino con más de 100 mil cabezas. El gobierno regional tiene programado entregar 500 sementales de raza de cabras lecheras a sus principales productores para mejorar la productividad de la zona. De esa forma, la producción de leche por cabeza pasaría de medio litro por día a tres o cuatro litros. Según el Censo Nacional Agrario (Cenagro) del 2012, Piura ocupa el primer lugar a escala nacional en población ganadera caprina con 256.860 cabezas. Sullana es la provincia con mayor población con 81.083, seguido de Ayabaca con 74.289 cabezas. En Perú aproximadamente 210 mil familias se dedican y viven de la crianza de caprinos. ""Estos pequeños productores en su mayoría tienen necesidades básicas insatisfechas, por lo que al capacitarlos y mejorar su competitividad se les ayuda a mejorar su condición económica"", comentó Velásquez. Aseguran la inocuidad Por su parte, el jefe del Programa Nacional de Quesos Madurados, Hugo Valdez Osorio, detalló que se capacita a los productores para que produzcan quesos con un mínimo de dos meses de maduración, asegurando así la inocuidad. ""Se les asesora en el uso de una indumentaria adecuada que garantice la inocuidad del productos, también para que tengan una presentación adecuada que facilite su penetración en el mercado nacional"", dijo. Valdez sostuvo que si se desarrolla e incrementa la productividad del queso de cabra en Piura y Tumbes, la producción podría cubrir la demanda de queso de cabra de Lima, reduciendo su importación. Datos . El I Seminario Internacional de Quesos de Cabra tuvo el apoyo de la Universidad Nacional de Piura (UNP) y CEDEPAS Norte y contó con la participación del especialista español, Rubén Valbuena, de la granja Cantagrullas (de Valladolid-España), reconocido mundialmente por su amplia experiencia en la elaboración artesanal de quesos de cabra, oveja y tres leches. . En España el consumo de quesos en general sobrepasa los 7 kg por habitante al año; en Europa, los países que lideran este consumo son Grecia, Francia y Holanda, que en promedio alcanzan los 30 kg por persona al año, se informó durante el seminario.",agraria.pe/agronegocios,https://agraria.pe/noticias/piura-y-tumbes-tienen-potencial-para-11327
2016-06-10,INIA PRESENTÓ VARIEDADES DE PAPAS MEJORADAS DURANTE FESTIVAL ‘PAPEA PERÚ 2016’,"Además, estudiantes universitarios de Junín fueron capacitados en la elaboración de abonos orgánicos.  La Estación Especial Santa Ana del Instituto Nacional de Innovación Agraria (INIA) participó del festival ‘Papea Perú 2016’, que contó con la concurrencia de pequeños y medianos productores, funcionarios del sector agrario, estudiantes y representantes de la Municipalidad Provincial de Huancayo. A través de un módulo informativo los especialistas disertaron sobre avances en seguridad alimentaria, investigación y transferencia de tecnología. Además, presentaron las variedades de papas mejoradas por el INIA como: INIA 308 Colparina, INIA 309 Serranita, INIA 313 Wankita, INI 314 Tocasina; INIA 318 Xauxa, INIA 319 Real Sicaína y la INIA 321 Kawsay, ente otras. “Estos cultivares son resistentes a plagas y enfermedades, de alto valor nutritivo, precocidad y mayor rendimiento”, señaló Miguel Mayco Toykin, especialista de la EEA Santa Ana. Los visitantes disfrutaron también de la variada gastronomía y de la costumbre Llumchuy waqachi o papa suegra, que consiste en que las mujeres solteras pelen el tubérculo para poder casarse según una antigua tradición. Durante el evento también se presentó la papa más larga del mundo, con la que se preparó una papa a la huancaína. Estudiantes capacitados en abonos orgánicos En tato, la entidad informo también que fueron más de 40 los estudiantes de la Universidad Alas Peruanas del departamento de Huancayo los capacitados en producción de abonos orgánicos. El Instituto Nacional de Innovación Agraria (INIA) destacó que el evento tuvo como objetivo informar a los alumnos sobre la importancia de la producción y elaboración de fertilizantes para contribuir con el ornato de la ciudad y mejorar la producción del cultivo. Cabe resaltar que los abonos orgánicos permiten aprovechar los residuos del suelo y mejorar la capacidad de absorción del agua para garantizar una buena producción de cultivos.",agraria.pe/agronegocios,https://agraria.pe/noticias/inia-presento-variedades-de-papas-mejoradas-durante-11309
2016-06-08,PROMUEVEN CULTIVO DE LA PITAHAYA EN LA SIERRA DE PIURA,"Entre marzo y abril del presente año, el precio de este fruto en Perú se incrementó en 100%, de S/ 7 el kilo a S/ 14 el kilogramo, debido a que no está ingresando pitahaya del vecino país de Ecuador.  Sierra Exportadora organiza hoy y mañana el curso-taller denominado “Producción y comercialización de la Pitahaya” en coordinación con la municipalidad distrital de Montero y la municipalidad provincial de Huancabamba. La sede descentralizada del mencionado organismo público en Piura, desarrollará una capacitación teórico-práctico en los auditorios de las mencionadas casas comunales y después instalará el cultivo de la pitahaya en las parcelas que ya se encuentran listas en Montero y Huancabamba, iniciándose así la promoción de este cultivo en la sierra piurana. Los cursos-taller forman parte del programa de actividades que se iniciaron el pasado 27 y 28 de abril, cuando una delegación de funcionarios y productores de la provincia de Huancabamba y el distrito de Montero, asesorados por Sierra Exportadora, visitaron experiencias de producción y comercialización de Pitahaya en el distrito de Churuja, provincia de Pedro Ruiz en Amazonas. Esta pasantía tuvo como objetivo conocer in situ el cultivo de la pitahaya o también llamada “Fruta del dragón”, para promocionarla luego en la región Piura e innovar así, la actividad productiva de la serranía piurana, que es la de apostar por nuevos productos rentables en nuevos mercados con alta demanda. El jefe de la sede regional en Piura, Juan Castillo, indicó que entre marzo y abril del presente año, el precio de este fruto en Perú se incrementó en 100%, de S/ 7 a S/ 14 el kilogramo, debido a que no está ingresando pitahaya del vecino país de Ecuador. Datos . La pitahaya se caracteriza por ser rica en vitamina C y por ende altamente antioxidante y antiinflamatoria. Se utiliza para la elaboración de bebidas y platos gourmet y puede consumir fresca o procesada. En la industria se puede utilizar la pulpa de la pitahaya para la fabricación de gelatinas, helados, yogures, mermeladas, jaleas o refrescos . Asimismo, se le atribuyen muchos beneficios y usos medicinales como refuerzo del sistema inmunológico, estimulación de la producción de glóbulos blancos, rojos y plaquetas, prevención de la arterioesclerosis, regulación del tránsito intestinal y retraso del envejecimiento celular.",agraria.pe/agronegocios,https://agraria.pe/noticias/promueven-cultivo-de-la-pitahaya-en-la-sierra-11288
2016-06-08,MAÑANA SE INICIA EL XII FÓRUM INTERNACIONAL DEL MANGO,"Objetivo es brindar a los productores de mango herramientas e información que les ayude a generar un producto de calidad.  La Asociación Peruana de Productores de Mango (Promango), organiza este 9 y 10 de junio el XII Fórum Internacional del Mango, evento que se realizará en el auditorio principal del Hotel & Centro de convenciones Rio Verde, en Piura. El evento tiene como objetivo brindar a los productores herramientas e información mediante el intercambio de experiencias y tecnologías que les ayude a generar resultados positivos para obtener un producto de calidad tanto en origen como en destino. Durante el XII Forum Internacional del Mango participaran especialistas de Brasil, México, Colombia, Israel, Estados Unidos y Perú, quienes abordarán temas como “Situación actual del cultivo del mango en la Región Norte de Perú” y “Efectos del cambio climático en la diferenciación floral en el cultivo de mango”. Además “Tendencias del Mango en el Mercado Americano: Convencional, Orgánico, y Corte Fresco”, ""Uso de bioreguladores en Mango"", ""Importancia y manejo de la fertirrigación en Mango"", ""Manejo de suelos en el cultivo del Mango"", entre otros. Dato . Para mayor información sobre el XII Fórum Internacional del Mango, comuníquese a los teléfonos 073-311054 o al 073-608238.",agraria.pe/agronegocios,https://agraria.pe/noticias/manana-se-inicia-el-xii-forum-internacional-11282
2016-06-07,ARGENTINA PREVÉ REINICIAR EXPORTACIÓN DE LIMONES A EE.UU. DESPUÉS DE 16 AÑOS,"Ventas al mercado norteamericano alcanzarían las 18 mil toneladas por un valor de US$ 20 millones.  El Servicio de Inspección de la Sanidad Animal y Vegetal del Departamento de Agricultura de los Estados Unidos (Aphis / USDA) haría entre septiembre y octubre próximos una visita de inspección a los campos argentinos para verificar el cumplimiento de las condiciones acordadas en el Plan Operativo de Trabajo con el Servicio Nacional de Sanidad y Calidad Agroalimentaria de Argentina, con lo que se espera cerrar negociaciones y lograr la reapertura del mercado norteamericano para los limones argentinos a partir de la próxima campaña. El USDA estima que las exportaciones de este producto estarían realizándose durante el verano del hemisferio norte (abril-agosto del 2017), cuando la producción estadounidense es muy reducida, y podrían alcanzar un valor de 20 millones de dólares y 18,000 toneladas anuales. Argentina es el principal productor y exportador mundial de limones con casi un millón y medio de toneladas producidas en el 2015. De ese total se exportaron 185,000 por un valor de 165 millones de dólares. Dos terceras partes tuvieron como destino la Unión Europea (España y Holanda) y Rusia. El país había estado impedido de exportar su producción a Estados Unidos por un fallo judicial hace 16 años. Luego de lograr este acceso, los funcionarios argentinos prevén intensificar gestiones para lograr similares resultados con respecto a los cítricos dulces como naranjas, mandarinas y toronjas. La solicitud de acceso se realizó en el 2008 sin haber logrado avances, aunque el Aphis / USDA dejó abierta la posibilidad tras concluir las actuales gestiones. Fuente: infocampo.com.ar",agraria.pe/agronegocios,https://agraria.pe/noticias/argentina-preve-reiniciar-exportacion-11277
2016-06-07,PRECIO DE JENGIBRE CAERÍA 10% POR ALTA PRODUCCIÓN DE CHINA,"Cosecha de jengibre (kion) de Perú se retrasó un mes por el Fenómeno “El Niño”, a pesar de eso rendimientos, calibre y calidad son óptimos.  La cosecha de jengibre en Perú se retrasó un mes debido principalmente a los cambios climáticos que el fenómeno “El Niño”, señaló el representante de Rainforest Organic Perú, Edwin Medrano. “Este año podremos empezar a cosechar a partir de fines de junio, lo que significa para nosotros un retraso de más de un mes. Normalmente, empezamos en mayo, pero con el intenso calor se ha alargado el verano y la maduración ha sido lenta”, sostuvo. Destacó –en declaraciones al portal Fresh Plaza- que a pesar de la demora por temas climáticos, el producto no se ha visto afectado en la calidad, además los calibres se han mantenido intactos. Asimismo, destacó que los pronósticos también son positivos para el jengibre orgánico de procedencia peruana, pues tanto los volúmenes como la calidad no se han visto afectados y las exportaciones se verían beneficiadas. “Nuestro volumen ha aumentado y se espera que las exportaciones también incrementen, pues no tenemos mucha competencia directa. Si bien empezamos la campaña junto con Brasil, ellos exportan la variedad blanca de jengibre y nosotros la amarilla, por lo que hay mercado para ambos”, afirmó Medrano. “El único inconveniente que vemos para esta campaña es que los precios se han visto afectados por la gran cantidad de producto chino que se está exportando. A pesar de que la demanda de productos orgánicos se ha ido ampliando en los últimos años, principalmente por parte de los mercados europeos y estadounidenses, calculamos una depreciación del 10%. Si bien es otra variedad la que exporta Perú y la calidad del jengibre orgánico que nosotros ofrecemos es superior”, finalizó.",agraria.pe/agronegocios,https://agraria.pe/noticias/precio-de-jengibre-caeria-10-por-alta-11274
2016-06-03,PREOCUPACIÓN POR CAÍDA DE 30 POR CIENTO EN PRODUCCIÓN DE ESPÁRRAGOS PERUANOS,"A pesar de esta situación, se abren perspectivas positivas con apertura del mercado chino para espárragos del Perú. Clientes tendrán que aceptar productos de calibre más pequeño.  El Fenómeno de El Niño ha tenido un impacto significativo en la producción de espárragos peruanos. Las altas temperaturas y la falta de humedad en los suelos afectaron la calidad de este vegetal, lo que ha dado resultado a productos de tamaño más pequeño que el usual. “El calor excesivo registrado en los meses recientes ha afectado el calibre de nuestro espárrago. También esperamos una caída de 30% en comparación con el año pasado”, dicen productores y exportadores. “Este cambio en los calibres usuales del producto nos está forzando a enfocarnos en países como España, Reino Unido, China, etc. Además, con la apertura del mercado chino para los espárragos peruanos, la producción de estos calibres podría darnos una ventaja, pero no todas las empresas han alcanzado aún los requerimientos fitosanitarios”, afirman las fuentes. Los meses con más alta demanda por este vegetal del Perú están muy cerca, por lo que los productores trabajan duro para estar listos. “Los meses de junio, julio y agosto son críticos para nosotros, porque Perú es el único país que produce espárragos en este periodo. Los precios se va a disparar, y puesto que la producción ha caído, necesitamos encontrar soluciones con los productores, y algunos clientes tendrán que aceptar calibres diferentes de los que solían adquirir”, concluyeron los exportadores asociados. Fuente: freshplaza.com",agraria.pe/agronegocios,https://agraria.pe/noticias/preocupacion-por-caida-de-30-por-ciento-11250
2016-06-03,PRODUCTORES PERUANOS DE MACA NO PUEDEN COMPETIR CON PRECIOS DE CHINA,"Sobreproducción a nivel mundial ha mermado dramáticamente los precios. Productores de Cooperativa Valle del Cunas (Junín) negocian para vender entre cuatro a cinco dólares el kilo.  La temporada de cosecha no será amable para los productores de maca del distrito de San José Quero, en la provincia de Concepción (Junín). Las lluvias intermitentes han afectado su desarrollo normal ofreciendo productos muy pequeños. Así lo señala Florencio Aquino, gerente de la Cooperativa Agropecuaria de Servicios Valle del Cunas que reúne a 33 socios que operan en la zona y que están preocupados porque saben que su producción no será la esperada. De hecho, según Aquino, de una proyección inicial de 100 toneladas para el 2016, ahora aspiran a cerrar con 50 toneladas en el mejor de los casos. “Esperábamos por lo menos 100 toneladas, pero vamos a tener, ojalá, el 50% de eso. Las lluvias debieron llegar en noviembre y estar hasta abril, pero solo se han dado entre diciembre y marzo de manera muy irregular, lo que empezó a afectar la tierra. Nuestra maca es orgánica y un rendimiento de 50 toneladas es muy malo”, comentó para Agraria.pe. Agregó que el año pasado con menos de 20 hectáreas obtuvieron mejor rendimiento que hoy que cuentan con 40 hectáreas destinadas a este fin. La producción estimada es de 2.5 toneladas por ha. China y la sobreproducción Como si el problema de la baja producción fuera poco, los productores nacionales de maca enfrentan un escenario adverso a nivel mundial con un factor gravitante que tiene nombre propio: China. El representante de Cooperativa Valle del Cunas refiere que el gigante asiático con su decisión de sembrar maca ha ocasionado que los precios a nivel mundial caigan de forma aparatosa. “La subreproducción de maca es un problema. China es un problema, está exportando a tres dólares el kilo de maca en el mercado mundial y con eso no podemos competir. Nosotros estamos tratando de negociar para vender entre cuatro a cinco dólares”, explicó Aquino. Finalmente, comentó que la producción de la cooperativa está comprometida en un 90% para mercados de Europa (España, Francia, Alemania) y Estados Unidos. El restante 10% se quedará para el mercado local, donde esperan que las condiciones mejoren.",agraria.pe/agronegocios,https://agraria.pe/noticias/productores-peruanos-de-maca-no-pueden-11247
2016-05-31,INVERTIRÁN US$ 10 MILLONES PARA CONSTRUIR PLANTA DE SEMILLAS EN PIURA,"Interoc señaló que el proyecto se estudiaba desde hace dos años y se decidió por el norte peruano antes que Ecuador –donde está la sede principal de la empresa- para aprovechar el clima de la zona.  Fernando De la Puente, vicepresidente corporativo de Interoc, empresa de la Corporación Custer dedica a la distribución y mercadeo de insumos agrícolas e industriales, confirmó que su empresa desarrollará una planta de semillas en la ciudad de Piura. El ejecutivo comentó que si bien en principio se pensó en Ecuador para esta instalación, finalmente se decidieron por la ciudad del norte peruano para aprovechar las ventajas climáticas que ofrece la zona y que facilita altos rendimientos. “Es un desarrollo de US$ 10 millones y estamos ya completando el financiamiento para la firma del contrato para iniciar la construcción este año y que esté operativa en el 2018”, señaló. Esta cifra comprendería la materia prima –acceso al germoplasma-, instalación industrial y equipos, además de la producción en el campo y a nivel industrial para tener la semilla híbrida. Observó además que si bien la planta tiene como mercados objetivos al Perú y Ecuador, las condiciones de competitividad pueden abrir nuevos mercados para la empresa. Fuente: Diario Gestión",agraria.pe/agronegocios,https://agraria.pe/noticias/invertiran-us-10-millones-para-construir-planta-11216
2016-05-30,AGRICULTOR OBTUVO 13 MIL KILOS DE ARROZ POR HECTÁREA,"Gracias a método elaborado por Luis Orbegoso Lora, se puede obtener hasta más del doble del dinero invertido en instalar el cultivo de arroz en las parcelas, a pesar de las dificultades ocasionadas por el cambio climático, que aceleró el proceso de maduración y produjo un grano más delgado.  Importantes resultados viene obteniendo, como en años anteriores, el equipo técnico de Extensión Agraria de la Junta de Usuarios Chancay-Lambayeque, con el apoyo de las empresas Molinos, Basf y Bayer, en las parcelas demostrativas del cultivo de arroz instaladas en la campaña agrícola 2015-2016. Confirmando los resultados de la prueba de rendimiento realizada con anticipación, en la parcela demostrativa de propiedad de José Esquerre Sencio, ubicada en el ámbito de la Comisión de Usuarios de Lambayeque, se obtuvo una producción de 95.6 fanegas de arroz por hectárea. Cabe precisar que en esta parcela se utilizó 60 kilos por hectárea de semilla de la variedad IR43-NIR y que la siembra se hizo con el método tradicional, obteniéndose 13.335 kilos por hectárea del nutritivo cereal, que precisamente equivalen a 95.25 fanegas. En la parcela demostrativa instalada con la misma semilla en el fundo de José Gabriel Olivos Farro, denominado “La huerta”, ubicado en el sector Chilape, perteneciente a la Comisión de Usuarios de Chiclayo, se logró una producción de 12.268 kilos, equivalentes 87.6 fanegas de arroz. En la rigurosa prueba de rendimiento aplicada a la parcela demostrativa apostada con siembra directa en el fundo de Rafael Llauce Sandoval, ubicada en el sector “El cerezo”, en la Comisión de Usuarios de Pítipo, donde se utilizó 40 kilos de semilla por hectárea de la variedad “Tinajones”, se obtuvo 11.010 kilos de arroz por hectárea, equivalentes a 78.6 fanegas. Así lo informó Miguel Chapoñán, indicando que estas actividades forman parte del Plan de Capacitación y Transferencia de Tecnología del Cultivo de Arroz que viene desarrollando la Junta de Usuarios Chancay-Lambayeque en la campaña agrícola 2015-2016, con el objetivo de optimizar el uso del agua y mejorar los rendimientos del cereal. También dio a conocer que, dentro de dicho plan, se realizó la instalación de las parcelas demostrativas en los terrenos de Antonio Usquiano Marquéz y Aníbal Pedraza Aguilar, ubicados dentro del ámbito de la Comisión de Usuarios de Ferreñafe, cuyos días de campo se llevarán a cabo el 31 de mayo y el 4 de junio, respectivamente. Por su parte, los agricultores que se beneficiaron con el aporte de la Junta de Usuarios Chancay-Lambayeque, señalaron que obtuvieron buenos resultados tras aplicar tecnología de última generación con el apoyo de las empresas Molinos & Cía., Basf y Bayer, que se vienen identificando con el desarrollo agrario. Asimismo manifestaron que, gracias a este método elaborado por el Ing. Luis Orbegoso Lora, podrán obtener hasta más del doble del dinero que han invertido en instalar el cultivo de arroz en sus parcelas, a pesar de las dificultades ocasionadas por el cambio climático, que aceleró el proceso de maduración y produjo un grano más delgado del arroz. Tras conocer estos resultados, el gerente técnico de la Junta de Usuarios Chancay-Lambayeque, Ing. Pedro Gallo Sánchez, manifestó su complacencia, señalando que su representada seguirá brindando asistencia técnica a los productores arroceros del mencionado valle. También hizo un llamado a los demás productores de arroz para que en las siguientes campañas agrícolas apliquen esta tecnología y, así, logren resultados similares para hacer sostenible el cultivo de dicho producto de primera necesidad y, con mejores ingresos económicos, mejore la calidad de vida de sus familias. Durante los días de campo se recomendó hacer análisis de suelo, adecuada nivelación del terreno de cultivo, usar semilla certificada de garantía, realizar control de la densidad de siembra, usar nutrientes fosforados, especialmente el Micro Essentials, que contiene fósforo, nitrógeno, azufre y zinc. También se encomendó disminuir el uso de urea y, en los terrenos que presentan problemas de sales, este producto debe ser reemplazado por el sulfato de amonio como fuente de nitrógeno, pudiendo utilizar también Molimax Nitros. Del mismo modo, realizar un buen control de malezas, control de plagas y prevención de enfermedades En el tercer día de campo, el ingeniero Manuel Bravo Calderón, de la facultad de Agronomía de la Universidad Nacional Pedro Ruiz Gallo de Lambayeque, explicó todo lo referente al problema que generan las plagas en el cultivo de arroz, recomendando no aplicar productos de banda roja. Las exposiciones “Plan de fertilización” y “Manejo contra hongos, bacterias y virus” estuvieron a cargo de los representantes de las empresas Molinos y Basf, Óscar Muro Zúñiga y Richard Sánchez Alberca, respectivamente. También asistieron el presidente del Comité Departamental de Semillas de Lambayeque, César Ventura Flores; los ingenieros Segundo Carbajal Fanso y Jorge Zeña Callacná, de la Universidad Nacional Pedro Ruiz Gallo; directivos y usuarios de las diferentes comisiones de regantes, así como alumnos de la facultad de Agronomía de la referida casa superior de estudios.",agraria.pe/agronegocios,https://agraria.pe/noticias/agricultor-obtuvo-13-mil-kilos-de-arroz-por-11204
2016-05-30,PROYECTO DE ENVIAR PAPA PERUANA A MARTE OFRECERÁ DATOS PARA LUCHAR CONTRA CAMBIO CLIMÁTICO,"Cultivos experimentales continúan en Arequipa y se espera descubrir variedades que se adapten a zonas del país con climas extremos. CIP incluye en su campo de interés el camote.  No solo con el afán de proyectar una posible dieta para los humanos que harán la primera expedición a Marte es que el Centro Internacional de la Papa (CIP) y la NASA se encuentran probando variedades del tubérculo en los desiertos de La Joya (Arequipa). También lo hacen para luchar contra un problema netamente terrestre: el cambio climático. Miguel Ordinola, coordinador de proyectos LAC (Latinoamérica y el Caribe) en el Perú del CIP, señaló para Agraria.pe que el proyecto en conjunto con la NASA está avanzando muy bien en Arequipa y que lo que se busca, además del propósito declarado de encontrar variedades que resistan un posible viaje al Planeta Rojo, es identificar papas que se adapten a situaciones extremas en varias otras zonas del Perú. “De esta manera habría la posibilidad de introducir estas variedades en lugares del país donde sufren de heladas muy pronunciadas, con descensos importantes de temperatura a lo largo del año. Esa información será muy beneficiosa tanto para el Perú como para otros países”, comentó. El funcionario agregó que en este proyecto se está utilizando una combinación de papas de variedades nativas tanto como mejoradas. Agregó que se escogió Arequipa, y especialmente La Joya, para los cultivos experimentales por sus condiciones extremas. Vale recordar que esos suelos son considerados volcánicos, por lo que no contienen ninguna forma de vida en absoluto, tal y como sucede en Marte. El camote, otro protagonista Por su parte, Bárbara Wells, directora general del CIP, apuntó que el trabajo de su institución empezó hace 45 años enfocado exclusivamente en la papa, pero que en tiempos recientes están incluyendo en su foco de investigación diversos cultivos de camotes, especialmente el amarillo por sus propiedades nutricionales. “Tenemos especial interés en el camote amarillo, que tiene un alto nivel de betacaroteno (vitamina A) que ayuda a prevenir la ceguera en los niños. Mundialmente trabajamos muy fuerte con el camote amarillo por estas características de nutrición, particularmente en África Subsahariana, donde hay grandes problemas de ceguera en los niños. Es un cultivo extremadamente importante para nosotros también”, refirió la directiva del CIP. Dato: .El CIP ofrece de forma gratuita material genético de la papa a naciones en desarrollo.",agraria.pe/agronegocios,https://agraria.pe/noticias/proyecto-de-enviar-papa-peruana-a-marte-11200
2016-05-27,TAMBOGRANDE SE CONSTITUIRÍA EN CLÚSTER ECONÓMICO DEL MANGO,"Anuncio se hizo durante el Foro Macro Regional de Municipalidades organizado en Piura. Se trabajará también en buscar la denominación de origen.  Gabriel Madrid Orué, alcalde distrital de Tambogrande, informó durante la tercera versión del ‘Foro Macro Regional de Municipalidades Piura, Lambayeque, La Libertad y Ancash’, que su municipio se encuentra trabajando junto a Sierra Exportadora y a la Universidad de Thunderbird de Estados Unidos para la formación y constitución del Clúster económico del mango, producto bandera de la localidad. “Tambogrande produce 100.000 toneladas de mango para exportación al año y somos el primer productor de esta deliciosa fruta en Piura, por esta razón hemos decidido convertir a nuestro distrito en el centro económico de esta región norteña, a partir de la promoción de un clúster generar competitividad en toda la cadena de valor del mango”, puntualizó el burgomaestre. Por su parte, Miguel Cordano, gerente de Sierra Exportadora, saludó la iniciativa y dijo que es un claro ejemplo de hacia dónde se debe aterrizar con la gestión productiva municipal. “Los alcaldes productivos son quienes conocen la realidad de su territorio y potenciales productos, así como los recursos que el gobierno dispone para fortalecer la competitividad de los productores locales asociados y normalizados”. Agregó que Sierra Exportadora apoya planes de negocios con objetivos claros para mejora de productos, óptimas presentaciones para el comprador nacional e internacional, impulso al uso del Procompite, productos con mercado asegurado, entre otros. Dato .En abril último, tras la asesoría de la sede descentralizada de Sierra Exportadora, la municipalidad distrital de Tambogrande implementó la Ley del Procompite y aprobó un presupuesto de S/ 600,000 para mejorar la competitividad de la cadena productiva del mango de esa jurisdicción así como obtener la certificación Global GAP y Buenas Prácticas Agrícolas que consoliden esa cadena productiva.",agraria.pe/agronegocios,https://agraria.pe/noticias/tambogrande-se-constituiria-en-cluster-11188
2016-05-25,PIURA: HOY SE REALIZA EL  “I SEMINARIO INTERNACIONAL DE QUESOS DE CABRA”,"Actividad contará con experto español en elaboración artesanal de quesos de cabra, oveja y tres leches.  Con el objetivo de darle valor agregado a los quesos que producen los criadores de cabras de las regiones de Piura y Tumbes, Sierra Exportadora y el Centro Ecuménico de Promoción y Acción Social (CEDEPAS Norte) realizan hoy, el “I Seminario Internacional de Quesos de Cabra”, que se desarrollará en la sala de conferencias-auditorio de la Universidad Nacional de Piura (UNP). Para el efecto, la entidad gubernamental ha invitado al especialista español, Rubén Valbuena, de la granja Cantagrullas (de Valladolid-España) y reconocido mundialmente por su amplia experiencia en la elaboración artesanal de quesos de cabra, oveja y tres leches. Al respecto, el presidente ejecutivo de Sierra Exportadora, Alfonso Velásquez Tuesta indicó que debido la demanda de estos productos lácteos en el mercado europeo especialmente, es que su institución ha creído conveniente organizar un seminario, donde se resaltará las cualidades nutricionales de los quesos de cabra, a fin de incentivar su consumo en el Perú, y desechar por completo los mitos de que los quesos de cabra producen enfermedades. Por su parte, el jefe del programa nacional de Quesos Madurados de Sierra Exportadora, Hugo Valdez Osorio, informó que como parte del seminario, el experto español visitará la planta quesera ‘Santa Lucía’ de Piura, del CEDEPAS), donde dará a conocer el potencial que existe para elaborar quesos de cabra artesanales, de acuerdo a la realidad, en este caso, de la planta misma. “Desde ya Sierra Exportadora se compromete en la difusión de estas enseñanzas a todos los productores de leche de cabra y oveja del país, con la finalidad de darle mayor valor agregado a su producción artesanal y poderlos articular con el mercado de Lima, que ya consume estos productos provenientes del extranjero, principalmente de España”, concluyó Valdez Osorio.",agraria.pe/agronegocios,https://agraria.pe/noticias/piura-hoy-se-realiza-el-i-seminario-internacional-11169
2016-05-25,ALCALDES COMPARTIRÁN EXPERIENCIAS EXITOSAS DE “MUNICIPIO PRODUCTIVO” EN FORO DE TAMBOGRANDE,"Burgomaestres de Piura, Lambayeque y La Libertad se darán cita en el distrito piurano para articular políticas públicas de desarrollo productivo con valor agregado e innovación.  Sierra Exportadora y la municipalidad distrital de Tambogrande llevarán a cabo el jueves 26 y viernes 27 de mayo el “Foro Macro Regional de Municipalidades: Masificación de la Estrategia Municipio Productivo y Buenas Prácticas de Gestión Municipal” en el distrito piurano de Tambogrande con el objetivo de compartir las experiencias exitosas del enfoque “Municipio Productivo” que se promueve desde el 2012 en el país. El encuentro, realizado con apoyo de la Asociación de Municipalidades del Perú (AMPE) y el Instituto de Investigación y Capacitación Municipal (INICAM), será el punto de reunión de los alcaldes y funcionarios municipales de las regiones de Lambayeque, La Libertad y Piura. Será el espacio donde mostrarán las actividades de los alcaldes productivos en base a las alianzas público-privadas, que tienen como propósito articular políticas públicas de desarrollo productivo con productos de mayor valor agregado e innovación, y así contribuir con el desarrollo sostenible del país. Además se analizará la promoción de actividades orientadas a la motivación, empoderamiento, liderazgo y construcción de capacidades individuales e institucionales y buenas prácticas de Municipio Productivo. Alfonso Velásquez Tuesta, presidente ejecutivo de Sierra Exportadora, destacó que el foro buscará promover y empoderar a los gobiernos regionales y locales de la sierra, a fin de ejecutar acciones y polìticas públicas que generen desarrollo productivo en sus territorios con articulación multinivel intergubernamental, desarrollando clústeres por cadena de valor, polos de inversión con miras a la industrialización, mercados nacionales e internacionales. Entre las diversas ponencias programadas, destaca la del alcalde distrital de Tambogrande, Gabril Antonio Madrid, quien expondrá a la audiencia sobre su gestión municipal basada en la creación de la riqueza desde las propias comunidades de su distrito. El año pasado, Madrid ganó el premio nacional Alcalde Productivo en la categoría ‘Formación de alianzas público-privada’, promovido por Sierra Exportadora. Dato .El Foro se desarrollará en el auditorio de la Municipalidad Distrital de Tambogrande el jueves 26 a partir de las nueve de la mañana hasta las tres de la tarde. .El viernes 27 se ha programado una visita de campo a los emprendimientos productivos promovidos en la región piurana.",agraria.pe/agronegocios,https://agraria.pe/noticias/alcaldes-compartiran-experiencias-exitosas-11165
2016-05-25,PÉRDIDAS POR BAJOS PRECIOS DEL CAFÉ ASCENDERÍAN A S/ 800 MILLONES EN COSECHA 2016,"En el período enero-abril los despachos de café sumaron 592 mil quintales, por un valor de US$ 71 millones.  En los últimos tres meses, los precios por café pergamino en las zonas de producción oscilaron entre S/ 4 y S/ 6 el kilo, dependiendo de la calidad del grano, mientras el costo de producción supera los S/ 9, vislumbrándose, para los productores, la acumulación de una pérdida superior a los S/ 800 millones en la presente campaña, señaló el presidente de la Junta Nacional del Café (JNC), Tomás Córdova. Agregó que la depresión de precios locales tiene su origen en la baja cotización que reporta el mercado internacional, influido por la alta producción en Brasil, Colombia y Honduras, países que implementan una estrategia ofensiva de posicionamiento de su café entre compadrones de Europa, Estados Unidos y Asia. En este contexto de crisis, dijo se corre el riesgo que más de 40 mil productores no puedan honrar los créditos contraídos con Agrobanco, por lo que se requiere medidas urgentes de apoyo a los caficultores para reprogramar sus créditos, así como establecer mecanismos que compensen los costos de producción. Asimismo, señaló que debido a la oscilación del clima se ha reactivado la plaga de la roya amarilla en diversas regiones, a la que se suma la presencia de la broca sobre todo en San Martín, La Convención, Selva Central, Cajamarca y Amazonas. ""Tenemos un escenario de fuerte crisis en la economía de los productores. Nuestro esfuerzo por mantener el cultivo es castigado por la naturaleza, el mercado, y la ausencia de una política promotora por parte del gobierno"", expresó. Comparó la política gubernamental que se brinda al agro con la que se otorga a otros sectores económicos, como la industria de la construcción, a pesar de que los mayores bolsones de pobreza se reportan en el mundo rural. ""Esperamos para el agro cafetalero un tratamiento similar al que brinda actualmente el gobierno a la siembra de cemento en las ciudades, al otorgar S/ 20 mil como subsidio para la compra de cada vivienda, mediante programas como Techo Propio, que incluso se piensa incrementarse a S/ 39 mil"", refirió. Dijo que el próximo gobierno hereda una agricultura familiar al borde de la recesión, sin soporte técnico, limitado acceso al crédito, sin capacidad de negociación en los mercados, además de 25% de la PEA rural desocupada, según registros del Instituto Nacional de Estadística e Informática (INEI). Producción y exportaciones en alza Córdova comentó que si bien la cosecha para el 2016 se estima en 270 mil toneladas (5.850.000 quintales), es decir un incremento de 23% en relación al año pasado, se registra una disminución en la calidad del grano debido a una escasa fertilización, agotamiento de suelos e incremento de plagas En relación a las exportaciones, informó que en el período enero-abril sumaron 592 mil quintales, por un valor de US$ 71 millones con un precio promedio de US$ 120.69 por saco de 46 kilos. Este volumen corresponde al stock de café del año pasado y negociado entre diciembre y marzo últimos. Asimismo, resaltó el esfuerzo de las cooperativas cafetaleras por producir cafés especiales y de alta calidad de taza, trabajo desarrollado durante varios años y que fue reconocido por compradores en los eventos feriales de Europa y Estados Unidos, como la feria de SCAA.",agraria.pe/agronegocios,https://agraria.pe/noticias/perdidas-por-bajos-precios-del-cafe-ascenderian-11162
2016-05-23,PRÓXIMO GOBIERNO DEBE POTENCIAR CUATRO SECTORES ESTRATÉGICOS EXPORTADORES EN PIURA,"Por cada millón de dólares que se incremente en la exportación en cada uno de estos sectores, se generará más de 500 puestos de trabajo.  La Asociación de Exportadores (ADEX) identificó cuatro sectores claves de la región Piura, que deben ser potenciados para impulsar su dinamismo económico y generar más puestos de trabajo. Dichos sectores identificados son la pesca, minería no metálica, petróleo y gas natural, además del agropecuario y agroindustrias. Todos ellos tienen mayores ventajas comparativas en sus exportaciones respecto del resto de regiones. Al respecto, el presidente de ADEX, Juan Varilias, explicó que el potencial de estos sectores se da por la ubicación geográfica de Piura, que le permite tener una de las canastas exportadoras más diversificadas del país y la convierte en la región modelo para las exportaciones. El líder exportador refirió que los sectores mencionados permiten una alta tasa de creación de puestos de trabajo. Así, por cada millón de dólares adicionales que se exporten en la pesca, se creará 164 empleos en Piura, mientras que en los sectores agropecuario y agroindustria será de 262, en minería no metálica de 99 y en gas y petróleo, 3 empleos. ""Piura es una región clave para el desarrollo exportador del país y la visita de los candidatos debe servir para que se plantee la agenda que esta zona y el norte del país requiere para crecer, poniendo a las exportaciones al centro de la discusión por su importancia económica"", dijo Varilias. En contraste con todo este potencial exportador, Piura se ubica en el puesto 12 en ranking de competitividad regional debido a problemas de agua, la alta informalidad en el empleo, problemas en salud y problemas institucionales, especialmente en presencia policial y en el poder judicial. ""Son estos temas los que al ciudadano piurano le interesará que sean abordados por los candidatos"", añadió. En el 2015 las exportaciones de Piura totalizaron US$ 2.179 millones, de los cuales los cuatro sectores analizados concentraron el 90%, además de generar 238.849 empleos que es el 26.5% del total de puestos de trabajo generados en esta región.",agraria.pe/agronegocios,https://agraria.pe/noticias/proximo-gobierno-debe-potenciar-cuatro-11143
2016-05-20,ESCASEZ DE LIMAS EN EUROPA POR LLUVIAS EN BRASIL Y DEMORA EN COSECHA DE MÉXICO,"Productores mexicanos prefieren vender a mejores precios en Estados Unidos, con menores tiempos de tránsito y pagos más rápidos.  La provisión de limas de Brasil y México es extremadamente baja en este momento. “Los volúmenes están alrededor de las mismas cifras del 2014. Revisamos nuestros últimos reportes de exportación esta mañana y, comparado con la misma semana de exportación del año pasado, un 42% menos ha sido exportado a Europa. Solo 71 contendores se embarcaron desde Brasil en la semana 18. En la temporada 2015 fueron 90 contenedores. Ahora hay una provisión de 8 contenedores de México, cuando en 2015 fueron 48 contenedores”, señaló Joey Deen de Denimpex. “En la semana de exportación 19 nuevamente menos contenedores fueron embarcados desde Brasil, fueron 67… hay una brecha de 59 contenedores y los precios están cada vez más altos”, agrega Deen, para quien hay un renacimiento en el mercado en esta temporada del año por el aumento de temperaturas y la demanda de países del Mar Mediterráneo, pero las provisiones son insuficientes para cubrirla. La razón, según el vocero, para esta caída en la provisión de limas, ha sido la lluvia en Brasil, que hace difícil la cosecha de limas con calidad de exportación. En tanto, en México la cosecha ha sido demorada esta temporada y están vendiendo a mayores precios que en Europa en Estados Unidos con menos riesgos, tiempos de tránsito más cortos y pagos más rápidos. Fuente: Freshplaza.com",agraria.pe/agronegocios,https://agraria.pe/noticias/escasez-de-limas-en-europa-por-lluvias-en-brasil-y-demora-en-11131
2016-05-18,MÉXICO ESPERA AUMENTAR SUS AGROEXPORTACIONES A PAÍSES ÁRABES,"Secretaría Federal prevé promover los productos agrícolas mexicanos, como los aguacates, las fresas, los limones, las uvas, las conservas, las frutas y las hortalizas.  México prevé aumentar sustancialmente sus agroexportaciones a los países árabes por lo que dirigirá una misión comercial a cuatro países de dicha región, señaló el secretario de Agricultura, Ganadería, Desarrollo Rural, Pesca y Alimentación de ese país (Sagarpa), José Calzada, según publicó el sitio web plenglish.com. En una conferencia de prensa, Calzada estimó que las exportaciones agroalimentarias de México a la región aumentarán un 50% al año y alcanzarán los mil millones de dólares en los próximos diez años. El funcionario aseguró que México es capaz de competir y gozar de un crecimiento considerable en ese mercado, a donde exporta US$ 45.000 millones en productos de alimentación. Sin embargo, en la actualidad, México participa con menos de 1%. La Secretaría Federal prevé promover los productos agrícolas mexicanos, como los aguacates, las fresas, los limones, las uvas, las conservas, las frutas y las hortalizas. Otro objetivo, señala, es establecer un centro de distribución en cualquiera de esos países, de modo que los productos mexicanos lleguen frescos.",agraria.pe/agronegocios,https://agraria.pe/noticias/mexico-espera-aumentar-sus-agroexportaciones-11111
2016-05-18,SITUACIÓN POST NIÑO PROYECTA CRECIMIENTO AGRÍCOLA DE 3.1% Y PECUARIO DE 2.8% AL CIERRE DEL 2016,"Se prevé una mayor producción de cultivos como aceituna, arroz cáscara, espárragos, entre otros.  Al cierre del presente año, la situación post Niño proyecta un crecimiento del subsector agrícola en 3.1% y el subsector pecuario en 2.8%, señaló el titular del Ministerio de Agricultura y Riego (Minagri), Juan Manuel Benites Ramos. Durante su presentación ante Comisión Especial Acciones del Congreso para la Prevención y Colaboración frente al Fenómeno El Niño (FEN) 2015-2016, el ministro expresó que el estimado de su cartera es llegar a diciembre de este año con un incremento global del sector agropecuario del orden del 3%, tras la culminación del evento climatológico que será en las próximas semanas. Benites adelantó que las mejores perspectivas del agro tras El Niño permitirán el aumento de la producción de aceituna (29.4%), arroz cáscara (4%), espárragos (3%), caña de azúcar (8%), cacao (3.5%), maíz amarillo duro (2%) mandarina (3%), entre otros artículos. Mientras en el subsector pecuario se tiene una proyección de crecimiento que se manifestaría por la mayor producción de ave (4%), vacuno (5%), leche (2%) y porcino (2%), lo que presume el mayor dinamismo de este sector en diversas regiones del país. Por otro lado, el titular del Minagri detalló cada una de las acciones ejecutadas entre el 2015-2016 en materia de prevención ante el FEN, en su calidad de presidente del Consejo de Gestión de Riesgo del Ejecutivo. Uno de los temas resaltados fueron las acciones ejecutadas por el Ejecutivo en materia preventiva, como la descolmatación de más de 3 mil kilómetros del cauce de ríos, la limpieza de drenes, diques y quebradas y otras medidas, que evitaron pérdidas de vidas humanas y daños materiales por las intensas precipitaciones pluviales derivadas de ese fenómeno natural. Benites expresó que solo el Minagri ejecutó a nivel nacional un total de 603 actividades de prevención a lo largo de las 14 regiones declaradas en emergencia ante el advenimiento fenómeno natural, lo que demandó una inversión superior a los S/. 544.5 millones. Precisó que una de las lecciones que incluso, fueron reconocidas por la comunidad internacional, es el trabajo estrecho y coordinado de las tres instancias de gobierno (nacional, regional y local) en el Perú, lo que contribuyó a aplacar los impactos de un evento natural considerado como uno de los más intensos de la historia. El ministro también resaltó los aspectos favorables y positivos vinculados directamente con el fenómeno natural, como la reforestación de las zonas áridas en el norte (Piura y Lambayeque), la recuperación de los reservorios en la costa norte que han garantizado el desarrollo de las campañas agrícolas, entre otros beneficios. Presencia de La Niña En otro momento el ministro señaló la probable presencia del fenómeno de La Niña en el país, (presencia de clima frío) y cuyo monitoreo lo lleva adelante permanentemente el Comité ENFEN para determinar la magnitud del evento climático. Sin embargo, aseguró que el sector Agricultura ya ha tomado de manera anticipada las acciones preventivas, como la ejecución del Seguro Agrícola Catastrófico (SAC) para las campañas agrícolas 2014-2015 y 2016-2017, el cual protegerá más de 550 mil hectáreas de cultivos en ocho regiones de extrema pobreza rural.",agraria.pe/agronegocios,https://agraria.pe/noticias/situacion-post-nino-proyecta-crecimiento-agricola-11106
2016-05-18,BAJA PRODUCCIÓN DE CÍTRICOS ESPAÑOLES  AUMENTÓ  PRECIO DE MANDARINAS PERUANAS,"CPF inició la temporada con la previsión de enviar 350 contenedores, pero calculan que no exportarán más de 250, lo que es relativamente bajo para un año ‘on’ como este.  La cosecha de las mandarinas Satsuma por parte de Perú estará culminando en las próximas semanas con resultados un poco contradictorios, señaló la representante del Consorcio de Productores de Frutas (CPF), Marianela Rodríguez, quien destacó que si bien las altas temperaturas afectaron en alguna medida el nivel de acidez y el color de la piel de la fruta al inicio de la temporada, esto no ha menguado la demanda de estas. “La demanda está estable y ha sido mucho más activa que en años pasados. Creemos que se debe, principalmente, a que en el hemisferio norte las cosechas se terminaron antes de tiempo, lo que permitió que no haya mucha concentración de cítricos como otros años. La disminución en la producción española incentivó el aumento de los precios significativamente”, aseveró al portal Fresh Plaza. “Estos precios históricos que logramos conseguir están compensando relativamente la disminución en nuestra producción. Empezamos la temporada con una previsión de 350 contenedores, pero calculamos que no exportaremos más de 250, lo que es relativamente bajo para un año ‘on’ como este. El fenómeno de El Niño nos afectó, pero aunque ahora los precios ya se están normalizando, tenemos expectativas de que esto no afectará significativamente a los productores”, comentó. En las próximas semanas estará empezando la cosecha de las variedades Nova y Tangelo. “La temperatura continúa un poco más alta que la histórica, lo que nos obliga a tener una actitud más preventiva y realizar diversos controles semana a semana para comprobar la evolución de la fruta, pues las altas temperaturas podrían retrasar su coloración. Para que una mandarina cambie de color necesita el cambio brusco de temperatura de la madrugada al día, pero ahora estamos con una temperatura estable y 2 grados más alta de lo normal. Estas condiciones hacen que el cambio de color sea más lento”, señaló.",agraria.pe/agronegocios,https://agraria.pe/noticias/baja-produccion-de-citricos-espanoles-aumento-11104
2016-05-17,FRUTAS PIURANAS HABILITARÁ HECTÁREAS PARA APOSTAR POR EL BANANO ORGÁNICO,"Portafolio de la empresa se expande y suma así un nuevo producto a su lista en la que se incluyen el mango y la uva. Esperan crecer 15% en ventas.  Frutas Piuranas, empresa dedicada a la exportación de mango y uva, extenderá su portafolio con bananos orgánicos, lo que implicará inversiones en la habilitación de entre 35 a 40 hectáreas en Piura. “El plan es garantizar al menos dos contenedores por semana, para enviar inicialmente a Europa desde el 2017”, comentó César Morocho, gerente general de la empresa, al diario Gestión. El vocero agregó que, dependiendo de la época de la siembra, la cosecha del banano orgánico puede tomar de 10 a 11 meses. Refirió además que Frutas Piuranas trabaja en sociedad con fincas y productoras de mango en Piura, Lambayeque (Olmos y Motupe) y Áncash (Casma). La empresa, que exporta el 80% de su producción, proyecta crecer este año 15% en ventas, apoyada, entre otros factores, en la fortaleza del dólar. Los principales mercados de mango fresco peruano, producto que no se vio afectado por el Fenómeno del Niño, son Estados Unidos, Canadá y Europa (especialmente Países Bajos y Reino Unido). Morocho acotó que están explorando la posibilidad del mercado coreano para este año. Dato .La empresa exporta entre 6% y 7% del mango peruano que se coloca en el extranjero, lo que representa 300 contenedores de 22 toneladas cada uno por campaña.",agraria.pe/agronegocios,https://agraria.pe/noticias/frutas-piuranas-habilitara-hectareas-para-apostar-11097
2016-05-17,CAMPOSOL LIDERÓ AGROEXPORTACIONES PERUANAS EN EL PRIMER TRIMESTRE DEL AÑO,"Fueron 1.295 las empresas del sector agro que en los tres primeros meses del presente año realizaron envíos internacionales.  En el primer trimestre del 2016, la empresa Camposol lideró las exportaciones agrarias tradicionales, agropecuarias y agroindustriales de Perú con US$ 35.200.469, lo que representó una participación de 3.18% del total de los envíos realizados en el sector por nuestro país que en dicho periodo sumó US$ 1.108.623.989. Así lo señala el informe de la Asociación de Exportadores (Adex), que destacó que en total fueron 1.295 las empresas del sector agro que en los tres primeros meses del presente año realizaron envíos internacionales. El sistema de Inteligencia Comercial Adex Data Trade, señaló que en el segundo lugar se ubicó la empresa Danper Trujillo con despachos por US$ 28.409.313, participando con el 2,56% de las exportaciones nacionales del sector. Le sigue en el ranking El Pedregal con exportaciones por US$ 26.536.382, contribuyendo con el 2.39% del total. Sociedad Agrícola Virú se sitúa en la cuarta ubicación con US$ 26.365.176, colaborando con el 2.38% del total de las agreoxportaciones. En la quinta casilla se ubica Vitapro, que durante enero-marzo del presente año realizó envíos por US$ 25.022.285 (2.26% del total). Continúa la empresa Gloria con US$ 22.383.410 (2.02%) y Complejo Agroindustrial Beta con US$ 18.556.269 (1.67%). Asimismo, Corporación Agrolatina US$ 13.537.296 (1.22% del total), Outspan Perú con US$ 13.352.940 (1.2%) y Agrícola Challapampa con US$ 13.320.607 (1.2%), se situaron en la octava, novena y décima posición, respectivamente. Dato . La empresa Camposol es la mayor exportadora de palta hass en el mundo y está camino a convertirse en el mayor productor mundial de arándanos.",agraria.pe/agronegocios,https://agraria.pe/noticias/camposol-lidero-agroexportaciones-peruanas-en-11092
2016-05-16,"15 MIL HECTÁREAS DE LA SIERRA PIURANA APTAS PARA SER INCLUIDAS EN EL ""BOOM"" DE LOS BERRIES PERUANOS","Morropón, Huancabamba y Ayabaca reúnen condiciones agroclimáticas requeridas.  Gracias a sus condiciones agroclimáticas de frío y calidad de suelo, la sierra piurana tendría no menos de 15.000 hectáreas para iniciar la siembra de berries, señaló el jefe del programa nacional Perú Berries de Sierra Exportadora, William Daga Ávalos. ""Toda la sierra piurana tiene potencial para producir las diferentes variedades de berries como arándano, frambuesa, cereza y aguaymanto. Las provincias de Morropón, Huancabamba, Ayabaca, y las que están sobre los 1.500 metros sobre el nivel del mar, está aptas para la siembra del arándano y la frambuesa”, sostuvo. Durante el ""Seminario Internacional de Berries – Regiones 2016"", Daga destacó que debido a estas condiciones agroclimáticas de Piura, los productores podrían sacar dos cosechas, una en abril y la otra a partir de setiembre. Asimismo, dijo se puede hacer pruebas con la cereza y por supuesto, con el aguaymanto, el único berrie oriundo de los andes peruanos, conocido desde la época de los Incas. Parcelas demostrativas Por su parte, el jefe de sede Piura de Sierra Exportadora, Juan Castillo Ocaña informó que se está coordinando con los gobiernos locales para instalar las primeras parcelas demostrativas de arándano, frambuesa y aguaymanto en los distritos de Montero y Paimas en las provincias de Ayabaca y Huancabamba. ""Sierra Exportadora busca que los pequeños productores de la sierra piurana también sean parte del boom de los berries peruanos, debido a su alta rentabilidad"", anotó. Datos . Durante el ""Seminario Internacional de Berries – Regiones 2016"", los especialistas señalaron que la rentabilidad por hectárea de arándanos es de US$ 120.000 netos. Una hectárea tiene 5.000 plantas y cada una de ellas rinde no menos de 5 kilos; es decir son 25.000 kilos por hectárea; teniendo en cuenta que en el mercado el kilo del también llamado Blueberry es de US$ 10, por lo que se puede afirmar que los arándanos son una gran oportunidad de negocio, porque en el segundo año ya se recupera la inversión. . En el caso de la frambuesa, la rentabilidad por hectárea es de S/. 120.000; la inversión se cancela en el primer año, mientras que en el tema del aguaymanto, la rentabilidad es de S/. 60.000 y se paga en la misma campaña.",agraria.pe/agronegocios,https://agraria.pe/noticias/15-mil-hectareas-de-la-sierra-piurana-aptas-para-11085
2016-05-13,"AGROEXPORTACIONES A COLOMBIA, MÉXICO Y CHILE REPUNTARON","El principal producto de agroexportación a los países de este bloque económico es la páprika seca, que en los tres primeros meses del año registró ventas por US$ 12.7 millones.  Las agroexportaciones de Perú a los países que conforman la Alianza del Pacífico experimentaron un repunte en el primer trimestre del año al lograr un crecimiento de 46.7%, reportó la Asociación de Exportadores (Adex). La información proviene del Sistema de Inteligencia Comercial Adex Data Trade, que mostró que entre enero y marzo las agroexportaciones peruanas a la Alianza del Pacífico sumaron US$ 86.8 millones, superando de largo los US$ 59.1 millones del mismo periodo en 2015. El presidente de Adex, Juan Varilias, explicó que Colombia, Chile y México son los que más incrementaron sus compras a Perú, especialmente de productos agrícolas. Así, las compras de Colombia sumaron US$ 33.9 millones en el primer trimestre del año, lo que significó un crecimiento de 68.5%, en tanto que México tuvo compras por US$ 23.6 millones, lo que implicó un 68.3% de avance. Por su parte, la agroexportación a Chile creció un 16.8% más que el año previo. De acuerdo a Adex, el primer producto de agroexportación peruano a los países de la Alianza del Pacífico es la páprika seca, que en los tres primeros meses del año registró ventas por US$ 12.7 millones, lo que significa un crecimiento de 40.11%. El segundo producto más demandado fue la uva fresca peruana, que creció 95.96% gracias a los US$ 8 millones exportados. En la lista de primeros productos se encuentran también el aceite de palma, las pastas sin cocer y los frijoles. Otros productos del agro y agroindustria peruana con importante aceptación en Colombia, Chile y México son las galletas dulces, los mangos frescos, las cebollas frescas, las galletas saladas y las premezclas. “El comercio entre los cuatro países tendrá un mayor dinamismo, puesto que desde el primero de mayo entró en vigencia el Protocolo Adicional de la Alianza del Pacífico que permite la desgravación arancelaria del 92% de productos que se comercializan entre estas economías”, señaló Varilias. En el top 5 de empresas que exportan a países de la Alianza del Pacífico se encuentran Industrias del Espino, Kraft Foods Perú, Export Import Candres, Alicorp y Agroexportadora del Sol de Olmos.",agraria.pe/agronegocios,https://agraria.pe/noticias/agroexportaciones-a-colombia-mexico-y-chile-11073
2016-05-12,‘SELLO DE CALIDAD’ CERTIFICARÁ PRODUCTOS PARA COMBATIR LA ADULTERACIÓN,"Productos como miel de abeja y algarrobina se han visto afectados por presencia en el mercado de versiones adulteradas.  El Centro de Innovación Tecnológica Agroindustrial (Citeagro) de Piura emprendió una campaña para combatir la adulteración de productos agroindustriales en la región Piura. Así lo señaló su gerente de Operaciones, Arturo Arbulú. En declaraciones para Agencia Andina, el funcionario estimó que muchas veces los consumidores no saben cómo identificar una miel de abeja o algarrobina de calidad, sobre todo ante el peligro que representan los productos adulterados, que han causado pérdidas económicas a empresas y asociaciones de productores agroindustriales de Piura. Para Arbulú, esto no es solo competencia desleal sino delito de estafa. Por ello, el Citeagro Piura desarrolló su “Sello de Calidad”, con el objetivo de certificar la calidad de los productos agroindustriales que se ofrecen en la ciudad norteña. “Este sello será otorgado a los productores que lo requieran, una vez que se determine que los productos que ofertan cumplen con todos los requisitos para ser considerados de calidad”, señaló el gerente de Operaciones. Presentaciones en Piura y Sullana Citeagro ha organizado dos presentaciones para informar sobre los beneficios de este “Sello de Calidad”. En Piura, la cita es hoy jueves 12 en el aula 201 de la Facultad de Química de la Universidad de Piura (UDEP). En la actividad se desarrollará también la exposición “Marca País para la Competitividad Empresarial”, a cargo del abogado Eduardo Espinoza, especialista en Gestión de la Marca de Promperú. Mañana viernes 13, la cita será en Sullana, en el local de la Cámara de Comercio de esa localidad, con la exposición “Perspectivas de la cadena productiva del Mango en el Contexto Mundial”. La exposición estará a cargo de Ángel Gamarra, presidente de ProAgroindustria. Se espera la presencia de productores y empresarios agroindustriales.",agraria.pe/agronegocios,https://agraria.pe/noticias/sello-de-calidad-certificara-productos-para-11065
2016-05-11,CITRICULTORES Y CONSUMIDORES EN ALERTA MÁXIMA ANTE DETECCIONES DEL INSECTO TRANSMISOR DEL HLB  EN PAÍSES VECINOS,"El HLB es una plaga que no tiene cura efectiva y viene produciendo severas pérdidas en la producción de cítricos a nivel mundial, se estima la pérdida de más de 60 millones de árboles y pérdidas en la cosecha que pueden llegar hasta el 100%.  El Insecto Diaphorina citri que transmite la bacteria causante del Huanglongbing (HLB o enverdecimiento de los cítricos) se encuentra en países vecinos como es el caso de Ecuador. Esta situación tiene en alerta a los productores de limones, naranjas y mandarinas de nuestro país. El HLB es una plaga que no tiene cura efectiva y viene produciendo severas pérdidas en la producción de cítricos a nivel mundial, se estima la pérdida de más de 60 millones de árboles y pérdidas en la cosecha que pueden llegar hasta el 100%. Actualmente, no existen reportes ni detecciones del HLB y su vector el psílido asiático Diaphorina citri en el Perú; pero debido a la importancia de la citricultura para el país, el Servicio Nacional de Sanidad Agraria (Senasa) viene desarrollando actividades preventivas con énfasis en zonas de frontera, como son: 1) vigilancia fitosanitaria (trampeo y revisión de brotes) permanente en huertos de producción de cítricos comerciales, viveros en traspatios y de la murraya (planta ornamental) en áreas urbanas; 2) reforzamiento de control en los puestos de control fronterizo y 3) acciones de sensibilización para la población mediante la difusión de información y charlas sobre la plaga. Asimismo, se iniciarán una serie de simulacros orientados a evaluar y mejorar la capacidad de respuesta ante cualquier detección del HLB y/o sus vectores. Los simulacros son considerados una herramienta fundamental para el entrenamiento del personal técnico de la autoridad de la sanidad agraria nacional y fomentarán el trabajo en equipo con autoridades regionales, productores citrícolas y demás actores de la cadena productiva de cítricos. El primer simulacro se realizó del 11 de mayo y continuará hasta mañana en la Región de Tumbes (ubicada en la zona norte del país frontera con Ecuador). Dato . El HLB también conocido como Dragón Amarillo puede infectar todo tipo de árboles cítricos, como naranja, limón dulce, mandarina, limón sutil, toronja, kumquat o naranjita china y plantas de variedades similares.",agraria.pe/agronegocios,https://agraria.pe/noticias/citricultores-y-consumidores-en-alerta-maxima-11057
2016-05-09,LIMONES ARGENTINOS INGRESARÍAN A EE.UU. DESDE JULIO,"Representantes del servicio de sanidad del país norteamericano visitaron los campos de cultivo para verificar prácticas de producción y empaque.  El Servicio de Inspección de Sanidad Agropecuaria (Aphis) del Departamento de Agricultura de Estados Unidos (USDA), publicará una norma propuesta que modificará la normativa para permitir la importación de limón fresco desde el noroeste de Argentina a Estados Unidos. La norma propuesta será publicada en el Registro Federal el martes 10 y los comentarios para el 11 de julio próximos, señaló la página web “infocampo.com.ar”. Completado un análisis integral de riesgo de plagas y una visita a Argentina para observar las áreas de producción, prácticas de producción y empaque, y rastrear las habilidades, el Aphis determinó que los limones producidos en el noroeste de Argentina se pueden importar con seguridad en el país norteamericano utilizando systems approach. El systems approach requeriría una serie de garantías que deben aplicarse a toda la cadena de producción de la fruta para reducir de forma efectiva cualquier riesgo, incluyendo: registro y control de los lugares de producción y empaque; lugares libres de plagas de la producción; saneamiento Grove, prácticas de monitoreo y control de plagas; desinfección de frutas y tratamiento con fungicida; la identificación del lote y la trazabilidad hasta el lugar de producción; y la inspección de plagas de cuarentena por la organización nacional de protección fitosanitaria argentina. Adicionalmente, los limones desde el noroeste de Argentina tendrían que ser cosechados en verde dentro de un cierto periodo de tiempo, o tratados la mosca mediterránea de la fruta, de acuerdo a un programa de tratamiento aprobado. Todos los envíos requerirán un certificado fitosanitario con una declaración que indique que los limones fueron inspeccionados y se encuentran libres de plagas de cuarentena. Aphis hará una segunda visita a Argentina para verificar que el país ha aplicado las condiciones del plan de trabajo operativo antes de que esta regla está finalizada y los envíos empiecen. Aphis recibirá y considerará las observaciones hasta el 11 de julio y tomará entonces una decisión sobre cualquier cambio en las regulaciones de importación de la Agencia para el limón del noroeste argentino.",agraria.pe/agronegocios,https://agraria.pe/noticias/limones-argentinos-ingresarian-a-eeuu-desde-julio-11026
2016-05-09,PUNO: MÁS DE 130 PARTICIPANTES EN CURSO SOBRE HELADAS Y SUS EFECTOS,"Diversos especialistas disertaron sobre los riesgos de estos eventos climáticos en la zona sur del país y las prevenciones que se deben tener para mitigar su impacto.  El pasado viernes 6 de mayo más de 130 personas formaron parte del curso taller “Las heladas y sus efectos en Puno”, organizado por el Servicio Nacional de Meteorología e Hidrografía del Perú (Senamhi) en la ciudad de Puno. El evento se desarrolló en el marco del Programa Presupuesto 068 “Reducción de Vulnerabilidad y Atención de Emergencias por Desastres (Prevaed). Autoridades regionales y locales vinculadas a la gestión de riesgo de desastres y profesionales de prensa se reunieron en el salón de usos múltiples de la Municipalidad Provincial de Puno, con el objetivo de estrechar lazos multisectoriales en beneficio de la población más vulnerable frente a los daños que causan las heladas en la salud de los ciudadanos, la agricultura y la ganadería. La actividad también convocó a representantes de la Dirección Desconcentrada del Instituto Nacional de Defensa Civil (Indeci) Puno, Centro de Operaciones de Emergencia Regional Puno, Gobierno Regional de Puno, Dirección Regional de Salud, Sistema Nacional de Gestión del Riesgo de Desastres, Unidad de Gestión Educativa Local, Junta de Usuarios, Municipalidades Distritales, Dirección Regional Agraria Puno y periodistas de diversos medios de comunicación. Kelita Quispe, meteoróloga del Senamhi, tuvo a su cargo la primera ponencia acerca de “Las heladas en las zonas altoandinas: su origen, sus características y su pronóstico”. Inmediatamente después, el Ing. Renny Díaz Aguilar, especialista de la Dirección Regional del Senamhi-Puno, disertó sobre “El impacto de las heladas y bajas temperaturas en la Región Tacna”. A estas exposiciones siguió la del Ing. Glicerio Canchari de la Dirección General de Agrometeorología del Senamhi, quien abordó los “Riesgos agroclimáticos por bajas temperaturas en la región Tacna”. La Lic. Andrea Toyama, directora de la Oficina de Comunicación e Información del Senamhi, le siguió en el turno con la ponencia “La difusión y el rol de la comunicación del Senamhi en eventos hidrometeorologicos”. En una segunda parte del taller el Ing. Germán Quispe, subgerente de la Sug Gerencia de Defensa Nacional y Civil del Gobierno Regional de Puno, expuso sobre “El esfuerzo multisectorial para enfrentar las heladas y bajas temperaturas”. La experiencia culminó con el intercambio de ideas, aportes y sugerencias acerca del desarrollo de una cultura de prevención e integración multisectorial para enfrentar los eventos hidrometeorológicos extremos en la región Puno; y cómo gestionar efectivamente la información hidrometeorológica para beneficio de la población.",agraria.pe/agronegocios,https://agraria.pe/noticias/puno-mas-de-130-participantes-en-curso-sobre-11024
2016-05-06,"“EL CAMBIO QUE PERÚ NECESITA EMPIEZA EN EL CAMPO, EN EL AGRO”","El planteamiento Agro Próspero está definido no solo para llevar adelante la revolución de la agricultura sino llevar la justicia social al campo.  El sector agrario es el sector con el mayor índice de pobreza en el país y si se quiere derrotar este flagelo es necesario revolucionarlo ya que no puede seguir como hasta ahora. Así lo estimó el candidato a la presidencia del Perú por “Peruanos Por el Kambio”, Pedro Pablo Kuczynski, quien señaló que dicho cambio debe empezar en el campo, precisamente en el sector agrario, para ello su plan de Gobierno incluye una sección denominado “Agro Próspero”. Por su parte, el jefe del Plan “Agro Prospero” de Peruanos Por el Cambio, José Manuel Hernández, señaló que dicho plan, que reactivará la agricultura, implica dar prioridad a la seguridad alimentaria y al desarrollo rural. “El planteamiento Agro Próspero está definido no solo para llevar adelante la revolución de la agricultura sino llevar la justicia social al campo y eso empieza por apoyar a los pequeños agricultores que son los más pobres del país, sin embargo son los que brindan la mayor ocupación (el sector agrario ocupa el 30% de la fuerza laboral del país) y por lo tanto tienen el mayor potencial para generar ingresos y trabajos de calidad para todos los peruanos”, sostuvo. En ese sentido, dijo que no es posible que en el sector rural 5 de cada 10 personas sean pobres y de ellas 2 personas extremadamente pobres. “Desde Peruanos Por el Cambio apostamos por reducir la pobreza y también reducir el nivel de desnutrición. Mucha gente dice que en el 2021 debemos tener un nivel de desnutrición de alrededor del 10%, sin embargo con los programas de seguridad alimentaria que estamos proponiendo, no solo a nivel agrícola sino también de los otros sectores, consideramos insultante que en el año del bicentenario todavía exista gente desnutrida”. “Ese es nuestro compromiso, producir no solo para la seguridad alimentaria sino para desterrar la desnutrición de nuestro país y eso se logrará con el suministro de alimentos que generan los pequeños agricultores, de eso se trata nuestro plan”, comentó. Propuestas de Plan “Agro Próspero” Instalación de Serviagro: Programa de asistencia técnica y capacitación dirigido a pequeños productores. Son fondos concursables donde participarán las organizaciones y asociaciones de productores, cooperativas, entre otros. Fortalecimiento de Agrobanco: Incrementar con S/ 500 millones más los recursos del Banco Agropecuario para beneficio de los pequeños productores y otorgamiento de S/ 100 millones para incrementar los recursos del seguro agrario. Además se flexibilizará la entrega de créditos y se utilizarán las plataformas del Banco de la Nación y Cajas Rurales para agilizar los créditos que tendrán intereses más bajos. Fortalecer el Servicio Nacional de Sanidad Agraria (Senasa) y el Instituto Nacional de Innovación Agraria (INIA) junto a las Estaciones Experimentales Agrarias (EEA) para que las investigaciones lleguen a los productores. Promover el uso de semillas convencionales mejoradas (No Transgénicas) que han sido investigados por el INIA. Crear el Fondo de Desarrollo Tecnológico: Se modificará la Ley de Obras por Impuestos para que el sector agroexportador pueda invertir a cuenta de sus impuestos en este fondo que requiere el país. Cosecha de agua (Programa Sierra Azul): Se apoyará en la construcción de reservorios, micro reservorios, zanjas de infiltración, rehabilitación de andenes y promover la mayor tecnificación del riego. Manejo y utilización racional de bosques y reforestación: La meta es contar con un millón de hectáreas de bosques maderables y un millón de hectáreas de control y buen uso de la foresta en la selva.",agraria.pe/agronegocios,https://agraria.pe/noticias/el-cambio-que-peru-necesita-empieza-en-el-11000
2016-05-05,AGROEXPORT UCAYALI ESTÁ LISTA PARA EXPORTAR PLÁTANOS Y PIÑAS,"Empresa se encuentra en proceso de establecer alianzas con clientes para iniciar el envío a mercados fuera del país. Cuenta con 350 hectáreas de cultivos y producción sostenida todo el año.  Agroexport Ucayali está decidida a impulsar las exportaciones de frutas provenientes de la provincia de Ucayali, ubicada en la zona oriental del país. Elizabeth Cruz, representante de la empresa, resaltó que el clima húmedo, tropical y cálido del lugar (que se mantiene alrededor de los 30ºC) permite el cultivo durante todo el año. “Actualmente nos estamos concentrando en la producción de nuestras piñas (Cayenne y Golden) y del plátano ‘bellaco’. Estas plantaciones son de más de tres metros de altura, por lo que son muy resistentes a los cambios climáticos que están ocurriendo, lo que nos da una ventaja en comparación con otros países competidores como Costa Rica”, destacó Cruz en declaraciones para el portal Fresh Plaza. La vocera señaló tanto su región como su empresa están listos para empezar a exportar pues cuentan con la capacidad productiva y organización logística, incluyendo agentes aduaneros hasta la refrigeración durante el transporte y registros sanitarios de exportación. El éxito de este proyecto tendría como resultado una mayor demanda de mano de obra, generando trabajo para los habitantes de la zona. “Nuestro objetivo y nuestra visión es un trabajo sostenible tanto en nuestra producción como con nuestro personal. Ahora solo nos falta establecer alianzas con clientes para empezar el proceso y la comercialización al exterior”, señaló la representante de Agroexport Ucayali. Cabe destacar que la diversidad y complejidad del sistema agroecológico de Ucayali permiten que las cosechas a los largo de los ríos amazónicos logren altos rendimientos en los cultivos. Esta característica ha provocado diversas propuestas que sugieren concentrar la agricultura amazónica en sus riberas. Cruz explicó que las frutas crecen mucho en la zona por el clima pues cuentan con irrigación y fertilización natural, además las frutas se lavan de manera natural con las lluvias por lo que no se necesitan insecticidas, lo que hace que sus productos sean semiorgánicos. Dato .Agroexport Ucayali cuenta con 350 hectáreas de cultivos donde produce más de 50 toneladas de plátano ‘bellaco’, 70 toneladas de piña Cayenne y 45 de piña Golden cada mes.",agraria.pe/agronegocios,https://agraria.pe/noticias/agroexport-ucayali-esta-lista-para-exportar-10994
2016-05-05,INCREMENTO DE TEMPERATURAS DIFICULTARÁ LA FLORACIÓN EN CULTIVOS COMO LOS CÍTRICOS,"Especialista de la Universidad de Florida explica las señales que deben tomar en cuenta los productores y las alternativas ante un proceso que parece inevitable.  ¿Cómo afecta el cambio climático a las regiones agrícolas productoras? Es una pregunta que cobra cada vez mayor actualidad. L. Gene Albrigo, profesor emérito y miembro del Departamento de Investigación en Cítricos y Centro de Educación de la Universidad de Florida, señala que en tanto se sigan consumiendo combustibles fósiles, el dióxido de carbono (CO2) y otros gases continuarán incrementándose, lo que tendrá como consecuencia que cada vez más calor quede atrapado cerca de la atmósfera, creando un efecto invernadero. Sin embargo, para el especialista, este incremento en la temperatura es solo un factor dentro de un marco más amplio del periodo interglaciar que sucede de forma natural. Como consecuencia, se puede esperar un incremento en las temperaturas del viento, la tierra y los océanos, así como una tendencia a que haya menos lluvias en varias zonas. “Lo importante será identificar en qué zona nos encontramos para saber cómo adaptarnos o tomar decisiones con respecto a los cultivos”, comentó Albrigo. Explicó que en el caso de los cítricos, uno de los procesos que más se puede afectar es el de la floración en los brotes, pues el incremento de temperatura la dificulta. Otras consecuencias pueden ser una mayor caída de la fruta, volumen de crecimiento más rápido, maduración más temprana, color pobre del fruto, pérdida más temprana del jugo, declinación acelerada en acidez y que la fruta alcance un estado insípido mucho más rápido. Es decir, la calidad de la fruta en general se ve comprometida. Albrigo recordó que son las temperaturas frescas, de menos de 20ºC las que permiten la inducción a la floración en todos los países mediterráneos, Florida (Estado Unidos) y el norte de México. El proceso de floración requiere de un promedio de 700 a 1200 horas, pero un incremento de 2ºC en la temperatura, como se estima sucederá, provocaría que el ciclo se reduzca y pierda de 150 a 300 horas en lugares como Florida. Una situación así requeriría de inviernos más secos para compensar la reducción de temperaturas frescas. ¿Las opciones ante este escenario? En principio, según el investigador, hay que saber en qué zona del mundo estamos y cuáles de estos factores ya se están percibiendo. Luego, se puede decidir mudar los cultivos de zonas desfavorables a otras más favorables, cambiar la variedad de la fruta a unos cultivos más tropicales o de maduración más lenta, crear cultivos nuevos y mejor adaptados y cambiar las prácticas de producción (lo que incluye mejorar los sistemas de irrigación principalmente).",agraria.pe/agronegocios,https://agraria.pe/noticias/incremento-de-temperaturas-dificultara-la-10991
2016-05-02,SECTOR AGROPECUARIO CRECIÓ 1.6% EN PRIMER TRIMESTRE DEL AÑO,"Se proyecta cerrar este año con un crecimiento del sector agropecuario en 3%.  En el primer trimestre de este año, el sector agropecuario experimentó un crecimiento de 1.6%, pese a la presencia del Fenómeno de El Niño en el país, señaló el titular del Ministerio de Agricultura y Riego (Minagri), Juan Manuel Benites Ramos. Durante enero-marzo del 2016, el subsector agrícola tuvo un crecimiento de 1.7%, impulsado por la mayor producción de arroz cáscara que creció en 13% (en Piura, Arequipa y Ancash), páprika 112% (en Lambayeque y Lima), uva 8% (en Piura e Ica) y mango 11% (en Lambayeque y Piura). Además se registró aumentos en la producción de alcachofa 46% (en Arequipa y Cusco), aceituna 224% (en Tacna), cebolla 7% (en Arequipa), palma aceitera 10% (en Ucayali y San Martín) y café pergamino 10% (en Ucayali y San Martín). Por su parte, el sector pecuario y avícola experimentó un incremento de 1.4% respecto al mismo periodo del año anterior y el alza obedeció, principalmente, a la mayor producción de pollo que aumentó en 0.1% por una mayor saca de esta especie en los departamentos de Lambayeque y Arequipa, como resultado de una mayor colocación de pollos “BB” de la línea carne. De la misma manera, el Minagri dio a conocer que la producción de huevos creció en 3%, por la presencia de un mayor número de gallinas ponedoras en los departamentos de Ica y La Libertad. Mientras, la leche cruda de vaca se incrementó 2% por una mayor población de vacas en producción en los departamentos de Cajamarca y Arequipa; y porcino 3% en los departamentos de Arequipa, Cusco y Lima, debido a la mayor saca de esta especie. Producción en marzo Por otro lado, en el mes de marzo, los productos agrícolas que incrementaron su producción fueron arroz cáscara que creció en 10% (en Arequipa y La Libertad), aceituna 224% (en Tacna), algodón sin desmotar 47% (en Ica), páprika 30% (en Lima, Lambayeque y Arequipa) y cacao 10% (en Junín y Cusco). También se observaron aumentos en la producción de ají en 75% (Tacna y La Libertad), alcachofa en 52% (Arequipa), mandarina que creció en 12% (Lima, Ica y Cusco) y café pergamino 2% (Cusco, San Martín y Huánuco), entre otros cultivos. Por su parte, la producción pecuaria y avícola en marzo experimentó una mayor producción de leche cruda de vaca que creció en 2% por una mayor población de vacas en producción en los departamentos de Cajamarca y Arequipa; huevo de gallina 3% por mayor número de gallinas ponedoras en los departamentos de Ica y La Libertad; y porcino 4% en los departamentos de Lima y Arequipa debido a la mayor saca de esta especie. Juan Manuel Benites adelantó que este año la actividad agropecuaria crecería alrededor de 3%, continuando la tendencia alcista de los últimos años que no se vio mayormente afectada por el Fenómeno de El Niño, debido principalmente a las diversas acciones de prevención ejecutadas por el sector que permitieron un bajo número de hectáreas registradas como pérdidas.",agraria.pe/agronegocios,https://agraria.pe/noticias/sector-agropecuario-crecio-16-en-primer-10964
2016-04-29,CHILE: MÁS DE 10 MIL HECTÁREAS DE PALTA PERDIDAS POR FALTA DE AGUA,"La falta de agua ha tenido un gran impacto en los volúmenes cosechados, principalmente en la V y IV Región a la Cordillera. Las exportaciones han disminuido significativamente en los últimos años, resultado de una menor producción por la pérdida de plantaciones y el sostenido aumento del consumo per cápita de palta en Chile  Si bien en la última semana Chile ha sufrido muchas lluvias inesperadas para este periodo del año, en años anteriores las sequías afectaron gravemente las zonas productoras de palta desde Santiago hasta el norte del país sudamericano, señaló el representante de Subsole, Óscar Villegas. “La falta de agua ha tenido un gran impacto en los volúmenes cosechados, principalmente en la V y IV Región a la Cordillera; se han perdido más de 10.000 hectáreas, de las cuales la mayoría no se recuperarán. Las exportaciones han disminuido significativamente en los últimos años, resultado de una menor producción por la pérdida de plantaciones y el sostenido aumento del consumo per cápita de palta en Chile”, comentó para el portal web “Fresh Plaza”. Indicó que normalmente el periodo de exportación de palta de Chile se inicia en agosto y se prolonga hasta febrero. Las últimas temporadas las exportaciones con destino a Estados Unidos y Europa se han alargado hasta comienzos de marzo, y desde mediados de ese mes en adelante los destinos de la fruta son el mercado interno o la exportación a mercados cercanos como Argentina. La temporada 2015-2016 se exportó más que la temporada anterior 2014-2015, y se puede calificar como un año de buenos volúmenes de exportación. El consumo de palta continúa creciendo año a año a nivel mundial, dejando la ventana en que Chile llega a Europa, con una demanda insatisfecha y un espacio para colocar mayores volúmenes para el futuro. “Países como Perú, si bien están creciendo mucho en la exportación, no son una competencia directa para Chile, ya que los periodos de producción son diferentes. Perú tiene su oferta durante 4 o 5 meses antes de la partida de Chile, cuando impulsa el consumo en Europa y entrega a Chile en septiembre un mercado activo con alta demanda, lo que es un complemento ideal para Chile. Colombia es un país con mucho potencial en aguacates, donde hay zonas que compiten con Chile desde diciembre en adelante, y otras zonas más tardías que apuntan a arribar a los mercados desde marzo a abril”, aseveró. Asimismo, señaló que es temprano para estimar los volúmenes de la próxima temporada. “En teoría, debería ser un año de descarga con volúmenes menores a los de la temporada pasada, pero hubo muy buenas floraciones y cuajas a lo largo de las zonas productoras; por otro lado, también hay que esperar a que pase el invierno para saber el volumen de fruta con que contaremos, esto por la posibilidad de heladas que merman la producción"", finalizó.",agraria.pe/agronegocios,https://agraria.pe/noticias/chile-mas-de-10-mil-hectareas-de-palta-perdidas-10955
2016-04-29,PROMUEVEN USO DE SEMILLA DE CALIDAD FRENTE A CAMBIO CLIMÁTICO EN LAMBAYEQUE,"Semillas de calidad permiten obtener mayor rentabilidad y competitividad en el mercado, además de prevenir plagas y enfermedades que aquejan a los principales cultivos de la zona.  La Estación Experimental Agraria (EEA) Vista Florida ubicada en Chiclayo que pertenece al Instituto Nacional de Innovación Agraria (INIA), organizó en Lambayeque la conferencia “Situación actual del uso de semilla de calidad en la costa norte”. El evento contó con la participación de alrededor de 50 proveedores de asistencia técnica, estudiantes y empresarios, procedentes de la ciudad de Guadalupe, provincia de Pacasmayo (La Libertad) Los visitantes conocieron la importancia del uso de semilla de calidad que promueve el INIA, con la finalidad de obtener mayor rentabilidad y competitividad en el mercado, además de prevenir plagas y enfermedades que aquejan a los principales cultivos de la zona a causa de los efectos del cambio climático. El director de la EEA Vista Florida, Carlos Alberto Núñez Díaz, señaló que los profesionales del INIA mediante acciones de capacitación y transferencia de tecnología vienen incrementando el uso de semilla de calidad, obteniendo resultados favorables en el campo.",agraria.pe/agronegocios,https://agraria.pe/noticias/promueven-uso-de-semilla-de-calidad-frente-10953
2016-04-28,CODELCO ACUSADA DE NEGLIGENCIA POR DERRAME DE TÓXICOS EN PROVINCIA CHILENA DE LOS ANDES,"Relaves mineros escaparon por un canal dañado por el deslizamiento de tierras. Ya en febrero la misma empresa había contaminado los ríos Blanco y Aconcagua.  Las lluvias de abril no son el único evento que está causando estragos en el sector productor de frutas de la provincia de Los Andes en Chile. El fin de semana pasado, la división de Codelco Andina, tuvo un incidente ambiental luego de ruptura de un canal que transportaba relaves desde esa división hacia el Tranque Ovejería, un incidente que los agricultores de la zona dicen que fue causado por negligencia. Los productores se mostraron indignados pues esta no es el primer incidente que involucra a la división de Codelco Andina, puesto que en pasado 25 de febrero la empresa también derramó concentrado de cobre en los ríos Blanco y Aconcagua. “Estamos muy preocupados por la negligencia de Codelco Andina pues está dañando continuamente nuestro negocio y patrimonio, afectando el esfuerzo de décadas que hizo el país invirtiendo en la construcción de una imagen para nuestra fruta a nivel internacional”, dijo Víctor Catan, presidente de la Asociación de Agricultores de Santa Rosa de Los Andes, en una declaración que recoge el portal “Fresh Plaza”. Por su parte, el Departamento de Comunicaciones de Codelco Chile señaló que sus estructuras fueron dañadas por deslizamientos de tierra a causa del mal clima que se presenta en la parte central del país y que cometieron el error de enviar el relave a través del canal hacia el Tranque Ovejería sin haber hecho una inspección en vista de las condiciones adversas del clima. La declaración ha hecho surgir otras interrogantes en los productores. “Nos sorprende que la mina productora de cobre más grande del mundo no cuente con infraestructura y personal adecuado para trabajar con materiales peligrosos en situaciones como esta”, dijo Víctor Catan, quien comparó esta negligencia con la sucedida durante el fin de semana en Santiago, la capital del país, después de que el río Mapocho se inundara a causa de los trabajos llevados a cabo por Costanera Norte. La Asociación de Agricultores de la provincia está recopilando información para estimar los riesgos y el daño que el incidente ha ocasiona en la salud de las personas, el agua y el suelo usado para la producción.",agraria.pe/agronegocios,https://agraria.pe/noticias/codelco-acusada-de-negligencia-por-derrame-10942
2016-04-28,INIA Y FAO BUSCAN FORTALECER EL SECTOR ALGODONERO MEJORANDO LA COMPETITIVIDAD,"En el marco del Proyecto de “Apoyo al fortalecimiento del sector algodonero peruano mediante la mejora de la competitividad de los sistemas de producción de la agricultura familiar”  El Instituto Nacional de Innovación Agraria (INIA) realizará hoy y mañana en Piura días de campo con el objetivo de fortalecer el sector algodonero en dicha región a través de asistencia técnica y transferencia de tecnología a los agricultores. En el marco del proyecto “Apoyo al fortalecimiento del sector algodonero peruano mediante la mejora de la competitividad de los sistemas de producción de la agricultura familiar” el INIA capacitará a los algodoneros en la aplicación de las mejores prácticas productivas que permitan bajar los costos de producción e incrementar los ingresos familiares. Los Día de Campo se llevan a cabo dentro del Proyecto Regional de la Organización de las Naciones Unidas para la Alimentación y la Agricultura (FAO): Fortalecimiento del Sector Algodonero por Medio de la Cooperación Sur-Sur en los países productores miembros y asociados al Mercado Común del Sur, que involucra a los países de Brasil, Paraguay, Perú, Bolivia, Ecuador, Colombia, Argentina y Haití. Este proyecto se desarrolla bajo la modalidad de cooperación Sur-Sur Trilateral: Perú, a través del Ministerio de Agricultura y Riego (Minagri) y el INIA, y Brasil intercambian experiencias para mejorar la competitividad del sector algodón; y la FAO ofrece la asistencia técnica requerida por ambos países. El Proyecto busca contribuir al fortalecimiento de las capacidades técnicas e institucionales de entidades gubernamentales nacionales y subnacionales como el INIA y las Direcciones Regionales de Agricultura para mejorar y articular de manera más efectiva las políticas públicas de competitividad de los sistemas de pequeña producción algodonera. ¿Cómo funciona el Día de Campo? Previamente, como parte del proyecto, se implementan unidades técnicas demostrativas (UTD), que son parcelas de aprendizaje donde se difunden las mejores prácticas de producción del algodón. En esta oportunidad, la UTD se encuentra en las tierras de uno de los agricultores que participa en el proyecto, don César Zapata. Durante el Día de Campo, esa parcela se divide en cuatro “estaciones” y cada estación trata de resolver un problema concreto de producción: preparación de terreno, fertilización, manejo de plagas, riego. Técnicos y agricultores van rotando. Dato . En la región Ica, se implementaron dos unidades técnicas demostrativas (UTD) y se realizaron en cada una de ellas cuatro días de campo y en Piura se han instalado dos UTD y se inician los primeros días de campo en esta campaña de producción: El primer día de campo se realizará hoy en Catacaos y mañana en Sechura. El segundo se realizará el 9 de junio en Catacaos y el 10 de junio en Sechura. El tercer día de campo se realizará el 7 de julio en Catacaos y el día siguiente en Sechura; mientras que el cuarto día de campo se realizará el 4 de agosto en Catacaos y al día siguiente será en Sechura.",agraria.pe/agronegocios,https://agraria.pe/noticias/inia-y-fao-buscan-fortalecer-el-sector-algodonero-10936
2016-04-27,SENASA Y GORE PIURA MEJORARÁN CADENA PRODUCTIVA DE BANANO ORGÁNICO,"Se trabajarán tres líneas de acción: Programa de Inocuidad, implementación y fortalecimiento del Manejo Integrado de Plagas (MIP); control integrado de plagas con énfasis en el insecto Trips que causa la mancha roja del banano, desarrollo de Escuela de Campo (ECA), y la liberación de controladores biológicos y organismos causantes de enfermedades en los insectos.  El Servicio Nacional de Sanidad Agraria (Senasa) y el Gobierno Regional de Piura (Gore Piura) suscribieron un convenio de cooperación interinstitucional para proteger de plagas, acrecentar la inocuidad e incrementar la productividad del banano orgánico regional y contribuir así a la competitividad del fruto exportable piurano. En el marco del componente VI denominado ‘Desarrollo de capacidades técnicas y de gestión para el manejo integrado de la cadena productiva del banano’, especialistas del Senasa trabajarán tres líneas de acción: Programa de Inocuidad, implementación y fortalecimiento del Manejo Integrado de Plagas (MIP); control integrado de plagas con énfasis en el insecto Trips que causa la mancha roja del banano, desarrollo de Escuela de Campo (ECA), y la liberación de controladores biológicos y organismos causantes de enfermedades en los insectos. Al respecto, el director ejecutivo del Senasa Piura, Joseph Portugal Álvarez, señaló que esta alianza estratégica entre el Gore Piura y el Senasa permitirá fortalecer la cadena productiva del banano, fuente generadora de importantes ingresos para el país y sobre todo para la región En este momento en la región Piura solo existen 60 asociaciones que agrupan a 8 mil productores que tienen como principal objetivo la exportación de este fruto a los mercados de Alemania, Bélgica y Corea del Sur, Estados Unidos y Holanda. El convenio permitirá desarrollar y fortalecer el proyecto ‘Mejoramiento de la competitividad de la cadena productiva del banano orgánico para mejorar la oferta exportable en la Región Piura’, formulado por la Dirección Regional de Agricultura que invertirá S/ 9.701.363 para beneficiar a los productores bananeros de Morropón, Chulucanas, Batanes, Buenos Aires, La Matanza, Tambogrande, Yuscay, La Huaca, Pueblo Nuevo de Colán y Sullana.",agraria.pe/agronegocios,https://agraria.pe/noticias/senasa-y-gore-piura-mejoraran-cadena-productiva-10927
2016-04-26,PIURA SE CONVERTIRÁ EN LA PRIMERA POTENCIA AGROEXPORTADORA,"Con la ejecución de los proyectos de riego en los próximos años como Alto Piura, la recuperación de Poechos, la represa Peñita y ahora el reservorio Vilcazán, se tienen 250 mil hectáreas en plena producción y se podrá ampliar en más de 100 mil las hectáreas nuevas para cultivos de agroexportación.  El titular del Ministerio de Agricultura y Riego (Minagri), Juan Manuel Benites Ramos, señaló que Piura se convertirá en la primera potencia agroexportadora de nuestro país En el marco de la suscripción de convenios entre la Autoridad Nacional del Agua (ANA) y el Gobierno Regional de Piura, en la que se elaborará el perfil del proyecto de infraestructura hídrica del reservorio Vilcazán, Benites indicó que dicha obra permitirá dotar a esa región de infraestructura hidráulica. “Esta obra es un sueño anhelado por los habitantes de Piura, ya que les permitirá contar con mayor recurso hídrico y de esa manera puedan ampliar las áreas de cultivos”, sostuvo. Añadió que se trata de una solución integral al tema de Vilcazán porque se añadiría la construcción de un túnel y un recrecimiento de la presa San Lorenzo para poder almacenar más de 50 millones de metros cúbicos de agua, remarcó. “En estos momentos tenemos 250 mil hectáreas en plena producción de alimentos y con el reservorio de Vilcazán se tendrán 100 mil hectáreas adicionales. Esto posicionará a Piura desde una perspectiva muy interesante, como región productora de alimentos y en la generación del empleo”, aseveró. El ministro expresó que con estas 100 mil nuevas hectáreas, la región Piura se podrá convertir en la primera potencia agroexportadora del país en los años venideros, similar a lo que sucede con las regiones de Ica y La Libertad, donde existe una situación de pleno empleo impulsado por la actividad agrícola. En forma paralela, el ministro dio a conocer que su sector ejecuta en la parte alta de Piura proyectos del Fondo Mi Riego para un mayor aprovechamiento del recurso hídrico, a fin de que los pequeños agricultores puedan tener mayores de cosechas. Uso eficiente del agua Por otro lado, el titular el Minagri, insistió en la necesidad que los productores agrarios puedan dotarse de un manejo adecuado y eficiente de los recursos hídricos para impulsar productos de agroexportación, como frutales, hortalizas u otras de enorme demanda en el mercado internacional y no destinar más áreas a cultivos de arroz. En otro momento, Benites recordó las acciones de prevención ejecutadas por el Minagri ante la presencia del Fenómeno El Niño (FEN) y solo en Piura se invirtió más de S/ 130 millones en labores de mitigación. Recordó que el sector Agricultura destinó S/ 650 millones a lo largo del año pasado en la ejecución de labores de descolmatación del cauce de ríos, limpieza de drenes, quebradas y diques en las regiones declaradas en emergencia. Dato . El ministro participó del inicio de la operatividad del canal provisional del sifón Saman (canal de 500 metros lineales), que sufrió los impactos del Fenómeno El Niño y que ahora podrá suministrar agua a 15.000 hectáreas de banano y 20.000 hectáreas de arroz, así como atender las necesidades de la población de Salitral.",agraria.pe/agronegocios,https://agraria.pe/noticias/piura-se-convertira-en-la-primera-potencia-10910
2016-04-26,POMALCA INSTALARÁ RIEGO POR GOTEO SUBTERRÁNEO PARA LA CAÑA DE AZÚCAR,"La empresa, que enfrentó una larga huelga a principios de 2016, busca incrementar su capacidad de molienda a un ritmo de 3.500 toneladas netas por día.  Como parte de su estrategia de crecimiento, la empresa Agroindustrial Pomalca anunció diversos objetivos para este año. En la lista destacan el incremento de las variedades para mejorar su tolerancia a las sales, aumentar la edad de cosecha a fin de mejorar la productividad y la instalación del riego por goteo subterráneo en caña. De acuerdo a la información que consigna el diario Gestión, Pomalca busca también incrementar su capacidad de molienda a un ritmo de 3.500 toneladas netas por día. Además, tiene planificada para el mes de mayo una reparación de parte de sus equipos. Cabe recordar que la empresa, que es administrada por el Grupo Oviedo, enfrentó una a principios de año una larga huelga que derivó en enfrentamientos de trabajadores con la policía en Chiclayo. Dirigentes de los trabajadores indicaron entonces que existían 600 trabajadores que no percibían el sueldo básico de S/ 1000 y que contaban con pruebas sobre una “presunta venta de tierras hecha por el directorio”. Las protestas culminaron a fines de marzo, tras 49 días de huelga, luego de acordar el pago de escolaridad a todo el personal así como el pago excepcional a cuenta de la planilla de gratificación del mes de julio de S/ 300. Según directivos de Pomalca, la huelga habría dejado pérdidas a la empresa por más de S/ 23 millones.",agraria.pe/agronegocios,https://agraria.pe/noticias/pomalca-instalara-riego-por-goteo-subterraneo-10908
2016-04-26,HAY QUE SACAR LOS JUGOS Y REFRESCOS  INDUSTRIALES DE LAS LONCHERAS DE LOS NIÑOS,"Especialista en la promoción de mandarinas en el mercado interno señala que el consumo de productos industriales ya es un gran problema de salud en muchos países y que es necesario que en el Perú se fomente una adecuada alimentación.  Es una cuestión de salud más que de marketing. Carlos Guiulfo, director de la agencia de mercado y publicidad New Marketing, señaló que el desarrollo de enfermedades como la diabetes, producto de la obesidad desde la niñez, ha encendido las alarmas en países como México, que están en franca lucha contra productos como las gaseosas y los jugos industriales. El especialista, que ha trabajado los últimos cinco años junto a ProCitrus para el posicionamiento de la mandarina en el mercado local, señaló que existen competidores en el mundo industrial que buscan confundir al consumidor y le hacen creer que un vaso de jugo industrial es lo mismo que consumir mandarinas y las reemplaza. Por ello, destacó que exista una norma como la “Ley de promoción de la alimentación saludable para niños, niñas y adolescentes”, pues es un instrumento que sirve como apoyo para que el Estado cumpla con su misión de informar a la ciudadanía sobre lo que es saludable y lo que no. “En Estados Unidos se están haciendo análisis sobre qué hacen las empresas de jugos y refrescos industriales y se ve que no solo se dirigen con mensajes a los niños sino también a los padres. Hay un sentimiento de culpa de muchos padres por no poder estar en el hogar el tiempo suficiente y entonces las campañas están apelando a motivos de unión familiar”, explicó Guiulfo. Destacó de otro lado que en el Perú, a diferencia de Estados Unidos, los mayores consumidores de mandarinas son las familias de más bajos recursos, por lo que se trata de un producto con muchas cualidades y que supera en preferencia a frutos como el plátano y la naranja. “La mandarina es la fruta perfecta, pero tiene paradigmas que debe derribar, hay amas de casa que piensan por ejemplo que no se debe consumir en invierno porque se le es una fruta fría que resfría. Eso me comentaron en los mercados en días lluviosos y por eso a veces no se vende bien”. Nuevos canales de promoción En el plano de la estrategia, Carlos Guiulfo comentó que las redes sociales son grandes aliadas en el objetivo de extender el consumo de mandarinas en el mercado interno. Anotó así que el presupuesto con que cuentan junto a ProCitrus ya no se destina exclusivamente a la promoción en medios masivos como radio y televisión, sino que aprovecha redes como Facebook para hablarle ya no solamente a las madres de familia y niños, sino también al público joven. Recordó a propósito que en Estados Unidos la mayor inversión en publicidad se irá a canales online, por encima de la televisión. En el Perú estamos entre 12% a 15% de inversión en plataformas web. Agregó que ha sido interesante ir conociendo a profundidad el perfil del consumidor para llegar a entender por qué el público compra determinadas frutas. Distinguió así que las decisiones de compra se toman en el mismo punto de venta y que están motivadas tanto por factores racionales (como el precio) así como emocionales. Finalmente, el marketero pidió hacer un esfuerzo conjunto para replicar los mensajes relativos a la alimentación saludable y dejar de lado esa tendencia que ha llevado a los jugos y refrescos industriales a estar siempre presentes en las loncheras de los niños. Remarcó que la mandarina es un buen producto que tiene propiedades que ayudan a evitar una serie de enfermedades, características que deben hacerse conocidas. “La organización mundial de la salud dice que debemos consumir dos porciones de fruta al día. Eso multiplicado por los más de 30 millones de peruanos que somos agotaría la producción de la mandarina”.",agraria.pe/agronegocios,https://agraria.pe/noticias/hay-que-sacar-los-jugos-y-refrescos-industriales-10905
2016-04-25,CHILE: PÉRDIDA DEL 5% DE UVAS SERÍA EL SALDO DE LAS INUNDACIONES,"Productores esperan que agua excesiva de las tierras de cultivos desaparezca para poder limpiar los huertos y desechar la fruta arruinada.  Las fuertes lluvias en Chile han causado estragos con efectos colaterales en todo el litoral, siendo Santiago la provincia con mayores daños, pues por el exceso de agua se produjo una fuerte inundación producto del desborde del río Mapocho, publicó el portal web “Fresh Plaza”. Si bien Santiago tiene muchos campos dedicados al cultivo de uva de mesa, aproximadamente el 95% de la cosecha ya había culminado antes de que la presencia de este fenómeno natural se hiciera sentir. “Efectivamente, la lluvia fue muy fuerte, cayeron muchos milímetros y los campos con uva se dejaron de cosechar. Felizmente para la mayoría de nosotros, los productores, no quedaba mucha uva sin cosechar, solo los restantes, que sería menos del 5% del total de la producción. Pero lo que quedaba por cosechar no se podrá utilizar más y tendrá que ser desechado”, afirman fuentes del sector. En un año normal para la producción y cosecha de uvas, a mediados de abril sería el período promedio para el término de las cosechas de variedades más tardías de estas frutas. Pero Chile llevaba un retraso de entre 10 y 15 días esta temporada, debido a la variación de temperaturas que no favoreció la maduración de la fruta, por lo que la recolección de la uva se aplazó. Con la aparición de estas lluvias, los productores se vieron obligados a concluir el proceso antes de lo previsto. “Felizmente, los campos no han sido dañados hasta ahora, pero aún tenemos que revisar su estado cuando el temporal mejore. En estos momentos, estamos esperando que el agua excesiva de las tierras de cultivos desaparezca para poder limpiar los huertos y desechar la fruta arruinada. Solo después de este proceso podremos empezar a preparar la tierra para la próxima siembra. Pero esperamos que los daños sigan siendo pocos, como se pronostica hasta ahora”, reafirman productores de la zona.",agraria.pe/agronegocios,https://agraria.pe/noticias/chile-perdida-del-5-de-uvas-seria-el-saldo-10898
2016-04-25,VILA VILANI II TARDARÁ POR LO MENOS DOS AÑOS ANTES DE PRODUCIR RESULTADOS,"Son 2.500 las hectáreas del valle de Tacna que se beneficiarían con la irrigación desarrollada por esta iniciativa. Dirección regional de Agricultura de la región señala que este será un “año seco” y que suministro hídrico solo está garantizado hasta agosto.  El futuro hídrico de la región Tacna es motivo de preocupación. De hecho, ya las autoridades consideran que este 2016 será un “año seco” y que, si bien hubo precipitaciones en los últimos días, estas son esporádicas y no garantizan de ninguna manera la campaña agrícola. Por ello, la esperanza de los agricultores de esta zona está puesta en la concreción del proyecto acuífero Vila Vilani II Fase I, que permitirá utilizar las aguas del río Mauri para irrigar 2.500 hectáreas del valle de Tacna. Luis Calderón Luyo, director regional de Agricultura del Gobierno Regional de Tacna, recordó que este mes el gobernador de Tacna, Omar Jiménez, se reunió con representantes del Ministerio de Economía y Finanzas (MEF) para garantizar los fondos del proyecto Vila Vilani II. Jiménez señaló a la prensa después de su reunión con el MEF que esta entidad está a la espera de la normatividad correspondiente y que el tema tiene que ser visto en el Congreso de la República con un dictamen respectivo. Puntualizó que se necesita una modificatoria de presupuesto. “Con este proyecto el agua va a estar garantizada en Tacna, pero la primera fase va a demorar por lo menos dos años para concretarse y producir resultados. Ya el presupuesto está cubierto, pero lo frutos se tomarán un tiempo”, señaló Luis Calderón a Agraria.pe. El director regional de Agricultura de Tacna agregó que según diversos reportes, en la actualidad el suministro de agua para la agricultura solo está garantizado hasta el mes de agosto como máximo, por lo que hay incertidumbre sobre el futuro del sector. Cabe recordar que el proyecto Vila Vilani II, que ha sido declarado de interés nacional, prevé construir en la región Tacna una planta de tratamiento de agua potable y otra de tratamiento de agua residual. La oficina del Proyecto Especial Tacna había indicado que el presupuesto estimado para esta obra estaba proyectado en 280 millones de soles. Un último inconveniente que ha tenido que afrontar Vila Vilani II es la negativa de los ciudadanos de las comunidades de Mamuta y Kallapuma, en la provincia de Tarata, al uso del agua del manantial Ojos de Copapujo como fuente para el proyecto. Representantes de la población se reunieron con consejeros regionales para exigir la construcción de sistemas de agua potable y vías de comunicación. *Con información de Agencia Andina de Noticias y diariocorreo.pe",agraria.pe/agronegocios,https://agraria.pe/noticias/vila-vilani-ii-tardara-por-lo-menos-dos-anos-10890
2016-04-22,SIERRA EXPORTADORA CAPACITA A TÉCNICOS MUNICIPALES Y PROFESIONALES EN FORMULACIÓN DE PLANES DE NEGOCIOS,"Para facilitar el acceso a los fondos de financiamiento concursables que promuevan la competitividad de las cadenas productivas de la región  Con el objetivo de capacitar a profesionales y técnicos municipales de los distritos piuranos de Paima y Montero, en la formulación de planes de negocios que faciliten el acceso a los fondos de financiamiento concursables, Sierra Exportadora organizó el curso “Formulación de Planes de Negocios para la Competitividad de las Cadenas Productivas”. Se contó con el apoyo de ambas municipalidades, de la facultad de Agronomía de la Universidad Nacional de Piura (UNP), del Instituto Tecnológico de Montero y la ONG Instituto de Gestión de Cuencas Hidrográficas (IGCH). Los cursos responden al enfoque de ‘Municipio Productivo’ que Sierra Exportadora promueve desde el 2012, con el firme propósito de convertir a los gobiernos locales en los principales promotores del desarrollo económico de sus jurisdicciones, mediante la gestión y ejecución de proyectos de inversión pública y planes de negocios que permitan la expansión de empresas productivas exitosas. “El gran reto es convertir a los alcaldes en auténticos líderes del desarrollo productivo de sus localidades, acompañados de su equipo de técnicos capacitados para tal fin”, manifestó el presidente ejecutivo de Sierra Exportadora, Alfonso Velásquez Tuesta. Metodología La capacitación en Paimas se desarrolla todos los martes, por un periodo de seis semanas. Se inauguró el 5 de abril y finalizará el 10 de mayo próximo. En el distrito de Montero se realiza todos los jueves y se extenderá hasta el 3 de junio próximo. Las municipalidades propusieron a los profesionales o técnicos con disponibilidad de tiempo y condiciones para formular planes de negocio que respondan a una propuesta productiva de una organización y que desarrollen un trabajo aplicativo que culmine con la entrega de un plan de negocios que sea ejecutado por el municipio correspondiente. La sede descentralizada de Sierra Exportadora en Piura considera importante contar con formuladores de planes de negocios relacionados a los fondos concursables que ofrece el Estado para apoyar y promover la competitividad de las cadenas productivas que pueden desarrollarse desde las municipalidades provinciales y distritales del país.",agraria.pe/agronegocios,https://agraria.pe/noticias/sierra-exportadora-capacita-a-tecnicos-municipales-y-profesi-10880
2016-04-22,ALGODÓN PIMA Y UVA DE MESA GENERAN S/ 290 MILLONES EN INGRESOS A PIURA CADA AÑO,"Gobernador regional de Piura pidió defender la Ley de Promoción Agraria pues da estabilidad al sector agrícola. Señaló además que la uva “le cambió la vida” a su región y que ya la ha convertido en la segunda gran exportadora de esta fruta a nivel nacional.  Reynaldo Hilbck Guzmán, gobernador regional de Piura, destacó el rol económico y social que han tenido para los piuranos el algodón Pima y la uva de mesa, pues están generando empleo y 290 millones de soles en ingresos cada año. Estas declaraciones las realizó en el marco de la primera fecha de Siuva Norte 2016, que se llevó a cabo el 20 y 21 de este mes en el Campus de la Universidad de Piura. La autoridad recordó que el 2007 salieron los primeros 14 contenedores con uva de exportación, lo que, en sus palabras, significó una evolución en el camino que despertó el mercado de Piura. Hoy, con una exportación de 100.000 toneladas, esta región del norte peruano se ha convertido en la segunda gran exportadora de uva de mesa a escala nacional. El primer lugar lo mantiene Ica con 140.000 toneladas y tercero Lambayeque con 25.000. “En Piura no hay un gremio que nos una, pero es importante para coordinar puntos en concreto y gestionar apoyo, donde además se debe mantener la productividad, es decir, mayor ingreso. El mercado es otro punto, ya que tenemos que ir a los Tratados de Libre Comercio, así como Corea y China. Es necesario buscar más mercados, no podemos depender de uno solo, debe haber diversificación”, señaló Hilbck en declaraciones que recoge Agencia Andina de Noticias. En otro momento, el gobernador pidió tener en cuenta la participación del Gobierno con la Ley de Promoción Agraria, instrumento que defendió como estabilizador del sector agrícola, que es una importante fuente de trabajo y de negocios en la economía. Por su parte, Fernando Cillóniz, gobernador regional de Ica, resaltó que las cinco principales empresas dedicadas a la exportación de uvas de mesa se encuentran en Piura: Pedregal, Rapel, Ecosac, Beta y Agrovictoria. “(La uva) es el principal producto agrícola de exportación, 600 millones de dólares o más, y Perú se va a los 1.000 millones de dólares, que es número de la envidia, que es Chile, y que es el principal exportador de uva a escala mundial, y donde ese billón de dólares nos parecía inalcanzable hasta hace poco, pero es evidente que Perú va a jugar en esa gran liga de la uva de mesa. Es un cultivo importante, más que el espárrago, que el café, y que cualquier otro producto. Es el líder de este sector, que ya exporta 5.000 millones de dólares al año”, puntualizó.",agraria.pe/agronegocios,https://agraria.pe/noticias/algodon-pima-y-uva-de-mesa-generan-s-290-10876
2016-04-22,LIMA TAHÍTI Y LIMÓN EUREKA TIENEN OPORTUNIDADES EN AMERICA Y EUROPA,"En el 2015 las exportaciones peruanas de limón ascendieron a 5.000 toneladas, lo que representó un crecimiento de 150% respecto al 2014. Esta variedad se destina a las comunidades peruanas en el exterior.  Los limones eureka y las limas tahíti son variedades que el país no explotado mucho y podrían tener oportunidad en el mercado americano y europeo, señaló el presidente de la Asociación de Productores de Cítricos del Perú (Procitrus), Alfonso Rizo Patrón. “Creemos que hay un potencial grande en estos productos que se están desarrollando. En el norte del Perú y la costa central hay plantaciones interesantes de lima tahíti, conozco un par de proyectos de 60 hectáreas cada uno, tanto de lima tahiti y de limón eureka que ya se están estableciendo”, comentó. Indicó que Perú cuenta con cerca de 300 hectáreas entre lima tahíti y limón eureka y serán las zonas de la costa central y costa norte donde se desarrollarán los nuevos proyectos de limas y limones, ya que hay áreas disponibles. “Está Olmos, está Alto Piura, Puyango Tumbes, toda esa zona donde hay alta temperatura el limón se desarrolla bien”. Rizo Patrón detalló que las características que buscan los mercados internacionales en cuanto a limas y limones son tamaño y sabor. “Nosotros estamos acostumbrados a comer un limón muy ácido pero en el exterior les gusta un limón más dulce y un color amarillo intenso, mientras que en el caso de la lima tahíti tiene que ver el color y un buen calibre”. Asimismo, señaló que el principal mercado destino para la lima tahíti sería Estados Unidos y España, y para el limón eureka Estados Unidos y toda Europa. Exportación de limón sutil creció 150% Por otro lado, el presidente de Procitrus, manifestó que en el 2015 las exportaciones peruanas de limón sutil ascendieron a 5.000 toneladas, lo que representó un crecimiento de 150% respecto a las 2.000 toneladas despachadas el 2014. “Este crecimiento se debió a que el limón sutil es muy apreciado por las comunidades peruanas en el exterior. De la misma manera como se exporta ají y otros productos oriundos de nuestro país, el limón ha encontrado un espacio en esos mercados. En ese sentido, dijo que los principales mercados destinos son donde se establecen las colonias peruanas como Estados Unidos, México y de ahí se crea un efecto multiplicador en la zona donde llega este producto.",agraria.pe/agronegocios,https://agraria.pe/noticias/lima-tahiti-y-limon-eureka-tienen-oportunidades-10875
2016-04-21,MYPES AGRÍCOLAS REACTIVAN SU DEMANDA DE CRÉDITOS,"Presidente de Caja Sullana informó que periodo electoral y Fenómeno del Niño marcaron una temporada de incertidumbre que está terminando.  Joel Siancas, presidente de Caja Sullana, informó que las mypes del sector agrícola han reactivado su demanda de créditos al sector financiero después de un periodo de para. En declaraciones para el diario “Gestión”, el ejecutivo detalló que el último periodo estuvo marcado por diversos motivos de incertidumbre, entre los que destacó los posibles efectos del Fenómeno del Niño, que había sido pronosticado como un evento de mayor magnitud del que resultó, y la primera vuelta de las elecciones presidenciales. Tras conocerse los resultados de ambos eventos, el mercado habría vuelto a una mayor calma que le permitiría planificar a futuro. Siancas comentó también que las empresas de comercio continúan siendo las más activas, sobre todo ante la cercanía de la campaña del Día de la Madre, por lo que estima un aumento de 5% de los préstamos de las cajas en dicho periodo.",agraria.pe/agronegocios,https://agraria.pe/noticias/mypes-agricolas-reactivan-su-demanda-de-10864
2016-04-21,SIEMBRA DE UVA PODRÍA AUMENTAR 30% ESTE AÑO,"En los países europeos y asiáticos se ha podido apreciar una disminución en los precios de hasta un 20% en uva Red Globe.  La siembra de uva peruana podría tener un aumento del 30% este año, siendo la zona norte del país la región más beneficiada al alargarse el periodo de cosecha, brindando a su vez la oportunidad de aprovechar la ventana comercial de los meses de septiembre a diciembre, señaló el representante de Tropical Farm, Christian Pereda, según publicó el sitio web “Fresh Plaza”. Indicó que este alargamiento de la campaña podría posicionar a Perú como uno de los principales abastecedores de uvas a nivel mundial, pues cuando el norte del país está finalizando la cosecha, la región sur continuaría con la producción hasta finales de febrero. Precio de Red Globe disminuyó 20% en Europa y Asia Asimismo, dijo que la variedad Red Globe sigue ocupando la mayoría de hectáreas dedicadas a la siembra de uvas. Aunque destacó que si bien es una de las uvas con mayor consumo a nivel mundial, en los últimos años está experimentado una caída fuerte en el mercado. ""La uva Red Globe sigue siendo la más solicitada, pero vemos una depreciación en la última campaña 2015-2016. A pesar de la gran calidad, tamaño y color de las uvas en esta cosecha, los precios no fueron los esperados. En los países europeos y asiáticos se ha podido apreciar una disminución en los precios de hasta un 20%"", afirmó. Pereda señaló que a diferencia de Europa y Asia, Estados Unidos sigue siendo un mercado estable y que, a su vez, presentó un aumento relevante en la venta de las variedades sin pepa, consolidándose como uno de los mercados más importantes para la comercialización de la uva peruana para esta variedad. “No es algo nuevo que la uva peruana se comercialice en grandes escalas en Estados Unidos, lo que sí se está viendo en los campos es la preferencia y privilegios que se están dando a las uvas seedless, lo que impulsa al agricultor a enfocarse en la producción de esta variedad, muchas veces dando un giro y apostando por uva que le dará un mayor beneficio”, finalizó.",agraria.pe/agronegocios,https://agraria.pe/noticias/siembra-de-uva-podria-aumentar-30-este-ano-10863
2016-04-19,ENVÍOS DE MANGO FRESCO Y BANANO ORGÁNICO HACIA JAPÓN SE INCREMENTARON,"Fenómeno de El Niño no afectó volumen de envíos al mercado nipón y más bien se registraron crecimientos en las exportaciones.  La inquietud de los importadores japoneses en el segundo semestre del 2015 sobre la posibilidad de contar con envíos desde el Perú luego de un Fenómeno de El Niño que se pronosticaba como moderado o fuerte, se disipó con las exportaciones de frutas realizadas en los dos primeros meses de este 2016. La Oficina Comercial del Perú en Tokio (OCEX Tokio) informó, por ejemplo, que los envíos de mango fresco entre enero y febrero de este año se incrementaron en 121%, pasando de US$ 1.1 millones en el 2015 a US$ 2.4 millones el 2016, lo que demuestra que el fenómeno climático no afectó a este fruto y que el trabajo de la oficina de promoción ha sido positivo. En tanto, se supo también que el banano orgánico, que se produce en Piura y Tumbes, tampoco mostró decaimiento en volumen ni calidad por ‘El Niño’ y se exportó por US$ 517 millones entre enero y febrero de este año, cifra superior en 37% a los US$ 376 millones obtenidos en el mismo periodo del 2015. OCEX Tokio resalta que el banano orgánico es un producto altamente demandado y que tuvo que hacer muchos esfuerzos para evitar el retiro del país asiático de uno de los principales importadores debido a problemas en el sistema logístico internacional.",agraria.pe/agronegocios,https://agraria.pe/noticias/envios-de-mango-fresco-y-banano-organico-hacia-10843
2016-04-19,ECUADOR PROHÍBE LA ENTRADA A NUEVE PRODUCTOS PERUANOS,"Los productos peruanos que no podrán ingresar a Ecuador son uvas, duraznos, sandías, limón (sutil y tahití), naranja, tangelo, mandarina, toronja, y maíz (blanco gigante, dulce y morado), los cuales se suman a la cebolla roja y la manzana, que no tienen permiso de acceso desde el 2014.  Este año no podrán ingresar a Ecuador uvas, duraznos, sandías, limón (sutil y tahití), naranja, tangelo, mandarina, toronja, y maíz blanco gigante, dulce y morado, procedentes de Perú. Esto debido a una resolución emitida por la Agencia Ecuatoriana de Aseguramiento de la Calidad del Agro (Agrocalidad), entidad adscrita del Ministerio de Agricultura, Pesca, Ganadería y Acuacultura y Pesca (Magap). De acuerdo a información publicada por El Comercio de Ecuador, desde el 13 de abril pasado Agrocalidad suspendió la emisión de permisos fitosanitarios de importación a estos productos debido a que se encontraron plagas cuarentenarias en las cargas, señaló Diego Vizcaíno, director ejecutivo de Agrocalidad, quien indicó que su representada notificó sobre la prohibición a su par peruano, el Servicio Nacional de Sanidad Agraria (Senasa) ese mismo día. Los productos antes mencionados no podrán ingresar al Ecuador y se suman a otros dos que tienen la misma prohibición desde el 2014, que son la cebolla roja y la manzana. La medida, que ya entró en vigencia el miércoles pasado, no incluye a aquellas cargas de Perú que obtuvieron los permisos fitosanitarios con anterioridad y están siendo transportados al país. Para Vizcaíno, la prohibición de importación de los productos tiene el objetivo de resguardar la actividad agrícola del país: “Los insectos (plagas) encontrados en las cargas peruanas no están registrados en el Ecuador, por lo tanto, representan un peligro para la agricultura”. Hace tres semanas Agrocalidad también implementó una medida similar a los cítricos que provenían desde Colombia; sin embargo, con este país se llegó a acuerdos para que certifiquen sitios libres de dragón amarillo, sostuvo el funcionario. Hasta la fecha, el Servicio Nacional de Sanidad Agraria (Senasa) de Perú, entidad similar a Agrocalidad, todavía no se ha pronunciado por lo que Vizcaíno sostiene que no debiera haber “retaliaciones” comerciales. Sobre un posible aumento de contrabando con respecto a estos productos, Vizcaíno enfatizó que “probablemente esta medida de restricción podría ocasionar que estos productos ingresen al país por contrabando”. Según el funcionario, el ingreso de estos alimentos no se realizaba en grandes cantidades ni son de temporada. Por parte de Agrocalidad, se mantendrán los operativos en pasos de frontera, puertos, aeropuertos y punto de destino para no permitir el ingreso de alimentos que significarían un riesgo sanitario. El año pasado, según el Magap, se registraron importaciones por 41.527 toneladas de durazno, manzana, cítricos sandía, uva y maíz de Perú. Mientras que en el 2014 ingresaron 66.294 toneladas de cebolla roja, antes de la prohibición que se mantiene vigente en Ecuador.",agraria.pe/agronegocios,https://agraria.pe/noticias/ecuador-prohibe-la-entrada-a-nueve-productos-10842
2016-04-18,COSECHA DE PALTA EN PERÚ SE ATRASÓ UN MES,"A pesar de dicha demora, las perspectivas siguen siendo positivas; la demanda es alta y los precios también.  La cosecha de palta en nuestro país se retrasó un mes debido al Fenómeno de El Niño, generando que la campaña de exportación también se retrase, señaló el portal “Fresh Plaza”. Indicó que a pesar de dicha demora, las perspectivas del país siguen siendo positivas; la demanda es alta, al igual que los precios. Además, el Gobierno ha propuesto un nuevo control para garantizar la calidad de sus exportaciones. Resumen del mercado mundial de la palta El consumo global de palta crece cada año alrededor de 3%, sin embargo, el aumento de la producción se mantiene algo rezagado. Por ahora, el mercado es lo suficientemente grande para todos los orígenes participantes. En América, los precios se mantienen a un nivel razonable. China es un importante mercado de importación. Las inversiones mundiales en este producto están en aumento. Europa Los mercados del oeste de Europa prefieren las paltas Hass ready-to-eat, mientras que los clientes de Europa del Este, Grecia e Italia suelen preferir las paltas de piel verde, como la Fuerte y el Pinkerton. Se prevé que la demanda de la variedad Hass crezca. El mayor reto en los próximos años residirá en el abastecimiento. Hace 3 años, China no importaba palta pero ahora, este país recibe 30 contenedores semanales. Los importadores están preparándose para una escasez mundial de paltas en próximos años. La temporada chilena finalizó en febrero con buenos volúmenes, tras lo cual, en marzo y en abril, siempre se produce un vacío en el mercado, el cual suelen cubrir España e Israel con precios altos. Sin embargo, las producciones de estos países se han visto limitadas por la ola de calor registrada en mayo del pasado año. El mes pasado llegaron las primeras paltas sudafricanas que, debido al granizo, redujeron su suministro un 25%. Junio suele ser el mes de máximas llegadas de paltas. Crece el mercado en Reino Unido El mercado del Reino Unido ha crecido un 30% y los proveedores no pueden satisfacer la creciente demanda. En la actualidad, en el mercado hay paltas españolas, marroquíes e israelíes. Además, hay algo de suministro de Perú, pero la calidad de estos aguacates no cumple los estándares más exigentes. ""Hace cinco años, nunca habríamos imaginado que venderíamos tantos aguacates, y eso no ocurre solo en el mercado británico"", dice un comerciante. El tipo de cambio es desfavorable para los importadores británicos. La cadena minorista británica M&S acaba de presentar un aguacate extra grande que solo está disponible durante dos semanas. Italia: mercado estable La demanda de paltas se mantiene estable en Italia. Aunque la fruta se sigue considerando un producto de nicho, los comerciantes opinan que hay potencial de crecimiento. La cuota de mercado de las paltas está creciendo a ritmo constante y los italianos están aprendiendo a identificar la calidad y las variedades. Los grupos de consumo más grandes son los italianos que quieren llevar una vida saludable, así como los vegetarianos. En la actualidad, las importaciones llegan de Sudáfrica y Sudamérica. La temporada siciliana, que coincide con la española e israelí, ya ha concluido. España cambia a las importaciones La producción nacional española está disminuyendo y el mercado pronto se cambiará a las importaciones de Perú, Sudáfrica, Colombia, México y Kenia. En este periodo, hay escasez en el mercado, lo cual eleva los precios. Los supermercados que no firmaron contratos suficientes tienen dificultades para llenar los lineales. El suministro peruano es lento y Sudáfrica está sacando ventaja de ello. Los comerciantes esperan que México se afiance en los próximos años debido a la estable calidad de su producción. Colombia también ha enviado volúmenes significativos a la península Ibérica. Israel, destacado exportador de aguacates Israel se encuentra entre los 10 primeros exportadores de palta del mundo, con envíos anuales que suman 50 mil toneladas que representa el 6.2% del comercio global de paltas. Además, el mercado interno también es grande. El consumo medio per cápita se sitúa en 5 kilos, lo que convierte a Israel en uno de los mayores consumidores del mundo. De las 80 mil TM que se producen al año, cerca del 40% se venden en ese mercado. Europa es el principal destino de exportación. Durante el invierno, Israel tiene la mayor cuota en este mercado. La demanda está creciendo a ritmo constante y esto está estimulando la expansión del cultivo, con alrededor de 250 nuevas hectáreas por año. México ve un futuro prometedor La industria mexicana de la palta tiene un futuro excelente. La gran capacidad de producción del país y sus ventajas climáticas y geográficas le permiten suministrar la fruta todo el año. Los precios de las exportaciones a Estados Unidos se han reducido en los últimos años, pero la tendencia a la baja parece estar estabilizándose. Aunque Europa, por lo general, paga menores precios que Estados Unidos, las cosas han cambiado este año. En estos momentos, los precios están al mismo nivel en ambos mercados. Colombia trabaja en un acuerdo comercial con Estados Unidos Las autoridades colombianas están trabajando en un tratado de libre comercio con Estados Unidos. Por ahora, las exportaciones se dirigen solo a la Unión Europea. Además, las plantaciones de coca están siendo reemplazadas por cultivos de palta, desarrollo que recibe el apoyo del Gobierno. Brasil se centra en el crecimiento El suministro de aguacates brasileños al mercado europeo está aumentando. Esta temporada, se prevé enviar un total de 280 contenedores a Europa. El pico se alcanza en abril y dura hasta la segunda semana de mayo. En los próximos años, se planea la expansión de la superficie de cultivo. Sudáfrica aumenta la superficie de cultivo Se están haciendo fuertes inversiones en paltas. En total, el país dispone de 15.500 Has, una superficie que está previsto que aumente 500 hectáreas anuales en los próximos años. Las estimaciones para la próxima temporada apuntan a una producción de un total de 12.8 millones de cajas de 4 kilos, en torno a 250 mil cajas más que el año pasado. El grueso de las exportaciones del país se destinan a Europa, pero también se hacen envíos a Oriente Próximo y África. Además, se buscan nuevos mercados en Extremo Oriente. Los comerciantes están viendo una tendencia creciente en estos mercados. Estados Unidos: El suministro mexicano mantiene bajos los precios Estados Unidos importa aguacates de todos los países productores. Un exportador mexicano, por tanto, espera que el mercado estadounidense fije las tendencias internacionales de precios. El suministro mexicano está manteniendo la producción californiana bajo control. Las estimaciones sugieren que la cosecha de este año en California será mayor que la de 2015. A causa de que el suministro es mayor, los precios están por debajo del nivel registrado el año pasado. Australia ve oportunidades El mercado australiano del aguacate se ha desarrollado particularmente bien en los últimos años. Durante los meses de verano, la demanda suele superar la oferta disponible, lo que da lugar a buenos precios para los productores. El crecimiento de mercado registrado por los aguacates se debe, en parte, a las propiedades saludables de esta fruta, pero también a las exitosas promociones llevadas a cabo en los últimos años. Además, los aguacates están disponibles durante todo el año. Aparte de la producción nacional, también se recibe suministro de Nueva Zelanda. Sin embargo, existe cierta preocupación por las importaciones de Chile, Perú y México. China: mercado en crecimiento No existe producción comercial. Los aguacates se están convirtiendo en una fruta de importación demandada, sobre todo en las grandes ciudades de la costa este. México y Chile tienen acceso al mercado chino, y el año pasado, a Perú también se le concedió permiso para exportar. El ministro peruano estimó el potencial de China en 50 millones de dólares.",agraria.pe/agronegocios,https://agraria.pe/noticias/cosecha-de-palta-en-peru-se-atraso-un-mes-10835
2016-04-14,CEPIBO PROYECTA EXPORTAR 20 CONTENEDORES DE BANANO SEMANALES ESTE AÑO,"Envíos en el presente año sumarían US$ 70 millones.  Este año, la Central Piurana de Asociaciones de Pequeños Productores de Banano Orgánico (Cepibo) proyecta despachar 20 contenedores de banano orgánico semanalmente. Cada contenedor contiene 1080 cajas de 18 kilos cada una. Así lo señaló el presidente de Cepibo, Jorge Sócola Cruz, quien indicó que dichos envíos sumarían US$ 70 millones, en comparación a los US$ 45 millones alcanzados el 2015 por el despacho de 15 contenedores de banano orgánico semanales. Manifestó que este aumento en los envíos se debe a una mayor producción de banano orgánico gracias a un mejor manejo agronómico (adecuada fertilización) en las plantaciones, además han aumentado el número de asociados y con ello el número de hectáreas de producción. “En el 2015 contábamos con 600 productores asociados quienes tenían en total 400 hectáreas de banano orgánico, hoy tenemos 700 productores quienes concentran 500 hectáreas que están ubicadas en el valle del Chira (provincia de Sullana, región Piura). Asimismo, señaló que los precios, dependiendo de los mercados, son mejores este año. En Bélgica el precio asciende a US$ 7 la caja (de 18 kilos) y en otros mercados asciende a US$ 6.2 la caja. Jorge Sócola dijo que para este año su representada tiene proyectado destinar el 50% de las exportaciones a Europa y el otro 50% hacia Estados Unidos. “Hay propuestas para enviar banano orgánico para Asia pero aún no se han realizado despachos”. Dato . El presidente de Cepibo indicó que la incidencia del trips de la mancha roja en bananos se ha reducido debido que vienen realizando buenas labores culturales como oportuno riego, adecuado abono y poda, entre otros factores.",agraria.pe/agronegocios,https://agraria.pe/noticias/cepibo-proyecta-exportar-20-contenedores-10802
2016-04-13,AGRORURAL INSTALÓ 60 MÓDULOS DE FORRAJE VERDE HIDROPÓNICO EN EL SUR,"El forraje verde hidropónico (FVH), es el resultado del proceso de germinación de granos de cereales (cebada, avena, trigo y maíz), que realizan los agricultores durante un período de 10 a 15 días, mediante la energía solar.  En respuesta a los efectos climatológicos adversos, el Programa de Desarrollo Productivo Agrario Rural (Agrorural) instaló 60 módulos de forraje verde hidropónico en comunidades de Arequipa, Cusco y Puno, invirtiendo un total de S/ 90 mil a un costo de S/ 1.500 por módulo. La instalación de estos módulos es muy ventajosa debido a que producen alrededor de 700 kilos por cosecha (entre 30 y 35 kilos/m²), lo que permite obtener cerca de 1.200 raciones que sirven para alimentar a 50 animales (entre ovinos y camélidos) por un mes aproximadamente. El forraje verde hidropónico (FVH), es el resultado del proceso de germinación de granos de cereales (cebada, avena, trigo y maíz), que realizan los agricultores durante un período de 10 a 15 días, mediante la energía solar. Entre sus ventajas destacan su alta digestibilidad y palatabilidad, calidad nutricional, cualidades que lo hacen adecuado para la alimentación animal. Esta modalidad de cultivo es una alternativa de producción económica que permite ahorrar agua, así como hacer un buen uso del espacio de cada productor. Su tiempo de producción es corto y la siembra puede hacerse en cualquier época del año, por lo que es muy útil ante lapsos de escasez de pastos por eventos climáticos adversos como sequías, heladas, inundaciones, nevadas y lluvias de cenizas volcánicas. Los módulos (camas) de producción se ubican sobre el suelo y están construidos de plástico negro sostenidos por estacas y alambre. Miden 10 metros de largo por 1 metro de ancho, tamaño que se puede adecuar a la disponibilidad de área del agricultor. Además, cada módulo se divide en secciones que permiten obtener forraje de forma escalonada. Es así que utilizando módulos de producción de FVH durante un año, se pueden llegar a producir 8.400 kilos de alimento para animales a un costo de S/ 0.18 soles por kilogramo, por lo que constituye una solución a la problemática de escasez de alimento. Los pobladores de las comunidades en las que se realiza esta práctica, se encuentran muy satisfechos, tal como lo manifiesta Gerónimo Quispe Mamani, miembro de la comunidad campesina de Lenzora, distrito y provincia de Lampa de la región Puno. “La producción de forraje verde hidropónico resulta una experiencia muy importante para nosotros, especialmente en estos momentos que estamos padeciendo de sequía. Los pastos y forrajes son escasos. La producción de este forraje resulta una opción agradable para nuestros animales (vacunos y cuyes). Esperamos que estos apoyos sigan viniendo para nuestra comunidades”, dijo.",agraria.pe/agronegocios,https://agraria.pe/noticias/agrorural-instalo-60-modulos-de-forraje-verde-10798
2016-04-13,NORANDINO INVERTIRÁ US$ 1 MILLÓN PARA AUTOMATIZAR PLANTA DE PANELA,"Además se invertirá US$ 100 mil adicionales para tener la suficiente capacidad energética y poder alimentar a todo el complejo agroindustrial.  La Cooperativa Agraria Norandino invertirá US$ 1 millón para automatizar su planta de panela (ubicada en la zona industrial de Piura), señaló su gerente de comercio internacional, Santiago Enrique Paz López. Indicó que el objetivo es automatizar totalmente la planta para que sea operada por computadora y evitar lo más que se pueda la contratación de mano de obra y trasladar ese ahorro de dinero en mejorar los precios de los productos de los agricultores. Señaló que dicha planta fue instalada el año pasado, en la cual se invirtió US$ 2 millones (adquisición del edificio, compra de maquinarias) y tiene una capacidad de procesamiento de 3 mil toneladas de panela, sin embargo actualmente solo se emplea al 50%. Asimismo, dijo que se invertirán US$ 100 mil adicionales para resolver el problema energético, ya que la energía con la que cuentan no tiene la suficiente capacidad para “alimentar” a todo el complejo agroindustrial de Norandino. Exportación de panela crecería 50% este año Santiago Paz señaló que en el presente año Norandino proyecta producir y exportar 1.500 toneladas de panela, lo que representaría un incremento de 50% respecto a las mil toneladas enviadas el año anterior. “Este incremento se debería a que hay más productores asociados a Norandino. Además la producción va seguir incrementándose porque se han ejecutado proyectos con Agroideas para aumentar los rendimientos productivos, asimismo se han instalado plantas nuevas que esperemos comiencen a producir este año”, sostuvo. Manifestó que el principal mercado destino de la panela de Norandino es Italia a donde se destina el 80% del total, mientras que el 20% restante se dirige a Francia, Alemania, Bélgica y Canadá “Por ahora no hemos podido diversificar más los mercados porque no tenemos más oferta. Existe un potencial enorme en este producto, tanto que si en este momento tuviéramos 10 mil toneladas todo lo venderíamos, lamentablemente no tenemos suficiente producción”, finalizó. Dato . Paz López comentó que su representada cuenta con 600 agricultores que producen panela, quienes en total tienen 600 hectáreas en Piura y Cajamarca.",agraria.pe/agronegocios,https://agraria.pe/noticias/norandino-invertira-us-1-millon-para-automatizar-10791
2016-04-12,"""LOS MERCADOS PARA MANGOS SE VUELVEN CADA VEZ MÁS EXIGENTES""","La incidencia del oscurecimiento de la pulpa al momento de madurar se incrementó por presencia de Fenómeno El Niño.  El fenómeno “El Niño” influenció en la producción de mango durante la campaña 2015/2016 afectando la calidad de la fruta. Al respecto, el representante de Frutas Piuranas, César Morocho, indicó que la incidencia del oscurecimiento de la pulpa al momento de madurar se incrementó, sin embargo no hubo casos de antracnosis, hongo que se presenta cuando hay lluvias y se manifiesta en condiciones de humedad. Los mercados son cada vez más exigentes y la calidad de la fruta es uno de los principales factores en la decisión de compra. Actualmente existe la tendencia a la maduración del mango para ser comercializado como “ready to eat”. Siendo el mango una fruta climatérica, es decir, con dos procesos de maduración, uno en el árbol y otro en la mesa, el proceso de exportación del mango para comercialización “ready to eat” debería ser más exigente. “Si cosechamos la fruta con Brix bajo y color interno inferior a 1.5, nuestros clientes van a fracasar porque el mango no va a madurar como debería, por lo que el manejo adecuado de estos detalles es muy importante al momento de ofrecer nuestros productos a estos mercados”, sostuvo al portal Fresh Plaza. Dato . En la campaña pasada se exportaron más de 110.000 toneladas de mango procedente de Perú, y esperamos que, con una oferta ordenada, nuevas presentaciones y apertura de mercados, esta cifra aumente progresivamente, señaló Morocho.",agraria.pe/agronegocios,https://agraria.pe/noticias/los-mercados-para-mangos-se-vuelven-cada-10790
2016-04-12,PRODUCCIÓN DE MANZANAS CHILENAS SE RECUPERÓ ESTE AÑO,"Chile deber apuntar a producir manzanas de calibres medianas y grandes, ya que las más pequeñas se destinan a Latinoamérica, mercado que ha registrado una compleja situación económica por la devaluación de sus monedas.  Las bajas temperaturas en las estaciones de primavera y verano han tenido resultados bastantes favorables en la producción de manzanas chilenas. Pero las cosechas de las variedades Fuji y Pink Lady recién están comenzando, por lo que el efecto de las lluvias de otoño es aún impredecible y se requerirán medidas preventivas, publicó el portal “Fresh Plaza”. “Esta temporada ha sido buena, pero hemos tenido principalmente manzanas chicas en comparación con otros años. Esto ha traído muchos desafíos, pues Latinoamérica, que es el mercado para calibres más pequeños, está pasando por una compleja situación económica con monedas devaluadas. Chile debería apuntar a producir manzanas medianas y grandes, con estos calibres tenemos más alternativas de mercado”, aseveró Miguel Comas, de Exportadora San Clemente. Las cosechas tempranas de manzanas, como la Royal Gala, Red Delicious, etc., ya han finalizado siendo exportadas principalmente a Norteamérica y Asia. En estos momentos, las cosechas de las Fuji están dando sus primeros frutos y tendrán como principal destino el continente asiático. “Las exportaciones ya están en buen camino y tenemos buenas perspectivas. Creo que tendremos un incremento del 20% en la cosecha de esta temporada en comparación con el año pasado. No debemos olvidar que el 2015 fue un año muy malo en tema de volúmenes, donde la industria cayó en un 30% y este año estamos en recuperación”, confirmó el vocero. Con un promedio de 40 millones de cajas al año exportadas, la manzana chilena está posicionada en el mercado internacional principalmente por su alta calidad, color y sabor, pero los clientes están siendo cada vez más exigentes en calidad y cada vez se tienen más requerimientos. “Para cubrir los estándares y requerimientos es necesario primero plantar en las tierras y clima idóneos para la variedad que se desea cosechar. Sin olvidar el planeamiento adecuado de las temperaturas atmosféricas de almacenamiento, contando con un equipo de trabajo capacitado y profesional para enfrentar los desafíos”, indicó. “Si bien los mercados están más apretados por las crisis económicas, las expectativas para nuestras manzanas son buenas. Un gran desafío como industria es la creciente competencia de Nueva Zelanda y Sudáfrica, que aumentan su posicionamiento en mercados de Asia y el Reino Unido, amenazando las posiciones creadas por Chile en esos mercados. Por nuestro lado, como industria, debemos seguir posicionándonos y aprovechando la creciente demanda en Asia, así como abrir nuevos mercados potenciales como India y el Sudeste Asiático”, finalizó.",agraria.pe/agronegocios,https://agraria.pe/noticias/produccion-de-manzanas-chilenas-se-recupero-10789
2016-04-11,APRUEBAN FONDO DE S/ 600 MIL PARA MEJORAR COMPETITIVIDAD DEL MANGO CON PROCOMPITE,"El distrito de Tambogrande se caracteriza por ser el primer exportador de mango del Perú, ya que del total exportado tiene una participación del 82%, equivalente a US$ 160.3 millones.  La municipalidad distrital de Tambogrande (Piura) aprobó en sesión de concejo, el fondo Procompite por S/. 600 mil para impulsar y mejorar la competitividad de la cadena productiva del mango de esa jurisdicción; asimismo, obtener la certificación Global GAP y Buenas Prácticas Agrícolas que consoliden esa cadena productiva. De esta manera, en el marco del eje estratégico Municipio Productivo que promueve el mencionado organismo público, Tambogrande se convierte en el primer gobierno local que en el presente año lidera en la región Piura el proceso de implementación del Procompite, destinando recursos para la mejora de la competitividad productiva y comercial de su territorio. Al respecto, el presidente ejecutivo de Sierra Exportadora, Alfonso Velásquez Tuesta, destacó el interés de las autoridades locales por implementar políticas de gestión que incentiven el emprendimiento, convirtiéndose de esa manera en líderes y gestores de una nueva visión de generación de riqueza y desarrollo para sus respectivos territorios. Recordó que el alcalde distrital de Tambogrande, Gabriel Antonio Madrid Orué, ganó la categoría “Formación de Alianzas Público Privadas” durante el III Premio Nacional Alcalde Productivo 2015, por establecer alianzas estratégicas con instancias del gobierno central e instituciones privadas de los Estados Unidos para fortalecer las capacidades de pequeños productores de su jurisdicción. La sede descentralizada de Sierra Exportadora en Piura, informó que en esta ocasión se priorizó la cadena productiva del mango, a fin de darle mayor sostenibilidad, ya que el valle de San Lorenzo, donde se ubica el distrito de Tambogrande, siembra 1.600 Has. de mango de las variedades Kent, Keith y Haden. “Se busca hacer una inversión fuerte que permita tener resultados óptimos en cuanto a la productividad mediante inversiones de compras fuertes”, indicó el organismo público. Asimismo, añadió que la gerencia de Desarrollo Económico Local del municipio distrital de Tambogrande tiene mucho interés de promover esta cadena productiva en el 2016, ya que para el próximo año se tiene previsto priorizar la cadena productiva del banano orgánico. Es preciso indicar que Sierra Exportadora contratará a un profesional del área de Desarrollo Productivo Territorial, para que acompañe todo el proceso de convocatoria, ya que por resolución municipal, el referido organismo público forma parte del equipo para la implementación e invitación del Procompite local. Datos . El distrito de Tambogrande se caracteriza por ser el primer exportador de mango del Perú, ya que del total exportado tiene una participación del 82% equivalente a US$ 160.3 millones. Anualmente exporta 349 contenedores de mango fresco y 83 contenedores de mango industrializado a Europa y Estados Unidos. . Los fondos concursables (no reembolsables) que han respaldado las cadenas de valor promovidas por Sierra Exportadora en el 2015, sumaron S/ 21.4 millones, monto que apalancó este organismo público y que fue aprovechado por los pequeños productores de las regiones de Apurímac, Huánuco, Junín, La Libertad, Lima-Provincias y Tacna.",agraria.pe/agronegocios,https://agraria.pe/noticias/aprueban-fondo-de-s-600-mil-para-mejorar-10770
2016-04-07,COLOMBIA PRODUJO EN MARZO 944 MIL SACOS DE CAFÉ,"Estiman que desde abril se verán los efectos del Fenómeno de El Niño en el sector caficultor. Marzo totalizó exportaciones de casi 1.1 millones de sacos de 60 kilos, lo que representa un crecimiento de 37% frente al mismo mes del año anterior.  El café arábigo suave lavado sigue a buen ritmo en Colombia. Así, la Federación Nacional de Cafeteros de ese país reportó que en marzo lograron una cosecha de 944 mil sacos de 60 kilos, lo que significó un incremento de 18% frente a los 800 mil sacos producidos en marzo del 2015. Entre enero y marzo de este año el país registró una producción de casi 3.2 millones de sacos, lo que significa 9% más frente a los 2.9 millones de sacos producidos en el mismo periodo del año pasado. El volumen de la cosecha registrada en lo que va del año incluye café producido en el último trimestre del 2015 y primeros meses de 2016, pero que solo salieron al mercado los últimos dos meses. Si se considera la producción en los últimos 12 meses (abril del 2015 a marzo del 2016), se ve que la cosecha cafetera superó los 14.4 millones de sacos de 60 kilos, 17% más que los 12.3 millones de sacos cosechados en igual periodo anterior. El gremio estima que a partir de este mes se empiecen a sentir en la producción los efectos del Fenómeno de El Niño, por lo cual intensificó las campañas de control de broca, que en periodos acentuados de sequía se reproduce con mayor facilidad. En cuanto a las exportaciones, se informó que crecieron hasta 37% en el mes de marzo gracias a los casi 1.1 millones de sacos de 60 kilos llevados al exterior. En marzo de 2015 se habían exportado 786 mil sacos. Considerando los tres primeros meses del año, las exportaciones de café colombiano suman casi 3.3 millones de sacos de 60 kilos, 13% más frente a los 2.9 millones de sacos exportados entre enero y marzo del 2015. Si se hace una estimación anual, entre octubre del 2015 y marzo del 2016 se tiene que las exportaciones de café fueron aproximadamente de 6.8 millones de sacos, un incremento de 14% frente a los 5.9 millones de sacos de igual periodo anterior.",agraria.pe/agronegocios,https://agraria.pe/noticias/colombia-produjo-en-marzo-944-mil-sacos-de-cafe-10751
2016-04-06,PNIA OFRECE FONDOS PARA FINANCIAR INVESTIGACIONES Y CAPACITACIÓN EN CAFICULTURA,"Con una cartera total de casi US$ 60 millones para los próximos cinco años, la instituciòn trabaja en desarrollar procesos más expeditivos que faciliten el acceso a estos recursos de manera directa.  El café es uno de los principales productos de agroexportación del país y requiere de mucha inversión en investigación y desarrollo especializados para que se consolide en los mercados del mundo. Por ello, entidades como el Programa Nacional de Innovación Agraria (PNIA) ha dispuesto diversos fondos destinados a reforzar áreas clave para este cultivo. Benjamín Quijandría, director ejecutivo del PNIA, comentó para Agraria.pe que entre los fondos disponibles que su institución ofrece se encuentran el de Investigación Básica o Priorizada, que está relacionado a la genómica, selección de variedades y resistencia a las enfermedades. “Es el grupo de investigaciones más finas, más caras y más lentas que hay”, apunta. Un segundo grupo está conformado por las Investigaciones Adaptativas, que implican el testeo de una variedad con pruebas de rendimiento en diferentes campos. “Lo llevas de Chanchamayo a Cusco y haces la evaluación de cómo funciona el cultivo”, explica el funcionario. Luego, señaló que existen fondos de Extensión Agropecuaria, que son los más solicitados hoy en día. En este caso se trata de hacer trabajo pedagógico con tecnologías ya existentes para transmitir estos conocimientos a un grupo determinado de productores durante un periodo de hasta un año y medio. De acuerdo a Quijandría, hay actualmente 18 proyectos de este tipo operando. Un último fondo es el denominado de Capacitación por Competencias, que busca capacitar y certificar a los productores en áreas específicas, como preparación de viveros, de tal forma que los participantes luego certifiquen sus conocimientos ante el Ministerio de Educación y tengan reconocimiento válido y oficial de lo aprendido. “Así vamos formando grupos de gente, núcleos por regiones con habilidades específicas”, señala el representante del PNIA. Procedimiento Benjamín Quijandría agregó que en total su institución cuenta con US$ 60 millones destinados a estos fondos que se canalizan directamente a los productores luego de cumplir con los requerimientos de ley. “Se abre un concurso y los que requieran fondos para investigación básica se dirigen al Concytec, que está asociado con nosotros, y los de investigación adaptativa, extensión, semillaristas, etc., encuentran todo lo necesario en nuestra web. Una vez que cumplen con todos los requisitos se organiza una reunión de negociación y se analiza el proyecto junto a expertos, quienes deben otorgar una calificación aprobatoria tras lo cual se procederá a firmar un contrato y hacer el desembolso del dinero”. Según el vocero todo este proceso dura un promedio de mes y medio. De hecho, el año pasado empezaron en septiembre y ya para diciembre estaban entregando los fondos a los ganadores. El PNIA se encuentra revisando actualmente sus bases para hacer todo este procedimiento aún más expeditivo. Finalmente, Quijandría comentó que la entidad tiene tres grandes objetivos a largo plazo. El primero es organizar la demanda de innovación para que productores, asociaciones y cooperativas tengan una demanda unificada y concreta sobre temas que deben investigarse. Luego, está el desarrollo de la capacidad organizativa para que los productores se sientan representados y puedan plantear a organizaciones como el propio PNIA y Concytec sus demandas de manera organizada. “En tercer lugar buscamos impulsar un ánimo de innovación entre los productores, para que sepan que a través de su trabajo pueden alcanzar condiciones particularmente buenas para producción e introducir cambios rentables que les aseguren un mercado en el largo plazo”.",agraria.pe/agronegocios,https://agraria.pe/noticias/pnia-cuenta-ofrece-fondos-para-financiar-10730
2016-04-05,CERTIFICAN A 42 FORMULADORES DE PROYECTOS DE NEGOCIOS EN PIURA,"Para la competitividad de cadenas de valor y desarrollo empresarial  Luego de cuatro meses de asistir y recibir el curso de capacitación “Formulación de Proyectos de Negocios para la Competitividad de las Cadenas Productivas”, 42 participantes fueron certificados por la Sede Descentralizada de Sierra Exportadora en Piura y el Gobierno Regional, tras ser aprobados sus proyectos de negocios enmarcados en los fondos de financiamiento concursables Procompite Los nuevos formuladores o ‘promotores de cadenas de valor y desarrollo empresarial’, profesionales y en su mayoría funcionarios municipales, se capacitaron en los conocimientos y herramientas para potenciar y elevar sus capacidades, habilidades y destrezas en la formulación y gestión de planes de negocios que permitan mejorar la competitividad de las asociaciones u organizaciones productoras de la región piurana. Este curso organizado también en alianza estratégica con otras instituciones como Promperú, , Radio Cutivalú, IGCH (Instituto de Gestión de Cuencas Hidrográficas), Cedepas, Crece, Norandino, CIPCA (Centro de Investigación y Promoción del Campesinado) y Redex Perú, se realizó en el marco de la estrategia del Municipio Productivo de Sierra Exportadora, un nuevo enfoque de gestión municipal que la institución pública promueve desde hace cuatro años en todo el país. Banco de proyectos Es preciso indicar que los proyectos, resultado de esta capacitación, pasaron a formar parte del banco de proyectos del Gobierno Regional para ser considerados en la convocatoria del Procompite Regional el próximo año, ya que el 80% de los mismos, se elaboraron bajo el formato de este fondo concursable. “Los planes de negocios se realizaron en base a cadenas productivas de la región piurana como cacao, café, aguaymanto, granadilla, ganado vacuno para derivados lácteos, cítricos y frutales”, indicó el jefe de sede Piura de Sierra Exportadora, Juan Castillo Ocaña. Los proyectos se entregarán a las municipalidades provinciales de Morropón, Huancabamba y Ayabaca, y son un gran aporte para la gestión de financiamiento para los pequeños productores asociados. “Si valorizamos económicamente estos proyectos de negocios, los diferentes sectores ahorraron un promedio de no menos de S/ 110.000, si se tiene en cuenta que por cada plan de negocios se hubiera invertido aproximadamente entre S/ 5.000 a S/ 6.000 para su elaboración”, comentó. Por su parte, el sub gerente regional de Promoción de Inversiones, Mario Arellano Ramírez, manifestó que gracias a este esfuerzo conjunto entre instituciones públicas y privadas se cuenta con una veintena de formuladores expeditos para apoyar no solo a las municipalidades y gobierno regional, sino también a los productores de la región, con sus proyectos relacionados con los Fondos Concursables. Nuevas capacitaciones en Paimas y Montero Tras el éxito de esta primera capacitación, este 5 y 12 de abril se iniciará el curso “Formulación y Gestión de Planes de Negocios” en los distritos de Paimas y Montero. En Paimas, lo organiza Sierra Exportadora en alianza con su respectiva municipalidad distrital y la facultad de Agronomía de la Universidad Nacional de Piura (UNP); mientras que en el distrito de Montero con su comuna local, la UNP y el Instituto Tecnológico de Montero.",agraria.pe/agronegocios,https://agraria.pe/noticias/certifican-a-42-formuladores-de-proyectos-10725
2016-04-04,VALOR DE PRODUCCIÓN AGROPECUARIA CRECIÓ 2.8% EN PRIMER BIMESTRE DEL AÑO,"Se destacó la mayor producción de arroz, café, páprika, uva, mango, cebolla, alcachofa, entre otros; mientras que en el subsector pecuario y avícola prosiguió el ritmo alcista por la mayor producción de pollos.  En el primer bimestre de este año (enero-febrero), el valor de la producción agropecuaria de Perú ascendió a S/ 4.492 millones, lo que representó un crecimiento de 2.8% respecto a los S/ 4.370 millones alcanzados en el mismo periodo del 2015, pese a la presencia del Fenómeno de El Niño en el país, señaló el Ministerio de Agricultura y Riego (MINAGRI). Detalló que durante enero y febrero del presente año, el valor de la producción del subsector agrícola sumó S/ 2.473 millones, registrando un aumento de 2.9% en comparación a los S/ 2.402 millones obtenidos en igual periodo del año anterior. El subsector agrícola aumentó básicamente por la mayor producción obtenida en páprika que creció 168% (en Lambayeque y Lima), alcachofa 44% (en Cusco y Arequipa), uva 18% (en Piura e Ica), arroz cáscara que creció 15% (en Ancash, Piura y Lambayeque), mango 15% (en Piura), cebolla 13% (en Arequipa), café pergamino 11% (en Junín y Huánuco), entre otros. Por su parte, en el primer bimestre del 2016, la producción pecuaria y avícola ascendió a S/ 2.020 millones, reflejando un aumento de 2.6% respecto a los S/ 1.968 millones alcanzados en igual periodo del 2015. Este aumento se explica por una mayor saca de esta especie registrada en Lima, Arequipa e Ica por la colocación de pollos “BB” de la línea carne, así como huevos de gallina que aumentó en 3.0% (Ica y La Libertad). De la misma manera, se observó la mayor producción de leche cruda de vaca que se incrementó en 1.8% por la numerosa población de vacas en Cajamarca, Arequipa y La Libertad; y porcino 1,7% en Arequipa, Cusco y La Libertad debido a la mayor saca para atender el consumo humano e industrial. Producción en febrero Por otro lado, solo en el mes de febrero del 2016 el valor de la producción del subsector agrícola tuvo un decrecimiento de 1.7%, al pasar de S/ 1.225 millones a S/ 1.204 millones. A pesar de ello, los productos agrícolas que incrementaron su producción fueron olluco 85% (en Puno y Apurímac), páprika 83% (en Lima), arroz cáscara 29% (en Piura, Ancash y San Martín), melocotón 27% (en Lima), entre otros. Mientras, el sector pecuario en el presente año se expandió en 2.4% respecto al mismo mes del año anterior al pasar de S/ 979 millones a S/ 1.002 millones, debido a la mayor producción de pollo, que aumentó en 2.3% por una mayor saca de esta especie en Ica, Arequipa, Lima y San Martín como resultado de una mayor colocación de pollos “BB” de la línea carne. También se registró un aumento de la producción de huevos de gallina en 3.2%. Además, en el segundo mes del año la leche cruda de vaca aumentó en 1.5% por una mayor población de vacas en Arequipa, la Libertad y Cajamarca; y porcino 1.4% en Arequipa y La Libertad por la mayor saca para atender el consumo humano e industrial.",agraria.pe/agronegocios,https://agraria.pe/noticias/valor-de-produccion-agropecuaria-crecio-28-en-10712
2016-04-04,CAMPAÑA AGRÍCOLA EN LA COSTA NORTE GARANTIZADA POR RESERVAS DE AGUA,"San Lorenzo y Poechos se encuentran en niveles óptimos de almacenamiento. En la zona se destacan cultivos de arroz, maíz y banano.  Las lluvias han sido beneficiosas. Así lo ha revelado Mario Laberry Saavedra, director regional de Agricultura de Piura, quien señaló que el reservorio de San Lorenzo en esa zona del país ha alcanzado su tope máximo de 190 MMC (millones de metros cúbicos), con lo que la provisión de agua para su zona de influencia está asegurada. En declaraciones para el programa “Prepárate Perú Norte” de TV Perú, el funcionario agregó que otro de los grandes reservorios de la región, como es el de Poechos, se encuentra por encima de los 280 MMC, lo que permite un almacenamiento del recurso hídrico suficiente para llegar a plenitud al mes de julio. Cabe recordar que en esta región del país destacan especialmente los cultivos de arroz, maíz y banano. A nivel nacional Por otra parte, el Servicio Nacional de Meteorología e Hidrología del Perú (Senamhi), en su reporte sobre los volúmenes de agua almacenados en los sistemas regulados en la Región Hidrográfica del Pacífico, señala que los reservorios de Tinajones (Lambayeque) y Gallito Ciego (La Libertad), presentan un almacenamiento de 132.9 y 170.5 MMC, esto representa el 43% de su capacidad máxima útil en ambos casos. En tanto, para el sector central departamento de Lima, la institución reportó que el sistema regulado del río Rímac y Marcapomacocha, se encuentran al 67% de su capacidad máxima útil, lo que representa un valor de 221.3 MMC. En el sector sur, los reservorios localizados en Arequipa, como son los sistemas de Condoroma, Agua Blanca, El Frayle, El Pañe y Pillones, presentan volúmenes de almacenamiento de 81%, 30%, 88%, 58% y 81% de su capacidad máxima útil, lo que representa 208.5, 9.3, 112.1, 58.0, 63.5 MMC, respectivamente.",agraria.pe/agronegocios,https://agraria.pe/noticias/campana-agricola-en-la-costa-norte-garantizada-10710
2016-04-01,MÁS DE 30 COMPRADORES INTERNACIONALES PARTICIPARON EN  ‘NORTE EXPORTA 2016’,"Mangos, banano orgánico, espárrago, quinua, uvas, palta, arándano, menestras, así como calzado sintético y de cuero para damas, caballeros y niños, son algunos de los productos que se negociaron.  Con la participación de 35 compradores internacionales y 75 pequeñas y medianas empresas de la Macro Región Norte (que integran Piura, La Libertad, Lambayeque y Cajamarca), se realizó ayer en Trujillo la macro-rueda de negocios ‘Norte Exporta 2016’, informó la Ministra de Comercio Exterior y Turismo (Mincetur), Magali Silva Velarde – Álvarez. ""Esta actividad, trae para las pymes de esta parte del país la posibilidad de concretar importantes negocios, ya que trasladamos a compradores de diversas partes del mundo a la región sede, para que conozcan in situ lo mejor de su oferta exportable"", declaró. Agregó que cada una de estas acciones se convierten en experiencias empresariales nuevas y únicas, ya que se dan en diferentes regiones, muestran diversos y potenciales productos -en esta oportunidad de la agroindustria y el calzado-, así como nuevos compradores que son identificados por Promperú en diversas actividades internacionales. Magali Silva añadió que en esta versión, las Oficinas Comerciales en el Exterior (OCEXs) que apoyaron con gran entusiasmo la convocatoria internacional fueron las de Canadá, Chile, China, Colombia, Corea del Sur, Francia, Holanda, Italia, Panamá, Portugal, Taiwán, Turquía, Reino Unido, así como las de Miami y Nueva York en los Estados Unidos. El sector agroindustrial negoció mangos, bananos orgánicos, espárragos, uvas, paltas, arándanos, páprika, frejoles, pallares, kiónes, ajos, cebollas, galletas, entre otros. El rubro calzado hizo lo mismo con productos en cuero y sintético para damas, caballeros y niños. Las empresas participantes recibieron capacitaciones y asistencia técnica en el programa Ruta Exportadora de Promperú. Los compradores asistentes provinieron de Estados Unidos, Canadá, Europa, China, Corea del Sur, Tailandia, Japón, Brasil, Colombia y Chile. Paralelamente, se desarrolló un seminario dirigido a los empresarios y exportadores de la macro región. El temario incluyó el rol del sector privado en el desarrollo agroexportador, el liderazgo de las empresas agroexportadoras de la región, el acceso del capsicum fresco al mercado americano, responsabilidad social, desarrollo, proyectos y asociatividad, los nuevos retos para la exportación de uva de mesa, y reglas y procedimientos de origen. Dato . Las exportaciones de la región La Libertad en el 2015 alcanzaron los US$ 2.429 millones, de los cuales US$ 75.8 millones correspondieron a productos no tradicionales (3.9% más que en el 2014). El sector agro destacó con US$ 692.7 millones, lo que representó un aumento de 6.2%. Algunos de los principales productos exportados fueron espárrago, arándanos, alcachofa, pimiento, palta. . En cuanto a frutas y hortalizas frescas, la Macro Región Norte exportó en conjunto US$ 2.447 millones en el 2015, lo que refleja un aumento de 14.9%. En este rubro, la contribución de las regiones es la siguiente: Piura, con US$ 590.3 millones; La Libertad, con US$ 342.5 millones; Lambayeque con US$ 144.5 millones; Tumbes con US$ 3.7 millones; y Cajamarca con US$ 443.998.",agraria.pe/agronegocios,https://agraria.pe/noticias/mas-de-30-compradores-internacionales-10701
2016-03-30,CLIMA EXTREMO EN CHINA ABRE OPORTUNIDADES PARA BANANAS DE SUDAMÉRICA,"Ola de frío ha impactado negativamente en áreas de plantación de este producto en el sudeste asiático, incluyendo las provincias de Guangxi y Yunnan, y países como Birmania.  Las lluvias continuas y el clima extremo que se ha presentado hacia el final de enero de este año, afectaron negativamente los campos de banana en el sudeste asiático, lo que ha llevado a una producción insuficiente del producto para el mercado. Después de la ola de frío, muchos árboles de banana perdieron sus hojas y no pudieron realizar la fotosíntesis, por lo que han crecido muy lentamente, informó el portal web “Fres Plaza”. Por ello, se estima que este año la producción de banana en esta zona decrecerá entre 5% a 10%. De hecho, en la provincia china de Guangxi el clima mató muchos brotes del cultivo, por lo que será necesario replantarlos durante el mes de abril. Con este panorama, la cosecha de bananas ha sido pospuesta hasta el fin de noviembre. En contraste con este panorama, la provincia insular china de Hainan así como Filipinas, fueron menos afectados por la ola fría y pueden llegar con su producción al mercado, lo que sin embargo resulta insuficiente. De acuerdo a estos datos, la situación del mercado se espera fluctuante, por lo que las bananas de la región sudamericana, especialmente de Ecuador, serán apreciadas por los consumidores domésticos gracias a su precio y provisión estable.",agraria.pe/agronegocios,https://agraria.pe/noticias/clima-extremo-en-china-abre-oportunidades-10685
2016-03-30,BENITES: ESTE AÑO EL PBI AGRARIO CRECERÁ POR ENCIMA DEL 3%,"Ministro de Agricultura señaló que el impacto del Fenómeno del Niño ha pasado prácticamente desapercibido y no afectará las estimaciones de crecimiento. Resaltó la decisión política del Gobierno de no eliminar franja de precios.  Los trabajos de prevención y mitigación de los efectos del Fenómeno de El Niño han funcionado muy bien. Lo estima así Juan Manuel Benites, ministro de Agricultura, quien recuerda que las proyecciones iniciales indicaban que existía el peligro de que el fenómeno climático provocara la pérdida de 2% a 2.5% del PBI total del país, tal como sucedió en ediciones anteriores. “El impacto en cambio ahora es imperceptible. Por ejemplo, en Piura es mínimo, solo se afectó un sifón que cuesta S/ 25 millones y que será repuesto en un par de meses. También el trabajo con algunas vías como la Carretera Central, que se rehabilitaron rápidamente”, señaló el funcionario. Por ello, estimó que el PBI agrario de este año crecerá no menos de 3% y que, de hecho, se puede augurar un primer trimestre positivo. Resaltó asimismo que es necesario que las sucesivas administraciones otorguen mantenimiento al vasto trabajo de remoción de materiales que han realizado de forma conjunta los sectores Agricultura y Vivienda. “Hemos descolmatado, entre drenes, quebradas y ríos, una extensión de 3.000 Km, prácticamente la distancia de Tumbes a Tacna. Es fundamental que se le dé mantenimiento a este trabajo para que en el futuro los ríos estén en capacidad de soportar cualquier fenómeno natural”. La franja se queda De otro lado, el ministro destacó que el Ejecutivo descartara la eliminación de la franja de precios, una posibilidad que había provocado gran preocupación en diversos sectores como el arrocero. Apuntó en ese sentido que más bien se han realizado algunas correcciones metodológicas que era necesario hacer a partir de la contienda con Guatemala en la Organización Mundial de Comercio (OMC). “Ha sido una decisión política mantener la franja de precios y es una buena noticia para los agricultores del Perú”. Acotó que el impacto de la modificación que se ha hecho dependerá más de los precios internacionales, y que el rol de la franja de precios es brindar predictibilidad y eliminar la volatilidad. Con esta medida el país estaría dando una señal a la OMC de que está acatando el fallo. “Muchos asocian la franja de precios a una protección excesiva, pero no es el caso”, finalizó.",agraria.pe/agronegocios,https://agraria.pe/noticias/benites-este-ano-el-pbi-agrario-crecera-por-10678
2016-03-28,SIERRA EXPORTADORA INICIÓ CAPACITACIÓN A PRODUCTORES DE FRUTAS PARA MEJORAR SU COMPETITIVIDAD EN MERCADO EXTERNO,"Más de 220 productores frutícolas son capacitados a través de su programa de Frutales en el cultivo integrado de uva, palta, mango, berries, maracuyá y banano orgánico.  Con dos talleres sobre el manejo de cultivo integrado de palta, mango, uva y berries en Lambayeque y otros tres sobre cosecha y poscosecha de maracuyá, banano orgánico y uva en La Libertad, Sierra Exportadora inició hace unas semanas la fase de desarrollo de mejoramiento de la competitividad de los productores frutícolas, a fin de facilitar su ingreso en los mercados internacionales o lograr un mayor posicionamiento. “El rol de Sierra Exportadora en esta parte del país es desarrollar habilidades competitivas en los productores, para que incursionen con mejores condiciones en mercados cuya demanda es insatisfecha”, afirmó el presidente ejecutivo de Sierra Exportadora, Alfonso Velásquez Tuesta. Indicó que la tasa promedio de consumo per cápita de frutas y hortalizas a nivel global aumentó de 26 % a 40 % en el último medio siglo, según un estudio de la Dirección de Estadística (FAOSTAT), de las Naciones Unidas para la Alimentación y la Agricultura (FAO). De acuerdo a ese estudio, en el 2011 China fue el país que lideró el consumo per cápita mundial de estos productos, pues de su dieta promedio, el 56 % era de esos alimentos; mientras que en EE.UU. fue de 27 %, en Reino Unido 33 %, en México 25% y en Somalia 12 %. “Si bien tenemos ventajas comparativas respecto al clima y recursos naturales, que nos posicionan como un país productor de frutas de alta calidad y en altos volúmenes, debemos desarrollar ventajas competitivas”, anotó Velásquez Tuesta. En ese sentido, Sierra Exportadora capacita a un promedio de 220 productores lambayecanos y liberteños, dedicados a la siembra de frutas, sobre las mejores condiciones para articular con los mercados, los pasos a seguir para obtener sus certificaciones de Buenas Prácticas Agrícolas (BPA) y cómo solucionar los puntos críticos y ‘cuellos de botella’ del proceso productivo. Lambayeque En alianza estratégica con la Gerencia Regional de Agricultura y el programa Sub Sectorial de Irrigaciones-PSI, la sede descentralizada de Sierra Exportadora de Lambayeque capacitó a 70 productores del distrito de Motupe, donde se siembran de manera permanente 2 mil hectáreas de mango y 600 hectáreas de maracuyá, además de maíz, frijol caupí y lenteja de palo (transitoriamente o por campaña). En esta zona, “buscamos ampliar la oferta de cultivos de mayor rentabilidad y con potencial exportador”, señaló por su parte el ingeniero Vicente Zegarra Suárez, jefe del Programa Nacional de Frutales de Sierra Exportadora, quien mencionó a los berries como “las más atractivas frutas del siglo XXI”. “Si bien la campaña 2014-2015 de mango en Lambayeque superó las expectativas del periodo anterior (113 mil 146 toneladas), los productores corren el riesgo de perder la cosecha, debido a los cambios bruscos del clima, pues esta fruta necesita una temperatura por debajo de los 16° para iniciar su floración”, explicó el especialista. De ahí la necesidad de capacitarlos en la mejora de los niveles de fertilización para incrementar su productividad (mango) y también en el manejo integrado de cultivos de palto y uva, a fin de que estas frutas sean adaptadas a los pequeños y medianos agricultores. “Actualmente gran parte de la producción de palto y uva corresponde a las empresas agroindustriales de la zona”, comentó Zegarra. La Libertad El programa de frutales de Sierra Exportadora en esta parte del norte del país, capacitó a un promedio de 150 agricultores, de los cuales la tercera parte son del distrito de Cascas, provincia de Gran Chimú, a quienes se les enseñó sobre el manejo agronómico de uva, cosecha y poscosecha para exportación. En el Valle de Santa Catalina, en Trujillo, los productores fueron capacitados en cosecha y poscosecha para exportación en maracuyá, así como los pasos a seguir para obtener su certificación Global GAP; en tanto, en la provincia de Chepén, la capacitación abordó los mismos puntos, pero en banano orgánico. El año pasado Sierra Exportadora asesoró a la Asociación de Productores Agropecuarios Vitivinícolas “San Gabriel de Cascas” en la implementación de su primer packing de uva de mesa, con capacidad para procesar dos toneladas diarias. Esta producción, más la asistencia técnica y capacitación de Buenas Prácticas Agrícolas y certificación del packing que les otorgó el Senasa, permitirán a los productores de Cascas ampliar su mercado, ya que actualmente el 85% de su producción de uva se exporta al vecino país de Ecuador.",agraria.pe/agronegocios,https://agraria.pe/noticias/sierra-exportadora-inicio-capacitacion-a-productores-10662
2016-03-28,CULTIVOS DE MANGOS ESTÁN SIENDO REEMPLAZADOS POR UVAS,"El mango sigue en auge, pero no con la misma fuerza de crecimiento que en los años pasados debido a que es menos rentable. La variedad Kent es la de mayor demanda por su pulpa.  A pesar de que Perú cuenta con 27.000 hectáreas destinadas a la cosecha del mango, muchas tierras han sido reemplazadas progresivamente por las uvas, teniendo como consecuencia una disminución en la producción de mango en los últimos años, señaló el jefe de Aseguramiento de la Calidad de Procesadora Torre Blanca, Juan Antonio Sono “El mango sigue en auge, pero no con la misma fuerza de crecimiento que en los años pasados. Muchos ‘mangueros’ han empezado también a producir uvas, dado que es un producto con mayor demanda, mayor productividad y es más rentable para los productores”, afirmó al sitio web “Fresh Plaza”. Los mangos Kent son los que tienen mayor demanda, dado que esta variedad tiene mucha pulpa y se puede utilizar tanto para la industria fresca como para la industria de alimentos y bebidas industrializados y congelados “Es un mango más rentable por no tener mucho porcentaje en pérdidas”. Indicó que a pesar de la incertidumbre en la producción actual de mango, producto de las continuas lluvias, Perú pronostica que esta campaña tendrá un aumento en la producción y demanda del producto en su versión fresca en comparación con el 2014. En el 2015 la producción de mangos tuvo un crecimiento del 34%, hasta alcanzar un total de US$ 187 millones. Este producto se exporta a 28 países, destacándose Estados Unidos y los Países Bajos con un 70% de la demanda. “De todas formas, Europa ha sido este año el mercado con mayores beneficios para los exportadores, dado que los precios se han mantenido estables y ha habido gran demanda. Dejó a Estados Unidos atrás por la significativa baja de precios, la cotización del mango en los supermercados estadounidenses osciló entre US$ 0.95 y US$ 1 por pieza”, señaló Sono.",agraria.pe/agronegocios,https://agraria.pe/noticias/cultivos-de-mangos-estan-siendo-reemplazados-10657
2016-03-23,PERÚ NO PUEDE PERMITIR QUE AGROEXPORTACIONES DECAIGAN,"Es necesario que el país sostenga las tasas de crecimiento de las agroexportaciones de los últimos 15 años. Cada cinco años valor de agroexportaciones se duplican.  Las agroexportaciones peruanas han tenido un desarrollo importante en los últimos 15 años. Sin embargo, el 2015 hubo un estancamiento de su crecimiento, lo que no fue obstáculo para que los espárragos, la quinua y los colorantes naturales producidos en el país, logren consolidarse como los más demandados en el mundo, informó la Asociación de Exportadores (ADEX). El gerente general de ADEX, Jorge Rochabrunt, afirmó que para que estos productos mantengan su posición en el exterior, el país no puede permitir que las agroexportaciones decaigan. Al cierre del 2015, las agroexportaciones totales cayeron 0.06% y totalizaron US$ 5.093 millones, debido a que las exportaciones tradicionales de este sector cayeron 18% y las no tradicionales crecieron solo 4%. ""Necesitamos retomar el crecimiento de años anteriores"", precisó. Por su parte, el director de exportaciones de Promperú, Luis Torres, afirmó que el reto de las agroexportaciones es seguir duplicando su crecimiento en los próximos cinco años, pues es un ejercicio que ya se ha hecho antes. En esa misma línea, el asesor de la alta dirección del Ministerio de Agricultura y Riego (Minagri), Guillermo Rebosio, dijo que desde el Estado se busca un sector agroexportador más dinámico y diversificado, para evitar que un solo producto como el café, influya en el resultado total por algún tipo de problema que pueda tener. A nivel mundial, Perú es el segundo exportador de palta y mago frescos, además del espárrago y alcachofas en conserva. También es el tercer exportador mundial de banano orgánico y páprika seca, y ocupa el cuarto lugar en uva de mesa y páprika en polvo. Almuerzo Agroexportador En otro momento, el gerente general de Adex anunció la realización del XVII Almuerzo Agroexportador, que se desarrollará el miércoles 30 de marzo en el Swissotel, en el cual se presentarán los resultados de la campaña agroexportadora del 2015. En esta edición del Almuerzo Agroexportador también se conocerán las propuestas para la agroexportación de los principales partidos políticos que participan en las elecciones generales. Además se contará con la presencia de Robert Unanue, presidente ejecutivo de Goya Foods, una de las empresas de alimentos más grandes del mundo, quién expondrá sobre las tendencias e innovación en el sector alimentos.",agraria.pe/agronegocios,https://agraria.pe/noticias/peru-no-puede-permitir-que-agroexportaciones-10646
2016-03-23,AGROEXPORTACIONES PERUANAS SOLO CRECIERON EN AMÉRICA DEL NORTE EL 2015,"Estados Unidos sigue siendo el principal país destino. Envíos a esta nación sumaron US$ 1.604 millones, es decir 32% del total que ascendió a US$ 5.096 millones.  En el 2015 los envíos peruanos de productos agrarios solo registraron crecimientos en valor en el mercado de América del Norte, mientras que en las demás regiones (América Central, América del Sur, Europa, Asia, África y Oceanía) se presentaron disminuciones. Así lo señaló la Asociación de Exportadores (ADEX), quien destacó que las agroexportaciones hacia Norte América sumaron US$ 1.810 millones, mostrando un crecimiento de 8% respecto al 2014. Explicó que los envíos del agro no tradicional ascendieron a US$ 1.587 millones, registrando un aumento de 10.9%; en tanto que los despachos del agro tradicional alcanzaron los US$ 223 millones, significando una caída de 11.4%. En América Central los despachos agrícolas ascendieron a US$ 195 millones, reflejando una caída de 1%, debido a la disminución de las exportaciones agrarias no tradiciones en 3.2% (US$ 188 millones); sin embargo los envíos agrarios tradicionales aumentaron 274.7% (US$ 7 millones). Las agroexportaciones hacia América del Sur alcanzaron los US$ 647 millones registrando un descenso de 10%, a causa de una caída de 34.4% en los envíos agrarios tradicionales (US$ 45 millones) y una reducción de 7.1% en los despachos agrarios no tradicionales (US$ 602 millones). En Europa, el principal destino de las agroexportaciones procedentes de Perú, el panorama no cambió, ya que los envíos del sector sumaron US$ 1.885 millones, es decir bajaron 1%. Los envíos agrarios tradicionales se redujeron 24% (US$ 352 millones) pero los despachos agrarios no tradicionales aumentaron 6.5% (1.533 millones). Los despachos a Asia de productos agrícolas de Perú ascendieron a US$ 496 millones, registrando un descenso de 4%. En ese sentido, los despachos agrarios tradicionales crecieron 1.13% (US$ 67 millones). Por su parte, los envíos agrarios no tradicionales se redujeron 4.19% (US$ 429 millones). Las agroexportaciones hacia África alcanzaron los US$ 19 millones, mostraron una caída de 42% por la disminución de 48.1% en los envíos agrarios no tradicionales (US$ 17 millones), mientras que los despachos agrarios tradicionales aumentaron 256.6% (US$ 2 millones). En Oceanía, los despachos agrícolas sumaron US$ 39 millones, presentando una reducción de 19% debido a la disminución de las exportaciones agrarias no tradiciones en 21.8% (US$ 33 millones), sin embargo los envío agrarios tradicionales aumentaron 5.2% (US$ 6 millones). Principales países destinos El gremio exportador manifestó que el principal país a donde se dirigieron las agroexportaciones peruanas el 2015 fue Estados Unidos cuyos envíos sumaron US$ 1.604 millones, registrando un aumento de 7% respecto a los US$ 1.496 millones alcanzados el 2014. Los principales productos despachados fueron espárrago, uva, café, palta y quinua. Le siguen Holanda con US$ 658 millones, mostrando un incremento de 13%, siendo los productos más adquiridos palta, uva, cacao, mango y banano. Continúa Alemania con US$ 287 millones (-15%), donde los principales productos colocados fueron café, banano, espárrago, cacao y capsicum. España también entra en la lista con US$ 257 millones (-4%), entre los principales envíos a este país destacan palta, espárragos, pimiento piquillo, alcachofa y mango.",agraria.pe/agronegocios,https://agraria.pe/noticias/agroexportaciones-peruanas-solo-crecieron-10637
